[2026-07-26T06:16:05.988+0000] {processor.py:161} INFO - Started process (PID=16568) to work on /opt/airflow/dags/youtube_pipeline.py
[2026-07-26T06:16:06.205+0000] {processor.py:830} INFO - Processing file /opt/airflow/dags/youtube_pipeline.py for tasks to queue
[2026-07-26T06:16:06.240+0000] {logging_mixin.py:188} INFO - [2026-07-26T06:16:06.239+0000] {dagbag.py:545} INFO - Filling up the DagBag from /opt/airflow/dags/youtube_pipeline.py
[2026-07-26T06:16:08.794+0000] {processor.py:840} INFO - DAG(s) 'youtube_english_video_pipeline' retrieved from /opt/airflow/dags/youtube_pipeline.py
[2026-07-26T06:16:09.480+0000] {logging_mixin.py:188} INFO - [2026-07-26T06:16:09.480+0000] {dag.py:3089} INFO - Sync 1 DAGs
[2026-07-26T06:16:09.573+0000] {logging_mixin.py:188} INFO - [2026-07-26T06:16:09.573+0000] {dag.py:3947} INFO - Setting next_dagrun for youtube_english_video_pipeline to 2026-07-25 12:00:00+00:00, run_after=2026-07-26 12:00:00+00:00
[2026-07-26T06:16:09.757+0000] {processor.py:183} INFO - Processing /opt/airflow/dags/youtube_pipeline.py took 3.929 seconds
[2026-07-26T06:16:40.771+0000] {processor.py:161} INFO - Started process (PID=16597) to work on /opt/airflow/dags/youtube_pipeline.py
[2026-07-26T06:16:40.775+0000] {processor.py:830} INFO - Processing file /opt/airflow/dags/youtube_pipeline.py for tasks to queue
[2026-07-26T06:16:40.777+0000] {logging_mixin.py:188} INFO - [2026-07-26T06:16:40.777+0000] {dagbag.py:545} INFO - Filling up the DagBag from /opt/airflow/dags/youtube_pipeline.py
[2026-07-26T06:16:40.890+0000] {processor.py:840} INFO - DAG(s) 'youtube_english_video_pipeline' retrieved from /opt/airflow/dags/youtube_pipeline.py
[2026-07-26T06:16:40.986+0000] {logging_mixin.py:188} INFO - [2026-07-26T06:16:40.986+0000] {dag.py:3089} INFO - Sync 1 DAGs
[2026-07-26T06:16:41.069+0000] {processor.py:183} INFO - Processing /opt/airflow/dags/youtube_pipeline.py took 0.313 seconds
[2026-07-26T06:17:11.306+0000] {processor.py:161} INFO - Started process (PID=16604) to work on /opt/airflow/dags/youtube_pipeline.py
[2026-07-26T06:17:11.311+0000] {processor.py:830} INFO - Processing file /opt/airflow/dags/youtube_pipeline.py for tasks to queue
[2026-07-26T06:17:11.314+0000] {logging_mixin.py:188} INFO - [2026-07-26T06:17:11.313+0000] {dagbag.py:545} INFO - Filling up the DagBag from /opt/airflow/dags/youtube_pipeline.py
[2026-07-26T06:17:11.425+0000] {processor.py:840} INFO - DAG(s) 'youtube_english_video_pipeline' retrieved from /opt/airflow/dags/youtube_pipeline.py
[2026-07-26T06:17:11.519+0000] {logging_mixin.py:188} INFO - [2026-07-26T06:17:11.518+0000] {dag.py:3089} INFO - Sync 1 DAGs
[2026-07-26T06:17:11.594+0000] {processor.py:183} INFO - Processing /opt/airflow/dags/youtube_pipeline.py took 0.305 seconds
[2026-07-26T06:17:42.011+0000] {processor.py:161} INFO - Started process (PID=16866) to work on /opt/airflow/dags/youtube_pipeline.py
[2026-07-26T06:17:42.017+0000] {processor.py:830} INFO - Processing file /opt/airflow/dags/youtube_pipeline.py for tasks to queue
[2026-07-26T06:17:42.021+0000] {logging_mixin.py:188} INFO - [2026-07-26T06:17:42.020+0000] {dagbag.py:545} INFO - Filling up the DagBag from /opt/airflow/dags/youtube_pipeline.py
[2026-07-26T06:17:42.162+0000] {processor.py:840} INFO - DAG(s) 'youtube_english_video_pipeline' retrieved from /opt/airflow/dags/youtube_pipeline.py
[2026-07-26T06:17:42.243+0000] {logging_mixin.py:188} INFO - [2026-07-26T06:17:42.242+0000] {dag.py:3089} INFO - Sync 1 DAGs
[2026-07-26T06:17:42.299+0000] {processor.py:183} INFO - Processing /opt/airflow/dags/youtube_pipeline.py took 0.316 seconds
[2026-07-26T06:18:12.542+0000] {processor.py:161} INFO - Started process (PID=16878) to work on /opt/airflow/dags/youtube_pipeline.py
[2026-07-26T06:18:12.549+0000] {processor.py:830} INFO - Processing file /opt/airflow/dags/youtube_pipeline.py for tasks to queue
[2026-07-26T06:18:12.553+0000] {logging_mixin.py:188} INFO - [2026-07-26T06:18:12.552+0000] {dagbag.py:545} INFO - Filling up the DagBag from /opt/airflow/dags/youtube_pipeline.py
[2026-07-26T06:18:12.674+0000] {processor.py:840} INFO - DAG(s) 'youtube_english_video_pipeline' retrieved from /opt/airflow/dags/youtube_pipeline.py
[2026-07-26T06:18:12.754+0000] {logging_mixin.py:188} INFO - [2026-07-26T06:18:12.754+0000] {dag.py:3089} INFO - Sync 1 DAGs
[2026-07-26T06:18:12.829+0000] {processor.py:183} INFO - Processing /opt/airflow/dags/youtube_pipeline.py took 0.310 seconds
[2026-07-26T06:18:43.138+0000] {processor.py:161} INFO - Started process (PID=17635) to work on /opt/airflow/dags/youtube_pipeline.py
[2026-07-26T06:18:43.141+0000] {processor.py:830} INFO - Processing file /opt/airflow/dags/youtube_pipeline.py for tasks to queue
[2026-07-26T06:18:43.144+0000] {logging_mixin.py:188} INFO - [2026-07-26T06:18:43.143+0000] {dagbag.py:545} INFO - Filling up the DagBag from /opt/airflow/dags/youtube_pipeline.py
[2026-07-26T06:18:43.244+0000] {processor.py:840} INFO - DAG(s) 'youtube_english_video_pipeline' retrieved from /opt/airflow/dags/youtube_pipeline.py
[2026-07-26T06:18:43.329+0000] {logging_mixin.py:188} INFO - [2026-07-26T06:18:43.328+0000] {dag.py:3089} INFO - Sync 1 DAGs
[2026-07-26T06:18:43.403+0000] {processor.py:183} INFO - Processing /opt/airflow/dags/youtube_pipeline.py took 0.287 seconds
[2026-07-26T06:19:13.697+0000] {processor.py:161} INFO - Started process (PID=18399) to work on /opt/airflow/dags/youtube_pipeline.py
[2026-07-26T06:19:13.700+0000] {processor.py:830} INFO - Processing file /opt/airflow/dags/youtube_pipeline.py for tasks to queue
[2026-07-26T06:19:13.703+0000] {logging_mixin.py:188} INFO - [2026-07-26T06:19:13.703+0000] {dagbag.py:545} INFO - Filling up the DagBag from /opt/airflow/dags/youtube_pipeline.py
[2026-07-26T06:19:13.769+0000] {processor.py:840} INFO - DAG(s) 'youtube_english_video_pipeline' retrieved from /opt/airflow/dags/youtube_pipeline.py
[2026-07-26T06:19:13.829+0000] {logging_mixin.py:188} INFO - [2026-07-26T06:19:13.828+0000] {dag.py:3089} INFO - Sync 1 DAGs
[2026-07-26T06:19:13.877+0000] {processor.py:183} INFO - Processing /opt/airflow/dags/youtube_pipeline.py took 0.194 seconds
[2026-07-26T06:19:44.229+0000] {processor.py:161} INFO - Started process (PID=19306) to work on /opt/airflow/dags/youtube_pipeline.py
[2026-07-26T06:19:44.231+0000] {processor.py:830} INFO - Processing file /opt/airflow/dags/youtube_pipeline.py for tasks to queue
[2026-07-26T06:19:44.233+0000] {logging_mixin.py:188} INFO - [2026-07-26T06:19:44.232+0000] {dagbag.py:545} INFO - Filling up the DagBag from /opt/airflow/dags/youtube_pipeline.py
[2026-07-26T06:19:44.298+0000] {processor.py:840} INFO - DAG(s) 'youtube_english_video_pipeline' retrieved from /opt/airflow/dags/youtube_pipeline.py
[2026-07-26T06:19:44.361+0000] {logging_mixin.py:188} INFO - [2026-07-26T06:19:44.361+0000] {dag.py:3089} INFO - Sync 1 DAGs
[2026-07-26T06:19:44.424+0000] {processor.py:183} INFO - Processing /opt/airflow/dags/youtube_pipeline.py took 0.207 seconds
[2026-07-26T06:20:14.991+0000] {processor.py:161} INFO - Started process (PID=19692) to work on /opt/airflow/dags/youtube_pipeline.py
[2026-07-26T06:20:14.996+0000] {processor.py:830} INFO - Processing file /opt/airflow/dags/youtube_pipeline.py for tasks to queue
[2026-07-26T06:20:14.998+0000] {logging_mixin.py:188} INFO - [2026-07-26T06:20:14.997+0000] {dagbag.py:545} INFO - Filling up the DagBag from /opt/airflow/dags/youtube_pipeline.py
[2026-07-26T06:20:15.184+0000] {processor.py:840} INFO - DAG(s) 'youtube_english_video_pipeline' retrieved from /opt/airflow/dags/youtube_pipeline.py
[2026-07-26T06:20:15.352+0000] {logging_mixin.py:188} INFO - [2026-07-26T06:20:15.351+0000] {dag.py:3089} INFO - Sync 1 DAGs
[2026-07-26T06:20:15.497+0000] {processor.py:183} INFO - Processing /opt/airflow/dags/youtube_pipeline.py took 0.574 seconds
[2026-07-26T06:20:45.927+0000] {processor.py:161} INFO - Started process (PID=19723) to work on /opt/airflow/dags/youtube_pipeline.py
[2026-07-26T06:20:45.929+0000] {processor.py:830} INFO - Processing file /opt/airflow/dags/youtube_pipeline.py for tasks to queue
[2026-07-26T06:20:45.930+0000] {logging_mixin.py:188} INFO - [2026-07-26T06:20:45.930+0000] {dagbag.py:545} INFO - Filling up the DagBag from /opt/airflow/dags/youtube_pipeline.py
[2026-07-26T06:20:46.013+0000] {processor.py:840} INFO - DAG(s) 'youtube_english_video_pipeline' retrieved from /opt/airflow/dags/youtube_pipeline.py
[2026-07-26T06:20:46.080+0000] {logging_mixin.py:188} INFO - [2026-07-26T06:20:46.080+0000] {dag.py:3089} INFO - Sync 1 DAGs
[2026-07-26T06:20:46.139+0000] {processor.py:183} INFO - Processing /opt/airflow/dags/youtube_pipeline.py took 0.227 seconds
[2026-07-26T06:21:16.409+0000] {processor.py:161} INFO - Started process (PID=19985) to work on /opt/airflow/dags/youtube_pipeline.py
[2026-07-26T06:21:16.412+0000] {processor.py:830} INFO - Processing file /opt/airflow/dags/youtube_pipeline.py for tasks to queue
[2026-07-26T06:21:16.414+0000] {logging_mixin.py:188} INFO - [2026-07-26T06:21:16.413+0000] {dagbag.py:545} INFO - Filling up the DagBag from /opt/airflow/dags/youtube_pipeline.py
[2026-07-26T06:21:16.489+0000] {processor.py:840} INFO - DAG(s) 'youtube_english_video_pipeline' retrieved from /opt/airflow/dags/youtube_pipeline.py
[2026-07-26T06:21:16.546+0000] {logging_mixin.py:188} INFO - [2026-07-26T06:21:16.546+0000] {dag.py:3089} INFO - Sync 1 DAGs
[2026-07-26T06:21:16.595+0000] {processor.py:183} INFO - Processing /opt/airflow/dags/youtube_pipeline.py took 0.198 seconds
[2026-07-26T06:21:46.862+0000] {processor.py:161} INFO - Started process (PID=20749) to work on /opt/airflow/dags/youtube_pipeline.py
[2026-07-26T06:21:46.866+0000] {processor.py:830} INFO - Processing file /opt/airflow/dags/youtube_pipeline.py for tasks to queue
[2026-07-26T06:21:46.869+0000] {logging_mixin.py:188} INFO - [2026-07-26T06:21:46.868+0000] {dagbag.py:545} INFO - Filling up the DagBag from /opt/airflow/dags/youtube_pipeline.py
[2026-07-26T06:21:46.919+0000] {processor.py:840} INFO - DAG(s) 'youtube_english_video_pipeline' retrieved from /opt/airflow/dags/youtube_pipeline.py
[2026-07-26T06:21:46.991+0000] {logging_mixin.py:188} INFO - [2026-07-26T06:21:46.990+0000] {dag.py:3089} INFO - Sync 1 DAGs
[2026-07-26T06:21:47.046+0000] {processor.py:183} INFO - Processing /opt/airflow/dags/youtube_pipeline.py took 0.195 seconds
[2026-07-26T06:22:17.397+0000] {processor.py:161} INFO - Started process (PID=21660) to work on /opt/airflow/dags/youtube_pipeline.py
[2026-07-26T06:22:17.398+0000] {processor.py:830} INFO - Processing file /opt/airflow/dags/youtube_pipeline.py for tasks to queue
[2026-07-26T06:22:17.400+0000] {logging_mixin.py:188} INFO - [2026-07-26T06:22:17.399+0000] {dagbag.py:545} INFO - Filling up the DagBag from /opt/airflow/dags/youtube_pipeline.py
[2026-07-26T06:22:17.457+0000] {processor.py:840} INFO - DAG(s) 'youtube_english_video_pipeline' retrieved from /opt/airflow/dags/youtube_pipeline.py
[2026-07-26T06:22:17.503+0000] {logging_mixin.py:188} INFO - [2026-07-26T06:22:17.503+0000] {dag.py:3089} INFO - Sync 1 DAGs
[2026-07-26T06:22:17.548+0000] {processor.py:183} INFO - Processing /opt/airflow/dags/youtube_pipeline.py took 0.165 seconds
[2026-07-26T06:22:47.673+0000] {processor.py:161} INFO - Started process (PID=22436) to work on /opt/airflow/dags/youtube_pipeline.py
[2026-07-26T06:22:47.675+0000] {processor.py:830} INFO - Processing file /opt/airflow/dags/youtube_pipeline.py for tasks to queue
[2026-07-26T06:22:47.679+0000] {logging_mixin.py:188} INFO - [2026-07-26T06:22:47.678+0000] {dagbag.py:545} INFO - Filling up the DagBag from /opt/airflow/dags/youtube_pipeline.py
[2026-07-26T06:22:47.732+0000] {processor.py:840} INFO - DAG(s) 'youtube_english_video_pipeline' retrieved from /opt/airflow/dags/youtube_pipeline.py
[2026-07-26T06:22:47.798+0000] {logging_mixin.py:188} INFO - [2026-07-26T06:22:47.798+0000] {dag.py:3089} INFO - Sync 1 DAGs
[2026-07-26T06:22:47.889+0000] {processor.py:183} INFO - Processing /opt/airflow/dags/youtube_pipeline.py took 0.230 seconds
[2026-07-26T06:23:18.035+0000] {processor.py:161} INFO - Started process (PID=23124) to work on /opt/airflow/dags/youtube_pipeline.py
[2026-07-26T06:23:18.037+0000] {processor.py:830} INFO - Processing file /opt/airflow/dags/youtube_pipeline.py for tasks to queue
[2026-07-26T06:23:18.040+0000] {logging_mixin.py:188} INFO - [2026-07-26T06:23:18.040+0000] {dagbag.py:545} INFO - Filling up the DagBag from /opt/airflow/dags/youtube_pipeline.py
[2026-07-26T06:23:18.104+0000] {processor.py:840} INFO - DAG(s) 'youtube_english_video_pipeline' retrieved from /opt/airflow/dags/youtube_pipeline.py
[2026-07-26T06:23:18.175+0000] {logging_mixin.py:188} INFO - [2026-07-26T06:23:18.174+0000] {dag.py:3089} INFO - Sync 1 DAGs
[2026-07-26T06:23:18.253+0000] {processor.py:183} INFO - Processing /opt/airflow/dags/youtube_pipeline.py took 0.229 seconds
[2026-07-26T06:23:48.421+0000] {processor.py:161} INFO - Started process (PID=23155) to work on /opt/airflow/dags/youtube_pipeline.py
[2026-07-26T06:23:48.423+0000] {processor.py:830} INFO - Processing file /opt/airflow/dags/youtube_pipeline.py for tasks to queue
[2026-07-26T06:23:48.424+0000] {logging_mixin.py:188} INFO - [2026-07-26T06:23:48.424+0000] {dagbag.py:545} INFO - Filling up the DagBag from /opt/airflow/dags/youtube_pipeline.py
[2026-07-26T06:23:48.480+0000] {processor.py:840} INFO - DAG(s) 'youtube_english_video_pipeline' retrieved from /opt/airflow/dags/youtube_pipeline.py
[2026-07-26T06:23:48.530+0000] {logging_mixin.py:188} INFO - [2026-07-26T06:23:48.530+0000] {dag.py:3089} INFO - Sync 1 DAGs
[2026-07-26T06:23:48.577+0000] {processor.py:183} INFO - Processing /opt/airflow/dags/youtube_pipeline.py took 0.166 seconds
[2026-07-26T06:24:18.799+0000] {processor.py:161} INFO - Started process (PID=23419) to work on /opt/airflow/dags/youtube_pipeline.py
[2026-07-26T06:24:18.800+0000] {processor.py:830} INFO - Processing file /opt/airflow/dags/youtube_pipeline.py for tasks to queue
[2026-07-26T06:24:18.801+0000] {logging_mixin.py:188} INFO - [2026-07-26T06:24:18.800+0000] {dagbag.py:545} INFO - Filling up the DagBag from /opt/airflow/dags/youtube_pipeline.py
[2026-07-26T06:24:18.826+0000] {processor.py:840} INFO - DAG(s) 'youtube_english_video_pipeline' retrieved from /opt/airflow/dags/youtube_pipeline.py
[2026-07-26T06:24:18.870+0000] {logging_mixin.py:188} INFO - [2026-07-26T06:24:18.870+0000] {dag.py:3089} INFO - Sync 1 DAGs
[2026-07-26T06:24:18.912+0000] {processor.py:183} INFO - Processing /opt/airflow/dags/youtube_pipeline.py took 0.120 seconds
[2026-07-26T06:24:49.080+0000] {processor.py:161} INFO - Started process (PID=24181) to work on /opt/airflow/dags/youtube_pipeline.py
[2026-07-26T06:24:49.082+0000] {processor.py:830} INFO - Processing file /opt/airflow/dags/youtube_pipeline.py for tasks to queue
[2026-07-26T06:24:49.084+0000] {logging_mixin.py:188} INFO - [2026-07-26T06:24:49.084+0000] {dagbag.py:545} INFO - Filling up the DagBag from /opt/airflow/dags/youtube_pipeline.py
[2026-07-26T06:24:49.145+0000] {processor.py:840} INFO - DAG(s) 'youtube_english_video_pipeline' retrieved from /opt/airflow/dags/youtube_pipeline.py
[2026-07-26T06:24:49.205+0000] {logging_mixin.py:188} INFO - [2026-07-26T06:24:49.204+0000] {dag.py:3089} INFO - Sync 1 DAGs
[2026-07-26T06:24:49.256+0000] {processor.py:183} INFO - Processing /opt/airflow/dags/youtube_pipeline.py took 0.184 seconds
[2026-07-26T06:25:19.447+0000] {processor.py:161} INFO - Started process (PID=24964) to work on /opt/airflow/dags/youtube_pipeline.py
[2026-07-26T06:25:19.449+0000] {processor.py:830} INFO - Processing file /opt/airflow/dags/youtube_pipeline.py for tasks to queue
[2026-07-26T06:25:19.451+0000] {logging_mixin.py:188} INFO - [2026-07-26T06:25:19.451+0000] {dagbag.py:545} INFO - Filling up the DagBag from /opt/airflow/dags/youtube_pipeline.py
[2026-07-26T06:25:19.503+0000] {processor.py:840} INFO - DAG(s) 'youtube_english_video_pipeline' retrieved from /opt/airflow/dags/youtube_pipeline.py
[2026-07-26T06:25:19.550+0000] {logging_mixin.py:188} INFO - [2026-07-26T06:25:19.550+0000] {dag.py:3089} INFO - Sync 1 DAGs
[2026-07-26T06:25:19.588+0000] {processor.py:183} INFO - Processing /opt/airflow/dags/youtube_pipeline.py took 0.152 seconds
[2026-07-26T06:25:49.848+0000] {processor.py:161} INFO - Started process (PID=25852) to work on /opt/airflow/dags/youtube_pipeline.py
[2026-07-26T06:25:49.850+0000] {processor.py:830} INFO - Processing file /opt/airflow/dags/youtube_pipeline.py for tasks to queue
[2026-07-26T06:25:49.852+0000] {logging_mixin.py:188} INFO - [2026-07-26T06:25:49.852+0000] {dagbag.py:545} INFO - Filling up the DagBag from /opt/airflow/dags/youtube_pipeline.py
[2026-07-26T06:25:49.909+0000] {processor.py:840} INFO - DAG(s) 'youtube_english_video_pipeline' retrieved from /opt/airflow/dags/youtube_pipeline.py
[2026-07-26T06:25:49.969+0000] {logging_mixin.py:188} INFO - [2026-07-26T06:25:49.968+0000] {dag.py:3089} INFO - Sync 1 DAGs
[2026-07-26T06:25:50.031+0000] {processor.py:183} INFO - Processing /opt/airflow/dags/youtube_pipeline.py took 0.190 seconds
[2026-07-26T06:26:20.246+0000] {processor.py:161} INFO - Started process (PID=26540) to work on /opt/airflow/dags/youtube_pipeline.py
[2026-07-26T06:26:20.249+0000] {processor.py:830} INFO - Processing file /opt/airflow/dags/youtube_pipeline.py for tasks to queue
[2026-07-26T06:26:20.251+0000] {logging_mixin.py:188} INFO - [2026-07-26T06:26:20.251+0000] {dagbag.py:545} INFO - Filling up the DagBag from /opt/airflow/dags/youtube_pipeline.py
[2026-07-26T06:26:20.339+0000] {processor.py:840} INFO - DAG(s) 'youtube_english_video_pipeline' retrieved from /opt/airflow/dags/youtube_pipeline.py
[2026-07-26T06:26:20.427+0000] {logging_mixin.py:188} INFO - [2026-07-26T06:26:20.427+0000] {dag.py:3089} INFO - Sync 1 DAGs
[2026-07-26T06:26:20.507+0000] {processor.py:183} INFO - Processing /opt/airflow/dags/youtube_pipeline.py took 0.275 seconds
[2026-07-26T06:26:50.694+0000] {processor.py:161} INFO - Started process (PID=26568) to work on /opt/airflow/dags/youtube_pipeline.py
[2026-07-26T06:26:50.697+0000] {processor.py:830} INFO - Processing file /opt/airflow/dags/youtube_pipeline.py for tasks to queue
[2026-07-26T06:26:50.701+0000] {logging_mixin.py:188} INFO - [2026-07-26T06:26:50.700+0000] {dagbag.py:545} INFO - Filling up the DagBag from /opt/airflow/dags/youtube_pipeline.py
[2026-07-26T06:26:50.833+0000] {processor.py:840} INFO - DAG(s) 'youtube_english_video_pipeline' retrieved from /opt/airflow/dags/youtube_pipeline.py
[2026-07-26T06:26:50.883+0000] {logging_mixin.py:188} INFO - [2026-07-26T06:26:50.883+0000] {dag.py:3089} INFO - Sync 1 DAGs
[2026-07-26T06:26:50.936+0000] {processor.py:183} INFO - Processing /opt/airflow/dags/youtube_pipeline.py took 0.256 seconds
[2026-07-26T06:27:21.053+0000] {processor.py:161} INFO - Started process (PID=26609) to work on /opt/airflow/dags/youtube_pipeline.py
[2026-07-26T06:27:21.055+0000] {processor.py:830} INFO - Processing file /opt/airflow/dags/youtube_pipeline.py for tasks to queue
[2026-07-26T06:27:21.056+0000] {logging_mixin.py:188} INFO - [2026-07-26T06:27:21.056+0000] {dagbag.py:545} INFO - Filling up the DagBag from /opt/airflow/dags/youtube_pipeline.py
[2026-07-26T06:27:21.096+0000] {processor.py:840} INFO - DAG(s) 'youtube_english_video_pipeline' retrieved from /opt/airflow/dags/youtube_pipeline.py
[2026-07-26T06:27:21.170+0000] {logging_mixin.py:188} INFO - [2026-07-26T06:27:21.170+0000] {dag.py:3089} INFO - Sync 1 DAGs
[2026-07-26T06:27:21.212+0000] {processor.py:183} INFO - Processing /opt/airflow/dags/youtube_pipeline.py took 0.166 seconds
[2026-07-26T06:27:51.486+0000] {processor.py:161} INFO - Started process (PID=26878) to work on /opt/airflow/dags/youtube_pipeline.py
[2026-07-26T06:27:51.487+0000] {processor.py:830} INFO - Processing file /opt/airflow/dags/youtube_pipeline.py for tasks to queue
[2026-07-26T06:27:51.488+0000] {logging_mixin.py:188} INFO - [2026-07-26T06:27:51.488+0000] {dagbag.py:545} INFO - Filling up the DagBag from /opt/airflow/dags/youtube_pipeline.py
[2026-07-26T06:27:51.527+0000] {processor.py:840} INFO - DAG(s) 'youtube_english_video_pipeline' retrieved from /opt/airflow/dags/youtube_pipeline.py
[2026-07-26T06:27:51.578+0000] {logging_mixin.py:188} INFO - [2026-07-26T06:27:51.578+0000] {dag.py:3089} INFO - Sync 1 DAGs
[2026-07-26T06:27:51.627+0000] {processor.py:183} INFO - Processing /opt/airflow/dags/youtube_pipeline.py took 0.149 seconds
[2026-07-26T06:28:21.771+0000] {processor.py:161} INFO - Started process (PID=26884) to work on /opt/airflow/dags/youtube_pipeline.py
[2026-07-26T06:28:21.775+0000] {processor.py:830} INFO - Processing file /opt/airflow/dags/youtube_pipeline.py for tasks to queue
[2026-07-26T06:28:21.778+0000] {logging_mixin.py:188} INFO - [2026-07-26T06:28:21.777+0000] {dagbag.py:545} INFO - Filling up the DagBag from /opt/airflow/dags/youtube_pipeline.py
[2026-07-26T06:28:21.835+0000] {processor.py:840} INFO - DAG(s) 'youtube_english_video_pipeline' retrieved from /opt/airflow/dags/youtube_pipeline.py
[2026-07-26T06:28:21.892+0000] {logging_mixin.py:188} INFO - [2026-07-26T06:28:21.891+0000] {dag.py:3089} INFO - Sync 1 DAGs
[2026-07-26T06:28:21.935+0000] {processor.py:183} INFO - Processing /opt/airflow/dags/youtube_pipeline.py took 0.176 seconds
[2026-07-26T06:28:52.180+0000] {processor.py:161} INFO - Started process (PID=26889) to work on /opt/airflow/dags/youtube_pipeline.py
[2026-07-26T06:28:52.182+0000] {processor.py:830} INFO - Processing file /opt/airflow/dags/youtube_pipeline.py for tasks to queue
[2026-07-26T06:28:52.184+0000] {logging_mixin.py:188} INFO - [2026-07-26T06:28:52.184+0000] {dagbag.py:545} INFO - Filling up the DagBag from /opt/airflow/dags/youtube_pipeline.py
[2026-07-26T06:28:52.242+0000] {processor.py:840} INFO - DAG(s) 'youtube_english_video_pipeline' retrieved from /opt/airflow/dags/youtube_pipeline.py
[2026-07-26T06:28:52.290+0000] {logging_mixin.py:188} INFO - [2026-07-26T06:28:52.289+0000] {dag.py:3089} INFO - Sync 1 DAGs
[2026-07-26T06:28:52.343+0000] {processor.py:183} INFO - Processing /opt/airflow/dags/youtube_pipeline.py took 0.170 seconds
[2026-07-26T06:29:22.489+0000] {processor.py:161} INFO - Started process (PID=26894) to work on /opt/airflow/dags/youtube_pipeline.py
[2026-07-26T06:29:22.490+0000] {processor.py:830} INFO - Processing file /opt/airflow/dags/youtube_pipeline.py for tasks to queue
[2026-07-26T06:29:22.492+0000] {logging_mixin.py:188} INFO - [2026-07-26T06:29:22.491+0000] {dagbag.py:545} INFO - Filling up the DagBag from /opt/airflow/dags/youtube_pipeline.py
[2026-07-26T06:29:22.537+0000] {processor.py:840} INFO - DAG(s) 'youtube_english_video_pipeline' retrieved from /opt/airflow/dags/youtube_pipeline.py
[2026-07-26T06:29:22.584+0000] {logging_mixin.py:188} INFO - [2026-07-26T06:29:22.584+0000] {dag.py:3089} INFO - Sync 1 DAGs
[2026-07-26T06:29:22.630+0000] {processor.py:183} INFO - Processing /opt/airflow/dags/youtube_pipeline.py took 0.149 seconds
[2026-07-26T06:29:52.935+0000] {processor.py:161} INFO - Started process (PID=26899) to work on /opt/airflow/dags/youtube_pipeline.py
[2026-07-26T06:29:52.936+0000] {processor.py:830} INFO - Processing file /opt/airflow/dags/youtube_pipeline.py for tasks to queue
[2026-07-26T06:29:52.938+0000] {logging_mixin.py:188} INFO - [2026-07-26T06:29:52.937+0000] {dagbag.py:545} INFO - Filling up the DagBag from /opt/airflow/dags/youtube_pipeline.py
[2026-07-26T06:29:52.991+0000] {processor.py:840} INFO - DAG(s) 'youtube_english_video_pipeline' retrieved from /opt/airflow/dags/youtube_pipeline.py
[2026-07-26T06:29:53.040+0000] {logging_mixin.py:188} INFO - [2026-07-26T06:29:53.040+0000] {dag.py:3089} INFO - Sync 1 DAGs
[2026-07-26T06:29:53.083+0000] {processor.py:183} INFO - Processing /opt/airflow/dags/youtube_pipeline.py took 0.155 seconds
[2026-07-26T06:30:23.239+0000] {processor.py:161} INFO - Started process (PID=26904) to work on /opt/airflow/dags/youtube_pipeline.py
[2026-07-26T06:30:23.241+0000] {processor.py:830} INFO - Processing file /opt/airflow/dags/youtube_pipeline.py for tasks to queue
[2026-07-26T06:30:23.243+0000] {logging_mixin.py:188} INFO - [2026-07-26T06:30:23.243+0000] {dagbag.py:545} INFO - Filling up the DagBag from /opt/airflow/dags/youtube_pipeline.py
[2026-07-26T06:30:23.303+0000] {processor.py:840} INFO - DAG(s) 'youtube_english_video_pipeline' retrieved from /opt/airflow/dags/youtube_pipeline.py
[2026-07-26T06:30:23.358+0000] {logging_mixin.py:188} INFO - [2026-07-26T06:30:23.358+0000] {dag.py:3089} INFO - Sync 1 DAGs
[2026-07-26T06:30:23.408+0000] {processor.py:183} INFO - Processing /opt/airflow/dags/youtube_pipeline.py took 0.179 seconds
[2026-07-26T06:30:53.658+0000] {processor.py:161} INFO - Started process (PID=26909) to work on /opt/airflow/dags/youtube_pipeline.py
[2026-07-26T06:30:53.659+0000] {processor.py:830} INFO - Processing file /opt/airflow/dags/youtube_pipeline.py for tasks to queue
[2026-07-26T06:30:53.661+0000] {logging_mixin.py:188} INFO - [2026-07-26T06:30:53.660+0000] {dagbag.py:545} INFO - Filling up the DagBag from /opt/airflow/dags/youtube_pipeline.py
[2026-07-26T06:30:53.713+0000] {processor.py:840} INFO - DAG(s) 'youtube_english_video_pipeline' retrieved from /opt/airflow/dags/youtube_pipeline.py
[2026-07-26T06:30:53.764+0000] {logging_mixin.py:188} INFO - [2026-07-26T06:30:53.764+0000] {dag.py:3089} INFO - Sync 1 DAGs
[2026-07-26T06:30:53.808+0000] {processor.py:183} INFO - Processing /opt/airflow/dags/youtube_pipeline.py took 0.158 seconds
[2026-07-26T06:31:24.068+0000] {processor.py:161} INFO - Started process (PID=26914) to work on /opt/airflow/dags/youtube_pipeline.py
[2026-07-26T06:31:24.071+0000] {processor.py:830} INFO - Processing file /opt/airflow/dags/youtube_pipeline.py for tasks to queue
[2026-07-26T06:31:24.073+0000] {logging_mixin.py:188} INFO - [2026-07-26T06:31:24.072+0000] {dagbag.py:545} INFO - Filling up the DagBag from /opt/airflow/dags/youtube_pipeline.py
[2026-07-26T06:31:24.127+0000] {processor.py:840} INFO - DAG(s) 'youtube_english_video_pipeline' retrieved from /opt/airflow/dags/youtube_pipeline.py
[2026-07-26T06:31:24.171+0000] {logging_mixin.py:188} INFO - [2026-07-26T06:31:24.171+0000] {dag.py:3089} INFO - Sync 1 DAGs
[2026-07-26T06:31:24.213+0000] {processor.py:183} INFO - Processing /opt/airflow/dags/youtube_pipeline.py took 0.157 seconds
[2026-07-26T06:31:54.329+0000] {processor.py:161} INFO - Started process (PID=26919) to work on /opt/airflow/dags/youtube_pipeline.py
[2026-07-26T06:31:54.330+0000] {processor.py:830} INFO - Processing file /opt/airflow/dags/youtube_pipeline.py for tasks to queue
[2026-07-26T06:31:54.332+0000] {logging_mixin.py:188} INFO - [2026-07-26T06:31:54.331+0000] {dagbag.py:545} INFO - Filling up the DagBag from /opt/airflow/dags/youtube_pipeline.py
[2026-07-26T06:31:54.370+0000] {processor.py:840} INFO - DAG(s) 'youtube_english_video_pipeline' retrieved from /opt/airflow/dags/youtube_pipeline.py
[2026-07-26T06:31:54.454+0000] {logging_mixin.py:188} INFO - [2026-07-26T06:31:54.454+0000] {dag.py:3089} INFO - Sync 1 DAGs
[2026-07-26T06:31:54.511+0000] {processor.py:183} INFO - Processing /opt/airflow/dags/youtube_pipeline.py took 0.191 seconds
[2026-07-26T06:32:24.844+0000] {processor.py:161} INFO - Started process (PID=26924) to work on /opt/airflow/dags/youtube_pipeline.py
[2026-07-26T06:32:24.848+0000] {processor.py:830} INFO - Processing file /opt/airflow/dags/youtube_pipeline.py for tasks to queue
[2026-07-26T06:32:24.853+0000] {logging_mixin.py:188} INFO - [2026-07-26T06:32:24.852+0000] {dagbag.py:545} INFO - Filling up the DagBag from /opt/airflow/dags/youtube_pipeline.py
[2026-07-26T06:32:24.939+0000] {processor.py:840} INFO - DAG(s) 'youtube_english_video_pipeline' retrieved from /opt/airflow/dags/youtube_pipeline.py
[2026-07-26T06:32:24.985+0000] {logging_mixin.py:188} INFO - [2026-07-26T06:32:24.985+0000] {dag.py:3089} INFO - Sync 1 DAGs
[2026-07-26T06:32:25.041+0000] {processor.py:183} INFO - Processing /opt/airflow/dags/youtube_pipeline.py took 0.211 seconds
[2026-07-26T06:32:55.338+0000] {processor.py:161} INFO - Started process (PID=26931) to work on /opt/airflow/dags/youtube_pipeline.py
[2026-07-26T06:32:55.339+0000] {processor.py:830} INFO - Processing file /opt/airflow/dags/youtube_pipeline.py for tasks to queue
[2026-07-26T06:32:55.340+0000] {logging_mixin.py:188} INFO - [2026-07-26T06:32:55.340+0000] {dagbag.py:545} INFO - Filling up the DagBag from /opt/airflow/dags/youtube_pipeline.py
[2026-07-26T06:32:55.384+0000] {processor.py:840} INFO - DAG(s) 'youtube_english_video_pipeline' retrieved from /opt/airflow/dags/youtube_pipeline.py
[2026-07-26T06:32:55.451+0000] {logging_mixin.py:188} INFO - [2026-07-26T06:32:55.451+0000] {dag.py:3089} INFO - Sync 1 DAGs
[2026-07-26T06:32:55.495+0000] {processor.py:183} INFO - Processing /opt/airflow/dags/youtube_pipeline.py took 0.165 seconds
[2026-07-26T06:33:25.630+0000] {processor.py:161} INFO - Started process (PID=26936) to work on /opt/airflow/dags/youtube_pipeline.py
[2026-07-26T06:33:25.632+0000] {processor.py:830} INFO - Processing file /opt/airflow/dags/youtube_pipeline.py for tasks to queue
[2026-07-26T06:33:25.634+0000] {logging_mixin.py:188} INFO - [2026-07-26T06:33:25.633+0000] {dagbag.py:545} INFO - Filling up the DagBag from /opt/airflow/dags/youtube_pipeline.py
[2026-07-26T06:33:25.691+0000] {processor.py:840} INFO - DAG(s) 'youtube_english_video_pipeline' retrieved from /opt/airflow/dags/youtube_pipeline.py
[2026-07-26T06:33:25.747+0000] {logging_mixin.py:188} INFO - [2026-07-26T06:33:25.746+0000] {dag.py:3089} INFO - Sync 1 DAGs
[2026-07-26T06:33:25.800+0000] {processor.py:183} INFO - Processing /opt/airflow/dags/youtube_pipeline.py took 0.179 seconds
[2026-07-26T06:33:56.072+0000] {processor.py:161} INFO - Started process (PID=26941) to work on /opt/airflow/dags/youtube_pipeline.py
[2026-07-26T06:33:56.073+0000] {processor.py:830} INFO - Processing file /opt/airflow/dags/youtube_pipeline.py for tasks to queue
[2026-07-26T06:33:56.075+0000] {logging_mixin.py:188} INFO - [2026-07-26T06:33:56.074+0000] {dagbag.py:545} INFO - Filling up the DagBag from /opt/airflow/dags/youtube_pipeline.py
[2026-07-26T06:33:56.127+0000] {processor.py:840} INFO - DAG(s) 'youtube_english_video_pipeline' retrieved from /opt/airflow/dags/youtube_pipeline.py
[2026-07-26T06:33:56.171+0000] {logging_mixin.py:188} INFO - [2026-07-26T06:33:56.170+0000] {dag.py:3089} INFO - Sync 1 DAGs
[2026-07-26T06:33:56.224+0000] {processor.py:183} INFO - Processing /opt/airflow/dags/youtube_pipeline.py took 0.159 seconds
[2026-07-26T06:34:26.375+0000] {processor.py:161} INFO - Started process (PID=26946) to work on /opt/airflow/dags/youtube_pipeline.py
[2026-07-26T06:34:26.377+0000] {processor.py:830} INFO - Processing file /opt/airflow/dags/youtube_pipeline.py for tasks to queue
[2026-07-26T06:34:26.378+0000] {logging_mixin.py:188} INFO - [2026-07-26T06:34:26.378+0000] {dagbag.py:545} INFO - Filling up the DagBag from /opt/airflow/dags/youtube_pipeline.py
[2026-07-26T06:34:26.431+0000] {processor.py:840} INFO - DAG(s) 'youtube_english_video_pipeline' retrieved from /opt/airflow/dags/youtube_pipeline.py
[2026-07-26T06:34:26.480+0000] {logging_mixin.py:188} INFO - [2026-07-26T06:34:26.480+0000] {dag.py:3089} INFO - Sync 1 DAGs
[2026-07-26T06:34:26.542+0000] {processor.py:183} INFO - Processing /opt/airflow/dags/youtube_pipeline.py took 0.176 seconds
[2026-07-26T06:34:56.800+0000] {processor.py:161} INFO - Started process (PID=26951) to work on /opt/airflow/dags/youtube_pipeline.py
[2026-07-26T06:34:56.802+0000] {processor.py:830} INFO - Processing file /opt/airflow/dags/youtube_pipeline.py for tasks to queue
[2026-07-26T06:34:56.803+0000] {logging_mixin.py:188} INFO - [2026-07-26T06:34:56.803+0000] {dagbag.py:545} INFO - Filling up the DagBag from /opt/airflow/dags/youtube_pipeline.py
[2026-07-26T06:34:56.855+0000] {processor.py:840} INFO - DAG(s) 'youtube_english_video_pipeline' retrieved from /opt/airflow/dags/youtube_pipeline.py
[2026-07-26T06:34:56.900+0000] {logging_mixin.py:188} INFO - [2026-07-26T06:34:56.899+0000] {dag.py:3089} INFO - Sync 1 DAGs
[2026-07-26T06:34:56.953+0000] {processor.py:183} INFO - Processing /opt/airflow/dags/youtube_pipeline.py took 0.162 seconds
[2026-07-26T06:35:27.144+0000] {processor.py:161} INFO - Started process (PID=26956) to work on /opt/airflow/dags/youtube_pipeline.py
[2026-07-26T06:35:27.145+0000] {processor.py:830} INFO - Processing file /opt/airflow/dags/youtube_pipeline.py for tasks to queue
[2026-07-26T06:35:27.146+0000] {logging_mixin.py:188} INFO - [2026-07-26T06:35:27.146+0000] {dagbag.py:545} INFO - Filling up the DagBag from /opt/airflow/dags/youtube_pipeline.py
[2026-07-26T06:35:27.199+0000] {processor.py:840} INFO - DAG(s) 'youtube_english_video_pipeline' retrieved from /opt/airflow/dags/youtube_pipeline.py
[2026-07-26T06:35:27.246+0000] {logging_mixin.py:188} INFO - [2026-07-26T06:35:27.245+0000] {dag.py:3089} INFO - Sync 1 DAGs
[2026-07-26T06:35:27.287+0000] {processor.py:183} INFO - Processing /opt/airflow/dags/youtube_pipeline.py took 0.152 seconds
[2026-07-26T06:35:57.528+0000] {processor.py:161} INFO - Started process (PID=26961) to work on /opt/airflow/dags/youtube_pipeline.py
[2026-07-26T06:35:57.529+0000] {processor.py:830} INFO - Processing file /opt/airflow/dags/youtube_pipeline.py for tasks to queue
[2026-07-26T06:35:57.531+0000] {logging_mixin.py:188} INFO - [2026-07-26T06:35:57.530+0000] {dagbag.py:545} INFO - Filling up the DagBag from /opt/airflow/dags/youtube_pipeline.py
[2026-07-26T06:35:57.579+0000] {processor.py:840} INFO - DAG(s) 'youtube_english_video_pipeline' retrieved from /opt/airflow/dags/youtube_pipeline.py
[2026-07-26T06:35:57.635+0000] {logging_mixin.py:188} INFO - [2026-07-26T06:35:57.635+0000] {dag.py:3089} INFO - Sync 1 DAGs
[2026-07-26T06:35:57.674+0000] {processor.py:183} INFO - Processing /opt/airflow/dags/youtube_pipeline.py took 0.154 seconds
[2026-07-26T06:36:27.910+0000] {processor.py:161} INFO - Started process (PID=26966) to work on /opt/airflow/dags/youtube_pipeline.py
[2026-07-26T06:36:27.912+0000] {processor.py:830} INFO - Processing file /opt/airflow/dags/youtube_pipeline.py for tasks to queue
[2026-07-26T06:36:27.913+0000] {logging_mixin.py:188} INFO - [2026-07-26T06:36:27.913+0000] {dagbag.py:545} INFO - Filling up the DagBag from /opt/airflow/dags/youtube_pipeline.py
[2026-07-26T06:36:27.964+0000] {processor.py:840} INFO - DAG(s) 'youtube_english_video_pipeline' retrieved from /opt/airflow/dags/youtube_pipeline.py
[2026-07-26T06:36:28.014+0000] {logging_mixin.py:188} INFO - [2026-07-26T06:36:28.014+0000] {dag.py:3089} INFO - Sync 1 DAGs
[2026-07-26T06:36:28.062+0000] {processor.py:183} INFO - Processing /opt/airflow/dags/youtube_pipeline.py took 0.160 seconds
[2026-07-26T06:36:58.695+0000] {processor.py:161} INFO - Started process (PID=26971) to work on /opt/airflow/dags/youtube_pipeline.py
[2026-07-26T06:36:58.697+0000] {processor.py:830} INFO - Processing file /opt/airflow/dags/youtube_pipeline.py for tasks to queue
[2026-07-26T06:36:58.698+0000] {logging_mixin.py:188} INFO - [2026-07-26T06:36:58.698+0000] {dagbag.py:545} INFO - Filling up the DagBag from /opt/airflow/dags/youtube_pipeline.py
[2026-07-26T06:36:58.750+0000] {processor.py:840} INFO - DAG(s) 'youtube_english_video_pipeline' retrieved from /opt/airflow/dags/youtube_pipeline.py
[2026-07-26T06:36:58.797+0000] {logging_mixin.py:188} INFO - [2026-07-26T06:36:58.797+0000] {dag.py:3089} INFO - Sync 1 DAGs
[2026-07-26T06:36:58.834+0000] {processor.py:183} INFO - Processing /opt/airflow/dags/youtube_pipeline.py took 0.147 seconds
[2026-07-26T06:37:28.981+0000] {processor.py:161} INFO - Started process (PID=26976) to work on /opt/airflow/dags/youtube_pipeline.py
[2026-07-26T06:37:28.983+0000] {processor.py:830} INFO - Processing file /opt/airflow/dags/youtube_pipeline.py for tasks to queue
[2026-07-26T06:37:28.984+0000] {logging_mixin.py:188} INFO - [2026-07-26T06:37:28.983+0000] {dagbag.py:545} INFO - Filling up the DagBag from /opt/airflow/dags/youtube_pipeline.py
[2026-07-26T06:37:29.035+0000] {processor.py:840} INFO - DAG(s) 'youtube_english_video_pipeline' retrieved from /opt/airflow/dags/youtube_pipeline.py
[2026-07-26T06:37:29.080+0000] {logging_mixin.py:188} INFO - [2026-07-26T06:37:29.080+0000] {dag.py:3089} INFO - Sync 1 DAGs
[2026-07-26T06:37:29.117+0000] {processor.py:183} INFO - Processing /opt/airflow/dags/youtube_pipeline.py took 0.144 seconds
[2026-07-26T06:37:59.524+0000] {processor.py:161} INFO - Started process (PID=26983) to work on /opt/airflow/dags/youtube_pipeline.py
[2026-07-26T06:37:59.528+0000] {processor.py:830} INFO - Processing file /opt/airflow/dags/youtube_pipeline.py for tasks to queue
[2026-07-26T06:37:59.530+0000] {logging_mixin.py:188} INFO - [2026-07-26T06:37:59.529+0000] {dagbag.py:545} INFO - Filling up the DagBag from /opt/airflow/dags/youtube_pipeline.py
[2026-07-26T06:37:59.694+0000] {processor.py:840} INFO - DAG(s) 'youtube_english_video_pipeline' retrieved from /opt/airflow/dags/youtube_pipeline.py
[2026-07-26T06:37:59.742+0000] {logging_mixin.py:188} INFO - [2026-07-26T06:37:59.742+0000] {dag.py:3089} INFO - Sync 1 DAGs
[2026-07-26T06:37:59.788+0000] {processor.py:183} INFO - Processing /opt/airflow/dags/youtube_pipeline.py took 0.278 seconds
[2026-07-26T06:38:30.127+0000] {processor.py:161} INFO - Started process (PID=26988) to work on /opt/airflow/dags/youtube_pipeline.py
[2026-07-26T06:38:30.128+0000] {processor.py:830} INFO - Processing file /opt/airflow/dags/youtube_pipeline.py for tasks to queue
[2026-07-26T06:38:30.130+0000] {logging_mixin.py:188} INFO - [2026-07-26T06:38:30.129+0000] {dagbag.py:545} INFO - Filling up the DagBag from /opt/airflow/dags/youtube_pipeline.py
[2026-07-26T06:38:30.184+0000] {processor.py:840} INFO - DAG(s) 'youtube_english_video_pipeline' retrieved from /opt/airflow/dags/youtube_pipeline.py
[2026-07-26T06:38:30.229+0000] {logging_mixin.py:188} INFO - [2026-07-26T06:38:30.229+0000] {dag.py:3089} INFO - Sync 1 DAGs
[2026-07-26T06:38:30.262+0000] {logging_mixin.py:188} INFO - [2026-07-26T06:38:30.261+0000] {dag.py:3947} INFO - Setting next_dagrun for youtube_english_video_pipeline to 2026-07-25 12:00:00+00:00, run_after=2026-07-26 12:00:00+00:00
[2026-07-26T06:38:30.284+0000] {processor.py:183} INFO - Processing /opt/airflow/dags/youtube_pipeline.py took 0.167 seconds
[2026-07-26T06:39:00.393+0000] {processor.py:161} INFO - Started process (PID=26993) to work on /opt/airflow/dags/youtube_pipeline.py
[2026-07-26T06:39:00.395+0000] {processor.py:830} INFO - Processing file /opt/airflow/dags/youtube_pipeline.py for tasks to queue
[2026-07-26T06:39:00.396+0000] {logging_mixin.py:188} INFO - [2026-07-26T06:39:00.396+0000] {dagbag.py:545} INFO - Filling up the DagBag from /opt/airflow/dags/youtube_pipeline.py
[2026-07-26T06:39:00.449+0000] {processor.py:840} INFO - DAG(s) 'youtube_english_video_pipeline' retrieved from /opt/airflow/dags/youtube_pipeline.py
[2026-07-26T06:39:00.504+0000] {logging_mixin.py:188} INFO - [2026-07-26T06:39:00.504+0000] {dag.py:3089} INFO - Sync 1 DAGs
[2026-07-26T06:39:00.529+0000] {logging_mixin.py:188} INFO - [2026-07-26T06:39:00.529+0000] {dag.py:3947} INFO - Setting next_dagrun for youtube_english_video_pipeline to 2026-07-25 12:00:00+00:00, run_after=2026-07-26 12:00:00+00:00
[2026-07-26T06:39:00.551+0000] {processor.py:183} INFO - Processing /opt/airflow/dags/youtube_pipeline.py took 0.169 seconds
[2026-07-26T06:39:30.860+0000] {processor.py:161} INFO - Started process (PID=26998) to work on /opt/airflow/dags/youtube_pipeline.py
[2026-07-26T06:39:30.862+0000] {processor.py:830} INFO - Processing file /opt/airflow/dags/youtube_pipeline.py for tasks to queue
[2026-07-26T06:39:30.863+0000] {logging_mixin.py:188} INFO - [2026-07-26T06:39:30.863+0000] {dagbag.py:545} INFO - Filling up the DagBag from /opt/airflow/dags/youtube_pipeline.py
[2026-07-26T06:39:30.924+0000] {processor.py:840} INFO - DAG(s) 'youtube_english_video_pipeline' retrieved from /opt/airflow/dags/youtube_pipeline.py
[2026-07-26T06:39:30.979+0000] {logging_mixin.py:188} INFO - [2026-07-26T06:39:30.979+0000] {dag.py:3089} INFO - Sync 1 DAGs
[2026-07-26T06:39:31.002+0000] {logging_mixin.py:188} INFO - [2026-07-26T06:39:31.002+0000] {dag.py:3947} INFO - Setting next_dagrun for youtube_english_video_pipeline to 2026-07-25 12:00:00+00:00, run_after=2026-07-26 12:00:00+00:00
[2026-07-26T06:39:31.026+0000] {processor.py:183} INFO - Processing /opt/airflow/dags/youtube_pipeline.py took 0.174 seconds
[2026-07-26T06:40:01.142+0000] {processor.py:161} INFO - Started process (PID=27003) to work on /opt/airflow/dags/youtube_pipeline.py
[2026-07-26T06:40:01.144+0000] {processor.py:830} INFO - Processing file /opt/airflow/dags/youtube_pipeline.py for tasks to queue
[2026-07-26T06:40:01.145+0000] {logging_mixin.py:188} INFO - [2026-07-26T06:40:01.145+0000] {dagbag.py:545} INFO - Filling up the DagBag from /opt/airflow/dags/youtube_pipeline.py
[2026-07-26T06:40:01.202+0000] {processor.py:840} INFO - DAG(s) 'youtube_english_video_pipeline' retrieved from /opt/airflow/dags/youtube_pipeline.py
[2026-07-26T06:40:01.258+0000] {logging_mixin.py:188} INFO - [2026-07-26T06:40:01.258+0000] {dag.py:3089} INFO - Sync 1 DAGs
[2026-07-26T06:40:01.282+0000] {logging_mixin.py:188} INFO - [2026-07-26T06:40:01.281+0000] {dag.py:3947} INFO - Setting next_dagrun for youtube_english_video_pipeline to 2026-07-25 12:00:00+00:00, run_after=2026-07-26 12:00:00+00:00
[2026-07-26T06:40:01.305+0000] {processor.py:183} INFO - Processing /opt/airflow/dags/youtube_pipeline.py took 0.172 seconds
[2026-07-26T06:40:31.649+0000] {processor.py:161} INFO - Started process (PID=27008) to work on /opt/airflow/dags/youtube_pipeline.py
[2026-07-26T06:40:31.651+0000] {processor.py:830} INFO - Processing file /opt/airflow/dags/youtube_pipeline.py for tasks to queue
[2026-07-26T06:40:31.652+0000] {logging_mixin.py:188} INFO - [2026-07-26T06:40:31.652+0000] {dagbag.py:545} INFO - Filling up the DagBag from /opt/airflow/dags/youtube_pipeline.py
[2026-07-26T06:40:31.702+0000] {processor.py:840} INFO - DAG(s) 'youtube_english_video_pipeline' retrieved from /opt/airflow/dags/youtube_pipeline.py
[2026-07-26T06:40:31.747+0000] {logging_mixin.py:188} INFO - [2026-07-26T06:40:31.747+0000] {dag.py:3089} INFO - Sync 1 DAGs
[2026-07-26T06:40:31.768+0000] {logging_mixin.py:188} INFO - [2026-07-26T06:40:31.768+0000] {dag.py:3947} INFO - Setting next_dagrun for youtube_english_video_pipeline to 2026-07-25 12:00:00+00:00, run_after=2026-07-26 12:00:00+00:00
[2026-07-26T06:40:31.798+0000] {processor.py:183} INFO - Processing /opt/airflow/dags/youtube_pipeline.py took 0.156 seconds
[2026-07-26T06:41:01.897+0000] {processor.py:161} INFO - Started process (PID=27013) to work on /opt/airflow/dags/youtube_pipeline.py
[2026-07-26T06:41:01.899+0000] {processor.py:830} INFO - Processing file /opt/airflow/dags/youtube_pipeline.py for tasks to queue
[2026-07-26T06:41:01.901+0000] {logging_mixin.py:188} INFO - [2026-07-26T06:41:01.900+0000] {dagbag.py:545} INFO - Filling up the DagBag from /opt/airflow/dags/youtube_pipeline.py
[2026-07-26T06:41:01.950+0000] {processor.py:840} INFO - DAG(s) 'youtube_english_video_pipeline' retrieved from /opt/airflow/dags/youtube_pipeline.py
[2026-07-26T06:41:02.004+0000] {logging_mixin.py:188} INFO - [2026-07-26T06:41:02.004+0000] {dag.py:3089} INFO - Sync 1 DAGs
[2026-07-26T06:41:02.031+0000] {logging_mixin.py:188} INFO - [2026-07-26T06:41:02.030+0000] {dag.py:3947} INFO - Setting next_dagrun for youtube_english_video_pipeline to 2026-07-25 12:00:00+00:00, run_after=2026-07-26 12:00:00+00:00
[2026-07-26T06:41:02.052+0000] {processor.py:183} INFO - Processing /opt/airflow/dags/youtube_pipeline.py took 0.164 seconds
[2026-07-26T06:41:32.454+0000] {processor.py:161} INFO - Started process (PID=27018) to work on /opt/airflow/dags/youtube_pipeline.py
[2026-07-26T06:41:32.456+0000] {processor.py:830} INFO - Processing file /opt/airflow/dags/youtube_pipeline.py for tasks to queue
[2026-07-26T06:41:32.457+0000] {logging_mixin.py:188} INFO - [2026-07-26T06:41:32.457+0000] {dagbag.py:545} INFO - Filling up the DagBag from /opt/airflow/dags/youtube_pipeline.py
[2026-07-26T06:41:32.511+0000] {processor.py:840} INFO - DAG(s) 'youtube_english_video_pipeline' retrieved from /opt/airflow/dags/youtube_pipeline.py
[2026-07-26T06:41:32.560+0000] {logging_mixin.py:188} INFO - [2026-07-26T06:41:32.559+0000] {dag.py:3089} INFO - Sync 1 DAGs
[2026-07-26T06:41:32.582+0000] {logging_mixin.py:188} INFO - [2026-07-26T06:41:32.582+0000] {dag.py:3947} INFO - Setting next_dagrun for youtube_english_video_pipeline to 2026-07-25 12:00:00+00:00, run_after=2026-07-26 12:00:00+00:00
[2026-07-26T06:41:32.605+0000] {processor.py:183} INFO - Processing /opt/airflow/dags/youtube_pipeline.py took 0.160 seconds
[2026-07-26T06:42:02.715+0000] {processor.py:161} INFO - Started process (PID=27023) to work on /opt/airflow/dags/youtube_pipeline.py
[2026-07-26T06:42:02.718+0000] {processor.py:830} INFO - Processing file /opt/airflow/dags/youtube_pipeline.py for tasks to queue
[2026-07-26T06:42:02.719+0000] {logging_mixin.py:188} INFO - [2026-07-26T06:42:02.719+0000] {dagbag.py:545} INFO - Filling up the DagBag from /opt/airflow/dags/youtube_pipeline.py
[2026-07-26T06:42:02.774+0000] {processor.py:840} INFO - DAG(s) 'youtube_english_video_pipeline' retrieved from /opt/airflow/dags/youtube_pipeline.py
[2026-07-26T06:42:02.821+0000] {logging_mixin.py:188} INFO - [2026-07-26T06:42:02.821+0000] {dag.py:3089} INFO - Sync 1 DAGs
[2026-07-26T06:42:02.846+0000] {logging_mixin.py:188} INFO - [2026-07-26T06:42:02.846+0000] {dag.py:3947} INFO - Setting next_dagrun for youtube_english_video_pipeline to 2026-07-25 12:00:00+00:00, run_after=2026-07-26 12:00:00+00:00
[2026-07-26T06:42:02.877+0000] {processor.py:183} INFO - Processing /opt/airflow/dags/youtube_pipeline.py took 0.169 seconds
[2026-07-26T06:42:33.191+0000] {processor.py:161} INFO - Started process (PID=27028) to work on /opt/airflow/dags/youtube_pipeline.py
[2026-07-26T06:42:33.192+0000] {processor.py:830} INFO - Processing file /opt/airflow/dags/youtube_pipeline.py for tasks to queue
[2026-07-26T06:42:33.193+0000] {logging_mixin.py:188} INFO - [2026-07-26T06:42:33.193+0000] {dagbag.py:545} INFO - Filling up the DagBag from /opt/airflow/dags/youtube_pipeline.py
[2026-07-26T06:42:33.250+0000] {processor.py:840} INFO - DAG(s) 'youtube_english_video_pipeline' retrieved from /opt/airflow/dags/youtube_pipeline.py
[2026-07-26T06:42:33.306+0000] {logging_mixin.py:188} INFO - [2026-07-26T06:42:33.306+0000] {dag.py:3089} INFO - Sync 1 DAGs
[2026-07-26T06:42:33.333+0000] {logging_mixin.py:188} INFO - [2026-07-26T06:42:33.333+0000] {dag.py:3947} INFO - Setting next_dagrun for youtube_english_video_pipeline to 2026-07-25 12:00:00+00:00, run_after=2026-07-26 12:00:00+00:00
[2026-07-26T06:42:33.357+0000] {processor.py:183} INFO - Processing /opt/airflow/dags/youtube_pipeline.py took 0.176 seconds
[2026-07-26T06:43:03.554+0000] {processor.py:161} INFO - Started process (PID=27033) to work on /opt/airflow/dags/youtube_pipeline.py
[2026-07-26T06:43:03.556+0000] {processor.py:830} INFO - Processing file /opt/airflow/dags/youtube_pipeline.py for tasks to queue
[2026-07-26T06:43:03.557+0000] {logging_mixin.py:188} INFO - [2026-07-26T06:43:03.557+0000] {dagbag.py:545} INFO - Filling up the DagBag from /opt/airflow/dags/youtube_pipeline.py
[2026-07-26T06:43:03.613+0000] {processor.py:840} INFO - DAG(s) 'youtube_english_video_pipeline' retrieved from /opt/airflow/dags/youtube_pipeline.py
[2026-07-26T06:43:03.661+0000] {logging_mixin.py:188} INFO - [2026-07-26T06:43:03.661+0000] {dag.py:3089} INFO - Sync 1 DAGs
[2026-07-26T06:43:03.682+0000] {logging_mixin.py:188} INFO - [2026-07-26T06:43:03.682+0000] {dag.py:3947} INFO - Setting next_dagrun for youtube_english_video_pipeline to 2026-07-25 12:00:00+00:00, run_after=2026-07-26 12:00:00+00:00
[2026-07-26T06:43:03.714+0000] {processor.py:183} INFO - Processing /opt/airflow/dags/youtube_pipeline.py took 0.168 seconds
[2026-07-26T06:43:33.995+0000] {processor.py:161} INFO - Started process (PID=27038) to work on /opt/airflow/dags/youtube_pipeline.py
[2026-07-26T06:43:33.997+0000] {processor.py:830} INFO - Processing file /opt/airflow/dags/youtube_pipeline.py for tasks to queue
[2026-07-26T06:43:33.998+0000] {logging_mixin.py:188} INFO - [2026-07-26T06:43:33.998+0000] {dagbag.py:545} INFO - Filling up the DagBag from /opt/airflow/dags/youtube_pipeline.py
[2026-07-26T06:43:34.061+0000] {processor.py:840} INFO - DAG(s) 'youtube_english_video_pipeline' retrieved from /opt/airflow/dags/youtube_pipeline.py
[2026-07-26T06:43:34.112+0000] {logging_mixin.py:188} INFO - [2026-07-26T06:43:34.111+0000] {dag.py:3089} INFO - Sync 1 DAGs
[2026-07-26T06:43:34.134+0000] {logging_mixin.py:188} INFO - [2026-07-26T06:43:34.134+0000] {dag.py:3947} INFO - Setting next_dagrun for youtube_english_video_pipeline to 2026-07-25 12:00:00+00:00, run_after=2026-07-26 12:00:00+00:00
[2026-07-26T06:43:34.160+0000] {processor.py:183} INFO - Processing /opt/airflow/dags/youtube_pipeline.py took 0.174 seconds
[2026-07-26T06:44:04.275+0000] {processor.py:161} INFO - Started process (PID=27043) to work on /opt/airflow/dags/youtube_pipeline.py
[2026-07-26T06:44:04.276+0000] {processor.py:830} INFO - Processing file /opt/airflow/dags/youtube_pipeline.py for tasks to queue
[2026-07-26T06:44:04.278+0000] {logging_mixin.py:188} INFO - [2026-07-26T06:44:04.277+0000] {dagbag.py:545} INFO - Filling up the DagBag from /opt/airflow/dags/youtube_pipeline.py
[2026-07-26T06:44:04.325+0000] {processor.py:840} INFO - DAG(s) 'youtube_english_video_pipeline' retrieved from /opt/airflow/dags/youtube_pipeline.py
[2026-07-26T06:44:04.378+0000] {logging_mixin.py:188} INFO - [2026-07-26T06:44:04.378+0000] {dag.py:3089} INFO - Sync 1 DAGs
[2026-07-26T06:44:04.401+0000] {logging_mixin.py:188} INFO - [2026-07-26T06:44:04.401+0000] {dag.py:3947} INFO - Setting next_dagrun for youtube_english_video_pipeline to 2026-07-25 12:00:00+00:00, run_after=2026-07-26 12:00:00+00:00
[2026-07-26T06:44:04.422+0000] {processor.py:183} INFO - Processing /opt/airflow/dags/youtube_pipeline.py took 0.155 seconds
[2026-07-26T06:44:34.755+0000] {processor.py:161} INFO - Started process (PID=27048) to work on /opt/airflow/dags/youtube_pipeline.py
[2026-07-26T06:44:34.757+0000] {processor.py:830} INFO - Processing file /opt/airflow/dags/youtube_pipeline.py for tasks to queue
[2026-07-26T06:44:34.758+0000] {logging_mixin.py:188} INFO - [2026-07-26T06:44:34.757+0000] {dagbag.py:545} INFO - Filling up the DagBag from /opt/airflow/dags/youtube_pipeline.py
[2026-07-26T06:44:34.799+0000] {processor.py:840} INFO - DAG(s) 'youtube_english_video_pipeline' retrieved from /opt/airflow/dags/youtube_pipeline.py
[2026-07-26T06:44:34.847+0000] {logging_mixin.py:188} INFO - [2026-07-26T06:44:34.847+0000] {dag.py:3089} INFO - Sync 1 DAGs
[2026-07-26T06:44:34.882+0000] {logging_mixin.py:188} INFO - [2026-07-26T06:44:34.882+0000] {dag.py:3947} INFO - Setting next_dagrun for youtube_english_video_pipeline to 2026-07-25 12:00:00+00:00, run_after=2026-07-26 12:00:00+00:00
[2026-07-26T06:44:34.914+0000] {processor.py:183} INFO - Processing /opt/airflow/dags/youtube_pipeline.py took 0.168 seconds
[2026-07-26T06:45:05.042+0000] {processor.py:161} INFO - Started process (PID=27053) to work on /opt/airflow/dags/youtube_pipeline.py
[2026-07-26T06:45:05.044+0000] {processor.py:830} INFO - Processing file /opt/airflow/dags/youtube_pipeline.py for tasks to queue
[2026-07-26T06:45:05.045+0000] {logging_mixin.py:188} INFO - [2026-07-26T06:45:05.044+0000] {dagbag.py:545} INFO - Filling up the DagBag from /opt/airflow/dags/youtube_pipeline.py
[2026-07-26T06:45:05.084+0000] {processor.py:840} INFO - DAG(s) 'youtube_english_video_pipeline' retrieved from /opt/airflow/dags/youtube_pipeline.py
[2026-07-26T06:45:05.129+0000] {logging_mixin.py:188} INFO - [2026-07-26T06:45:05.129+0000] {dag.py:3089} INFO - Sync 1 DAGs
[2026-07-26T06:45:05.150+0000] {logging_mixin.py:188} INFO - [2026-07-26T06:45:05.150+0000] {dag.py:3947} INFO - Setting next_dagrun for youtube_english_video_pipeline to 2026-07-25 12:00:00+00:00, run_after=2026-07-26 12:00:00+00:00
[2026-07-26T06:45:05.171+0000] {processor.py:183} INFO - Processing /opt/airflow/dags/youtube_pipeline.py took 0.141 seconds
[2026-07-26T06:45:35.482+0000] {processor.py:161} INFO - Started process (PID=27058) to work on /opt/airflow/dags/youtube_pipeline.py
[2026-07-26T06:45:35.483+0000] {processor.py:830} INFO - Processing file /opt/airflow/dags/youtube_pipeline.py for tasks to queue
[2026-07-26T06:45:35.485+0000] {logging_mixin.py:188} INFO - [2026-07-26T06:45:35.485+0000] {dagbag.py:545} INFO - Filling up the DagBag from /opt/airflow/dags/youtube_pipeline.py
[2026-07-26T06:45:35.538+0000] {processor.py:840} INFO - DAG(s) 'youtube_english_video_pipeline' retrieved from /opt/airflow/dags/youtube_pipeline.py
[2026-07-26T06:45:35.590+0000] {logging_mixin.py:188} INFO - [2026-07-26T06:45:35.590+0000] {dag.py:3089} INFO - Sync 1 DAGs
[2026-07-26T06:45:35.616+0000] {logging_mixin.py:188} INFO - [2026-07-26T06:45:35.616+0000] {dag.py:3947} INFO - Setting next_dagrun for youtube_english_video_pipeline to 2026-07-25 12:00:00+00:00, run_after=2026-07-26 12:00:00+00:00
[2026-07-26T06:45:35.639+0000] {processor.py:183} INFO - Processing /opt/airflow/dags/youtube_pipeline.py took 0.165 seconds
[2026-07-26T06:46:06.215+0000] {processor.py:161} INFO - Started process (PID=27063) to work on /opt/airflow/dags/youtube_pipeline.py
[2026-07-26T06:46:06.218+0000] {processor.py:830} INFO - Processing file /opt/airflow/dags/youtube_pipeline.py for tasks to queue
[2026-07-26T06:46:06.220+0000] {logging_mixin.py:188} INFO - [2026-07-26T06:46:06.220+0000] {dagbag.py:545} INFO - Filling up the DagBag from /opt/airflow/dags/youtube_pipeline.py
[2026-07-26T06:46:06.335+0000] {processor.py:840} INFO - DAG(s) 'youtube_english_video_pipeline' retrieved from /opt/airflow/dags/youtube_pipeline.py
[2026-07-26T06:46:06.393+0000] {logging_mixin.py:188} INFO - [2026-07-26T06:46:06.393+0000] {dag.py:3089} INFO - Sync 1 DAGs
[2026-07-26T06:46:06.419+0000] {logging_mixin.py:188} INFO - [2026-07-26T06:46:06.418+0000] {dag.py:3947} INFO - Setting next_dagrun for youtube_english_video_pipeline to 2026-07-25 12:00:00+00:00, run_after=2026-07-26 12:00:00+00:00
[2026-07-26T06:46:06.452+0000] {processor.py:183} INFO - Processing /opt/airflow/dags/youtube_pipeline.py took 0.247 seconds
[2026-07-26T06:46:36.792+0000] {processor.py:161} INFO - Started process (PID=27068) to work on /opt/airflow/dags/youtube_pipeline.py
[2026-07-26T06:46:36.793+0000] {processor.py:830} INFO - Processing file /opt/airflow/dags/youtube_pipeline.py for tasks to queue
[2026-07-26T06:46:36.795+0000] {logging_mixin.py:188} INFO - [2026-07-26T06:46:36.794+0000] {dagbag.py:545} INFO - Filling up the DagBag from /opt/airflow/dags/youtube_pipeline.py
[2026-07-26T06:46:36.843+0000] {processor.py:840} INFO - DAG(s) 'youtube_english_video_pipeline' retrieved from /opt/airflow/dags/youtube_pipeline.py
[2026-07-26T06:46:36.886+0000] {logging_mixin.py:188} INFO - [2026-07-26T06:46:36.886+0000] {dag.py:3089} INFO - Sync 1 DAGs
[2026-07-26T06:46:36.905+0000] {logging_mixin.py:188} INFO - [2026-07-26T06:46:36.905+0000] {dag.py:3947} INFO - Setting next_dagrun for youtube_english_video_pipeline to 2026-07-25 12:00:00+00:00, run_after=2026-07-26 12:00:00+00:00
[2026-07-26T06:46:36.927+0000] {processor.py:183} INFO - Processing /opt/airflow/dags/youtube_pipeline.py took 0.144 seconds
[2026-07-26T06:47:07.221+0000] {processor.py:161} INFO - Started process (PID=27073) to work on /opt/airflow/dags/youtube_pipeline.py
[2026-07-26T06:47:07.225+0000] {processor.py:830} INFO - Processing file /opt/airflow/dags/youtube_pipeline.py for tasks to queue
[2026-07-26T06:47:07.228+0000] {logging_mixin.py:188} INFO - [2026-07-26T06:47:07.227+0000] {dagbag.py:545} INFO - Filling up the DagBag from /opt/airflow/dags/youtube_pipeline.py
[2026-07-26T06:47:07.400+0000] {processor.py:840} INFO - DAG(s) 'youtube_english_video_pipeline' retrieved from /opt/airflow/dags/youtube_pipeline.py
[2026-07-26T06:47:07.452+0000] {logging_mixin.py:188} INFO - [2026-07-26T06:47:07.452+0000] {dag.py:3089} INFO - Sync 1 DAGs
[2026-07-26T06:47:07.484+0000] {logging_mixin.py:188} INFO - [2026-07-26T06:47:07.484+0000] {dag.py:3947} INFO - Setting next_dagrun for youtube_english_video_pipeline to 2026-07-25 12:00:00+00:00, run_after=2026-07-26 12:00:00+00:00
[2026-07-26T06:47:07.514+0000] {processor.py:183} INFO - Processing /opt/airflow/dags/youtube_pipeline.py took 0.307 seconds
[2026-07-26T06:47:38.216+0000] {processor.py:161} INFO - Started process (PID=27078) to work on /opt/airflow/dags/youtube_pipeline.py
[2026-07-26T06:47:38.224+0000] {processor.py:830} INFO - Processing file /opt/airflow/dags/youtube_pipeline.py for tasks to queue
[2026-07-26T06:47:38.239+0000] {logging_mixin.py:188} INFO - [2026-07-26T06:47:38.238+0000] {dagbag.py:545} INFO - Filling up the DagBag from /opt/airflow/dags/youtube_pipeline.py
[2026-07-26T06:47:38.402+0000] {processor.py:840} INFO - DAG(s) 'youtube_english_video_pipeline' retrieved from /opt/airflow/dags/youtube_pipeline.py
[2026-07-26T06:47:38.469+0000] {logging_mixin.py:188} INFO - [2026-07-26T06:47:38.468+0000] {dag.py:3089} INFO - Sync 1 DAGs
[2026-07-26T06:47:38.516+0000] {logging_mixin.py:188} INFO - [2026-07-26T06:47:38.516+0000] {dag.py:3947} INFO - Setting next_dagrun for youtube_english_video_pipeline to 2026-07-25 12:00:00+00:00, run_after=2026-07-26 12:00:00+00:00
[2026-07-26T06:47:38.567+0000] {processor.py:183} INFO - Processing /opt/airflow/dags/youtube_pipeline.py took 0.383 seconds
[2026-07-26T06:48:08.750+0000] {processor.py:161} INFO - Started process (PID=27083) to work on /opt/airflow/dags/youtube_pipeline.py
[2026-07-26T06:48:08.751+0000] {processor.py:830} INFO - Processing file /opt/airflow/dags/youtube_pipeline.py for tasks to queue
[2026-07-26T06:48:08.752+0000] {logging_mixin.py:188} INFO - [2026-07-26T06:48:08.752+0000] {dagbag.py:545} INFO - Filling up the DagBag from /opt/airflow/dags/youtube_pipeline.py
[2026-07-26T06:48:08.803+0000] {processor.py:840} INFO - DAG(s) 'youtube_english_video_pipeline' retrieved from /opt/airflow/dags/youtube_pipeline.py
[2026-07-26T06:48:08.855+0000] {logging_mixin.py:188} INFO - [2026-07-26T06:48:08.854+0000] {dag.py:3089} INFO - Sync 1 DAGs
[2026-07-26T06:48:08.877+0000] {logging_mixin.py:188} INFO - [2026-07-26T06:48:08.877+0000] {dag.py:3947} INFO - Setting next_dagrun for youtube_english_video_pipeline to 2026-07-25 12:00:00+00:00, run_after=2026-07-26 12:00:00+00:00
[2026-07-26T06:48:08.901+0000] {processor.py:183} INFO - Processing /opt/airflow/dags/youtube_pipeline.py took 0.159 seconds
[2026-07-26T06:48:39.508+0000] {processor.py:161} INFO - Started process (PID=27088) to work on /opt/airflow/dags/youtube_pipeline.py
[2026-07-26T06:48:39.524+0000] {processor.py:830} INFO - Processing file /opt/airflow/dags/youtube_pipeline.py for tasks to queue
[2026-07-26T06:48:39.531+0000] {logging_mixin.py:188} INFO - [2026-07-26T06:48:39.530+0000] {dagbag.py:545} INFO - Filling up the DagBag from /opt/airflow/dags/youtube_pipeline.py
[2026-07-26T06:48:39.704+0000] {processor.py:840} INFO - DAG(s) 'youtube_english_video_pipeline' retrieved from /opt/airflow/dags/youtube_pipeline.py
[2026-07-26T06:48:39.766+0000] {logging_mixin.py:188} INFO - [2026-07-26T06:48:39.766+0000] {dag.py:3089} INFO - Sync 1 DAGs
[2026-07-26T06:48:39.787+0000] {logging_mixin.py:188} INFO - [2026-07-26T06:48:39.787+0000] {dag.py:3947} INFO - Setting next_dagrun for youtube_english_video_pipeline to 2026-07-25 12:00:00+00:00, run_after=2026-07-26 12:00:00+00:00
[2026-07-26T06:48:39.809+0000] {processor.py:183} INFO - Processing /opt/airflow/dags/youtube_pipeline.py took 0.320 seconds
[2026-07-26T06:49:10.183+0000] {processor.py:161} INFO - Started process (PID=27093) to work on /opt/airflow/dags/youtube_pipeline.py
[2026-07-26T06:49:10.185+0000] {processor.py:830} INFO - Processing file /opt/airflow/dags/youtube_pipeline.py for tasks to queue
[2026-07-26T06:49:10.188+0000] {logging_mixin.py:188} INFO - [2026-07-26T06:49:10.187+0000] {dagbag.py:545} INFO - Filling up the DagBag from /opt/airflow/dags/youtube_pipeline.py
[2026-07-26T06:49:10.256+0000] {processor.py:840} INFO - DAG(s) 'youtube_english_video_pipeline' retrieved from /opt/airflow/dags/youtube_pipeline.py
[2026-07-26T06:49:10.304+0000] {logging_mixin.py:188} INFO - [2026-07-26T06:49:10.304+0000] {dag.py:3089} INFO - Sync 1 DAGs
[2026-07-26T06:49:10.328+0000] {logging_mixin.py:188} INFO - [2026-07-26T06:49:10.327+0000] {dag.py:3947} INFO - Setting next_dagrun for youtube_english_video_pipeline to 2026-07-25 12:00:00+00:00, run_after=2026-07-26 12:00:00+00:00
[2026-07-26T06:49:10.349+0000] {processor.py:183} INFO - Processing /opt/airflow/dags/youtube_pipeline.py took 0.176 seconds
[2026-07-26T06:49:40.498+0000] {processor.py:161} INFO - Started process (PID=27098) to work on /opt/airflow/dags/youtube_pipeline.py
[2026-07-26T06:49:40.499+0000] {processor.py:830} INFO - Processing file /opt/airflow/dags/youtube_pipeline.py for tasks to queue
[2026-07-26T06:49:40.502+0000] {logging_mixin.py:188} INFO - [2026-07-26T06:49:40.501+0000] {dagbag.py:545} INFO - Filling up the DagBag from /opt/airflow/dags/youtube_pipeline.py
[2026-07-26T06:49:40.554+0000] {processor.py:840} INFO - DAG(s) 'youtube_english_video_pipeline' retrieved from /opt/airflow/dags/youtube_pipeline.py
[2026-07-26T06:49:40.609+0000] {logging_mixin.py:188} INFO - [2026-07-26T06:49:40.609+0000] {dag.py:3089} INFO - Sync 1 DAGs
[2026-07-26T06:49:40.637+0000] {logging_mixin.py:188} INFO - [2026-07-26T06:49:40.637+0000] {dag.py:3947} INFO - Setting next_dagrun for youtube_english_video_pipeline to 2026-07-25 12:00:00+00:00, run_after=2026-07-26 12:00:00+00:00
[2026-07-26T06:49:40.663+0000] {processor.py:183} INFO - Processing /opt/airflow/dags/youtube_pipeline.py took 0.174 seconds
[2026-07-26T06:50:10.885+0000] {processor.py:161} INFO - Started process (PID=27103) to work on /opt/airflow/dags/youtube_pipeline.py
[2026-07-26T06:50:10.888+0000] {processor.py:830} INFO - Processing file /opt/airflow/dags/youtube_pipeline.py for tasks to queue
[2026-07-26T06:50:10.889+0000] {logging_mixin.py:188} INFO - [2026-07-26T06:50:10.889+0000] {dagbag.py:545} INFO - Filling up the DagBag from /opt/airflow/dags/youtube_pipeline.py
[2026-07-26T06:50:10.943+0000] {processor.py:840} INFO - DAG(s) 'youtube_english_video_pipeline' retrieved from /opt/airflow/dags/youtube_pipeline.py
[2026-07-26T06:50:10.993+0000] {logging_mixin.py:188} INFO - [2026-07-26T06:50:10.993+0000] {dag.py:3089} INFO - Sync 1 DAGs
[2026-07-26T06:50:11.017+0000] {logging_mixin.py:188} INFO - [2026-07-26T06:50:11.017+0000] {dag.py:3947} INFO - Setting next_dagrun for youtube_english_video_pipeline to 2026-07-25 12:00:00+00:00, run_after=2026-07-26 12:00:00+00:00
[2026-07-26T06:50:11.042+0000] {processor.py:183} INFO - Processing /opt/airflow/dags/youtube_pipeline.py took 0.165 seconds
[2026-07-26T06:50:41.187+0000] {processor.py:161} INFO - Started process (PID=27108) to work on /opt/airflow/dags/youtube_pipeline.py
[2026-07-26T06:50:41.189+0000] {processor.py:830} INFO - Processing file /opt/airflow/dags/youtube_pipeline.py for tasks to queue
[2026-07-26T06:50:41.191+0000] {logging_mixin.py:188} INFO - [2026-07-26T06:50:41.190+0000] {dagbag.py:545} INFO - Filling up the DagBag from /opt/airflow/dags/youtube_pipeline.py
[2026-07-26T06:50:41.251+0000] {processor.py:840} INFO - DAG(s) 'youtube_english_video_pipeline' retrieved from /opt/airflow/dags/youtube_pipeline.py
[2026-07-26T06:50:41.315+0000] {logging_mixin.py:188} INFO - [2026-07-26T06:50:41.315+0000] {dag.py:3089} INFO - Sync 1 DAGs
[2026-07-26T06:50:41.340+0000] {logging_mixin.py:188} INFO - [2026-07-26T06:50:41.340+0000] {dag.py:3947} INFO - Setting next_dagrun for youtube_english_video_pipeline to 2026-07-25 12:00:00+00:00, run_after=2026-07-26 12:00:00+00:00
[2026-07-26T06:50:41.364+0000] {processor.py:183} INFO - Processing /opt/airflow/dags/youtube_pipeline.py took 0.186 seconds
[2026-07-26T06:51:11.716+0000] {processor.py:161} INFO - Started process (PID=27113) to work on /opt/airflow/dags/youtube_pipeline.py
[2026-07-26T06:51:11.718+0000] {processor.py:830} INFO - Processing file /opt/airflow/dags/youtube_pipeline.py for tasks to queue
[2026-07-26T06:51:11.719+0000] {logging_mixin.py:188} INFO - [2026-07-26T06:51:11.719+0000] {dagbag.py:545} INFO - Filling up the DagBag from /opt/airflow/dags/youtube_pipeline.py
[2026-07-26T06:51:11.773+0000] {processor.py:840} INFO - DAG(s) 'youtube_english_video_pipeline' retrieved from /opt/airflow/dags/youtube_pipeline.py
[2026-07-26T06:51:11.842+0000] {logging_mixin.py:188} INFO - [2026-07-26T06:51:11.842+0000] {dag.py:3089} INFO - Sync 1 DAGs
[2026-07-26T06:51:11.866+0000] {logging_mixin.py:188} INFO - [2026-07-26T06:51:11.866+0000] {dag.py:3947} INFO - Setting next_dagrun for youtube_english_video_pipeline to 2026-07-25 12:00:00+00:00, run_after=2026-07-26 12:00:00+00:00
[2026-07-26T06:51:11.890+0000] {processor.py:183} INFO - Processing /opt/airflow/dags/youtube_pipeline.py took 0.183 seconds
[2026-07-26T06:51:42.042+0000] {processor.py:161} INFO - Started process (PID=27118) to work on /opt/airflow/dags/youtube_pipeline.py
[2026-07-26T06:51:42.046+0000] {processor.py:830} INFO - Processing file /opt/airflow/dags/youtube_pipeline.py for tasks to queue
[2026-07-26T06:51:42.048+0000] {logging_mixin.py:188} INFO - [2026-07-26T06:51:42.047+0000] {dagbag.py:545} INFO - Filling up the DagBag from /opt/airflow/dags/youtube_pipeline.py
[2026-07-26T06:51:42.093+0000] {processor.py:840} INFO - DAG(s) 'youtube_english_video_pipeline' retrieved from /opt/airflow/dags/youtube_pipeline.py
[2026-07-26T06:51:42.150+0000] {logging_mixin.py:188} INFO - [2026-07-26T06:51:42.150+0000] {dag.py:3089} INFO - Sync 1 DAGs
[2026-07-26T06:51:42.177+0000] {logging_mixin.py:188} INFO - [2026-07-26T06:51:42.177+0000] {dag.py:3947} INFO - Setting next_dagrun for youtube_english_video_pipeline to 2026-07-25 12:00:00+00:00, run_after=2026-07-26 12:00:00+00:00
[2026-07-26T06:51:42.204+0000] {processor.py:183} INFO - Processing /opt/airflow/dags/youtube_pipeline.py took 0.173 seconds
[2026-07-26T06:52:12.609+0000] {processor.py:161} INFO - Started process (PID=27123) to work on /opt/airflow/dags/youtube_pipeline.py
[2026-07-26T06:52:12.612+0000] {processor.py:830} INFO - Processing file /opt/airflow/dags/youtube_pipeline.py for tasks to queue
[2026-07-26T06:52:12.615+0000] {logging_mixin.py:188} INFO - [2026-07-26T06:52:12.614+0000] {dagbag.py:545} INFO - Filling up the DagBag from /opt/airflow/dags/youtube_pipeline.py
[2026-07-26T06:52:12.769+0000] {processor.py:840} INFO - DAG(s) 'youtube_english_video_pipeline' retrieved from /opt/airflow/dags/youtube_pipeline.py
[2026-07-26T06:52:12.851+0000] {logging_mixin.py:188} INFO - [2026-07-26T06:52:12.851+0000] {dag.py:3089} INFO - Sync 1 DAGs
[2026-07-26T06:52:12.880+0000] {logging_mixin.py:188} INFO - [2026-07-26T06:52:12.879+0000] {dag.py:3947} INFO - Setting next_dagrun for youtube_english_video_pipeline to 2026-07-25 12:00:00+00:00, run_after=2026-07-26 12:00:00+00:00
[2026-07-26T06:52:12.908+0000] {processor.py:183} INFO - Processing /opt/airflow/dags/youtube_pipeline.py took 0.319 seconds
[2026-07-26T06:52:43.497+0000] {processor.py:161} INFO - Started process (PID=27128) to work on /opt/airflow/dags/youtube_pipeline.py
[2026-07-26T06:52:43.501+0000] {processor.py:830} INFO - Processing file /opt/airflow/dags/youtube_pipeline.py for tasks to queue
[2026-07-26T06:52:43.504+0000] {logging_mixin.py:188} INFO - [2026-07-26T06:52:43.504+0000] {dagbag.py:545} INFO - Filling up the DagBag from /opt/airflow/dags/youtube_pipeline.py
[2026-07-26T06:52:43.646+0000] {processor.py:840} INFO - DAG(s) 'youtube_english_video_pipeline' retrieved from /opt/airflow/dags/youtube_pipeline.py
[2026-07-26T06:52:43.699+0000] {logging_mixin.py:188} INFO - [2026-07-26T06:52:43.699+0000] {dag.py:3089} INFO - Sync 1 DAGs
[2026-07-26T06:52:43.721+0000] {logging_mixin.py:188} INFO - [2026-07-26T06:52:43.721+0000] {dag.py:3947} INFO - Setting next_dagrun for youtube_english_video_pipeline to 2026-07-25 12:00:00+00:00, run_after=2026-07-26 12:00:00+00:00
[2026-07-26T06:52:43.756+0000] {processor.py:183} INFO - Processing /opt/airflow/dags/youtube_pipeline.py took 0.276 seconds
[2026-07-26T06:53:14.731+0000] {processor.py:161} INFO - Started process (PID=27133) to work on /opt/airflow/dags/youtube_pipeline.py
[2026-07-26T06:53:14.744+0000] {processor.py:830} INFO - Processing file /opt/airflow/dags/youtube_pipeline.py for tasks to queue
[2026-07-26T06:53:14.752+0000] {logging_mixin.py:188} INFO - [2026-07-26T06:53:14.751+0000] {dagbag.py:545} INFO - Filling up the DagBag from /opt/airflow/dags/youtube_pipeline.py
[2026-07-26T06:53:14.912+0000] {processor.py:840} INFO - DAG(s) 'youtube_english_video_pipeline' retrieved from /opt/airflow/dags/youtube_pipeline.py
[2026-07-26T06:53:14.970+0000] {logging_mixin.py:188} INFO - [2026-07-26T06:53:14.970+0000] {dag.py:3089} INFO - Sync 1 DAGs
[2026-07-26T06:53:15.002+0000] {logging_mixin.py:188} INFO - [2026-07-26T06:53:15.002+0000] {dag.py:3947} INFO - Setting next_dagrun for youtube_english_video_pipeline to 2026-07-25 12:00:00+00:00, run_after=2026-07-26 12:00:00+00:00
[2026-07-26T06:53:15.043+0000] {processor.py:183} INFO - Processing /opt/airflow/dags/youtube_pipeline.py took 0.342 seconds
[2026-07-26T06:53:45.388+0000] {processor.py:161} INFO - Started process (PID=27138) to work on /opt/airflow/dags/youtube_pipeline.py
[2026-07-26T06:53:45.390+0000] {processor.py:830} INFO - Processing file /opt/airflow/dags/youtube_pipeline.py for tasks to queue
[2026-07-26T06:53:45.391+0000] {logging_mixin.py:188} INFO - [2026-07-26T06:53:45.391+0000] {dagbag.py:545} INFO - Filling up the DagBag from /opt/airflow/dags/youtube_pipeline.py
[2026-07-26T06:53:45.467+0000] {processor.py:840} INFO - DAG(s) 'youtube_english_video_pipeline' retrieved from /opt/airflow/dags/youtube_pipeline.py
[2026-07-26T06:53:45.535+0000] {logging_mixin.py:188} INFO - [2026-07-26T06:53:45.535+0000] {dag.py:3089} INFO - Sync 1 DAGs
[2026-07-26T06:53:45.565+0000] {logging_mixin.py:188} INFO - [2026-07-26T06:53:45.565+0000] {dag.py:3947} INFO - Setting next_dagrun for youtube_english_video_pipeline to 2026-07-25 12:00:00+00:00, run_after=2026-07-26 12:00:00+00:00
[2026-07-26T06:53:45.592+0000] {processor.py:183} INFO - Processing /opt/airflow/dags/youtube_pipeline.py took 0.215 seconds
[2026-07-26T06:54:15.967+0000] {processor.py:161} INFO - Started process (PID=27143) to work on /opt/airflow/dags/youtube_pipeline.py
[2026-07-26T06:54:15.975+0000] {processor.py:830} INFO - Processing file /opt/airflow/dags/youtube_pipeline.py for tasks to queue
[2026-07-26T06:54:15.985+0000] {logging_mixin.py:188} INFO - [2026-07-26T06:54:15.984+0000] {dagbag.py:545} INFO - Filling up the DagBag from /opt/airflow/dags/youtube_pipeline.py
[2026-07-26T06:54:16.148+0000] {processor.py:840} INFO - DAG(s) 'youtube_english_video_pipeline' retrieved from /opt/airflow/dags/youtube_pipeline.py
[2026-07-26T06:54:16.212+0000] {logging_mixin.py:188} INFO - [2026-07-26T06:54:16.212+0000] {dag.py:3089} INFO - Sync 1 DAGs
[2026-07-26T06:54:16.248+0000] {logging_mixin.py:188} INFO - [2026-07-26T06:54:16.248+0000] {dag.py:3947} INFO - Setting next_dagrun for youtube_english_video_pipeline to 2026-07-25 12:00:00+00:00, run_after=2026-07-26 12:00:00+00:00
[2026-07-26T06:54:16.287+0000] {processor.py:183} INFO - Processing /opt/airflow/dags/youtube_pipeline.py took 0.331 seconds
[2026-07-26T06:54:46.633+0000] {processor.py:161} INFO - Started process (PID=27148) to work on /opt/airflow/dags/youtube_pipeline.py
[2026-07-26T06:54:46.636+0000] {processor.py:830} INFO - Processing file /opt/airflow/dags/youtube_pipeline.py for tasks to queue
[2026-07-26T06:54:46.639+0000] {logging_mixin.py:188} INFO - [2026-07-26T06:54:46.638+0000] {dagbag.py:545} INFO - Filling up the DagBag from /opt/airflow/dags/youtube_pipeline.py
[2026-07-26T06:54:46.708+0000] {processor.py:840} INFO - DAG(s) 'youtube_english_video_pipeline' retrieved from /opt/airflow/dags/youtube_pipeline.py
[2026-07-26T06:54:46.755+0000] {logging_mixin.py:188} INFO - [2026-07-26T06:54:46.755+0000] {dag.py:3089} INFO - Sync 1 DAGs
[2026-07-26T06:54:46.777+0000] {logging_mixin.py:188} INFO - [2026-07-26T06:54:46.777+0000] {dag.py:3947} INFO - Setting next_dagrun for youtube_english_video_pipeline to 2026-07-25 12:00:00+00:00, run_after=2026-07-26 12:00:00+00:00
[2026-07-26T06:54:46.800+0000] {processor.py:183} INFO - Processing /opt/airflow/dags/youtube_pipeline.py took 0.178 seconds
[2026-07-26T06:55:16.926+0000] {processor.py:161} INFO - Started process (PID=27153) to work on /opt/airflow/dags/youtube_pipeline.py
[2026-07-26T06:55:16.927+0000] {processor.py:830} INFO - Processing file /opt/airflow/dags/youtube_pipeline.py for tasks to queue
[2026-07-26T06:55:16.931+0000] {logging_mixin.py:188} INFO - [2026-07-26T06:55:16.930+0000] {dagbag.py:545} INFO - Filling up the DagBag from /opt/airflow/dags/youtube_pipeline.py
[2026-07-26T06:55:17.008+0000] {processor.py:840} INFO - DAG(s) 'youtube_english_video_pipeline' retrieved from /opt/airflow/dags/youtube_pipeline.py
[2026-07-26T06:55:17.087+0000] {logging_mixin.py:188} INFO - [2026-07-26T06:55:17.086+0000] {dag.py:3089} INFO - Sync 1 DAGs
[2026-07-26T06:55:17.120+0000] {logging_mixin.py:188} INFO - [2026-07-26T06:55:17.120+0000] {dag.py:3947} INFO - Setting next_dagrun for youtube_english_video_pipeline to 2026-07-25 12:00:00+00:00, run_after=2026-07-26 12:00:00+00:00
[2026-07-26T06:55:17.145+0000] {processor.py:183} INFO - Processing /opt/airflow/dags/youtube_pipeline.py took 0.229 seconds
[2026-07-26T06:55:47.431+0000] {processor.py:161} INFO - Started process (PID=27158) to work on /opt/airflow/dags/youtube_pipeline.py
[2026-07-26T06:55:47.433+0000] {processor.py:830} INFO - Processing file /opt/airflow/dags/youtube_pipeline.py for tasks to queue
[2026-07-26T06:55:47.435+0000] {logging_mixin.py:188} INFO - [2026-07-26T06:55:47.434+0000] {dagbag.py:545} INFO - Filling up the DagBag from /opt/airflow/dags/youtube_pipeline.py
[2026-07-26T06:55:47.511+0000] {processor.py:840} INFO - DAG(s) 'youtube_english_video_pipeline' retrieved from /opt/airflow/dags/youtube_pipeline.py
[2026-07-26T06:55:47.596+0000] {logging_mixin.py:188} INFO - [2026-07-26T06:55:47.595+0000] {dag.py:3089} INFO - Sync 1 DAGs
[2026-07-26T06:55:47.636+0000] {logging_mixin.py:188} INFO - [2026-07-26T06:55:47.636+0000] {dag.py:3947} INFO - Setting next_dagrun for youtube_english_video_pipeline to 2026-07-25 12:00:00+00:00, run_after=2026-07-26 12:00:00+00:00
[2026-07-26T06:55:47.678+0000] {processor.py:183} INFO - Processing /opt/airflow/dags/youtube_pipeline.py took 0.264 seconds
[2026-07-26T06:56:18.107+0000] {processor.py:161} INFO - Started process (PID=27163) to work on /opt/airflow/dags/youtube_pipeline.py
[2026-07-26T06:56:18.109+0000] {processor.py:830} INFO - Processing file /opt/airflow/dags/youtube_pipeline.py for tasks to queue
[2026-07-26T06:56:18.110+0000] {logging_mixin.py:188} INFO - [2026-07-26T06:56:18.110+0000] {dagbag.py:545} INFO - Filling up the DagBag from /opt/airflow/dags/youtube_pipeline.py
[2026-07-26T06:56:18.215+0000] {processor.py:840} INFO - DAG(s) 'youtube_english_video_pipeline' retrieved from /opt/airflow/dags/youtube_pipeline.py
[2026-07-26T06:56:18.291+0000] {logging_mixin.py:188} INFO - [2026-07-26T06:56:18.291+0000] {dag.py:3089} INFO - Sync 1 DAGs
[2026-07-26T06:56:18.314+0000] {logging_mixin.py:188} INFO - [2026-07-26T06:56:18.313+0000] {dag.py:3947} INFO - Setting next_dagrun for youtube_english_video_pipeline to 2026-07-25 12:00:00+00:00, run_after=2026-07-26 12:00:00+00:00
[2026-07-26T06:56:18.346+0000] {processor.py:183} INFO - Processing /opt/airflow/dags/youtube_pipeline.py took 0.247 seconds
[2026-07-26T06:56:48.810+0000] {processor.py:161} INFO - Started process (PID=27168) to work on /opt/airflow/dags/youtube_pipeline.py
[2026-07-26T06:56:48.814+0000] {processor.py:830} INFO - Processing file /opt/airflow/dags/youtube_pipeline.py for tasks to queue
[2026-07-26T06:56:48.819+0000] {logging_mixin.py:188} INFO - [2026-07-26T06:56:48.818+0000] {dagbag.py:545} INFO - Filling up the DagBag from /opt/airflow/dags/youtube_pipeline.py
[2026-07-26T06:56:48.954+0000] {processor.py:840} INFO - DAG(s) 'youtube_english_video_pipeline' retrieved from /opt/airflow/dags/youtube_pipeline.py
[2026-07-26T06:56:49.036+0000] {logging_mixin.py:188} INFO - [2026-07-26T06:56:49.036+0000] {dag.py:3089} INFO - Sync 1 DAGs
[2026-07-26T06:56:49.068+0000] {logging_mixin.py:188} INFO - [2026-07-26T06:56:49.067+0000] {dag.py:3947} INFO - Setting next_dagrun for youtube_english_video_pipeline to 2026-07-25 12:00:00+00:00, run_after=2026-07-26 12:00:00+00:00
[2026-07-26T06:56:49.104+0000] {processor.py:183} INFO - Processing /opt/airflow/dags/youtube_pipeline.py took 0.311 seconds
[2026-07-26T06:57:19.357+0000] {processor.py:161} INFO - Started process (PID=27173) to work on /opt/airflow/dags/youtube_pipeline.py
[2026-07-26T06:57:19.361+0000] {processor.py:830} INFO - Processing file /opt/airflow/dags/youtube_pipeline.py for tasks to queue
[2026-07-26T06:57:19.364+0000] {logging_mixin.py:188} INFO - [2026-07-26T06:57:19.364+0000] {dagbag.py:545} INFO - Filling up the DagBag from /opt/airflow/dags/youtube_pipeline.py
[2026-07-26T06:57:19.500+0000] {processor.py:840} INFO - DAG(s) 'youtube_english_video_pipeline' retrieved from /opt/airflow/dags/youtube_pipeline.py
[2026-07-26T06:57:19.570+0000] {logging_mixin.py:188} INFO - [2026-07-26T06:57:19.570+0000] {dag.py:3089} INFO - Sync 1 DAGs
[2026-07-26T06:57:19.605+0000] {logging_mixin.py:188} INFO - [2026-07-26T06:57:19.605+0000] {dag.py:3947} INFO - Setting next_dagrun for youtube_english_video_pipeline to 2026-07-25 12:00:00+00:00, run_after=2026-07-26 12:00:00+00:00
[2026-07-26T06:57:19.639+0000] {processor.py:183} INFO - Processing /opt/airflow/dags/youtube_pipeline.py took 0.294 seconds
[2026-07-26T06:57:49.968+0000] {processor.py:161} INFO - Started process (PID=27178) to work on /opt/airflow/dags/youtube_pipeline.py
[2026-07-26T06:57:49.971+0000] {processor.py:830} INFO - Processing file /opt/airflow/dags/youtube_pipeline.py for tasks to queue
[2026-07-26T06:57:49.973+0000] {logging_mixin.py:188} INFO - [2026-07-26T06:57:49.973+0000] {dagbag.py:545} INFO - Filling up the DagBag from /opt/airflow/dags/youtube_pipeline.py
[2026-07-26T06:57:50.118+0000] {processor.py:840} INFO - DAG(s) 'youtube_english_video_pipeline' retrieved from /opt/airflow/dags/youtube_pipeline.py
[2026-07-26T06:57:50.213+0000] {logging_mixin.py:188} INFO - [2026-07-26T06:57:50.213+0000] {dag.py:3089} INFO - Sync 1 DAGs
[2026-07-26T06:57:50.260+0000] {logging_mixin.py:188} INFO - [2026-07-26T06:57:50.260+0000] {dag.py:3947} INFO - Setting next_dagrun for youtube_english_video_pipeline to 2026-07-25 12:00:00+00:00, run_after=2026-07-26 12:00:00+00:00
[2026-07-26T06:57:50.316+0000] {processor.py:183} INFO - Processing /opt/airflow/dags/youtube_pipeline.py took 0.365 seconds
[2026-07-26T06:58:20.575+0000] {processor.py:161} INFO - Started process (PID=27183) to work on /opt/airflow/dags/youtube_pipeline.py
[2026-07-26T06:58:20.577+0000] {processor.py:830} INFO - Processing file /opt/airflow/dags/youtube_pipeline.py for tasks to queue
[2026-07-26T06:58:20.580+0000] {logging_mixin.py:188} INFO - [2026-07-26T06:58:20.579+0000] {dagbag.py:545} INFO - Filling up the DagBag from /opt/airflow/dags/youtube_pipeline.py
[2026-07-26T06:58:20.696+0000] {processor.py:840} INFO - DAG(s) 'youtube_english_video_pipeline' retrieved from /opt/airflow/dags/youtube_pipeline.py
[2026-07-26T06:58:20.779+0000] {logging_mixin.py:188} INFO - [2026-07-26T06:58:20.778+0000] {dag.py:3089} INFO - Sync 1 DAGs
[2026-07-26T06:58:20.820+0000] {logging_mixin.py:188} INFO - [2026-07-26T06:58:20.819+0000] {dag.py:3947} INFO - Setting next_dagrun for youtube_english_video_pipeline to 2026-07-25 12:00:00+00:00, run_after=2026-07-26 12:00:00+00:00
[2026-07-26T06:58:20.862+0000] {processor.py:183} INFO - Processing /opt/airflow/dags/youtube_pipeline.py took 0.304 seconds
[2026-07-26T06:58:51.304+0000] {processor.py:161} INFO - Started process (PID=27188) to work on /opt/airflow/dags/youtube_pipeline.py
[2026-07-26T06:58:51.309+0000] {processor.py:830} INFO - Processing file /opt/airflow/dags/youtube_pipeline.py for tasks to queue
[2026-07-26T06:58:51.312+0000] {logging_mixin.py:188} INFO - [2026-07-26T06:58:51.311+0000] {dagbag.py:545} INFO - Filling up the DagBag from /opt/airflow/dags/youtube_pipeline.py
[2026-07-26T06:58:51.453+0000] {processor.py:840} INFO - DAG(s) 'youtube_english_video_pipeline' retrieved from /opt/airflow/dags/youtube_pipeline.py
[2026-07-26T06:58:51.536+0000] {logging_mixin.py:188} INFO - [2026-07-26T06:58:51.536+0000] {dag.py:3089} INFO - Sync 1 DAGs
[2026-07-26T06:58:51.574+0000] {logging_mixin.py:188} INFO - [2026-07-26T06:58:51.574+0000] {dag.py:3947} INFO - Setting next_dagrun for youtube_english_video_pipeline to 2026-07-25 12:00:00+00:00, run_after=2026-07-26 12:00:00+00:00
[2026-07-26T06:58:51.614+0000] {processor.py:183} INFO - Processing /opt/airflow/dags/youtube_pipeline.py took 0.326 seconds
[2026-07-26T06:59:22.118+0000] {processor.py:161} INFO - Started process (PID=27193) to work on /opt/airflow/dags/youtube_pipeline.py
[2026-07-26T06:59:22.122+0000] {processor.py:830} INFO - Processing file /opt/airflow/dags/youtube_pipeline.py for tasks to queue
[2026-07-26T06:59:22.124+0000] {logging_mixin.py:188} INFO - [2026-07-26T06:59:22.124+0000] {dagbag.py:545} INFO - Filling up the DagBag from /opt/airflow/dags/youtube_pipeline.py
[2026-07-26T06:59:22.205+0000] {processor.py:840} INFO - DAG(s) 'youtube_english_video_pipeline' retrieved from /opt/airflow/dags/youtube_pipeline.py
[2026-07-26T06:59:22.252+0000] {logging_mixin.py:188} INFO - [2026-07-26T06:59:22.252+0000] {dag.py:3089} INFO - Sync 1 DAGs
[2026-07-26T06:59:22.277+0000] {logging_mixin.py:188} INFO - [2026-07-26T06:59:22.277+0000] {dag.py:3947} INFO - Setting next_dagrun for youtube_english_video_pipeline to 2026-07-25 12:00:00+00:00, run_after=2026-07-26 12:00:00+00:00
[2026-07-26T06:59:22.306+0000] {processor.py:183} INFO - Processing /opt/airflow/dags/youtube_pipeline.py took 0.195 seconds
[2026-07-26T06:59:52.641+0000] {processor.py:161} INFO - Started process (PID=27198) to work on /opt/airflow/dags/youtube_pipeline.py
[2026-07-26T06:59:52.643+0000] {processor.py:830} INFO - Processing file /opt/airflow/dags/youtube_pipeline.py for tasks to queue
[2026-07-26T06:59:52.646+0000] {logging_mixin.py:188} INFO - [2026-07-26T06:59:52.645+0000] {dagbag.py:545} INFO - Filling up the DagBag from /opt/airflow/dags/youtube_pipeline.py
[2026-07-26T06:59:52.759+0000] {processor.py:840} INFO - DAG(s) 'youtube_english_video_pipeline' retrieved from /opt/airflow/dags/youtube_pipeline.py
[2026-07-26T06:59:52.855+0000] {logging_mixin.py:188} INFO - [2026-07-26T06:59:52.855+0000] {dag.py:3089} INFO - Sync 1 DAGs
[2026-07-26T06:59:52.901+0000] {logging_mixin.py:188} INFO - [2026-07-26T06:59:52.900+0000] {dag.py:3947} INFO - Setting next_dagrun for youtube_english_video_pipeline to 2026-07-25 12:00:00+00:00, run_after=2026-07-26 12:00:00+00:00
[2026-07-26T06:59:52.954+0000] {processor.py:183} INFO - Processing /opt/airflow/dags/youtube_pipeline.py took 0.329 seconds
[2026-07-26T07:00:23.209+0000] {processor.py:161} INFO - Started process (PID=27203) to work on /opt/airflow/dags/youtube_pipeline.py
[2026-07-26T07:00:23.211+0000] {processor.py:830} INFO - Processing file /opt/airflow/dags/youtube_pipeline.py for tasks to queue
[2026-07-26T07:00:23.214+0000] {logging_mixin.py:188} INFO - [2026-07-26T07:00:23.213+0000] {dagbag.py:545} INFO - Filling up the DagBag from /opt/airflow/dags/youtube_pipeline.py
[2026-07-26T07:00:23.336+0000] {processor.py:840} INFO - DAG(s) 'youtube_english_video_pipeline' retrieved from /opt/airflow/dags/youtube_pipeline.py
[2026-07-26T07:00:23.429+0000] {logging_mixin.py:188} INFO - [2026-07-26T07:00:23.429+0000] {dag.py:3089} INFO - Sync 1 DAGs
[2026-07-26T07:00:23.471+0000] {logging_mixin.py:188} INFO - [2026-07-26T07:00:23.470+0000] {dag.py:3947} INFO - Setting next_dagrun for youtube_english_video_pipeline to 2026-07-25 12:00:00+00:00, run_after=2026-07-26 12:00:00+00:00
[2026-07-26T07:00:23.516+0000] {processor.py:183} INFO - Processing /opt/airflow/dags/youtube_pipeline.py took 0.322 seconds
[2026-07-26T07:00:53.980+0000] {processor.py:161} INFO - Started process (PID=27208) to work on /opt/airflow/dags/youtube_pipeline.py
[2026-07-26T07:00:53.984+0000] {processor.py:830} INFO - Processing file /opt/airflow/dags/youtube_pipeline.py for tasks to queue
[2026-07-26T07:00:53.989+0000] {logging_mixin.py:188} INFO - [2026-07-26T07:00:53.988+0000] {dagbag.py:545} INFO - Filling up the DagBag from /opt/airflow/dags/youtube_pipeline.py
[2026-07-26T07:00:54.259+0000] {processor.py:840} INFO - DAG(s) 'youtube_english_video_pipeline' retrieved from /opt/airflow/dags/youtube_pipeline.py
[2026-07-26T07:00:54.346+0000] {logging_mixin.py:188} INFO - [2026-07-26T07:00:54.346+0000] {dag.py:3089} INFO - Sync 1 DAGs
[2026-07-26T07:00:54.386+0000] {logging_mixin.py:188} INFO - [2026-07-26T07:00:54.386+0000] {dag.py:3947} INFO - Setting next_dagrun for youtube_english_video_pipeline to 2026-07-25 12:00:00+00:00, run_after=2026-07-26 12:00:00+00:00
[2026-07-26T07:00:54.422+0000] {processor.py:183} INFO - Processing /opt/airflow/dags/youtube_pipeline.py took 0.460 seconds
[2026-07-26T07:01:24.569+0000] {processor.py:161} INFO - Started process (PID=27213) to work on /opt/airflow/dags/youtube_pipeline.py
[2026-07-26T07:01:24.572+0000] {processor.py:830} INFO - Processing file /opt/airflow/dags/youtube_pipeline.py for tasks to queue
[2026-07-26T07:01:24.576+0000] {logging_mixin.py:188} INFO - [2026-07-26T07:01:24.575+0000] {dagbag.py:545} INFO - Filling up the DagBag from /opt/airflow/dags/youtube_pipeline.py
[2026-07-26T07:01:24.726+0000] {processor.py:840} INFO - DAG(s) 'youtube_english_video_pipeline' retrieved from /opt/airflow/dags/youtube_pipeline.py
[2026-07-26T07:01:24.777+0000] {logging_mixin.py:188} INFO - [2026-07-26T07:01:24.776+0000] {dag.py:3089} INFO - Sync 1 DAGs
[2026-07-26T07:01:24.801+0000] {logging_mixin.py:188} INFO - [2026-07-26T07:01:24.801+0000] {dag.py:3947} INFO - Setting next_dagrun for youtube_english_video_pipeline to 2026-07-25 12:00:00+00:00, run_after=2026-07-26 12:00:00+00:00
[2026-07-26T07:01:24.827+0000] {processor.py:183} INFO - Processing /opt/airflow/dags/youtube_pipeline.py took 0.268 seconds
[2026-07-26T07:01:55.513+0000] {processor.py:161} INFO - Started process (PID=27218) to work on /opt/airflow/dags/youtube_pipeline.py
[2026-07-26T07:01:55.518+0000] {processor.py:830} INFO - Processing file /opt/airflow/dags/youtube_pipeline.py for tasks to queue
[2026-07-26T07:01:55.527+0000] {logging_mixin.py:188} INFO - [2026-07-26T07:01:55.526+0000] {dagbag.py:545} INFO - Filling up the DagBag from /opt/airflow/dags/youtube_pipeline.py
[2026-07-26T07:01:56.071+0000] {processor.py:840} INFO - DAG(s) 'youtube_english_video_pipeline' retrieved from /opt/airflow/dags/youtube_pipeline.py
[2026-07-26T07:01:56.165+0000] {logging_mixin.py:188} INFO - [2026-07-26T07:01:56.165+0000] {dag.py:3089} INFO - Sync 1 DAGs
[2026-07-26T07:01:56.195+0000] {logging_mixin.py:188} INFO - [2026-07-26T07:01:56.195+0000] {dag.py:3947} INFO - Setting next_dagrun for youtube_english_video_pipeline to 2026-07-25 12:00:00+00:00, run_after=2026-07-26 12:00:00+00:00
[2026-07-26T07:01:56.241+0000] {processor.py:183} INFO - Processing /opt/airflow/dags/youtube_pipeline.py took 0.747 seconds
[2026-07-26T07:02:26.837+0000] {processor.py:161} INFO - Started process (PID=27223) to work on /opt/airflow/dags/youtube_pipeline.py
[2026-07-26T07:02:26.840+0000] {processor.py:830} INFO - Processing file /opt/airflow/dags/youtube_pipeline.py for tasks to queue
[2026-07-26T07:02:26.843+0000] {logging_mixin.py:188} INFO - [2026-07-26T07:02:26.842+0000] {dagbag.py:545} INFO - Filling up the DagBag from /opt/airflow/dags/youtube_pipeline.py
[2026-07-26T07:02:26.970+0000] {processor.py:840} INFO - DAG(s) 'youtube_english_video_pipeline' retrieved from /opt/airflow/dags/youtube_pipeline.py
[2026-07-26T07:02:27.030+0000] {logging_mixin.py:188} INFO - [2026-07-26T07:02:27.030+0000] {dag.py:3089} INFO - Sync 1 DAGs
[2026-07-26T07:02:27.052+0000] {logging_mixin.py:188} INFO - [2026-07-26T07:02:27.052+0000] {dag.py:3947} INFO - Setting next_dagrun for youtube_english_video_pipeline to 2026-07-25 12:00:00+00:00, run_after=2026-07-26 12:00:00+00:00
[2026-07-26T07:02:27.084+0000] {processor.py:183} INFO - Processing /opt/airflow/dags/youtube_pipeline.py took 0.261 seconds
[2026-07-26T07:02:57.734+0000] {processor.py:161} INFO - Started process (PID=27228) to work on /opt/airflow/dags/youtube_pipeline.py
[2026-07-26T07:02:57.738+0000] {processor.py:830} INFO - Processing file /opt/airflow/dags/youtube_pipeline.py for tasks to queue
[2026-07-26T07:02:57.748+0000] {logging_mixin.py:188} INFO - [2026-07-26T07:02:57.747+0000] {dagbag.py:545} INFO - Filling up the DagBag from /opt/airflow/dags/youtube_pipeline.py
[2026-07-26T07:02:57.935+0000] {processor.py:840} INFO - DAG(s) 'youtube_english_video_pipeline' retrieved from /opt/airflow/dags/youtube_pipeline.py
[2026-07-26T07:02:58.013+0000] {logging_mixin.py:188} INFO - [2026-07-26T07:02:58.012+0000] {dag.py:3089} INFO - Sync 1 DAGs
[2026-07-26T07:02:58.042+0000] {logging_mixin.py:188} INFO - [2026-07-26T07:02:58.042+0000] {dag.py:3947} INFO - Setting next_dagrun for youtube_english_video_pipeline to 2026-07-25 12:00:00+00:00, run_after=2026-07-26 12:00:00+00:00
[2026-07-26T07:02:58.091+0000] {processor.py:183} INFO - Processing /opt/airflow/dags/youtube_pipeline.py took 0.375 seconds
[2026-07-26T07:03:28.670+0000] {processor.py:161} INFO - Started process (PID=27233) to work on /opt/airflow/dags/youtube_pipeline.py
[2026-07-26T07:03:28.680+0000] {processor.py:830} INFO - Processing file /opt/airflow/dags/youtube_pipeline.py for tasks to queue
[2026-07-26T07:03:28.684+0000] {logging_mixin.py:188} INFO - [2026-07-26T07:03:28.684+0000] {dagbag.py:545} INFO - Filling up the DagBag from /opt/airflow/dags/youtube_pipeline.py
[2026-07-26T07:03:28.819+0000] {processor.py:840} INFO - DAG(s) 'youtube_english_video_pipeline' retrieved from /opt/airflow/dags/youtube_pipeline.py
[2026-07-26T07:03:28.880+0000] {logging_mixin.py:188} INFO - [2026-07-26T07:03:28.880+0000] {dag.py:3089} INFO - Sync 1 DAGs
[2026-07-26T07:03:28.909+0000] {logging_mixin.py:188} INFO - [2026-07-26T07:03:28.909+0000] {dag.py:3947} INFO - Setting next_dagrun for youtube_english_video_pipeline to 2026-07-25 12:00:00+00:00, run_after=2026-07-26 12:00:00+00:00
[2026-07-26T07:03:28.942+0000] {processor.py:183} INFO - Processing /opt/airflow/dags/youtube_pipeline.py took 0.288 seconds
[2026-07-26T07:03:59.440+0000] {processor.py:161} INFO - Started process (PID=27238) to work on /opt/airflow/dags/youtube_pipeline.py
[2026-07-26T07:03:59.442+0000] {processor.py:830} INFO - Processing file /opt/airflow/dags/youtube_pipeline.py for tasks to queue
[2026-07-26T07:03:59.444+0000] {logging_mixin.py:188} INFO - [2026-07-26T07:03:59.443+0000] {dagbag.py:545} INFO - Filling up the DagBag from /opt/airflow/dags/youtube_pipeline.py
[2026-07-26T07:03:59.562+0000] {processor.py:840} INFO - DAG(s) 'youtube_english_video_pipeline' retrieved from /opt/airflow/dags/youtube_pipeline.py
[2026-07-26T07:03:59.646+0000] {logging_mixin.py:188} INFO - [2026-07-26T07:03:59.646+0000] {dag.py:3089} INFO - Sync 1 DAGs
[2026-07-26T07:03:59.675+0000] {logging_mixin.py:188} INFO - [2026-07-26T07:03:59.675+0000] {dag.py:3947} INFO - Setting next_dagrun for youtube_english_video_pipeline to 2026-07-25 12:00:00+00:00, run_after=2026-07-26 12:00:00+00:00
[2026-07-26T07:03:59.701+0000] {processor.py:183} INFO - Processing /opt/airflow/dags/youtube_pipeline.py took 0.275 seconds
[2026-07-26T07:04:29.844+0000] {processor.py:161} INFO - Started process (PID=27243) to work on /opt/airflow/dags/youtube_pipeline.py
[2026-07-26T07:04:29.846+0000] {processor.py:830} INFO - Processing file /opt/airflow/dags/youtube_pipeline.py for tasks to queue
[2026-07-26T07:04:29.847+0000] {logging_mixin.py:188} INFO - [2026-07-26T07:04:29.847+0000] {dagbag.py:545} INFO - Filling up the DagBag from /opt/airflow/dags/youtube_pipeline.py
[2026-07-26T07:04:29.943+0000] {processor.py:840} INFO - DAG(s) 'youtube_english_video_pipeline' retrieved from /opt/airflow/dags/youtube_pipeline.py
[2026-07-26T07:04:29.998+0000] {logging_mixin.py:188} INFO - [2026-07-26T07:04:29.998+0000] {dag.py:3089} INFO - Sync 1 DAGs
[2026-07-26T07:04:30.023+0000] {logging_mixin.py:188} INFO - [2026-07-26T07:04:30.023+0000] {dag.py:3947} INFO - Setting next_dagrun for youtube_english_video_pipeline to 2026-07-25 12:00:00+00:00, run_after=2026-07-26 12:00:00+00:00
[2026-07-26T07:04:30.064+0000] {processor.py:183} INFO - Processing /opt/airflow/dags/youtube_pipeline.py took 0.230 seconds
[2026-07-26T07:05:00.309+0000] {processor.py:161} INFO - Started process (PID=27248) to work on /opt/airflow/dags/youtube_pipeline.py
[2026-07-26T07:05:00.313+0000] {processor.py:830} INFO - Processing file /opt/airflow/dags/youtube_pipeline.py for tasks to queue
[2026-07-26T07:05:00.319+0000] {logging_mixin.py:188} INFO - [2026-07-26T07:05:00.318+0000] {dagbag.py:545} INFO - Filling up the DagBag from /opt/airflow/dags/youtube_pipeline.py
[2026-07-26T07:05:00.435+0000] {processor.py:840} INFO - DAG(s) 'youtube_english_video_pipeline' retrieved from /opt/airflow/dags/youtube_pipeline.py
[2026-07-26T07:05:00.484+0000] {logging_mixin.py:188} INFO - [2026-07-26T07:05:00.484+0000] {dag.py:3089} INFO - Sync 1 DAGs
[2026-07-26T07:05:00.508+0000] {logging_mixin.py:188} INFO - [2026-07-26T07:05:00.508+0000] {dag.py:3947} INFO - Setting next_dagrun for youtube_english_video_pipeline to 2026-07-25 12:00:00+00:00, run_after=2026-07-26 12:00:00+00:00
[2026-07-26T07:05:00.543+0000] {processor.py:183} INFO - Processing /opt/airflow/dags/youtube_pipeline.py took 0.252 seconds
[2026-07-26T07:05:31.073+0000] {processor.py:161} INFO - Started process (PID=27253) to work on /opt/airflow/dags/youtube_pipeline.py
[2026-07-26T07:05:31.076+0000] {processor.py:830} INFO - Processing file /opt/airflow/dags/youtube_pipeline.py for tasks to queue
[2026-07-26T07:05:31.079+0000] {logging_mixin.py:188} INFO - [2026-07-26T07:05:31.078+0000] {dagbag.py:545} INFO - Filling up the DagBag from /opt/airflow/dags/youtube_pipeline.py
[2026-07-26T07:05:31.199+0000] {processor.py:840} INFO - DAG(s) 'youtube_english_video_pipeline' retrieved from /opt/airflow/dags/youtube_pipeline.py
[2026-07-26T07:05:31.255+0000] {logging_mixin.py:188} INFO - [2026-07-26T07:05:31.254+0000] {dag.py:3089} INFO - Sync 1 DAGs
[2026-07-26T07:05:31.283+0000] {logging_mixin.py:188} INFO - [2026-07-26T07:05:31.283+0000] {dag.py:3947} INFO - Setting next_dagrun for youtube_english_video_pipeline to 2026-07-25 12:00:00+00:00, run_after=2026-07-26 12:00:00+00:00
[2026-07-26T07:05:31.308+0000] {processor.py:183} INFO - Processing /opt/airflow/dags/youtube_pipeline.py took 0.249 seconds
[2026-07-26T07:06:01.535+0000] {processor.py:161} INFO - Started process (PID=27258) to work on /opt/airflow/dags/youtube_pipeline.py
[2026-07-26T07:06:01.538+0000] {processor.py:830} INFO - Processing file /opt/airflow/dags/youtube_pipeline.py for tasks to queue
[2026-07-26T07:06:01.541+0000] {logging_mixin.py:188} INFO - [2026-07-26T07:06:01.540+0000] {dagbag.py:545} INFO - Filling up the DagBag from /opt/airflow/dags/youtube_pipeline.py
[2026-07-26T07:06:01.723+0000] {processor.py:840} INFO - DAG(s) 'youtube_english_video_pipeline' retrieved from /opt/airflow/dags/youtube_pipeline.py
[2026-07-26T07:06:01.823+0000] {logging_mixin.py:188} INFO - [2026-07-26T07:06:01.823+0000] {dag.py:3089} INFO - Sync 1 DAGs
[2026-07-26T07:06:01.865+0000] {logging_mixin.py:188} INFO - [2026-07-26T07:06:01.865+0000] {dag.py:3947} INFO - Setting next_dagrun for youtube_english_video_pipeline to 2026-07-25 12:00:00+00:00, run_after=2026-07-26 12:00:00+00:00
[2026-07-26T07:06:01.891+0000] {processor.py:183} INFO - Processing /opt/airflow/dags/youtube_pipeline.py took 0.372 seconds
[2026-07-26T07:06:32.477+0000] {processor.py:161} INFO - Started process (PID=27263) to work on /opt/airflow/dags/youtube_pipeline.py
[2026-07-26T07:06:32.481+0000] {processor.py:830} INFO - Processing file /opt/airflow/dags/youtube_pipeline.py for tasks to queue
[2026-07-26T07:06:32.483+0000] {logging_mixin.py:188} INFO - [2026-07-26T07:06:32.482+0000] {dagbag.py:545} INFO - Filling up the DagBag from /opt/airflow/dags/youtube_pipeline.py
[2026-07-26T07:06:32.596+0000] {processor.py:840} INFO - DAG(s) 'youtube_english_video_pipeline' retrieved from /opt/airflow/dags/youtube_pipeline.py
[2026-07-26T07:06:32.649+0000] {logging_mixin.py:188} INFO - [2026-07-26T07:06:32.649+0000] {dag.py:3089} INFO - Sync 1 DAGs
[2026-07-26T07:06:32.675+0000] {logging_mixin.py:188} INFO - [2026-07-26T07:06:32.675+0000] {dag.py:3947} INFO - Setting next_dagrun for youtube_english_video_pipeline to 2026-07-25 12:00:00+00:00, run_after=2026-07-26 12:00:00+00:00
[2026-07-26T07:06:32.715+0000] {processor.py:183} INFO - Processing /opt/airflow/dags/youtube_pipeline.py took 0.248 seconds
[2026-07-26T07:07:03.097+0000] {processor.py:161} INFO - Started process (PID=27268) to work on /opt/airflow/dags/youtube_pipeline.py
[2026-07-26T07:07:03.101+0000] {processor.py:830} INFO - Processing file /opt/airflow/dags/youtube_pipeline.py for tasks to queue
[2026-07-26T07:07:03.103+0000] {logging_mixin.py:188} INFO - [2026-07-26T07:07:03.103+0000] {dagbag.py:545} INFO - Filling up the DagBag from /opt/airflow/dags/youtube_pipeline.py
[2026-07-26T07:07:03.237+0000] {processor.py:840} INFO - DAG(s) 'youtube_english_video_pipeline' retrieved from /opt/airflow/dags/youtube_pipeline.py
[2026-07-26T07:07:03.307+0000] {logging_mixin.py:188} INFO - [2026-07-26T07:07:03.306+0000] {dag.py:3089} INFO - Sync 1 DAGs
[2026-07-26T07:07:03.345+0000] {logging_mixin.py:188} INFO - [2026-07-26T07:07:03.345+0000] {dag.py:3947} INFO - Setting next_dagrun for youtube_english_video_pipeline to 2026-07-25 12:00:00+00:00, run_after=2026-07-26 12:00:00+00:00
[2026-07-26T07:07:03.391+0000] {processor.py:183} INFO - Processing /opt/airflow/dags/youtube_pipeline.py took 0.311 seconds
[2026-07-26T07:07:33.711+0000] {processor.py:161} INFO - Started process (PID=27273) to work on /opt/airflow/dags/youtube_pipeline.py
[2026-07-26T07:07:33.714+0000] {processor.py:830} INFO - Processing file /opt/airflow/dags/youtube_pipeline.py for tasks to queue
[2026-07-26T07:07:33.717+0000] {logging_mixin.py:188} INFO - [2026-07-26T07:07:33.716+0000] {dagbag.py:545} INFO - Filling up the DagBag from /opt/airflow/dags/youtube_pipeline.py
[2026-07-26T07:07:33.823+0000] {processor.py:840} INFO - DAG(s) 'youtube_english_video_pipeline' retrieved from /opt/airflow/dags/youtube_pipeline.py
[2026-07-26T07:07:33.877+0000] {logging_mixin.py:188} INFO - [2026-07-26T07:07:33.877+0000] {dag.py:3089} INFO - Sync 1 DAGs
[2026-07-26T07:07:33.901+0000] {logging_mixin.py:188} INFO - [2026-07-26T07:07:33.901+0000] {dag.py:3947} INFO - Setting next_dagrun for youtube_english_video_pipeline to 2026-07-25 12:00:00+00:00, run_after=2026-07-26 12:00:00+00:00
[2026-07-26T07:07:33.934+0000] {processor.py:183} INFO - Processing /opt/airflow/dags/youtube_pipeline.py took 0.244 seconds
[2026-07-26T07:08:04.295+0000] {processor.py:161} INFO - Started process (PID=27278) to work on /opt/airflow/dags/youtube_pipeline.py
[2026-07-26T07:08:04.298+0000] {processor.py:830} INFO - Processing file /opt/airflow/dags/youtube_pipeline.py for tasks to queue
[2026-07-26T07:08:04.300+0000] {logging_mixin.py:188} INFO - [2026-07-26T07:08:04.299+0000] {dagbag.py:545} INFO - Filling up the DagBag from /opt/airflow/dags/youtube_pipeline.py
[2026-07-26T07:08:04.409+0000] {processor.py:840} INFO - DAG(s) 'youtube_english_video_pipeline' retrieved from /opt/airflow/dags/youtube_pipeline.py
[2026-07-26T07:08:04.481+0000] {logging_mixin.py:188} INFO - [2026-07-26T07:08:04.481+0000] {dag.py:3089} INFO - Sync 1 DAGs
[2026-07-26T07:08:04.513+0000] {logging_mixin.py:188} INFO - [2026-07-26T07:08:04.512+0000] {dag.py:3947} INFO - Setting next_dagrun for youtube_english_video_pipeline to 2026-07-25 12:00:00+00:00, run_after=2026-07-26 12:00:00+00:00
[2026-07-26T07:08:04.545+0000] {processor.py:183} INFO - Processing /opt/airflow/dags/youtube_pipeline.py took 0.266 seconds
[2026-07-26T07:08:34.769+0000] {processor.py:161} INFO - Started process (PID=27283) to work on /opt/airflow/dags/youtube_pipeline.py
[2026-07-26T07:08:34.772+0000] {processor.py:830} INFO - Processing file /opt/airflow/dags/youtube_pipeline.py for tasks to queue
[2026-07-26T07:08:34.774+0000] {logging_mixin.py:188} INFO - [2026-07-26T07:08:34.774+0000] {dagbag.py:545} INFO - Filling up the DagBag from /opt/airflow/dags/youtube_pipeline.py
[2026-07-26T07:08:34.884+0000] {processor.py:840} INFO - DAG(s) 'youtube_english_video_pipeline' retrieved from /opt/airflow/dags/youtube_pipeline.py
[2026-07-26T07:08:34.975+0000] {logging_mixin.py:188} INFO - [2026-07-26T07:08:34.974+0000] {dag.py:3089} INFO - Sync 1 DAGs
[2026-07-26T07:08:35.022+0000] {logging_mixin.py:188} INFO - [2026-07-26T07:08:35.021+0000] {dag.py:3947} INFO - Setting next_dagrun for youtube_english_video_pipeline to 2026-07-25 12:00:00+00:00, run_after=2026-07-26 12:00:00+00:00
[2026-07-26T07:08:35.060+0000] {processor.py:183} INFO - Processing /opt/airflow/dags/youtube_pipeline.py took 0.303 seconds
[2026-07-26T07:09:05.426+0000] {processor.py:161} INFO - Started process (PID=27288) to work on /opt/airflow/dags/youtube_pipeline.py
[2026-07-26T07:09:05.429+0000] {processor.py:830} INFO - Processing file /opt/airflow/dags/youtube_pipeline.py for tasks to queue
[2026-07-26T07:09:05.431+0000] {logging_mixin.py:188} INFO - [2026-07-26T07:09:05.431+0000] {dagbag.py:545} INFO - Filling up the DagBag from /opt/airflow/dags/youtube_pipeline.py
[2026-07-26T07:09:05.590+0000] {processor.py:840} INFO - DAG(s) 'youtube_english_video_pipeline' retrieved from /opt/airflow/dags/youtube_pipeline.py
[2026-07-26T07:09:05.676+0000] {logging_mixin.py:188} INFO - [2026-07-26T07:09:05.675+0000] {dag.py:3089} INFO - Sync 1 DAGs
[2026-07-26T07:09:05.719+0000] {logging_mixin.py:188} INFO - [2026-07-26T07:09:05.718+0000] {dag.py:3947} INFO - Setting next_dagrun for youtube_english_video_pipeline to 2026-07-25 12:00:00+00:00, run_after=2026-07-26 12:00:00+00:00
[2026-07-26T07:09:05.758+0000] {processor.py:183} INFO - Processing /opt/airflow/dags/youtube_pipeline.py took 0.349 seconds
[2026-07-26T07:09:36.129+0000] {processor.py:161} INFO - Started process (PID=27293) to work on /opt/airflow/dags/youtube_pipeline.py
[2026-07-26T07:09:36.131+0000] {processor.py:830} INFO - Processing file /opt/airflow/dags/youtube_pipeline.py for tasks to queue
[2026-07-26T07:09:36.138+0000] {logging_mixin.py:188} INFO - [2026-07-26T07:09:36.137+0000] {dagbag.py:545} INFO - Filling up the DagBag from /opt/airflow/dags/youtube_pipeline.py
[2026-07-26T07:09:36.326+0000] {processor.py:840} INFO - DAG(s) 'youtube_english_video_pipeline' retrieved from /opt/airflow/dags/youtube_pipeline.py
[2026-07-26T07:09:36.402+0000] {logging_mixin.py:188} INFO - [2026-07-26T07:09:36.402+0000] {dag.py:3089} INFO - Sync 1 DAGs
[2026-07-26T07:09:36.443+0000] {logging_mixin.py:188} INFO - [2026-07-26T07:09:36.443+0000] {dag.py:3947} INFO - Setting next_dagrun for youtube_english_video_pipeline to 2026-07-25 12:00:00+00:00, run_after=2026-07-26 12:00:00+00:00
[2026-07-26T07:09:36.492+0000] {processor.py:183} INFO - Processing /opt/airflow/dags/youtube_pipeline.py took 0.381 seconds
[2026-07-26T07:10:07.001+0000] {processor.py:161} INFO - Started process (PID=27298) to work on /opt/airflow/dags/youtube_pipeline.py
[2026-07-26T07:10:07.004+0000] {processor.py:830} INFO - Processing file /opt/airflow/dags/youtube_pipeline.py for tasks to queue
[2026-07-26T07:10:07.007+0000] {logging_mixin.py:188} INFO - [2026-07-26T07:10:07.007+0000] {dagbag.py:545} INFO - Filling up the DagBag from /opt/airflow/dags/youtube_pipeline.py
[2026-07-26T07:10:07.123+0000] {processor.py:840} INFO - DAG(s) 'youtube_english_video_pipeline' retrieved from /opt/airflow/dags/youtube_pipeline.py
[2026-07-26T07:10:07.214+0000] {logging_mixin.py:188} INFO - [2026-07-26T07:10:07.214+0000] {dag.py:3089} INFO - Sync 1 DAGs
[2026-07-26T07:10:07.260+0000] {logging_mixin.py:188} INFO - [2026-07-26T07:10:07.260+0000] {dag.py:3947} INFO - Setting next_dagrun for youtube_english_video_pipeline to 2026-07-25 12:00:00+00:00, run_after=2026-07-26 12:00:00+00:00
[2026-07-26T07:10:07.308+0000] {processor.py:183} INFO - Processing /opt/airflow/dags/youtube_pipeline.py took 0.322 seconds
[2026-07-26T07:10:37.786+0000] {processor.py:161} INFO - Started process (PID=27303) to work on /opt/airflow/dags/youtube_pipeline.py
[2026-07-26T07:10:37.790+0000] {processor.py:830} INFO - Processing file /opt/airflow/dags/youtube_pipeline.py for tasks to queue
[2026-07-26T07:10:37.792+0000] {logging_mixin.py:188} INFO - [2026-07-26T07:10:37.791+0000] {dagbag.py:545} INFO - Filling up the DagBag from /opt/airflow/dags/youtube_pipeline.py
[2026-07-26T07:10:37.911+0000] {processor.py:840} INFO - DAG(s) 'youtube_english_video_pipeline' retrieved from /opt/airflow/dags/youtube_pipeline.py
[2026-07-26T07:10:37.993+0000] {logging_mixin.py:188} INFO - [2026-07-26T07:10:37.993+0000] {dag.py:3089} INFO - Sync 1 DAGs
[2026-07-26T07:10:38.035+0000] {logging_mixin.py:188} INFO - [2026-07-26T07:10:38.035+0000] {dag.py:3947} INFO - Setting next_dagrun for youtube_english_video_pipeline to 2026-07-25 12:00:00+00:00, run_after=2026-07-26 12:00:00+00:00
[2026-07-26T07:10:38.076+0000] {processor.py:183} INFO - Processing /opt/airflow/dags/youtube_pipeline.py took 0.305 seconds
[2026-07-26T07:11:08.434+0000] {processor.py:161} INFO - Started process (PID=27308) to work on /opt/airflow/dags/youtube_pipeline.py
[2026-07-26T07:11:08.437+0000] {processor.py:830} INFO - Processing file /opt/airflow/dags/youtube_pipeline.py for tasks to queue
[2026-07-26T07:11:08.441+0000] {logging_mixin.py:188} INFO - [2026-07-26T07:11:08.440+0000] {dagbag.py:545} INFO - Filling up the DagBag from /opt/airflow/dags/youtube_pipeline.py
[2026-07-26T07:11:08.570+0000] {processor.py:840} INFO - DAG(s) 'youtube_english_video_pipeline' retrieved from /opt/airflow/dags/youtube_pipeline.py
[2026-07-26T07:11:08.654+0000] {logging_mixin.py:188} INFO - [2026-07-26T07:11:08.653+0000] {dag.py:3089} INFO - Sync 1 DAGs
[2026-07-26T07:11:08.701+0000] {logging_mixin.py:188} INFO - [2026-07-26T07:11:08.701+0000] {dag.py:3947} INFO - Setting next_dagrun for youtube_english_video_pipeline to 2026-07-25 12:00:00+00:00, run_after=2026-07-26 12:00:00+00:00
[2026-07-26T07:11:08.759+0000] {processor.py:183} INFO - Processing /opt/airflow/dags/youtube_pipeline.py took 0.340 seconds
[2026-07-26T07:11:38.956+0000] {processor.py:161} INFO - Started process (PID=27313) to work on /opt/airflow/dags/youtube_pipeline.py
[2026-07-26T07:11:38.959+0000] {processor.py:830} INFO - Processing file /opt/airflow/dags/youtube_pipeline.py for tasks to queue
[2026-07-26T07:11:38.961+0000] {logging_mixin.py:188} INFO - [2026-07-26T07:11:38.961+0000] {dagbag.py:545} INFO - Filling up the DagBag from /opt/airflow/dags/youtube_pipeline.py
[2026-07-26T07:11:39.069+0000] {processor.py:840} INFO - DAG(s) 'youtube_english_video_pipeline' retrieved from /opt/airflow/dags/youtube_pipeline.py
[2026-07-26T07:11:39.153+0000] {logging_mixin.py:188} INFO - [2026-07-26T07:11:39.153+0000] {dag.py:3089} INFO - Sync 1 DAGs
[2026-07-26T07:11:39.191+0000] {logging_mixin.py:188} INFO - [2026-07-26T07:11:39.191+0000] {dag.py:3947} INFO - Setting next_dagrun for youtube_english_video_pipeline to 2026-07-25 12:00:00+00:00, run_after=2026-07-26 12:00:00+00:00
[2026-07-26T07:11:39.238+0000] {processor.py:183} INFO - Processing /opt/airflow/dags/youtube_pipeline.py took 0.301 seconds
[2026-07-26T07:12:10.045+0000] {processor.py:161} INFO - Started process (PID=27318) to work on /opt/airflow/dags/youtube_pipeline.py
[2026-07-26T07:12:10.052+0000] {processor.py:830} INFO - Processing file /opt/airflow/dags/youtube_pipeline.py for tasks to queue
[2026-07-26T07:12:10.058+0000] {logging_mixin.py:188} INFO - [2026-07-26T07:12:10.058+0000] {dagbag.py:545} INFO - Filling up the DagBag from /opt/airflow/dags/youtube_pipeline.py
[2026-07-26T07:12:10.314+0000] {processor.py:840} INFO - DAG(s) 'youtube_english_video_pipeline' retrieved from /opt/airflow/dags/youtube_pipeline.py
[2026-07-26T07:12:10.418+0000] {logging_mixin.py:188} INFO - [2026-07-26T07:12:10.418+0000] {dag.py:3089} INFO - Sync 1 DAGs
[2026-07-26T07:12:10.468+0000] {logging_mixin.py:188} INFO - [2026-07-26T07:12:10.467+0000] {dag.py:3947} INFO - Setting next_dagrun for youtube_english_video_pipeline to 2026-07-25 12:00:00+00:00, run_after=2026-07-26 12:00:00+00:00
[2026-07-26T07:12:10.539+0000] {processor.py:183} INFO - Processing /opt/airflow/dags/youtube_pipeline.py took 0.512 seconds
[2026-07-26T07:12:41.101+0000] {processor.py:161} INFO - Started process (PID=27323) to work on /opt/airflow/dags/youtube_pipeline.py
[2026-07-26T07:12:41.105+0000] {processor.py:830} INFO - Processing file /opt/airflow/dags/youtube_pipeline.py for tasks to queue
[2026-07-26T07:12:41.108+0000] {logging_mixin.py:188} INFO - [2026-07-26T07:12:41.108+0000] {dagbag.py:545} INFO - Filling up the DagBag from /opt/airflow/dags/youtube_pipeline.py
[2026-07-26T07:12:41.222+0000] {processor.py:840} INFO - DAG(s) 'youtube_english_video_pipeline' retrieved from /opt/airflow/dags/youtube_pipeline.py
[2026-07-26T07:12:41.311+0000] {logging_mixin.py:188} INFO - [2026-07-26T07:12:41.310+0000] {dag.py:3089} INFO - Sync 1 DAGs
[2026-07-26T07:12:41.357+0000] {logging_mixin.py:188} INFO - [2026-07-26T07:12:41.356+0000] {dag.py:3947} INFO - Setting next_dagrun for youtube_english_video_pipeline to 2026-07-25 12:00:00+00:00, run_after=2026-07-26 12:00:00+00:00
[2026-07-26T07:12:41.402+0000] {processor.py:183} INFO - Processing /opt/airflow/dags/youtube_pipeline.py took 0.320 seconds
[2026-07-26T07:13:11.789+0000] {processor.py:161} INFO - Started process (PID=27328) to work on /opt/airflow/dags/youtube_pipeline.py
[2026-07-26T07:13:11.793+0000] {processor.py:830} INFO - Processing file /opt/airflow/dags/youtube_pipeline.py for tasks to queue
[2026-07-26T07:13:11.798+0000] {logging_mixin.py:188} INFO - [2026-07-26T07:13:11.797+0000] {dagbag.py:545} INFO - Filling up the DagBag from /opt/airflow/dags/youtube_pipeline.py
[2026-07-26T07:13:12.021+0000] {processor.py:840} INFO - DAG(s) 'youtube_english_video_pipeline' retrieved from /opt/airflow/dags/youtube_pipeline.py
[2026-07-26T07:13:12.091+0000] {logging_mixin.py:188} INFO - [2026-07-26T07:13:12.091+0000] {dag.py:3089} INFO - Sync 1 DAGs
[2026-07-26T07:13:12.121+0000] {logging_mixin.py:188} INFO - [2026-07-26T07:13:12.121+0000] {dag.py:3947} INFO - Setting next_dagrun for youtube_english_video_pipeline to 2026-07-25 12:00:00+00:00, run_after=2026-07-26 12:00:00+00:00
[2026-07-26T07:13:12.187+0000] {processor.py:183} INFO - Processing /opt/airflow/dags/youtube_pipeline.py took 0.416 seconds
[2026-07-26T07:13:42.783+0000] {processor.py:161} INFO - Started process (PID=27333) to work on /opt/airflow/dags/youtube_pipeline.py
[2026-07-26T07:13:42.787+0000] {processor.py:830} INFO - Processing file /opt/airflow/dags/youtube_pipeline.py for tasks to queue
[2026-07-26T07:13:42.790+0000] {logging_mixin.py:188} INFO - [2026-07-26T07:13:42.789+0000] {dagbag.py:545} INFO - Filling up the DagBag from /opt/airflow/dags/youtube_pipeline.py
[2026-07-26T07:13:42.901+0000] {processor.py:840} INFO - DAG(s) 'youtube_english_video_pipeline' retrieved from /opt/airflow/dags/youtube_pipeline.py
[2026-07-26T07:13:42.976+0000] {logging_mixin.py:188} INFO - [2026-07-26T07:13:42.976+0000] {dag.py:3089} INFO - Sync 1 DAGs
[2026-07-26T07:13:43.018+0000] {logging_mixin.py:188} INFO - [2026-07-26T07:13:43.017+0000] {dag.py:3947} INFO - Setting next_dagrun for youtube_english_video_pipeline to 2026-07-25 12:00:00+00:00, run_after=2026-07-26 12:00:00+00:00
[2026-07-26T07:13:43.066+0000] {processor.py:183} INFO - Processing /opt/airflow/dags/youtube_pipeline.py took 0.300 seconds
[2026-07-26T07:14:13.541+0000] {processor.py:161} INFO - Started process (PID=27338) to work on /opt/airflow/dags/youtube_pipeline.py
[2026-07-26T07:14:13.544+0000] {processor.py:830} INFO - Processing file /opt/airflow/dags/youtube_pipeline.py for tasks to queue
[2026-07-26T07:14:13.546+0000] {logging_mixin.py:188} INFO - [2026-07-26T07:14:13.545+0000] {dagbag.py:545} INFO - Filling up the DagBag from /opt/airflow/dags/youtube_pipeline.py
[2026-07-26T07:14:13.631+0000] {processor.py:840} INFO - DAG(s) 'youtube_english_video_pipeline' retrieved from /opt/airflow/dags/youtube_pipeline.py
[2026-07-26T07:14:13.694+0000] {logging_mixin.py:188} INFO - [2026-07-26T07:14:13.693+0000] {dag.py:3089} INFO - Sync 1 DAGs
[2026-07-26T07:14:13.727+0000] {logging_mixin.py:188} INFO - [2026-07-26T07:14:13.726+0000] {dag.py:3947} INFO - Setting next_dagrun for youtube_english_video_pipeline to 2026-07-25 12:00:00+00:00, run_after=2026-07-26 12:00:00+00:00
[2026-07-26T07:14:13.761+0000] {processor.py:183} INFO - Processing /opt/airflow/dags/youtube_pipeline.py took 0.238 seconds
[2026-07-26T07:14:44.001+0000] {processor.py:161} INFO - Started process (PID=27343) to work on /opt/airflow/dags/youtube_pipeline.py
[2026-07-26T07:14:44.005+0000] {processor.py:830} INFO - Processing file /opt/airflow/dags/youtube_pipeline.py for tasks to queue
[2026-07-26T07:14:44.008+0000] {logging_mixin.py:188} INFO - [2026-07-26T07:14:44.008+0000] {dagbag.py:545} INFO - Filling up the DagBag from /opt/airflow/dags/youtube_pipeline.py
[2026-07-26T07:14:44.123+0000] {processor.py:840} INFO - DAG(s) 'youtube_english_video_pipeline' retrieved from /opt/airflow/dags/youtube_pipeline.py
[2026-07-26T07:14:44.219+0000] {logging_mixin.py:188} INFO - [2026-07-26T07:14:44.219+0000] {dag.py:3089} INFO - Sync 1 DAGs
[2026-07-26T07:14:44.259+0000] {logging_mixin.py:188} INFO - [2026-07-26T07:14:44.258+0000] {dag.py:3947} INFO - Setting next_dagrun for youtube_english_video_pipeline to 2026-07-25 12:00:00+00:00, run_after=2026-07-26 12:00:00+00:00
[2026-07-26T07:14:44.299+0000] {processor.py:183} INFO - Processing /opt/airflow/dags/youtube_pipeline.py took 0.313 seconds
[2026-07-26T07:15:14.580+0000] {processor.py:161} INFO - Started process (PID=27348) to work on /opt/airflow/dags/youtube_pipeline.py
[2026-07-26T07:15:14.583+0000] {processor.py:830} INFO - Processing file /opt/airflow/dags/youtube_pipeline.py for tasks to queue
[2026-07-26T07:15:14.586+0000] {logging_mixin.py:188} INFO - [2026-07-26T07:15:14.585+0000] {dagbag.py:545} INFO - Filling up the DagBag from /opt/airflow/dags/youtube_pipeline.py
[2026-07-26T07:15:14.698+0000] {processor.py:840} INFO - DAG(s) 'youtube_english_video_pipeline' retrieved from /opt/airflow/dags/youtube_pipeline.py
[2026-07-26T07:15:14.781+0000] {logging_mixin.py:188} INFO - [2026-07-26T07:15:14.780+0000] {dag.py:3089} INFO - Sync 1 DAGs
[2026-07-26T07:15:14.828+0000] {logging_mixin.py:188} INFO - [2026-07-26T07:15:14.828+0000] {dag.py:3947} INFO - Setting next_dagrun for youtube_english_video_pipeline to 2026-07-25 12:00:00+00:00, run_after=2026-07-26 12:00:00+00:00
[2026-07-26T07:15:14.873+0000] {processor.py:183} INFO - Processing /opt/airflow/dags/youtube_pipeline.py took 0.307 seconds
[2026-07-26T07:15:45.188+0000] {processor.py:161} INFO - Started process (PID=27353) to work on /opt/airflow/dags/youtube_pipeline.py
[2026-07-26T07:15:45.190+0000] {processor.py:830} INFO - Processing file /opt/airflow/dags/youtube_pipeline.py for tasks to queue
[2026-07-26T07:15:45.194+0000] {logging_mixin.py:188} INFO - [2026-07-26T07:15:45.193+0000] {dagbag.py:545} INFO - Filling up the DagBag from /opt/airflow/dags/youtube_pipeline.py
[2026-07-26T07:15:45.311+0000] {processor.py:840} INFO - DAG(s) 'youtube_english_video_pipeline' retrieved from /opt/airflow/dags/youtube_pipeline.py
[2026-07-26T07:15:45.386+0000] {logging_mixin.py:188} INFO - [2026-07-26T07:15:45.386+0000] {dag.py:3089} INFO - Sync 1 DAGs
[2026-07-26T07:15:45.418+0000] {logging_mixin.py:188} INFO - [2026-07-26T07:15:45.418+0000] {dag.py:3947} INFO - Setting next_dagrun for youtube_english_video_pipeline to 2026-07-25 12:00:00+00:00, run_after=2026-07-26 12:00:00+00:00
[2026-07-26T07:15:45.465+0000] {processor.py:183} INFO - Processing /opt/airflow/dags/youtube_pipeline.py took 0.294 seconds
[2026-07-26T07:16:16.048+0000] {processor.py:161} INFO - Started process (PID=27358) to work on /opt/airflow/dags/youtube_pipeline.py
[2026-07-26T07:16:16.051+0000] {processor.py:830} INFO - Processing file /opt/airflow/dags/youtube_pipeline.py for tasks to queue
[2026-07-26T07:16:16.054+0000] {logging_mixin.py:188} INFO - [2026-07-26T07:16:16.053+0000] {dagbag.py:545} INFO - Filling up the DagBag from /opt/airflow/dags/youtube_pipeline.py
[2026-07-26T07:16:16.158+0000] {processor.py:840} INFO - DAG(s) 'youtube_english_video_pipeline' retrieved from /opt/airflow/dags/youtube_pipeline.py
[2026-07-26T07:16:16.241+0000] {logging_mixin.py:188} INFO - [2026-07-26T07:16:16.240+0000] {dag.py:3089} INFO - Sync 1 DAGs
[2026-07-26T07:16:16.277+0000] {logging_mixin.py:188} INFO - [2026-07-26T07:16:16.277+0000] {dag.py:3947} INFO - Setting next_dagrun for youtube_english_video_pipeline to 2026-07-25 12:00:00+00:00, run_after=2026-07-26 12:00:00+00:00
[2026-07-26T07:16:16.315+0000] {processor.py:183} INFO - Processing /opt/airflow/dags/youtube_pipeline.py took 0.282 seconds
[2026-07-26T07:16:46.859+0000] {processor.py:161} INFO - Started process (PID=27363) to work on /opt/airflow/dags/youtube_pipeline.py
[2026-07-26T07:16:46.863+0000] {processor.py:830} INFO - Processing file /opt/airflow/dags/youtube_pipeline.py for tasks to queue
[2026-07-26T07:16:46.865+0000] {logging_mixin.py:188} INFO - [2026-07-26T07:16:46.864+0000] {dagbag.py:545} INFO - Filling up the DagBag from /opt/airflow/dags/youtube_pipeline.py
[2026-07-26T07:16:46.926+0000] {processor.py:840} INFO - DAG(s) 'youtube_english_video_pipeline' retrieved from /opt/airflow/dags/youtube_pipeline.py
[2026-07-26T07:16:46.981+0000] {logging_mixin.py:188} INFO - [2026-07-26T07:16:46.980+0000] {dag.py:3089} INFO - Sync 1 DAGs
[2026-07-26T07:16:47.014+0000] {logging_mixin.py:188} INFO - [2026-07-26T07:16:47.014+0000] {dag.py:3947} INFO - Setting next_dagrun for youtube_english_video_pipeline to 2026-07-25 12:00:00+00:00, run_after=2026-07-26 12:00:00+00:00
[2026-07-26T07:16:47.051+0000] {processor.py:183} INFO - Processing /opt/airflow/dags/youtube_pipeline.py took 0.202 seconds
[2026-07-26T07:17:17.160+0000] {processor.py:161} INFO - Started process (PID=27368) to work on /opt/airflow/dags/youtube_pipeline.py
[2026-07-26T07:17:17.164+0000] {processor.py:830} INFO - Processing file /opt/airflow/dags/youtube_pipeline.py for tasks to queue
[2026-07-26T07:17:17.167+0000] {logging_mixin.py:188} INFO - [2026-07-26T07:17:17.166+0000] {dagbag.py:545} INFO - Filling up the DagBag from /opt/airflow/dags/youtube_pipeline.py
[2026-07-26T07:17:17.271+0000] {processor.py:840} INFO - DAG(s) 'youtube_english_video_pipeline' retrieved from /opt/airflow/dags/youtube_pipeline.py
[2026-07-26T07:17:17.337+0000] {logging_mixin.py:188} INFO - [2026-07-26T07:17:17.336+0000] {dag.py:3089} INFO - Sync 1 DAGs
[2026-07-26T07:17:17.372+0000] {logging_mixin.py:188} INFO - [2026-07-26T07:17:17.371+0000] {dag.py:3947} INFO - Setting next_dagrun for youtube_english_video_pipeline to 2026-07-25 12:00:00+00:00, run_after=2026-07-26 12:00:00+00:00
[2026-07-26T07:17:17.401+0000] {processor.py:183} INFO - Processing /opt/airflow/dags/youtube_pipeline.py took 0.259 seconds
[2026-07-26T07:17:48.002+0000] {processor.py:161} INFO - Started process (PID=27373) to work on /opt/airflow/dags/youtube_pipeline.py
[2026-07-26T07:17:48.004+0000] {processor.py:830} INFO - Processing file /opt/airflow/dags/youtube_pipeline.py for tasks to queue
[2026-07-26T07:17:48.006+0000] {logging_mixin.py:188} INFO - [2026-07-26T07:17:48.006+0000] {dagbag.py:545} INFO - Filling up the DagBag from /opt/airflow/dags/youtube_pipeline.py
[2026-07-26T07:17:48.166+0000] {processor.py:840} INFO - DAG(s) 'youtube_english_video_pipeline' retrieved from /opt/airflow/dags/youtube_pipeline.py
[2026-07-26T07:17:48.238+0000] {logging_mixin.py:188} INFO - [2026-07-26T07:17:48.238+0000] {dag.py:3089} INFO - Sync 1 DAGs
[2026-07-26T07:17:48.265+0000] {logging_mixin.py:188} INFO - [2026-07-26T07:17:48.265+0000] {dag.py:3947} INFO - Setting next_dagrun for youtube_english_video_pipeline to 2026-07-25 12:00:00+00:00, run_after=2026-07-26 12:00:00+00:00
[2026-07-26T07:17:48.294+0000] {processor.py:183} INFO - Processing /opt/airflow/dags/youtube_pipeline.py took 0.300 seconds
[2026-07-26T07:18:18.754+0000] {processor.py:161} INFO - Started process (PID=27378) to work on /opt/airflow/dags/youtube_pipeline.py
[2026-07-26T07:18:18.757+0000] {processor.py:830} INFO - Processing file /opt/airflow/dags/youtube_pipeline.py for tasks to queue
[2026-07-26T07:18:18.760+0000] {logging_mixin.py:188} INFO - [2026-07-26T07:18:18.759+0000] {dagbag.py:545} INFO - Filling up the DagBag from /opt/airflow/dags/youtube_pipeline.py
[2026-07-26T07:18:18.854+0000] {processor.py:840} INFO - DAG(s) 'youtube_english_video_pipeline' retrieved from /opt/airflow/dags/youtube_pipeline.py
[2026-07-26T07:18:18.922+0000] {logging_mixin.py:188} INFO - [2026-07-26T07:18:18.922+0000] {dag.py:3089} INFO - Sync 1 DAGs
[2026-07-26T07:18:18.950+0000] {logging_mixin.py:188} INFO - [2026-07-26T07:18:18.950+0000] {dag.py:3947} INFO - Setting next_dagrun for youtube_english_video_pipeline to 2026-07-25 12:00:00+00:00, run_after=2026-07-26 12:00:00+00:00
[2026-07-26T07:18:18.990+0000] {processor.py:183} INFO - Processing /opt/airflow/dags/youtube_pipeline.py took 0.249 seconds
[2026-07-26T07:18:49.185+0000] {processor.py:161} INFO - Started process (PID=27383) to work on /opt/airflow/dags/youtube_pipeline.py
[2026-07-26T07:18:49.189+0000] {processor.py:830} INFO - Processing file /opt/airflow/dags/youtube_pipeline.py for tasks to queue
[2026-07-26T07:18:49.191+0000] {logging_mixin.py:188} INFO - [2026-07-26T07:18:49.190+0000] {dagbag.py:545} INFO - Filling up the DagBag from /opt/airflow/dags/youtube_pipeline.py
[2026-07-26T07:18:49.295+0000] {processor.py:840} INFO - DAG(s) 'youtube_english_video_pipeline' retrieved from /opt/airflow/dags/youtube_pipeline.py
[2026-07-26T07:18:49.384+0000] {logging_mixin.py:188} INFO - [2026-07-26T07:18:49.383+0000] {dag.py:3089} INFO - Sync 1 DAGs
[2026-07-26T07:18:49.427+0000] {logging_mixin.py:188} INFO - [2026-07-26T07:18:49.427+0000] {dag.py:3947} INFO - Setting next_dagrun for youtube_english_video_pipeline to 2026-07-25 12:00:00+00:00, run_after=2026-07-26 12:00:00+00:00
[2026-07-26T07:18:49.470+0000] {processor.py:183} INFO - Processing /opt/airflow/dags/youtube_pipeline.py took 0.302 seconds
[2026-07-26T07:19:19.805+0000] {processor.py:161} INFO - Started process (PID=27388) to work on /opt/airflow/dags/youtube_pipeline.py
[2026-07-26T07:19:19.806+0000] {processor.py:830} INFO - Processing file /opt/airflow/dags/youtube_pipeline.py for tasks to queue
[2026-07-26T07:19:19.809+0000] {logging_mixin.py:188} INFO - [2026-07-26T07:19:19.808+0000] {dagbag.py:545} INFO - Filling up the DagBag from /opt/airflow/dags/youtube_pipeline.py
[2026-07-26T07:19:19.903+0000] {processor.py:840} INFO - DAG(s) 'youtube_english_video_pipeline' retrieved from /opt/airflow/dags/youtube_pipeline.py
[2026-07-26T07:19:19.980+0000] {logging_mixin.py:188} INFO - [2026-07-26T07:19:19.979+0000] {dag.py:3089} INFO - Sync 1 DAGs
[2026-07-26T07:19:20.014+0000] {logging_mixin.py:188} INFO - [2026-07-26T07:19:20.014+0000] {dag.py:3947} INFO - Setting next_dagrun for youtube_english_video_pipeline to 2026-07-25 12:00:00+00:00, run_after=2026-07-26 12:00:00+00:00
[2026-07-26T07:19:20.053+0000] {processor.py:183} INFO - Processing /opt/airflow/dags/youtube_pipeline.py took 0.260 seconds
[2026-07-26T07:19:50.233+0000] {processor.py:161} INFO - Started process (PID=27393) to work on /opt/airflow/dags/youtube_pipeline.py
[2026-07-26T07:19:50.235+0000] {processor.py:830} INFO - Processing file /opt/airflow/dags/youtube_pipeline.py for tasks to queue
[2026-07-26T07:19:50.238+0000] {logging_mixin.py:188} INFO - [2026-07-26T07:19:50.237+0000] {dagbag.py:545} INFO - Filling up the DagBag from /opt/airflow/dags/youtube_pipeline.py
[2026-07-26T07:19:50.343+0000] {processor.py:840} INFO - DAG(s) 'youtube_english_video_pipeline' retrieved from /opt/airflow/dags/youtube_pipeline.py
[2026-07-26T07:19:50.433+0000] {logging_mixin.py:188} INFO - [2026-07-26T07:19:50.433+0000] {dag.py:3089} INFO - Sync 1 DAGs
[2026-07-26T07:19:50.471+0000] {logging_mixin.py:188} INFO - [2026-07-26T07:19:50.471+0000] {dag.py:3947} INFO - Setting next_dagrun for youtube_english_video_pipeline to 2026-07-25 12:00:00+00:00, run_after=2026-07-26 12:00:00+00:00
[2026-07-26T07:19:50.509+0000] {processor.py:183} INFO - Processing /opt/airflow/dags/youtube_pipeline.py took 0.291 seconds
[2026-07-26T07:20:20.855+0000] {processor.py:161} INFO - Started process (PID=27398) to work on /opt/airflow/dags/youtube_pipeline.py
[2026-07-26T07:20:20.858+0000] {processor.py:830} INFO - Processing file /opt/airflow/dags/youtube_pipeline.py for tasks to queue
[2026-07-26T07:20:20.860+0000] {logging_mixin.py:188} INFO - [2026-07-26T07:20:20.860+0000] {dagbag.py:545} INFO - Filling up the DagBag from /opt/airflow/dags/youtube_pipeline.py
[2026-07-26T07:20:20.970+0000] {processor.py:840} INFO - DAG(s) 'youtube_english_video_pipeline' retrieved from /opt/airflow/dags/youtube_pipeline.py
[2026-07-26T07:20:21.071+0000] {logging_mixin.py:188} INFO - [2026-07-26T07:20:21.070+0000] {dag.py:3089} INFO - Sync 1 DAGs
[2026-07-26T07:20:21.124+0000] {logging_mixin.py:188} INFO - [2026-07-26T07:20:21.124+0000] {dag.py:3947} INFO - Setting next_dagrun for youtube_english_video_pipeline to 2026-07-25 12:00:00+00:00, run_after=2026-07-26 12:00:00+00:00
[2026-07-26T07:20:21.179+0000] {processor.py:183} INFO - Processing /opt/airflow/dags/youtube_pipeline.py took 0.341 seconds
[2026-07-26T07:20:51.633+0000] {processor.py:161} INFO - Started process (PID=27403) to work on /opt/airflow/dags/youtube_pipeline.py
[2026-07-26T07:20:51.636+0000] {processor.py:830} INFO - Processing file /opt/airflow/dags/youtube_pipeline.py for tasks to queue
[2026-07-26T07:20:51.640+0000] {logging_mixin.py:188} INFO - [2026-07-26T07:20:51.639+0000] {dagbag.py:545} INFO - Filling up the DagBag from /opt/airflow/dags/youtube_pipeline.py
[2026-07-26T07:20:51.761+0000] {processor.py:840} INFO - DAG(s) 'youtube_english_video_pipeline' retrieved from /opt/airflow/dags/youtube_pipeline.py
[2026-07-26T07:20:51.841+0000] {logging_mixin.py:188} INFO - [2026-07-26T07:20:51.841+0000] {dag.py:3089} INFO - Sync 1 DAGs
[2026-07-26T07:20:51.870+0000] {logging_mixin.py:188} INFO - [2026-07-26T07:20:51.870+0000] {dag.py:3947} INFO - Setting next_dagrun for youtube_english_video_pipeline to 2026-07-25 12:00:00+00:00, run_after=2026-07-26 12:00:00+00:00
[2026-07-26T07:20:51.902+0000] {processor.py:183} INFO - Processing /opt/airflow/dags/youtube_pipeline.py took 0.287 seconds
[2026-07-26T07:21:22.185+0000] {processor.py:161} INFO - Started process (PID=27408) to work on /opt/airflow/dags/youtube_pipeline.py
[2026-07-26T07:21:22.188+0000] {processor.py:830} INFO - Processing file /opt/airflow/dags/youtube_pipeline.py for tasks to queue
[2026-07-26T07:21:22.190+0000] {logging_mixin.py:188} INFO - [2026-07-26T07:21:22.190+0000] {dagbag.py:545} INFO - Filling up the DagBag from /opt/airflow/dags/youtube_pipeline.py
[2026-07-26T07:21:22.297+0000] {processor.py:840} INFO - DAG(s) 'youtube_english_video_pipeline' retrieved from /opt/airflow/dags/youtube_pipeline.py
[2026-07-26T07:21:22.360+0000] {logging_mixin.py:188} INFO - [2026-07-26T07:21:22.360+0000] {dag.py:3089} INFO - Sync 1 DAGs
[2026-07-26T07:21:22.387+0000] {logging_mixin.py:188} INFO - [2026-07-26T07:21:22.387+0000] {dag.py:3947} INFO - Setting next_dagrun for youtube_english_video_pipeline to 2026-07-25 12:00:00+00:00, run_after=2026-07-26 12:00:00+00:00
[2026-07-26T07:21:22.421+0000] {processor.py:183} INFO - Processing /opt/airflow/dags/youtube_pipeline.py took 0.253 seconds
[2026-07-26T07:21:52.683+0000] {processor.py:161} INFO - Started process (PID=27413) to work on /opt/airflow/dags/youtube_pipeline.py
[2026-07-26T07:21:52.687+0000] {processor.py:830} INFO - Processing file /opt/airflow/dags/youtube_pipeline.py for tasks to queue
[2026-07-26T07:21:52.690+0000] {logging_mixin.py:188} INFO - [2026-07-26T07:21:52.689+0000] {dagbag.py:545} INFO - Filling up the DagBag from /opt/airflow/dags/youtube_pipeline.py
[2026-07-26T07:21:52.791+0000] {processor.py:840} INFO - DAG(s) 'youtube_english_video_pipeline' retrieved from /opt/airflow/dags/youtube_pipeline.py
[2026-07-26T07:21:52.882+0000] {logging_mixin.py:188} INFO - [2026-07-26T07:21:52.881+0000] {dag.py:3089} INFO - Sync 1 DAGs
[2026-07-26T07:21:52.922+0000] {logging_mixin.py:188} INFO - [2026-07-26T07:21:52.921+0000] {dag.py:3947} INFO - Setting next_dagrun for youtube_english_video_pipeline to 2026-07-25 12:00:00+00:00, run_after=2026-07-26 12:00:00+00:00
[2026-07-26T07:21:52.974+0000] {processor.py:183} INFO - Processing /opt/airflow/dags/youtube_pipeline.py took 0.311 seconds
[2026-07-26T07:22:23.224+0000] {processor.py:161} INFO - Started process (PID=27418) to work on /opt/airflow/dags/youtube_pipeline.py
[2026-07-26T07:22:23.226+0000] {processor.py:830} INFO - Processing file /opt/airflow/dags/youtube_pipeline.py for tasks to queue
[2026-07-26T07:22:23.229+0000] {logging_mixin.py:188} INFO - [2026-07-26T07:22:23.228+0000] {dagbag.py:545} INFO - Filling up the DagBag from /opt/airflow/dags/youtube_pipeline.py
[2026-07-26T07:22:23.311+0000] {processor.py:840} INFO - DAG(s) 'youtube_english_video_pipeline' retrieved from /opt/airflow/dags/youtube_pipeline.py
[2026-07-26T07:22:23.401+0000] {logging_mixin.py:188} INFO - [2026-07-26T07:22:23.401+0000] {dag.py:3089} INFO - Sync 1 DAGs
[2026-07-26T07:22:23.444+0000] {logging_mixin.py:188} INFO - [2026-07-26T07:22:23.443+0000] {dag.py:3947} INFO - Setting next_dagrun for youtube_english_video_pipeline to 2026-07-25 12:00:00+00:00, run_after=2026-07-26 12:00:00+00:00
[2026-07-26T07:22:23.479+0000] {processor.py:183} INFO - Processing /opt/airflow/dags/youtube_pipeline.py took 0.268 seconds
[2026-07-26T07:22:53.732+0000] {processor.py:161} INFO - Started process (PID=27423) to work on /opt/airflow/dags/youtube_pipeline.py
[2026-07-26T07:22:53.736+0000] {processor.py:830} INFO - Processing file /opt/airflow/dags/youtube_pipeline.py for tasks to queue
[2026-07-26T07:22:53.741+0000] {logging_mixin.py:188} INFO - [2026-07-26T07:22:53.739+0000] {dagbag.py:545} INFO - Filling up the DagBag from /opt/airflow/dags/youtube_pipeline.py
[2026-07-26T07:22:53.836+0000] {processor.py:840} INFO - DAG(s) 'youtube_english_video_pipeline' retrieved from /opt/airflow/dags/youtube_pipeline.py
[2026-07-26T07:22:53.934+0000] {logging_mixin.py:188} INFO - [2026-07-26T07:22:53.933+0000] {dag.py:3089} INFO - Sync 1 DAGs
[2026-07-26T07:22:53.988+0000] {logging_mixin.py:188} INFO - [2026-07-26T07:22:53.988+0000] {dag.py:3947} INFO - Setting next_dagrun for youtube_english_video_pipeline to 2026-07-25 12:00:00+00:00, run_after=2026-07-26 12:00:00+00:00
[2026-07-26T07:22:54.030+0000] {processor.py:183} INFO - Processing /opt/airflow/dags/youtube_pipeline.py took 0.318 seconds
[2026-07-26T07:23:24.266+0000] {processor.py:161} INFO - Started process (PID=27428) to work on /opt/airflow/dags/youtube_pipeline.py
[2026-07-26T07:23:24.269+0000] {processor.py:830} INFO - Processing file /opt/airflow/dags/youtube_pipeline.py for tasks to queue
[2026-07-26T07:23:24.271+0000] {logging_mixin.py:188} INFO - [2026-07-26T07:23:24.270+0000] {dagbag.py:545} INFO - Filling up the DagBag from /opt/airflow/dags/youtube_pipeline.py
[2026-07-26T07:23:24.358+0000] {processor.py:840} INFO - DAG(s) 'youtube_english_video_pipeline' retrieved from /opt/airflow/dags/youtube_pipeline.py
[2026-07-26T07:23:24.425+0000] {logging_mixin.py:188} INFO - [2026-07-26T07:23:24.425+0000] {dag.py:3089} INFO - Sync 1 DAGs
[2026-07-26T07:23:24.459+0000] {logging_mixin.py:188} INFO - [2026-07-26T07:23:24.459+0000] {dag.py:3947} INFO - Setting next_dagrun for youtube_english_video_pipeline to 2026-07-25 12:00:00+00:00, run_after=2026-07-26 12:00:00+00:00
[2026-07-26T07:23:24.503+0000] {processor.py:183} INFO - Processing /opt/airflow/dags/youtube_pipeline.py took 0.252 seconds
[2026-07-26T07:23:55.153+0000] {processor.py:161} INFO - Started process (PID=27433) to work on /opt/airflow/dags/youtube_pipeline.py
[2026-07-26T07:23:55.165+0000] {processor.py:830} INFO - Processing file /opt/airflow/dags/youtube_pipeline.py for tasks to queue
[2026-07-26T07:23:55.170+0000] {logging_mixin.py:188} INFO - [2026-07-26T07:23:55.170+0000] {dagbag.py:545} INFO - Filling up the DagBag from /opt/airflow/dags/youtube_pipeline.py
[2026-07-26T07:23:55.592+0000] {processor.py:840} INFO - DAG(s) 'youtube_english_video_pipeline' retrieved from /opt/airflow/dags/youtube_pipeline.py
[2026-07-26T07:23:55.657+0000] {logging_mixin.py:188} INFO - [2026-07-26T07:23:55.657+0000] {dag.py:3089} INFO - Sync 1 DAGs
[2026-07-26T07:23:55.685+0000] {logging_mixin.py:188} INFO - [2026-07-26T07:23:55.684+0000] {dag.py:3947} INFO - Setting next_dagrun for youtube_english_video_pipeline to 2026-07-25 12:00:00+00:00, run_after=2026-07-26 12:00:00+00:00
[2026-07-26T07:23:55.721+0000] {processor.py:183} INFO - Processing /opt/airflow/dags/youtube_pipeline.py took 0.582 seconds
[2026-07-26T07:24:26.110+0000] {processor.py:161} INFO - Started process (PID=27438) to work on /opt/airflow/dags/youtube_pipeline.py
[2026-07-26T07:24:26.112+0000] {processor.py:830} INFO - Processing file /opt/airflow/dags/youtube_pipeline.py for tasks to queue
[2026-07-26T07:24:26.114+0000] {logging_mixin.py:188} INFO - [2026-07-26T07:24:26.114+0000] {dagbag.py:545} INFO - Filling up the DagBag from /opt/airflow/dags/youtube_pipeline.py
[2026-07-26T07:24:26.178+0000] {processor.py:840} INFO - DAG(s) 'youtube_english_video_pipeline' retrieved from /opt/airflow/dags/youtube_pipeline.py
[2026-07-26T07:24:26.221+0000] {logging_mixin.py:188} INFO - [2026-07-26T07:24:26.220+0000] {dag.py:3089} INFO - Sync 1 DAGs
[2026-07-26T07:24:26.244+0000] {logging_mixin.py:188} INFO - [2026-07-26T07:24:26.243+0000] {dag.py:3947} INFO - Setting next_dagrun for youtube_english_video_pipeline to 2026-07-25 12:00:00+00:00, run_after=2026-07-26 12:00:00+00:00
[2026-07-26T07:24:26.263+0000] {processor.py:183} INFO - Processing /opt/airflow/dags/youtube_pipeline.py took 0.159 seconds
[2026-07-26T07:24:56.418+0000] {processor.py:161} INFO - Started process (PID=27443) to work on /opt/airflow/dags/youtube_pipeline.py
[2026-07-26T07:24:56.420+0000] {processor.py:830} INFO - Processing file /opt/airflow/dags/youtube_pipeline.py for tasks to queue
[2026-07-26T07:24:56.422+0000] {logging_mixin.py:188} INFO - [2026-07-26T07:24:56.421+0000] {dagbag.py:545} INFO - Filling up the DagBag from /opt/airflow/dags/youtube_pipeline.py
[2026-07-26T07:24:56.538+0000] {processor.py:840} INFO - DAG(s) 'youtube_english_video_pipeline' retrieved from /opt/airflow/dags/youtube_pipeline.py
[2026-07-26T07:24:56.582+0000] {logging_mixin.py:188} INFO - [2026-07-26T07:24:56.582+0000] {dag.py:3089} INFO - Sync 1 DAGs
[2026-07-26T07:24:56.603+0000] {logging_mixin.py:188} INFO - [2026-07-26T07:24:56.603+0000] {dag.py:3947} INFO - Setting next_dagrun for youtube_english_video_pipeline to 2026-07-25 12:00:00+00:00, run_after=2026-07-26 12:00:00+00:00
[2026-07-26T07:24:56.629+0000] {processor.py:183} INFO - Processing /opt/airflow/dags/youtube_pipeline.py took 0.226 seconds
[2026-07-26T07:25:26.929+0000] {processor.py:161} INFO - Started process (PID=27448) to work on /opt/airflow/dags/youtube_pipeline.py
[2026-07-26T07:25:26.932+0000] {processor.py:830} INFO - Processing file /opt/airflow/dags/youtube_pipeline.py for tasks to queue
[2026-07-26T07:25:26.935+0000] {logging_mixin.py:188} INFO - [2026-07-26T07:25:26.935+0000] {dagbag.py:545} INFO - Filling up the DagBag from /opt/airflow/dags/youtube_pipeline.py
[2026-07-26T07:25:27.204+0000] {processor.py:840} INFO - DAG(s) 'youtube_english_video_pipeline' retrieved from /opt/airflow/dags/youtube_pipeline.py
[2026-07-26T07:25:27.262+0000] {logging_mixin.py:188} INFO - [2026-07-26T07:25:27.262+0000] {dag.py:3089} INFO - Sync 1 DAGs
[2026-07-26T07:25:27.289+0000] {logging_mixin.py:188} INFO - [2026-07-26T07:25:27.288+0000] {dag.py:3947} INFO - Setting next_dagrun for youtube_english_video_pipeline to 2026-07-25 12:00:00+00:00, run_after=2026-07-26 12:00:00+00:00
[2026-07-26T07:25:27.332+0000] {processor.py:183} INFO - Processing /opt/airflow/dags/youtube_pipeline.py took 0.415 seconds
[2026-07-26T07:25:57.714+0000] {processor.py:161} INFO - Started process (PID=27453) to work on /opt/airflow/dags/youtube_pipeline.py
[2026-07-26T07:25:57.717+0000] {processor.py:830} INFO - Processing file /opt/airflow/dags/youtube_pipeline.py for tasks to queue
[2026-07-26T07:25:57.722+0000] {logging_mixin.py:188} INFO - [2026-07-26T07:25:57.722+0000] {dagbag.py:545} INFO - Filling up the DagBag from /opt/airflow/dags/youtube_pipeline.py
[2026-07-26T07:25:57.780+0000] {processor.py:840} INFO - DAG(s) 'youtube_english_video_pipeline' retrieved from /opt/airflow/dags/youtube_pipeline.py
[2026-07-26T07:25:57.822+0000] {logging_mixin.py:188} INFO - [2026-07-26T07:25:57.822+0000] {dag.py:3089} INFO - Sync 1 DAGs
[2026-07-26T07:25:57.840+0000] {logging_mixin.py:188} INFO - [2026-07-26T07:25:57.840+0000] {dag.py:3947} INFO - Setting next_dagrun for youtube_english_video_pipeline to 2026-07-25 12:00:00+00:00, run_after=2026-07-26 12:00:00+00:00
[2026-07-26T07:25:57.865+0000] {processor.py:183} INFO - Processing /opt/airflow/dags/youtube_pipeline.py took 0.164 seconds
[2026-07-26T07:26:27.996+0000] {processor.py:161} INFO - Started process (PID=27458) to work on /opt/airflow/dags/youtube_pipeline.py
[2026-07-26T07:26:27.998+0000] {processor.py:830} INFO - Processing file /opt/airflow/dags/youtube_pipeline.py for tasks to queue
[2026-07-26T07:26:28.000+0000] {logging_mixin.py:188} INFO - [2026-07-26T07:26:27.999+0000] {dagbag.py:545} INFO - Filling up the DagBag from /opt/airflow/dags/youtube_pipeline.py
[2026-07-26T07:26:28.056+0000] {processor.py:840} INFO - DAG(s) 'youtube_english_video_pipeline' retrieved from /opt/airflow/dags/youtube_pipeline.py
[2026-07-26T07:26:28.096+0000] {logging_mixin.py:188} INFO - [2026-07-26T07:26:28.096+0000] {dag.py:3089} INFO - Sync 1 DAGs
[2026-07-26T07:26:28.112+0000] {logging_mixin.py:188} INFO - [2026-07-26T07:26:28.111+0000] {dag.py:3947} INFO - Setting next_dagrun for youtube_english_video_pipeline to 2026-07-25 12:00:00+00:00, run_after=2026-07-26 12:00:00+00:00
[2026-07-26T07:26:28.130+0000] {processor.py:183} INFO - Processing /opt/airflow/dags/youtube_pipeline.py took 0.148 seconds
[2026-07-26T07:26:58.292+0000] {processor.py:161} INFO - Started process (PID=27463) to work on /opt/airflow/dags/youtube_pipeline.py
[2026-07-26T07:26:58.294+0000] {processor.py:830} INFO - Processing file /opt/airflow/dags/youtube_pipeline.py for tasks to queue
[2026-07-26T07:26:58.295+0000] {logging_mixin.py:188} INFO - [2026-07-26T07:26:58.295+0000] {dagbag.py:545} INFO - Filling up the DagBag from /opt/airflow/dags/youtube_pipeline.py
[2026-07-26T07:26:58.344+0000] {processor.py:840} INFO - DAG(s) 'youtube_english_video_pipeline' retrieved from /opt/airflow/dags/youtube_pipeline.py
[2026-07-26T07:26:58.383+0000] {logging_mixin.py:188} INFO - [2026-07-26T07:26:58.383+0000] {dag.py:3089} INFO - Sync 1 DAGs
[2026-07-26T07:26:58.400+0000] {logging_mixin.py:188} INFO - [2026-07-26T07:26:58.400+0000] {dag.py:3947} INFO - Setting next_dagrun for youtube_english_video_pipeline to 2026-07-25 12:00:00+00:00, run_after=2026-07-26 12:00:00+00:00
[2026-07-26T07:26:58.424+0000] {processor.py:183} INFO - Processing /opt/airflow/dags/youtube_pipeline.py took 0.140 seconds
[2026-07-26T07:27:28.740+0000] {processor.py:161} INFO - Started process (PID=27468) to work on /opt/airflow/dags/youtube_pipeline.py
[2026-07-26T07:27:28.741+0000] {processor.py:830} INFO - Processing file /opt/airflow/dags/youtube_pipeline.py for tasks to queue
[2026-07-26T07:27:28.744+0000] {logging_mixin.py:188} INFO - [2026-07-26T07:27:28.743+0000] {dagbag.py:545} INFO - Filling up the DagBag from /opt/airflow/dags/youtube_pipeline.py
[2026-07-26T07:27:28.814+0000] {processor.py:840} INFO - DAG(s) 'youtube_english_video_pipeline' retrieved from /opt/airflow/dags/youtube_pipeline.py
[2026-07-26T07:27:28.859+0000] {logging_mixin.py:188} INFO - [2026-07-26T07:27:28.859+0000] {dag.py:3089} INFO - Sync 1 DAGs
[2026-07-26T07:27:28.877+0000] {logging_mixin.py:188} INFO - [2026-07-26T07:27:28.876+0000] {dag.py:3947} INFO - Setting next_dagrun for youtube_english_video_pipeline to 2026-07-25 12:00:00+00:00, run_after=2026-07-26 12:00:00+00:00
[2026-07-26T07:27:28.903+0000] {processor.py:183} INFO - Processing /opt/airflow/dags/youtube_pipeline.py took 0.176 seconds
[2026-07-26T07:27:59.046+0000] {processor.py:161} INFO - Started process (PID=27473) to work on /opt/airflow/dags/youtube_pipeline.py
[2026-07-26T07:27:59.047+0000] {processor.py:830} INFO - Processing file /opt/airflow/dags/youtube_pipeline.py for tasks to queue
[2026-07-26T07:27:59.049+0000] {logging_mixin.py:188} INFO - [2026-07-26T07:27:59.048+0000] {dagbag.py:545} INFO - Filling up the DagBag from /opt/airflow/dags/youtube_pipeline.py
[2026-07-26T07:27:59.115+0000] {processor.py:840} INFO - DAG(s) 'youtube_english_video_pipeline' retrieved from /opt/airflow/dags/youtube_pipeline.py
[2026-07-26T07:27:59.164+0000] {logging_mixin.py:188} INFO - [2026-07-26T07:27:59.163+0000] {dag.py:3089} INFO - Sync 1 DAGs
[2026-07-26T07:27:59.182+0000] {logging_mixin.py:188} INFO - [2026-07-26T07:27:59.182+0000] {dag.py:3947} INFO - Setting next_dagrun for youtube_english_video_pipeline to 2026-07-25 12:00:00+00:00, run_after=2026-07-26 12:00:00+00:00
[2026-07-26T07:27:59.205+0000] {processor.py:183} INFO - Processing /opt/airflow/dags/youtube_pipeline.py took 0.166 seconds
[2026-07-26T07:28:29.604+0000] {processor.py:161} INFO - Started process (PID=27478) to work on /opt/airflow/dags/youtube_pipeline.py
[2026-07-26T07:28:29.607+0000] {processor.py:830} INFO - Processing file /opt/airflow/dags/youtube_pipeline.py for tasks to queue
[2026-07-26T07:28:29.609+0000] {logging_mixin.py:188} INFO - [2026-07-26T07:28:29.609+0000] {dagbag.py:545} INFO - Filling up the DagBag from /opt/airflow/dags/youtube_pipeline.py
[2026-07-26T07:28:29.724+0000] {processor.py:840} INFO - DAG(s) 'youtube_english_video_pipeline' retrieved from /opt/airflow/dags/youtube_pipeline.py
[2026-07-26T07:28:29.771+0000] {logging_mixin.py:188} INFO - [2026-07-26T07:28:29.771+0000] {dag.py:3089} INFO - Sync 1 DAGs
[2026-07-26T07:28:29.800+0000] {logging_mixin.py:188} INFO - [2026-07-26T07:28:29.800+0000] {dag.py:3947} INFO - Setting next_dagrun for youtube_english_video_pipeline to 2026-07-25 12:00:00+00:00, run_after=2026-07-26 12:00:00+00:00
[2026-07-26T07:28:29.829+0000] {processor.py:183} INFO - Processing /opt/airflow/dags/youtube_pipeline.py took 0.237 seconds
[2026-07-26T07:28:59.920+0000] {processor.py:161} INFO - Started process (PID=27483) to work on /opt/airflow/dags/youtube_pipeline.py
[2026-07-26T07:28:59.924+0000] {processor.py:830} INFO - Processing file /opt/airflow/dags/youtube_pipeline.py for tasks to queue
[2026-07-26T07:28:59.926+0000] {logging_mixin.py:188} INFO - [2026-07-26T07:28:59.926+0000] {dagbag.py:545} INFO - Filling up the DagBag from /opt/airflow/dags/youtube_pipeline.py
[2026-07-26T07:28:59.990+0000] {processor.py:840} INFO - DAG(s) 'youtube_english_video_pipeline' retrieved from /opt/airflow/dags/youtube_pipeline.py
[2026-07-26T07:29:00.034+0000] {logging_mixin.py:188} INFO - [2026-07-26T07:29:00.033+0000] {dag.py:3089} INFO - Sync 1 DAGs
[2026-07-26T07:29:00.064+0000] {logging_mixin.py:188} INFO - [2026-07-26T07:29:00.063+0000] {dag.py:3947} INFO - Setting next_dagrun for youtube_english_video_pipeline to 2026-07-25 12:00:00+00:00, run_after=2026-07-26 12:00:00+00:00
[2026-07-26T07:29:00.085+0000] {processor.py:183} INFO - Processing /opt/airflow/dags/youtube_pipeline.py took 0.175 seconds
[2026-07-26T07:29:30.199+0000] {processor.py:161} INFO - Started process (PID=27488) to work on /opt/airflow/dags/youtube_pipeline.py
[2026-07-26T07:29:30.202+0000] {processor.py:830} INFO - Processing file /opt/airflow/dags/youtube_pipeline.py for tasks to queue
[2026-07-26T07:29:30.204+0000] {logging_mixin.py:188} INFO - [2026-07-26T07:29:30.203+0000] {dagbag.py:545} INFO - Filling up the DagBag from /opt/airflow/dags/youtube_pipeline.py
[2026-07-26T07:29:30.269+0000] {processor.py:840} INFO - DAG(s) 'youtube_english_video_pipeline' retrieved from /opt/airflow/dags/youtube_pipeline.py
[2026-07-26T07:29:30.312+0000] {logging_mixin.py:188} INFO - [2026-07-26T07:29:30.312+0000] {dag.py:3089} INFO - Sync 1 DAGs
[2026-07-26T07:29:30.331+0000] {logging_mixin.py:188} INFO - [2026-07-26T07:29:30.330+0000] {dag.py:3947} INFO - Setting next_dagrun for youtube_english_video_pipeline to 2026-07-25 12:00:00+00:00, run_after=2026-07-26 12:00:00+00:00
[2026-07-26T07:29:30.350+0000] {processor.py:183} INFO - Processing /opt/airflow/dags/youtube_pipeline.py took 0.164 seconds
[2026-07-26T07:30:00.670+0000] {processor.py:161} INFO - Started process (PID=27493) to work on /opt/airflow/dags/youtube_pipeline.py
[2026-07-26T07:30:00.672+0000] {processor.py:830} INFO - Processing file /opt/airflow/dags/youtube_pipeline.py for tasks to queue
[2026-07-26T07:30:00.674+0000] {logging_mixin.py:188} INFO - [2026-07-26T07:30:00.673+0000] {dagbag.py:545} INFO - Filling up the DagBag from /opt/airflow/dags/youtube_pipeline.py
[2026-07-26T07:30:00.749+0000] {processor.py:840} INFO - DAG(s) 'youtube_english_video_pipeline' retrieved from /opt/airflow/dags/youtube_pipeline.py
[2026-07-26T07:30:00.800+0000] {logging_mixin.py:188} INFO - [2026-07-26T07:30:00.800+0000] {dag.py:3089} INFO - Sync 1 DAGs
[2026-07-26T07:30:00.816+0000] {logging_mixin.py:188} INFO - [2026-07-26T07:30:00.816+0000] {dag.py:3947} INFO - Setting next_dagrun for youtube_english_video_pipeline to 2026-07-25 12:00:00+00:00, run_after=2026-07-26 12:00:00+00:00
[2026-07-26T07:30:00.834+0000] {processor.py:183} INFO - Processing /opt/airflow/dags/youtube_pipeline.py took 0.174 seconds
[2026-07-26T07:30:30.993+0000] {processor.py:161} INFO - Started process (PID=27498) to work on /opt/airflow/dags/youtube_pipeline.py
[2026-07-26T07:30:30.996+0000] {processor.py:830} INFO - Processing file /opt/airflow/dags/youtube_pipeline.py for tasks to queue
[2026-07-26T07:30:30.998+0000] {logging_mixin.py:188} INFO - [2026-07-26T07:30:30.997+0000] {dagbag.py:545} INFO - Filling up the DagBag from /opt/airflow/dags/youtube_pipeline.py
[2026-07-26T07:30:31.066+0000] {processor.py:840} INFO - DAG(s) 'youtube_english_video_pipeline' retrieved from /opt/airflow/dags/youtube_pipeline.py
[2026-07-26T07:30:31.112+0000] {logging_mixin.py:188} INFO - [2026-07-26T07:30:31.112+0000] {dag.py:3089} INFO - Sync 1 DAGs
[2026-07-26T07:30:31.132+0000] {logging_mixin.py:188} INFO - [2026-07-26T07:30:31.131+0000] {dag.py:3947} INFO - Setting next_dagrun for youtube_english_video_pipeline to 2026-07-25 12:00:00+00:00, run_after=2026-07-26 12:00:00+00:00
[2026-07-26T07:30:31.152+0000] {processor.py:183} INFO - Processing /opt/airflow/dags/youtube_pipeline.py took 0.172 seconds
[2026-07-26T07:31:01.486+0000] {processor.py:161} INFO - Started process (PID=27503) to work on /opt/airflow/dags/youtube_pipeline.py
[2026-07-26T07:31:01.488+0000] {processor.py:830} INFO - Processing file /opt/airflow/dags/youtube_pipeline.py for tasks to queue
[2026-07-26T07:31:01.490+0000] {logging_mixin.py:188} INFO - [2026-07-26T07:31:01.490+0000] {dagbag.py:545} INFO - Filling up the DagBag from /opt/airflow/dags/youtube_pipeline.py
[2026-07-26T07:31:01.540+0000] {processor.py:840} INFO - DAG(s) 'youtube_english_video_pipeline' retrieved from /opt/airflow/dags/youtube_pipeline.py
[2026-07-26T07:31:01.576+0000] {logging_mixin.py:188} INFO - [2026-07-26T07:31:01.576+0000] {dag.py:3089} INFO - Sync 1 DAGs
[2026-07-26T07:31:01.592+0000] {logging_mixin.py:188} INFO - [2026-07-26T07:31:01.592+0000] {dag.py:3947} INFO - Setting next_dagrun for youtube_english_video_pipeline to 2026-07-25 12:00:00+00:00, run_after=2026-07-26 12:00:00+00:00
[2026-07-26T07:31:01.613+0000] {processor.py:183} INFO - Processing /opt/airflow/dags/youtube_pipeline.py took 0.140 seconds
[2026-07-26T07:31:31.822+0000] {processor.py:161} INFO - Started process (PID=27508) to work on /opt/airflow/dags/youtube_pipeline.py
[2026-07-26T07:31:31.824+0000] {processor.py:830} INFO - Processing file /opt/airflow/dags/youtube_pipeline.py for tasks to queue
[2026-07-26T07:31:31.826+0000] {logging_mixin.py:188} INFO - [2026-07-26T07:31:31.826+0000] {dagbag.py:545} INFO - Filling up the DagBag from /opt/airflow/dags/youtube_pipeline.py
[2026-07-26T07:31:31.882+0000] {processor.py:840} INFO - DAG(s) 'youtube_english_video_pipeline' retrieved from /opt/airflow/dags/youtube_pipeline.py
[2026-07-26T07:31:31.929+0000] {logging_mixin.py:188} INFO - [2026-07-26T07:31:31.929+0000] {dag.py:3089} INFO - Sync 1 DAGs
[2026-07-26T07:31:31.945+0000] {logging_mixin.py:188} INFO - [2026-07-26T07:31:31.945+0000] {dag.py:3947} INFO - Setting next_dagrun for youtube_english_video_pipeline to 2026-07-25 12:00:00+00:00, run_after=2026-07-26 12:00:00+00:00
[2026-07-26T07:31:31.964+0000] {processor.py:183} INFO - Processing /opt/airflow/dags/youtube_pipeline.py took 0.153 seconds
[2026-07-26T07:32:02.163+0000] {processor.py:161} INFO - Started process (PID=27513) to work on /opt/airflow/dags/youtube_pipeline.py
[2026-07-26T07:32:02.166+0000] {processor.py:830} INFO - Processing file /opt/airflow/dags/youtube_pipeline.py for tasks to queue
[2026-07-26T07:32:02.170+0000] {logging_mixin.py:188} INFO - [2026-07-26T07:32:02.169+0000] {dagbag.py:545} INFO - Filling up the DagBag from /opt/airflow/dags/youtube_pipeline.py
[2026-07-26T07:32:02.222+0000] {processor.py:840} INFO - DAG(s) 'youtube_english_video_pipeline' retrieved from /opt/airflow/dags/youtube_pipeline.py
[2026-07-26T07:32:02.259+0000] {logging_mixin.py:188} INFO - [2026-07-26T07:32:02.259+0000] {dag.py:3089} INFO - Sync 1 DAGs
[2026-07-26T07:32:02.275+0000] {logging_mixin.py:188} INFO - [2026-07-26T07:32:02.274+0000] {dag.py:3947} INFO - Setting next_dagrun for youtube_english_video_pipeline to 2026-07-25 12:00:00+00:00, run_after=2026-07-26 12:00:00+00:00
[2026-07-26T07:32:02.293+0000] {processor.py:183} INFO - Processing /opt/airflow/dags/youtube_pipeline.py took 0.141 seconds
[2026-07-26T07:32:32.576+0000] {processor.py:161} INFO - Started process (PID=27518) to work on /opt/airflow/dags/youtube_pipeline.py
[2026-07-26T07:32:32.580+0000] {processor.py:830} INFO - Processing file /opt/airflow/dags/youtube_pipeline.py for tasks to queue
[2026-07-26T07:32:32.583+0000] {logging_mixin.py:188} INFO - [2026-07-26T07:32:32.583+0000] {dagbag.py:545} INFO - Filling up the DagBag from /opt/airflow/dags/youtube_pipeline.py
[2026-07-26T07:32:32.655+0000] {processor.py:840} INFO - DAG(s) 'youtube_english_video_pipeline' retrieved from /opt/airflow/dags/youtube_pipeline.py
[2026-07-26T07:32:32.688+0000] {logging_mixin.py:188} INFO - [2026-07-26T07:32:32.688+0000] {dag.py:3089} INFO - Sync 1 DAGs
[2026-07-26T07:32:32.707+0000] {logging_mixin.py:188} INFO - [2026-07-26T07:32:32.707+0000] {dag.py:3947} INFO - Setting next_dagrun for youtube_english_video_pipeline to 2026-07-25 12:00:00+00:00, run_after=2026-07-26 12:00:00+00:00
[2026-07-26T07:32:32.728+0000] {processor.py:183} INFO - Processing /opt/airflow/dags/youtube_pipeline.py took 0.164 seconds
[2026-07-26T07:33:02.901+0000] {processor.py:161} INFO - Started process (PID=27523) to work on /opt/airflow/dags/youtube_pipeline.py
[2026-07-26T07:33:02.903+0000] {processor.py:830} INFO - Processing file /opt/airflow/dags/youtube_pipeline.py for tasks to queue
[2026-07-26T07:33:02.905+0000] {logging_mixin.py:188} INFO - [2026-07-26T07:33:02.905+0000] {dagbag.py:545} INFO - Filling up the DagBag from /opt/airflow/dags/youtube_pipeline.py
[2026-07-26T07:33:02.973+0000] {processor.py:840} INFO - DAG(s) 'youtube_english_video_pipeline' retrieved from /opt/airflow/dags/youtube_pipeline.py
[2026-07-26T07:33:03.017+0000] {logging_mixin.py:188} INFO - [2026-07-26T07:33:03.016+0000] {dag.py:3089} INFO - Sync 1 DAGs
[2026-07-26T07:33:03.035+0000] {logging_mixin.py:188} INFO - [2026-07-26T07:33:03.035+0000] {dag.py:3947} INFO - Setting next_dagrun for youtube_english_video_pipeline to 2026-07-25 12:00:00+00:00, run_after=2026-07-26 12:00:00+00:00
[2026-07-26T07:33:03.056+0000] {processor.py:183} INFO - Processing /opt/airflow/dags/youtube_pipeline.py took 0.167 seconds
[2026-07-26T07:33:33.373+0000] {processor.py:161} INFO - Started process (PID=27528) to work on /opt/airflow/dags/youtube_pipeline.py
[2026-07-26T07:33:33.375+0000] {processor.py:830} INFO - Processing file /opt/airflow/dags/youtube_pipeline.py for tasks to queue
[2026-07-26T07:33:33.376+0000] {logging_mixin.py:188} INFO - [2026-07-26T07:33:33.376+0000] {dagbag.py:545} INFO - Filling up the DagBag from /opt/airflow/dags/youtube_pipeline.py
[2026-07-26T07:33:33.429+0000] {processor.py:840} INFO - DAG(s) 'youtube_english_video_pipeline' retrieved from /opt/airflow/dags/youtube_pipeline.py
[2026-07-26T07:33:33.481+0000] {logging_mixin.py:188} INFO - [2026-07-26T07:33:33.480+0000] {dag.py:3089} INFO - Sync 1 DAGs
[2026-07-26T07:33:33.501+0000] {logging_mixin.py:188} INFO - [2026-07-26T07:33:33.501+0000] {dag.py:3947} INFO - Setting next_dagrun for youtube_english_video_pipeline to 2026-07-25 12:00:00+00:00, run_after=2026-07-26 12:00:00+00:00
[2026-07-26T07:33:33.532+0000] {processor.py:183} INFO - Processing /opt/airflow/dags/youtube_pipeline.py took 0.168 seconds
[2026-07-26T07:34:03.640+0000] {processor.py:161} INFO - Started process (PID=27533) to work on /opt/airflow/dags/youtube_pipeline.py
[2026-07-26T07:34:03.642+0000] {processor.py:830} INFO - Processing file /opt/airflow/dags/youtube_pipeline.py for tasks to queue
[2026-07-26T07:34:03.644+0000] {logging_mixin.py:188} INFO - [2026-07-26T07:34:03.644+0000] {dagbag.py:545} INFO - Filling up the DagBag from /opt/airflow/dags/youtube_pipeline.py
[2026-07-26T07:34:03.709+0000] {processor.py:840} INFO - DAG(s) 'youtube_english_video_pipeline' retrieved from /opt/airflow/dags/youtube_pipeline.py
[2026-07-26T07:34:03.756+0000] {logging_mixin.py:188} INFO - [2026-07-26T07:34:03.756+0000] {dag.py:3089} INFO - Sync 1 DAGs
[2026-07-26T07:34:03.778+0000] {logging_mixin.py:188} INFO - [2026-07-26T07:34:03.778+0000] {dag.py:3947} INFO - Setting next_dagrun for youtube_english_video_pipeline to 2026-07-25 12:00:00+00:00, run_after=2026-07-26 12:00:00+00:00
[2026-07-26T07:34:03.796+0000] {processor.py:183} INFO - Processing /opt/airflow/dags/youtube_pipeline.py took 0.166 seconds
[2026-07-26T07:34:34.105+0000] {processor.py:161} INFO - Started process (PID=27538) to work on /opt/airflow/dags/youtube_pipeline.py
[2026-07-26T07:34:34.107+0000] {processor.py:830} INFO - Processing file /opt/airflow/dags/youtube_pipeline.py for tasks to queue
[2026-07-26T07:34:34.110+0000] {logging_mixin.py:188} INFO - [2026-07-26T07:34:34.109+0000] {dagbag.py:545} INFO - Filling up the DagBag from /opt/airflow/dags/youtube_pipeline.py
[2026-07-26T07:34:34.182+0000] {processor.py:840} INFO - DAG(s) 'youtube_english_video_pipeline' retrieved from /opt/airflow/dags/youtube_pipeline.py
[2026-07-26T07:34:34.228+0000] {logging_mixin.py:188} INFO - [2026-07-26T07:34:34.228+0000] {dag.py:3089} INFO - Sync 1 DAGs
[2026-07-26T07:34:34.249+0000] {logging_mixin.py:188} INFO - [2026-07-26T07:34:34.248+0000] {dag.py:3947} INFO - Setting next_dagrun for youtube_english_video_pipeline to 2026-07-25 12:00:00+00:00, run_after=2026-07-26 12:00:00+00:00
[2026-07-26T07:34:34.276+0000] {processor.py:183} INFO - Processing /opt/airflow/dags/youtube_pipeline.py took 0.182 seconds
[2026-07-26T07:35:04.356+0000] {processor.py:161} INFO - Started process (PID=27543) to work on /opt/airflow/dags/youtube_pipeline.py
[2026-07-26T07:35:04.357+0000] {processor.py:830} INFO - Processing file /opt/airflow/dags/youtube_pipeline.py for tasks to queue
[2026-07-26T07:35:04.358+0000] {logging_mixin.py:188} INFO - [2026-07-26T07:35:04.358+0000] {dagbag.py:545} INFO - Filling up the DagBag from /opt/airflow/dags/youtube_pipeline.py
[2026-07-26T07:35:04.411+0000] {processor.py:840} INFO - DAG(s) 'youtube_english_video_pipeline' retrieved from /opt/airflow/dags/youtube_pipeline.py
[2026-07-26T07:35:04.458+0000] {logging_mixin.py:188} INFO - [2026-07-26T07:35:04.458+0000] {dag.py:3089} INFO - Sync 1 DAGs
[2026-07-26T07:35:04.477+0000] {logging_mixin.py:188} INFO - [2026-07-26T07:35:04.477+0000] {dag.py:3947} INFO - Setting next_dagrun for youtube_english_video_pipeline to 2026-07-25 12:00:00+00:00, run_after=2026-07-26 12:00:00+00:00
[2026-07-26T07:35:04.495+0000] {processor.py:183} INFO - Processing /opt/airflow/dags/youtube_pipeline.py took 0.146 seconds
[2026-07-26T07:35:34.639+0000] {processor.py:161} INFO - Started process (PID=27548) to work on /opt/airflow/dags/youtube_pipeline.py
[2026-07-26T07:35:34.641+0000] {processor.py:830} INFO - Processing file /opt/airflow/dags/youtube_pipeline.py for tasks to queue
[2026-07-26T07:35:34.642+0000] {logging_mixin.py:188} INFO - [2026-07-26T07:35:34.642+0000] {dagbag.py:545} INFO - Filling up the DagBag from /opt/airflow/dags/youtube_pipeline.py
[2026-07-26T07:35:34.693+0000] {processor.py:840} INFO - DAG(s) 'youtube_english_video_pipeline' retrieved from /opt/airflow/dags/youtube_pipeline.py
[2026-07-26T07:35:34.737+0000] {logging_mixin.py:188} INFO - [2026-07-26T07:35:34.737+0000] {dag.py:3089} INFO - Sync 1 DAGs
[2026-07-26T07:35:34.755+0000] {logging_mixin.py:188} INFO - [2026-07-26T07:35:34.755+0000] {dag.py:3947} INFO - Setting next_dagrun for youtube_english_video_pipeline to 2026-07-25 12:00:00+00:00, run_after=2026-07-26 12:00:00+00:00
[2026-07-26T07:35:34.773+0000] {processor.py:183} INFO - Processing /opt/airflow/dags/youtube_pipeline.py took 0.143 seconds
[2026-07-26T07:36:05.023+0000] {processor.py:161} INFO - Started process (PID=27553) to work on /opt/airflow/dags/youtube_pipeline.py
[2026-07-26T07:36:05.025+0000] {processor.py:830} INFO - Processing file /opt/airflow/dags/youtube_pipeline.py for tasks to queue
[2026-07-26T07:36:05.027+0000] {logging_mixin.py:188} INFO - [2026-07-26T07:36:05.027+0000] {dagbag.py:545} INFO - Filling up the DagBag from /opt/airflow/dags/youtube_pipeline.py
[2026-07-26T07:36:05.080+0000] {processor.py:840} INFO - DAG(s) 'youtube_english_video_pipeline' retrieved from /opt/airflow/dags/youtube_pipeline.py
[2026-07-26T07:36:05.116+0000] {logging_mixin.py:188} INFO - [2026-07-26T07:36:05.116+0000] {dag.py:3089} INFO - Sync 1 DAGs
[2026-07-26T07:36:05.131+0000] {logging_mixin.py:188} INFO - [2026-07-26T07:36:05.131+0000] {dag.py:3947} INFO - Setting next_dagrun for youtube_english_video_pipeline to 2026-07-25 12:00:00+00:00, run_after=2026-07-26 12:00:00+00:00
[2026-07-26T07:36:05.151+0000] {processor.py:183} INFO - Processing /opt/airflow/dags/youtube_pipeline.py took 0.138 seconds
[2026-07-26T07:36:35.409+0000] {processor.py:161} INFO - Started process (PID=27558) to work on /opt/airflow/dags/youtube_pipeline.py
[2026-07-26T07:36:35.410+0000] {processor.py:830} INFO - Processing file /opt/airflow/dags/youtube_pipeline.py for tasks to queue
[2026-07-26T07:36:35.412+0000] {logging_mixin.py:188} INFO - [2026-07-26T07:36:35.411+0000] {dagbag.py:545} INFO - Filling up the DagBag from /opt/airflow/dags/youtube_pipeline.py
[2026-07-26T07:36:35.493+0000] {processor.py:840} INFO - DAG(s) 'youtube_english_video_pipeline' retrieved from /opt/airflow/dags/youtube_pipeline.py
[2026-07-26T07:36:35.529+0000] {logging_mixin.py:188} INFO - [2026-07-26T07:36:35.529+0000] {dag.py:3089} INFO - Sync 1 DAGs
[2026-07-26T07:36:35.547+0000] {logging_mixin.py:188} INFO - [2026-07-26T07:36:35.546+0000] {dag.py:3947} INFO - Setting next_dagrun for youtube_english_video_pipeline to 2026-07-25 12:00:00+00:00, run_after=2026-07-26 12:00:00+00:00
[2026-07-26T07:36:35.565+0000] {processor.py:183} INFO - Processing /opt/airflow/dags/youtube_pipeline.py took 0.168 seconds
[2026-07-26T07:37:05.669+0000] {processor.py:161} INFO - Started process (PID=27563) to work on /opt/airflow/dags/youtube_pipeline.py
[2026-07-26T07:37:05.671+0000] {processor.py:830} INFO - Processing file /opt/airflow/dags/youtube_pipeline.py for tasks to queue
[2026-07-26T07:37:05.673+0000] {logging_mixin.py:188} INFO - [2026-07-26T07:37:05.672+0000] {dagbag.py:545} INFO - Filling up the DagBag from /opt/airflow/dags/youtube_pipeline.py
[2026-07-26T07:37:05.726+0000] {processor.py:840} INFO - DAG(s) 'youtube_english_video_pipeline' retrieved from /opt/airflow/dags/youtube_pipeline.py
[2026-07-26T07:37:05.768+0000] {logging_mixin.py:188} INFO - [2026-07-26T07:37:05.768+0000] {dag.py:3089} INFO - Sync 1 DAGs
[2026-07-26T07:37:05.785+0000] {logging_mixin.py:188} INFO - [2026-07-26T07:37:05.785+0000] {dag.py:3947} INFO - Setting next_dagrun for youtube_english_video_pipeline to 2026-07-25 12:00:00+00:00, run_after=2026-07-26 12:00:00+00:00
[2026-07-26T07:37:05.803+0000] {processor.py:183} INFO - Processing /opt/airflow/dags/youtube_pipeline.py took 0.144 seconds
[2026-07-26T07:37:36.091+0000] {processor.py:161} INFO - Started process (PID=27568) to work on /opt/airflow/dags/youtube_pipeline.py
[2026-07-26T07:37:36.092+0000] {processor.py:830} INFO - Processing file /opt/airflow/dags/youtube_pipeline.py for tasks to queue
[2026-07-26T07:37:36.093+0000] {logging_mixin.py:188} INFO - [2026-07-26T07:37:36.093+0000] {dagbag.py:545} INFO - Filling up the DagBag from /opt/airflow/dags/youtube_pipeline.py
[2026-07-26T07:37:36.130+0000] {processor.py:840} INFO - DAG(s) 'youtube_english_video_pipeline' retrieved from /opt/airflow/dags/youtube_pipeline.py
[2026-07-26T07:37:36.166+0000] {logging_mixin.py:188} INFO - [2026-07-26T07:37:36.166+0000] {dag.py:3089} INFO - Sync 1 DAGs
[2026-07-26T07:37:36.183+0000] {logging_mixin.py:188} INFO - [2026-07-26T07:37:36.183+0000] {dag.py:3947} INFO - Setting next_dagrun for youtube_english_video_pipeline to 2026-07-25 12:00:00+00:00, run_after=2026-07-26 12:00:00+00:00
[2026-07-26T07:37:36.204+0000] {processor.py:183} INFO - Processing /opt/airflow/dags/youtube_pipeline.py took 0.120 seconds
[2026-07-26T07:38:06.424+0000] {processor.py:161} INFO - Started process (PID=27573) to work on /opt/airflow/dags/youtube_pipeline.py
[2026-07-26T07:38:06.427+0000] {processor.py:830} INFO - Processing file /opt/airflow/dags/youtube_pipeline.py for tasks to queue
[2026-07-26T07:38:06.430+0000] {logging_mixin.py:188} INFO - [2026-07-26T07:38:06.430+0000] {dagbag.py:545} INFO - Filling up the DagBag from /opt/airflow/dags/youtube_pipeline.py
[2026-07-26T07:38:06.487+0000] {processor.py:840} INFO - DAG(s) 'youtube_english_video_pipeline' retrieved from /opt/airflow/dags/youtube_pipeline.py
[2026-07-26T07:38:06.538+0000] {logging_mixin.py:188} INFO - [2026-07-26T07:38:06.538+0000] {dag.py:3089} INFO - Sync 1 DAGs
[2026-07-26T07:38:06.575+0000] {logging_mixin.py:188} INFO - [2026-07-26T07:38:06.575+0000] {dag.py:3947} INFO - Setting next_dagrun for youtube_english_video_pipeline to 2026-07-25 12:00:00+00:00, run_after=2026-07-26 12:00:00+00:00
[2026-07-26T07:38:06.620+0000] {processor.py:183} INFO - Processing /opt/airflow/dags/youtube_pipeline.py took 0.208 seconds
[2026-07-26T07:38:36.785+0000] {processor.py:161} INFO - Started process (PID=27578) to work on /opt/airflow/dags/youtube_pipeline.py
[2026-07-26T07:38:36.787+0000] {processor.py:830} INFO - Processing file /opt/airflow/dags/youtube_pipeline.py for tasks to queue
[2026-07-26T07:38:36.788+0000] {logging_mixin.py:188} INFO - [2026-07-26T07:38:36.787+0000] {dagbag.py:545} INFO - Filling up the DagBag from /opt/airflow/dags/youtube_pipeline.py
[2026-07-26T07:38:36.838+0000] {processor.py:840} INFO - DAG(s) 'youtube_english_video_pipeline' retrieved from /opt/airflow/dags/youtube_pipeline.py
[2026-07-26T07:38:36.879+0000] {logging_mixin.py:188} INFO - [2026-07-26T07:38:36.879+0000] {dag.py:3089} INFO - Sync 1 DAGs
[2026-07-26T07:38:36.897+0000] {logging_mixin.py:188} INFO - [2026-07-26T07:38:36.896+0000] {dag.py:3947} INFO - Setting next_dagrun for youtube_english_video_pipeline to 2026-07-25 12:00:00+00:00, run_after=2026-07-26 12:00:00+00:00
[2026-07-26T07:38:36.917+0000] {processor.py:183} INFO - Processing /opt/airflow/dags/youtube_pipeline.py took 0.145 seconds
[2026-07-26T07:39:07.350+0000] {processor.py:161} INFO - Started process (PID=27583) to work on /opt/airflow/dags/youtube_pipeline.py
[2026-07-26T07:39:07.352+0000] {processor.py:830} INFO - Processing file /opt/airflow/dags/youtube_pipeline.py for tasks to queue
[2026-07-26T07:39:07.354+0000] {logging_mixin.py:188} INFO - [2026-07-26T07:39:07.354+0000] {dagbag.py:545} INFO - Filling up the DagBag from /opt/airflow/dags/youtube_pipeline.py
[2026-07-26T07:39:07.418+0000] {processor.py:840} INFO - DAG(s) 'youtube_english_video_pipeline' retrieved from /opt/airflow/dags/youtube_pipeline.py
[2026-07-26T07:39:07.463+0000] {logging_mixin.py:188} INFO - [2026-07-26T07:39:07.463+0000] {dag.py:3089} INFO - Sync 1 DAGs
[2026-07-26T07:39:07.485+0000] {logging_mixin.py:188} INFO - [2026-07-26T07:39:07.485+0000] {dag.py:3947} INFO - Setting next_dagrun for youtube_english_video_pipeline to 2026-07-25 12:00:00+00:00, run_after=2026-07-26 12:00:00+00:00
[2026-07-26T07:39:07.513+0000] {processor.py:183} INFO - Processing /opt/airflow/dags/youtube_pipeline.py took 0.173 seconds
[2026-07-26T07:39:37.780+0000] {processor.py:161} INFO - Started process (PID=27588) to work on /opt/airflow/dags/youtube_pipeline.py
[2026-07-26T07:39:37.781+0000] {processor.py:830} INFO - Processing file /opt/airflow/dags/youtube_pipeline.py for tasks to queue
[2026-07-26T07:39:37.782+0000] {logging_mixin.py:188} INFO - [2026-07-26T07:39:37.781+0000] {dagbag.py:545} INFO - Filling up the DagBag from /opt/airflow/dags/youtube_pipeline.py
[2026-07-26T07:39:37.821+0000] {processor.py:840} INFO - DAG(s) 'youtube_english_video_pipeline' retrieved from /opt/airflow/dags/youtube_pipeline.py
[2026-07-26T07:39:37.865+0000] {logging_mixin.py:188} INFO - [2026-07-26T07:39:37.865+0000] {dag.py:3089} INFO - Sync 1 DAGs
[2026-07-26T07:39:37.883+0000] {logging_mixin.py:188} INFO - [2026-07-26T07:39:37.883+0000] {dag.py:3947} INFO - Setting next_dagrun for youtube_english_video_pipeline to 2026-07-25 12:00:00+00:00, run_after=2026-07-26 12:00:00+00:00
[2026-07-26T07:39:37.902+0000] {processor.py:183} INFO - Processing /opt/airflow/dags/youtube_pipeline.py took 0.128 seconds
[2026-07-26T07:40:08.027+0000] {processor.py:161} INFO - Started process (PID=27593) to work on /opt/airflow/dags/youtube_pipeline.py
[2026-07-26T07:40:08.028+0000] {processor.py:830} INFO - Processing file /opt/airflow/dags/youtube_pipeline.py for tasks to queue
[2026-07-26T07:40:08.029+0000] {logging_mixin.py:188} INFO - [2026-07-26T07:40:08.029+0000] {dagbag.py:545} INFO - Filling up the DagBag from /opt/airflow/dags/youtube_pipeline.py
[2026-07-26T07:40:08.104+0000] {processor.py:840} INFO - DAG(s) 'youtube_english_video_pipeline' retrieved from /opt/airflow/dags/youtube_pipeline.py
[2026-07-26T07:40:08.146+0000] {logging_mixin.py:188} INFO - [2026-07-26T07:40:08.146+0000] {dag.py:3089} INFO - Sync 1 DAGs
[2026-07-26T07:40:08.162+0000] {logging_mixin.py:188} INFO - [2026-07-26T07:40:08.162+0000] {dag.py:3947} INFO - Setting next_dagrun for youtube_english_video_pipeline to 2026-07-25 12:00:00+00:00, run_after=2026-07-26 12:00:00+00:00
[2026-07-26T07:40:08.179+0000] {processor.py:183} INFO - Processing /opt/airflow/dags/youtube_pipeline.py took 0.159 seconds
[2026-07-26T07:40:38.462+0000] {processor.py:161} INFO - Started process (PID=27598) to work on /opt/airflow/dags/youtube_pipeline.py
[2026-07-26T07:40:38.464+0000] {processor.py:830} INFO - Processing file /opt/airflow/dags/youtube_pipeline.py for tasks to queue
[2026-07-26T07:40:38.466+0000] {logging_mixin.py:188} INFO - [2026-07-26T07:40:38.465+0000] {dagbag.py:545} INFO - Filling up the DagBag from /opt/airflow/dags/youtube_pipeline.py
[2026-07-26T07:40:38.684+0000] {processor.py:840} INFO - DAG(s) 'youtube_english_video_pipeline' retrieved from /opt/airflow/dags/youtube_pipeline.py
[2026-07-26T07:40:38.721+0000] {logging_mixin.py:188} INFO - [2026-07-26T07:40:38.721+0000] {dag.py:3089} INFO - Sync 1 DAGs
[2026-07-26T07:40:38.736+0000] {logging_mixin.py:188} INFO - [2026-07-26T07:40:38.736+0000] {dag.py:3947} INFO - Setting next_dagrun for youtube_english_video_pipeline to 2026-07-25 12:00:00+00:00, run_after=2026-07-26 12:00:00+00:00
[2026-07-26T07:40:38.761+0000] {processor.py:183} INFO - Processing /opt/airflow/dags/youtube_pipeline.py took 0.311 seconds
[2026-07-26T07:41:09.083+0000] {processor.py:161} INFO - Started process (PID=27603) to work on /opt/airflow/dags/youtube_pipeline.py
[2026-07-26T07:41:09.084+0000] {processor.py:830} INFO - Processing file /opt/airflow/dags/youtube_pipeline.py for tasks to queue
[2026-07-26T07:41:09.086+0000] {logging_mixin.py:188} INFO - [2026-07-26T07:41:09.085+0000] {dagbag.py:545} INFO - Filling up the DagBag from /opt/airflow/dags/youtube_pipeline.py
[2026-07-26T07:41:09.132+0000] {processor.py:840} INFO - DAG(s) 'youtube_english_video_pipeline' retrieved from /opt/airflow/dags/youtube_pipeline.py
[2026-07-26T07:41:09.164+0000] {logging_mixin.py:188} INFO - [2026-07-26T07:41:09.164+0000] {dag.py:3089} INFO - Sync 1 DAGs
[2026-07-26T07:41:09.179+0000] {logging_mixin.py:188} INFO - [2026-07-26T07:41:09.179+0000] {dag.py:3947} INFO - Setting next_dagrun for youtube_english_video_pipeline to 2026-07-25 12:00:00+00:00, run_after=2026-07-26 12:00:00+00:00
[2026-07-26T07:41:09.200+0000] {processor.py:183} INFO - Processing /opt/airflow/dags/youtube_pipeline.py took 0.129 seconds
[2026-07-26T07:41:39.405+0000] {processor.py:161} INFO - Started process (PID=27608) to work on /opt/airflow/dags/youtube_pipeline.py
[2026-07-26T07:41:39.414+0000] {processor.py:830} INFO - Processing file /opt/airflow/dags/youtube_pipeline.py for tasks to queue
[2026-07-26T07:41:39.416+0000] {logging_mixin.py:188} INFO - [2026-07-26T07:41:39.416+0000] {dagbag.py:545} INFO - Filling up the DagBag from /opt/airflow/dags/youtube_pipeline.py
[2026-07-26T07:41:39.485+0000] {processor.py:840} INFO - DAG(s) 'youtube_english_video_pipeline' retrieved from /opt/airflow/dags/youtube_pipeline.py
[2026-07-26T07:41:39.517+0000] {logging_mixin.py:188} INFO - [2026-07-26T07:41:39.517+0000] {dag.py:3089} INFO - Sync 1 DAGs
[2026-07-26T07:41:39.533+0000] {logging_mixin.py:188} INFO - [2026-07-26T07:41:39.533+0000] {dag.py:3947} INFO - Setting next_dagrun for youtube_english_video_pipeline to 2026-07-25 12:00:00+00:00, run_after=2026-07-26 12:00:00+00:00
[2026-07-26T07:41:39.550+0000] {processor.py:183} INFO - Processing /opt/airflow/dags/youtube_pipeline.py took 0.163 seconds
[2026-07-26T07:42:09.833+0000] {processor.py:161} INFO - Started process (PID=27613) to work on /opt/airflow/dags/youtube_pipeline.py
[2026-07-26T07:42:09.836+0000] {processor.py:830} INFO - Processing file /opt/airflow/dags/youtube_pipeline.py for tasks to queue
[2026-07-26T07:42:09.838+0000] {logging_mixin.py:188} INFO - [2026-07-26T07:42:09.837+0000] {dagbag.py:545} INFO - Filling up the DagBag from /opt/airflow/dags/youtube_pipeline.py
[2026-07-26T07:42:09.901+0000] {processor.py:840} INFO - DAG(s) 'youtube_english_video_pipeline' retrieved from /opt/airflow/dags/youtube_pipeline.py
[2026-07-26T07:42:09.947+0000] {logging_mixin.py:188} INFO - [2026-07-26T07:42:09.946+0000] {dag.py:3089} INFO - Sync 1 DAGs
[2026-07-26T07:42:09.961+0000] {logging_mixin.py:188} INFO - [2026-07-26T07:42:09.961+0000] {dag.py:3947} INFO - Setting next_dagrun for youtube_english_video_pipeline to 2026-07-25 12:00:00+00:00, run_after=2026-07-26 12:00:00+00:00
[2026-07-26T07:42:09.978+0000] {processor.py:183} INFO - Processing /opt/airflow/dags/youtube_pipeline.py took 0.158 seconds
[2026-07-26T07:42:40.179+0000] {processor.py:161} INFO - Started process (PID=27618) to work on /opt/airflow/dags/youtube_pipeline.py
[2026-07-26T07:42:40.181+0000] {processor.py:830} INFO - Processing file /opt/airflow/dags/youtube_pipeline.py for tasks to queue
[2026-07-26T07:42:40.184+0000] {logging_mixin.py:188} INFO - [2026-07-26T07:42:40.183+0000] {dagbag.py:545} INFO - Filling up the DagBag from /opt/airflow/dags/youtube_pipeline.py
[2026-07-26T07:42:40.247+0000] {processor.py:840} INFO - DAG(s) 'youtube_english_video_pipeline' retrieved from /opt/airflow/dags/youtube_pipeline.py
[2026-07-26T07:42:40.285+0000] {logging_mixin.py:188} INFO - [2026-07-26T07:42:40.285+0000] {dag.py:3089} INFO - Sync 1 DAGs
[2026-07-26T07:42:40.301+0000] {logging_mixin.py:188} INFO - [2026-07-26T07:42:40.301+0000] {dag.py:3947} INFO - Setting next_dagrun for youtube_english_video_pipeline to 2026-07-25 12:00:00+00:00, run_after=2026-07-26 12:00:00+00:00
[2026-07-26T07:42:40.320+0000] {processor.py:183} INFO - Processing /opt/airflow/dags/youtube_pipeline.py took 0.157 seconds
[2026-07-26T07:43:10.543+0000] {processor.py:161} INFO - Started process (PID=27623) to work on /opt/airflow/dags/youtube_pipeline.py
[2026-07-26T07:43:10.545+0000] {processor.py:830} INFO - Processing file /opt/airflow/dags/youtube_pipeline.py for tasks to queue
[2026-07-26T07:43:10.548+0000] {logging_mixin.py:188} INFO - [2026-07-26T07:43:10.547+0000] {dagbag.py:545} INFO - Filling up the DagBag from /opt/airflow/dags/youtube_pipeline.py
[2026-07-26T07:43:10.626+0000] {processor.py:840} INFO - DAG(s) 'youtube_english_video_pipeline' retrieved from /opt/airflow/dags/youtube_pipeline.py
[2026-07-26T07:43:10.672+0000] {logging_mixin.py:188} INFO - [2026-07-26T07:43:10.672+0000] {dag.py:3089} INFO - Sync 1 DAGs
[2026-07-26T07:43:10.688+0000] {logging_mixin.py:188} INFO - [2026-07-26T07:43:10.688+0000] {dag.py:3947} INFO - Setting next_dagrun for youtube_english_video_pipeline to 2026-07-25 12:00:00+00:00, run_after=2026-07-26 12:00:00+00:00
[2026-07-26T07:43:10.704+0000] {processor.py:183} INFO - Processing /opt/airflow/dags/youtube_pipeline.py took 0.176 seconds
[2026-07-26T07:43:40.905+0000] {processor.py:161} INFO - Started process (PID=27628) to work on /opt/airflow/dags/youtube_pipeline.py
[2026-07-26T07:43:40.907+0000] {processor.py:830} INFO - Processing file /opt/airflow/dags/youtube_pipeline.py for tasks to queue
[2026-07-26T07:43:40.908+0000] {logging_mixin.py:188} INFO - [2026-07-26T07:43:40.908+0000] {dagbag.py:545} INFO - Filling up the DagBag from /opt/airflow/dags/youtube_pipeline.py
[2026-07-26T07:43:40.961+0000] {processor.py:840} INFO - DAG(s) 'youtube_english_video_pipeline' retrieved from /opt/airflow/dags/youtube_pipeline.py
[2026-07-26T07:43:41.001+0000] {logging_mixin.py:188} INFO - [2026-07-26T07:43:41.001+0000] {dag.py:3089} INFO - Sync 1 DAGs
[2026-07-26T07:43:41.027+0000] {logging_mixin.py:188} INFO - [2026-07-26T07:43:41.027+0000] {dag.py:3947} INFO - Setting next_dagrun for youtube_english_video_pipeline to 2026-07-25 12:00:00+00:00, run_after=2026-07-26 12:00:00+00:00
[2026-07-26T07:43:41.047+0000] {processor.py:183} INFO - Processing /opt/airflow/dags/youtube_pipeline.py took 0.152 seconds
[2026-07-26T07:44:11.336+0000] {processor.py:161} INFO - Started process (PID=27633) to work on /opt/airflow/dags/youtube_pipeline.py
[2026-07-26T07:44:11.338+0000] {processor.py:830} INFO - Processing file /opt/airflow/dags/youtube_pipeline.py for tasks to queue
[2026-07-26T07:44:11.340+0000] {logging_mixin.py:188} INFO - [2026-07-26T07:44:11.339+0000] {dagbag.py:545} INFO - Filling up the DagBag from /opt/airflow/dags/youtube_pipeline.py
[2026-07-26T07:44:11.408+0000] {processor.py:840} INFO - DAG(s) 'youtube_english_video_pipeline' retrieved from /opt/airflow/dags/youtube_pipeline.py
[2026-07-26T07:44:11.447+0000] {logging_mixin.py:188} INFO - [2026-07-26T07:44:11.447+0000] {dag.py:3089} INFO - Sync 1 DAGs
[2026-07-26T07:44:11.468+0000] {logging_mixin.py:188} INFO - [2026-07-26T07:44:11.468+0000] {dag.py:3947} INFO - Setting next_dagrun for youtube_english_video_pipeline to 2026-07-25 12:00:00+00:00, run_after=2026-07-26 12:00:00+00:00
[2026-07-26T07:44:11.488+0000] {processor.py:183} INFO - Processing /opt/airflow/dags/youtube_pipeline.py took 0.162 seconds
[2026-07-26T07:44:41.682+0000] {processor.py:161} INFO - Started process (PID=27638) to work on /opt/airflow/dags/youtube_pipeline.py
[2026-07-26T07:44:41.684+0000] {processor.py:830} INFO - Processing file /opt/airflow/dags/youtube_pipeline.py for tasks to queue
[2026-07-26T07:44:41.686+0000] {logging_mixin.py:188} INFO - [2026-07-26T07:44:41.686+0000] {dagbag.py:545} INFO - Filling up the DagBag from /opt/airflow/dags/youtube_pipeline.py
[2026-07-26T07:44:41.766+0000] {processor.py:840} INFO - DAG(s) 'youtube_english_video_pipeline' retrieved from /opt/airflow/dags/youtube_pipeline.py
[2026-07-26T07:44:41.809+0000] {logging_mixin.py:188} INFO - [2026-07-26T07:44:41.809+0000] {dag.py:3089} INFO - Sync 1 DAGs
[2026-07-26T07:44:41.846+0000] {logging_mixin.py:188} INFO - [2026-07-26T07:44:41.846+0000] {dag.py:3947} INFO - Setting next_dagrun for youtube_english_video_pipeline to 2026-07-25 12:00:00+00:00, run_after=2026-07-26 12:00:00+00:00
[2026-07-26T07:44:41.868+0000] {processor.py:183} INFO - Processing /opt/airflow/dags/youtube_pipeline.py took 0.197 seconds
[2026-07-26T07:45:12.116+0000] {processor.py:161} INFO - Started process (PID=27643) to work on /opt/airflow/dags/youtube_pipeline.py
[2026-07-26T07:45:12.121+0000] {processor.py:830} INFO - Processing file /opt/airflow/dags/youtube_pipeline.py for tasks to queue
[2026-07-26T07:45:12.122+0000] {logging_mixin.py:188} INFO - [2026-07-26T07:45:12.122+0000] {dagbag.py:545} INFO - Filling up the DagBag from /opt/airflow/dags/youtube_pipeline.py
[2026-07-26T07:45:12.185+0000] {processor.py:840} INFO - DAG(s) 'youtube_english_video_pipeline' retrieved from /opt/airflow/dags/youtube_pipeline.py
[2026-07-26T07:45:12.220+0000] {logging_mixin.py:188} INFO - [2026-07-26T07:45:12.220+0000] {dag.py:3089} INFO - Sync 1 DAGs
[2026-07-26T07:45:12.241+0000] {logging_mixin.py:188} INFO - [2026-07-26T07:45:12.241+0000] {dag.py:3947} INFO - Setting next_dagrun for youtube_english_video_pipeline to 2026-07-25 12:00:00+00:00, run_after=2026-07-26 12:00:00+00:00
[2026-07-26T07:45:12.264+0000] {processor.py:183} INFO - Processing /opt/airflow/dags/youtube_pipeline.py took 0.159 seconds
[2026-07-26T07:45:42.483+0000] {processor.py:161} INFO - Started process (PID=27648) to work on /opt/airflow/dags/youtube_pipeline.py
[2026-07-26T07:45:42.485+0000] {processor.py:830} INFO - Processing file /opt/airflow/dags/youtube_pipeline.py for tasks to queue
[2026-07-26T07:45:42.486+0000] {logging_mixin.py:188} INFO - [2026-07-26T07:45:42.486+0000] {dagbag.py:545} INFO - Filling up the DagBag from /opt/airflow/dags/youtube_pipeline.py
[2026-07-26T07:45:42.548+0000] {processor.py:840} INFO - DAG(s) 'youtube_english_video_pipeline' retrieved from /opt/airflow/dags/youtube_pipeline.py
[2026-07-26T07:45:42.601+0000] {logging_mixin.py:188} INFO - [2026-07-26T07:45:42.601+0000] {dag.py:3089} INFO - Sync 1 DAGs
[2026-07-26T07:45:42.624+0000] {logging_mixin.py:188} INFO - [2026-07-26T07:45:42.624+0000] {dag.py:3947} INFO - Setting next_dagrun for youtube_english_video_pipeline to 2026-07-25 12:00:00+00:00, run_after=2026-07-26 12:00:00+00:00
[2026-07-26T07:45:42.650+0000] {processor.py:183} INFO - Processing /opt/airflow/dags/youtube_pipeline.py took 0.179 seconds
[2026-07-26T07:46:12.935+0000] {processor.py:161} INFO - Started process (PID=27653) to work on /opt/airflow/dags/youtube_pipeline.py
[2026-07-26T07:46:12.937+0000] {processor.py:830} INFO - Processing file /opt/airflow/dags/youtube_pipeline.py for tasks to queue
[2026-07-26T07:46:12.939+0000] {logging_mixin.py:188} INFO - [2026-07-26T07:46:12.939+0000] {dagbag.py:545} INFO - Filling up the DagBag from /opt/airflow/dags/youtube_pipeline.py
[2026-07-26T07:46:12.997+0000] {processor.py:840} INFO - DAG(s) 'youtube_english_video_pipeline' retrieved from /opt/airflow/dags/youtube_pipeline.py
[2026-07-26T07:46:13.041+0000] {logging_mixin.py:188} INFO - [2026-07-26T07:46:13.041+0000] {dag.py:3089} INFO - Sync 1 DAGs
[2026-07-26T07:46:13.061+0000] {logging_mixin.py:188} INFO - [2026-07-26T07:46:13.061+0000] {dag.py:3947} INFO - Setting next_dagrun for youtube_english_video_pipeline to 2026-07-25 12:00:00+00:00, run_after=2026-07-26 12:00:00+00:00
[2026-07-26T07:46:13.087+0000] {processor.py:183} INFO - Processing /opt/airflow/dags/youtube_pipeline.py took 0.164 seconds
[2026-07-26T07:46:43.287+0000] {processor.py:161} INFO - Started process (PID=27658) to work on /opt/airflow/dags/youtube_pipeline.py
[2026-07-26T07:46:43.291+0000] {processor.py:830} INFO - Processing file /opt/airflow/dags/youtube_pipeline.py for tasks to queue
[2026-07-26T07:46:43.292+0000] {logging_mixin.py:188} INFO - [2026-07-26T07:46:43.291+0000] {dagbag.py:545} INFO - Filling up the DagBag from /opt/airflow/dags/youtube_pipeline.py
[2026-07-26T07:46:43.352+0000] {processor.py:840} INFO - DAG(s) 'youtube_english_video_pipeline' retrieved from /opt/airflow/dags/youtube_pipeline.py
[2026-07-26T07:46:43.394+0000] {logging_mixin.py:188} INFO - [2026-07-26T07:46:43.394+0000] {dag.py:3089} INFO - Sync 1 DAGs
[2026-07-26T07:46:43.414+0000] {logging_mixin.py:188} INFO - [2026-07-26T07:46:43.414+0000] {dag.py:3947} INFO - Setting next_dagrun for youtube_english_video_pipeline to 2026-07-25 12:00:00+00:00, run_after=2026-07-26 12:00:00+00:00
[2026-07-26T07:46:43.432+0000] {processor.py:183} INFO - Processing /opt/airflow/dags/youtube_pipeline.py took 0.157 seconds
[2026-07-26T07:47:13.687+0000] {processor.py:161} INFO - Started process (PID=27663) to work on /opt/airflow/dags/youtube_pipeline.py
[2026-07-26T07:47:13.688+0000] {processor.py:830} INFO - Processing file /opt/airflow/dags/youtube_pipeline.py for tasks to queue
[2026-07-26T07:47:13.690+0000] {logging_mixin.py:188} INFO - [2026-07-26T07:47:13.689+0000] {dagbag.py:545} INFO - Filling up the DagBag from /opt/airflow/dags/youtube_pipeline.py
[2026-07-26T07:47:13.782+0000] {processor.py:840} INFO - DAG(s) 'youtube_english_video_pipeline' retrieved from /opt/airflow/dags/youtube_pipeline.py
[2026-07-26T07:47:13.821+0000] {logging_mixin.py:188} INFO - [2026-07-26T07:47:13.821+0000] {dag.py:3089} INFO - Sync 1 DAGs
[2026-07-26T07:47:13.840+0000] {logging_mixin.py:188} INFO - [2026-07-26T07:47:13.840+0000] {dag.py:3947} INFO - Setting next_dagrun for youtube_english_video_pipeline to 2026-07-25 12:00:00+00:00, run_after=2026-07-26 12:00:00+00:00
[2026-07-26T07:47:13.857+0000] {processor.py:183} INFO - Processing /opt/airflow/dags/youtube_pipeline.py took 0.184 seconds
[2026-07-26T07:47:44.042+0000] {processor.py:161} INFO - Started process (PID=27668) to work on /opt/airflow/dags/youtube_pipeline.py
[2026-07-26T07:47:44.047+0000] {processor.py:830} INFO - Processing file /opt/airflow/dags/youtube_pipeline.py for tasks to queue
[2026-07-26T07:47:44.048+0000] {logging_mixin.py:188} INFO - [2026-07-26T07:47:44.048+0000] {dagbag.py:545} INFO - Filling up the DagBag from /opt/airflow/dags/youtube_pipeline.py
[2026-07-26T07:47:44.143+0000] {processor.py:840} INFO - DAG(s) 'youtube_english_video_pipeline' retrieved from /opt/airflow/dags/youtube_pipeline.py
[2026-07-26T07:47:44.179+0000] {logging_mixin.py:188} INFO - [2026-07-26T07:47:44.179+0000] {dag.py:3089} INFO - Sync 1 DAGs
[2026-07-26T07:47:44.195+0000] {logging_mixin.py:188} INFO - [2026-07-26T07:47:44.195+0000] {dag.py:3947} INFO - Setting next_dagrun for youtube_english_video_pipeline to 2026-07-25 12:00:00+00:00, run_after=2026-07-26 12:00:00+00:00
[2026-07-26T07:47:44.212+0000] {processor.py:183} INFO - Processing /opt/airflow/dags/youtube_pipeline.py took 0.183 seconds
[2026-07-26T07:48:14.452+0000] {processor.py:161} INFO - Started process (PID=27673) to work on /opt/airflow/dags/youtube_pipeline.py
[2026-07-26T07:48:14.454+0000] {processor.py:830} INFO - Processing file /opt/airflow/dags/youtube_pipeline.py for tasks to queue
[2026-07-26T07:48:14.456+0000] {logging_mixin.py:188} INFO - [2026-07-26T07:48:14.455+0000] {dagbag.py:545} INFO - Filling up the DagBag from /opt/airflow/dags/youtube_pipeline.py
[2026-07-26T07:48:14.552+0000] {processor.py:840} INFO - DAG(s) 'youtube_english_video_pipeline' retrieved from /opt/airflow/dags/youtube_pipeline.py
[2026-07-26T07:48:14.605+0000] {logging_mixin.py:188} INFO - [2026-07-26T07:48:14.605+0000] {dag.py:3089} INFO - Sync 1 DAGs
[2026-07-26T07:48:14.638+0000] {logging_mixin.py:188} INFO - [2026-07-26T07:48:14.638+0000] {dag.py:3947} INFO - Setting next_dagrun for youtube_english_video_pipeline to 2026-07-25 12:00:00+00:00, run_after=2026-07-26 12:00:00+00:00
[2026-07-26T07:48:14.666+0000] {processor.py:183} INFO - Processing /opt/airflow/dags/youtube_pipeline.py took 0.220 seconds
[2026-07-26T07:48:44.880+0000] {processor.py:161} INFO - Started process (PID=27678) to work on /opt/airflow/dags/youtube_pipeline.py
[2026-07-26T07:48:44.882+0000] {processor.py:830} INFO - Processing file /opt/airflow/dags/youtube_pipeline.py for tasks to queue
[2026-07-26T07:48:44.883+0000] {logging_mixin.py:188} INFO - [2026-07-26T07:48:44.883+0000] {dagbag.py:545} INFO - Filling up the DagBag from /opt/airflow/dags/youtube_pipeline.py
[2026-07-26T07:48:44.946+0000] {processor.py:840} INFO - DAG(s) 'youtube_english_video_pipeline' retrieved from /opt/airflow/dags/youtube_pipeline.py
[2026-07-26T07:48:45.001+0000] {logging_mixin.py:188} INFO - [2026-07-26T07:48:45.000+0000] {dag.py:3089} INFO - Sync 1 DAGs
[2026-07-26T07:48:45.020+0000] {logging_mixin.py:188} INFO - [2026-07-26T07:48:45.020+0000] {dag.py:3947} INFO - Setting next_dagrun for youtube_english_video_pipeline to 2026-07-25 12:00:00+00:00, run_after=2026-07-26 12:00:00+00:00
[2026-07-26T07:48:45.040+0000] {processor.py:183} INFO - Processing /opt/airflow/dags/youtube_pipeline.py took 0.173 seconds
[2026-07-26T07:49:15.336+0000] {processor.py:161} INFO - Started process (PID=27683) to work on /opt/airflow/dags/youtube_pipeline.py
[2026-07-26T07:49:15.338+0000] {processor.py:830} INFO - Processing file /opt/airflow/dags/youtube_pipeline.py for tasks to queue
[2026-07-26T07:49:15.340+0000] {logging_mixin.py:188} INFO - [2026-07-26T07:49:15.339+0000] {dagbag.py:545} INFO - Filling up the DagBag from /opt/airflow/dags/youtube_pipeline.py
[2026-07-26T07:49:15.400+0000] {processor.py:840} INFO - DAG(s) 'youtube_english_video_pipeline' retrieved from /opt/airflow/dags/youtube_pipeline.py
[2026-07-26T07:49:15.442+0000] {logging_mixin.py:188} INFO - [2026-07-26T07:49:15.442+0000] {dag.py:3089} INFO - Sync 1 DAGs
[2026-07-26T07:49:15.464+0000] {logging_mixin.py:188} INFO - [2026-07-26T07:49:15.464+0000] {dag.py:3947} INFO - Setting next_dagrun for youtube_english_video_pipeline to 2026-07-25 12:00:00+00:00, run_after=2026-07-26 12:00:00+00:00
[2026-07-26T07:49:15.486+0000] {processor.py:183} INFO - Processing /opt/airflow/dags/youtube_pipeline.py took 0.161 seconds
[2026-07-26T07:49:45.739+0000] {processor.py:161} INFO - Started process (PID=27688) to work on /opt/airflow/dags/youtube_pipeline.py
[2026-07-26T07:49:45.742+0000] {processor.py:830} INFO - Processing file /opt/airflow/dags/youtube_pipeline.py for tasks to queue
[2026-07-26T07:49:45.748+0000] {logging_mixin.py:188} INFO - [2026-07-26T07:49:45.747+0000] {dagbag.py:545} INFO - Filling up the DagBag from /opt/airflow/dags/youtube_pipeline.py
[2026-07-26T07:49:45.944+0000] {processor.py:840} INFO - DAG(s) 'youtube_english_video_pipeline' retrieved from /opt/airflow/dags/youtube_pipeline.py
[2026-07-26T07:49:45.992+0000] {logging_mixin.py:188} INFO - [2026-07-26T07:49:45.991+0000] {dag.py:3089} INFO - Sync 1 DAGs
[2026-07-26T07:49:46.010+0000] {logging_mixin.py:188} INFO - [2026-07-26T07:49:46.010+0000] {dag.py:3947} INFO - Setting next_dagrun for youtube_english_video_pipeline to 2026-07-25 12:00:00+00:00, run_after=2026-07-26 12:00:00+00:00
[2026-07-26T07:49:46.035+0000] {processor.py:183} INFO - Processing /opt/airflow/dags/youtube_pipeline.py took 0.308 seconds
[2026-07-26T07:50:16.399+0000] {processor.py:161} INFO - Started process (PID=27693) to work on /opt/airflow/dags/youtube_pipeline.py
[2026-07-26T07:50:16.400+0000] {processor.py:830} INFO - Processing file /opt/airflow/dags/youtube_pipeline.py for tasks to queue
[2026-07-26T07:50:16.402+0000] {logging_mixin.py:188} INFO - [2026-07-26T07:50:16.401+0000] {dagbag.py:545} INFO - Filling up the DagBag from /opt/airflow/dags/youtube_pipeline.py
[2026-07-26T07:50:16.471+0000] {processor.py:840} INFO - DAG(s) 'youtube_english_video_pipeline' retrieved from /opt/airflow/dags/youtube_pipeline.py
[2026-07-26T07:50:16.515+0000] {logging_mixin.py:188} INFO - [2026-07-26T07:50:16.515+0000] {dag.py:3089} INFO - Sync 1 DAGs
[2026-07-26T07:50:16.535+0000] {logging_mixin.py:188} INFO - [2026-07-26T07:50:16.534+0000] {dag.py:3947} INFO - Setting next_dagrun for youtube_english_video_pipeline to 2026-07-25 12:00:00+00:00, run_after=2026-07-26 12:00:00+00:00
[2026-07-26T07:50:16.559+0000] {processor.py:183} INFO - Processing /opt/airflow/dags/youtube_pipeline.py took 0.169 seconds
[2026-07-26T07:50:46.766+0000] {processor.py:161} INFO - Started process (PID=27698) to work on /opt/airflow/dags/youtube_pipeline.py
[2026-07-26T07:50:46.769+0000] {processor.py:830} INFO - Processing file /opt/airflow/dags/youtube_pipeline.py for tasks to queue
[2026-07-26T07:50:46.772+0000] {logging_mixin.py:188} INFO - [2026-07-26T07:50:46.772+0000] {dagbag.py:545} INFO - Filling up the DagBag from /opt/airflow/dags/youtube_pipeline.py
[2026-07-26T07:50:46.852+0000] {processor.py:840} INFO - DAG(s) 'youtube_english_video_pipeline' retrieved from /opt/airflow/dags/youtube_pipeline.py
[2026-07-26T07:50:46.885+0000] {logging_mixin.py:188} INFO - [2026-07-26T07:50:46.885+0000] {dag.py:3089} INFO - Sync 1 DAGs
[2026-07-26T07:50:46.902+0000] {logging_mixin.py:188} INFO - [2026-07-26T07:50:46.902+0000] {dag.py:3947} INFO - Setting next_dagrun for youtube_english_video_pipeline to 2026-07-25 12:00:00+00:00, run_after=2026-07-26 12:00:00+00:00
[2026-07-26T07:50:46.923+0000] {processor.py:183} INFO - Processing /opt/airflow/dags/youtube_pipeline.py took 0.168 seconds
[2026-07-26T07:51:17.280+0000] {processor.py:161} INFO - Started process (PID=27703) to work on /opt/airflow/dags/youtube_pipeline.py
[2026-07-26T07:51:17.282+0000] {processor.py:830} INFO - Processing file /opt/airflow/dags/youtube_pipeline.py for tasks to queue
[2026-07-26T07:51:17.284+0000] {logging_mixin.py:188} INFO - [2026-07-26T07:51:17.283+0000] {dagbag.py:545} INFO - Filling up the DagBag from /opt/airflow/dags/youtube_pipeline.py
[2026-07-26T07:51:17.336+0000] {processor.py:840} INFO - DAG(s) 'youtube_english_video_pipeline' retrieved from /opt/airflow/dags/youtube_pipeline.py
[2026-07-26T07:51:17.372+0000] {logging_mixin.py:188} INFO - [2026-07-26T07:51:17.372+0000] {dag.py:3089} INFO - Sync 1 DAGs
[2026-07-26T07:51:17.388+0000] {logging_mixin.py:188} INFO - [2026-07-26T07:51:17.388+0000] {dag.py:3947} INFO - Setting next_dagrun for youtube_english_video_pipeline to 2026-07-25 12:00:00+00:00, run_after=2026-07-26 12:00:00+00:00
[2026-07-26T07:51:17.407+0000] {processor.py:183} INFO - Processing /opt/airflow/dags/youtube_pipeline.py took 0.136 seconds
[2026-07-26T07:51:47.582+0000] {processor.py:161} INFO - Started process (PID=27708) to work on /opt/airflow/dags/youtube_pipeline.py
[2026-07-26T07:51:47.584+0000] {processor.py:830} INFO - Processing file /opt/airflow/dags/youtube_pipeline.py for tasks to queue
[2026-07-26T07:51:47.586+0000] {logging_mixin.py:188} INFO - [2026-07-26T07:51:47.585+0000] {dagbag.py:545} INFO - Filling up the DagBag from /opt/airflow/dags/youtube_pipeline.py
[2026-07-26T07:51:47.648+0000] {processor.py:840} INFO - DAG(s) 'youtube_english_video_pipeline' retrieved from /opt/airflow/dags/youtube_pipeline.py
[2026-07-26T07:51:47.692+0000] {logging_mixin.py:188} INFO - [2026-07-26T07:51:47.692+0000] {dag.py:3089} INFO - Sync 1 DAGs
[2026-07-26T07:51:47.709+0000] {logging_mixin.py:188} INFO - [2026-07-26T07:51:47.709+0000] {dag.py:3947} INFO - Setting next_dagrun for youtube_english_video_pipeline to 2026-07-25 12:00:00+00:00, run_after=2026-07-26 12:00:00+00:00
[2026-07-26T07:51:47.727+0000] {processor.py:183} INFO - Processing /opt/airflow/dags/youtube_pipeline.py took 0.158 seconds
[2026-07-26T07:52:17.960+0000] {processor.py:161} INFO - Started process (PID=27713) to work on /opt/airflow/dags/youtube_pipeline.py
[2026-07-26T07:52:17.962+0000] {processor.py:830} INFO - Processing file /opt/airflow/dags/youtube_pipeline.py for tasks to queue
[2026-07-26T07:52:17.963+0000] {logging_mixin.py:188} INFO - [2026-07-26T07:52:17.963+0000] {dagbag.py:545} INFO - Filling up the DagBag from /opt/airflow/dags/youtube_pipeline.py
[2026-07-26T07:52:18.028+0000] {processor.py:840} INFO - DAG(s) 'youtube_english_video_pipeline' retrieved from /opt/airflow/dags/youtube_pipeline.py
[2026-07-26T07:52:18.075+0000] {logging_mixin.py:188} INFO - [2026-07-26T07:52:18.075+0000] {dag.py:3089} INFO - Sync 1 DAGs
[2026-07-26T07:52:18.094+0000] {logging_mixin.py:188} INFO - [2026-07-26T07:52:18.094+0000] {dag.py:3947} INFO - Setting next_dagrun for youtube_english_video_pipeline to 2026-07-25 12:00:00+00:00, run_after=2026-07-26 12:00:00+00:00
[2026-07-26T07:52:18.133+0000] {processor.py:183} INFO - Processing /opt/airflow/dags/youtube_pipeline.py took 0.181 seconds
[2026-07-26T07:52:48.458+0000] {processor.py:161} INFO - Started process (PID=27718) to work on /opt/airflow/dags/youtube_pipeline.py
[2026-07-26T07:52:48.462+0000] {processor.py:830} INFO - Processing file /opt/airflow/dags/youtube_pipeline.py for tasks to queue
[2026-07-26T07:52:48.466+0000] {logging_mixin.py:188} INFO - [2026-07-26T07:52:48.466+0000] {dagbag.py:545} INFO - Filling up the DagBag from /opt/airflow/dags/youtube_pipeline.py
[2026-07-26T07:52:48.567+0000] {processor.py:840} INFO - DAG(s) 'youtube_english_video_pipeline' retrieved from /opt/airflow/dags/youtube_pipeline.py
[2026-07-26T07:52:48.608+0000] {logging_mixin.py:188} INFO - [2026-07-26T07:52:48.608+0000] {dag.py:3089} INFO - Sync 1 DAGs
[2026-07-26T07:52:48.626+0000] {logging_mixin.py:188} INFO - [2026-07-26T07:52:48.626+0000] {dag.py:3947} INFO - Setting next_dagrun for youtube_english_video_pipeline to 2026-07-25 12:00:00+00:00, run_after=2026-07-26 12:00:00+00:00
[2026-07-26T07:52:48.646+0000] {processor.py:183} INFO - Processing /opt/airflow/dags/youtube_pipeline.py took 0.200 seconds
[2026-07-26T07:53:18.796+0000] {processor.py:161} INFO - Started process (PID=27723) to work on /opt/airflow/dags/youtube_pipeline.py
[2026-07-26T07:53:18.799+0000] {processor.py:830} INFO - Processing file /opt/airflow/dags/youtube_pipeline.py for tasks to queue
[2026-07-26T07:53:18.800+0000] {logging_mixin.py:188} INFO - [2026-07-26T07:53:18.800+0000] {dagbag.py:545} INFO - Filling up the DagBag from /opt/airflow/dags/youtube_pipeline.py
[2026-07-26T07:53:18.865+0000] {processor.py:840} INFO - DAG(s) 'youtube_english_video_pipeline' retrieved from /opt/airflow/dags/youtube_pipeline.py
[2026-07-26T07:53:18.907+0000] {logging_mixin.py:188} INFO - [2026-07-26T07:53:18.907+0000] {dag.py:3089} INFO - Sync 1 DAGs
[2026-07-26T07:53:18.935+0000] {logging_mixin.py:188} INFO - [2026-07-26T07:53:18.934+0000] {dag.py:3947} INFO - Setting next_dagrun for youtube_english_video_pipeline to 2026-07-25 12:00:00+00:00, run_after=2026-07-26 12:00:00+00:00
[2026-07-26T07:53:18.956+0000] {processor.py:183} INFO - Processing /opt/airflow/dags/youtube_pipeline.py took 0.169 seconds
[2026-07-26T07:53:49.232+0000] {processor.py:161} INFO - Started process (PID=27728) to work on /opt/airflow/dags/youtube_pipeline.py
[2026-07-26T07:53:49.233+0000] {processor.py:830} INFO - Processing file /opt/airflow/dags/youtube_pipeline.py for tasks to queue
[2026-07-26T07:53:49.235+0000] {logging_mixin.py:188} INFO - [2026-07-26T07:53:49.235+0000] {dagbag.py:545} INFO - Filling up the DagBag from /opt/airflow/dags/youtube_pipeline.py
[2026-07-26T07:53:49.285+0000] {processor.py:840} INFO - DAG(s) 'youtube_english_video_pipeline' retrieved from /opt/airflow/dags/youtube_pipeline.py
[2026-07-26T07:53:49.333+0000] {logging_mixin.py:188} INFO - [2026-07-26T07:53:49.333+0000] {dag.py:3089} INFO - Sync 1 DAGs
[2026-07-26T07:53:49.350+0000] {logging_mixin.py:188} INFO - [2026-07-26T07:53:49.350+0000] {dag.py:3947} INFO - Setting next_dagrun for youtube_english_video_pipeline to 2026-07-25 12:00:00+00:00, run_after=2026-07-26 12:00:00+00:00
[2026-07-26T07:53:49.365+0000] {processor.py:183} INFO - Processing /opt/airflow/dags/youtube_pipeline.py took 0.145 seconds
[2026-07-26T07:54:19.579+0000] {processor.py:161} INFO - Started process (PID=27733) to work on /opt/airflow/dags/youtube_pipeline.py
[2026-07-26T07:54:19.580+0000] {processor.py:830} INFO - Processing file /opt/airflow/dags/youtube_pipeline.py for tasks to queue
[2026-07-26T07:54:19.582+0000] {logging_mixin.py:188} INFO - [2026-07-26T07:54:19.582+0000] {dagbag.py:545} INFO - Filling up the DagBag from /opt/airflow/dags/youtube_pipeline.py
[2026-07-26T07:54:19.640+0000] {processor.py:840} INFO - DAG(s) 'youtube_english_video_pipeline' retrieved from /opt/airflow/dags/youtube_pipeline.py
[2026-07-26T07:54:19.672+0000] {logging_mixin.py:188} INFO - [2026-07-26T07:54:19.671+0000] {dag.py:3089} INFO - Sync 1 DAGs
[2026-07-26T07:54:19.692+0000] {logging_mixin.py:188} INFO - [2026-07-26T07:54:19.692+0000] {dag.py:3947} INFO - Setting next_dagrun for youtube_english_video_pipeline to 2026-07-25 12:00:00+00:00, run_after=2026-07-26 12:00:00+00:00
[2026-07-26T07:54:19.710+0000] {processor.py:183} INFO - Processing /opt/airflow/dags/youtube_pipeline.py took 0.145 seconds
[2026-07-26T07:54:49.938+0000] {processor.py:161} INFO - Started process (PID=27738) to work on /opt/airflow/dags/youtube_pipeline.py
[2026-07-26T07:54:49.940+0000] {processor.py:830} INFO - Processing file /opt/airflow/dags/youtube_pipeline.py for tasks to queue
[2026-07-26T07:54:49.943+0000] {logging_mixin.py:188} INFO - [2026-07-26T07:54:49.942+0000] {dagbag.py:545} INFO - Filling up the DagBag from /opt/airflow/dags/youtube_pipeline.py
[2026-07-26T07:54:49.998+0000] {processor.py:840} INFO - DAG(s) 'youtube_english_video_pipeline' retrieved from /opt/airflow/dags/youtube_pipeline.py
[2026-07-26T07:54:50.035+0000] {logging_mixin.py:188} INFO - [2026-07-26T07:54:50.035+0000] {dag.py:3089} INFO - Sync 1 DAGs
[2026-07-26T07:54:50.050+0000] {logging_mixin.py:188} INFO - [2026-07-26T07:54:50.050+0000] {dag.py:3947} INFO - Setting next_dagrun for youtube_english_video_pipeline to 2026-07-25 12:00:00+00:00, run_after=2026-07-26 12:00:00+00:00
[2026-07-26T07:54:50.065+0000] {processor.py:183} INFO - Processing /opt/airflow/dags/youtube_pipeline.py took 0.138 seconds
[2026-07-26T07:55:20.314+0000] {processor.py:161} INFO - Started process (PID=27743) to work on /opt/airflow/dags/youtube_pipeline.py
[2026-07-26T07:55:20.315+0000] {processor.py:830} INFO - Processing file /opt/airflow/dags/youtube_pipeline.py for tasks to queue
[2026-07-26T07:55:20.317+0000] {logging_mixin.py:188} INFO - [2026-07-26T07:55:20.316+0000] {dagbag.py:545} INFO - Filling up the DagBag from /opt/airflow/dags/youtube_pipeline.py
[2026-07-26T07:55:20.379+0000] {processor.py:840} INFO - DAG(s) 'youtube_english_video_pipeline' retrieved from /opt/airflow/dags/youtube_pipeline.py
[2026-07-26T07:55:20.415+0000] {logging_mixin.py:188} INFO - [2026-07-26T07:55:20.415+0000] {dag.py:3089} INFO - Sync 1 DAGs
[2026-07-26T07:55:20.430+0000] {logging_mixin.py:188} INFO - [2026-07-26T07:55:20.430+0000] {dag.py:3947} INFO - Setting next_dagrun for youtube_english_video_pipeline to 2026-07-25 12:00:00+00:00, run_after=2026-07-26 12:00:00+00:00
[2026-07-26T07:55:20.447+0000] {processor.py:183} INFO - Processing /opt/airflow/dags/youtube_pipeline.py took 0.141 seconds
[2026-07-26T07:55:50.711+0000] {processor.py:161} INFO - Started process (PID=27748) to work on /opt/airflow/dags/youtube_pipeline.py
[2026-07-26T07:55:50.712+0000] {processor.py:830} INFO - Processing file /opt/airflow/dags/youtube_pipeline.py for tasks to queue
[2026-07-26T07:55:50.713+0000] {logging_mixin.py:188} INFO - [2026-07-26T07:55:50.713+0000] {dagbag.py:545} INFO - Filling up the DagBag from /opt/airflow/dags/youtube_pipeline.py
[2026-07-26T07:55:50.773+0000] {processor.py:840} INFO - DAG(s) 'youtube_english_video_pipeline' retrieved from /opt/airflow/dags/youtube_pipeline.py
[2026-07-26T07:55:50.811+0000] {logging_mixin.py:188} INFO - [2026-07-26T07:55:50.811+0000] {dag.py:3089} INFO - Sync 1 DAGs
[2026-07-26T07:55:50.828+0000] {logging_mixin.py:188} INFO - [2026-07-26T07:55:50.828+0000] {dag.py:3947} INFO - Setting next_dagrun for youtube_english_video_pipeline to 2026-07-25 12:00:00+00:00, run_after=2026-07-26 12:00:00+00:00
[2026-07-26T07:55:50.843+0000] {processor.py:183} INFO - Processing /opt/airflow/dags/youtube_pipeline.py took 0.139 seconds
[2026-07-26T07:56:21.218+0000] {processor.py:161} INFO - Started process (PID=27753) to work on /opt/airflow/dags/youtube_pipeline.py
[2026-07-26T07:56:21.223+0000] {processor.py:830} INFO - Processing file /opt/airflow/dags/youtube_pipeline.py for tasks to queue
[2026-07-26T07:56:21.225+0000] {logging_mixin.py:188} INFO - [2026-07-26T07:56:21.225+0000] {dagbag.py:545} INFO - Filling up the DagBag from /opt/airflow/dags/youtube_pipeline.py
[2026-07-26T07:56:21.415+0000] {processor.py:840} INFO - DAG(s) 'youtube_english_video_pipeline' retrieved from /opt/airflow/dags/youtube_pipeline.py
[2026-07-26T07:56:21.478+0000] {logging_mixin.py:188} INFO - [2026-07-26T07:56:21.478+0000] {dag.py:3089} INFO - Sync 1 DAGs
[2026-07-26T07:56:21.503+0000] {logging_mixin.py:188} INFO - [2026-07-26T07:56:21.502+0000] {dag.py:3947} INFO - Setting next_dagrun for youtube_english_video_pipeline to 2026-07-25 12:00:00+00:00, run_after=2026-07-26 12:00:00+00:00
[2026-07-26T07:56:21.538+0000] {processor.py:183} INFO - Processing /opt/airflow/dags/youtube_pipeline.py took 0.331 seconds
[2026-07-26T07:56:51.867+0000] {processor.py:161} INFO - Started process (PID=27758) to work on /opt/airflow/dags/youtube_pipeline.py
[2026-07-26T07:56:51.869+0000] {processor.py:830} INFO - Processing file /opt/airflow/dags/youtube_pipeline.py for tasks to queue
[2026-07-26T07:56:51.870+0000] {logging_mixin.py:188} INFO - [2026-07-26T07:56:51.870+0000] {dagbag.py:545} INFO - Filling up the DagBag from /opt/airflow/dags/youtube_pipeline.py
[2026-07-26T07:56:51.923+0000] {processor.py:840} INFO - DAG(s) 'youtube_english_video_pipeline' retrieved from /opt/airflow/dags/youtube_pipeline.py
[2026-07-26T07:56:51.956+0000] {logging_mixin.py:188} INFO - [2026-07-26T07:56:51.955+0000] {dag.py:3089} INFO - Sync 1 DAGs
[2026-07-26T07:56:51.974+0000] {logging_mixin.py:188} INFO - [2026-07-26T07:56:51.974+0000] {dag.py:3947} INFO - Setting next_dagrun for youtube_english_video_pipeline to 2026-07-25 12:00:00+00:00, run_after=2026-07-26 12:00:00+00:00
[2026-07-26T07:56:51.999+0000] {processor.py:183} INFO - Processing /opt/airflow/dags/youtube_pipeline.py took 0.143 seconds
[2026-07-26T07:57:22.152+0000] {processor.py:161} INFO - Started process (PID=27763) to work on /opt/airflow/dags/youtube_pipeline.py
[2026-07-26T07:57:22.154+0000] {processor.py:830} INFO - Processing file /opt/airflow/dags/youtube_pipeline.py for tasks to queue
[2026-07-26T07:57:22.156+0000] {logging_mixin.py:188} INFO - [2026-07-26T07:57:22.156+0000] {dagbag.py:545} INFO - Filling up the DagBag from /opt/airflow/dags/youtube_pipeline.py
[2026-07-26T07:57:22.194+0000] {processor.py:840} INFO - DAG(s) 'youtube_english_video_pipeline' retrieved from /opt/airflow/dags/youtube_pipeline.py
[2026-07-26T07:57:22.227+0000] {logging_mixin.py:188} INFO - [2026-07-26T07:57:22.227+0000] {dag.py:3089} INFO - Sync 1 DAGs
[2026-07-26T07:57:22.242+0000] {logging_mixin.py:188} INFO - [2026-07-26T07:57:22.242+0000] {dag.py:3947} INFO - Setting next_dagrun for youtube_english_video_pipeline to 2026-07-25 12:00:00+00:00, run_after=2026-07-26 12:00:00+00:00
[2026-07-26T07:57:22.261+0000] {processor.py:183} INFO - Processing /opt/airflow/dags/youtube_pipeline.py took 0.119 seconds
[2026-07-26T07:57:52.601+0000] {processor.py:161} INFO - Started process (PID=27768) to work on /opt/airflow/dags/youtube_pipeline.py
[2026-07-26T07:57:52.603+0000] {processor.py:830} INFO - Processing file /opt/airflow/dags/youtube_pipeline.py for tasks to queue
[2026-07-26T07:57:52.605+0000] {logging_mixin.py:188} INFO - [2026-07-26T07:57:52.604+0000] {dagbag.py:545} INFO - Filling up the DagBag from /opt/airflow/dags/youtube_pipeline.py
[2026-07-26T07:57:52.664+0000] {processor.py:840} INFO - DAG(s) 'youtube_english_video_pipeline' retrieved from /opt/airflow/dags/youtube_pipeline.py
[2026-07-26T07:57:52.706+0000] {logging_mixin.py:188} INFO - [2026-07-26T07:57:52.706+0000] {dag.py:3089} INFO - Sync 1 DAGs
[2026-07-26T07:57:52.722+0000] {logging_mixin.py:188} INFO - [2026-07-26T07:57:52.722+0000] {dag.py:3947} INFO - Setting next_dagrun for youtube_english_video_pipeline to 2026-07-25 12:00:00+00:00, run_after=2026-07-26 12:00:00+00:00
[2026-07-26T07:57:52.738+0000] {processor.py:183} INFO - Processing /opt/airflow/dags/youtube_pipeline.py took 0.150 seconds
[2026-07-26T07:58:22.883+0000] {processor.py:161} INFO - Started process (PID=27773) to work on /opt/airflow/dags/youtube_pipeline.py
[2026-07-26T07:58:22.884+0000] {processor.py:830} INFO - Processing file /opt/airflow/dags/youtube_pipeline.py for tasks to queue
[2026-07-26T07:58:22.885+0000] {logging_mixin.py:188} INFO - [2026-07-26T07:58:22.885+0000] {dagbag.py:545} INFO - Filling up the DagBag from /opt/airflow/dags/youtube_pipeline.py
[2026-07-26T07:58:22.935+0000] {processor.py:840} INFO - DAG(s) 'youtube_english_video_pipeline' retrieved from /opt/airflow/dags/youtube_pipeline.py
[2026-07-26T07:58:22.970+0000] {logging_mixin.py:188} INFO - [2026-07-26T07:58:22.970+0000] {dag.py:3089} INFO - Sync 1 DAGs
[2026-07-26T07:58:22.987+0000] {logging_mixin.py:188} INFO - [2026-07-26T07:58:22.987+0000] {dag.py:3947} INFO - Setting next_dagrun for youtube_english_video_pipeline to 2026-07-25 12:00:00+00:00, run_after=2026-07-26 12:00:00+00:00
[2026-07-26T07:58:23.008+0000] {processor.py:183} INFO - Processing /opt/airflow/dags/youtube_pipeline.py took 0.137 seconds
[2026-07-26T07:58:53.375+0000] {processor.py:161} INFO - Started process (PID=27778) to work on /opt/airflow/dags/youtube_pipeline.py
[2026-07-26T07:58:53.377+0000] {processor.py:830} INFO - Processing file /opt/airflow/dags/youtube_pipeline.py for tasks to queue
[2026-07-26T07:58:53.379+0000] {logging_mixin.py:188} INFO - [2026-07-26T07:58:53.378+0000] {dagbag.py:545} INFO - Filling up the DagBag from /opt/airflow/dags/youtube_pipeline.py
[2026-07-26T07:58:53.436+0000] {processor.py:840} INFO - DAG(s) 'youtube_english_video_pipeline' retrieved from /opt/airflow/dags/youtube_pipeline.py
[2026-07-26T07:58:53.472+0000] {logging_mixin.py:188} INFO - [2026-07-26T07:58:53.472+0000] {dag.py:3089} INFO - Sync 1 DAGs
[2026-07-26T07:58:53.487+0000] {logging_mixin.py:188} INFO - [2026-07-26T07:58:53.487+0000] {dag.py:3947} INFO - Setting next_dagrun for youtube_english_video_pipeline to 2026-07-25 12:00:00+00:00, run_after=2026-07-26 12:00:00+00:00
[2026-07-26T07:58:53.503+0000] {processor.py:183} INFO - Processing /opt/airflow/dags/youtube_pipeline.py took 0.139 seconds
[2026-07-26T07:59:23.683+0000] {processor.py:161} INFO - Started process (PID=27783) to work on /opt/airflow/dags/youtube_pipeline.py
[2026-07-26T07:59:23.684+0000] {processor.py:830} INFO - Processing file /opt/airflow/dags/youtube_pipeline.py for tasks to queue
[2026-07-26T07:59:23.685+0000] {logging_mixin.py:188} INFO - [2026-07-26T07:59:23.685+0000] {dagbag.py:545} INFO - Filling up the DagBag from /opt/airflow/dags/youtube_pipeline.py
[2026-07-26T07:59:23.750+0000] {processor.py:840} INFO - DAG(s) 'youtube_english_video_pipeline' retrieved from /opt/airflow/dags/youtube_pipeline.py
[2026-07-26T07:59:23.789+0000] {logging_mixin.py:188} INFO - [2026-07-26T07:59:23.789+0000] {dag.py:3089} INFO - Sync 1 DAGs
[2026-07-26T07:59:23.805+0000] {logging_mixin.py:188} INFO - [2026-07-26T07:59:23.804+0000] {dag.py:3947} INFO - Setting next_dagrun for youtube_english_video_pipeline to 2026-07-25 12:00:00+00:00, run_after=2026-07-26 12:00:00+00:00
[2026-07-26T07:59:23.824+0000] {processor.py:183} INFO - Processing /opt/airflow/dags/youtube_pipeline.py took 0.150 seconds
[2026-07-26T07:59:54.069+0000] {processor.py:161} INFO - Started process (PID=27788) to work on /opt/airflow/dags/youtube_pipeline.py
[2026-07-26T07:59:54.070+0000] {processor.py:830} INFO - Processing file /opt/airflow/dags/youtube_pipeline.py for tasks to queue
[2026-07-26T07:59:54.072+0000] {logging_mixin.py:188} INFO - [2026-07-26T07:59:54.072+0000] {dagbag.py:545} INFO - Filling up the DagBag from /opt/airflow/dags/youtube_pipeline.py
[2026-07-26T07:59:54.125+0000] {processor.py:840} INFO - DAG(s) 'youtube_english_video_pipeline' retrieved from /opt/airflow/dags/youtube_pipeline.py
[2026-07-26T07:59:54.167+0000] {logging_mixin.py:188} INFO - [2026-07-26T07:59:54.167+0000] {dag.py:3089} INFO - Sync 1 DAGs
[2026-07-26T07:59:54.182+0000] {logging_mixin.py:188} INFO - [2026-07-26T07:59:54.181+0000] {dag.py:3947} INFO - Setting next_dagrun for youtube_english_video_pipeline to 2026-07-25 12:00:00+00:00, run_after=2026-07-26 12:00:00+00:00
[2026-07-26T07:59:54.198+0000] {processor.py:183} INFO - Processing /opt/airflow/dags/youtube_pipeline.py took 0.141 seconds
[2026-07-26T08:00:24.421+0000] {processor.py:161} INFO - Started process (PID=27793) to work on /opt/airflow/dags/youtube_pipeline.py
[2026-07-26T08:00:24.424+0000] {processor.py:830} INFO - Processing file /opt/airflow/dags/youtube_pipeline.py for tasks to queue
[2026-07-26T08:00:24.425+0000] {logging_mixin.py:188} INFO - [2026-07-26T08:00:24.425+0000] {dagbag.py:545} INFO - Filling up the DagBag from /opt/airflow/dags/youtube_pipeline.py
[2026-07-26T08:00:24.488+0000] {processor.py:840} INFO - DAG(s) 'youtube_english_video_pipeline' retrieved from /opt/airflow/dags/youtube_pipeline.py
[2026-07-26T08:00:24.526+0000] {logging_mixin.py:188} INFO - [2026-07-26T08:00:24.526+0000] {dag.py:3089} INFO - Sync 1 DAGs
[2026-07-26T08:00:24.543+0000] {logging_mixin.py:188} INFO - [2026-07-26T08:00:24.543+0000] {dag.py:3947} INFO - Setting next_dagrun for youtube_english_video_pipeline to 2026-07-25 12:00:00+00:00, run_after=2026-07-26 12:00:00+00:00
[2026-07-26T08:00:24.570+0000] {processor.py:183} INFO - Processing /opt/airflow/dags/youtube_pipeline.py took 0.160 seconds
[2026-07-26T08:00:54.768+0000] {processor.py:161} INFO - Started process (PID=27798) to work on /opt/airflow/dags/youtube_pipeline.py
[2026-07-26T08:00:54.769+0000] {processor.py:830} INFO - Processing file /opt/airflow/dags/youtube_pipeline.py for tasks to queue
[2026-07-26T08:00:54.771+0000] {logging_mixin.py:188} INFO - [2026-07-26T08:00:54.770+0000] {dagbag.py:545} INFO - Filling up the DagBag from /opt/airflow/dags/youtube_pipeline.py
[2026-07-26T08:00:54.835+0000] {processor.py:840} INFO - DAG(s) 'youtube_english_video_pipeline' retrieved from /opt/airflow/dags/youtube_pipeline.py
[2026-07-26T08:00:54.882+0000] {logging_mixin.py:188} INFO - [2026-07-26T08:00:54.881+0000] {dag.py:3089} INFO - Sync 1 DAGs
[2026-07-26T08:00:54.904+0000] {logging_mixin.py:188} INFO - [2026-07-26T08:00:54.904+0000] {dag.py:3947} INFO - Setting next_dagrun for youtube_english_video_pipeline to 2026-07-25 12:00:00+00:00, run_after=2026-07-26 12:00:00+00:00
[2026-07-26T08:00:54.932+0000] {processor.py:183} INFO - Processing /opt/airflow/dags/youtube_pipeline.py took 0.177 seconds
[2026-07-26T08:01:25.230+0000] {processor.py:161} INFO - Started process (PID=27803) to work on /opt/airflow/dags/youtube_pipeline.py
[2026-07-26T08:01:25.232+0000] {processor.py:830} INFO - Processing file /opt/airflow/dags/youtube_pipeline.py for tasks to queue
[2026-07-26T08:01:25.233+0000] {logging_mixin.py:188} INFO - [2026-07-26T08:01:25.232+0000] {dagbag.py:545} INFO - Filling up the DagBag from /opt/airflow/dags/youtube_pipeline.py
[2026-07-26T08:01:25.293+0000] {processor.py:840} INFO - DAG(s) 'youtube_english_video_pipeline' retrieved from /opt/airflow/dags/youtube_pipeline.py
[2026-07-26T08:01:25.327+0000] {logging_mixin.py:188} INFO - [2026-07-26T08:01:25.327+0000] {dag.py:3089} INFO - Sync 1 DAGs
[2026-07-26T08:01:25.342+0000] {logging_mixin.py:188} INFO - [2026-07-26T08:01:25.342+0000] {dag.py:3947} INFO - Setting next_dagrun for youtube_english_video_pipeline to 2026-07-25 12:00:00+00:00, run_after=2026-07-26 12:00:00+00:00
[2026-07-26T08:01:25.360+0000] {processor.py:183} INFO - Processing /opt/airflow/dags/youtube_pipeline.py took 0.135 seconds
[2026-07-26T08:01:55.527+0000] {processor.py:161} INFO - Started process (PID=27808) to work on /opt/airflow/dags/youtube_pipeline.py
[2026-07-26T08:01:55.528+0000] {processor.py:830} INFO - Processing file /opt/airflow/dags/youtube_pipeline.py for tasks to queue
[2026-07-26T08:01:55.531+0000] {logging_mixin.py:188} INFO - [2026-07-26T08:01:55.530+0000] {dagbag.py:545} INFO - Filling up the DagBag from /opt/airflow/dags/youtube_pipeline.py
[2026-07-26T08:01:55.609+0000] {processor.py:840} INFO - DAG(s) 'youtube_english_video_pipeline' retrieved from /opt/airflow/dags/youtube_pipeline.py
[2026-07-26T08:01:55.660+0000] {logging_mixin.py:188} INFO - [2026-07-26T08:01:55.660+0000] {dag.py:3089} INFO - Sync 1 DAGs
[2026-07-26T08:01:55.683+0000] {logging_mixin.py:188} INFO - [2026-07-26T08:01:55.683+0000] {dag.py:3947} INFO - Setting next_dagrun for youtube_english_video_pipeline to 2026-07-25 12:00:00+00:00, run_after=2026-07-26 12:00:00+00:00
[2026-07-26T08:01:55.703+0000] {processor.py:183} INFO - Processing /opt/airflow/dags/youtube_pipeline.py took 0.189 seconds
[2026-07-26T08:02:25.950+0000] {processor.py:161} INFO - Started process (PID=27813) to work on /opt/airflow/dags/youtube_pipeline.py
[2026-07-26T08:02:25.953+0000] {processor.py:830} INFO - Processing file /opt/airflow/dags/youtube_pipeline.py for tasks to queue
[2026-07-26T08:02:25.955+0000] {logging_mixin.py:188} INFO - [2026-07-26T08:02:25.954+0000] {dagbag.py:545} INFO - Filling up the DagBag from /opt/airflow/dags/youtube_pipeline.py
[2026-07-26T08:02:26.041+0000] {processor.py:840} INFO - DAG(s) 'youtube_english_video_pipeline' retrieved from /opt/airflow/dags/youtube_pipeline.py
[2026-07-26T08:02:26.085+0000] {logging_mixin.py:188} INFO - [2026-07-26T08:02:26.085+0000] {dag.py:3089} INFO - Sync 1 DAGs
[2026-07-26T08:02:26.101+0000] {logging_mixin.py:188} INFO - [2026-07-26T08:02:26.101+0000] {dag.py:3947} INFO - Setting next_dagrun for youtube_english_video_pipeline to 2026-07-25 12:00:00+00:00, run_after=2026-07-26 12:00:00+00:00
[2026-07-26T08:02:26.121+0000] {processor.py:183} INFO - Processing /opt/airflow/dags/youtube_pipeline.py took 0.184 seconds
[2026-07-26T08:02:56.268+0000] {processor.py:161} INFO - Started process (PID=27818) to work on /opt/airflow/dags/youtube_pipeline.py
[2026-07-26T08:02:56.270+0000] {processor.py:830} INFO - Processing file /opt/airflow/dags/youtube_pipeline.py for tasks to queue
[2026-07-26T08:02:56.272+0000] {logging_mixin.py:188} INFO - [2026-07-26T08:02:56.271+0000] {dagbag.py:545} INFO - Filling up the DagBag from /opt/airflow/dags/youtube_pipeline.py
[2026-07-26T08:02:56.329+0000] {processor.py:840} INFO - DAG(s) 'youtube_english_video_pipeline' retrieved from /opt/airflow/dags/youtube_pipeline.py
[2026-07-26T08:02:56.387+0000] {logging_mixin.py:188} INFO - [2026-07-26T08:02:56.387+0000] {dag.py:3089} INFO - Sync 1 DAGs
[2026-07-26T08:02:56.403+0000] {logging_mixin.py:188} INFO - [2026-07-26T08:02:56.402+0000] {dag.py:3947} INFO - Setting next_dagrun for youtube_english_video_pipeline to 2026-07-25 12:00:00+00:00, run_after=2026-07-26 12:00:00+00:00
[2026-07-26T08:02:56.425+0000] {processor.py:183} INFO - Processing /opt/airflow/dags/youtube_pipeline.py took 0.171 seconds
[2026-07-26T08:03:26.700+0000] {processor.py:161} INFO - Started process (PID=27823) to work on /opt/airflow/dags/youtube_pipeline.py
[2026-07-26T08:03:26.702+0000] {processor.py:830} INFO - Processing file /opt/airflow/dags/youtube_pipeline.py for tasks to queue
[2026-07-26T08:03:26.704+0000] {logging_mixin.py:188} INFO - [2026-07-26T08:03:26.704+0000] {dagbag.py:545} INFO - Filling up the DagBag from /opt/airflow/dags/youtube_pipeline.py
[2026-07-26T08:03:26.755+0000] {processor.py:840} INFO - DAG(s) 'youtube_english_video_pipeline' retrieved from /opt/airflow/dags/youtube_pipeline.py
[2026-07-26T08:03:26.804+0000] {logging_mixin.py:188} INFO - [2026-07-26T08:03:26.804+0000] {dag.py:3089} INFO - Sync 1 DAGs
[2026-07-26T08:03:26.822+0000] {logging_mixin.py:188} INFO - [2026-07-26T08:03:26.821+0000] {dag.py:3947} INFO - Setting next_dagrun for youtube_english_video_pipeline to 2026-07-25 12:00:00+00:00, run_after=2026-07-26 12:00:00+00:00
[2026-07-26T08:03:26.845+0000] {processor.py:183} INFO - Processing /opt/airflow/dags/youtube_pipeline.py took 0.153 seconds
[2026-07-26T08:03:57.029+0000] {processor.py:161} INFO - Started process (PID=27828) to work on /opt/airflow/dags/youtube_pipeline.py
[2026-07-26T08:03:57.032+0000] {processor.py:830} INFO - Processing file /opt/airflow/dags/youtube_pipeline.py for tasks to queue
[2026-07-26T08:03:57.034+0000] {logging_mixin.py:188} INFO - [2026-07-26T08:03:57.034+0000] {dagbag.py:545} INFO - Filling up the DagBag from /opt/airflow/dags/youtube_pipeline.py
[2026-07-26T08:03:57.097+0000] {processor.py:840} INFO - DAG(s) 'youtube_english_video_pipeline' retrieved from /opt/airflow/dags/youtube_pipeline.py
[2026-07-26T08:03:57.132+0000] {logging_mixin.py:188} INFO - [2026-07-26T08:03:57.132+0000] {dag.py:3089} INFO - Sync 1 DAGs
[2026-07-26T08:03:57.147+0000] {logging_mixin.py:188} INFO - [2026-07-26T08:03:57.147+0000] {dag.py:3947} INFO - Setting next_dagrun for youtube_english_video_pipeline to 2026-07-25 12:00:00+00:00, run_after=2026-07-26 12:00:00+00:00
[2026-07-26T08:03:57.163+0000] {processor.py:183} INFO - Processing /opt/airflow/dags/youtube_pipeline.py took 0.145 seconds
[2026-07-26T08:04:27.389+0000] {processor.py:161} INFO - Started process (PID=27833) to work on /opt/airflow/dags/youtube_pipeline.py
[2026-07-26T08:04:27.392+0000] {processor.py:830} INFO - Processing file /opt/airflow/dags/youtube_pipeline.py for tasks to queue
[2026-07-26T08:04:27.394+0000] {logging_mixin.py:188} INFO - [2026-07-26T08:04:27.394+0000] {dagbag.py:545} INFO - Filling up the DagBag from /opt/airflow/dags/youtube_pipeline.py
[2026-07-26T08:04:27.473+0000] {processor.py:840} INFO - DAG(s) 'youtube_english_video_pipeline' retrieved from /opt/airflow/dags/youtube_pipeline.py
[2026-07-26T08:04:27.519+0000] {logging_mixin.py:188} INFO - [2026-07-26T08:04:27.519+0000] {dag.py:3089} INFO - Sync 1 DAGs
[2026-07-26T08:04:27.540+0000] {logging_mixin.py:188} INFO - [2026-07-26T08:04:27.539+0000] {dag.py:3947} INFO - Setting next_dagrun for youtube_english_video_pipeline to 2026-07-25 12:00:00+00:00, run_after=2026-07-26 12:00:00+00:00
[2026-07-26T08:04:27.563+0000] {processor.py:183} INFO - Processing /opt/airflow/dags/youtube_pipeline.py took 0.187 seconds
[2026-07-26T08:04:57.718+0000] {processor.py:161} INFO - Started process (PID=27838) to work on /opt/airflow/dags/youtube_pipeline.py
[2026-07-26T08:04:57.720+0000] {processor.py:830} INFO - Processing file /opt/airflow/dags/youtube_pipeline.py for tasks to queue
[2026-07-26T08:04:57.722+0000] {logging_mixin.py:188} INFO - [2026-07-26T08:04:57.721+0000] {dagbag.py:545} INFO - Filling up the DagBag from /opt/airflow/dags/youtube_pipeline.py
[2026-07-26T08:04:57.793+0000] {processor.py:840} INFO - DAG(s) 'youtube_english_video_pipeline' retrieved from /opt/airflow/dags/youtube_pipeline.py
[2026-07-26T08:04:57.827+0000] {logging_mixin.py:188} INFO - [2026-07-26T08:04:57.827+0000] {dag.py:3089} INFO - Sync 1 DAGs
[2026-07-26T08:04:57.842+0000] {logging_mixin.py:188} INFO - [2026-07-26T08:04:57.842+0000] {dag.py:3947} INFO - Setting next_dagrun for youtube_english_video_pipeline to 2026-07-25 12:00:00+00:00, run_after=2026-07-26 12:00:00+00:00
[2026-07-26T08:04:57.860+0000] {processor.py:183} INFO - Processing /opt/airflow/dags/youtube_pipeline.py took 0.150 seconds
[2026-07-26T08:05:28.112+0000] {processor.py:161} INFO - Started process (PID=27843) to work on /opt/airflow/dags/youtube_pipeline.py
[2026-07-26T08:05:28.115+0000] {processor.py:830} INFO - Processing file /opt/airflow/dags/youtube_pipeline.py for tasks to queue
[2026-07-26T08:05:28.117+0000] {logging_mixin.py:188} INFO - [2026-07-26T08:05:28.116+0000] {dagbag.py:545} INFO - Filling up the DagBag from /opt/airflow/dags/youtube_pipeline.py
[2026-07-26T08:05:28.225+0000] {processor.py:840} INFO - DAG(s) 'youtube_english_video_pipeline' retrieved from /opt/airflow/dags/youtube_pipeline.py
[2026-07-26T08:05:28.267+0000] {logging_mixin.py:188} INFO - [2026-07-26T08:05:28.266+0000] {dag.py:3089} INFO - Sync 1 DAGs
[2026-07-26T08:05:28.283+0000] {logging_mixin.py:188} INFO - [2026-07-26T08:05:28.283+0000] {dag.py:3947} INFO - Setting next_dagrun for youtube_english_video_pipeline to 2026-07-25 12:00:00+00:00, run_after=2026-07-26 12:00:00+00:00
[2026-07-26T08:05:28.300+0000] {processor.py:183} INFO - Processing /opt/airflow/dags/youtube_pipeline.py took 0.197 seconds
[2026-07-26T08:05:58.432+0000] {processor.py:161} INFO - Started process (PID=27848) to work on /opt/airflow/dags/youtube_pipeline.py
[2026-07-26T08:05:58.435+0000] {processor.py:830} INFO - Processing file /opt/airflow/dags/youtube_pipeline.py for tasks to queue
[2026-07-26T08:05:58.436+0000] {logging_mixin.py:188} INFO - [2026-07-26T08:05:58.436+0000] {dagbag.py:545} INFO - Filling up the DagBag from /opt/airflow/dags/youtube_pipeline.py
[2026-07-26T08:05:58.503+0000] {processor.py:840} INFO - DAG(s) 'youtube_english_video_pipeline' retrieved from /opt/airflow/dags/youtube_pipeline.py
[2026-07-26T08:05:58.546+0000] {logging_mixin.py:188} INFO - [2026-07-26T08:05:58.546+0000] {dag.py:3089} INFO - Sync 1 DAGs
[2026-07-26T08:05:58.564+0000] {logging_mixin.py:188} INFO - [2026-07-26T08:05:58.564+0000] {dag.py:3947} INFO - Setting next_dagrun for youtube_english_video_pipeline to 2026-07-25 12:00:00+00:00, run_after=2026-07-26 12:00:00+00:00
[2026-07-26T08:05:58.582+0000] {processor.py:183} INFO - Processing /opt/airflow/dags/youtube_pipeline.py took 0.159 seconds
[2026-07-26T08:06:28.949+0000] {processor.py:161} INFO - Started process (PID=27853) to work on /opt/airflow/dags/youtube_pipeline.py
[2026-07-26T08:06:28.950+0000] {processor.py:830} INFO - Processing file /opt/airflow/dags/youtube_pipeline.py for tasks to queue
[2026-07-26T08:06:28.952+0000] {logging_mixin.py:188} INFO - [2026-07-26T08:06:28.951+0000] {dagbag.py:545} INFO - Filling up the DagBag from /opt/airflow/dags/youtube_pipeline.py
[2026-07-26T08:06:29.033+0000] {processor.py:840} INFO - DAG(s) 'youtube_english_video_pipeline' retrieved from /opt/airflow/dags/youtube_pipeline.py
[2026-07-26T08:06:29.096+0000] {logging_mixin.py:188} INFO - [2026-07-26T08:06:29.096+0000] {dag.py:3089} INFO - Sync 1 DAGs
[2026-07-26T08:06:29.120+0000] {logging_mixin.py:188} INFO - [2026-07-26T08:06:29.119+0000] {dag.py:3947} INFO - Setting next_dagrun for youtube_english_video_pipeline to 2026-07-25 12:00:00+00:00, run_after=2026-07-26 12:00:00+00:00
[2026-07-26T08:06:29.140+0000] {processor.py:183} INFO - Processing /opt/airflow/dags/youtube_pipeline.py took 0.196 seconds
[2026-07-26T08:06:59.467+0000] {processor.py:161} INFO - Started process (PID=27858) to work on /opt/airflow/dags/youtube_pipeline.py
[2026-07-26T08:06:59.469+0000] {processor.py:830} INFO - Processing file /opt/airflow/dags/youtube_pipeline.py for tasks to queue
[2026-07-26T08:06:59.471+0000] {logging_mixin.py:188} INFO - [2026-07-26T08:06:59.470+0000] {dagbag.py:545} INFO - Filling up the DagBag from /opt/airflow/dags/youtube_pipeline.py
[2026-07-26T08:06:59.533+0000] {processor.py:840} INFO - DAG(s) 'youtube_english_video_pipeline' retrieved from /opt/airflow/dags/youtube_pipeline.py
[2026-07-26T08:06:59.580+0000] {logging_mixin.py:188} INFO - [2026-07-26T08:06:59.580+0000] {dag.py:3089} INFO - Sync 1 DAGs
[2026-07-26T08:06:59.601+0000] {logging_mixin.py:188} INFO - [2026-07-26T08:06:59.600+0000] {dag.py:3947} INFO - Setting next_dagrun for youtube_english_video_pipeline to 2026-07-25 12:00:00+00:00, run_after=2026-07-26 12:00:00+00:00
[2026-07-26T08:06:59.626+0000] {processor.py:183} INFO - Processing /opt/airflow/dags/youtube_pipeline.py took 0.174 seconds
[2026-07-26T08:07:29.793+0000] {processor.py:161} INFO - Started process (PID=27863) to work on /opt/airflow/dags/youtube_pipeline.py
[2026-07-26T08:07:29.796+0000] {processor.py:830} INFO - Processing file /opt/airflow/dags/youtube_pipeline.py for tasks to queue
[2026-07-26T08:07:29.798+0000] {logging_mixin.py:188} INFO - [2026-07-26T08:07:29.798+0000] {dagbag.py:545} INFO - Filling up the DagBag from /opt/airflow/dags/youtube_pipeline.py
[2026-07-26T08:07:29.860+0000] {processor.py:840} INFO - DAG(s) 'youtube_english_video_pipeline' retrieved from /opt/airflow/dags/youtube_pipeline.py
[2026-07-26T08:07:29.923+0000] {logging_mixin.py:188} INFO - [2026-07-26T08:07:29.923+0000] {dag.py:3089} INFO - Sync 1 DAGs
[2026-07-26T08:07:29.943+0000] {logging_mixin.py:188} INFO - [2026-07-26T08:07:29.943+0000] {dag.py:3947} INFO - Setting next_dagrun for youtube_english_video_pipeline to 2026-07-25 12:00:00+00:00, run_after=2026-07-26 12:00:00+00:00
[2026-07-26T08:07:29.977+0000] {processor.py:183} INFO - Processing /opt/airflow/dags/youtube_pipeline.py took 0.202 seconds
[2026-07-26T08:08:00.292+0000] {processor.py:161} INFO - Started process (PID=27868) to work on /opt/airflow/dags/youtube_pipeline.py
[2026-07-26T08:08:00.295+0000] {processor.py:830} INFO - Processing file /opt/airflow/dags/youtube_pipeline.py for tasks to queue
[2026-07-26T08:08:00.297+0000] {logging_mixin.py:188} INFO - [2026-07-26T08:08:00.297+0000] {dagbag.py:545} INFO - Filling up the DagBag from /opt/airflow/dags/youtube_pipeline.py
[2026-07-26T08:08:00.464+0000] {processor.py:840} INFO - DAG(s) 'youtube_english_video_pipeline' retrieved from /opt/airflow/dags/youtube_pipeline.py
[2026-07-26T08:08:00.506+0000] {logging_mixin.py:188} INFO - [2026-07-26T08:08:00.506+0000] {dag.py:3089} INFO - Sync 1 DAGs
[2026-07-26T08:08:00.525+0000] {logging_mixin.py:188} INFO - [2026-07-26T08:08:00.525+0000] {dag.py:3947} INFO - Setting next_dagrun for youtube_english_video_pipeline to 2026-07-25 12:00:00+00:00, run_after=2026-07-26 12:00:00+00:00
[2026-07-26T08:08:00.554+0000] {processor.py:183} INFO - Processing /opt/airflow/dags/youtube_pipeline.py took 0.275 seconds
[2026-07-26T08:08:30.911+0000] {processor.py:161} INFO - Started process (PID=27873) to work on /opt/airflow/dags/youtube_pipeline.py
[2026-07-26T08:08:30.915+0000] {processor.py:830} INFO - Processing file /opt/airflow/dags/youtube_pipeline.py for tasks to queue
[2026-07-26T08:08:30.917+0000] {logging_mixin.py:188} INFO - [2026-07-26T08:08:30.916+0000] {dagbag.py:545} INFO - Filling up the DagBag from /opt/airflow/dags/youtube_pipeline.py
[2026-07-26T08:08:30.987+0000] {processor.py:840} INFO - DAG(s) 'youtube_english_video_pipeline' retrieved from /opt/airflow/dags/youtube_pipeline.py
[2026-07-26T08:08:31.034+0000] {logging_mixin.py:188} INFO - [2026-07-26T08:08:31.034+0000] {dag.py:3089} INFO - Sync 1 DAGs
[2026-07-26T08:08:31.057+0000] {logging_mixin.py:188} INFO - [2026-07-26T08:08:31.057+0000] {dag.py:3947} INFO - Setting next_dagrun for youtube_english_video_pipeline to 2026-07-25 12:00:00+00:00, run_after=2026-07-26 12:00:00+00:00
[2026-07-26T08:08:31.076+0000] {processor.py:183} INFO - Processing /opt/airflow/dags/youtube_pipeline.py took 0.178 seconds
[2026-07-26T08:09:01.331+0000] {processor.py:161} INFO - Started process (PID=27878) to work on /opt/airflow/dags/youtube_pipeline.py
[2026-07-26T08:09:01.334+0000] {processor.py:830} INFO - Processing file /opt/airflow/dags/youtube_pipeline.py for tasks to queue
[2026-07-26T08:09:01.336+0000] {logging_mixin.py:188} INFO - [2026-07-26T08:09:01.336+0000] {dagbag.py:545} INFO - Filling up the DagBag from /opt/airflow/dags/youtube_pipeline.py
[2026-07-26T08:09:01.475+0000] {processor.py:840} INFO - DAG(s) 'youtube_english_video_pipeline' retrieved from /opt/airflow/dags/youtube_pipeline.py
[2026-07-26T08:09:01.528+0000] {logging_mixin.py:188} INFO - [2026-07-26T08:09:01.527+0000] {dag.py:3089} INFO - Sync 1 DAGs
[2026-07-26T08:09:01.545+0000] {logging_mixin.py:188} INFO - [2026-07-26T08:09:01.545+0000] {dag.py:3947} INFO - Setting next_dagrun for youtube_english_video_pipeline to 2026-07-25 12:00:00+00:00, run_after=2026-07-26 12:00:00+00:00
[2026-07-26T08:09:01.574+0000] {processor.py:183} INFO - Processing /opt/airflow/dags/youtube_pipeline.py took 0.258 seconds
[2026-07-26T08:09:31.679+0000] {processor.py:161} INFO - Started process (PID=27883) to work on /opt/airflow/dags/youtube_pipeline.py
[2026-07-26T08:09:31.682+0000] {processor.py:830} INFO - Processing file /opt/airflow/dags/youtube_pipeline.py for tasks to queue
[2026-07-26T08:09:31.684+0000] {logging_mixin.py:188} INFO - [2026-07-26T08:09:31.684+0000] {dagbag.py:545} INFO - Filling up the DagBag from /opt/airflow/dags/youtube_pipeline.py
[2026-07-26T08:09:31.756+0000] {processor.py:840} INFO - DAG(s) 'youtube_english_video_pipeline' retrieved from /opt/airflow/dags/youtube_pipeline.py
[2026-07-26T08:09:31.798+0000] {logging_mixin.py:188} INFO - [2026-07-26T08:09:31.798+0000] {dag.py:3089} INFO - Sync 1 DAGs
[2026-07-26T08:09:31.823+0000] {logging_mixin.py:188} INFO - [2026-07-26T08:09:31.822+0000] {dag.py:3947} INFO - Setting next_dagrun for youtube_english_video_pipeline to 2026-07-25 12:00:00+00:00, run_after=2026-07-26 12:00:00+00:00
[2026-07-26T08:09:31.846+0000] {processor.py:183} INFO - Processing /opt/airflow/dags/youtube_pipeline.py took 0.179 seconds
[2026-07-26T08:10:02.184+0000] {processor.py:161} INFO - Started process (PID=27888) to work on /opt/airflow/dags/youtube_pipeline.py
[2026-07-26T08:10:02.187+0000] {processor.py:830} INFO - Processing file /opt/airflow/dags/youtube_pipeline.py for tasks to queue
[2026-07-26T08:10:02.189+0000] {logging_mixin.py:188} INFO - [2026-07-26T08:10:02.188+0000] {dagbag.py:545} INFO - Filling up the DagBag from /opt/airflow/dags/youtube_pipeline.py
[2026-07-26T08:10:02.257+0000] {processor.py:840} INFO - DAG(s) 'youtube_english_video_pipeline' retrieved from /opt/airflow/dags/youtube_pipeline.py
[2026-07-26T08:10:02.315+0000] {logging_mixin.py:188} INFO - [2026-07-26T08:10:02.315+0000] {dag.py:3089} INFO - Sync 1 DAGs
[2026-07-26T08:10:02.335+0000] {logging_mixin.py:188} INFO - [2026-07-26T08:10:02.335+0000] {dag.py:3947} INFO - Setting next_dagrun for youtube_english_video_pipeline to 2026-07-25 12:00:00+00:00, run_after=2026-07-26 12:00:00+00:00
[2026-07-26T08:10:02.357+0000] {processor.py:183} INFO - Processing /opt/airflow/dags/youtube_pipeline.py took 0.181 seconds
[2026-07-26T08:10:32.472+0000] {processor.py:161} INFO - Started process (PID=27893) to work on /opt/airflow/dags/youtube_pipeline.py
[2026-07-26T08:10:32.475+0000] {processor.py:830} INFO - Processing file /opt/airflow/dags/youtube_pipeline.py for tasks to queue
[2026-07-26T08:10:32.476+0000] {logging_mixin.py:188} INFO - [2026-07-26T08:10:32.476+0000] {dagbag.py:545} INFO - Filling up the DagBag from /opt/airflow/dags/youtube_pipeline.py
[2026-07-26T08:10:32.550+0000] {processor.py:840} INFO - DAG(s) 'youtube_english_video_pipeline' retrieved from /opt/airflow/dags/youtube_pipeline.py
[2026-07-26T08:10:32.594+0000] {logging_mixin.py:188} INFO - [2026-07-26T08:10:32.594+0000] {dag.py:3089} INFO - Sync 1 DAGs
[2026-07-26T08:10:32.612+0000] {logging_mixin.py:188} INFO - [2026-07-26T08:10:32.612+0000] {dag.py:3947} INFO - Setting next_dagrun for youtube_english_video_pipeline to 2026-07-25 12:00:00+00:00, run_after=2026-07-26 12:00:00+00:00
[2026-07-26T08:10:32.629+0000] {processor.py:183} INFO - Processing /opt/airflow/dags/youtube_pipeline.py took 0.167 seconds
[2026-07-26T08:11:02.936+0000] {processor.py:161} INFO - Started process (PID=27898) to work on /opt/airflow/dags/youtube_pipeline.py
[2026-07-26T08:11:02.937+0000] {processor.py:830} INFO - Processing file /opt/airflow/dags/youtube_pipeline.py for tasks to queue
[2026-07-26T08:11:02.938+0000] {logging_mixin.py:188} INFO - [2026-07-26T08:11:02.938+0000] {dagbag.py:545} INFO - Filling up the DagBag from /opt/airflow/dags/youtube_pipeline.py
[2026-07-26T08:11:03.000+0000] {processor.py:840} INFO - DAG(s) 'youtube_english_video_pipeline' retrieved from /opt/airflow/dags/youtube_pipeline.py
[2026-07-26T08:11:03.041+0000] {logging_mixin.py:188} INFO - [2026-07-26T08:11:03.041+0000] {dag.py:3089} INFO - Sync 1 DAGs
[2026-07-26T08:11:03.057+0000] {logging_mixin.py:188} INFO - [2026-07-26T08:11:03.057+0000] {dag.py:3947} INFO - Setting next_dagrun for youtube_english_video_pipeline to 2026-07-25 12:00:00+00:00, run_after=2026-07-26 12:00:00+00:00
[2026-07-26T08:11:03.075+0000] {processor.py:183} INFO - Processing /opt/airflow/dags/youtube_pipeline.py took 0.147 seconds
[2026-07-26T08:11:33.350+0000] {processor.py:161} INFO - Started process (PID=27903) to work on /opt/airflow/dags/youtube_pipeline.py
[2026-07-26T08:11:33.352+0000] {processor.py:830} INFO - Processing file /opt/airflow/dags/youtube_pipeline.py for tasks to queue
[2026-07-26T08:11:33.355+0000] {logging_mixin.py:188} INFO - [2026-07-26T08:11:33.354+0000] {dagbag.py:545} INFO - Filling up the DagBag from /opt/airflow/dags/youtube_pipeline.py
[2026-07-26T08:11:33.418+0000] {processor.py:840} INFO - DAG(s) 'youtube_english_video_pipeline' retrieved from /opt/airflow/dags/youtube_pipeline.py
[2026-07-26T08:11:33.459+0000] {logging_mixin.py:188} INFO - [2026-07-26T08:11:33.459+0000] {dag.py:3089} INFO - Sync 1 DAGs
[2026-07-26T08:11:33.475+0000] {logging_mixin.py:188} INFO - [2026-07-26T08:11:33.475+0000] {dag.py:3947} INFO - Setting next_dagrun for youtube_english_video_pipeline to 2026-07-25 12:00:00+00:00, run_after=2026-07-26 12:00:00+00:00
[2026-07-26T08:11:33.491+0000] {processor.py:183} INFO - Processing /opt/airflow/dags/youtube_pipeline.py took 0.153 seconds
[2026-07-26T08:12:03.656+0000] {processor.py:161} INFO - Started process (PID=27908) to work on /opt/airflow/dags/youtube_pipeline.py
[2026-07-26T08:12:03.657+0000] {processor.py:830} INFO - Processing file /opt/airflow/dags/youtube_pipeline.py for tasks to queue
[2026-07-26T08:12:03.658+0000] {logging_mixin.py:188} INFO - [2026-07-26T08:12:03.658+0000] {dagbag.py:545} INFO - Filling up the DagBag from /opt/airflow/dags/youtube_pipeline.py
[2026-07-26T08:12:03.722+0000] {processor.py:840} INFO - DAG(s) 'youtube_english_video_pipeline' retrieved from /opt/airflow/dags/youtube_pipeline.py
[2026-07-26T08:12:03.762+0000] {logging_mixin.py:188} INFO - [2026-07-26T08:12:03.761+0000] {dag.py:3089} INFO - Sync 1 DAGs
[2026-07-26T08:12:03.778+0000] {logging_mixin.py:188} INFO - [2026-07-26T08:12:03.778+0000] {dag.py:3947} INFO - Setting next_dagrun for youtube_english_video_pipeline to 2026-07-25 12:00:00+00:00, run_after=2026-07-26 12:00:00+00:00
[2026-07-26T08:12:03.796+0000] {processor.py:183} INFO - Processing /opt/airflow/dags/youtube_pipeline.py took 0.153 seconds
[2026-07-26T08:12:34.107+0000] {processor.py:161} INFO - Started process (PID=27913) to work on /opt/airflow/dags/youtube_pipeline.py
[2026-07-26T08:12:34.110+0000] {processor.py:830} INFO - Processing file /opt/airflow/dags/youtube_pipeline.py for tasks to queue
[2026-07-26T08:12:34.113+0000] {logging_mixin.py:188} INFO - [2026-07-26T08:12:34.112+0000] {dagbag.py:545} INFO - Filling up the DagBag from /opt/airflow/dags/youtube_pipeline.py
[2026-07-26T08:12:34.167+0000] {processor.py:840} INFO - DAG(s) 'youtube_english_video_pipeline' retrieved from /opt/airflow/dags/youtube_pipeline.py
[2026-07-26T08:12:34.232+0000] {logging_mixin.py:188} INFO - [2026-07-26T08:12:34.232+0000] {dag.py:3089} INFO - Sync 1 DAGs
[2026-07-26T08:12:34.254+0000] {logging_mixin.py:188} INFO - [2026-07-26T08:12:34.253+0000] {dag.py:3947} INFO - Setting next_dagrun for youtube_english_video_pipeline to 2026-07-25 12:00:00+00:00, run_after=2026-07-26 12:00:00+00:00
[2026-07-26T08:12:34.277+0000] {processor.py:183} INFO - Processing /opt/airflow/dags/youtube_pipeline.py took 0.182 seconds
[2026-07-26T08:13:04.401+0000] {processor.py:161} INFO - Started process (PID=27918) to work on /opt/airflow/dags/youtube_pipeline.py
[2026-07-26T08:13:04.404+0000] {processor.py:830} INFO - Processing file /opt/airflow/dags/youtube_pipeline.py for tasks to queue
[2026-07-26T08:13:04.405+0000] {logging_mixin.py:188} INFO - [2026-07-26T08:13:04.404+0000] {dagbag.py:545} INFO - Filling up the DagBag from /opt/airflow/dags/youtube_pipeline.py
[2026-07-26T08:13:04.459+0000] {processor.py:840} INFO - DAG(s) 'youtube_english_video_pipeline' retrieved from /opt/airflow/dags/youtube_pipeline.py
[2026-07-26T08:13:04.501+0000] {logging_mixin.py:188} INFO - [2026-07-26T08:13:04.501+0000] {dag.py:3089} INFO - Sync 1 DAGs
[2026-07-26T08:13:04.523+0000] {logging_mixin.py:188} INFO - [2026-07-26T08:13:04.523+0000] {dag.py:3947} INFO - Setting next_dagrun for youtube_english_video_pipeline to 2026-07-25 12:00:00+00:00, run_after=2026-07-26 12:00:00+00:00
[2026-07-26T08:13:04.550+0000] {processor.py:183} INFO - Processing /opt/airflow/dags/youtube_pipeline.py took 0.161 seconds
[2026-07-26T08:13:34.870+0000] {processor.py:161} INFO - Started process (PID=27923) to work on /opt/airflow/dags/youtube_pipeline.py
[2026-07-26T08:13:34.873+0000] {processor.py:830} INFO - Processing file /opt/airflow/dags/youtube_pipeline.py for tasks to queue
[2026-07-26T08:13:34.875+0000] {logging_mixin.py:188} INFO - [2026-07-26T08:13:34.874+0000] {dagbag.py:545} INFO - Filling up the DagBag from /opt/airflow/dags/youtube_pipeline.py
[2026-07-26T08:13:34.944+0000] {processor.py:840} INFO - DAG(s) 'youtube_english_video_pipeline' retrieved from /opt/airflow/dags/youtube_pipeline.py
[2026-07-26T08:13:34.981+0000] {logging_mixin.py:188} INFO - [2026-07-26T08:13:34.981+0000] {dag.py:3089} INFO - Sync 1 DAGs
[2026-07-26T08:13:35.001+0000] {logging_mixin.py:188} INFO - [2026-07-26T08:13:35.001+0000] {dag.py:3947} INFO - Setting next_dagrun for youtube_english_video_pipeline to 2026-07-25 12:00:00+00:00, run_after=2026-07-26 12:00:00+00:00
[2026-07-26T08:13:35.023+0000] {processor.py:183} INFO - Processing /opt/airflow/dags/youtube_pipeline.py took 0.167 seconds
[2026-07-26T08:14:05.157+0000] {processor.py:161} INFO - Started process (PID=27928) to work on /opt/airflow/dags/youtube_pipeline.py
[2026-07-26T08:14:05.159+0000] {processor.py:830} INFO - Processing file /opt/airflow/dags/youtube_pipeline.py for tasks to queue
[2026-07-26T08:14:05.160+0000] {logging_mixin.py:188} INFO - [2026-07-26T08:14:05.160+0000] {dagbag.py:545} INFO - Filling up the DagBag from /opt/airflow/dags/youtube_pipeline.py
[2026-07-26T08:14:05.233+0000] {processor.py:840} INFO - DAG(s) 'youtube_english_video_pipeline' retrieved from /opt/airflow/dags/youtube_pipeline.py
[2026-07-26T08:14:05.270+0000] {logging_mixin.py:188} INFO - [2026-07-26T08:14:05.270+0000] {dag.py:3089} INFO - Sync 1 DAGs
[2026-07-26T08:14:05.286+0000] {logging_mixin.py:188} INFO - [2026-07-26T08:14:05.286+0000] {dag.py:3947} INFO - Setting next_dagrun for youtube_english_video_pipeline to 2026-07-25 12:00:00+00:00, run_after=2026-07-26 12:00:00+00:00
[2026-07-26T08:14:05.306+0000] {processor.py:183} INFO - Processing /opt/airflow/dags/youtube_pipeline.py took 0.160 seconds
[2026-07-26T08:14:35.634+0000] {processor.py:161} INFO - Started process (PID=27933) to work on /opt/airflow/dags/youtube_pipeline.py
[2026-07-26T08:14:35.636+0000] {processor.py:830} INFO - Processing file /opt/airflow/dags/youtube_pipeline.py for tasks to queue
[2026-07-26T08:14:35.637+0000] {logging_mixin.py:188} INFO - [2026-07-26T08:14:35.637+0000] {dagbag.py:545} INFO - Filling up the DagBag from /opt/airflow/dags/youtube_pipeline.py
[2026-07-26T08:14:35.698+0000] {processor.py:840} INFO - DAG(s) 'youtube_english_video_pipeline' retrieved from /opt/airflow/dags/youtube_pipeline.py
[2026-07-26T08:14:35.739+0000] {logging_mixin.py:188} INFO - [2026-07-26T08:14:35.739+0000] {dag.py:3089} INFO - Sync 1 DAGs
[2026-07-26T08:14:35.762+0000] {logging_mixin.py:188} INFO - [2026-07-26T08:14:35.761+0000] {dag.py:3947} INFO - Setting next_dagrun for youtube_english_video_pipeline to 2026-07-25 12:00:00+00:00, run_after=2026-07-26 12:00:00+00:00
[2026-07-26T08:14:35.782+0000] {processor.py:183} INFO - Processing /opt/airflow/dags/youtube_pipeline.py took 0.156 seconds
[2026-07-26T08:15:05.935+0000] {processor.py:161} INFO - Started process (PID=27938) to work on /opt/airflow/dags/youtube_pipeline.py
[2026-07-26T08:15:05.937+0000] {processor.py:830} INFO - Processing file /opt/airflow/dags/youtube_pipeline.py for tasks to queue
[2026-07-26T08:15:05.938+0000] {logging_mixin.py:188} INFO - [2026-07-26T08:15:05.938+0000] {dagbag.py:545} INFO - Filling up the DagBag from /opt/airflow/dags/youtube_pipeline.py
[2026-07-26T08:15:06.002+0000] {processor.py:840} INFO - DAG(s) 'youtube_english_video_pipeline' retrieved from /opt/airflow/dags/youtube_pipeline.py
[2026-07-26T08:15:06.042+0000] {logging_mixin.py:188} INFO - [2026-07-26T08:15:06.042+0000] {dag.py:3089} INFO - Sync 1 DAGs
[2026-07-26T08:15:06.057+0000] {logging_mixin.py:188} INFO - [2026-07-26T08:15:06.056+0000] {dag.py:3947} INFO - Setting next_dagrun for youtube_english_video_pipeline to 2026-07-25 12:00:00+00:00, run_after=2026-07-26 12:00:00+00:00
[2026-07-26T08:15:06.078+0000] {processor.py:183} INFO - Processing /opt/airflow/dags/youtube_pipeline.py took 0.157 seconds
[2026-07-26T08:15:36.359+0000] {processor.py:161} INFO - Started process (PID=27943) to work on /opt/airflow/dags/youtube_pipeline.py
[2026-07-26T08:15:36.362+0000] {processor.py:830} INFO - Processing file /opt/airflow/dags/youtube_pipeline.py for tasks to queue
[2026-07-26T08:15:36.366+0000] {logging_mixin.py:188} INFO - [2026-07-26T08:15:36.365+0000] {dagbag.py:545} INFO - Filling up the DagBag from /opt/airflow/dags/youtube_pipeline.py
[2026-07-26T08:15:36.420+0000] {processor.py:840} INFO - DAG(s) 'youtube_english_video_pipeline' retrieved from /opt/airflow/dags/youtube_pipeline.py
[2026-07-26T08:15:36.462+0000] {logging_mixin.py:188} INFO - [2026-07-26T08:15:36.462+0000] {dag.py:3089} INFO - Sync 1 DAGs
[2026-07-26T08:15:36.477+0000] {logging_mixin.py:188} INFO - [2026-07-26T08:15:36.476+0000] {dag.py:3947} INFO - Setting next_dagrun for youtube_english_video_pipeline to 2026-07-25 12:00:00+00:00, run_after=2026-07-26 12:00:00+00:00
[2026-07-26T08:15:36.491+0000] {processor.py:183} INFO - Processing /opt/airflow/dags/youtube_pipeline.py took 0.146 seconds
[2026-07-26T08:16:06.631+0000] {processor.py:161} INFO - Started process (PID=27948) to work on /opt/airflow/dags/youtube_pipeline.py
[2026-07-26T08:16:06.633+0000] {processor.py:830} INFO - Processing file /opt/airflow/dags/youtube_pipeline.py for tasks to queue
[2026-07-26T08:16:06.634+0000] {logging_mixin.py:188} INFO - [2026-07-26T08:16:06.634+0000] {dagbag.py:545} INFO - Filling up the DagBag from /opt/airflow/dags/youtube_pipeline.py
[2026-07-26T08:16:06.686+0000] {processor.py:840} INFO - DAG(s) 'youtube_english_video_pipeline' retrieved from /opt/airflow/dags/youtube_pipeline.py
[2026-07-26T08:16:06.735+0000] {logging_mixin.py:188} INFO - [2026-07-26T08:16:06.735+0000] {dag.py:3089} INFO - Sync 1 DAGs
[2026-07-26T08:16:06.750+0000] {logging_mixin.py:188} INFO - [2026-07-26T08:16:06.750+0000] {dag.py:3947} INFO - Setting next_dagrun for youtube_english_video_pipeline to 2026-07-25 12:00:00+00:00, run_after=2026-07-26 12:00:00+00:00
[2026-07-26T08:16:06.768+0000] {processor.py:183} INFO - Processing /opt/airflow/dags/youtube_pipeline.py took 0.152 seconds
[2026-07-26T08:16:37.110+0000] {processor.py:161} INFO - Started process (PID=27953) to work on /opt/airflow/dags/youtube_pipeline.py
[2026-07-26T08:16:37.111+0000] {processor.py:830} INFO - Processing file /opt/airflow/dags/youtube_pipeline.py for tasks to queue
[2026-07-26T08:16:37.113+0000] {logging_mixin.py:188} INFO - [2026-07-26T08:16:37.112+0000] {dagbag.py:545} INFO - Filling up the DagBag from /opt/airflow/dags/youtube_pipeline.py
[2026-07-26T08:16:37.173+0000] {processor.py:840} INFO - DAG(s) 'youtube_english_video_pipeline' retrieved from /opt/airflow/dags/youtube_pipeline.py
[2026-07-26T08:16:37.205+0000] {logging_mixin.py:188} INFO - [2026-07-26T08:16:37.205+0000] {dag.py:3089} INFO - Sync 1 DAGs
[2026-07-26T08:16:37.223+0000] {logging_mixin.py:188} INFO - [2026-07-26T08:16:37.223+0000] {dag.py:3947} INFO - Setting next_dagrun for youtube_english_video_pipeline to 2026-07-25 12:00:00+00:00, run_after=2026-07-26 12:00:00+00:00
[2026-07-26T08:16:37.243+0000] {processor.py:183} INFO - Processing /opt/airflow/dags/youtube_pipeline.py took 0.145 seconds
[2026-07-26T08:17:07.461+0000] {processor.py:161} INFO - Started process (PID=27958) to work on /opt/airflow/dags/youtube_pipeline.py
[2026-07-26T08:17:07.463+0000] {processor.py:830} INFO - Processing file /opt/airflow/dags/youtube_pipeline.py for tasks to queue
[2026-07-26T08:17:07.464+0000] {logging_mixin.py:188} INFO - [2026-07-26T08:17:07.464+0000] {dagbag.py:545} INFO - Filling up the DagBag from /opt/airflow/dags/youtube_pipeline.py
[2026-07-26T08:17:07.532+0000] {processor.py:840} INFO - DAG(s) 'youtube_english_video_pipeline' retrieved from /opt/airflow/dags/youtube_pipeline.py
[2026-07-26T08:17:07.580+0000] {logging_mixin.py:188} INFO - [2026-07-26T08:17:07.580+0000] {dag.py:3089} INFO - Sync 1 DAGs
[2026-07-26T08:17:07.597+0000] {logging_mixin.py:188} INFO - [2026-07-26T08:17:07.597+0000] {dag.py:3947} INFO - Setting next_dagrun for youtube_english_video_pipeline to 2026-07-25 12:00:00+00:00, run_after=2026-07-26 12:00:00+00:00
[2026-07-26T08:17:07.620+0000] {processor.py:183} INFO - Processing /opt/airflow/dags/youtube_pipeline.py took 0.170 seconds
[2026-07-26T08:17:37.813+0000] {processor.py:161} INFO - Started process (PID=27963) to work on /opt/airflow/dags/youtube_pipeline.py
[2026-07-26T08:17:37.814+0000] {processor.py:830} INFO - Processing file /opt/airflow/dags/youtube_pipeline.py for tasks to queue
[2026-07-26T08:17:37.816+0000] {logging_mixin.py:188} INFO - [2026-07-26T08:17:37.815+0000] {dagbag.py:545} INFO - Filling up the DagBag from /opt/airflow/dags/youtube_pipeline.py
[2026-07-26T08:17:37.861+0000] {processor.py:840} INFO - DAG(s) 'youtube_english_video_pipeline' retrieved from /opt/airflow/dags/youtube_pipeline.py
[2026-07-26T08:17:37.897+0000] {logging_mixin.py:188} INFO - [2026-07-26T08:17:37.897+0000] {dag.py:3089} INFO - Sync 1 DAGs
[2026-07-26T08:17:37.913+0000] {logging_mixin.py:188} INFO - [2026-07-26T08:17:37.913+0000] {dag.py:3947} INFO - Setting next_dagrun for youtube_english_video_pipeline to 2026-07-25 12:00:00+00:00, run_after=2026-07-26 12:00:00+00:00
[2026-07-26T08:17:37.928+0000] {processor.py:183} INFO - Processing /opt/airflow/dags/youtube_pipeline.py took 0.127 seconds
[2026-07-26T08:18:08.198+0000] {processor.py:161} INFO - Started process (PID=27968) to work on /opt/airflow/dags/youtube_pipeline.py
[2026-07-26T08:18:08.200+0000] {processor.py:830} INFO - Processing file /opt/airflow/dags/youtube_pipeline.py for tasks to queue
[2026-07-26T08:18:08.202+0000] {logging_mixin.py:188} INFO - [2026-07-26T08:18:08.201+0000] {dagbag.py:545} INFO - Filling up the DagBag from /opt/airflow/dags/youtube_pipeline.py
[2026-07-26T08:18:08.263+0000] {processor.py:840} INFO - DAG(s) 'youtube_english_video_pipeline' retrieved from /opt/airflow/dags/youtube_pipeline.py
[2026-07-26T08:18:08.312+0000] {logging_mixin.py:188} INFO - [2026-07-26T08:18:08.312+0000] {dag.py:3089} INFO - Sync 1 DAGs
[2026-07-26T08:18:08.336+0000] {logging_mixin.py:188} INFO - [2026-07-26T08:18:08.335+0000] {dag.py:3947} INFO - Setting next_dagrun for youtube_english_video_pipeline to 2026-07-25 12:00:00+00:00, run_after=2026-07-26 12:00:00+00:00
[2026-07-26T08:18:08.396+0000] {processor.py:183} INFO - Processing /opt/airflow/dags/youtube_pipeline.py took 0.209 seconds
[2026-07-26T08:18:38.483+0000] {processor.py:161} INFO - Started process (PID=27973) to work on /opt/airflow/dags/youtube_pipeline.py
[2026-07-26T08:18:38.486+0000] {processor.py:830} INFO - Processing file /opt/airflow/dags/youtube_pipeline.py for tasks to queue
[2026-07-26T08:18:38.487+0000] {logging_mixin.py:188} INFO - [2026-07-26T08:18:38.487+0000] {dagbag.py:545} INFO - Filling up the DagBag from /opt/airflow/dags/youtube_pipeline.py
[2026-07-26T08:18:38.548+0000] {processor.py:840} INFO - DAG(s) 'youtube_english_video_pipeline' retrieved from /opt/airflow/dags/youtube_pipeline.py
[2026-07-26T08:18:38.586+0000] {logging_mixin.py:188} INFO - [2026-07-26T08:18:38.586+0000] {dag.py:3089} INFO - Sync 1 DAGs
[2026-07-26T08:18:38.611+0000] {logging_mixin.py:188} INFO - [2026-07-26T08:18:38.611+0000] {dag.py:3947} INFO - Setting next_dagrun for youtube_english_video_pipeline to 2026-07-25 12:00:00+00:00, run_after=2026-07-26 12:00:00+00:00
[2026-07-26T08:18:38.634+0000] {processor.py:183} INFO - Processing /opt/airflow/dags/youtube_pipeline.py took 0.165 seconds
[2026-07-26T08:19:08.804+0000] {processor.py:161} INFO - Started process (PID=27978) to work on /opt/airflow/dags/youtube_pipeline.py
[2026-07-26T08:19:08.806+0000] {processor.py:830} INFO - Processing file /opt/airflow/dags/youtube_pipeline.py for tasks to queue
[2026-07-26T08:19:08.807+0000] {logging_mixin.py:188} INFO - [2026-07-26T08:19:08.807+0000] {dagbag.py:545} INFO - Filling up the DagBag from /opt/airflow/dags/youtube_pipeline.py
[2026-07-26T08:19:08.879+0000] {processor.py:840} INFO - DAG(s) 'youtube_english_video_pipeline' retrieved from /opt/airflow/dags/youtube_pipeline.py
[2026-07-26T08:19:08.915+0000] {logging_mixin.py:188} INFO - [2026-07-26T08:19:08.915+0000] {dag.py:3089} INFO - Sync 1 DAGs
[2026-07-26T08:19:08.931+0000] {logging_mixin.py:188} INFO - [2026-07-26T08:19:08.931+0000] {dag.py:3947} INFO - Setting next_dagrun for youtube_english_video_pipeline to 2026-07-25 12:00:00+00:00, run_after=2026-07-26 12:00:00+00:00
[2026-07-26T08:19:08.947+0000] {processor.py:183} INFO - Processing /opt/airflow/dags/youtube_pipeline.py took 0.157 seconds
[2026-07-26T08:19:39.094+0000] {processor.py:161} INFO - Started process (PID=27983) to work on /opt/airflow/dags/youtube_pipeline.py
[2026-07-26T08:19:39.095+0000] {processor.py:830} INFO - Processing file /opt/airflow/dags/youtube_pipeline.py for tasks to queue
[2026-07-26T08:19:39.097+0000] {logging_mixin.py:188} INFO - [2026-07-26T08:19:39.097+0000] {dagbag.py:545} INFO - Filling up the DagBag from /opt/airflow/dags/youtube_pipeline.py
[2026-07-26T08:19:39.157+0000] {processor.py:840} INFO - DAG(s) 'youtube_english_video_pipeline' retrieved from /opt/airflow/dags/youtube_pipeline.py
[2026-07-26T08:19:39.192+0000] {logging_mixin.py:188} INFO - [2026-07-26T08:19:39.192+0000] {dag.py:3089} INFO - Sync 1 DAGs
[2026-07-26T08:19:39.208+0000] {logging_mixin.py:188} INFO - [2026-07-26T08:19:39.208+0000] {dag.py:3947} INFO - Setting next_dagrun for youtube_english_video_pipeline to 2026-07-25 12:00:00+00:00, run_after=2026-07-26 12:00:00+00:00
[2026-07-26T08:19:39.225+0000] {processor.py:183} INFO - Processing /opt/airflow/dags/youtube_pipeline.py took 0.144 seconds
[2026-07-26T08:20:09.595+0000] {processor.py:161} INFO - Started process (PID=27988) to work on /opt/airflow/dags/youtube_pipeline.py
[2026-07-26T08:20:09.598+0000] {processor.py:830} INFO - Processing file /opt/airflow/dags/youtube_pipeline.py for tasks to queue
[2026-07-26T08:20:09.600+0000] {logging_mixin.py:188} INFO - [2026-07-26T08:20:09.599+0000] {dagbag.py:545} INFO - Filling up the DagBag from /opt/airflow/dags/youtube_pipeline.py
[2026-07-26T08:20:09.659+0000] {processor.py:840} INFO - DAG(s) 'youtube_english_video_pipeline' retrieved from /opt/airflow/dags/youtube_pipeline.py
[2026-07-26T08:20:09.701+0000] {logging_mixin.py:188} INFO - [2026-07-26T08:20:09.701+0000] {dag.py:3089} INFO - Sync 1 DAGs
[2026-07-26T08:20:09.719+0000] {logging_mixin.py:188} INFO - [2026-07-26T08:20:09.719+0000] {dag.py:3947} INFO - Setting next_dagrun for youtube_english_video_pipeline to 2026-07-25 12:00:00+00:00, run_after=2026-07-26 12:00:00+00:00
[2026-07-26T08:20:09.738+0000] {processor.py:183} INFO - Processing /opt/airflow/dags/youtube_pipeline.py took 0.150 seconds
[2026-07-26T08:20:39.878+0000] {processor.py:161} INFO - Started process (PID=27993) to work on /opt/airflow/dags/youtube_pipeline.py
[2026-07-26T08:20:39.880+0000] {processor.py:830} INFO - Processing file /opt/airflow/dags/youtube_pipeline.py for tasks to queue
[2026-07-26T08:20:39.882+0000] {logging_mixin.py:188} INFO - [2026-07-26T08:20:39.881+0000] {dagbag.py:545} INFO - Filling up the DagBag from /opt/airflow/dags/youtube_pipeline.py
[2026-07-26T08:20:39.925+0000] {processor.py:840} INFO - DAG(s) 'youtube_english_video_pipeline' retrieved from /opt/airflow/dags/youtube_pipeline.py
[2026-07-26T08:20:39.965+0000] {logging_mixin.py:188} INFO - [2026-07-26T08:20:39.965+0000] {dag.py:3089} INFO - Sync 1 DAGs
[2026-07-26T08:20:39.984+0000] {logging_mixin.py:188} INFO - [2026-07-26T08:20:39.984+0000] {dag.py:3947} INFO - Setting next_dagrun for youtube_english_video_pipeline to 2026-07-25 12:00:00+00:00, run_after=2026-07-26 12:00:00+00:00
[2026-07-26T08:20:40.003+0000] {processor.py:183} INFO - Processing /opt/airflow/dags/youtube_pipeline.py took 0.130 seconds
[2026-07-26T08:21:10.325+0000] {processor.py:161} INFO - Started process (PID=27998) to work on /opt/airflow/dags/youtube_pipeline.py
[2026-07-26T08:21:10.327+0000] {processor.py:830} INFO - Processing file /opt/airflow/dags/youtube_pipeline.py for tasks to queue
[2026-07-26T08:21:10.328+0000] {logging_mixin.py:188} INFO - [2026-07-26T08:21:10.328+0000] {dagbag.py:545} INFO - Filling up the DagBag from /opt/airflow/dags/youtube_pipeline.py
[2026-07-26T08:21:10.407+0000] {processor.py:840} INFO - DAG(s) 'youtube_english_video_pipeline' retrieved from /opt/airflow/dags/youtube_pipeline.py
[2026-07-26T08:21:10.466+0000] {logging_mixin.py:188} INFO - [2026-07-26T08:21:10.465+0000] {dag.py:3089} INFO - Sync 1 DAGs
[2026-07-26T08:21:10.491+0000] {logging_mixin.py:188} INFO - [2026-07-26T08:21:10.491+0000] {dag.py:3947} INFO - Setting next_dagrun for youtube_english_video_pipeline to 2026-07-25 12:00:00+00:00, run_after=2026-07-26 12:00:00+00:00
[2026-07-26T08:21:10.520+0000] {processor.py:183} INFO - Processing /opt/airflow/dags/youtube_pipeline.py took 0.202 seconds
[2026-07-26T08:21:40.763+0000] {processor.py:161} INFO - Started process (PID=28003) to work on /opt/airflow/dags/youtube_pipeline.py
[2026-07-26T08:21:40.766+0000] {processor.py:830} INFO - Processing file /opt/airflow/dags/youtube_pipeline.py for tasks to queue
[2026-07-26T08:21:40.769+0000] {logging_mixin.py:188} INFO - [2026-07-26T08:21:40.768+0000] {dagbag.py:545} INFO - Filling up the DagBag from /opt/airflow/dags/youtube_pipeline.py
[2026-07-26T08:21:40.840+0000] {processor.py:840} INFO - DAG(s) 'youtube_english_video_pipeline' retrieved from /opt/airflow/dags/youtube_pipeline.py
[2026-07-26T08:21:40.885+0000] {logging_mixin.py:188} INFO - [2026-07-26T08:21:40.885+0000] {dag.py:3089} INFO - Sync 1 DAGs
[2026-07-26T08:21:40.904+0000] {logging_mixin.py:188} INFO - [2026-07-26T08:21:40.904+0000] {dag.py:3947} INFO - Setting next_dagrun for youtube_english_video_pipeline to 2026-07-25 12:00:00+00:00, run_after=2026-07-26 12:00:00+00:00
[2026-07-26T08:21:40.924+0000] {processor.py:183} INFO - Processing /opt/airflow/dags/youtube_pipeline.py took 0.178 seconds
[2026-07-26T08:22:11.114+0000] {processor.py:161} INFO - Started process (PID=28008) to work on /opt/airflow/dags/youtube_pipeline.py
[2026-07-26T08:22:11.116+0000] {processor.py:830} INFO - Processing file /opt/airflow/dags/youtube_pipeline.py for tasks to queue
[2026-07-26T08:22:11.117+0000] {logging_mixin.py:188} INFO - [2026-07-26T08:22:11.117+0000] {dagbag.py:545} INFO - Filling up the DagBag from /opt/airflow/dags/youtube_pipeline.py
[2026-07-26T08:22:11.173+0000] {processor.py:840} INFO - DAG(s) 'youtube_english_video_pipeline' retrieved from /opt/airflow/dags/youtube_pipeline.py
[2026-07-26T08:22:11.213+0000] {logging_mixin.py:188} INFO - [2026-07-26T08:22:11.212+0000] {dag.py:3089} INFO - Sync 1 DAGs
[2026-07-26T08:22:11.227+0000] {logging_mixin.py:188} INFO - [2026-07-26T08:22:11.227+0000] {dag.py:3947} INFO - Setting next_dagrun for youtube_english_video_pipeline to 2026-07-25 12:00:00+00:00, run_after=2026-07-26 12:00:00+00:00
[2026-07-26T08:22:11.242+0000] {processor.py:183} INFO - Processing /opt/airflow/dags/youtube_pipeline.py took 0.137 seconds
[2026-07-26T08:22:41.540+0000] {processor.py:161} INFO - Started process (PID=28013) to work on /opt/airflow/dags/youtube_pipeline.py
[2026-07-26T08:22:41.542+0000] {processor.py:830} INFO - Processing file /opt/airflow/dags/youtube_pipeline.py for tasks to queue
[2026-07-26T08:22:41.544+0000] {logging_mixin.py:188} INFO - [2026-07-26T08:22:41.543+0000] {dagbag.py:545} INFO - Filling up the DagBag from /opt/airflow/dags/youtube_pipeline.py
[2026-07-26T08:22:41.610+0000] {processor.py:840} INFO - DAG(s) 'youtube_english_video_pipeline' retrieved from /opt/airflow/dags/youtube_pipeline.py
[2026-07-26T08:22:41.640+0000] {logging_mixin.py:188} INFO - [2026-07-26T08:22:41.640+0000] {dag.py:3089} INFO - Sync 1 DAGs
[2026-07-26T08:22:41.655+0000] {logging_mixin.py:188} INFO - [2026-07-26T08:22:41.655+0000] {dag.py:3947} INFO - Setting next_dagrun for youtube_english_video_pipeline to 2026-07-25 12:00:00+00:00, run_after=2026-07-26 12:00:00+00:00
[2026-07-26T08:22:41.676+0000] {processor.py:183} INFO - Processing /opt/airflow/dags/youtube_pipeline.py took 0.148 seconds
[2026-07-26T08:23:11.886+0000] {processor.py:161} INFO - Started process (PID=28018) to work on /opt/airflow/dags/youtube_pipeline.py
[2026-07-26T08:23:11.889+0000] {processor.py:830} INFO - Processing file /opt/airflow/dags/youtube_pipeline.py for tasks to queue
[2026-07-26T08:23:11.891+0000] {logging_mixin.py:188} INFO - [2026-07-26T08:23:11.890+0000] {dagbag.py:545} INFO - Filling up the DagBag from /opt/airflow/dags/youtube_pipeline.py
[2026-07-26T08:23:11.956+0000] {processor.py:840} INFO - DAG(s) 'youtube_english_video_pipeline' retrieved from /opt/airflow/dags/youtube_pipeline.py
[2026-07-26T08:23:11.997+0000] {logging_mixin.py:188} INFO - [2026-07-26T08:23:11.996+0000] {dag.py:3089} INFO - Sync 1 DAGs
[2026-07-26T08:23:12.012+0000] {logging_mixin.py:188} INFO - [2026-07-26T08:23:12.012+0000] {dag.py:3947} INFO - Setting next_dagrun for youtube_english_video_pipeline to 2026-07-25 12:00:00+00:00, run_after=2026-07-26 12:00:00+00:00
[2026-07-26T08:23:12.031+0000] {processor.py:183} INFO - Processing /opt/airflow/dags/youtube_pipeline.py took 0.160 seconds
[2026-07-26T08:23:42.285+0000] {processor.py:161} INFO - Started process (PID=28023) to work on /opt/airflow/dags/youtube_pipeline.py
[2026-07-26T08:23:42.287+0000] {processor.py:830} INFO - Processing file /opt/airflow/dags/youtube_pipeline.py for tasks to queue
[2026-07-26T08:23:42.288+0000] {logging_mixin.py:188} INFO - [2026-07-26T08:23:42.288+0000] {dagbag.py:545} INFO - Filling up the DagBag from /opt/airflow/dags/youtube_pipeline.py
[2026-07-26T08:23:42.356+0000] {processor.py:840} INFO - DAG(s) 'youtube_english_video_pipeline' retrieved from /opt/airflow/dags/youtube_pipeline.py
[2026-07-26T08:23:42.391+0000] {logging_mixin.py:188} INFO - [2026-07-26T08:23:42.391+0000] {dag.py:3089} INFO - Sync 1 DAGs
[2026-07-26T08:23:42.409+0000] {logging_mixin.py:188} INFO - [2026-07-26T08:23:42.409+0000] {dag.py:3947} INFO - Setting next_dagrun for youtube_english_video_pipeline to 2026-07-25 12:00:00+00:00, run_after=2026-07-26 12:00:00+00:00
[2026-07-26T08:23:42.429+0000] {processor.py:183} INFO - Processing /opt/airflow/dags/youtube_pipeline.py took 0.154 seconds
[2026-07-26T08:24:12.632+0000] {processor.py:161} INFO - Started process (PID=28028) to work on /opt/airflow/dags/youtube_pipeline.py
[2026-07-26T08:24:12.634+0000] {processor.py:830} INFO - Processing file /opt/airflow/dags/youtube_pipeline.py for tasks to queue
[2026-07-26T08:24:12.636+0000] {logging_mixin.py:188} INFO - [2026-07-26T08:24:12.636+0000] {dagbag.py:545} INFO - Filling up the DagBag from /opt/airflow/dags/youtube_pipeline.py
[2026-07-26T08:24:12.704+0000] {processor.py:840} INFO - DAG(s) 'youtube_english_video_pipeline' retrieved from /opt/airflow/dags/youtube_pipeline.py
[2026-07-26T08:24:12.747+0000] {logging_mixin.py:188} INFO - [2026-07-26T08:24:12.747+0000] {dag.py:3089} INFO - Sync 1 DAGs
[2026-07-26T08:24:12.774+0000] {logging_mixin.py:188} INFO - [2026-07-26T08:24:12.773+0000] {dag.py:3947} INFO - Setting next_dagrun for youtube_english_video_pipeline to 2026-07-25 12:00:00+00:00, run_after=2026-07-26 12:00:00+00:00
[2026-07-26T08:24:12.793+0000] {processor.py:183} INFO - Processing /opt/airflow/dags/youtube_pipeline.py took 0.176 seconds
[2026-07-26T08:24:43.020+0000] {processor.py:161} INFO - Started process (PID=28033) to work on /opt/airflow/dags/youtube_pipeline.py
[2026-07-26T08:24:43.022+0000] {processor.py:830} INFO - Processing file /opt/airflow/dags/youtube_pipeline.py for tasks to queue
[2026-07-26T08:24:43.023+0000] {logging_mixin.py:188} INFO - [2026-07-26T08:24:43.023+0000] {dagbag.py:545} INFO - Filling up the DagBag from /opt/airflow/dags/youtube_pipeline.py
[2026-07-26T08:24:43.079+0000] {processor.py:840} INFO - DAG(s) 'youtube_english_video_pipeline' retrieved from /opt/airflow/dags/youtube_pipeline.py
[2026-07-26T08:24:43.112+0000] {logging_mixin.py:188} INFO - [2026-07-26T08:24:43.112+0000] {dag.py:3089} INFO - Sync 1 DAGs
[2026-07-26T08:24:43.129+0000] {logging_mixin.py:188} INFO - [2026-07-26T08:24:43.129+0000] {dag.py:3947} INFO - Setting next_dagrun for youtube_english_video_pipeline to 2026-07-25 12:00:00+00:00, run_after=2026-07-26 12:00:00+00:00
[2026-07-26T08:24:43.146+0000] {processor.py:183} INFO - Processing /opt/airflow/dags/youtube_pipeline.py took 0.133 seconds
[2026-07-26T08:25:13.353+0000] {processor.py:161} INFO - Started process (PID=28038) to work on /opt/airflow/dags/youtube_pipeline.py
[2026-07-26T08:25:13.355+0000] {processor.py:830} INFO - Processing file /opt/airflow/dags/youtube_pipeline.py for tasks to queue
[2026-07-26T08:25:13.357+0000] {logging_mixin.py:188} INFO - [2026-07-26T08:25:13.357+0000] {dagbag.py:545} INFO - Filling up the DagBag from /opt/airflow/dags/youtube_pipeline.py
[2026-07-26T08:25:13.434+0000] {processor.py:840} INFO - DAG(s) 'youtube_english_video_pipeline' retrieved from /opt/airflow/dags/youtube_pipeline.py
[2026-07-26T08:25:13.491+0000] {logging_mixin.py:188} INFO - [2026-07-26T08:25:13.491+0000] {dag.py:3089} INFO - Sync 1 DAGs
[2026-07-26T08:25:13.507+0000] {logging_mixin.py:188} INFO - [2026-07-26T08:25:13.507+0000] {dag.py:3947} INFO - Setting next_dagrun for youtube_english_video_pipeline to 2026-07-25 12:00:00+00:00, run_after=2026-07-26 12:00:00+00:00
[2026-07-26T08:25:13.526+0000] {processor.py:183} INFO - Processing /opt/airflow/dags/youtube_pipeline.py took 0.186 seconds
[2026-07-26T08:25:43.806+0000] {processor.py:161} INFO - Started process (PID=28043) to work on /opt/airflow/dags/youtube_pipeline.py
[2026-07-26T08:25:43.808+0000] {processor.py:830} INFO - Processing file /opt/airflow/dags/youtube_pipeline.py for tasks to queue
[2026-07-26T08:25:43.810+0000] {logging_mixin.py:188} INFO - [2026-07-26T08:25:43.810+0000] {dagbag.py:545} INFO - Filling up the DagBag from /opt/airflow/dags/youtube_pipeline.py
[2026-07-26T08:25:43.894+0000] {processor.py:840} INFO - DAG(s) 'youtube_english_video_pipeline' retrieved from /opt/airflow/dags/youtube_pipeline.py
[2026-07-26T08:25:43.955+0000] {logging_mixin.py:188} INFO - [2026-07-26T08:25:43.955+0000] {dag.py:3089} INFO - Sync 1 DAGs
[2026-07-26T08:25:43.985+0000] {logging_mixin.py:188} INFO - [2026-07-26T08:25:43.985+0000] {dag.py:3947} INFO - Setting next_dagrun for youtube_english_video_pipeline to 2026-07-25 12:00:00+00:00, run_after=2026-07-26 12:00:00+00:00
[2026-07-26T08:25:44.004+0000] {processor.py:183} INFO - Processing /opt/airflow/dags/youtube_pipeline.py took 0.207 seconds
[2026-07-26T08:26:14.342+0000] {processor.py:161} INFO - Started process (PID=28048) to work on /opt/airflow/dags/youtube_pipeline.py
[2026-07-26T08:26:14.345+0000] {processor.py:830} INFO - Processing file /opt/airflow/dags/youtube_pipeline.py for tasks to queue
[2026-07-26T08:26:14.348+0000] {logging_mixin.py:188} INFO - [2026-07-26T08:26:14.348+0000] {dagbag.py:545} INFO - Filling up the DagBag from /opt/airflow/dags/youtube_pipeline.py
[2026-07-26T08:26:14.484+0000] {processor.py:840} INFO - DAG(s) 'youtube_english_video_pipeline' retrieved from /opt/airflow/dags/youtube_pipeline.py
[2026-07-26T08:26:14.537+0000] {logging_mixin.py:188} INFO - [2026-07-26T08:26:14.537+0000] {dag.py:3089} INFO - Sync 1 DAGs
[2026-07-26T08:26:14.554+0000] {logging_mixin.py:188} INFO - [2026-07-26T08:26:14.554+0000] {dag.py:3947} INFO - Setting next_dagrun for youtube_english_video_pipeline to 2026-07-25 12:00:00+00:00, run_after=2026-07-26 12:00:00+00:00
[2026-07-26T08:26:14.571+0000] {processor.py:183} INFO - Processing /opt/airflow/dags/youtube_pipeline.py took 0.242 seconds
[2026-07-26T08:26:44.943+0000] {processor.py:161} INFO - Started process (PID=28053) to work on /opt/airflow/dags/youtube_pipeline.py
[2026-07-26T08:26:44.946+0000] {processor.py:830} INFO - Processing file /opt/airflow/dags/youtube_pipeline.py for tasks to queue
[2026-07-26T08:26:44.948+0000] {logging_mixin.py:188} INFO - [2026-07-26T08:26:44.948+0000] {dagbag.py:545} INFO - Filling up the DagBag from /opt/airflow/dags/youtube_pipeline.py
[2026-07-26T08:26:45.027+0000] {processor.py:840} INFO - DAG(s) 'youtube_english_video_pipeline' retrieved from /opt/airflow/dags/youtube_pipeline.py
[2026-07-26T08:26:45.083+0000] {logging_mixin.py:188} INFO - [2026-07-26T08:26:45.082+0000] {dag.py:3089} INFO - Sync 1 DAGs
[2026-07-26T08:26:45.104+0000] {logging_mixin.py:188} INFO - [2026-07-26T08:26:45.104+0000] {dag.py:3947} INFO - Setting next_dagrun for youtube_english_video_pipeline to 2026-07-25 12:00:00+00:00, run_after=2026-07-26 12:00:00+00:00
[2026-07-26T08:26:45.124+0000] {processor.py:183} INFO - Processing /opt/airflow/dags/youtube_pipeline.py took 0.194 seconds
[2026-07-26T08:27:15.261+0000] {processor.py:161} INFO - Started process (PID=28058) to work on /opt/airflow/dags/youtube_pipeline.py
[2026-07-26T08:27:15.263+0000] {processor.py:830} INFO - Processing file /opt/airflow/dags/youtube_pipeline.py for tasks to queue
[2026-07-26T08:27:15.266+0000] {logging_mixin.py:188} INFO - [2026-07-26T08:27:15.265+0000] {dagbag.py:545} INFO - Filling up the DagBag from /opt/airflow/dags/youtube_pipeline.py
[2026-07-26T08:27:15.326+0000] {processor.py:840} INFO - DAG(s) 'youtube_english_video_pipeline' retrieved from /opt/airflow/dags/youtube_pipeline.py
[2026-07-26T08:27:15.363+0000] {logging_mixin.py:188} INFO - [2026-07-26T08:27:15.362+0000] {dag.py:3089} INFO - Sync 1 DAGs
[2026-07-26T08:27:15.380+0000] {logging_mixin.py:188} INFO - [2026-07-26T08:27:15.380+0000] {dag.py:3947} INFO - Setting next_dagrun for youtube_english_video_pipeline to 2026-07-25 12:00:00+00:00, run_after=2026-07-26 12:00:00+00:00
[2026-07-26T08:27:15.397+0000] {processor.py:183} INFO - Processing /opt/airflow/dags/youtube_pipeline.py took 0.146 seconds
[2026-07-26T08:27:45.725+0000] {processor.py:161} INFO - Started process (PID=28063) to work on /opt/airflow/dags/youtube_pipeline.py
[2026-07-26T08:27:45.728+0000] {processor.py:830} INFO - Processing file /opt/airflow/dags/youtube_pipeline.py for tasks to queue
[2026-07-26T08:27:45.730+0000] {logging_mixin.py:188} INFO - [2026-07-26T08:27:45.730+0000] {dagbag.py:545} INFO - Filling up the DagBag from /opt/airflow/dags/youtube_pipeline.py
[2026-07-26T08:27:45.800+0000] {processor.py:840} INFO - DAG(s) 'youtube_english_video_pipeline' retrieved from /opt/airflow/dags/youtube_pipeline.py
[2026-07-26T08:27:45.849+0000] {logging_mixin.py:188} INFO - [2026-07-26T08:27:45.849+0000] {dag.py:3089} INFO - Sync 1 DAGs
[2026-07-26T08:27:45.874+0000] {logging_mixin.py:188} INFO - [2026-07-26T08:27:45.874+0000] {dag.py:3947} INFO - Setting next_dagrun for youtube_english_video_pipeline to 2026-07-25 12:00:00+00:00, run_after=2026-07-26 12:00:00+00:00
[2026-07-26T08:27:45.908+0000] {processor.py:183} INFO - Processing /opt/airflow/dags/youtube_pipeline.py took 0.194 seconds
[2026-07-26T08:28:16.036+0000] {processor.py:161} INFO - Started process (PID=28068) to work on /opt/airflow/dags/youtube_pipeline.py
[2026-07-26T08:28:16.038+0000] {processor.py:830} INFO - Processing file /opt/airflow/dags/youtube_pipeline.py for tasks to queue
[2026-07-26T08:28:16.039+0000] {logging_mixin.py:188} INFO - [2026-07-26T08:28:16.039+0000] {dagbag.py:545} INFO - Filling up the DagBag from /opt/airflow/dags/youtube_pipeline.py
[2026-07-26T08:28:16.122+0000] {processor.py:840} INFO - DAG(s) 'youtube_english_video_pipeline' retrieved from /opt/airflow/dags/youtube_pipeline.py
[2026-07-26T08:28:16.164+0000] {logging_mixin.py:188} INFO - [2026-07-26T08:28:16.164+0000] {dag.py:3089} INFO - Sync 1 DAGs
[2026-07-26T08:28:16.195+0000] {logging_mixin.py:188} INFO - [2026-07-26T08:28:16.195+0000] {dag.py:3947} INFO - Setting next_dagrun for youtube_english_video_pipeline to 2026-07-25 12:00:00+00:00, run_after=2026-07-26 12:00:00+00:00
[2026-07-26T08:28:16.225+0000] {processor.py:183} INFO - Processing /opt/airflow/dags/youtube_pipeline.py took 0.198 seconds
[2026-07-26T08:28:46.582+0000] {processor.py:161} INFO - Started process (PID=28073) to work on /opt/airflow/dags/youtube_pipeline.py
[2026-07-26T08:28:46.584+0000] {processor.py:830} INFO - Processing file /opt/airflow/dags/youtube_pipeline.py for tasks to queue
[2026-07-26T08:28:46.587+0000] {logging_mixin.py:188} INFO - [2026-07-26T08:28:46.586+0000] {dagbag.py:545} INFO - Filling up the DagBag from /opt/airflow/dags/youtube_pipeline.py
[2026-07-26T08:28:46.656+0000] {processor.py:840} INFO - DAG(s) 'youtube_english_video_pipeline' retrieved from /opt/airflow/dags/youtube_pipeline.py
[2026-07-26T08:28:46.693+0000] {logging_mixin.py:188} INFO - [2026-07-26T08:28:46.693+0000] {dag.py:3089} INFO - Sync 1 DAGs
[2026-07-26T08:28:46.712+0000] {logging_mixin.py:188} INFO - [2026-07-26T08:28:46.712+0000] {dag.py:3947} INFO - Setting next_dagrun for youtube_english_video_pipeline to 2026-07-25 12:00:00+00:00, run_after=2026-07-26 12:00:00+00:00
[2026-07-26T08:28:46.729+0000] {processor.py:183} INFO - Processing /opt/airflow/dags/youtube_pipeline.py took 0.159 seconds
[2026-07-26T08:29:16.908+0000] {processor.py:161} INFO - Started process (PID=28078) to work on /opt/airflow/dags/youtube_pipeline.py
[2026-07-26T08:29:16.910+0000] {processor.py:830} INFO - Processing file /opt/airflow/dags/youtube_pipeline.py for tasks to queue
[2026-07-26T08:29:16.912+0000] {logging_mixin.py:188} INFO - [2026-07-26T08:29:16.912+0000] {dagbag.py:545} INFO - Filling up the DagBag from /opt/airflow/dags/youtube_pipeline.py
[2026-07-26T08:29:16.967+0000] {processor.py:840} INFO - DAG(s) 'youtube_english_video_pipeline' retrieved from /opt/airflow/dags/youtube_pipeline.py
[2026-07-26T08:29:17.001+0000] {logging_mixin.py:188} INFO - [2026-07-26T08:29:17.001+0000] {dag.py:3089} INFO - Sync 1 DAGs
[2026-07-26T08:29:17.016+0000] {logging_mixin.py:188} INFO - [2026-07-26T08:29:17.016+0000] {dag.py:3947} INFO - Setting next_dagrun for youtube_english_video_pipeline to 2026-07-25 12:00:00+00:00, run_after=2026-07-26 12:00:00+00:00
[2026-07-26T08:29:17.033+0000] {processor.py:183} INFO - Processing /opt/airflow/dags/youtube_pipeline.py took 0.138 seconds
[2026-07-26T08:29:47.335+0000] {processor.py:161} INFO - Started process (PID=28083) to work on /opt/airflow/dags/youtube_pipeline.py
[2026-07-26T08:29:47.337+0000] {processor.py:830} INFO - Processing file /opt/airflow/dags/youtube_pipeline.py for tasks to queue
[2026-07-26T08:29:47.340+0000] {logging_mixin.py:188} INFO - [2026-07-26T08:29:47.339+0000] {dagbag.py:545} INFO - Filling up the DagBag from /opt/airflow/dags/youtube_pipeline.py
[2026-07-26T08:29:47.408+0000] {processor.py:840} INFO - DAG(s) 'youtube_english_video_pipeline' retrieved from /opt/airflow/dags/youtube_pipeline.py
[2026-07-26T08:29:47.451+0000] {logging_mixin.py:188} INFO - [2026-07-26T08:29:47.451+0000] {dag.py:3089} INFO - Sync 1 DAGs
[2026-07-26T08:29:47.476+0000] {logging_mixin.py:188} INFO - [2026-07-26T08:29:47.476+0000] {dag.py:3947} INFO - Setting next_dagrun for youtube_english_video_pipeline to 2026-07-25 12:00:00+00:00, run_after=2026-07-26 12:00:00+00:00
[2026-07-26T08:29:47.508+0000] {processor.py:183} INFO - Processing /opt/airflow/dags/youtube_pipeline.py took 0.186 seconds
[2026-07-26T08:30:17.639+0000] {processor.py:161} INFO - Started process (PID=28088) to work on /opt/airflow/dags/youtube_pipeline.py
[2026-07-26T08:30:17.642+0000] {processor.py:830} INFO - Processing file /opt/airflow/dags/youtube_pipeline.py for tasks to queue
[2026-07-26T08:30:17.644+0000] {logging_mixin.py:188} INFO - [2026-07-26T08:30:17.644+0000] {dagbag.py:545} INFO - Filling up the DagBag from /opt/airflow/dags/youtube_pipeline.py
[2026-07-26T08:30:17.702+0000] {processor.py:840} INFO - DAG(s) 'youtube_english_video_pipeline' retrieved from /opt/airflow/dags/youtube_pipeline.py
[2026-07-26T08:30:17.759+0000] {logging_mixin.py:188} INFO - [2026-07-26T08:30:17.759+0000] {dag.py:3089} INFO - Sync 1 DAGs
[2026-07-26T08:30:17.783+0000] {logging_mixin.py:188} INFO - [2026-07-26T08:30:17.783+0000] {dag.py:3947} INFO - Setting next_dagrun for youtube_english_video_pipeline to 2026-07-25 12:00:00+00:00, run_after=2026-07-26 12:00:00+00:00
[2026-07-26T08:30:17.809+0000] {processor.py:183} INFO - Processing /opt/airflow/dags/youtube_pipeline.py took 0.181 seconds
[2026-07-26T08:30:48.098+0000] {processor.py:161} INFO - Started process (PID=28093) to work on /opt/airflow/dags/youtube_pipeline.py
[2026-07-26T08:30:48.099+0000] {processor.py:830} INFO - Processing file /opt/airflow/dags/youtube_pipeline.py for tasks to queue
[2026-07-26T08:30:48.102+0000] {logging_mixin.py:188} INFO - [2026-07-26T08:30:48.101+0000] {dagbag.py:545} INFO - Filling up the DagBag from /opt/airflow/dags/youtube_pipeline.py
[2026-07-26T08:30:48.169+0000] {processor.py:840} INFO - DAG(s) 'youtube_english_video_pipeline' retrieved from /opt/airflow/dags/youtube_pipeline.py
[2026-07-26T08:30:48.204+0000] {logging_mixin.py:188} INFO - [2026-07-26T08:30:48.204+0000] {dag.py:3089} INFO - Sync 1 DAGs
[2026-07-26T08:30:48.223+0000] {logging_mixin.py:188} INFO - [2026-07-26T08:30:48.222+0000] {dag.py:3947} INFO - Setting next_dagrun for youtube_english_video_pipeline to 2026-07-25 12:00:00+00:00, run_after=2026-07-26 12:00:00+00:00
[2026-07-26T08:30:48.240+0000] {processor.py:183} INFO - Processing /opt/airflow/dags/youtube_pipeline.py took 0.156 seconds
[2026-07-26T08:31:18.481+0000] {processor.py:161} INFO - Started process (PID=28098) to work on /opt/airflow/dags/youtube_pipeline.py
[2026-07-26T08:31:18.482+0000] {processor.py:830} INFO - Processing file /opt/airflow/dags/youtube_pipeline.py for tasks to queue
[2026-07-26T08:31:18.483+0000] {logging_mixin.py:188} INFO - [2026-07-26T08:31:18.483+0000] {dagbag.py:545} INFO - Filling up the DagBag from /opt/airflow/dags/youtube_pipeline.py
[2026-07-26T08:31:18.558+0000] {processor.py:840} INFO - DAG(s) 'youtube_english_video_pipeline' retrieved from /opt/airflow/dags/youtube_pipeline.py
[2026-07-26T08:31:18.603+0000] {logging_mixin.py:188} INFO - [2026-07-26T08:31:18.603+0000] {dag.py:3089} INFO - Sync 1 DAGs
[2026-07-26T08:31:18.620+0000] {logging_mixin.py:188} INFO - [2026-07-26T08:31:18.620+0000] {dag.py:3947} INFO - Setting next_dagrun for youtube_english_video_pipeline to 2026-07-25 12:00:00+00:00, run_after=2026-07-26 12:00:00+00:00
[2026-07-26T08:31:18.637+0000] {processor.py:183} INFO - Processing /opt/airflow/dags/youtube_pipeline.py took 0.164 seconds
[2026-07-26T08:31:48.813+0000] {processor.py:161} INFO - Started process (PID=28103) to work on /opt/airflow/dags/youtube_pipeline.py
[2026-07-26T08:31:48.815+0000] {processor.py:830} INFO - Processing file /opt/airflow/dags/youtube_pipeline.py for tasks to queue
[2026-07-26T08:31:48.817+0000] {logging_mixin.py:188} INFO - [2026-07-26T08:31:48.817+0000] {dagbag.py:545} INFO - Filling up the DagBag from /opt/airflow/dags/youtube_pipeline.py
[2026-07-26T08:31:48.905+0000] {processor.py:840} INFO - DAG(s) 'youtube_english_video_pipeline' retrieved from /opt/airflow/dags/youtube_pipeline.py
[2026-07-26T08:31:48.946+0000] {logging_mixin.py:188} INFO - [2026-07-26T08:31:48.946+0000] {dag.py:3089} INFO - Sync 1 DAGs
[2026-07-26T08:31:48.964+0000] {logging_mixin.py:188} INFO - [2026-07-26T08:31:48.964+0000] {dag.py:3947} INFO - Setting next_dagrun for youtube_english_video_pipeline to 2026-07-25 12:00:00+00:00, run_after=2026-07-26 12:00:00+00:00
[2026-07-26T08:31:48.988+0000] {processor.py:183} INFO - Processing /opt/airflow/dags/youtube_pipeline.py took 0.187 seconds
[2026-07-26T08:32:19.291+0000] {processor.py:161} INFO - Started process (PID=28108) to work on /opt/airflow/dags/youtube_pipeline.py
[2026-07-26T08:32:19.294+0000] {processor.py:830} INFO - Processing file /opt/airflow/dags/youtube_pipeline.py for tasks to queue
[2026-07-26T08:32:19.296+0000] {logging_mixin.py:188} INFO - [2026-07-26T08:32:19.295+0000] {dagbag.py:545} INFO - Filling up the DagBag from /opt/airflow/dags/youtube_pipeline.py
[2026-07-26T08:32:19.371+0000] {processor.py:840} INFO - DAG(s) 'youtube_english_video_pipeline' retrieved from /opt/airflow/dags/youtube_pipeline.py
[2026-07-26T08:32:19.404+0000] {logging_mixin.py:188} INFO - [2026-07-26T08:32:19.404+0000] {dag.py:3089} INFO - Sync 1 DAGs
[2026-07-26T08:32:19.420+0000] {logging_mixin.py:188} INFO - [2026-07-26T08:32:19.420+0000] {dag.py:3947} INFO - Setting next_dagrun for youtube_english_video_pipeline to 2026-07-25 12:00:00+00:00, run_after=2026-07-26 12:00:00+00:00
[2026-07-26T08:32:19.442+0000] {processor.py:183} INFO - Processing /opt/airflow/dags/youtube_pipeline.py took 0.167 seconds
[2026-07-26T08:32:49.578+0000] {processor.py:161} INFO - Started process (PID=28113) to work on /opt/airflow/dags/youtube_pipeline.py
[2026-07-26T08:32:49.580+0000] {processor.py:830} INFO - Processing file /opt/airflow/dags/youtube_pipeline.py for tasks to queue
[2026-07-26T08:32:49.582+0000] {logging_mixin.py:188} INFO - [2026-07-26T08:32:49.582+0000] {dagbag.py:545} INFO - Filling up the DagBag from /opt/airflow/dags/youtube_pipeline.py
[2026-07-26T08:32:49.648+0000] {processor.py:840} INFO - DAG(s) 'youtube_english_video_pipeline' retrieved from /opt/airflow/dags/youtube_pipeline.py
[2026-07-26T08:32:49.690+0000] {logging_mixin.py:188} INFO - [2026-07-26T08:32:49.690+0000] {dag.py:3089} INFO - Sync 1 DAGs
[2026-07-26T08:32:49.707+0000] {logging_mixin.py:188} INFO - [2026-07-26T08:32:49.707+0000] {dag.py:3947} INFO - Setting next_dagrun for youtube_english_video_pipeline to 2026-07-25 12:00:00+00:00, run_after=2026-07-26 12:00:00+00:00
[2026-07-26T08:32:49.727+0000] {processor.py:183} INFO - Processing /opt/airflow/dags/youtube_pipeline.py took 0.161 seconds
[2026-07-26T08:33:20.052+0000] {processor.py:161} INFO - Started process (PID=28118) to work on /opt/airflow/dags/youtube_pipeline.py
[2026-07-26T08:33:20.054+0000] {processor.py:830} INFO - Processing file /opt/airflow/dags/youtube_pipeline.py for tasks to queue
[2026-07-26T08:33:20.057+0000] {logging_mixin.py:188} INFO - [2026-07-26T08:33:20.056+0000] {dagbag.py:545} INFO - Filling up the DagBag from /opt/airflow/dags/youtube_pipeline.py
[2026-07-26T08:33:20.125+0000] {processor.py:840} INFO - DAG(s) 'youtube_english_video_pipeline' retrieved from /opt/airflow/dags/youtube_pipeline.py
[2026-07-26T08:33:20.171+0000] {logging_mixin.py:188} INFO - [2026-07-26T08:33:20.170+0000] {dag.py:3089} INFO - Sync 1 DAGs
[2026-07-26T08:33:20.213+0000] {logging_mixin.py:188} INFO - [2026-07-26T08:33:20.213+0000] {dag.py:3947} INFO - Setting next_dagrun for youtube_english_video_pipeline to 2026-07-25 12:00:00+00:00, run_after=2026-07-26 12:00:00+00:00
[2026-07-26T08:33:20.248+0000] {processor.py:183} INFO - Processing /opt/airflow/dags/youtube_pipeline.py took 0.204 seconds
[2026-07-26T08:33:50.356+0000] {processor.py:161} INFO - Started process (PID=28123) to work on /opt/airflow/dags/youtube_pipeline.py
[2026-07-26T08:33:50.357+0000] {processor.py:830} INFO - Processing file /opt/airflow/dags/youtube_pipeline.py for tasks to queue
[2026-07-26T08:33:50.359+0000] {logging_mixin.py:188} INFO - [2026-07-26T08:33:50.358+0000] {dagbag.py:545} INFO - Filling up the DagBag from /opt/airflow/dags/youtube_pipeline.py
[2026-07-26T08:33:50.401+0000] {processor.py:840} INFO - DAG(s) 'youtube_english_video_pipeline' retrieved from /opt/airflow/dags/youtube_pipeline.py
[2026-07-26T08:33:50.443+0000] {logging_mixin.py:188} INFO - [2026-07-26T08:33:50.443+0000] {dag.py:3089} INFO - Sync 1 DAGs
[2026-07-26T08:33:50.460+0000] {logging_mixin.py:188} INFO - [2026-07-26T08:33:50.459+0000] {dag.py:3947} INFO - Setting next_dagrun for youtube_english_video_pipeline to 2026-07-25 12:00:00+00:00, run_after=2026-07-26 12:00:00+00:00
[2026-07-26T08:33:50.494+0000] {processor.py:183} INFO - Processing /opt/airflow/dags/youtube_pipeline.py took 0.150 seconds
[2026-07-26T08:34:20.821+0000] {processor.py:161} INFO - Started process (PID=28128) to work on /opt/airflow/dags/youtube_pipeline.py
[2026-07-26T08:34:20.822+0000] {processor.py:830} INFO - Processing file /opt/airflow/dags/youtube_pipeline.py for tasks to queue
[2026-07-26T08:34:20.824+0000] {logging_mixin.py:188} INFO - [2026-07-26T08:34:20.823+0000] {dagbag.py:545} INFO - Filling up the DagBag from /opt/airflow/dags/youtube_pipeline.py
[2026-07-26T08:34:20.903+0000] {processor.py:840} INFO - DAG(s) 'youtube_english_video_pipeline' retrieved from /opt/airflow/dags/youtube_pipeline.py
[2026-07-26T08:34:20.961+0000] {logging_mixin.py:188} INFO - [2026-07-26T08:34:20.961+0000] {dag.py:3089} INFO - Sync 1 DAGs
[2026-07-26T08:34:20.986+0000] {logging_mixin.py:188} INFO - [2026-07-26T08:34:20.986+0000] {dag.py:3947} INFO - Setting next_dagrun for youtube_english_video_pipeline to 2026-07-25 12:00:00+00:00, run_after=2026-07-26 12:00:00+00:00
[2026-07-26T08:34:21.005+0000] {processor.py:183} INFO - Processing /opt/airflow/dags/youtube_pipeline.py took 0.192 seconds
[2026-07-26T08:34:51.086+0000] {processor.py:161} INFO - Started process (PID=28133) to work on /opt/airflow/dags/youtube_pipeline.py
[2026-07-26T08:34:51.087+0000] {processor.py:830} INFO - Processing file /opt/airflow/dags/youtube_pipeline.py for tasks to queue
[2026-07-26T08:34:51.089+0000] {logging_mixin.py:188} INFO - [2026-07-26T08:34:51.088+0000] {dagbag.py:545} INFO - Filling up the DagBag from /opt/airflow/dags/youtube_pipeline.py
[2026-07-26T08:34:51.138+0000] {processor.py:840} INFO - DAG(s) 'youtube_english_video_pipeline' retrieved from /opt/airflow/dags/youtube_pipeline.py
[2026-07-26T08:34:51.172+0000] {logging_mixin.py:188} INFO - [2026-07-26T08:34:51.172+0000] {dag.py:3089} INFO - Sync 1 DAGs
[2026-07-26T08:34:51.190+0000] {logging_mixin.py:188} INFO - [2026-07-26T08:34:51.190+0000] {dag.py:3947} INFO - Setting next_dagrun for youtube_english_video_pipeline to 2026-07-25 12:00:00+00:00, run_after=2026-07-26 12:00:00+00:00
[2026-07-26T08:34:51.242+0000] {processor.py:183} INFO - Processing /opt/airflow/dags/youtube_pipeline.py took 0.165 seconds
[2026-07-26T08:35:21.391+0000] {processor.py:161} INFO - Started process (PID=28138) to work on /opt/airflow/dags/youtube_pipeline.py
[2026-07-26T08:35:21.393+0000] {processor.py:830} INFO - Processing file /opt/airflow/dags/youtube_pipeline.py for tasks to queue
[2026-07-26T08:35:21.395+0000] {logging_mixin.py:188} INFO - [2026-07-26T08:35:21.395+0000] {dagbag.py:545} INFO - Filling up the DagBag from /opt/airflow/dags/youtube_pipeline.py
[2026-07-26T08:35:21.447+0000] {processor.py:840} INFO - DAG(s) 'youtube_english_video_pipeline' retrieved from /opt/airflow/dags/youtube_pipeline.py
[2026-07-26T08:35:21.480+0000] {logging_mixin.py:188} INFO - [2026-07-26T08:35:21.480+0000] {dag.py:3089} INFO - Sync 1 DAGs
[2026-07-26T08:35:21.497+0000] {logging_mixin.py:188} INFO - [2026-07-26T08:35:21.497+0000] {dag.py:3947} INFO - Setting next_dagrun for youtube_english_video_pipeline to 2026-07-25 12:00:00+00:00, run_after=2026-07-26 12:00:00+00:00
[2026-07-26T08:35:21.518+0000] {processor.py:183} INFO - Processing /opt/airflow/dags/youtube_pipeline.py took 0.138 seconds
[2026-07-26T08:35:51.805+0000] {processor.py:161} INFO - Started process (PID=28143) to work on /opt/airflow/dags/youtube_pipeline.py
[2026-07-26T08:35:51.807+0000] {processor.py:830} INFO - Processing file /opt/airflow/dags/youtube_pipeline.py for tasks to queue
[2026-07-26T08:35:51.810+0000] {logging_mixin.py:188} INFO - [2026-07-26T08:35:51.809+0000] {dagbag.py:545} INFO - Filling up the DagBag from /opt/airflow/dags/youtube_pipeline.py
[2026-07-26T08:35:51.902+0000] {processor.py:840} INFO - DAG(s) 'youtube_english_video_pipeline' retrieved from /opt/airflow/dags/youtube_pipeline.py
[2026-07-26T08:35:51.943+0000] {logging_mixin.py:188} INFO - [2026-07-26T08:35:51.943+0000] {dag.py:3089} INFO - Sync 1 DAGs
[2026-07-26T08:35:51.971+0000] {logging_mixin.py:188} INFO - [2026-07-26T08:35:51.971+0000] {dag.py:3947} INFO - Setting next_dagrun for youtube_english_video_pipeline to 2026-07-25 12:00:00+00:00, run_after=2026-07-26 12:00:00+00:00
[2026-07-26T08:35:52.001+0000] {processor.py:183} INFO - Processing /opt/airflow/dags/youtube_pipeline.py took 0.209 seconds
[2026-07-26T08:36:22.217+0000] {processor.py:161} INFO - Started process (PID=28148) to work on /opt/airflow/dags/youtube_pipeline.py
[2026-07-26T08:36:22.219+0000] {processor.py:830} INFO - Processing file /opt/airflow/dags/youtube_pipeline.py for tasks to queue
[2026-07-26T08:36:22.220+0000] {logging_mixin.py:188} INFO - [2026-07-26T08:36:22.220+0000] {dagbag.py:545} INFO - Filling up the DagBag from /opt/airflow/dags/youtube_pipeline.py
[2026-07-26T08:36:22.277+0000] {processor.py:840} INFO - DAG(s) 'youtube_english_video_pipeline' retrieved from /opt/airflow/dags/youtube_pipeline.py
[2026-07-26T08:36:22.319+0000] {logging_mixin.py:188} INFO - [2026-07-26T08:36:22.319+0000] {dag.py:3089} INFO - Sync 1 DAGs
[2026-07-26T08:36:22.339+0000] {logging_mixin.py:188} INFO - [2026-07-26T08:36:22.339+0000] {dag.py:3947} INFO - Setting next_dagrun for youtube_english_video_pipeline to 2026-07-25 12:00:00+00:00, run_after=2026-07-26 12:00:00+00:00
[2026-07-26T08:36:22.359+0000] {processor.py:183} INFO - Processing /opt/airflow/dags/youtube_pipeline.py took 0.149 seconds
[2026-07-26T08:36:52.617+0000] {processor.py:161} INFO - Started process (PID=28153) to work on /opt/airflow/dags/youtube_pipeline.py
[2026-07-26T08:36:52.620+0000] {processor.py:830} INFO - Processing file /opt/airflow/dags/youtube_pipeline.py for tasks to queue
[2026-07-26T08:36:52.623+0000] {logging_mixin.py:188} INFO - [2026-07-26T08:36:52.622+0000] {dagbag.py:545} INFO - Filling up the DagBag from /opt/airflow/dags/youtube_pipeline.py
[2026-07-26T08:36:52.680+0000] {processor.py:840} INFO - DAG(s) 'youtube_english_video_pipeline' retrieved from /opt/airflow/dags/youtube_pipeline.py
[2026-07-26T08:36:52.715+0000] {logging_mixin.py:188} INFO - [2026-07-26T08:36:52.715+0000] {dag.py:3089} INFO - Sync 1 DAGs
[2026-07-26T08:36:52.731+0000] {logging_mixin.py:188} INFO - [2026-07-26T08:36:52.731+0000] {dag.py:3947} INFO - Setting next_dagrun for youtube_english_video_pipeline to 2026-07-25 12:00:00+00:00, run_after=2026-07-26 12:00:00+00:00
[2026-07-26T08:36:52.752+0000] {processor.py:183} INFO - Processing /opt/airflow/dags/youtube_pipeline.py took 0.148 seconds
[2026-07-26T08:37:22.954+0000] {processor.py:161} INFO - Started process (PID=28158) to work on /opt/airflow/dags/youtube_pipeline.py
[2026-07-26T08:37:22.958+0000] {processor.py:830} INFO - Processing file /opt/airflow/dags/youtube_pipeline.py for tasks to queue
[2026-07-26T08:37:22.960+0000] {logging_mixin.py:188} INFO - [2026-07-26T08:37:22.959+0000] {dagbag.py:545} INFO - Filling up the DagBag from /opt/airflow/dags/youtube_pipeline.py
[2026-07-26T08:37:23.015+0000] {processor.py:840} INFO - DAG(s) 'youtube_english_video_pipeline' retrieved from /opt/airflow/dags/youtube_pipeline.py
[2026-07-26T08:37:23.057+0000] {logging_mixin.py:188} INFO - [2026-07-26T08:37:23.057+0000] {dag.py:3089} INFO - Sync 1 DAGs
[2026-07-26T08:37:23.073+0000] {logging_mixin.py:188} INFO - [2026-07-26T08:37:23.073+0000] {dag.py:3947} INFO - Setting next_dagrun for youtube_english_video_pipeline to 2026-07-25 12:00:00+00:00, run_after=2026-07-26 12:00:00+00:00
[2026-07-26T08:37:23.089+0000] {processor.py:183} INFO - Processing /opt/airflow/dags/youtube_pipeline.py took 0.148 seconds
[2026-07-26T08:37:53.309+0000] {processor.py:161} INFO - Started process (PID=28163) to work on /opt/airflow/dags/youtube_pipeline.py
[2026-07-26T08:37:53.311+0000] {processor.py:830} INFO - Processing file /opt/airflow/dags/youtube_pipeline.py for tasks to queue
[2026-07-26T08:37:53.314+0000] {logging_mixin.py:188} INFO - [2026-07-26T08:37:53.313+0000] {dagbag.py:545} INFO - Filling up the DagBag from /opt/airflow/dags/youtube_pipeline.py
[2026-07-26T08:37:53.383+0000] {processor.py:840} INFO - DAG(s) 'youtube_english_video_pipeline' retrieved from /opt/airflow/dags/youtube_pipeline.py
[2026-07-26T08:37:53.432+0000] {logging_mixin.py:188} INFO - [2026-07-26T08:37:53.431+0000] {dag.py:3089} INFO - Sync 1 DAGs
[2026-07-26T08:37:53.450+0000] {logging_mixin.py:188} INFO - [2026-07-26T08:37:53.450+0000] {dag.py:3947} INFO - Setting next_dagrun for youtube_english_video_pipeline to 2026-07-25 12:00:00+00:00, run_after=2026-07-26 12:00:00+00:00
[2026-07-26T08:37:53.473+0000] {processor.py:183} INFO - Processing /opt/airflow/dags/youtube_pipeline.py took 0.177 seconds
[2026-07-26T08:38:23.673+0000] {processor.py:161} INFO - Started process (PID=28168) to work on /opt/airflow/dags/youtube_pipeline.py
[2026-07-26T08:38:23.676+0000] {processor.py:830} INFO - Processing file /opt/airflow/dags/youtube_pipeline.py for tasks to queue
[2026-07-26T08:38:23.678+0000] {logging_mixin.py:188} INFO - [2026-07-26T08:38:23.677+0000] {dagbag.py:545} INFO - Filling up the DagBag from /opt/airflow/dags/youtube_pipeline.py
[2026-07-26T08:38:23.733+0000] {processor.py:840} INFO - DAG(s) 'youtube_english_video_pipeline' retrieved from /opt/airflow/dags/youtube_pipeline.py
[2026-07-26T08:38:23.764+0000] {logging_mixin.py:188} INFO - [2026-07-26T08:38:23.764+0000] {dag.py:3089} INFO - Sync 1 DAGs
[2026-07-26T08:38:23.780+0000] {logging_mixin.py:188} INFO - [2026-07-26T08:38:23.780+0000] {dag.py:3947} INFO - Setting next_dagrun for youtube_english_video_pipeline to 2026-07-25 12:00:00+00:00, run_after=2026-07-26 12:00:00+00:00
[2026-07-26T08:38:23.797+0000] {processor.py:183} INFO - Processing /opt/airflow/dags/youtube_pipeline.py took 0.137 seconds
[2026-07-26T08:38:54.123+0000] {processor.py:161} INFO - Started process (PID=28173) to work on /opt/airflow/dags/youtube_pipeline.py
[2026-07-26T08:38:54.125+0000] {processor.py:830} INFO - Processing file /opt/airflow/dags/youtube_pipeline.py for tasks to queue
[2026-07-26T08:38:54.127+0000] {logging_mixin.py:188} INFO - [2026-07-26T08:38:54.127+0000] {dagbag.py:545} INFO - Filling up the DagBag from /opt/airflow/dags/youtube_pipeline.py
[2026-07-26T08:38:54.195+0000] {processor.py:840} INFO - DAG(s) 'youtube_english_video_pipeline' retrieved from /opt/airflow/dags/youtube_pipeline.py
[2026-07-26T08:38:54.245+0000] {logging_mixin.py:188} INFO - [2026-07-26T08:38:54.244+0000] {dag.py:3089} INFO - Sync 1 DAGs
[2026-07-26T08:38:54.268+0000] {logging_mixin.py:188} INFO - [2026-07-26T08:38:54.267+0000] {dag.py:3947} INFO - Setting next_dagrun for youtube_english_video_pipeline to 2026-07-25 12:00:00+00:00, run_after=2026-07-26 12:00:00+00:00
[2026-07-26T08:38:54.293+0000] {processor.py:183} INFO - Processing /opt/airflow/dags/youtube_pipeline.py took 0.184 seconds
[2026-07-26T08:39:24.461+0000] {processor.py:161} INFO - Started process (PID=28178) to work on /opt/airflow/dags/youtube_pipeline.py
[2026-07-26T08:39:24.463+0000] {processor.py:830} INFO - Processing file /opt/airflow/dags/youtube_pipeline.py for tasks to queue
[2026-07-26T08:39:24.465+0000] {logging_mixin.py:188} INFO - [2026-07-26T08:39:24.465+0000] {dagbag.py:545} INFO - Filling up the DagBag from /opt/airflow/dags/youtube_pipeline.py
[2026-07-26T08:39:24.518+0000] {processor.py:840} INFO - DAG(s) 'youtube_english_video_pipeline' retrieved from /opt/airflow/dags/youtube_pipeline.py
[2026-07-26T08:39:24.562+0000] {logging_mixin.py:188} INFO - [2026-07-26T08:39:24.561+0000] {dag.py:3089} INFO - Sync 1 DAGs
[2026-07-26T08:39:24.578+0000] {logging_mixin.py:188} INFO - [2026-07-26T08:39:24.578+0000] {dag.py:3947} INFO - Setting next_dagrun for youtube_english_video_pipeline to 2026-07-25 12:00:00+00:00, run_after=2026-07-26 12:00:00+00:00
[2026-07-26T08:39:24.596+0000] {processor.py:183} INFO - Processing /opt/airflow/dags/youtube_pipeline.py took 0.147 seconds
[2026-07-26T08:39:54.763+0000] {processor.py:161} INFO - Started process (PID=28183) to work on /opt/airflow/dags/youtube_pipeline.py
[2026-07-26T08:39:54.764+0000] {processor.py:830} INFO - Processing file /opt/airflow/dags/youtube_pipeline.py for tasks to queue
[2026-07-26T08:39:54.766+0000] {logging_mixin.py:188} INFO - [2026-07-26T08:39:54.766+0000] {dagbag.py:545} INFO - Filling up the DagBag from /opt/airflow/dags/youtube_pipeline.py
[2026-07-26T08:39:54.835+0000] {processor.py:840} INFO - DAG(s) 'youtube_english_video_pipeline' retrieved from /opt/airflow/dags/youtube_pipeline.py
[2026-07-26T08:39:54.876+0000] {logging_mixin.py:188} INFO - [2026-07-26T08:39:54.876+0000] {dag.py:3089} INFO - Sync 1 DAGs
[2026-07-26T08:39:54.892+0000] {logging_mixin.py:188} INFO - [2026-07-26T08:39:54.892+0000] {dag.py:3947} INFO - Setting next_dagrun for youtube_english_video_pipeline to 2026-07-25 12:00:00+00:00, run_after=2026-07-26 12:00:00+00:00
[2026-07-26T08:39:54.913+0000] {processor.py:183} INFO - Processing /opt/airflow/dags/youtube_pipeline.py took 0.159 seconds
[2026-07-26T08:40:25.250+0000] {processor.py:161} INFO - Started process (PID=28188) to work on /opt/airflow/dags/youtube_pipeline.py
[2026-07-26T08:40:25.253+0000] {processor.py:830} INFO - Processing file /opt/airflow/dags/youtube_pipeline.py for tasks to queue
[2026-07-26T08:40:25.255+0000] {logging_mixin.py:188} INFO - [2026-07-26T08:40:25.254+0000] {dagbag.py:545} INFO - Filling up the DagBag from /opt/airflow/dags/youtube_pipeline.py
[2026-07-26T08:40:25.323+0000] {processor.py:840} INFO - DAG(s) 'youtube_english_video_pipeline' retrieved from /opt/airflow/dags/youtube_pipeline.py
[2026-07-26T08:40:25.358+0000] {logging_mixin.py:188} INFO - [2026-07-26T08:40:25.358+0000] {dag.py:3089} INFO - Sync 1 DAGs
[2026-07-26T08:40:25.376+0000] {logging_mixin.py:188} INFO - [2026-07-26T08:40:25.376+0000] {dag.py:3947} INFO - Setting next_dagrun for youtube_english_video_pipeline to 2026-07-25 12:00:00+00:00, run_after=2026-07-26 12:00:00+00:00
[2026-07-26T08:40:25.397+0000] {processor.py:183} INFO - Processing /opt/airflow/dags/youtube_pipeline.py took 0.162 seconds
[2026-07-26T08:40:55.544+0000] {processor.py:161} INFO - Started process (PID=28193) to work on /opt/airflow/dags/youtube_pipeline.py
[2026-07-26T08:40:55.547+0000] {processor.py:830} INFO - Processing file /opt/airflow/dags/youtube_pipeline.py for tasks to queue
[2026-07-26T08:40:55.548+0000] {logging_mixin.py:188} INFO - [2026-07-26T08:40:55.548+0000] {dagbag.py:545} INFO - Filling up the DagBag from /opt/airflow/dags/youtube_pipeline.py
[2026-07-26T08:40:55.626+0000] {processor.py:840} INFO - DAG(s) 'youtube_english_video_pipeline' retrieved from /opt/airflow/dags/youtube_pipeline.py
[2026-07-26T08:40:55.682+0000] {logging_mixin.py:188} INFO - [2026-07-26T08:40:55.682+0000] {dag.py:3089} INFO - Sync 1 DAGs
[2026-07-26T08:40:55.705+0000] {logging_mixin.py:188} INFO - [2026-07-26T08:40:55.704+0000] {dag.py:3947} INFO - Setting next_dagrun for youtube_english_video_pipeline to 2026-07-25 12:00:00+00:00, run_after=2026-07-26 12:00:00+00:00
[2026-07-26T08:40:55.724+0000] {processor.py:183} INFO - Processing /opt/airflow/dags/youtube_pipeline.py took 0.189 seconds
[2026-07-26T08:41:26.087+0000] {processor.py:161} INFO - Started process (PID=28198) to work on /opt/airflow/dags/youtube_pipeline.py
[2026-07-26T08:41:26.088+0000] {processor.py:830} INFO - Processing file /opt/airflow/dags/youtube_pipeline.py for tasks to queue
[2026-07-26T08:41:26.090+0000] {logging_mixin.py:188} INFO - [2026-07-26T08:41:26.089+0000] {dagbag.py:545} INFO - Filling up the DagBag from /opt/airflow/dags/youtube_pipeline.py
[2026-07-26T08:41:26.154+0000] {processor.py:840} INFO - DAG(s) 'youtube_english_video_pipeline' retrieved from /opt/airflow/dags/youtube_pipeline.py
[2026-07-26T08:41:26.200+0000] {logging_mixin.py:188} INFO - [2026-07-26T08:41:26.200+0000] {dag.py:3089} INFO - Sync 1 DAGs
[2026-07-26T08:41:26.222+0000] {logging_mixin.py:188} INFO - [2026-07-26T08:41:26.222+0000] {dag.py:3947} INFO - Setting next_dagrun for youtube_english_video_pipeline to 2026-07-25 12:00:00+00:00, run_after=2026-07-26 12:00:00+00:00
[2026-07-26T08:41:26.246+0000] {processor.py:183} INFO - Processing /opt/airflow/dags/youtube_pipeline.py took 0.171 seconds
[2026-07-26T08:41:56.409+0000] {processor.py:161} INFO - Started process (PID=28203) to work on /opt/airflow/dags/youtube_pipeline.py
[2026-07-26T08:41:56.411+0000] {processor.py:830} INFO - Processing file /opt/airflow/dags/youtube_pipeline.py for tasks to queue
[2026-07-26T08:41:56.413+0000] {logging_mixin.py:188} INFO - [2026-07-26T08:41:56.413+0000] {dagbag.py:545} INFO - Filling up the DagBag from /opt/airflow/dags/youtube_pipeline.py
[2026-07-26T08:41:56.522+0000] {processor.py:840} INFO - DAG(s) 'youtube_english_video_pipeline' retrieved from /opt/airflow/dags/youtube_pipeline.py
[2026-07-26T08:41:56.576+0000] {logging_mixin.py:188} INFO - [2026-07-26T08:41:56.575+0000] {dag.py:3089} INFO - Sync 1 DAGs
[2026-07-26T08:41:56.593+0000] {logging_mixin.py:188} INFO - [2026-07-26T08:41:56.592+0000] {dag.py:3947} INFO - Setting next_dagrun for youtube_english_video_pipeline to 2026-07-25 12:00:00+00:00, run_after=2026-07-26 12:00:00+00:00
[2026-07-26T08:41:56.610+0000] {processor.py:183} INFO - Processing /opt/airflow/dags/youtube_pipeline.py took 0.211 seconds
[2026-07-26T08:42:26.878+0000] {processor.py:161} INFO - Started process (PID=28208) to work on /opt/airflow/dags/youtube_pipeline.py
[2026-07-26T08:42:26.880+0000] {processor.py:830} INFO - Processing file /opt/airflow/dags/youtube_pipeline.py for tasks to queue
[2026-07-26T08:42:26.881+0000] {logging_mixin.py:188} INFO - [2026-07-26T08:42:26.881+0000] {dagbag.py:545} INFO - Filling up the DagBag from /opt/airflow/dags/youtube_pipeline.py
[2026-07-26T08:42:26.967+0000] {processor.py:840} INFO - DAG(s) 'youtube_english_video_pipeline' retrieved from /opt/airflow/dags/youtube_pipeline.py
[2026-07-26T08:42:27.007+0000] {logging_mixin.py:188} INFO - [2026-07-26T08:42:27.007+0000] {dag.py:3089} INFO - Sync 1 DAGs
[2026-07-26T08:42:27.023+0000] {logging_mixin.py:188} INFO - [2026-07-26T08:42:27.023+0000] {dag.py:3947} INFO - Setting next_dagrun for youtube_english_video_pipeline to 2026-07-25 12:00:00+00:00, run_after=2026-07-26 12:00:00+00:00
[2026-07-26T08:42:27.041+0000] {processor.py:183} INFO - Processing /opt/airflow/dags/youtube_pipeline.py took 0.175 seconds
[2026-07-26T08:42:57.181+0000] {processor.py:161} INFO - Started process (PID=28213) to work on /opt/airflow/dags/youtube_pipeline.py
[2026-07-26T08:42:57.183+0000] {processor.py:830} INFO - Processing file /opt/airflow/dags/youtube_pipeline.py for tasks to queue
[2026-07-26T08:42:57.185+0000] {logging_mixin.py:188} INFO - [2026-07-26T08:42:57.184+0000] {dagbag.py:545} INFO - Filling up the DagBag from /opt/airflow/dags/youtube_pipeline.py
[2026-07-26T08:42:57.246+0000] {processor.py:840} INFO - DAG(s) 'youtube_english_video_pipeline' retrieved from /opt/airflow/dags/youtube_pipeline.py
[2026-07-26T08:42:57.296+0000] {logging_mixin.py:188} INFO - [2026-07-26T08:42:57.296+0000] {dag.py:3089} INFO - Sync 1 DAGs
[2026-07-26T08:42:57.314+0000] {logging_mixin.py:188} INFO - [2026-07-26T08:42:57.314+0000] {dag.py:3947} INFO - Setting next_dagrun for youtube_english_video_pipeline to 2026-07-25 12:00:00+00:00, run_after=2026-07-26 12:00:00+00:00
[2026-07-26T08:42:57.333+0000] {processor.py:183} INFO - Processing /opt/airflow/dags/youtube_pipeline.py took 0.163 seconds
[2026-07-26T08:43:27.625+0000] {processor.py:161} INFO - Started process (PID=28218) to work on /opt/airflow/dags/youtube_pipeline.py
[2026-07-26T08:43:27.627+0000] {processor.py:830} INFO - Processing file /opt/airflow/dags/youtube_pipeline.py for tasks to queue
[2026-07-26T08:43:27.629+0000] {logging_mixin.py:188} INFO - [2026-07-26T08:43:27.628+0000] {dagbag.py:545} INFO - Filling up the DagBag from /opt/airflow/dags/youtube_pipeline.py
[2026-07-26T08:43:27.677+0000] {processor.py:840} INFO - DAG(s) 'youtube_english_video_pipeline' retrieved from /opt/airflow/dags/youtube_pipeline.py
[2026-07-26T08:43:27.711+0000] {logging_mixin.py:188} INFO - [2026-07-26T08:43:27.711+0000] {dag.py:3089} INFO - Sync 1 DAGs
[2026-07-26T08:43:27.728+0000] {logging_mixin.py:188} INFO - [2026-07-26T08:43:27.728+0000] {dag.py:3947} INFO - Setting next_dagrun for youtube_english_video_pipeline to 2026-07-25 12:00:00+00:00, run_after=2026-07-26 12:00:00+00:00
[2026-07-26T08:43:27.745+0000] {processor.py:183} INFO - Processing /opt/airflow/dags/youtube_pipeline.py took 0.132 seconds
[2026-07-26T08:43:57.935+0000] {processor.py:161} INFO - Started process (PID=28223) to work on /opt/airflow/dags/youtube_pipeline.py
[2026-07-26T08:43:57.936+0000] {processor.py:830} INFO - Processing file /opt/airflow/dags/youtube_pipeline.py for tasks to queue
[2026-07-26T08:43:57.938+0000] {logging_mixin.py:188} INFO - [2026-07-26T08:43:57.937+0000] {dagbag.py:545} INFO - Filling up the DagBag from /opt/airflow/dags/youtube_pipeline.py
[2026-07-26T08:43:57.998+0000] {processor.py:840} INFO - DAG(s) 'youtube_english_video_pipeline' retrieved from /opt/airflow/dags/youtube_pipeline.py
[2026-07-26T08:43:58.029+0000] {logging_mixin.py:188} INFO - [2026-07-26T08:43:58.029+0000] {dag.py:3089} INFO - Sync 1 DAGs
[2026-07-26T08:43:58.043+0000] {logging_mixin.py:188} INFO - [2026-07-26T08:43:58.043+0000] {dag.py:3947} INFO - Setting next_dagrun for youtube_english_video_pipeline to 2026-07-25 12:00:00+00:00, run_after=2026-07-26 12:00:00+00:00
[2026-07-26T08:43:58.067+0000] {processor.py:183} INFO - Processing /opt/airflow/dags/youtube_pipeline.py took 0.140 seconds
[2026-07-26T08:44:28.364+0000] {processor.py:161} INFO - Started process (PID=28228) to work on /opt/airflow/dags/youtube_pipeline.py
[2026-07-26T08:44:28.366+0000] {processor.py:830} INFO - Processing file /opt/airflow/dags/youtube_pipeline.py for tasks to queue
[2026-07-26T08:44:28.367+0000] {logging_mixin.py:188} INFO - [2026-07-26T08:44:28.367+0000] {dagbag.py:545} INFO - Filling up the DagBag from /opt/airflow/dags/youtube_pipeline.py
[2026-07-26T08:44:28.422+0000] {processor.py:840} INFO - DAG(s) 'youtube_english_video_pipeline' retrieved from /opt/airflow/dags/youtube_pipeline.py
[2026-07-26T08:44:28.454+0000] {logging_mixin.py:188} INFO - [2026-07-26T08:44:28.454+0000] {dag.py:3089} INFO - Sync 1 DAGs
[2026-07-26T08:44:28.469+0000] {logging_mixin.py:188} INFO - [2026-07-26T08:44:28.469+0000] {dag.py:3947} INFO - Setting next_dagrun for youtube_english_video_pipeline to 2026-07-25 12:00:00+00:00, run_after=2026-07-26 12:00:00+00:00
[2026-07-26T08:44:28.489+0000] {processor.py:183} INFO - Processing /opt/airflow/dags/youtube_pipeline.py took 0.133 seconds
[2026-07-26T08:44:58.726+0000] {processor.py:161} INFO - Started process (PID=28233) to work on /opt/airflow/dags/youtube_pipeline.py
[2026-07-26T08:44:58.729+0000] {processor.py:830} INFO - Processing file /opt/airflow/dags/youtube_pipeline.py for tasks to queue
[2026-07-26T08:44:58.733+0000] {logging_mixin.py:188} INFO - [2026-07-26T08:44:58.733+0000] {dagbag.py:545} INFO - Filling up the DagBag from /opt/airflow/dags/youtube_pipeline.py
[2026-07-26T08:44:58.791+0000] {processor.py:840} INFO - DAG(s) 'youtube_english_video_pipeline' retrieved from /opt/airflow/dags/youtube_pipeline.py
[2026-07-26T08:44:58.822+0000] {logging_mixin.py:188} INFO - [2026-07-26T08:44:58.822+0000] {dag.py:3089} INFO - Sync 1 DAGs
[2026-07-26T08:44:58.838+0000] {logging_mixin.py:188} INFO - [2026-07-26T08:44:58.837+0000] {dag.py:3947} INFO - Setting next_dagrun for youtube_english_video_pipeline to 2026-07-25 12:00:00+00:00, run_after=2026-07-26 12:00:00+00:00
[2026-07-26T08:44:58.856+0000] {processor.py:183} INFO - Processing /opt/airflow/dags/youtube_pipeline.py took 0.141 seconds
[2026-07-26T08:45:29.092+0000] {processor.py:161} INFO - Started process (PID=28238) to work on /opt/airflow/dags/youtube_pipeline.py
[2026-07-26T08:45:29.094+0000] {processor.py:830} INFO - Processing file /opt/airflow/dags/youtube_pipeline.py for tasks to queue
[2026-07-26T08:45:29.096+0000] {logging_mixin.py:188} INFO - [2026-07-26T08:45:29.096+0000] {dagbag.py:545} INFO - Filling up the DagBag from /opt/airflow/dags/youtube_pipeline.py
[2026-07-26T08:45:29.129+0000] {processor.py:840} INFO - DAG(s) 'youtube_english_video_pipeline' retrieved from /opt/airflow/dags/youtube_pipeline.py
[2026-07-26T08:45:29.160+0000] {logging_mixin.py:188} INFO - [2026-07-26T08:45:29.159+0000] {dag.py:3089} INFO - Sync 1 DAGs
[2026-07-26T08:45:29.178+0000] {logging_mixin.py:188} INFO - [2026-07-26T08:45:29.178+0000] {dag.py:3947} INFO - Setting next_dagrun for youtube_english_video_pipeline to 2026-07-25 12:00:00+00:00, run_after=2026-07-26 12:00:00+00:00
[2026-07-26T08:45:29.205+0000] {processor.py:183} INFO - Processing /opt/airflow/dags/youtube_pipeline.py took 0.140 seconds
[2026-07-26T08:45:59.500+0000] {processor.py:161} INFO - Started process (PID=28243) to work on /opt/airflow/dags/youtube_pipeline.py
[2026-07-26T08:45:59.502+0000] {processor.py:830} INFO - Processing file /opt/airflow/dags/youtube_pipeline.py for tasks to queue
[2026-07-26T08:45:59.505+0000] {logging_mixin.py:188} INFO - [2026-07-26T08:45:59.504+0000] {dagbag.py:545} INFO - Filling up the DagBag from /opt/airflow/dags/youtube_pipeline.py
[2026-07-26T08:45:59.572+0000] {processor.py:840} INFO - DAG(s) 'youtube_english_video_pipeline' retrieved from /opt/airflow/dags/youtube_pipeline.py
[2026-07-26T08:45:59.605+0000] {logging_mixin.py:188} INFO - [2026-07-26T08:45:59.605+0000] {dag.py:3089} INFO - Sync 1 DAGs
[2026-07-26T08:45:59.619+0000] {logging_mixin.py:188} INFO - [2026-07-26T08:45:59.619+0000] {dag.py:3947} INFO - Setting next_dagrun for youtube_english_video_pipeline to 2026-07-25 12:00:00+00:00, run_after=2026-07-26 12:00:00+00:00
[2026-07-26T08:45:59.636+0000] {processor.py:183} INFO - Processing /opt/airflow/dags/youtube_pipeline.py took 0.149 seconds
[2026-07-26T08:46:29.918+0000] {processor.py:161} INFO - Started process (PID=28248) to work on /opt/airflow/dags/youtube_pipeline.py
[2026-07-26T08:46:29.921+0000] {processor.py:830} INFO - Processing file /opt/airflow/dags/youtube_pipeline.py for tasks to queue
[2026-07-26T08:46:29.922+0000] {logging_mixin.py:188} INFO - [2026-07-26T08:46:29.922+0000] {dagbag.py:545} INFO - Filling up the DagBag from /opt/airflow/dags/youtube_pipeline.py
[2026-07-26T08:46:29.977+0000] {processor.py:840} INFO - DAG(s) 'youtube_english_video_pipeline' retrieved from /opt/airflow/dags/youtube_pipeline.py
[2026-07-26T08:46:30.010+0000] {logging_mixin.py:188} INFO - [2026-07-26T08:46:30.009+0000] {dag.py:3089} INFO - Sync 1 DAGs
[2026-07-26T08:46:30.042+0000] {logging_mixin.py:188} INFO - [2026-07-26T08:46:30.042+0000] {dag.py:3947} INFO - Setting next_dagrun for youtube_english_video_pipeline to 2026-07-25 12:00:00+00:00, run_after=2026-07-26 12:00:00+00:00
[2026-07-26T08:46:30.061+0000] {processor.py:183} INFO - Processing /opt/airflow/dags/youtube_pipeline.py took 0.151 seconds
[2026-07-26T08:47:00.247+0000] {processor.py:161} INFO - Started process (PID=28253) to work on /opt/airflow/dags/youtube_pipeline.py
[2026-07-26T08:47:00.249+0000] {processor.py:830} INFO - Processing file /opt/airflow/dags/youtube_pipeline.py for tasks to queue
[2026-07-26T08:47:00.251+0000] {logging_mixin.py:188} INFO - [2026-07-26T08:47:00.250+0000] {dagbag.py:545} INFO - Filling up the DagBag from /opt/airflow/dags/youtube_pipeline.py
[2026-07-26T08:47:00.323+0000] {processor.py:840} INFO - DAG(s) 'youtube_english_video_pipeline' retrieved from /opt/airflow/dags/youtube_pipeline.py
[2026-07-26T08:47:00.368+0000] {logging_mixin.py:188} INFO - [2026-07-26T08:47:00.368+0000] {dag.py:3089} INFO - Sync 1 DAGs
[2026-07-26T08:47:00.387+0000] {logging_mixin.py:188} INFO - [2026-07-26T08:47:00.387+0000] {dag.py:3947} INFO - Setting next_dagrun for youtube_english_video_pipeline to 2026-07-25 12:00:00+00:00, run_after=2026-07-26 12:00:00+00:00
[2026-07-26T08:47:00.408+0000] {processor.py:183} INFO - Processing /opt/airflow/dags/youtube_pipeline.py took 0.173 seconds
[2026-07-26T08:47:30.672+0000] {processor.py:161} INFO - Started process (PID=28258) to work on /opt/airflow/dags/youtube_pipeline.py
[2026-07-26T08:47:30.674+0000] {processor.py:830} INFO - Processing file /opt/airflow/dags/youtube_pipeline.py for tasks to queue
[2026-07-26T08:47:30.676+0000] {logging_mixin.py:188} INFO - [2026-07-26T08:47:30.675+0000] {dagbag.py:545} INFO - Filling up the DagBag from /opt/airflow/dags/youtube_pipeline.py
[2026-07-26T08:47:30.743+0000] {processor.py:840} INFO - DAG(s) 'youtube_english_video_pipeline' retrieved from /opt/airflow/dags/youtube_pipeline.py
[2026-07-26T08:47:30.784+0000] {logging_mixin.py:188} INFO - [2026-07-26T08:47:30.784+0000] {dag.py:3089} INFO - Sync 1 DAGs
[2026-07-26T08:47:30.804+0000] {logging_mixin.py:188} INFO - [2026-07-26T08:47:30.804+0000] {dag.py:3947} INFO - Setting next_dagrun for youtube_english_video_pipeline to 2026-07-25 12:00:00+00:00, run_after=2026-07-26 12:00:00+00:00
[2026-07-26T08:47:30.858+0000] {processor.py:183} INFO - Processing /opt/airflow/dags/youtube_pipeline.py took 0.198 seconds
[2026-07-26T08:48:01.051+0000] {processor.py:161} INFO - Started process (PID=28263) to work on /opt/airflow/dags/youtube_pipeline.py
[2026-07-26T08:48:01.054+0000] {processor.py:830} INFO - Processing file /opt/airflow/dags/youtube_pipeline.py for tasks to queue
[2026-07-26T08:48:01.057+0000] {logging_mixin.py:188} INFO - [2026-07-26T08:48:01.056+0000] {dagbag.py:545} INFO - Filling up the DagBag from /opt/airflow/dags/youtube_pipeline.py
[2026-07-26T08:48:01.102+0000] {processor.py:840} INFO - DAG(s) 'youtube_english_video_pipeline' retrieved from /opt/airflow/dags/youtube_pipeline.py
[2026-07-26T08:48:01.141+0000] {logging_mixin.py:188} INFO - [2026-07-26T08:48:01.141+0000] {dag.py:3089} INFO - Sync 1 DAGs
[2026-07-26T08:48:01.158+0000] {logging_mixin.py:188} INFO - [2026-07-26T08:48:01.157+0000] {dag.py:3947} INFO - Setting next_dagrun for youtube_english_video_pipeline to 2026-07-25 12:00:00+00:00, run_after=2026-07-26 12:00:00+00:00
[2026-07-26T08:48:01.180+0000] {processor.py:183} INFO - Processing /opt/airflow/dags/youtube_pipeline.py took 0.143 seconds
[2026-07-26T08:48:31.492+0000] {processor.py:161} INFO - Started process (PID=28268) to work on /opt/airflow/dags/youtube_pipeline.py
[2026-07-26T08:48:31.495+0000] {processor.py:830} INFO - Processing file /opt/airflow/dags/youtube_pipeline.py for tasks to queue
[2026-07-26T08:48:31.497+0000] {logging_mixin.py:188} INFO - [2026-07-26T08:48:31.496+0000] {dagbag.py:545} INFO - Filling up the DagBag from /opt/airflow/dags/youtube_pipeline.py
[2026-07-26T08:48:31.562+0000] {processor.py:840} INFO - DAG(s) 'youtube_english_video_pipeline' retrieved from /opt/airflow/dags/youtube_pipeline.py
[2026-07-26T08:48:31.606+0000] {logging_mixin.py:188} INFO - [2026-07-26T08:48:31.606+0000] {dag.py:3089} INFO - Sync 1 DAGs
[2026-07-26T08:48:31.622+0000] {logging_mixin.py:188} INFO - [2026-07-26T08:48:31.622+0000] {dag.py:3947} INFO - Setting next_dagrun for youtube_english_video_pipeline to 2026-07-25 12:00:00+00:00, run_after=2026-07-26 12:00:00+00:00
[2026-07-26T08:48:31.645+0000] {processor.py:183} INFO - Processing /opt/airflow/dags/youtube_pipeline.py took 0.165 seconds
[2026-07-26T08:49:01.795+0000] {processor.py:161} INFO - Started process (PID=28273) to work on /opt/airflow/dags/youtube_pipeline.py
[2026-07-26T08:49:01.797+0000] {processor.py:830} INFO - Processing file /opt/airflow/dags/youtube_pipeline.py for tasks to queue
[2026-07-26T08:49:01.799+0000] {logging_mixin.py:188} INFO - [2026-07-26T08:49:01.799+0000] {dagbag.py:545} INFO - Filling up the DagBag from /opt/airflow/dags/youtube_pipeline.py
[2026-07-26T08:49:01.859+0000] {processor.py:840} INFO - DAG(s) 'youtube_english_video_pipeline' retrieved from /opt/airflow/dags/youtube_pipeline.py
[2026-07-26T08:49:01.905+0000] {logging_mixin.py:188} INFO - [2026-07-26T08:49:01.905+0000] {dag.py:3089} INFO - Sync 1 DAGs
[2026-07-26T08:49:01.921+0000] {logging_mixin.py:188} INFO - [2026-07-26T08:49:01.921+0000] {dag.py:3947} INFO - Setting next_dagrun for youtube_english_video_pipeline to 2026-07-25 12:00:00+00:00, run_after=2026-07-26 12:00:00+00:00
[2026-07-26T08:49:01.938+0000] {processor.py:183} INFO - Processing /opt/airflow/dags/youtube_pipeline.py took 0.155 seconds
[2026-07-26T08:49:32.088+0000] {processor.py:161} INFO - Started process (PID=28278) to work on /opt/airflow/dags/youtube_pipeline.py
[2026-07-26T08:49:32.091+0000] {processor.py:830} INFO - Processing file /opt/airflow/dags/youtube_pipeline.py for tasks to queue
[2026-07-26T08:49:32.095+0000] {logging_mixin.py:188} INFO - [2026-07-26T08:49:32.094+0000] {dagbag.py:545} INFO - Filling up the DagBag from /opt/airflow/dags/youtube_pipeline.py
[2026-07-26T08:49:32.166+0000] {processor.py:840} INFO - DAG(s) 'youtube_english_video_pipeline' retrieved from /opt/airflow/dags/youtube_pipeline.py
[2026-07-26T08:49:32.212+0000] {logging_mixin.py:188} INFO - [2026-07-26T08:49:32.212+0000] {dag.py:3089} INFO - Sync 1 DAGs
[2026-07-26T08:49:32.233+0000] {logging_mixin.py:188} INFO - [2026-07-26T08:49:32.233+0000] {dag.py:3947} INFO - Setting next_dagrun for youtube_english_video_pipeline to 2026-07-25 12:00:00+00:00, run_after=2026-07-26 12:00:00+00:00
[2026-07-26T08:49:32.254+0000] {processor.py:183} INFO - Processing /opt/airflow/dags/youtube_pipeline.py took 0.180 seconds
[2026-07-26T08:50:02.579+0000] {processor.py:161} INFO - Started process (PID=28283) to work on /opt/airflow/dags/youtube_pipeline.py
[2026-07-26T08:50:02.582+0000] {processor.py:830} INFO - Processing file /opt/airflow/dags/youtube_pipeline.py for tasks to queue
[2026-07-26T08:50:02.586+0000] {logging_mixin.py:188} INFO - [2026-07-26T08:50:02.584+0000] {dagbag.py:545} INFO - Filling up the DagBag from /opt/airflow/dags/youtube_pipeline.py
[2026-07-26T08:50:02.654+0000] {processor.py:840} INFO - DAG(s) 'youtube_english_video_pipeline' retrieved from /opt/airflow/dags/youtube_pipeline.py
[2026-07-26T08:50:02.716+0000] {logging_mixin.py:188} INFO - [2026-07-26T08:50:02.716+0000] {dag.py:3089} INFO - Sync 1 DAGs
[2026-07-26T08:50:02.748+0000] {logging_mixin.py:188} INFO - [2026-07-26T08:50:02.747+0000] {dag.py:3947} INFO - Setting next_dagrun for youtube_english_video_pipeline to 2026-07-25 12:00:00+00:00, run_after=2026-07-26 12:00:00+00:00
[2026-07-26T08:50:02.773+0000] {processor.py:183} INFO - Processing /opt/airflow/dags/youtube_pipeline.py took 0.206 seconds
[2026-07-26T08:50:32.905+0000] {processor.py:161} INFO - Started process (PID=28288) to work on /opt/airflow/dags/youtube_pipeline.py
[2026-07-26T08:50:32.907+0000] {processor.py:830} INFO - Processing file /opt/airflow/dags/youtube_pipeline.py for tasks to queue
[2026-07-26T08:50:32.909+0000] {logging_mixin.py:188} INFO - [2026-07-26T08:50:32.908+0000] {dagbag.py:545} INFO - Filling up the DagBag from /opt/airflow/dags/youtube_pipeline.py
[2026-07-26T08:50:32.975+0000] {processor.py:840} INFO - DAG(s) 'youtube_english_video_pipeline' retrieved from /opt/airflow/dags/youtube_pipeline.py
[2026-07-26T08:50:33.033+0000] {logging_mixin.py:188} INFO - [2026-07-26T08:50:33.033+0000] {dag.py:3089} INFO - Sync 1 DAGs
[2026-07-26T08:50:33.059+0000] {logging_mixin.py:188} INFO - [2026-07-26T08:50:33.058+0000] {dag.py:3947} INFO - Setting next_dagrun for youtube_english_video_pipeline to 2026-07-25 12:00:00+00:00, run_after=2026-07-26 12:00:00+00:00
[2026-07-26T08:50:33.090+0000] {processor.py:183} INFO - Processing /opt/airflow/dags/youtube_pipeline.py took 0.203 seconds
[2026-07-26T08:51:03.776+0000] {processor.py:161} INFO - Started process (PID=28293) to work on /opt/airflow/dags/youtube_pipeline.py
[2026-07-26T08:51:03.781+0000] {processor.py:830} INFO - Processing file /opt/airflow/dags/youtube_pipeline.py for tasks to queue
[2026-07-26T08:51:03.786+0000] {logging_mixin.py:188} INFO - [2026-07-26T08:51:03.785+0000] {dagbag.py:545} INFO - Filling up the DagBag from /opt/airflow/dags/youtube_pipeline.py
[2026-07-26T08:51:03.892+0000] {processor.py:840} INFO - DAG(s) 'youtube_english_video_pipeline' retrieved from /opt/airflow/dags/youtube_pipeline.py
[2026-07-26T08:51:03.967+0000] {logging_mixin.py:188} INFO - [2026-07-26T08:51:03.966+0000] {dag.py:3089} INFO - Sync 1 DAGs
[2026-07-26T08:51:04.010+0000] {logging_mixin.py:188} INFO - [2026-07-26T08:51:04.010+0000] {dag.py:3947} INFO - Setting next_dagrun for youtube_english_video_pipeline to 2026-07-25 12:00:00+00:00, run_after=2026-07-26 12:00:00+00:00
[2026-07-26T08:51:04.052+0000] {processor.py:183} INFO - Processing /opt/airflow/dags/youtube_pipeline.py took 0.293 seconds
[2026-07-26T08:51:34.382+0000] {processor.py:161} INFO - Started process (PID=28298) to work on /opt/airflow/dags/youtube_pipeline.py
[2026-07-26T08:51:34.387+0000] {processor.py:830} INFO - Processing file /opt/airflow/dags/youtube_pipeline.py for tasks to queue
[2026-07-26T08:51:34.390+0000] {logging_mixin.py:188} INFO - [2026-07-26T08:51:34.389+0000] {dagbag.py:545} INFO - Filling up the DagBag from /opt/airflow/dags/youtube_pipeline.py
[2026-07-26T08:51:34.502+0000] {processor.py:840} INFO - DAG(s) 'youtube_english_video_pipeline' retrieved from /opt/airflow/dags/youtube_pipeline.py
[2026-07-26T08:51:34.578+0000] {logging_mixin.py:188} INFO - [2026-07-26T08:51:34.578+0000] {dag.py:3089} INFO - Sync 1 DAGs
[2026-07-26T08:51:34.612+0000] {logging_mixin.py:188} INFO - [2026-07-26T08:51:34.612+0000] {dag.py:3947} INFO - Setting next_dagrun for youtube_english_video_pipeline to 2026-07-25 12:00:00+00:00, run_after=2026-07-26 12:00:00+00:00
[2026-07-26T08:51:34.649+0000] {processor.py:183} INFO - Processing /opt/airflow/dags/youtube_pipeline.py took 0.282 seconds
[2026-07-26T21:26:50.738+0000] {processor.py:161} INFO - Started process (PID=28303) to work on /opt/airflow/dags/youtube_pipeline.py
[2026-07-26T21:26:50.792+0000] {processor.py:830} INFO - Processing file /opt/airflow/dags/youtube_pipeline.py for tasks to queue
[2026-07-26T21:26:50.838+0000] {logging_mixin.py:188} INFO - [2026-07-26T21:26:50.837+0000] {dagbag.py:545} INFO - Filling up the DagBag from /opt/airflow/dags/youtube_pipeline.py
[2026-07-26T21:26:52.789+0000] {processor.py:840} INFO - DAG(s) 'youtube_english_video_pipeline' retrieved from /opt/airflow/dags/youtube_pipeline.py
[2026-07-26T21:26:52.919+0000] {logging_mixin.py:188} INFO - [2026-07-26T21:26:52.918+0000] {dag.py:3089} INFO - Sync 1 DAGs
[2026-07-26T21:26:52.994+0000] {processor.py:183} INFO - Processing /opt/airflow/dags/youtube_pipeline.py took 2.383 seconds
