[2026-09-08T00:40:11.833+0000] {processor.py:161} INFO - Started process (PID=47221) to work on /opt/airflow/dags/youtube_pipeline.py
[2026-09-08T00:40:11.838+0000] {processor.py:830} INFO - Processing file /opt/airflow/dags/youtube_pipeline.py for tasks to queue
[2026-09-08T00:40:11.846+0000] {logging_mixin.py:188} INFO - [2026-09-08T00:40:11.846+0000] {dagbag.py:545} INFO - Filling up the DagBag from /opt/airflow/dags/youtube_pipeline.py
[2026-09-08T00:40:11.917+0000] {processor.py:840} INFO - DAG(s) 'youtube_english_video_pipeline' retrieved from /opt/airflow/dags/youtube_pipeline.py
[2026-09-08T00:40:11.968+0000] {logging_mixin.py:188} INFO - [2026-09-08T00:40:11.968+0000] {dag.py:3089} INFO - Sync 1 DAGs
[2026-09-08T00:40:12.287+0000] {logging_mixin.py:188} INFO - [2026-09-08T00:40:12.287+0000] {dag.py:3947} INFO - Setting next_dagrun for youtube_english_video_pipeline to 2026-09-07 12:00:00+00:00, run_after=2026-09-08 12:00:00+00:00
[2026-09-08T00:40:13.110+0000] {processor.py:183} INFO - Processing /opt/airflow/dags/youtube_pipeline.py took 1.299 seconds
[2026-09-08T00:51:28.081+0000] {processor.py:161} INFO - Started process (PID=47226) to work on /opt/airflow/dags/youtube_pipeline.py
[2026-09-08T00:51:28.124+0000] {processor.py:830} INFO - Processing file /opt/airflow/dags/youtube_pipeline.py for tasks to queue
[2026-09-08T00:51:28.156+0000] {logging_mixin.py:188} INFO - [2026-09-08T00:51:28.155+0000] {dagbag.py:545} INFO - Filling up the DagBag from /opt/airflow/dags/youtube_pipeline.py
[2026-09-08T00:51:29.298+0000] {processor.py:840} INFO - DAG(s) 'youtube_english_video_pipeline' retrieved from /opt/airflow/dags/youtube_pipeline.py
[2026-09-08T00:51:29.534+0000] {logging_mixin.py:188} INFO - [2026-09-08T00:51:29.534+0000] {dag.py:3089} INFO - Sync 1 DAGs
[2026-09-08T00:51:29.570+0000] {logging_mixin.py:188} INFO - [2026-09-08T00:51:29.570+0000] {dag.py:3947} INFO - Setting next_dagrun for youtube_english_video_pipeline to 2026-09-07 12:00:00+00:00, run_after=2026-09-08 12:00:00+00:00
[2026-09-08T00:51:29.616+0000] {processor.py:183} INFO - Processing /opt/airflow/dags/youtube_pipeline.py took 1.575 seconds
[2026-09-08T00:51:59.912+0000] {processor.py:161} INFO - Started process (PID=47231) to work on /opt/airflow/dags/youtube_pipeline.py
[2026-09-08T00:51:59.913+0000] {processor.py:830} INFO - Processing file /opt/airflow/dags/youtube_pipeline.py for tasks to queue
[2026-09-08T00:51:59.915+0000] {logging_mixin.py:188} INFO - [2026-09-08T00:51:59.914+0000] {dagbag.py:545} INFO - Filling up the DagBag from /opt/airflow/dags/youtube_pipeline.py
[2026-09-08T00:52:00.116+0000] {processor.py:840} INFO - DAG(s) 'youtube_english_video_pipeline' retrieved from /opt/airflow/dags/youtube_pipeline.py
[2026-09-08T00:52:00.164+0000] {logging_mixin.py:188} INFO - [2026-09-08T00:52:00.164+0000] {dag.py:3089} INFO - Sync 1 DAGs
[2026-09-08T00:52:00.186+0000] {logging_mixin.py:188} INFO - [2026-09-08T00:52:00.186+0000] {dag.py:3947} INFO - Setting next_dagrun for youtube_english_video_pipeline to 2026-09-07 12:00:00+00:00, run_after=2026-09-08 12:00:00+00:00
[2026-09-08T00:52:00.205+0000] {processor.py:183} INFO - Processing /opt/airflow/dags/youtube_pipeline.py took 0.298 seconds
[2026-09-08T00:52:30.599+0000] {processor.py:161} INFO - Started process (PID=47236) to work on /opt/airflow/dags/youtube_pipeline.py
[2026-09-08T00:52:30.600+0000] {processor.py:830} INFO - Processing file /opt/airflow/dags/youtube_pipeline.py for tasks to queue
[2026-09-08T00:52:30.602+0000] {logging_mixin.py:188} INFO - [2026-09-08T00:52:30.602+0000] {dagbag.py:545} INFO - Filling up the DagBag from /opt/airflow/dags/youtube_pipeline.py
[2026-09-08T00:52:30.628+0000] {processor.py:840} INFO - DAG(s) 'youtube_english_video_pipeline' retrieved from /opt/airflow/dags/youtube_pipeline.py
[2026-09-08T00:52:30.661+0000] {logging_mixin.py:188} INFO - [2026-09-08T00:52:30.661+0000] {dag.py:3089} INFO - Sync 1 DAGs
[2026-09-08T00:52:30.676+0000] {logging_mixin.py:188} INFO - [2026-09-08T00:52:30.675+0000] {dag.py:3947} INFO - Setting next_dagrun for youtube_english_video_pipeline to 2026-09-07 12:00:00+00:00, run_after=2026-09-08 12:00:00+00:00
[2026-09-08T00:52:30.691+0000] {processor.py:183} INFO - Processing /opt/airflow/dags/youtube_pipeline.py took 0.096 seconds
[2026-09-08T00:53:00.797+0000] {processor.py:161} INFO - Started process (PID=47241) to work on /opt/airflow/dags/youtube_pipeline.py
[2026-09-08T00:53:00.798+0000] {processor.py:830} INFO - Processing file /opt/airflow/dags/youtube_pipeline.py for tasks to queue
[2026-09-08T00:53:00.801+0000] {logging_mixin.py:188} INFO - [2026-09-08T00:53:00.800+0000] {dagbag.py:545} INFO - Filling up the DagBag from /opt/airflow/dags/youtube_pipeline.py
[2026-09-08T00:53:00.835+0000] {processor.py:840} INFO - DAG(s) 'youtube_english_video_pipeline' retrieved from /opt/airflow/dags/youtube_pipeline.py
[2026-09-08T00:53:00.881+0000] {logging_mixin.py:188} INFO - [2026-09-08T00:53:00.881+0000] {dag.py:3089} INFO - Sync 1 DAGs
[2026-09-08T00:53:01.043+0000] {logging_mixin.py:188} INFO - [2026-09-08T00:53:01.042+0000] {dag.py:3947} INFO - Setting next_dagrun for youtube_english_video_pipeline to 2026-09-07 12:00:00+00:00, run_after=2026-09-08 12:00:00+00:00
[2026-09-08T00:53:01.067+0000] {processor.py:183} INFO - Processing /opt/airflow/dags/youtube_pipeline.py took 0.278 seconds
[2026-09-08T00:53:31.364+0000] {processor.py:161} INFO - Started process (PID=47246) to work on /opt/airflow/dags/youtube_pipeline.py
[2026-09-08T00:53:31.365+0000] {processor.py:830} INFO - Processing file /opt/airflow/dags/youtube_pipeline.py for tasks to queue
[2026-09-08T00:53:31.367+0000] {logging_mixin.py:188} INFO - [2026-09-08T00:53:31.367+0000] {dagbag.py:545} INFO - Filling up the DagBag from /opt/airflow/dags/youtube_pipeline.py
[2026-09-08T00:53:31.418+0000] {processor.py:840} INFO - DAG(s) 'youtube_english_video_pipeline' retrieved from /opt/airflow/dags/youtube_pipeline.py
[2026-09-08T00:53:31.584+0000] {logging_mixin.py:188} INFO - [2026-09-08T00:53:31.584+0000] {dag.py:3089} INFO - Sync 1 DAGs
[2026-09-08T00:53:31.608+0000] {logging_mixin.py:188} INFO - [2026-09-08T00:53:31.607+0000] {dag.py:3947} INFO - Setting next_dagrun for youtube_english_video_pipeline to 2026-09-07 12:00:00+00:00, run_after=2026-09-08 12:00:00+00:00
[2026-09-08T00:53:31.633+0000] {processor.py:183} INFO - Processing /opt/airflow/dags/youtube_pipeline.py took 0.277 seconds
[2026-09-08T00:54:01.927+0000] {processor.py:161} INFO - Started process (PID=47251) to work on /opt/airflow/dags/youtube_pipeline.py
[2026-09-08T00:54:01.929+0000] {processor.py:830} INFO - Processing file /opt/airflow/dags/youtube_pipeline.py for tasks to queue
[2026-09-08T00:54:01.932+0000] {logging_mixin.py:188} INFO - [2026-09-08T00:54:01.931+0000] {dagbag.py:545} INFO - Filling up the DagBag from /opt/airflow/dags/youtube_pipeline.py
[2026-09-08T00:54:02.120+0000] {processor.py:840} INFO - DAG(s) 'youtube_english_video_pipeline' retrieved from /opt/airflow/dags/youtube_pipeline.py
[2026-09-08T00:54:02.160+0000] {logging_mixin.py:188} INFO - [2026-09-08T00:54:02.160+0000] {dag.py:3089} INFO - Sync 1 DAGs
[2026-09-08T00:54:02.179+0000] {logging_mixin.py:188} INFO - [2026-09-08T00:54:02.179+0000] {dag.py:3947} INFO - Setting next_dagrun for youtube_english_video_pipeline to 2026-09-07 12:00:00+00:00, run_after=2026-09-08 12:00:00+00:00
[2026-09-08T00:54:02.199+0000] {processor.py:183} INFO - Processing /opt/airflow/dags/youtube_pipeline.py took 0.281 seconds
[2026-09-08T00:54:32.425+0000] {processor.py:161} INFO - Started process (PID=47256) to work on /opt/airflow/dags/youtube_pipeline.py
[2026-09-08T00:54:32.427+0000] {processor.py:830} INFO - Processing file /opt/airflow/dags/youtube_pipeline.py for tasks to queue
[2026-09-08T00:54:32.429+0000] {logging_mixin.py:188} INFO - [2026-09-08T00:54:32.428+0000] {dagbag.py:545} INFO - Filling up the DagBag from /opt/airflow/dags/youtube_pipeline.py
[2026-09-08T00:54:32.466+0000] {processor.py:840} INFO - DAG(s) 'youtube_english_video_pipeline' retrieved from /opt/airflow/dags/youtube_pipeline.py
[2026-09-08T00:54:32.508+0000] {logging_mixin.py:188} INFO - [2026-09-08T00:54:32.507+0000] {dag.py:3089} INFO - Sync 1 DAGs
[2026-09-08T00:54:32.526+0000] {logging_mixin.py:188} INFO - [2026-09-08T00:54:32.526+0000] {dag.py:3947} INFO - Setting next_dagrun for youtube_english_video_pipeline to 2026-09-07 12:00:00+00:00, run_after=2026-09-08 12:00:00+00:00
[2026-09-08T00:54:32.547+0000] {processor.py:183} INFO - Processing /opt/airflow/dags/youtube_pipeline.py took 0.130 seconds
[2026-09-08T00:55:02.684+0000] {processor.py:161} INFO - Started process (PID=47261) to work on /opt/airflow/dags/youtube_pipeline.py
[2026-09-08T00:55:02.685+0000] {processor.py:830} INFO - Processing file /opt/airflow/dags/youtube_pipeline.py for tasks to queue
[2026-09-08T00:55:02.687+0000] {logging_mixin.py:188} INFO - [2026-09-08T00:55:02.687+0000] {dagbag.py:545} INFO - Filling up the DagBag from /opt/airflow/dags/youtube_pipeline.py
[2026-09-08T00:55:02.719+0000] {processor.py:840} INFO - DAG(s) 'youtube_english_video_pipeline' retrieved from /opt/airflow/dags/youtube_pipeline.py
[2026-09-08T00:55:02.763+0000] {logging_mixin.py:188} INFO - [2026-09-08T00:55:02.763+0000] {dag.py:3089} INFO - Sync 1 DAGs
[2026-09-08T00:55:02.942+0000] {logging_mixin.py:188} INFO - [2026-09-08T00:55:02.941+0000] {dag.py:3947} INFO - Setting next_dagrun for youtube_english_video_pipeline to 2026-09-07 12:00:00+00:00, run_after=2026-09-08 12:00:00+00:00
[2026-09-08T00:55:02.963+0000] {processor.py:183} INFO - Processing /opt/airflow/dags/youtube_pipeline.py took 0.287 seconds
[2026-09-08T00:55:33.289+0000] {processor.py:161} INFO - Started process (PID=47266) to work on /opt/airflow/dags/youtube_pipeline.py
[2026-09-08T00:55:33.291+0000] {processor.py:830} INFO - Processing file /opt/airflow/dags/youtube_pipeline.py for tasks to queue
[2026-09-08T00:55:33.296+0000] {logging_mixin.py:188} INFO - [2026-09-08T00:55:33.295+0000] {dagbag.py:545} INFO - Filling up the DagBag from /opt/airflow/dags/youtube_pipeline.py
[2026-09-08T00:55:33.488+0000] {processor.py:840} INFO - DAG(s) 'youtube_english_video_pipeline' retrieved from /opt/airflow/dags/youtube_pipeline.py
[2026-09-08T00:55:33.669+0000] {logging_mixin.py:188} INFO - [2026-09-08T00:55:33.668+0000] {dag.py:3089} INFO - Sync 1 DAGs
[2026-09-08T00:55:33.690+0000] {logging_mixin.py:188} INFO - [2026-09-08T00:55:33.690+0000] {dag.py:3947} INFO - Setting next_dagrun for youtube_english_video_pipeline to 2026-09-07 12:00:00+00:00, run_after=2026-09-08 12:00:00+00:00
[2026-09-08T00:55:33.724+0000] {processor.py:183} INFO - Processing /opt/airflow/dags/youtube_pipeline.py took 0.451 seconds
[2026-09-08T00:56:04.149+0000] {processor.py:161} INFO - Started process (PID=47271) to work on /opt/airflow/dags/youtube_pipeline.py
[2026-09-08T00:56:04.150+0000] {processor.py:830} INFO - Processing file /opt/airflow/dags/youtube_pipeline.py for tasks to queue
[2026-09-08T00:56:04.152+0000] {logging_mixin.py:188} INFO - [2026-09-08T00:56:04.152+0000] {dagbag.py:545} INFO - Filling up the DagBag from /opt/airflow/dags/youtube_pipeline.py
[2026-09-08T00:56:04.373+0000] {processor.py:840} INFO - DAG(s) 'youtube_english_video_pipeline' retrieved from /opt/airflow/dags/youtube_pipeline.py
[2026-09-08T00:56:04.434+0000] {logging_mixin.py:188} INFO - [2026-09-08T00:56:04.434+0000] {dag.py:3089} INFO - Sync 1 DAGs
[2026-09-08T00:56:04.453+0000] {logging_mixin.py:188} INFO - [2026-09-08T00:56:04.453+0000] {dag.py:3947} INFO - Setting next_dagrun for youtube_english_video_pipeline to 2026-09-07 12:00:00+00:00, run_after=2026-09-08 12:00:00+00:00
[2026-09-08T00:56:04.473+0000] {processor.py:183} INFO - Processing /opt/airflow/dags/youtube_pipeline.py took 0.334 seconds
[2026-09-08T00:56:34.761+0000] {processor.py:161} INFO - Started process (PID=47276) to work on /opt/airflow/dags/youtube_pipeline.py
[2026-09-08T00:56:34.762+0000] {processor.py:830} INFO - Processing file /opt/airflow/dags/youtube_pipeline.py for tasks to queue
[2026-09-08T00:56:34.764+0000] {logging_mixin.py:188} INFO - [2026-09-08T00:56:34.764+0000] {dagbag.py:545} INFO - Filling up the DagBag from /opt/airflow/dags/youtube_pipeline.py
[2026-09-08T00:56:34.806+0000] {processor.py:840} INFO - DAG(s) 'youtube_english_video_pipeline' retrieved from /opt/airflow/dags/youtube_pipeline.py
[2026-09-08T00:56:34.852+0000] {logging_mixin.py:188} INFO - [2026-09-08T00:56:34.852+0000] {dag.py:3089} INFO - Sync 1 DAGs
[2026-09-08T00:56:34.874+0000] {logging_mixin.py:188} INFO - [2026-09-08T00:56:34.874+0000] {dag.py:3947} INFO - Setting next_dagrun for youtube_english_video_pipeline to 2026-09-07 12:00:00+00:00, run_after=2026-09-08 12:00:00+00:00
[2026-09-08T00:56:34.901+0000] {processor.py:183} INFO - Processing /opt/airflow/dags/youtube_pipeline.py took 0.148 seconds
[2026-09-08T00:57:04.989+0000] {processor.py:161} INFO - Started process (PID=47281) to work on /opt/airflow/dags/youtube_pipeline.py
[2026-09-08T00:57:04.991+0000] {processor.py:830} INFO - Processing file /opt/airflow/dags/youtube_pipeline.py for tasks to queue
[2026-09-08T00:57:04.993+0000] {logging_mixin.py:188} INFO - [2026-09-08T00:57:04.993+0000] {dagbag.py:545} INFO - Filling up the DagBag from /opt/airflow/dags/youtube_pipeline.py
[2026-09-08T00:57:05.032+0000] {processor.py:840} INFO - DAG(s) 'youtube_english_video_pipeline' retrieved from /opt/airflow/dags/youtube_pipeline.py
[2026-09-08T00:57:05.076+0000] {logging_mixin.py:188} INFO - [2026-09-08T00:57:05.076+0000] {dag.py:3089} INFO - Sync 1 DAGs
[2026-09-08T00:57:05.244+0000] {logging_mixin.py:188} INFO - [2026-09-08T00:57:05.244+0000] {dag.py:3947} INFO - Setting next_dagrun for youtube_english_video_pipeline to 2026-09-07 12:00:00+00:00, run_after=2026-09-08 12:00:00+00:00
[2026-09-08T00:57:05.267+0000] {processor.py:183} INFO - Processing /opt/airflow/dags/youtube_pipeline.py took 0.286 seconds
[2026-09-08T00:57:35.362+0000] {processor.py:161} INFO - Started process (PID=47286) to work on /opt/airflow/dags/youtube_pipeline.py
[2026-09-08T00:57:35.364+0000] {processor.py:830} INFO - Processing file /opt/airflow/dags/youtube_pipeline.py for tasks to queue
[2026-09-08T00:57:35.366+0000] {logging_mixin.py:188} INFO - [2026-09-08T00:57:35.366+0000] {dagbag.py:545} INFO - Filling up the DagBag from /opt/airflow/dags/youtube_pipeline.py
[2026-09-08T00:57:35.412+0000] {processor.py:840} INFO - DAG(s) 'youtube_english_video_pipeline' retrieved from /opt/airflow/dags/youtube_pipeline.py
[2026-09-08T00:57:35.584+0000] {logging_mixin.py:188} INFO - [2026-09-08T00:57:35.584+0000] {dag.py:3089} INFO - Sync 1 DAGs
[2026-09-08T00:57:35.600+0000] {logging_mixin.py:188} INFO - [2026-09-08T00:57:35.600+0000] {dag.py:3947} INFO - Setting next_dagrun for youtube_english_video_pipeline to 2026-09-07 12:00:00+00:00, run_after=2026-09-08 12:00:00+00:00
[2026-09-08T00:57:35.629+0000] {processor.py:183} INFO - Processing /opt/airflow/dags/youtube_pipeline.py took 0.276 seconds
[2026-09-08T00:58:05.722+0000] {processor.py:161} INFO - Started process (PID=47291) to work on /opt/airflow/dags/youtube_pipeline.py
[2026-09-08T00:58:05.723+0000] {processor.py:830} INFO - Processing file /opt/airflow/dags/youtube_pipeline.py for tasks to queue
[2026-09-08T00:58:05.726+0000] {logging_mixin.py:188} INFO - [2026-09-08T00:58:05.725+0000] {dagbag.py:545} INFO - Filling up the DagBag from /opt/airflow/dags/youtube_pipeline.py
[2026-09-08T00:58:05.888+0000] {processor.py:840} INFO - DAG(s) 'youtube_english_video_pipeline' retrieved from /opt/airflow/dags/youtube_pipeline.py
[2026-09-08T00:58:05.923+0000] {logging_mixin.py:188} INFO - [2026-09-08T00:58:05.923+0000] {dag.py:3089} INFO - Sync 1 DAGs
[2026-09-08T00:58:05.939+0000] {logging_mixin.py:188} INFO - [2026-09-08T00:58:05.939+0000] {dag.py:3947} INFO - Setting next_dagrun for youtube_english_video_pipeline to 2026-09-07 12:00:00+00:00, run_after=2026-09-08 12:00:00+00:00
[2026-09-08T00:58:05.964+0000] {processor.py:183} INFO - Processing /opt/airflow/dags/youtube_pipeline.py took 0.249 seconds
[2026-09-08T00:58:36.064+0000] {processor.py:161} INFO - Started process (PID=47296) to work on /opt/airflow/dags/youtube_pipeline.py
[2026-09-08T00:58:36.066+0000] {processor.py:830} INFO - Processing file /opt/airflow/dags/youtube_pipeline.py for tasks to queue
[2026-09-08T00:58:36.068+0000] {logging_mixin.py:188} INFO - [2026-09-08T00:58:36.067+0000] {dagbag.py:545} INFO - Filling up the DagBag from /opt/airflow/dags/youtube_pipeline.py
[2026-09-08T00:58:36.106+0000] {processor.py:840} INFO - DAG(s) 'youtube_english_video_pipeline' retrieved from /opt/airflow/dags/youtube_pipeline.py
[2026-09-08T00:58:36.148+0000] {logging_mixin.py:188} INFO - [2026-09-08T00:58:36.148+0000] {dag.py:3089} INFO - Sync 1 DAGs
[2026-09-08T00:58:36.168+0000] {logging_mixin.py:188} INFO - [2026-09-08T00:58:36.168+0000] {dag.py:3947} INFO - Setting next_dagrun for youtube_english_video_pipeline to 2026-09-07 12:00:00+00:00, run_after=2026-09-08 12:00:00+00:00
[2026-09-08T00:58:36.197+0000] {processor.py:183} INFO - Processing /opt/airflow/dags/youtube_pipeline.py took 0.140 seconds
[2026-09-08T00:59:06.431+0000] {processor.py:161} INFO - Started process (PID=47301) to work on /opt/airflow/dags/youtube_pipeline.py
[2026-09-08T00:59:06.432+0000] {processor.py:830} INFO - Processing file /opt/airflow/dags/youtube_pipeline.py for tasks to queue
[2026-09-08T00:59:06.434+0000] {logging_mixin.py:188} INFO - [2026-09-08T00:59:06.434+0000] {dagbag.py:545} INFO - Filling up the DagBag from /opt/airflow/dags/youtube_pipeline.py
[2026-09-08T00:59:06.469+0000] {processor.py:840} INFO - DAG(s) 'youtube_english_video_pipeline' retrieved from /opt/airflow/dags/youtube_pipeline.py
[2026-09-08T00:59:06.518+0000] {logging_mixin.py:188} INFO - [2026-09-08T00:59:06.517+0000] {dag.py:3089} INFO - Sync 1 DAGs
[2026-09-08T00:59:06.666+0000] {logging_mixin.py:188} INFO - [2026-09-08T00:59:06.666+0000] {dag.py:3947} INFO - Setting next_dagrun for youtube_english_video_pipeline to 2026-09-07 12:00:00+00:00, run_after=2026-09-08 12:00:00+00:00
[2026-09-08T00:59:06.686+0000] {processor.py:183} INFO - Processing /opt/airflow/dags/youtube_pipeline.py took 0.261 seconds
[2026-09-08T00:59:36.952+0000] {processor.py:161} INFO - Started process (PID=47306) to work on /opt/airflow/dags/youtube_pipeline.py
[2026-09-08T00:59:36.954+0000] {processor.py:830} INFO - Processing file /opt/airflow/dags/youtube_pipeline.py for tasks to queue
[2026-09-08T00:59:36.956+0000] {logging_mixin.py:188} INFO - [2026-09-08T00:59:36.956+0000] {dagbag.py:545} INFO - Filling up the DagBag from /opt/airflow/dags/youtube_pipeline.py
[2026-09-08T00:59:36.998+0000] {processor.py:840} INFO - DAG(s) 'youtube_english_video_pipeline' retrieved from /opt/airflow/dags/youtube_pipeline.py
[2026-09-08T00:59:37.171+0000] {logging_mixin.py:188} INFO - [2026-09-08T00:59:37.170+0000] {dag.py:3089} INFO - Sync 1 DAGs
[2026-09-08T00:59:37.200+0000] {logging_mixin.py:188} INFO - [2026-09-08T00:59:37.200+0000] {dag.py:3947} INFO - Setting next_dagrun for youtube_english_video_pipeline to 2026-09-07 12:00:00+00:00, run_after=2026-09-08 12:00:00+00:00
[2026-09-08T00:59:37.231+0000] {processor.py:183} INFO - Processing /opt/airflow/dags/youtube_pipeline.py took 0.286 seconds
[2026-09-08T01:00:07.522+0000] {processor.py:161} INFO - Started process (PID=47311) to work on /opt/airflow/dags/youtube_pipeline.py
[2026-09-08T01:00:07.523+0000] {processor.py:830} INFO - Processing file /opt/airflow/dags/youtube_pipeline.py for tasks to queue
[2026-09-08T01:00:07.526+0000] {logging_mixin.py:188} INFO - [2026-09-08T01:00:07.525+0000] {dagbag.py:545} INFO - Filling up the DagBag from /opt/airflow/dags/youtube_pipeline.py
[2026-09-08T01:00:07.741+0000] {processor.py:840} INFO - DAG(s) 'youtube_english_video_pipeline' retrieved from /opt/airflow/dags/youtube_pipeline.py
[2026-09-08T01:00:07.797+0000] {logging_mixin.py:188} INFO - [2026-09-08T01:00:07.797+0000] {dag.py:3089} INFO - Sync 1 DAGs
[2026-09-08T01:00:07.814+0000] {logging_mixin.py:188} INFO - [2026-09-08T01:00:07.814+0000] {dag.py:3947} INFO - Setting next_dagrun for youtube_english_video_pipeline to 2026-09-07 12:00:00+00:00, run_after=2026-09-08 12:00:00+00:00
[2026-09-08T01:00:07.837+0000] {processor.py:183} INFO - Processing /opt/airflow/dags/youtube_pipeline.py took 0.323 seconds
[2026-09-08T01:00:38.093+0000] {processor.py:161} INFO - Started process (PID=47316) to work on /opt/airflow/dags/youtube_pipeline.py
[2026-09-08T01:00:38.095+0000] {processor.py:830} INFO - Processing file /opt/airflow/dags/youtube_pipeline.py for tasks to queue
[2026-09-08T01:00:38.097+0000] {logging_mixin.py:188} INFO - [2026-09-08T01:00:38.097+0000] {dagbag.py:545} INFO - Filling up the DagBag from /opt/airflow/dags/youtube_pipeline.py
[2026-09-08T01:00:38.156+0000] {processor.py:840} INFO - DAG(s) 'youtube_english_video_pipeline' retrieved from /opt/airflow/dags/youtube_pipeline.py
[2026-09-08T01:00:38.207+0000] {logging_mixin.py:188} INFO - [2026-09-08T01:00:38.207+0000] {dag.py:3089} INFO - Sync 1 DAGs
[2026-09-08T01:00:38.229+0000] {logging_mixin.py:188} INFO - [2026-09-08T01:00:38.229+0000] {dag.py:3947} INFO - Setting next_dagrun for youtube_english_video_pipeline to 2026-09-07 12:00:00+00:00, run_after=2026-09-08 12:00:00+00:00
[2026-09-08T01:00:38.251+0000] {processor.py:183} INFO - Processing /opt/airflow/dags/youtube_pipeline.py took 0.167 seconds
[2026-09-08T01:01:08.348+0000] {processor.py:161} INFO - Started process (PID=47321) to work on /opt/airflow/dags/youtube_pipeline.py
[2026-09-08T01:01:08.349+0000] {processor.py:830} INFO - Processing file /opt/airflow/dags/youtube_pipeline.py for tasks to queue
[2026-09-08T01:01:08.352+0000] {logging_mixin.py:188} INFO - [2026-09-08T01:01:08.351+0000] {dagbag.py:545} INFO - Filling up the DagBag from /opt/airflow/dags/youtube_pipeline.py
[2026-09-08T01:01:08.388+0000] {processor.py:840} INFO - DAG(s) 'youtube_english_video_pipeline' retrieved from /opt/airflow/dags/youtube_pipeline.py
[2026-09-08T01:01:08.434+0000] {logging_mixin.py:188} INFO - [2026-09-08T01:01:08.434+0000] {dag.py:3089} INFO - Sync 1 DAGs
[2026-09-08T01:01:08.567+0000] {logging_mixin.py:188} INFO - [2026-09-08T01:01:08.567+0000] {dag.py:3947} INFO - Setting next_dagrun for youtube_english_video_pipeline to 2026-09-07 12:00:00+00:00, run_after=2026-09-08 12:00:00+00:00
[2026-09-08T01:01:08.593+0000] {processor.py:183} INFO - Processing /opt/airflow/dags/youtube_pipeline.py took 0.254 seconds
[2026-09-08T01:01:38.773+0000] {processor.py:161} INFO - Started process (PID=47326) to work on /opt/airflow/dags/youtube_pipeline.py
[2026-09-08T01:01:38.775+0000] {processor.py:830} INFO - Processing file /opt/airflow/dags/youtube_pipeline.py for tasks to queue
[2026-09-08T01:01:38.777+0000] {logging_mixin.py:188} INFO - [2026-09-08T01:01:38.776+0000] {dagbag.py:545} INFO - Filling up the DagBag from /opt/airflow/dags/youtube_pipeline.py
[2026-09-08T01:01:38.818+0000] {processor.py:840} INFO - DAG(s) 'youtube_english_video_pipeline' retrieved from /opt/airflow/dags/youtube_pipeline.py
[2026-09-08T01:01:39.026+0000] {logging_mixin.py:188} INFO - [2026-09-08T01:01:39.026+0000] {dag.py:3089} INFO - Sync 1 DAGs
[2026-09-08T01:01:39.045+0000] {logging_mixin.py:188} INFO - [2026-09-08T01:01:39.045+0000] {dag.py:3947} INFO - Setting next_dagrun for youtube_english_video_pipeline to 2026-09-07 12:00:00+00:00, run_after=2026-09-08 12:00:00+00:00
[2026-09-08T01:01:39.064+0000] {processor.py:183} INFO - Processing /opt/airflow/dags/youtube_pipeline.py took 0.300 seconds
[2026-09-08T01:02:09.307+0000] {processor.py:161} INFO - Started process (PID=47331) to work on /opt/airflow/dags/youtube_pipeline.py
[2026-09-08T01:02:09.309+0000] {processor.py:830} INFO - Processing file /opt/airflow/dags/youtube_pipeline.py for tasks to queue
[2026-09-08T01:02:09.311+0000] {logging_mixin.py:188} INFO - [2026-09-08T01:02:09.311+0000] {dagbag.py:545} INFO - Filling up the DagBag from /opt/airflow/dags/youtube_pipeline.py
[2026-09-08T01:02:09.473+0000] {processor.py:840} INFO - DAG(s) 'youtube_english_video_pipeline' retrieved from /opt/airflow/dags/youtube_pipeline.py
[2026-09-08T01:02:09.511+0000] {logging_mixin.py:188} INFO - [2026-09-08T01:02:09.511+0000] {dag.py:3089} INFO - Sync 1 DAGs
[2026-09-08T01:02:09.528+0000] {logging_mixin.py:188} INFO - [2026-09-08T01:02:09.528+0000] {dag.py:3947} INFO - Setting next_dagrun for youtube_english_video_pipeline to 2026-09-07 12:00:00+00:00, run_after=2026-09-08 12:00:00+00:00
[2026-09-08T01:02:09.558+0000] {processor.py:183} INFO - Processing /opt/airflow/dags/youtube_pipeline.py took 0.261 seconds
[2026-09-08T01:02:40.070+0000] {processor.py:161} INFO - Started process (PID=47336) to work on /opt/airflow/dags/youtube_pipeline.py
[2026-09-08T01:02:40.071+0000] {processor.py:830} INFO - Processing file /opt/airflow/dags/youtube_pipeline.py for tasks to queue
[2026-09-08T01:02:40.073+0000] {logging_mixin.py:188} INFO - [2026-09-08T01:02:40.073+0000] {dagbag.py:545} INFO - Filling up the DagBag from /opt/airflow/dags/youtube_pipeline.py
[2026-09-08T01:02:40.109+0000] {processor.py:840} INFO - DAG(s) 'youtube_english_video_pipeline' retrieved from /opt/airflow/dags/youtube_pipeline.py
[2026-09-08T01:02:40.168+0000] {logging_mixin.py:188} INFO - [2026-09-08T01:02:40.168+0000] {dag.py:3089} INFO - Sync 1 DAGs
[2026-09-08T01:02:40.188+0000] {logging_mixin.py:188} INFO - [2026-09-08T01:02:40.187+0000] {dag.py:3947} INFO - Setting next_dagrun for youtube_english_video_pipeline to 2026-09-07 12:00:00+00:00, run_after=2026-09-08 12:00:00+00:00
[2026-09-08T01:02:40.209+0000] {processor.py:183} INFO - Processing /opt/airflow/dags/youtube_pipeline.py took 0.146 seconds
[2026-09-08T01:03:10.294+0000] {processor.py:161} INFO - Started process (PID=47341) to work on /opt/airflow/dags/youtube_pipeline.py
[2026-09-08T01:03:10.296+0000] {processor.py:830} INFO - Processing file /opt/airflow/dags/youtube_pipeline.py for tasks to queue
[2026-09-08T01:03:10.298+0000] {logging_mixin.py:188} INFO - [2026-09-08T01:03:10.297+0000] {dagbag.py:545} INFO - Filling up the DagBag from /opt/airflow/dags/youtube_pipeline.py
[2026-09-08T01:03:10.343+0000] {processor.py:840} INFO - DAG(s) 'youtube_english_video_pipeline' retrieved from /opt/airflow/dags/youtube_pipeline.py
[2026-09-08T01:03:10.385+0000] {logging_mixin.py:188} INFO - [2026-09-08T01:03:10.385+0000] {dag.py:3089} INFO - Sync 1 DAGs
[2026-09-08T01:03:10.406+0000] {logging_mixin.py:188} INFO - [2026-09-08T01:03:10.405+0000] {dag.py:3947} INFO - Setting next_dagrun for youtube_english_video_pipeline to 2026-09-07 12:00:00+00:00, run_after=2026-09-08 12:00:00+00:00
[2026-09-08T01:03:10.428+0000] {processor.py:183} INFO - Processing /opt/airflow/dags/youtube_pipeline.py took 0.140 seconds
[2026-09-08T01:03:40.655+0000] {processor.py:161} INFO - Started process (PID=47346) to work on /opt/airflow/dags/youtube_pipeline.py
[2026-09-08T01:03:40.657+0000] {processor.py:830} INFO - Processing file /opt/airflow/dags/youtube_pipeline.py for tasks to queue
[2026-09-08T01:03:40.659+0000] {logging_mixin.py:188} INFO - [2026-09-08T01:03:40.659+0000] {dagbag.py:545} INFO - Filling up the DagBag from /opt/airflow/dags/youtube_pipeline.py
[2026-09-08T01:03:40.718+0000] {processor.py:840} INFO - DAG(s) 'youtube_english_video_pipeline' retrieved from /opt/airflow/dags/youtube_pipeline.py
[2026-09-08T01:03:40.774+0000] {logging_mixin.py:188} INFO - [2026-09-08T01:03:40.774+0000] {dag.py:3089} INFO - Sync 1 DAGs
[2026-09-08T01:03:40.797+0000] {logging_mixin.py:188} INFO - [2026-09-08T01:03:40.796+0000] {dag.py:3947} INFO - Setting next_dagrun for youtube_english_video_pipeline to 2026-09-07 12:00:00+00:00, run_after=2026-09-08 12:00:00+00:00
[2026-09-08T01:03:40.818+0000] {processor.py:183} INFO - Processing /opt/airflow/dags/youtube_pipeline.py took 0.172 seconds
[2026-09-08T01:04:10.942+0000] {processor.py:161} INFO - Started process (PID=47351) to work on /opt/airflow/dags/youtube_pipeline.py
[2026-09-08T01:04:10.944+0000] {processor.py:830} INFO - Processing file /opt/airflow/dags/youtube_pipeline.py for tasks to queue
[2026-09-08T01:04:10.948+0000] {logging_mixin.py:188} INFO - [2026-09-08T01:04:10.947+0000] {dagbag.py:545} INFO - Filling up the DagBag from /opt/airflow/dags/youtube_pipeline.py
[2026-09-08T01:04:11.002+0000] {processor.py:840} INFO - DAG(s) 'youtube_english_video_pipeline' retrieved from /opt/airflow/dags/youtube_pipeline.py
[2026-09-08T01:04:11.042+0000] {logging_mixin.py:188} INFO - [2026-09-08T01:04:11.042+0000] {dag.py:3089} INFO - Sync 1 DAGs
[2026-09-08T01:04:11.064+0000] {logging_mixin.py:188} INFO - [2026-09-08T01:04:11.064+0000] {dag.py:3947} INFO - Setting next_dagrun for youtube_english_video_pipeline to 2026-09-07 12:00:00+00:00, run_after=2026-09-08 12:00:00+00:00
[2026-09-08T01:04:11.091+0000] {processor.py:183} INFO - Processing /opt/airflow/dags/youtube_pipeline.py took 0.159 seconds
[2026-09-08T01:04:41.285+0000] {processor.py:161} INFO - Started process (PID=47356) to work on /opt/airflow/dags/youtube_pipeline.py
[2026-09-08T01:04:41.287+0000] {processor.py:830} INFO - Processing file /opt/airflow/dags/youtube_pipeline.py for tasks to queue
[2026-09-08T01:04:41.289+0000] {logging_mixin.py:188} INFO - [2026-09-08T01:04:41.289+0000] {dagbag.py:545} INFO - Filling up the DagBag from /opt/airflow/dags/youtube_pipeline.py
[2026-09-08T01:04:41.332+0000] {processor.py:840} INFO - DAG(s) 'youtube_english_video_pipeline' retrieved from /opt/airflow/dags/youtube_pipeline.py
[2026-09-08T01:04:41.382+0000] {logging_mixin.py:188} INFO - [2026-09-08T01:04:41.381+0000] {dag.py:3089} INFO - Sync 1 DAGs
[2026-09-08T01:04:41.402+0000] {logging_mixin.py:188} INFO - [2026-09-08T01:04:41.401+0000] {dag.py:3947} INFO - Setting next_dagrun for youtube_english_video_pipeline to 2026-09-07 12:00:00+00:00, run_after=2026-09-08 12:00:00+00:00
[2026-09-08T01:04:41.420+0000] {processor.py:183} INFO - Processing /opt/airflow/dags/youtube_pipeline.py took 0.142 seconds
[2026-09-08T01:05:11.561+0000] {processor.py:161} INFO - Started process (PID=47361) to work on /opt/airflow/dags/youtube_pipeline.py
[2026-09-08T01:05:11.562+0000] {processor.py:830} INFO - Processing file /opt/airflow/dags/youtube_pipeline.py for tasks to queue
[2026-09-08T01:05:11.565+0000] {logging_mixin.py:188} INFO - [2026-09-08T01:05:11.564+0000] {dagbag.py:545} INFO - Filling up the DagBag from /opt/airflow/dags/youtube_pipeline.py
[2026-09-08T01:05:11.613+0000] {processor.py:840} INFO - DAG(s) 'youtube_english_video_pipeline' retrieved from /opt/airflow/dags/youtube_pipeline.py
[2026-09-08T01:05:11.662+0000] {logging_mixin.py:188} INFO - [2026-09-08T01:05:11.662+0000] {dag.py:3089} INFO - Sync 1 DAGs
[2026-09-08T01:05:11.686+0000] {logging_mixin.py:188} INFO - [2026-09-08T01:05:11.686+0000] {dag.py:3947} INFO - Setting next_dagrun for youtube_english_video_pipeline to 2026-09-07 12:00:00+00:00, run_after=2026-09-08 12:00:00+00:00
[2026-09-08T01:05:11.708+0000] {processor.py:183} INFO - Processing /opt/airflow/dags/youtube_pipeline.py took 0.155 seconds
[2026-09-08T01:05:41.881+0000] {processor.py:161} INFO - Started process (PID=47366) to work on /opt/airflow/dags/youtube_pipeline.py
[2026-09-08T01:05:41.883+0000] {processor.py:830} INFO - Processing file /opt/airflow/dags/youtube_pipeline.py for tasks to queue
[2026-09-08T01:05:41.886+0000] {logging_mixin.py:188} INFO - [2026-09-08T01:05:41.885+0000] {dagbag.py:545} INFO - Filling up the DagBag from /opt/airflow/dags/youtube_pipeline.py
[2026-09-08T01:05:41.932+0000] {processor.py:840} INFO - DAG(s) 'youtube_english_video_pipeline' retrieved from /opt/airflow/dags/youtube_pipeline.py
[2026-09-08T01:05:41.981+0000] {logging_mixin.py:188} INFO - [2026-09-08T01:05:41.980+0000] {dag.py:3089} INFO - Sync 1 DAGs
[2026-09-08T01:05:42.005+0000] {logging_mixin.py:188} INFO - [2026-09-08T01:05:42.005+0000] {dag.py:3947} INFO - Setting next_dagrun for youtube_english_video_pipeline to 2026-09-07 12:00:00+00:00, run_after=2026-09-08 12:00:00+00:00
[2026-09-08T01:05:42.026+0000] {processor.py:183} INFO - Processing /opt/airflow/dags/youtube_pipeline.py took 0.154 seconds
[2026-09-08T01:06:12.177+0000] {processor.py:161} INFO - Started process (PID=47371) to work on /opt/airflow/dags/youtube_pipeline.py
[2026-09-08T01:06:12.178+0000] {processor.py:830} INFO - Processing file /opt/airflow/dags/youtube_pipeline.py for tasks to queue
[2026-09-08T01:06:12.182+0000] {logging_mixin.py:188} INFO - [2026-09-08T01:06:12.182+0000] {dagbag.py:545} INFO - Filling up the DagBag from /opt/airflow/dags/youtube_pipeline.py
[2026-09-08T01:06:12.232+0000] {processor.py:840} INFO - DAG(s) 'youtube_english_video_pipeline' retrieved from /opt/airflow/dags/youtube_pipeline.py
[2026-09-08T01:06:12.273+0000] {logging_mixin.py:188} INFO - [2026-09-08T01:06:12.273+0000] {dag.py:3089} INFO - Sync 1 DAGs
[2026-09-08T01:06:12.293+0000] {logging_mixin.py:188} INFO - [2026-09-08T01:06:12.293+0000] {dag.py:3947} INFO - Setting next_dagrun for youtube_english_video_pipeline to 2026-09-07 12:00:00+00:00, run_after=2026-09-08 12:00:00+00:00
[2026-09-08T01:06:12.314+0000] {processor.py:183} INFO - Processing /opt/airflow/dags/youtube_pipeline.py took 0.147 seconds
[2026-09-08T01:06:42.554+0000] {processor.py:161} INFO - Started process (PID=47376) to work on /opt/airflow/dags/youtube_pipeline.py
[2026-09-08T01:06:42.555+0000] {processor.py:830} INFO - Processing file /opt/airflow/dags/youtube_pipeline.py for tasks to queue
[2026-09-08T01:06:42.558+0000] {logging_mixin.py:188} INFO - [2026-09-08T01:06:42.558+0000] {dagbag.py:545} INFO - Filling up the DagBag from /opt/airflow/dags/youtube_pipeline.py
[2026-09-08T01:06:42.603+0000] {processor.py:840} INFO - DAG(s) 'youtube_english_video_pipeline' retrieved from /opt/airflow/dags/youtube_pipeline.py
[2026-09-08T01:06:42.669+0000] {logging_mixin.py:188} INFO - [2026-09-08T01:06:42.668+0000] {dag.py:3089} INFO - Sync 1 DAGs
[2026-09-08T01:06:42.688+0000] {logging_mixin.py:188} INFO - [2026-09-08T01:06:42.687+0000] {dag.py:3947} INFO - Setting next_dagrun for youtube_english_video_pipeline to 2026-09-07 12:00:00+00:00, run_after=2026-09-08 12:00:00+00:00
[2026-09-08T01:06:42.715+0000] {processor.py:183} INFO - Processing /opt/airflow/dags/youtube_pipeline.py took 0.169 seconds
[2026-09-08T01:07:12.801+0000] {processor.py:161} INFO - Started process (PID=47381) to work on /opt/airflow/dags/youtube_pipeline.py
[2026-09-08T01:07:12.803+0000] {processor.py:830} INFO - Processing file /opt/airflow/dags/youtube_pipeline.py for tasks to queue
[2026-09-08T01:07:12.805+0000] {logging_mixin.py:188} INFO - [2026-09-08T01:07:12.805+0000] {dagbag.py:545} INFO - Filling up the DagBag from /opt/airflow/dags/youtube_pipeline.py
[2026-09-08T01:07:12.854+0000] {processor.py:840} INFO - DAG(s) 'youtube_english_video_pipeline' retrieved from /opt/airflow/dags/youtube_pipeline.py
[2026-09-08T01:07:12.902+0000] {logging_mixin.py:188} INFO - [2026-09-08T01:07:12.902+0000] {dag.py:3089} INFO - Sync 1 DAGs
[2026-09-08T01:07:12.923+0000] {logging_mixin.py:188} INFO - [2026-09-08T01:07:12.923+0000] {dag.py:3947} INFO - Setting next_dagrun for youtube_english_video_pipeline to 2026-09-07 12:00:00+00:00, run_after=2026-09-08 12:00:00+00:00
[2026-09-08T01:07:12.945+0000] {processor.py:183} INFO - Processing /opt/airflow/dags/youtube_pipeline.py took 0.150 seconds
[2026-09-08T01:07:43.201+0000] {processor.py:161} INFO - Started process (PID=47386) to work on /opt/airflow/dags/youtube_pipeline.py
[2026-09-08T01:07:43.202+0000] {processor.py:830} INFO - Processing file /opt/airflow/dags/youtube_pipeline.py for tasks to queue
[2026-09-08T01:07:43.205+0000] {logging_mixin.py:188} INFO - [2026-09-08T01:07:43.205+0000] {dagbag.py:545} INFO - Filling up the DagBag from /opt/airflow/dags/youtube_pipeline.py
[2026-09-08T01:07:43.251+0000] {processor.py:840} INFO - DAG(s) 'youtube_english_video_pipeline' retrieved from /opt/airflow/dags/youtube_pipeline.py
[2026-09-08T01:07:43.291+0000] {logging_mixin.py:188} INFO - [2026-09-08T01:07:43.290+0000] {dag.py:3089} INFO - Sync 1 DAGs
[2026-09-08T01:07:43.312+0000] {logging_mixin.py:188} INFO - [2026-09-08T01:07:43.312+0000] {dag.py:3947} INFO - Setting next_dagrun for youtube_english_video_pipeline to 2026-09-07 12:00:00+00:00, run_after=2026-09-08 12:00:00+00:00
[2026-09-08T01:07:43.345+0000] {processor.py:183} INFO - Processing /opt/airflow/dags/youtube_pipeline.py took 0.152 seconds
[2026-09-08T01:08:13.424+0000] {processor.py:161} INFO - Started process (PID=47391) to work on /opt/airflow/dags/youtube_pipeline.py
[2026-09-08T01:08:13.426+0000] {processor.py:830} INFO - Processing file /opt/airflow/dags/youtube_pipeline.py for tasks to queue
[2026-09-08T01:08:13.428+0000] {logging_mixin.py:188} INFO - [2026-09-08T01:08:13.428+0000] {dagbag.py:545} INFO - Filling up the DagBag from /opt/airflow/dags/youtube_pipeline.py
[2026-09-08T01:08:13.464+0000] {processor.py:840} INFO - DAG(s) 'youtube_english_video_pipeline' retrieved from /opt/airflow/dags/youtube_pipeline.py
[2026-09-08T01:08:13.510+0000] {logging_mixin.py:188} INFO - [2026-09-08T01:08:13.510+0000] {dag.py:3089} INFO - Sync 1 DAGs
[2026-09-08T01:08:13.531+0000] {logging_mixin.py:188} INFO - [2026-09-08T01:08:13.531+0000] {dag.py:3947} INFO - Setting next_dagrun for youtube_english_video_pipeline to 2026-09-07 12:00:00+00:00, run_after=2026-09-08 12:00:00+00:00
[2026-09-08T01:08:13.560+0000] {processor.py:183} INFO - Processing /opt/airflow/dags/youtube_pipeline.py took 0.143 seconds
[2026-09-08T01:08:43.842+0000] {processor.py:161} INFO - Started process (PID=47396) to work on /opt/airflow/dags/youtube_pipeline.py
[2026-09-08T01:08:43.843+0000] {processor.py:830} INFO - Processing file /opt/airflow/dags/youtube_pipeline.py for tasks to queue
[2026-09-08T01:08:43.846+0000] {logging_mixin.py:188} INFO - [2026-09-08T01:08:43.845+0000] {dagbag.py:545} INFO - Filling up the DagBag from /opt/airflow/dags/youtube_pipeline.py
[2026-09-08T01:08:43.883+0000] {processor.py:840} INFO - DAG(s) 'youtube_english_video_pipeline' retrieved from /opt/airflow/dags/youtube_pipeline.py
[2026-09-08T01:08:43.937+0000] {logging_mixin.py:188} INFO - [2026-09-08T01:08:43.937+0000] {dag.py:3089} INFO - Sync 1 DAGs
[2026-09-08T01:08:43.965+0000] {logging_mixin.py:188} INFO - [2026-09-08T01:08:43.965+0000] {dag.py:3947} INFO - Setting next_dagrun for youtube_english_video_pipeline to 2026-09-07 12:00:00+00:00, run_after=2026-09-08 12:00:00+00:00
[2026-09-08T01:08:44.000+0000] {processor.py:183} INFO - Processing /opt/airflow/dags/youtube_pipeline.py took 0.166 seconds
[2026-09-08T01:09:14.101+0000] {processor.py:161} INFO - Started process (PID=47401) to work on /opt/airflow/dags/youtube_pipeline.py
[2026-09-08T01:09:14.103+0000] {processor.py:830} INFO - Processing file /opt/airflow/dags/youtube_pipeline.py for tasks to queue
[2026-09-08T01:09:14.106+0000] {logging_mixin.py:188} INFO - [2026-09-08T01:09:14.106+0000] {dagbag.py:545} INFO - Filling up the DagBag from /opt/airflow/dags/youtube_pipeline.py
[2026-09-08T01:09:14.158+0000] {processor.py:840} INFO - DAG(s) 'youtube_english_video_pipeline' retrieved from /opt/airflow/dags/youtube_pipeline.py
[2026-09-08T01:09:14.201+0000] {logging_mixin.py:188} INFO - [2026-09-08T01:09:14.200+0000] {dag.py:3089} INFO - Sync 1 DAGs
[2026-09-08T01:09:14.219+0000] {logging_mixin.py:188} INFO - [2026-09-08T01:09:14.219+0000] {dag.py:3947} INFO - Setting next_dagrun for youtube_english_video_pipeline to 2026-09-07 12:00:00+00:00, run_after=2026-09-08 12:00:00+00:00
[2026-09-08T01:09:14.243+0000] {processor.py:183} INFO - Processing /opt/airflow/dags/youtube_pipeline.py took 0.150 seconds
[2026-09-08T01:09:44.441+0000] {processor.py:161} INFO - Started process (PID=47406) to work on /opt/airflow/dags/youtube_pipeline.py
[2026-09-08T01:09:44.442+0000] {processor.py:830} INFO - Processing file /opt/airflow/dags/youtube_pipeline.py for tasks to queue
[2026-09-08T01:09:44.445+0000] {logging_mixin.py:188} INFO - [2026-09-08T01:09:44.445+0000] {dagbag.py:545} INFO - Filling up the DagBag from /opt/airflow/dags/youtube_pipeline.py
[2026-09-08T01:09:44.486+0000] {processor.py:840} INFO - DAG(s) 'youtube_english_video_pipeline' retrieved from /opt/airflow/dags/youtube_pipeline.py
[2026-09-08T01:09:44.528+0000] {logging_mixin.py:188} INFO - [2026-09-08T01:09:44.528+0000] {dag.py:3089} INFO - Sync 1 DAGs
[2026-09-08T01:09:44.552+0000] {logging_mixin.py:188} INFO - [2026-09-08T01:09:44.552+0000] {dag.py:3947} INFO - Setting next_dagrun for youtube_english_video_pipeline to 2026-09-07 12:00:00+00:00, run_after=2026-09-08 12:00:00+00:00
[2026-09-08T01:09:44.574+0000] {processor.py:183} INFO - Processing /opt/airflow/dags/youtube_pipeline.py took 0.141 seconds
[2026-09-08T01:10:14.680+0000] {processor.py:161} INFO - Started process (PID=47411) to work on /opt/airflow/dags/youtube_pipeline.py
[2026-09-08T01:10:14.681+0000] {processor.py:830} INFO - Processing file /opt/airflow/dags/youtube_pipeline.py for tasks to queue
[2026-09-08T01:10:14.683+0000] {logging_mixin.py:188} INFO - [2026-09-08T01:10:14.683+0000] {dagbag.py:545} INFO - Filling up the DagBag from /opt/airflow/dags/youtube_pipeline.py
[2026-09-08T01:10:14.716+0000] {processor.py:840} INFO - DAG(s) 'youtube_english_video_pipeline' retrieved from /opt/airflow/dags/youtube_pipeline.py
[2026-09-08T01:10:14.767+0000] {logging_mixin.py:188} INFO - [2026-09-08T01:10:14.766+0000] {dag.py:3089} INFO - Sync 1 DAGs
[2026-09-08T01:10:14.787+0000] {logging_mixin.py:188} INFO - [2026-09-08T01:10:14.787+0000] {dag.py:3947} INFO - Setting next_dagrun for youtube_english_video_pipeline to 2026-09-07 12:00:00+00:00, run_after=2026-09-08 12:00:00+00:00
[2026-09-08T01:10:14.811+0000] {processor.py:183} INFO - Processing /opt/airflow/dags/youtube_pipeline.py took 0.138 seconds
[2026-09-08T01:10:45.069+0000] {processor.py:161} INFO - Started process (PID=47416) to work on /opt/airflow/dags/youtube_pipeline.py
[2026-09-08T01:10:45.071+0000] {processor.py:830} INFO - Processing file /opt/airflow/dags/youtube_pipeline.py for tasks to queue
[2026-09-08T01:10:45.073+0000] {logging_mixin.py:188} INFO - [2026-09-08T01:10:45.073+0000] {dagbag.py:545} INFO - Filling up the DagBag from /opt/airflow/dags/youtube_pipeline.py
[2026-09-08T01:10:45.125+0000] {processor.py:840} INFO - DAG(s) 'youtube_english_video_pipeline' retrieved from /opt/airflow/dags/youtube_pipeline.py
[2026-09-08T01:10:45.179+0000] {logging_mixin.py:188} INFO - [2026-09-08T01:10:45.179+0000] {dag.py:3089} INFO - Sync 1 DAGs
[2026-09-08T01:10:45.206+0000] {logging_mixin.py:188} INFO - [2026-09-08T01:10:45.206+0000] {dag.py:3947} INFO - Setting next_dagrun for youtube_english_video_pipeline to 2026-09-07 12:00:00+00:00, run_after=2026-09-08 12:00:00+00:00
[2026-09-08T01:10:45.226+0000] {processor.py:183} INFO - Processing /opt/airflow/dags/youtube_pipeline.py took 0.163 seconds
[2026-09-08T01:11:15.443+0000] {processor.py:161} INFO - Started process (PID=47421) to work on /opt/airflow/dags/youtube_pipeline.py
[2026-09-08T01:11:15.448+0000] {processor.py:830} INFO - Processing file /opt/airflow/dags/youtube_pipeline.py for tasks to queue
[2026-09-08T01:11:15.452+0000] {logging_mixin.py:188} INFO - [2026-09-08T01:11:15.451+0000] {dagbag.py:545} INFO - Filling up the DagBag from /opt/airflow/dags/youtube_pipeline.py
[2026-09-08T01:11:15.586+0000] {processor.py:840} INFO - DAG(s) 'youtube_english_video_pipeline' retrieved from /opt/airflow/dags/youtube_pipeline.py
[2026-09-08T01:11:15.639+0000] {logging_mixin.py:188} INFO - [2026-09-08T01:11:15.638+0000] {dag.py:3089} INFO - Sync 1 DAGs
[2026-09-08T01:11:15.661+0000] {logging_mixin.py:188} INFO - [2026-09-08T01:11:15.661+0000] {dag.py:3947} INFO - Setting next_dagrun for youtube_english_video_pipeline to 2026-09-07 12:00:00+00:00, run_after=2026-09-08 12:00:00+00:00
[2026-09-08T01:11:15.693+0000] {processor.py:183} INFO - Processing /opt/airflow/dags/youtube_pipeline.py took 0.262 seconds
[2026-09-08T01:11:45.769+0000] {processor.py:161} INFO - Started process (PID=47426) to work on /opt/airflow/dags/youtube_pipeline.py
[2026-09-08T01:11:45.771+0000] {processor.py:830} INFO - Processing file /opt/airflow/dags/youtube_pipeline.py for tasks to queue
[2026-09-08T01:11:45.773+0000] {logging_mixin.py:188} INFO - [2026-09-08T01:11:45.773+0000] {dagbag.py:545} INFO - Filling up the DagBag from /opt/airflow/dags/youtube_pipeline.py
[2026-09-08T01:11:45.830+0000] {processor.py:840} INFO - DAG(s) 'youtube_english_video_pipeline' retrieved from /opt/airflow/dags/youtube_pipeline.py
[2026-09-08T01:11:45.883+0000] {logging_mixin.py:188} INFO - [2026-09-08T01:11:45.883+0000] {dag.py:3089} INFO - Sync 1 DAGs
[2026-09-08T01:11:45.905+0000] {logging_mixin.py:188} INFO - [2026-09-08T01:11:45.905+0000] {dag.py:3947} INFO - Setting next_dagrun for youtube_english_video_pipeline to 2026-09-07 12:00:00+00:00, run_after=2026-09-08 12:00:00+00:00
[2026-09-08T01:11:45.935+0000] {processor.py:183} INFO - Processing /opt/airflow/dags/youtube_pipeline.py took 0.173 seconds
[2026-09-08T01:12:16.188+0000] {processor.py:161} INFO - Started process (PID=47431) to work on /opt/airflow/dags/youtube_pipeline.py
[2026-09-08T01:12:16.189+0000] {processor.py:830} INFO - Processing file /opt/airflow/dags/youtube_pipeline.py for tasks to queue
[2026-09-08T01:12:16.191+0000] {logging_mixin.py:188} INFO - [2026-09-08T01:12:16.191+0000] {dagbag.py:545} INFO - Filling up the DagBag from /opt/airflow/dags/youtube_pipeline.py
[2026-09-08T01:12:16.234+0000] {processor.py:840} INFO - DAG(s) 'youtube_english_video_pipeline' retrieved from /opt/airflow/dags/youtube_pipeline.py
[2026-09-08T01:12:16.293+0000] {logging_mixin.py:188} INFO - [2026-09-08T01:12:16.292+0000] {dag.py:3089} INFO - Sync 1 DAGs
[2026-09-08T01:12:16.317+0000] {logging_mixin.py:188} INFO - [2026-09-08T01:12:16.316+0000] {dag.py:3947} INFO - Setting next_dagrun for youtube_english_video_pipeline to 2026-09-07 12:00:00+00:00, run_after=2026-09-08 12:00:00+00:00
[2026-09-08T01:12:16.340+0000] {processor.py:183} INFO - Processing /opt/airflow/dags/youtube_pipeline.py took 0.160 seconds
[2026-09-08T01:12:46.478+0000] {processor.py:161} INFO - Started process (PID=47436) to work on /opt/airflow/dags/youtube_pipeline.py
[2026-09-08T01:12:46.480+0000] {processor.py:830} INFO - Processing file /opt/airflow/dags/youtube_pipeline.py for tasks to queue
[2026-09-08T01:12:46.483+0000] {logging_mixin.py:188} INFO - [2026-09-08T01:12:46.482+0000] {dagbag.py:545} INFO - Filling up the DagBag from /opt/airflow/dags/youtube_pipeline.py
[2026-09-08T01:12:46.531+0000] {processor.py:840} INFO - DAG(s) 'youtube_english_video_pipeline' retrieved from /opt/airflow/dags/youtube_pipeline.py
[2026-09-08T01:12:46.582+0000] {logging_mixin.py:188} INFO - [2026-09-08T01:12:46.582+0000] {dag.py:3089} INFO - Sync 1 DAGs
[2026-09-08T01:12:46.607+0000] {logging_mixin.py:188} INFO - [2026-09-08T01:12:46.606+0000] {dag.py:3947} INFO - Setting next_dagrun for youtube_english_video_pipeline to 2026-09-07 12:00:00+00:00, run_after=2026-09-08 12:00:00+00:00
[2026-09-08T01:12:46.628+0000] {processor.py:183} INFO - Processing /opt/airflow/dags/youtube_pipeline.py took 0.158 seconds
[2026-09-08T01:13:16.737+0000] {processor.py:161} INFO - Started process (PID=47441) to work on /opt/airflow/dags/youtube_pipeline.py
[2026-09-08T01:13:16.738+0000] {processor.py:830} INFO - Processing file /opt/airflow/dags/youtube_pipeline.py for tasks to queue
[2026-09-08T01:13:16.741+0000] {logging_mixin.py:188} INFO - [2026-09-08T01:13:16.740+0000] {dagbag.py:545} INFO - Filling up the DagBag from /opt/airflow/dags/youtube_pipeline.py
[2026-09-08T01:13:16.800+0000] {processor.py:840} INFO - DAG(s) 'youtube_english_video_pipeline' retrieved from /opt/airflow/dags/youtube_pipeline.py
[2026-09-08T01:13:16.853+0000] {logging_mixin.py:188} INFO - [2026-09-08T01:13:16.852+0000] {dag.py:3089} INFO - Sync 1 DAGs
[2026-09-08T01:13:16.878+0000] {logging_mixin.py:188} INFO - [2026-09-08T01:13:16.877+0000] {dag.py:3947} INFO - Setting next_dagrun for youtube_english_video_pipeline to 2026-09-07 12:00:00+00:00, run_after=2026-09-08 12:00:00+00:00
[2026-09-08T01:13:16.903+0000] {processor.py:183} INFO - Processing /opt/airflow/dags/youtube_pipeline.py took 0.177 seconds
[2026-09-08T01:13:47.100+0000] {processor.py:161} INFO - Started process (PID=47446) to work on /opt/airflow/dags/youtube_pipeline.py
[2026-09-08T01:13:47.101+0000] {processor.py:830} INFO - Processing file /opt/airflow/dags/youtube_pipeline.py for tasks to queue
[2026-09-08T01:13:47.104+0000] {logging_mixin.py:188} INFO - [2026-09-08T01:13:47.103+0000] {dagbag.py:545} INFO - Filling up the DagBag from /opt/airflow/dags/youtube_pipeline.py
[2026-09-08T01:13:47.147+0000] {processor.py:840} INFO - DAG(s) 'youtube_english_video_pipeline' retrieved from /opt/airflow/dags/youtube_pipeline.py
[2026-09-08T01:13:47.194+0000] {logging_mixin.py:188} INFO - [2026-09-08T01:13:47.193+0000] {dag.py:3089} INFO - Sync 1 DAGs
[2026-09-08T01:13:47.219+0000] {logging_mixin.py:188} INFO - [2026-09-08T01:13:47.219+0000] {dag.py:3947} INFO - Setting next_dagrun for youtube_english_video_pipeline to 2026-09-07 12:00:00+00:00, run_after=2026-09-08 12:00:00+00:00
[2026-09-08T01:13:47.244+0000] {processor.py:183} INFO - Processing /opt/airflow/dags/youtube_pipeline.py took 0.153 seconds
[2026-09-08T01:14:17.387+0000] {processor.py:161} INFO - Started process (PID=47451) to work on /opt/airflow/dags/youtube_pipeline.py
[2026-09-08T01:14:17.389+0000] {processor.py:830} INFO - Processing file /opt/airflow/dags/youtube_pipeline.py for tasks to queue
[2026-09-08T01:14:17.392+0000] {logging_mixin.py:188} INFO - [2026-09-08T01:14:17.391+0000] {dagbag.py:545} INFO - Filling up the DagBag from /opt/airflow/dags/youtube_pipeline.py
[2026-09-08T01:14:17.446+0000] {processor.py:840} INFO - DAG(s) 'youtube_english_video_pipeline' retrieved from /opt/airflow/dags/youtube_pipeline.py
[2026-09-08T01:14:17.493+0000] {logging_mixin.py:188} INFO - [2026-09-08T01:14:17.492+0000] {dag.py:3089} INFO - Sync 1 DAGs
[2026-09-08T01:14:17.518+0000] {logging_mixin.py:188} INFO - [2026-09-08T01:14:17.517+0000] {dag.py:3947} INFO - Setting next_dagrun for youtube_english_video_pipeline to 2026-09-07 12:00:00+00:00, run_after=2026-09-08 12:00:00+00:00
[2026-09-08T01:14:17.539+0000] {processor.py:183} INFO - Processing /opt/airflow/dags/youtube_pipeline.py took 0.163 seconds
[2026-09-08T01:14:47.697+0000] {processor.py:161} INFO - Started process (PID=47456) to work on /opt/airflow/dags/youtube_pipeline.py
[2026-09-08T01:14:47.699+0000] {processor.py:830} INFO - Processing file /opt/airflow/dags/youtube_pipeline.py for tasks to queue
[2026-09-08T01:14:47.701+0000] {logging_mixin.py:188} INFO - [2026-09-08T01:14:47.700+0000] {dagbag.py:545} INFO - Filling up the DagBag from /opt/airflow/dags/youtube_pipeline.py
[2026-09-08T01:14:47.734+0000] {processor.py:840} INFO - DAG(s) 'youtube_english_video_pipeline' retrieved from /opt/airflow/dags/youtube_pipeline.py
[2026-09-08T01:14:47.788+0000] {logging_mixin.py:188} INFO - [2026-09-08T01:14:47.787+0000] {dag.py:3089} INFO - Sync 1 DAGs
[2026-09-08T01:14:47.809+0000] {logging_mixin.py:188} INFO - [2026-09-08T01:14:47.809+0000] {dag.py:3947} INFO - Setting next_dagrun for youtube_english_video_pipeline to 2026-09-07 12:00:00+00:00, run_after=2026-09-08 12:00:00+00:00
[2026-09-08T01:14:47.831+0000] {processor.py:183} INFO - Processing /opt/airflow/dags/youtube_pipeline.py took 0.141 seconds
[2026-09-08T01:15:18.000+0000] {processor.py:161} INFO - Started process (PID=47461) to work on /opt/airflow/dags/youtube_pipeline.py
[2026-09-08T01:15:18.001+0000] {processor.py:830} INFO - Processing file /opt/airflow/dags/youtube_pipeline.py for tasks to queue
[2026-09-08T01:15:18.004+0000] {logging_mixin.py:188} INFO - [2026-09-08T01:15:18.004+0000] {dagbag.py:545} INFO - Filling up the DagBag from /opt/airflow/dags/youtube_pipeline.py
[2026-09-08T01:15:18.050+0000] {processor.py:840} INFO - DAG(s) 'youtube_english_video_pipeline' retrieved from /opt/airflow/dags/youtube_pipeline.py
[2026-09-08T01:15:18.109+0000] {logging_mixin.py:188} INFO - [2026-09-08T01:15:18.109+0000] {dag.py:3089} INFO - Sync 1 DAGs
[2026-09-08T01:15:18.133+0000] {logging_mixin.py:188} INFO - [2026-09-08T01:15:18.133+0000] {dag.py:3947} INFO - Setting next_dagrun for youtube_english_video_pipeline to 2026-09-07 12:00:00+00:00, run_after=2026-09-08 12:00:00+00:00
[2026-09-08T01:15:18.154+0000] {processor.py:183} INFO - Processing /opt/airflow/dags/youtube_pipeline.py took 0.163 seconds
[2026-09-08T01:15:48.327+0000] {processor.py:161} INFO - Started process (PID=47466) to work on /opt/airflow/dags/youtube_pipeline.py
[2026-09-08T01:15:48.329+0000] {processor.py:830} INFO - Processing file /opt/airflow/dags/youtube_pipeline.py for tasks to queue
[2026-09-08T01:15:48.332+0000] {logging_mixin.py:188} INFO - [2026-09-08T01:15:48.332+0000] {dagbag.py:545} INFO - Filling up the DagBag from /opt/airflow/dags/youtube_pipeline.py
[2026-09-08T01:15:48.377+0000] {processor.py:840} INFO - DAG(s) 'youtube_english_video_pipeline' retrieved from /opt/airflow/dags/youtube_pipeline.py
[2026-09-08T01:15:48.429+0000] {logging_mixin.py:188} INFO - [2026-09-08T01:15:48.429+0000] {dag.py:3089} INFO - Sync 1 DAGs
[2026-09-08T01:15:48.493+0000] {logging_mixin.py:188} INFO - [2026-09-08T01:15:48.492+0000] {dag.py:3947} INFO - Setting next_dagrun for youtube_english_video_pipeline to 2026-09-07 12:00:00+00:00, run_after=2026-09-08 12:00:00+00:00
[2026-09-08T01:15:48.528+0000] {processor.py:183} INFO - Processing /opt/airflow/dags/youtube_pipeline.py took 0.212 seconds
[2026-09-08T01:16:18.629+0000] {processor.py:161} INFO - Started process (PID=47471) to work on /opt/airflow/dags/youtube_pipeline.py
[2026-09-08T01:16:18.630+0000] {processor.py:830} INFO - Processing file /opt/airflow/dags/youtube_pipeline.py for tasks to queue
[2026-09-08T01:16:18.632+0000] {logging_mixin.py:188} INFO - [2026-09-08T01:16:18.632+0000] {dagbag.py:545} INFO - Filling up the DagBag from /opt/airflow/dags/youtube_pipeline.py
[2026-09-08T01:16:18.677+0000] {processor.py:840} INFO - DAG(s) 'youtube_english_video_pipeline' retrieved from /opt/airflow/dags/youtube_pipeline.py
[2026-09-08T01:16:18.740+0000] {logging_mixin.py:188} INFO - [2026-09-08T01:16:18.739+0000] {dag.py:3089} INFO - Sync 1 DAGs
[2026-09-08T01:16:18.765+0000] {logging_mixin.py:188} INFO - [2026-09-08T01:16:18.765+0000] {dag.py:3947} INFO - Setting next_dagrun for youtube_english_video_pipeline to 2026-09-07 12:00:00+00:00, run_after=2026-09-08 12:00:00+00:00
[2026-09-08T01:16:18.794+0000] {processor.py:183} INFO - Processing /opt/airflow/dags/youtube_pipeline.py took 0.174 seconds
[2026-09-08T01:16:49.082+0000] {processor.py:161} INFO - Started process (PID=47476) to work on /opt/airflow/dags/youtube_pipeline.py
[2026-09-08T01:16:49.083+0000] {processor.py:830} INFO - Processing file /opt/airflow/dags/youtube_pipeline.py for tasks to queue
[2026-09-08T01:16:49.085+0000] {logging_mixin.py:188} INFO - [2026-09-08T01:16:49.085+0000] {dagbag.py:545} INFO - Filling up the DagBag from /opt/airflow/dags/youtube_pipeline.py
[2026-09-08T01:16:49.121+0000] {processor.py:840} INFO - DAG(s) 'youtube_english_video_pipeline' retrieved from /opt/airflow/dags/youtube_pipeline.py
[2026-09-08T01:16:49.162+0000] {logging_mixin.py:188} INFO - [2026-09-08T01:16:49.161+0000] {dag.py:3089} INFO - Sync 1 DAGs
[2026-09-08T01:16:49.181+0000] {logging_mixin.py:188} INFO - [2026-09-08T01:16:49.181+0000] {dag.py:3947} INFO - Setting next_dagrun for youtube_english_video_pipeline to 2026-09-07 12:00:00+00:00, run_after=2026-09-08 12:00:00+00:00
[2026-09-08T01:16:49.213+0000] {processor.py:183} INFO - Processing /opt/airflow/dags/youtube_pipeline.py took 0.139 seconds
[2026-09-08T01:17:19.325+0000] {processor.py:161} INFO - Started process (PID=47481) to work on /opt/airflow/dags/youtube_pipeline.py
[2026-09-08T01:17:19.326+0000] {processor.py:830} INFO - Processing file /opt/airflow/dags/youtube_pipeline.py for tasks to queue
[2026-09-08T01:17:19.329+0000] {logging_mixin.py:188} INFO - [2026-09-08T01:17:19.328+0000] {dagbag.py:545} INFO - Filling up the DagBag from /opt/airflow/dags/youtube_pipeline.py
[2026-09-08T01:17:19.376+0000] {processor.py:840} INFO - DAG(s) 'youtube_english_video_pipeline' retrieved from /opt/airflow/dags/youtube_pipeline.py
[2026-09-08T01:17:19.429+0000] {logging_mixin.py:188} INFO - [2026-09-08T01:17:19.429+0000] {dag.py:3089} INFO - Sync 1 DAGs
[2026-09-08T01:17:19.452+0000] {logging_mixin.py:188} INFO - [2026-09-08T01:17:19.452+0000] {dag.py:3947} INFO - Setting next_dagrun for youtube_english_video_pipeline to 2026-09-07 12:00:00+00:00, run_after=2026-09-08 12:00:00+00:00
[2026-09-08T01:17:19.484+0000] {processor.py:183} INFO - Processing /opt/airflow/dags/youtube_pipeline.py took 0.167 seconds
[2026-09-08T01:17:49.655+0000] {processor.py:161} INFO - Started process (PID=47486) to work on /opt/airflow/dags/youtube_pipeline.py
[2026-09-08T01:17:49.657+0000] {processor.py:830} INFO - Processing file /opt/airflow/dags/youtube_pipeline.py for tasks to queue
[2026-09-08T01:17:49.659+0000] {logging_mixin.py:188} INFO - [2026-09-08T01:17:49.659+0000] {dagbag.py:545} INFO - Filling up the DagBag from /opt/airflow/dags/youtube_pipeline.py
[2026-09-08T01:17:49.696+0000] {processor.py:840} INFO - DAG(s) 'youtube_english_video_pipeline' retrieved from /opt/airflow/dags/youtube_pipeline.py
[2026-09-08T01:17:49.746+0000] {logging_mixin.py:188} INFO - [2026-09-08T01:17:49.746+0000] {dag.py:3089} INFO - Sync 1 DAGs
[2026-09-08T01:17:49.771+0000] {logging_mixin.py:188} INFO - [2026-09-08T01:17:49.771+0000] {dag.py:3947} INFO - Setting next_dagrun for youtube_english_video_pipeline to 2026-09-07 12:00:00+00:00, run_after=2026-09-08 12:00:00+00:00
[2026-09-08T01:17:49.795+0000] {processor.py:183} INFO - Processing /opt/airflow/dags/youtube_pipeline.py took 0.150 seconds
[2026-09-08T01:18:19.902+0000] {processor.py:161} INFO - Started process (PID=47491) to work on /opt/airflow/dags/youtube_pipeline.py
[2026-09-08T01:18:19.903+0000] {processor.py:830} INFO - Processing file /opt/airflow/dags/youtube_pipeline.py for tasks to queue
[2026-09-08T01:18:19.906+0000] {logging_mixin.py:188} INFO - [2026-09-08T01:18:19.905+0000] {dagbag.py:545} INFO - Filling up the DagBag from /opt/airflow/dags/youtube_pipeline.py
[2026-09-08T01:18:19.952+0000] {processor.py:840} INFO - DAG(s) 'youtube_english_video_pipeline' retrieved from /opt/airflow/dags/youtube_pipeline.py
[2026-09-08T01:18:20.013+0000] {logging_mixin.py:188} INFO - [2026-09-08T01:18:20.013+0000] {dag.py:3089} INFO - Sync 1 DAGs
[2026-09-08T01:18:20.040+0000] {logging_mixin.py:188} INFO - [2026-09-08T01:18:20.040+0000] {dag.py:3947} INFO - Setting next_dagrun for youtube_english_video_pipeline to 2026-09-07 12:00:00+00:00, run_after=2026-09-08 12:00:00+00:00
[2026-09-08T01:18:20.069+0000] {processor.py:183} INFO - Processing /opt/airflow/dags/youtube_pipeline.py took 0.175 seconds
[2026-09-08T01:18:50.281+0000] {processor.py:161} INFO - Started process (PID=47496) to work on /opt/airflow/dags/youtube_pipeline.py
[2026-09-08T01:18:50.282+0000] {processor.py:830} INFO - Processing file /opt/airflow/dags/youtube_pipeline.py for tasks to queue
[2026-09-08T01:18:50.284+0000] {logging_mixin.py:188} INFO - [2026-09-08T01:18:50.284+0000] {dagbag.py:545} INFO - Filling up the DagBag from /opt/airflow/dags/youtube_pipeline.py
[2026-09-08T01:18:50.329+0000] {processor.py:840} INFO - DAG(s) 'youtube_english_video_pipeline' retrieved from /opt/airflow/dags/youtube_pipeline.py
[2026-09-08T01:18:50.370+0000] {logging_mixin.py:188} INFO - [2026-09-08T01:18:50.369+0000] {dag.py:3089} INFO - Sync 1 DAGs
[2026-09-08T01:18:50.389+0000] {logging_mixin.py:188} INFO - [2026-09-08T01:18:50.388+0000] {dag.py:3947} INFO - Setting next_dagrun for youtube_english_video_pipeline to 2026-09-07 12:00:00+00:00, run_after=2026-09-08 12:00:00+00:00
[2026-09-08T01:18:50.409+0000] {processor.py:183} INFO - Processing /opt/airflow/dags/youtube_pipeline.py took 0.134 seconds
[2026-09-08T01:19:20.547+0000] {processor.py:161} INFO - Started process (PID=47501) to work on /opt/airflow/dags/youtube_pipeline.py
[2026-09-08T01:19:20.548+0000] {processor.py:830} INFO - Processing file /opt/airflow/dags/youtube_pipeline.py for tasks to queue
[2026-09-08T01:19:20.550+0000] {logging_mixin.py:188} INFO - [2026-09-08T01:19:20.550+0000] {dagbag.py:545} INFO - Filling up the DagBag from /opt/airflow/dags/youtube_pipeline.py
[2026-09-08T01:19:20.595+0000] {processor.py:840} INFO - DAG(s) 'youtube_english_video_pipeline' retrieved from /opt/airflow/dags/youtube_pipeline.py
[2026-09-08T01:19:20.646+0000] {logging_mixin.py:188} INFO - [2026-09-08T01:19:20.646+0000] {dag.py:3089} INFO - Sync 1 DAGs
[2026-09-08T01:19:20.665+0000] {logging_mixin.py:188} INFO - [2026-09-08T01:19:20.665+0000] {dag.py:3947} INFO - Setting next_dagrun for youtube_english_video_pipeline to 2026-09-07 12:00:00+00:00, run_after=2026-09-08 12:00:00+00:00
[2026-09-08T01:19:20.693+0000] {processor.py:183} INFO - Processing /opt/airflow/dags/youtube_pipeline.py took 0.152 seconds
[2026-09-08T01:19:50.899+0000] {processor.py:161} INFO - Started process (PID=47506) to work on /opt/airflow/dags/youtube_pipeline.py
[2026-09-08T01:19:50.900+0000] {processor.py:830} INFO - Processing file /opt/airflow/dags/youtube_pipeline.py for tasks to queue
[2026-09-08T01:19:50.902+0000] {logging_mixin.py:188} INFO - [2026-09-08T01:19:50.902+0000] {dagbag.py:545} INFO - Filling up the DagBag from /opt/airflow/dags/youtube_pipeline.py
[2026-09-08T01:19:50.958+0000] {processor.py:840} INFO - DAG(s) 'youtube_english_video_pipeline' retrieved from /opt/airflow/dags/youtube_pipeline.py
[2026-09-08T01:19:51.001+0000] {logging_mixin.py:188} INFO - [2026-09-08T01:19:51.001+0000] {dag.py:3089} INFO - Sync 1 DAGs
[2026-09-08T01:19:51.022+0000] {logging_mixin.py:188} INFO - [2026-09-08T01:19:51.022+0000] {dag.py:3947} INFO - Setting next_dagrun for youtube_english_video_pipeline to 2026-09-07 12:00:00+00:00, run_after=2026-09-08 12:00:00+00:00
[2026-09-08T01:19:51.049+0000] {processor.py:183} INFO - Processing /opt/airflow/dags/youtube_pipeline.py took 0.156 seconds
[2026-09-08T01:20:21.175+0000] {processor.py:161} INFO - Started process (PID=47511) to work on /opt/airflow/dags/youtube_pipeline.py
[2026-09-08T01:20:21.176+0000] {processor.py:830} INFO - Processing file /opt/airflow/dags/youtube_pipeline.py for tasks to queue
[2026-09-08T01:20:21.178+0000] {logging_mixin.py:188} INFO - [2026-09-08T01:20:21.178+0000] {dagbag.py:545} INFO - Filling up the DagBag from /opt/airflow/dags/youtube_pipeline.py
[2026-09-08T01:20:21.222+0000] {processor.py:840} INFO - DAG(s) 'youtube_english_video_pipeline' retrieved from /opt/airflow/dags/youtube_pipeline.py
[2026-09-08T01:20:21.267+0000] {logging_mixin.py:188} INFO - [2026-09-08T01:20:21.267+0000] {dag.py:3089} INFO - Sync 1 DAGs
[2026-09-08T01:20:21.289+0000] {logging_mixin.py:188} INFO - [2026-09-08T01:20:21.289+0000] {dag.py:3947} INFO - Setting next_dagrun for youtube_english_video_pipeline to 2026-09-07 12:00:00+00:00, run_after=2026-09-08 12:00:00+00:00
[2026-09-08T01:20:21.310+0000] {processor.py:183} INFO - Processing /opt/airflow/dags/youtube_pipeline.py took 0.143 seconds
[2026-09-08T01:20:51.529+0000] {processor.py:161} INFO - Started process (PID=47516) to work on /opt/airflow/dags/youtube_pipeline.py
[2026-09-08T01:20:51.531+0000] {processor.py:830} INFO - Processing file /opt/airflow/dags/youtube_pipeline.py for tasks to queue
[2026-09-08T01:20:51.533+0000] {logging_mixin.py:188} INFO - [2026-09-08T01:20:51.533+0000] {dagbag.py:545} INFO - Filling up the DagBag from /opt/airflow/dags/youtube_pipeline.py
[2026-09-08T01:20:51.576+0000] {processor.py:840} INFO - DAG(s) 'youtube_english_video_pipeline' retrieved from /opt/airflow/dags/youtube_pipeline.py
[2026-09-08T01:20:51.622+0000] {logging_mixin.py:188} INFO - [2026-09-08T01:20:51.622+0000] {dag.py:3089} INFO - Sync 1 DAGs
[2026-09-08T01:20:51.646+0000] {logging_mixin.py:188} INFO - [2026-09-08T01:20:51.646+0000] {dag.py:3947} INFO - Setting next_dagrun for youtube_english_video_pipeline to 2026-09-07 12:00:00+00:00, run_after=2026-09-08 12:00:00+00:00
[2026-09-08T01:20:51.671+0000] {processor.py:183} INFO - Processing /opt/airflow/dags/youtube_pipeline.py took 0.151 seconds
[2026-09-08T01:21:21.817+0000] {processor.py:161} INFO - Started process (PID=47521) to work on /opt/airflow/dags/youtube_pipeline.py
[2026-09-08T01:21:21.819+0000] {processor.py:830} INFO - Processing file /opt/airflow/dags/youtube_pipeline.py for tasks to queue
[2026-09-08T01:21:21.822+0000] {logging_mixin.py:188} INFO - [2026-09-08T01:21:21.822+0000] {dagbag.py:545} INFO - Filling up the DagBag from /opt/airflow/dags/youtube_pipeline.py
[2026-09-08T01:21:21.884+0000] {processor.py:840} INFO - DAG(s) 'youtube_english_video_pipeline' retrieved from /opt/airflow/dags/youtube_pipeline.py
[2026-09-08T01:21:21.951+0000] {logging_mixin.py:188} INFO - [2026-09-08T01:21:21.951+0000] {dag.py:3089} INFO - Sync 1 DAGs
[2026-09-08T01:21:21.977+0000] {logging_mixin.py:188} INFO - [2026-09-08T01:21:21.977+0000] {dag.py:3947} INFO - Setting next_dagrun for youtube_english_video_pipeline to 2026-09-07 12:00:00+00:00, run_after=2026-09-08 12:00:00+00:00
[2026-09-08T01:21:21.999+0000] {processor.py:183} INFO - Processing /opt/airflow/dags/youtube_pipeline.py took 0.189 seconds
[2026-09-08T01:21:52.189+0000] {processor.py:161} INFO - Started process (PID=47526) to work on /opt/airflow/dags/youtube_pipeline.py
[2026-09-08T01:21:52.190+0000] {processor.py:830} INFO - Processing file /opt/airflow/dags/youtube_pipeline.py for tasks to queue
[2026-09-08T01:21:52.192+0000] {logging_mixin.py:188} INFO - [2026-09-08T01:21:52.192+0000] {dagbag.py:545} INFO - Filling up the DagBag from /opt/airflow/dags/youtube_pipeline.py
[2026-09-08T01:21:52.239+0000] {processor.py:840} INFO - DAG(s) 'youtube_english_video_pipeline' retrieved from /opt/airflow/dags/youtube_pipeline.py
[2026-09-08T01:21:52.290+0000] {logging_mixin.py:188} INFO - [2026-09-08T01:21:52.290+0000] {dag.py:3089} INFO - Sync 1 DAGs
[2026-09-08T01:21:52.313+0000] {logging_mixin.py:188} INFO - [2026-09-08T01:21:52.313+0000] {dag.py:3947} INFO - Setting next_dagrun for youtube_english_video_pipeline to 2026-09-07 12:00:00+00:00, run_after=2026-09-08 12:00:00+00:00
[2026-09-08T01:21:52.336+0000] {processor.py:183} INFO - Processing /opt/airflow/dags/youtube_pipeline.py took 0.155 seconds
[2026-09-08T01:22:22.439+0000] {processor.py:161} INFO - Started process (PID=47531) to work on /opt/airflow/dags/youtube_pipeline.py
[2026-09-08T01:22:22.440+0000] {processor.py:830} INFO - Processing file /opt/airflow/dags/youtube_pipeline.py for tasks to queue
[2026-09-08T01:22:22.442+0000] {logging_mixin.py:188} INFO - [2026-09-08T01:22:22.442+0000] {dagbag.py:545} INFO - Filling up the DagBag from /opt/airflow/dags/youtube_pipeline.py
[2026-09-08T01:22:22.486+0000] {processor.py:840} INFO - DAG(s) 'youtube_english_video_pipeline' retrieved from /opt/airflow/dags/youtube_pipeline.py
[2026-09-08T01:22:22.537+0000] {logging_mixin.py:188} INFO - [2026-09-08T01:22:22.537+0000] {dag.py:3089} INFO - Sync 1 DAGs
[2026-09-08T01:22:22.557+0000] {logging_mixin.py:188} INFO - [2026-09-08T01:22:22.557+0000] {dag.py:3947} INFO - Setting next_dagrun for youtube_english_video_pipeline to 2026-09-07 12:00:00+00:00, run_after=2026-09-08 12:00:00+00:00
[2026-09-08T01:22:22.579+0000] {processor.py:183} INFO - Processing /opt/airflow/dags/youtube_pipeline.py took 0.147 seconds
[2026-09-08T01:22:52.830+0000] {processor.py:161} INFO - Started process (PID=47536) to work on /opt/airflow/dags/youtube_pipeline.py
[2026-09-08T01:22:52.831+0000] {processor.py:830} INFO - Processing file /opt/airflow/dags/youtube_pipeline.py for tasks to queue
[2026-09-08T01:22:52.833+0000] {logging_mixin.py:188} INFO - [2026-09-08T01:22:52.833+0000] {dagbag.py:545} INFO - Filling up the DagBag from /opt/airflow/dags/youtube_pipeline.py
[2026-09-08T01:22:52.883+0000] {processor.py:840} INFO - DAG(s) 'youtube_english_video_pipeline' retrieved from /opt/airflow/dags/youtube_pipeline.py
[2026-09-08T01:22:52.930+0000] {logging_mixin.py:188} INFO - [2026-09-08T01:22:52.930+0000] {dag.py:3089} INFO - Sync 1 DAGs
[2026-09-08T01:22:52.951+0000] {logging_mixin.py:188} INFO - [2026-09-08T01:22:52.951+0000] {dag.py:3947} INFO - Setting next_dagrun for youtube_english_video_pipeline to 2026-09-07 12:00:00+00:00, run_after=2026-09-08 12:00:00+00:00
[2026-09-08T01:22:52.983+0000] {processor.py:183} INFO - Processing /opt/airflow/dags/youtube_pipeline.py took 0.160 seconds
[2026-09-08T01:23:23.130+0000] {processor.py:161} INFO - Started process (PID=47541) to work on /opt/airflow/dags/youtube_pipeline.py
[2026-09-08T01:23:23.132+0000] {processor.py:830} INFO - Processing file /opt/airflow/dags/youtube_pipeline.py for tasks to queue
[2026-09-08T01:23:23.135+0000] {logging_mixin.py:188} INFO - [2026-09-08T01:23:23.135+0000] {dagbag.py:545} INFO - Filling up the DagBag from /opt/airflow/dags/youtube_pipeline.py
[2026-09-08T01:23:23.244+0000] {processor.py:840} INFO - DAG(s) 'youtube_english_video_pipeline' retrieved from /opt/airflow/dags/youtube_pipeline.py
[2026-09-08T01:23:23.300+0000] {logging_mixin.py:188} INFO - [2026-09-08T01:23:23.299+0000] {dag.py:3089} INFO - Sync 1 DAGs
[2026-09-08T01:23:23.322+0000] {logging_mixin.py:188} INFO - [2026-09-08T01:23:23.322+0000] {dag.py:3947} INFO - Setting next_dagrun for youtube_english_video_pipeline to 2026-09-07 12:00:00+00:00, run_after=2026-09-08 12:00:00+00:00
[2026-09-08T01:23:23.349+0000] {processor.py:183} INFO - Processing /opt/airflow/dags/youtube_pipeline.py took 0.233 seconds
[2026-09-08T01:23:53.472+0000] {processor.py:161} INFO - Started process (PID=47546) to work on /opt/airflow/dags/youtube_pipeline.py
[2026-09-08T01:23:53.473+0000] {processor.py:830} INFO - Processing file /opt/airflow/dags/youtube_pipeline.py for tasks to queue
[2026-09-08T01:23:53.475+0000] {logging_mixin.py:188} INFO - [2026-09-08T01:23:53.475+0000] {dagbag.py:545} INFO - Filling up the DagBag from /opt/airflow/dags/youtube_pipeline.py
[2026-09-08T01:23:53.514+0000] {processor.py:840} INFO - DAG(s) 'youtube_english_video_pipeline' retrieved from /opt/airflow/dags/youtube_pipeline.py
[2026-09-08T01:23:53.557+0000] {logging_mixin.py:188} INFO - [2026-09-08T01:23:53.557+0000] {dag.py:3089} INFO - Sync 1 DAGs
[2026-09-08T01:23:53.578+0000] {logging_mixin.py:188} INFO - [2026-09-08T01:23:53.577+0000] {dag.py:3947} INFO - Setting next_dagrun for youtube_english_video_pipeline to 2026-09-07 12:00:00+00:00, run_after=2026-09-08 12:00:00+00:00
[2026-09-08T01:23:53.606+0000] {processor.py:183} INFO - Processing /opt/airflow/dags/youtube_pipeline.py took 0.142 seconds
[2026-09-08T01:24:23.830+0000] {processor.py:161} INFO - Started process (PID=47551) to work on /opt/airflow/dags/youtube_pipeline.py
[2026-09-08T01:24:23.831+0000] {processor.py:830} INFO - Processing file /opt/airflow/dags/youtube_pipeline.py for tasks to queue
[2026-09-08T01:24:23.834+0000] {logging_mixin.py:188} INFO - [2026-09-08T01:24:23.833+0000] {dagbag.py:545} INFO - Filling up the DagBag from /opt/airflow/dags/youtube_pipeline.py
[2026-09-08T01:24:23.876+0000] {processor.py:840} INFO - DAG(s) 'youtube_english_video_pipeline' retrieved from /opt/airflow/dags/youtube_pipeline.py
[2026-09-08T01:24:23.924+0000] {logging_mixin.py:188} INFO - [2026-09-08T01:24:23.924+0000] {dag.py:3089} INFO - Sync 1 DAGs
[2026-09-08T01:24:23.949+0000] {logging_mixin.py:188} INFO - [2026-09-08T01:24:23.948+0000] {dag.py:3947} INFO - Setting next_dagrun for youtube_english_video_pipeline to 2026-09-07 12:00:00+00:00, run_after=2026-09-08 12:00:00+00:00
[2026-09-08T01:24:23.982+0000] {processor.py:183} INFO - Processing /opt/airflow/dags/youtube_pipeline.py took 0.159 seconds
[2026-09-08T01:24:54.079+0000] {processor.py:161} INFO - Started process (PID=47556) to work on /opt/airflow/dags/youtube_pipeline.py
[2026-09-08T01:24:54.080+0000] {processor.py:830} INFO - Processing file /opt/airflow/dags/youtube_pipeline.py for tasks to queue
[2026-09-08T01:24:54.082+0000] {logging_mixin.py:188} INFO - [2026-09-08T01:24:54.082+0000] {dagbag.py:545} INFO - Filling up the DagBag from /opt/airflow/dags/youtube_pipeline.py
[2026-09-08T01:24:54.131+0000] {processor.py:840} INFO - DAG(s) 'youtube_english_video_pipeline' retrieved from /opt/airflow/dags/youtube_pipeline.py
[2026-09-08T01:24:54.172+0000] {logging_mixin.py:188} INFO - [2026-09-08T01:24:54.172+0000] {dag.py:3089} INFO - Sync 1 DAGs
[2026-09-08T01:24:54.194+0000] {logging_mixin.py:188} INFO - [2026-09-08T01:24:54.194+0000] {dag.py:3947} INFO - Setting next_dagrun for youtube_english_video_pipeline to 2026-09-07 12:00:00+00:00, run_after=2026-09-08 12:00:00+00:00
[2026-09-08T01:24:54.224+0000] {processor.py:183} INFO - Processing /opt/airflow/dags/youtube_pipeline.py took 0.152 seconds
[2026-09-08T01:25:24.443+0000] {processor.py:161} INFO - Started process (PID=47561) to work on /opt/airflow/dags/youtube_pipeline.py
[2026-09-08T01:25:24.444+0000] {processor.py:830} INFO - Processing file /opt/airflow/dags/youtube_pipeline.py for tasks to queue
[2026-09-08T01:25:24.446+0000] {logging_mixin.py:188} INFO - [2026-09-08T01:25:24.446+0000] {dagbag.py:545} INFO - Filling up the DagBag from /opt/airflow/dags/youtube_pipeline.py
[2026-09-08T01:25:24.488+0000] {processor.py:840} INFO - DAG(s) 'youtube_english_video_pipeline' retrieved from /opt/airflow/dags/youtube_pipeline.py
[2026-09-08T01:25:24.530+0000] {logging_mixin.py:188} INFO - [2026-09-08T01:25:24.530+0000] {dag.py:3089} INFO - Sync 1 DAGs
[2026-09-08T01:25:24.549+0000] {logging_mixin.py:188} INFO - [2026-09-08T01:25:24.549+0000] {dag.py:3947} INFO - Setting next_dagrun for youtube_english_video_pipeline to 2026-09-07 12:00:00+00:00, run_after=2026-09-08 12:00:00+00:00
[2026-09-08T01:25:24.575+0000] {processor.py:183} INFO - Processing /opt/airflow/dags/youtube_pipeline.py took 0.139 seconds
[2026-09-08T01:25:54.703+0000] {processor.py:161} INFO - Started process (PID=47566) to work on /opt/airflow/dags/youtube_pipeline.py
[2026-09-08T01:25:54.704+0000] {processor.py:830} INFO - Processing file /opt/airflow/dags/youtube_pipeline.py for tasks to queue
[2026-09-08T01:25:54.707+0000] {logging_mixin.py:188} INFO - [2026-09-08T01:25:54.706+0000] {dagbag.py:545} INFO - Filling up the DagBag from /opt/airflow/dags/youtube_pipeline.py
[2026-09-08T01:25:54.743+0000] {processor.py:840} INFO - DAG(s) 'youtube_english_video_pipeline' retrieved from /opt/airflow/dags/youtube_pipeline.py
[2026-09-08T01:25:54.788+0000] {logging_mixin.py:188} INFO - [2026-09-08T01:25:54.788+0000] {dag.py:3089} INFO - Sync 1 DAGs
[2026-09-08T01:25:54.809+0000] {logging_mixin.py:188} INFO - [2026-09-08T01:25:54.808+0000] {dag.py:3947} INFO - Setting next_dagrun for youtube_english_video_pipeline to 2026-09-07 12:00:00+00:00, run_after=2026-09-08 12:00:00+00:00
[2026-09-08T01:25:54.827+0000] {processor.py:183} INFO - Processing /opt/airflow/dags/youtube_pipeline.py took 0.132 seconds
[2026-09-08T01:26:25.106+0000] {processor.py:161} INFO - Started process (PID=47571) to work on /opt/airflow/dags/youtube_pipeline.py
[2026-09-08T01:26:25.107+0000] {processor.py:830} INFO - Processing file /opt/airflow/dags/youtube_pipeline.py for tasks to queue
[2026-09-08T01:26:25.109+0000] {logging_mixin.py:188} INFO - [2026-09-08T01:26:25.109+0000] {dagbag.py:545} INFO - Filling up the DagBag from /opt/airflow/dags/youtube_pipeline.py
[2026-09-08T01:26:25.154+0000] {processor.py:840} INFO - DAG(s) 'youtube_english_video_pipeline' retrieved from /opt/airflow/dags/youtube_pipeline.py
[2026-09-08T01:26:25.205+0000] {logging_mixin.py:188} INFO - [2026-09-08T01:26:25.205+0000] {dag.py:3089} INFO - Sync 1 DAGs
[2026-09-08T01:26:25.228+0000] {logging_mixin.py:188} INFO - [2026-09-08T01:26:25.228+0000] {dag.py:3947} INFO - Setting next_dagrun for youtube_english_video_pipeline to 2026-09-07 12:00:00+00:00, run_after=2026-09-08 12:00:00+00:00
[2026-09-08T01:26:25.250+0000] {processor.py:183} INFO - Processing /opt/airflow/dags/youtube_pipeline.py took 0.150 seconds
[2026-09-08T01:26:55.348+0000] {processor.py:161} INFO - Started process (PID=47576) to work on /opt/airflow/dags/youtube_pipeline.py
[2026-09-08T01:26:55.350+0000] {processor.py:830} INFO - Processing file /opt/airflow/dags/youtube_pipeline.py for tasks to queue
[2026-09-08T01:26:55.352+0000] {logging_mixin.py:188} INFO - [2026-09-08T01:26:55.352+0000] {dagbag.py:545} INFO - Filling up the DagBag from /opt/airflow/dags/youtube_pipeline.py
[2026-09-08T01:26:55.394+0000] {processor.py:840} INFO - DAG(s) 'youtube_english_video_pipeline' retrieved from /opt/airflow/dags/youtube_pipeline.py
[2026-09-08T01:26:55.444+0000] {logging_mixin.py:188} INFO - [2026-09-08T01:26:55.443+0000] {dag.py:3089} INFO - Sync 1 DAGs
[2026-09-08T01:26:55.465+0000] {logging_mixin.py:188} INFO - [2026-09-08T01:26:55.465+0000] {dag.py:3947} INFO - Setting next_dagrun for youtube_english_video_pipeline to 2026-09-07 12:00:00+00:00, run_after=2026-09-08 12:00:00+00:00
[2026-09-08T01:26:55.492+0000] {processor.py:183} INFO - Processing /opt/airflow/dags/youtube_pipeline.py took 0.152 seconds
[2026-09-08T01:27:25.745+0000] {processor.py:161} INFO - Started process (PID=47581) to work on /opt/airflow/dags/youtube_pipeline.py
[2026-09-08T01:27:25.746+0000] {processor.py:830} INFO - Processing file /opt/airflow/dags/youtube_pipeline.py for tasks to queue
[2026-09-08T01:27:25.749+0000] {logging_mixin.py:188} INFO - [2026-09-08T01:27:25.748+0000] {dagbag.py:545} INFO - Filling up the DagBag from /opt/airflow/dags/youtube_pipeline.py
[2026-09-08T01:27:25.799+0000] {processor.py:840} INFO - DAG(s) 'youtube_english_video_pipeline' retrieved from /opt/airflow/dags/youtube_pipeline.py
[2026-09-08T01:27:25.840+0000] {logging_mixin.py:188} INFO - [2026-09-08T01:27:25.840+0000] {dag.py:3089} INFO - Sync 1 DAGs
[2026-09-08T01:27:25.859+0000] {logging_mixin.py:188} INFO - [2026-09-08T01:27:25.859+0000] {dag.py:3947} INFO - Setting next_dagrun for youtube_english_video_pipeline to 2026-09-07 12:00:00+00:00, run_after=2026-09-08 12:00:00+00:00
[2026-09-08T01:27:25.880+0000] {processor.py:183} INFO - Processing /opt/airflow/dags/youtube_pipeline.py took 0.142 seconds
[2026-09-08T01:27:55.968+0000] {processor.py:161} INFO - Started process (PID=47586) to work on /opt/airflow/dags/youtube_pipeline.py
[2026-09-08T01:27:55.969+0000] {processor.py:830} INFO - Processing file /opt/airflow/dags/youtube_pipeline.py for tasks to queue
[2026-09-08T01:27:55.971+0000] {logging_mixin.py:188} INFO - [2026-09-08T01:27:55.971+0000] {dagbag.py:545} INFO - Filling up the DagBag from /opt/airflow/dags/youtube_pipeline.py
[2026-09-08T01:27:56.018+0000] {processor.py:840} INFO - DAG(s) 'youtube_english_video_pipeline' retrieved from /opt/airflow/dags/youtube_pipeline.py
[2026-09-08T01:27:56.071+0000] {logging_mixin.py:188} INFO - [2026-09-08T01:27:56.071+0000] {dag.py:3089} INFO - Sync 1 DAGs
[2026-09-08T01:27:56.093+0000] {logging_mixin.py:188} INFO - [2026-09-08T01:27:56.093+0000] {dag.py:3947} INFO - Setting next_dagrun for youtube_english_video_pipeline to 2026-09-07 12:00:00+00:00, run_after=2026-09-08 12:00:00+00:00
[2026-09-08T01:27:56.127+0000] {processor.py:183} INFO - Processing /opt/airflow/dags/youtube_pipeline.py took 0.167 seconds
[2026-09-08T01:28:26.367+0000] {processor.py:161} INFO - Started process (PID=47591) to work on /opt/airflow/dags/youtube_pipeline.py
[2026-09-08T01:28:26.369+0000] {processor.py:830} INFO - Processing file /opt/airflow/dags/youtube_pipeline.py for tasks to queue
[2026-09-08T01:28:26.371+0000] {logging_mixin.py:188} INFO - [2026-09-08T01:28:26.370+0000] {dagbag.py:545} INFO - Filling up the DagBag from /opt/airflow/dags/youtube_pipeline.py
[2026-09-08T01:28:26.409+0000] {processor.py:840} INFO - DAG(s) 'youtube_english_video_pipeline' retrieved from /opt/airflow/dags/youtube_pipeline.py
[2026-09-08T01:28:26.456+0000] {logging_mixin.py:188} INFO - [2026-09-08T01:28:26.456+0000] {dag.py:3089} INFO - Sync 1 DAGs
[2026-09-08T01:28:26.477+0000] {logging_mixin.py:188} INFO - [2026-09-08T01:28:26.477+0000] {dag.py:3947} INFO - Setting next_dagrun for youtube_english_video_pipeline to 2026-09-07 12:00:00+00:00, run_after=2026-09-08 12:00:00+00:00
[2026-09-08T01:28:26.510+0000] {processor.py:183} INFO - Processing /opt/airflow/dags/youtube_pipeline.py took 0.149 seconds
[2026-09-08T01:28:56.647+0000] {processor.py:161} INFO - Started process (PID=47596) to work on /opt/airflow/dags/youtube_pipeline.py
[2026-09-08T01:28:56.649+0000] {processor.py:830} INFO - Processing file /opt/airflow/dags/youtube_pipeline.py for tasks to queue
[2026-09-08T01:28:56.651+0000] {logging_mixin.py:188} INFO - [2026-09-08T01:28:56.651+0000] {dagbag.py:545} INFO - Filling up the DagBag from /opt/airflow/dags/youtube_pipeline.py
[2026-09-08T01:28:56.700+0000] {processor.py:840} INFO - DAG(s) 'youtube_english_video_pipeline' retrieved from /opt/airflow/dags/youtube_pipeline.py
[2026-09-08T01:28:56.743+0000] {logging_mixin.py:188} INFO - [2026-09-08T01:28:56.743+0000] {dag.py:3089} INFO - Sync 1 DAGs
[2026-09-08T01:28:56.763+0000] {logging_mixin.py:188} INFO - [2026-09-08T01:28:56.763+0000] {dag.py:3947} INFO - Setting next_dagrun for youtube_english_video_pipeline to 2026-09-07 12:00:00+00:00, run_after=2026-09-08 12:00:00+00:00
[2026-09-08T01:28:56.794+0000] {processor.py:183} INFO - Processing /opt/airflow/dags/youtube_pipeline.py took 0.153 seconds
[2026-09-08T01:29:27.058+0000] {processor.py:161} INFO - Started process (PID=47601) to work on /opt/airflow/dags/youtube_pipeline.py
[2026-09-08T01:29:27.059+0000] {processor.py:830} INFO - Processing file /opt/airflow/dags/youtube_pipeline.py for tasks to queue
[2026-09-08T01:29:27.062+0000] {logging_mixin.py:188} INFO - [2026-09-08T01:29:27.062+0000] {dagbag.py:545} INFO - Filling up the DagBag from /opt/airflow/dags/youtube_pipeline.py
[2026-09-08T01:29:27.097+0000] {processor.py:840} INFO - DAG(s) 'youtube_english_video_pipeline' retrieved from /opt/airflow/dags/youtube_pipeline.py
[2026-09-08T01:29:27.142+0000] {logging_mixin.py:188} INFO - [2026-09-08T01:29:27.142+0000] {dag.py:3089} INFO - Sync 1 DAGs
[2026-09-08T01:29:27.161+0000] {logging_mixin.py:188} INFO - [2026-09-08T01:29:27.161+0000] {dag.py:3947} INFO - Setting next_dagrun for youtube_english_video_pipeline to 2026-09-07 12:00:00+00:00, run_after=2026-09-08 12:00:00+00:00
[2026-09-08T01:29:27.194+0000] {processor.py:183} INFO - Processing /opt/airflow/dags/youtube_pipeline.py took 0.144 seconds
[2026-09-08T01:29:57.406+0000] {processor.py:161} INFO - Started process (PID=47606) to work on /opt/airflow/dags/youtube_pipeline.py
[2026-09-08T01:29:57.409+0000] {processor.py:830} INFO - Processing file /opt/airflow/dags/youtube_pipeline.py for tasks to queue
[2026-09-08T01:29:57.414+0000] {logging_mixin.py:188} INFO - [2026-09-08T01:29:57.414+0000] {dagbag.py:545} INFO - Filling up the DagBag from /opt/airflow/dags/youtube_pipeline.py
[2026-09-08T01:29:57.608+0000] {processor.py:840} INFO - DAG(s) 'youtube_english_video_pipeline' retrieved from /opt/airflow/dags/youtube_pipeline.py
[2026-09-08T01:29:57.662+0000] {logging_mixin.py:188} INFO - [2026-09-08T01:29:57.662+0000] {dag.py:3089} INFO - Sync 1 DAGs
[2026-09-08T01:29:57.688+0000] {logging_mixin.py:188} INFO - [2026-09-08T01:29:57.688+0000] {dag.py:3947} INFO - Setting next_dagrun for youtube_english_video_pipeline to 2026-09-07 12:00:00+00:00, run_after=2026-09-08 12:00:00+00:00
[2026-09-08T01:29:57.729+0000] {processor.py:183} INFO - Processing /opt/airflow/dags/youtube_pipeline.py took 0.339 seconds
[2026-09-08T01:30:27.994+0000] {processor.py:161} INFO - Started process (PID=47611) to work on /opt/airflow/dags/youtube_pipeline.py
[2026-09-08T01:30:27.995+0000] {processor.py:830} INFO - Processing file /opt/airflow/dags/youtube_pipeline.py for tasks to queue
[2026-09-08T01:30:27.997+0000] {logging_mixin.py:188} INFO - [2026-09-08T01:30:27.997+0000] {dagbag.py:545} INFO - Filling up the DagBag from /opt/airflow/dags/youtube_pipeline.py
[2026-09-08T01:30:28.039+0000] {processor.py:840} INFO - DAG(s) 'youtube_english_video_pipeline' retrieved from /opt/airflow/dags/youtube_pipeline.py
[2026-09-08T01:30:28.085+0000] {logging_mixin.py:188} INFO - [2026-09-08T01:30:28.085+0000] {dag.py:3089} INFO - Sync 1 DAGs
[2026-09-08T01:30:28.107+0000] {logging_mixin.py:188} INFO - [2026-09-08T01:30:28.106+0000] {dag.py:3947} INFO - Setting next_dagrun for youtube_english_video_pipeline to 2026-09-07 12:00:00+00:00, run_after=2026-09-08 12:00:00+00:00
[2026-09-08T01:30:28.130+0000] {processor.py:183} INFO - Processing /opt/airflow/dags/youtube_pipeline.py took 0.142 seconds
[2026-09-08T01:30:58.218+0000] {processor.py:161} INFO - Started process (PID=47616) to work on /opt/airflow/dags/youtube_pipeline.py
[2026-09-08T01:30:58.220+0000] {processor.py:830} INFO - Processing file /opt/airflow/dags/youtube_pipeline.py for tasks to queue
[2026-09-08T01:30:58.222+0000] {logging_mixin.py:188} INFO - [2026-09-08T01:30:58.222+0000] {dagbag.py:545} INFO - Filling up the DagBag from /opt/airflow/dags/youtube_pipeline.py
[2026-09-08T01:30:58.268+0000] {processor.py:840} INFO - DAG(s) 'youtube_english_video_pipeline' retrieved from /opt/airflow/dags/youtube_pipeline.py
[2026-09-08T01:30:58.319+0000] {logging_mixin.py:188} INFO - [2026-09-08T01:30:58.319+0000] {dag.py:3089} INFO - Sync 1 DAGs
[2026-09-08T01:30:58.341+0000] {logging_mixin.py:188} INFO - [2026-09-08T01:30:58.341+0000] {dag.py:3947} INFO - Setting next_dagrun for youtube_english_video_pipeline to 2026-09-07 12:00:00+00:00, run_after=2026-09-08 12:00:00+00:00
[2026-09-08T01:30:58.364+0000] {processor.py:183} INFO - Processing /opt/airflow/dags/youtube_pipeline.py took 0.153 seconds
[2026-09-08T01:31:28.674+0000] {processor.py:161} INFO - Started process (PID=47621) to work on /opt/airflow/dags/youtube_pipeline.py
[2026-09-08T01:31:28.676+0000] {processor.py:830} INFO - Processing file /opt/airflow/dags/youtube_pipeline.py for tasks to queue
[2026-09-08T01:31:28.678+0000] {logging_mixin.py:188} INFO - [2026-09-08T01:31:28.678+0000] {dagbag.py:545} INFO - Filling up the DagBag from /opt/airflow/dags/youtube_pipeline.py
[2026-09-08T01:31:28.724+0000] {processor.py:840} INFO - DAG(s) 'youtube_english_video_pipeline' retrieved from /opt/airflow/dags/youtube_pipeline.py
[2026-09-08T01:31:28.765+0000] {logging_mixin.py:188} INFO - [2026-09-08T01:31:28.765+0000] {dag.py:3089} INFO - Sync 1 DAGs
[2026-09-08T01:31:28.785+0000] {logging_mixin.py:188} INFO - [2026-09-08T01:31:28.785+0000] {dag.py:3947} INFO - Setting next_dagrun for youtube_english_video_pipeline to 2026-09-07 12:00:00+00:00, run_after=2026-09-08 12:00:00+00:00
[2026-09-08T01:31:28.813+0000] {processor.py:183} INFO - Processing /opt/airflow/dags/youtube_pipeline.py took 0.148 seconds
[2026-09-08T01:31:58.904+0000] {processor.py:161} INFO - Started process (PID=47626) to work on /opt/airflow/dags/youtube_pipeline.py
[2026-09-08T01:31:58.906+0000] {processor.py:830} INFO - Processing file /opt/airflow/dags/youtube_pipeline.py for tasks to queue
[2026-09-08T01:31:58.908+0000] {logging_mixin.py:188} INFO - [2026-09-08T01:31:58.908+0000] {dagbag.py:545} INFO - Filling up the DagBag from /opt/airflow/dags/youtube_pipeline.py
[2026-09-08T01:31:58.954+0000] {processor.py:840} INFO - DAG(s) 'youtube_english_video_pipeline' retrieved from /opt/airflow/dags/youtube_pipeline.py
[2026-09-08T01:31:59.003+0000] {logging_mixin.py:188} INFO - [2026-09-08T01:31:59.003+0000] {dag.py:3089} INFO - Sync 1 DAGs
[2026-09-08T01:31:59.026+0000] {logging_mixin.py:188} INFO - [2026-09-08T01:31:59.026+0000] {dag.py:3947} INFO - Setting next_dagrun for youtube_english_video_pipeline to 2026-09-07 12:00:00+00:00, run_after=2026-09-08 12:00:00+00:00
[2026-09-08T01:31:59.062+0000] {processor.py:183} INFO - Processing /opt/airflow/dags/youtube_pipeline.py took 0.166 seconds
[2026-09-08T01:32:29.271+0000] {processor.py:161} INFO - Started process (PID=47631) to work on /opt/airflow/dags/youtube_pipeline.py
[2026-09-08T01:32:29.272+0000] {processor.py:830} INFO - Processing file /opt/airflow/dags/youtube_pipeline.py for tasks to queue
[2026-09-08T01:32:29.274+0000] {logging_mixin.py:188} INFO - [2026-09-08T01:32:29.274+0000] {dagbag.py:545} INFO - Filling up the DagBag from /opt/airflow/dags/youtube_pipeline.py
[2026-09-08T01:32:29.316+0000] {processor.py:840} INFO - DAG(s) 'youtube_english_video_pipeline' retrieved from /opt/airflow/dags/youtube_pipeline.py
[2026-09-08T01:32:29.373+0000] {logging_mixin.py:188} INFO - [2026-09-08T01:32:29.372+0000] {dag.py:3089} INFO - Sync 1 DAGs
[2026-09-08T01:32:29.400+0000] {logging_mixin.py:188} INFO - [2026-09-08T01:32:29.399+0000] {dag.py:3947} INFO - Setting next_dagrun for youtube_english_video_pipeline to 2026-09-07 12:00:00+00:00, run_after=2026-09-08 12:00:00+00:00
[2026-09-08T01:32:29.434+0000] {processor.py:183} INFO - Processing /opt/airflow/dags/youtube_pipeline.py took 0.170 seconds
[2026-09-08T01:32:59.497+0000] {processor.py:161} INFO - Started process (PID=47636) to work on /opt/airflow/dags/youtube_pipeline.py
[2026-09-08T01:32:59.498+0000] {processor.py:830} INFO - Processing file /opt/airflow/dags/youtube_pipeline.py for tasks to queue
[2026-09-08T01:32:59.501+0000] {logging_mixin.py:188} INFO - [2026-09-08T01:32:59.500+0000] {dagbag.py:545} INFO - Filling up the DagBag from /opt/airflow/dags/youtube_pipeline.py
[2026-09-08T01:32:59.533+0000] {processor.py:840} INFO - DAG(s) 'youtube_english_video_pipeline' retrieved from /opt/airflow/dags/youtube_pipeline.py
[2026-09-08T01:32:59.579+0000] {logging_mixin.py:188} INFO - [2026-09-08T01:32:59.579+0000] {dag.py:3089} INFO - Sync 1 DAGs
[2026-09-08T01:32:59.601+0000] {logging_mixin.py:188} INFO - [2026-09-08T01:32:59.601+0000] {dag.py:3947} INFO - Setting next_dagrun for youtube_english_video_pipeline to 2026-09-07 12:00:00+00:00, run_after=2026-09-08 12:00:00+00:00
[2026-09-08T01:32:59.621+0000] {processor.py:183} INFO - Processing /opt/airflow/dags/youtube_pipeline.py took 0.132 seconds
[2026-09-08T01:33:29.742+0000] {processor.py:161} INFO - Started process (PID=47641) to work on /opt/airflow/dags/youtube_pipeline.py
[2026-09-08T01:33:29.743+0000] {processor.py:830} INFO - Processing file /opt/airflow/dags/youtube_pipeline.py for tasks to queue
[2026-09-08T01:33:29.746+0000] {logging_mixin.py:188} INFO - [2026-09-08T01:33:29.745+0000] {dagbag.py:545} INFO - Filling up the DagBag from /opt/airflow/dags/youtube_pipeline.py
[2026-09-08T01:33:29.797+0000] {processor.py:840} INFO - DAG(s) 'youtube_english_video_pipeline' retrieved from /opt/airflow/dags/youtube_pipeline.py
[2026-09-08T01:33:29.845+0000] {logging_mixin.py:188} INFO - [2026-09-08T01:33:29.844+0000] {dag.py:3089} INFO - Sync 1 DAGs
[2026-09-08T01:33:29.869+0000] {logging_mixin.py:188} INFO - [2026-09-08T01:33:29.869+0000] {dag.py:3947} INFO - Setting next_dagrun for youtube_english_video_pipeline to 2026-09-07 12:00:00+00:00, run_after=2026-09-08 12:00:00+00:00
[2026-09-08T01:33:29.901+0000] {processor.py:183} INFO - Processing /opt/airflow/dags/youtube_pipeline.py took 0.166 seconds
[2026-09-08T01:34:00.124+0000] {processor.py:161} INFO - Started process (PID=47646) to work on /opt/airflow/dags/youtube_pipeline.py
[2026-09-08T01:34:00.125+0000] {processor.py:830} INFO - Processing file /opt/airflow/dags/youtube_pipeline.py for tasks to queue
[2026-09-08T01:34:00.127+0000] {logging_mixin.py:188} INFO - [2026-09-08T01:34:00.127+0000] {dagbag.py:545} INFO - Filling up the DagBag from /opt/airflow/dags/youtube_pipeline.py
[2026-09-08T01:34:00.169+0000] {processor.py:840} INFO - DAG(s) 'youtube_english_video_pipeline' retrieved from /opt/airflow/dags/youtube_pipeline.py
[2026-09-08T01:34:00.214+0000] {logging_mixin.py:188} INFO - [2026-09-08T01:34:00.214+0000] {dag.py:3089} INFO - Sync 1 DAGs
[2026-09-08T01:34:00.238+0000] {logging_mixin.py:188} INFO - [2026-09-08T01:34:00.238+0000] {dag.py:3947} INFO - Setting next_dagrun for youtube_english_video_pipeline to 2026-09-07 12:00:00+00:00, run_after=2026-09-08 12:00:00+00:00
[2026-09-08T01:34:00.261+0000] {processor.py:183} INFO - Processing /opt/airflow/dags/youtube_pipeline.py took 0.146 seconds
[2026-09-08T01:34:30.369+0000] {processor.py:161} INFO - Started process (PID=47651) to work on /opt/airflow/dags/youtube_pipeline.py
[2026-09-08T01:34:30.370+0000] {processor.py:830} INFO - Processing file /opt/airflow/dags/youtube_pipeline.py for tasks to queue
[2026-09-08T01:34:30.372+0000] {logging_mixin.py:188} INFO - [2026-09-08T01:34:30.372+0000] {dagbag.py:545} INFO - Filling up the DagBag from /opt/airflow/dags/youtube_pipeline.py
[2026-09-08T01:34:30.407+0000] {processor.py:840} INFO - DAG(s) 'youtube_english_video_pipeline' retrieved from /opt/airflow/dags/youtube_pipeline.py
[2026-09-08T01:34:30.456+0000] {logging_mixin.py:188} INFO - [2026-09-08T01:34:30.456+0000] {dag.py:3089} INFO - Sync 1 DAGs
[2026-09-08T01:34:30.478+0000] {logging_mixin.py:188} INFO - [2026-09-08T01:34:30.478+0000] {dag.py:3947} INFO - Setting next_dagrun for youtube_english_video_pipeline to 2026-09-07 12:00:00+00:00, run_after=2026-09-08 12:00:00+00:00
[2026-09-08T01:34:30.500+0000] {processor.py:183} INFO - Processing /opt/airflow/dags/youtube_pipeline.py took 0.139 seconds
[2026-09-08T01:35:00.566+0000] {processor.py:161} INFO - Started process (PID=47656) to work on /opt/airflow/dags/youtube_pipeline.py
[2026-09-08T01:35:00.567+0000] {processor.py:830} INFO - Processing file /opt/airflow/dags/youtube_pipeline.py for tasks to queue
[2026-09-08T01:35:00.569+0000] {logging_mixin.py:188} INFO - [2026-09-08T01:35:00.569+0000] {dagbag.py:545} INFO - Filling up the DagBag from /opt/airflow/dags/youtube_pipeline.py
[2026-09-08T01:35:00.614+0000] {processor.py:840} INFO - DAG(s) 'youtube_english_video_pipeline' retrieved from /opt/airflow/dags/youtube_pipeline.py
[2026-09-08T01:35:00.671+0000] {logging_mixin.py:188} INFO - [2026-09-08T01:35:00.671+0000] {dag.py:3089} INFO - Sync 1 DAGs
[2026-09-08T01:35:00.694+0000] {logging_mixin.py:188} INFO - [2026-09-08T01:35:00.693+0000] {dag.py:3947} INFO - Setting next_dagrun for youtube_english_video_pipeline to 2026-09-07 12:00:00+00:00, run_after=2026-09-08 12:00:00+00:00
[2026-09-08T01:35:00.713+0000] {processor.py:183} INFO - Processing /opt/airflow/dags/youtube_pipeline.py took 0.154 seconds
[2026-09-08T01:35:30.955+0000] {processor.py:161} INFO - Started process (PID=47661) to work on /opt/airflow/dags/youtube_pipeline.py
[2026-09-08T01:35:30.956+0000] {processor.py:830} INFO - Processing file /opt/airflow/dags/youtube_pipeline.py for tasks to queue
[2026-09-08T01:35:30.958+0000] {logging_mixin.py:188} INFO - [2026-09-08T01:35:30.958+0000] {dagbag.py:545} INFO - Filling up the DagBag from /opt/airflow/dags/youtube_pipeline.py
[2026-09-08T01:35:30.995+0000] {processor.py:840} INFO - DAG(s) 'youtube_english_video_pipeline' retrieved from /opt/airflow/dags/youtube_pipeline.py
[2026-09-08T01:35:31.045+0000] {logging_mixin.py:188} INFO - [2026-09-08T01:35:31.045+0000] {dag.py:3089} INFO - Sync 1 DAGs
[2026-09-08T01:35:31.067+0000] {logging_mixin.py:188} INFO - [2026-09-08T01:35:31.067+0000] {dag.py:3947} INFO - Setting next_dagrun for youtube_english_video_pipeline to 2026-09-07 12:00:00+00:00, run_after=2026-09-08 12:00:00+00:00
[2026-09-08T01:35:31.086+0000] {processor.py:183} INFO - Processing /opt/airflow/dags/youtube_pipeline.py took 0.139 seconds
[2026-09-08T01:36:01.205+0000] {processor.py:161} INFO - Started process (PID=47666) to work on /opt/airflow/dags/youtube_pipeline.py
[2026-09-08T01:36:01.207+0000] {processor.py:830} INFO - Processing file /opt/airflow/dags/youtube_pipeline.py for tasks to queue
[2026-09-08T01:36:01.209+0000] {logging_mixin.py:188} INFO - [2026-09-08T01:36:01.208+0000] {dagbag.py:545} INFO - Filling up the DagBag from /opt/airflow/dags/youtube_pipeline.py
[2026-09-08T01:36:01.250+0000] {processor.py:840} INFO - DAG(s) 'youtube_english_video_pipeline' retrieved from /opt/airflow/dags/youtube_pipeline.py
[2026-09-08T01:36:01.304+0000] {logging_mixin.py:188} INFO - [2026-09-08T01:36:01.304+0000] {dag.py:3089} INFO - Sync 1 DAGs
[2026-09-08T01:36:01.324+0000] {logging_mixin.py:188} INFO - [2026-09-08T01:36:01.324+0000] {dag.py:3947} INFO - Setting next_dagrun for youtube_english_video_pipeline to 2026-09-07 12:00:00+00:00, run_after=2026-09-08 12:00:00+00:00
[2026-09-08T01:36:01.344+0000] {processor.py:183} INFO - Processing /opt/airflow/dags/youtube_pipeline.py took 0.147 seconds
[2026-09-08T01:36:31.596+0000] {processor.py:161} INFO - Started process (PID=47671) to work on /opt/airflow/dags/youtube_pipeline.py
[2026-09-08T01:36:31.597+0000] {processor.py:830} INFO - Processing file /opt/airflow/dags/youtube_pipeline.py for tasks to queue
[2026-09-08T01:36:31.600+0000] {logging_mixin.py:188} INFO - [2026-09-08T01:36:31.599+0000] {dagbag.py:545} INFO - Filling up the DagBag from /opt/airflow/dags/youtube_pipeline.py
[2026-09-08T01:36:31.642+0000] {processor.py:840} INFO - DAG(s) 'youtube_english_video_pipeline' retrieved from /opt/airflow/dags/youtube_pipeline.py
[2026-09-08T01:36:31.691+0000] {logging_mixin.py:188} INFO - [2026-09-08T01:36:31.690+0000] {dag.py:3089} INFO - Sync 1 DAGs
[2026-09-08T01:36:31.722+0000] {logging_mixin.py:188} INFO - [2026-09-08T01:36:31.721+0000] {dag.py:3947} INFO - Setting next_dagrun for youtube_english_video_pipeline to 2026-09-07 12:00:00+00:00, run_after=2026-09-08 12:00:00+00:00
[2026-09-08T01:36:31.745+0000] {processor.py:183} INFO - Processing /opt/airflow/dags/youtube_pipeline.py took 0.157 seconds
[2026-09-08T01:37:01.836+0000] {processor.py:161} INFO - Started process (PID=47676) to work on /opt/airflow/dags/youtube_pipeline.py
[2026-09-08T01:37:01.837+0000] {processor.py:830} INFO - Processing file /opt/airflow/dags/youtube_pipeline.py for tasks to queue
[2026-09-08T01:37:01.840+0000] {logging_mixin.py:188} INFO - [2026-09-08T01:37:01.840+0000] {dagbag.py:545} INFO - Filling up the DagBag from /opt/airflow/dags/youtube_pipeline.py
[2026-09-08T01:37:01.881+0000] {processor.py:840} INFO - DAG(s) 'youtube_english_video_pipeline' retrieved from /opt/airflow/dags/youtube_pipeline.py
[2026-09-08T01:37:01.932+0000] {logging_mixin.py:188} INFO - [2026-09-08T01:37:01.932+0000] {dag.py:3089} INFO - Sync 1 DAGs
[2026-09-08T01:37:01.959+0000] {logging_mixin.py:188} INFO - [2026-09-08T01:37:01.959+0000] {dag.py:3947} INFO - Setting next_dagrun for youtube_english_video_pipeline to 2026-09-07 12:00:00+00:00, run_after=2026-09-08 12:00:00+00:00
[2026-09-08T01:37:01.987+0000] {processor.py:183} INFO - Processing /opt/airflow/dags/youtube_pipeline.py took 0.161 seconds
[2026-09-08T01:37:32.241+0000] {processor.py:161} INFO - Started process (PID=47681) to work on /opt/airflow/dags/youtube_pipeline.py
[2026-09-08T01:37:32.242+0000] {processor.py:830} INFO - Processing file /opt/airflow/dags/youtube_pipeline.py for tasks to queue
[2026-09-08T01:37:32.245+0000] {logging_mixin.py:188} INFO - [2026-09-08T01:37:32.245+0000] {dagbag.py:545} INFO - Filling up the DagBag from /opt/airflow/dags/youtube_pipeline.py
[2026-09-08T01:37:32.287+0000] {processor.py:840} INFO - DAG(s) 'youtube_english_video_pipeline' retrieved from /opt/airflow/dags/youtube_pipeline.py
[2026-09-08T01:37:32.334+0000] {logging_mixin.py:188} INFO - [2026-09-08T01:37:32.334+0000] {dag.py:3089} INFO - Sync 1 DAGs
[2026-09-08T01:37:32.357+0000] {logging_mixin.py:188} INFO - [2026-09-08T01:37:32.357+0000] {dag.py:3947} INFO - Setting next_dagrun for youtube_english_video_pipeline to 2026-09-07 12:00:00+00:00, run_after=2026-09-08 12:00:00+00:00
[2026-09-08T01:37:32.379+0000] {processor.py:183} INFO - Processing /opt/airflow/dags/youtube_pipeline.py took 0.145 seconds
[2026-09-08T01:38:02.499+0000] {processor.py:161} INFO - Started process (PID=47686) to work on /opt/airflow/dags/youtube_pipeline.py
[2026-09-08T01:38:02.501+0000] {processor.py:830} INFO - Processing file /opt/airflow/dags/youtube_pipeline.py for tasks to queue
[2026-09-08T01:38:02.503+0000] {logging_mixin.py:188} INFO - [2026-09-08T01:38:02.502+0000] {dagbag.py:545} INFO - Filling up the DagBag from /opt/airflow/dags/youtube_pipeline.py
[2026-09-08T01:38:02.543+0000] {processor.py:840} INFO - DAG(s) 'youtube_english_video_pipeline' retrieved from /opt/airflow/dags/youtube_pipeline.py
[2026-09-08T01:38:02.597+0000] {logging_mixin.py:188} INFO - [2026-09-08T01:38:02.597+0000] {dag.py:3089} INFO - Sync 1 DAGs
[2026-09-08T01:38:02.618+0000] {logging_mixin.py:188} INFO - [2026-09-08T01:38:02.618+0000] {dag.py:3947} INFO - Setting next_dagrun for youtube_english_video_pipeline to 2026-09-07 12:00:00+00:00, run_after=2026-09-08 12:00:00+00:00
[2026-09-08T01:38:02.651+0000] {processor.py:183} INFO - Processing /opt/airflow/dags/youtube_pipeline.py took 0.158 seconds
[2026-09-08T01:38:32.860+0000] {processor.py:161} INFO - Started process (PID=47691) to work on /opt/airflow/dags/youtube_pipeline.py
[2026-09-08T01:38:32.862+0000] {processor.py:830} INFO - Processing file /opt/airflow/dags/youtube_pipeline.py for tasks to queue
[2026-09-08T01:38:32.864+0000] {logging_mixin.py:188} INFO - [2026-09-08T01:38:32.864+0000] {dagbag.py:545} INFO - Filling up the DagBag from /opt/airflow/dags/youtube_pipeline.py
[2026-09-08T01:38:32.907+0000] {processor.py:840} INFO - DAG(s) 'youtube_english_video_pipeline' retrieved from /opt/airflow/dags/youtube_pipeline.py
[2026-09-08T01:38:32.949+0000] {logging_mixin.py:188} INFO - [2026-09-08T01:38:32.949+0000] {dag.py:3089} INFO - Sync 1 DAGs
[2026-09-08T01:38:32.968+0000] {logging_mixin.py:188} INFO - [2026-09-08T01:38:32.968+0000] {dag.py:3947} INFO - Setting next_dagrun for youtube_english_video_pipeline to 2026-09-07 12:00:00+00:00, run_after=2026-09-08 12:00:00+00:00
[2026-09-08T01:38:32.986+0000] {processor.py:183} INFO - Processing /opt/airflow/dags/youtube_pipeline.py took 0.133 seconds
[2026-09-08T01:39:03.122+0000] {processor.py:161} INFO - Started process (PID=47696) to work on /opt/airflow/dags/youtube_pipeline.py
[2026-09-08T01:39:03.123+0000] {processor.py:830} INFO - Processing file /opt/airflow/dags/youtube_pipeline.py for tasks to queue
[2026-09-08T01:39:03.125+0000] {logging_mixin.py:188} INFO - [2026-09-08T01:39:03.125+0000] {dagbag.py:545} INFO - Filling up the DagBag from /opt/airflow/dags/youtube_pipeline.py
[2026-09-08T01:39:03.154+0000] {processor.py:840} INFO - DAG(s) 'youtube_english_video_pipeline' retrieved from /opt/airflow/dags/youtube_pipeline.py
[2026-09-08T01:39:03.210+0000] {logging_mixin.py:188} INFO - [2026-09-08T01:39:03.209+0000] {dag.py:3089} INFO - Sync 1 DAGs
[2026-09-08T01:39:03.231+0000] {logging_mixin.py:188} INFO - [2026-09-08T01:39:03.231+0000] {dag.py:3947} INFO - Setting next_dagrun for youtube_english_video_pipeline to 2026-09-07 12:00:00+00:00, run_after=2026-09-08 12:00:00+00:00
[2026-09-08T01:39:03.265+0000] {processor.py:183} INFO - Processing /opt/airflow/dags/youtube_pipeline.py took 0.150 seconds
[2026-09-08T01:39:33.433+0000] {processor.py:161} INFO - Started process (PID=47701) to work on /opt/airflow/dags/youtube_pipeline.py
[2026-09-08T01:39:33.435+0000] {processor.py:830} INFO - Processing file /opt/airflow/dags/youtube_pipeline.py for tasks to queue
[2026-09-08T01:39:33.437+0000] {logging_mixin.py:188} INFO - [2026-09-08T01:39:33.437+0000] {dagbag.py:545} INFO - Filling up the DagBag from /opt/airflow/dags/youtube_pipeline.py
[2026-09-08T01:39:33.478+0000] {processor.py:840} INFO - DAG(s) 'youtube_english_video_pipeline' retrieved from /opt/airflow/dags/youtube_pipeline.py
[2026-09-08T01:39:33.524+0000] {logging_mixin.py:188} INFO - [2026-09-08T01:39:33.524+0000] {dag.py:3089} INFO - Sync 1 DAGs
[2026-09-08T01:39:33.549+0000] {logging_mixin.py:188} INFO - [2026-09-08T01:39:33.548+0000] {dag.py:3947} INFO - Setting next_dagrun for youtube_english_video_pipeline to 2026-09-07 12:00:00+00:00, run_after=2026-09-08 12:00:00+00:00
[2026-09-08T01:39:33.568+0000] {processor.py:183} INFO - Processing /opt/airflow/dags/youtube_pipeline.py took 0.144 seconds
[2026-09-08T01:40:03.757+0000] {processor.py:161} INFO - Started process (PID=47706) to work on /opt/airflow/dags/youtube_pipeline.py
[2026-09-08T01:40:03.759+0000] {processor.py:830} INFO - Processing file /opt/airflow/dags/youtube_pipeline.py for tasks to queue
[2026-09-08T01:40:03.762+0000] {logging_mixin.py:188} INFO - [2026-09-08T01:40:03.761+0000] {dagbag.py:545} INFO - Filling up the DagBag from /opt/airflow/dags/youtube_pipeline.py
[2026-09-08T01:40:03.804+0000] {processor.py:840} INFO - DAG(s) 'youtube_english_video_pipeline' retrieved from /opt/airflow/dags/youtube_pipeline.py
[2026-09-08T01:40:03.847+0000] {logging_mixin.py:188} INFO - [2026-09-08T01:40:03.847+0000] {dag.py:3089} INFO - Sync 1 DAGs
[2026-09-08T01:40:03.867+0000] {logging_mixin.py:188} INFO - [2026-09-08T01:40:03.867+0000] {dag.py:3947} INFO - Setting next_dagrun for youtube_english_video_pipeline to 2026-09-07 12:00:00+00:00, run_after=2026-09-08 12:00:00+00:00
[2026-09-08T01:40:03.891+0000] {processor.py:183} INFO - Processing /opt/airflow/dags/youtube_pipeline.py took 0.142 seconds
[2026-09-08T01:40:34.065+0000] {processor.py:161} INFO - Started process (PID=47711) to work on /opt/airflow/dags/youtube_pipeline.py
[2026-09-08T01:40:34.066+0000] {processor.py:830} INFO - Processing file /opt/airflow/dags/youtube_pipeline.py for tasks to queue
[2026-09-08T01:40:34.069+0000] {logging_mixin.py:188} INFO - [2026-09-08T01:40:34.068+0000] {dagbag.py:545} INFO - Filling up the DagBag from /opt/airflow/dags/youtube_pipeline.py
[2026-09-08T01:40:34.114+0000] {processor.py:840} INFO - DAG(s) 'youtube_english_video_pipeline' retrieved from /opt/airflow/dags/youtube_pipeline.py
[2026-09-08T01:40:34.168+0000] {logging_mixin.py:188} INFO - [2026-09-08T01:40:34.167+0000] {dag.py:3089} INFO - Sync 1 DAGs
[2026-09-08T01:40:34.197+0000] {logging_mixin.py:188} INFO - [2026-09-08T01:40:34.196+0000] {dag.py:3947} INFO - Setting next_dagrun for youtube_english_video_pipeline to 2026-09-07 12:00:00+00:00, run_after=2026-09-08 12:00:00+00:00
[2026-09-08T01:40:34.234+0000] {processor.py:183} INFO - Processing /opt/airflow/dags/youtube_pipeline.py took 0.177 seconds
[2026-09-08T01:41:04.384+0000] {processor.py:161} INFO - Started process (PID=47716) to work on /opt/airflow/dags/youtube_pipeline.py
[2026-09-08T01:41:04.386+0000] {processor.py:830} INFO - Processing file /opt/airflow/dags/youtube_pipeline.py for tasks to queue
[2026-09-08T01:41:04.388+0000] {logging_mixin.py:188} INFO - [2026-09-08T01:41:04.388+0000] {dagbag.py:545} INFO - Filling up the DagBag from /opt/airflow/dags/youtube_pipeline.py
[2026-09-08T01:41:04.436+0000] {processor.py:840} INFO - DAG(s) 'youtube_english_video_pipeline' retrieved from /opt/airflow/dags/youtube_pipeline.py
[2026-09-08T01:41:04.479+0000] {logging_mixin.py:188} INFO - [2026-09-08T01:41:04.479+0000] {dag.py:3089} INFO - Sync 1 DAGs
[2026-09-08T01:41:04.510+0000] {logging_mixin.py:188} INFO - [2026-09-08T01:41:04.510+0000] {dag.py:3947} INFO - Setting next_dagrun for youtube_english_video_pipeline to 2026-09-07 12:00:00+00:00, run_after=2026-09-08 12:00:00+00:00
[2026-09-08T01:41:04.530+0000] {processor.py:183} INFO - Processing /opt/airflow/dags/youtube_pipeline.py took 0.153 seconds
[2026-09-08T01:41:34.743+0000] {processor.py:161} INFO - Started process (PID=47721) to work on /opt/airflow/dags/youtube_pipeline.py
[2026-09-08T01:41:34.745+0000] {processor.py:830} INFO - Processing file /opt/airflow/dags/youtube_pipeline.py for tasks to queue
[2026-09-08T01:41:34.747+0000] {logging_mixin.py:188} INFO - [2026-09-08T01:41:34.746+0000] {dagbag.py:545} INFO - Filling up the DagBag from /opt/airflow/dags/youtube_pipeline.py
[2026-09-08T01:41:34.792+0000] {processor.py:840} INFO - DAG(s) 'youtube_english_video_pipeline' retrieved from /opt/airflow/dags/youtube_pipeline.py
[2026-09-08T01:41:34.833+0000] {logging_mixin.py:188} INFO - [2026-09-08T01:41:34.833+0000] {dag.py:3089} INFO - Sync 1 DAGs
[2026-09-08T01:41:34.853+0000] {logging_mixin.py:188} INFO - [2026-09-08T01:41:34.853+0000] {dag.py:3947} INFO - Setting next_dagrun for youtube_english_video_pipeline to 2026-09-07 12:00:00+00:00, run_after=2026-09-08 12:00:00+00:00
[2026-09-08T01:41:34.873+0000] {processor.py:183} INFO - Processing /opt/airflow/dags/youtube_pipeline.py took 0.137 seconds
[2026-09-08T01:42:05.216+0000] {processor.py:161} INFO - Started process (PID=47726) to work on /opt/airflow/dags/youtube_pipeline.py
[2026-09-08T01:42:05.219+0000] {processor.py:830} INFO - Processing file /opt/airflow/dags/youtube_pipeline.py for tasks to queue
[2026-09-08T01:42:05.223+0000] {logging_mixin.py:188} INFO - [2026-09-08T01:42:05.223+0000] {dagbag.py:545} INFO - Filling up the DagBag from /opt/airflow/dags/youtube_pipeline.py
[2026-09-08T01:42:05.299+0000] {processor.py:840} INFO - DAG(s) 'youtube_english_video_pipeline' retrieved from /opt/airflow/dags/youtube_pipeline.py
[2026-09-08T01:42:05.349+0000] {logging_mixin.py:188} INFO - [2026-09-08T01:42:05.349+0000] {dag.py:3089} INFO - Sync 1 DAGs
[2026-09-08T01:42:05.371+0000] {logging_mixin.py:188} INFO - [2026-09-08T01:42:05.371+0000] {dag.py:3947} INFO - Setting next_dagrun for youtube_english_video_pipeline to 2026-09-07 12:00:00+00:00, run_after=2026-09-08 12:00:00+00:00
[2026-09-08T01:42:05.408+0000] {processor.py:183} INFO - Processing /opt/airflow/dags/youtube_pipeline.py took 0.206 seconds
[2026-09-08T01:42:35.718+0000] {processor.py:161} INFO - Started process (PID=47731) to work on /opt/airflow/dags/youtube_pipeline.py
[2026-09-08T01:42:35.721+0000] {processor.py:830} INFO - Processing file /opt/airflow/dags/youtube_pipeline.py for tasks to queue
[2026-09-08T01:42:35.725+0000] {logging_mixin.py:188} INFO - [2026-09-08T01:42:35.724+0000] {dagbag.py:545} INFO - Filling up the DagBag from /opt/airflow/dags/youtube_pipeline.py
[2026-09-08T01:42:35.789+0000] {processor.py:840} INFO - DAG(s) 'youtube_english_video_pipeline' retrieved from /opt/airflow/dags/youtube_pipeline.py
[2026-09-08T01:42:35.854+0000] {logging_mixin.py:188} INFO - [2026-09-08T01:42:35.854+0000] {dag.py:3089} INFO - Sync 1 DAGs
[2026-09-08T01:42:35.889+0000] {logging_mixin.py:188} INFO - [2026-09-08T01:42:35.889+0000] {dag.py:3947} INFO - Setting next_dagrun for youtube_english_video_pipeline to 2026-09-07 12:00:00+00:00, run_after=2026-09-08 12:00:00+00:00
[2026-09-08T01:42:35.929+0000] {processor.py:183} INFO - Processing /opt/airflow/dags/youtube_pipeline.py took 0.224 seconds
[2026-09-08T01:43:06.273+0000] {processor.py:161} INFO - Started process (PID=47736) to work on /opt/airflow/dags/youtube_pipeline.py
[2026-09-08T01:43:06.276+0000] {processor.py:830} INFO - Processing file /opt/airflow/dags/youtube_pipeline.py for tasks to queue
[2026-09-08T01:43:06.280+0000] {logging_mixin.py:188} INFO - [2026-09-08T01:43:06.280+0000] {dagbag.py:545} INFO - Filling up the DagBag from /opt/airflow/dags/youtube_pipeline.py
[2026-09-08T01:43:06.350+0000] {processor.py:840} INFO - DAG(s) 'youtube_english_video_pipeline' retrieved from /opt/airflow/dags/youtube_pipeline.py
[2026-09-08T01:43:06.419+0000] {logging_mixin.py:188} INFO - [2026-09-08T01:43:06.419+0000] {dag.py:3089} INFO - Sync 1 DAGs
[2026-09-08T01:43:06.447+0000] {logging_mixin.py:188} INFO - [2026-09-08T01:43:06.447+0000] {dag.py:3947} INFO - Setting next_dagrun for youtube_english_video_pipeline to 2026-09-07 12:00:00+00:00, run_after=2026-09-08 12:00:00+00:00
[2026-09-08T01:43:06.477+0000] {processor.py:183} INFO - Processing /opt/airflow/dags/youtube_pipeline.py took 0.220 seconds
[2026-09-08T01:43:36.798+0000] {processor.py:161} INFO - Started process (PID=47741) to work on /opt/airflow/dags/youtube_pipeline.py
[2026-09-08T01:43:36.801+0000] {processor.py:830} INFO - Processing file /opt/airflow/dags/youtube_pipeline.py for tasks to queue
[2026-09-08T01:43:36.806+0000] {logging_mixin.py:188} INFO - [2026-09-08T01:43:36.805+0000] {dagbag.py:545} INFO - Filling up the DagBag from /opt/airflow/dags/youtube_pipeline.py
[2026-09-08T01:43:36.867+0000] {processor.py:840} INFO - DAG(s) 'youtube_english_video_pipeline' retrieved from /opt/airflow/dags/youtube_pipeline.py
[2026-09-08T01:43:36.938+0000] {logging_mixin.py:188} INFO - [2026-09-08T01:43:36.938+0000] {dag.py:3089} INFO - Sync 1 DAGs
[2026-09-08T01:43:36.964+0000] {logging_mixin.py:188} INFO - [2026-09-08T01:43:36.964+0000] {dag.py:3947} INFO - Setting next_dagrun for youtube_english_video_pipeline to 2026-09-07 12:00:00+00:00, run_after=2026-09-08 12:00:00+00:00
[2026-09-08T01:43:37.000+0000] {processor.py:183} INFO - Processing /opt/airflow/dags/youtube_pipeline.py took 0.217 seconds
[2026-09-08T01:44:07.308+0000] {processor.py:161} INFO - Started process (PID=47746) to work on /opt/airflow/dags/youtube_pipeline.py
[2026-09-08T01:44:07.309+0000] {processor.py:830} INFO - Processing file /opt/airflow/dags/youtube_pipeline.py for tasks to queue
[2026-09-08T01:44:07.312+0000] {logging_mixin.py:188} INFO - [2026-09-08T01:44:07.312+0000] {dagbag.py:545} INFO - Filling up the DagBag from /opt/airflow/dags/youtube_pipeline.py
[2026-09-08T01:44:07.368+0000] {processor.py:840} INFO - DAG(s) 'youtube_english_video_pipeline' retrieved from /opt/airflow/dags/youtube_pipeline.py
[2026-09-08T01:44:07.421+0000] {logging_mixin.py:188} INFO - [2026-09-08T01:44:07.420+0000] {dag.py:3089} INFO - Sync 1 DAGs
[2026-09-08T01:44:07.446+0000] {logging_mixin.py:188} INFO - [2026-09-08T01:44:07.446+0000] {dag.py:3947} INFO - Setting next_dagrun for youtube_english_video_pipeline to 2026-09-07 12:00:00+00:00, run_after=2026-09-08 12:00:00+00:00
[2026-09-08T01:44:07.480+0000] {processor.py:183} INFO - Processing /opt/airflow/dags/youtube_pipeline.py took 0.181 seconds
[2026-09-08T01:44:37.582+0000] {processor.py:161} INFO - Started process (PID=47751) to work on /opt/airflow/dags/youtube_pipeline.py
[2026-09-08T01:44:37.584+0000] {processor.py:830} INFO - Processing file /opt/airflow/dags/youtube_pipeline.py for tasks to queue
[2026-09-08T01:44:37.587+0000] {logging_mixin.py:188} INFO - [2026-09-08T01:44:37.587+0000] {dagbag.py:545} INFO - Filling up the DagBag from /opt/airflow/dags/youtube_pipeline.py
[2026-09-08T01:44:37.652+0000] {processor.py:840} INFO - DAG(s) 'youtube_english_video_pipeline' retrieved from /opt/airflow/dags/youtube_pipeline.py
[2026-09-08T01:44:37.709+0000] {logging_mixin.py:188} INFO - [2026-09-08T01:44:37.709+0000] {dag.py:3089} INFO - Sync 1 DAGs
[2026-09-08T01:44:37.737+0000] {logging_mixin.py:188} INFO - [2026-09-08T01:44:37.737+0000] {dag.py:3947} INFO - Setting next_dagrun for youtube_english_video_pipeline to 2026-09-07 12:00:00+00:00, run_after=2026-09-08 12:00:00+00:00
[2026-09-08T01:44:37.765+0000] {processor.py:183} INFO - Processing /opt/airflow/dags/youtube_pipeline.py took 0.194 seconds
[2026-09-08T01:45:08.046+0000] {processor.py:161} INFO - Started process (PID=47756) to work on /opt/airflow/dags/youtube_pipeline.py
[2026-09-08T01:45:08.048+0000] {processor.py:830} INFO - Processing file /opt/airflow/dags/youtube_pipeline.py for tasks to queue
[2026-09-08T01:45:08.052+0000] {logging_mixin.py:188} INFO - [2026-09-08T01:45:08.051+0000] {dagbag.py:545} INFO - Filling up the DagBag from /opt/airflow/dags/youtube_pipeline.py
[2026-09-08T01:45:08.113+0000] {processor.py:840} INFO - DAG(s) 'youtube_english_video_pipeline' retrieved from /opt/airflow/dags/youtube_pipeline.py
[2026-09-08T01:45:08.166+0000] {logging_mixin.py:188} INFO - [2026-09-08T01:45:08.166+0000] {dag.py:3089} INFO - Sync 1 DAGs
[2026-09-08T01:45:08.192+0000] {logging_mixin.py:188} INFO - [2026-09-08T01:45:08.192+0000] {dag.py:3947} INFO - Setting next_dagrun for youtube_english_video_pipeline to 2026-09-07 12:00:00+00:00, run_after=2026-09-08 12:00:00+00:00
[2026-09-08T01:45:08.229+0000] {processor.py:183} INFO - Processing /opt/airflow/dags/youtube_pipeline.py took 0.194 seconds
[2026-09-08T01:45:38.329+0000] {processor.py:161} INFO - Started process (PID=47761) to work on /opt/airflow/dags/youtube_pipeline.py
[2026-09-08T01:45:38.332+0000] {processor.py:830} INFO - Processing file /opt/airflow/dags/youtube_pipeline.py for tasks to queue
[2026-09-08T01:45:38.335+0000] {logging_mixin.py:188} INFO - [2026-09-08T01:45:38.334+0000] {dagbag.py:545} INFO - Filling up the DagBag from /opt/airflow/dags/youtube_pipeline.py
[2026-09-08T01:45:38.392+0000] {processor.py:840} INFO - DAG(s) 'youtube_english_video_pipeline' retrieved from /opt/airflow/dags/youtube_pipeline.py
[2026-09-08T01:45:38.450+0000] {logging_mixin.py:188} INFO - [2026-09-08T01:45:38.449+0000] {dag.py:3089} INFO - Sync 1 DAGs
[2026-09-08T01:45:38.482+0000] {logging_mixin.py:188} INFO - [2026-09-08T01:45:38.482+0000] {dag.py:3947} INFO - Setting next_dagrun for youtube_english_video_pipeline to 2026-09-07 12:00:00+00:00, run_after=2026-09-08 12:00:00+00:00
[2026-09-08T01:45:38.520+0000] {processor.py:183} INFO - Processing /opt/airflow/dags/youtube_pipeline.py took 0.201 seconds
[2026-09-08T01:46:08.769+0000] {processor.py:161} INFO - Started process (PID=47766) to work on /opt/airflow/dags/youtube_pipeline.py
[2026-09-08T01:46:08.771+0000] {processor.py:830} INFO - Processing file /opt/airflow/dags/youtube_pipeline.py for tasks to queue
[2026-09-08T01:46:08.774+0000] {logging_mixin.py:188} INFO - [2026-09-08T01:46:08.774+0000] {dagbag.py:545} INFO - Filling up the DagBag from /opt/airflow/dags/youtube_pipeline.py
[2026-09-08T01:46:08.834+0000] {processor.py:840} INFO - DAG(s) 'youtube_english_video_pipeline' retrieved from /opt/airflow/dags/youtube_pipeline.py
[2026-09-08T01:46:08.901+0000] {logging_mixin.py:188} INFO - [2026-09-08T01:46:08.901+0000] {dag.py:3089} INFO - Sync 1 DAGs
[2026-09-08T01:46:08.932+0000] {logging_mixin.py:188} INFO - [2026-09-08T01:46:08.932+0000] {dag.py:3947} INFO - Setting next_dagrun for youtube_english_video_pipeline to 2026-09-07 12:00:00+00:00, run_after=2026-09-08 12:00:00+00:00
[2026-09-08T01:46:08.975+0000] {processor.py:183} INFO - Processing /opt/airflow/dags/youtube_pipeline.py took 0.216 seconds
[2026-09-08T01:46:39.149+0000] {processor.py:161} INFO - Started process (PID=47771) to work on /opt/airflow/dags/youtube_pipeline.py
[2026-09-08T01:46:39.150+0000] {processor.py:830} INFO - Processing file /opt/airflow/dags/youtube_pipeline.py for tasks to queue
[2026-09-08T01:46:39.153+0000] {logging_mixin.py:188} INFO - [2026-09-08T01:46:39.153+0000] {dagbag.py:545} INFO - Filling up the DagBag from /opt/airflow/dags/youtube_pipeline.py
[2026-09-08T01:46:39.213+0000] {processor.py:840} INFO - DAG(s) 'youtube_english_video_pipeline' retrieved from /opt/airflow/dags/youtube_pipeline.py
[2026-09-08T01:46:39.268+0000] {logging_mixin.py:188} INFO - [2026-09-08T01:46:39.267+0000] {dag.py:3089} INFO - Sync 1 DAGs
[2026-09-08T01:46:39.294+0000] {logging_mixin.py:188} INFO - [2026-09-08T01:46:39.294+0000] {dag.py:3947} INFO - Setting next_dagrun for youtube_english_video_pipeline to 2026-09-07 12:00:00+00:00, run_after=2026-09-08 12:00:00+00:00
[2026-09-08T01:46:39.335+0000] {processor.py:183} INFO - Processing /opt/airflow/dags/youtube_pipeline.py took 0.195 seconds
[2026-09-08T01:47:09.505+0000] {processor.py:161} INFO - Started process (PID=47776) to work on /opt/airflow/dags/youtube_pipeline.py
[2026-09-08T01:47:09.507+0000] {processor.py:830} INFO - Processing file /opt/airflow/dags/youtube_pipeline.py for tasks to queue
[2026-09-08T01:47:09.510+0000] {logging_mixin.py:188} INFO - [2026-09-08T01:47:09.510+0000] {dagbag.py:545} INFO - Filling up the DagBag from /opt/airflow/dags/youtube_pipeline.py
[2026-09-08T01:47:09.581+0000] {processor.py:840} INFO - DAG(s) 'youtube_english_video_pipeline' retrieved from /opt/airflow/dags/youtube_pipeline.py
[2026-09-08T01:47:09.632+0000] {logging_mixin.py:188} INFO - [2026-09-08T01:47:09.632+0000] {dag.py:3089} INFO - Sync 1 DAGs
[2026-09-08T01:47:09.658+0000] {logging_mixin.py:188} INFO - [2026-09-08T01:47:09.657+0000] {dag.py:3947} INFO - Setting next_dagrun for youtube_english_video_pipeline to 2026-09-07 12:00:00+00:00, run_after=2026-09-08 12:00:00+00:00
[2026-09-08T01:47:09.687+0000] {processor.py:183} INFO - Processing /opt/airflow/dags/youtube_pipeline.py took 0.194 seconds
[2026-09-08T01:47:39.910+0000] {processor.py:161} INFO - Started process (PID=47781) to work on /opt/airflow/dags/youtube_pipeline.py
[2026-09-08T01:47:39.913+0000] {processor.py:830} INFO - Processing file /opt/airflow/dags/youtube_pipeline.py for tasks to queue
[2026-09-08T01:47:39.927+0000] {logging_mixin.py:188} INFO - [2026-09-08T01:47:39.919+0000] {dagbag.py:545} INFO - Filling up the DagBag from /opt/airflow/dags/youtube_pipeline.py
[2026-09-08T01:47:40.009+0000] {processor.py:840} INFO - DAG(s) 'youtube_english_video_pipeline' retrieved from /opt/airflow/dags/youtube_pipeline.py
[2026-09-08T01:47:40.062+0000] {logging_mixin.py:188} INFO - [2026-09-08T01:47:40.061+0000] {dag.py:3089} INFO - Sync 1 DAGs
[2026-09-08T01:47:40.088+0000] {logging_mixin.py:188} INFO - [2026-09-08T01:47:40.088+0000] {dag.py:3947} INFO - Setting next_dagrun for youtube_english_video_pipeline to 2026-09-07 12:00:00+00:00, run_after=2026-09-08 12:00:00+00:00
[2026-09-08T01:47:40.128+0000] {processor.py:183} INFO - Processing /opt/airflow/dags/youtube_pipeline.py took 0.242 seconds
[2026-09-08T01:48:10.285+0000] {processor.py:161} INFO - Started process (PID=47786) to work on /opt/airflow/dags/youtube_pipeline.py
[2026-09-08T01:48:10.287+0000] {processor.py:830} INFO - Processing file /opt/airflow/dags/youtube_pipeline.py for tasks to queue
[2026-09-08T01:48:10.290+0000] {logging_mixin.py:188} INFO - [2026-09-08T01:48:10.290+0000] {dagbag.py:545} INFO - Filling up the DagBag from /opt/airflow/dags/youtube_pipeline.py
[2026-09-08T01:48:10.342+0000] {processor.py:840} INFO - DAG(s) 'youtube_english_video_pipeline' retrieved from /opt/airflow/dags/youtube_pipeline.py
[2026-09-08T01:48:10.420+0000] {logging_mixin.py:188} INFO - [2026-09-08T01:48:10.420+0000] {dag.py:3089} INFO - Sync 1 DAGs
[2026-09-08T01:48:10.448+0000] {logging_mixin.py:188} INFO - [2026-09-08T01:48:10.448+0000] {dag.py:3947} INFO - Setting next_dagrun for youtube_english_video_pipeline to 2026-09-07 12:00:00+00:00, run_after=2026-09-08 12:00:00+00:00
[2026-09-08T01:48:10.484+0000] {processor.py:183} INFO - Processing /opt/airflow/dags/youtube_pipeline.py took 0.211 seconds
[2026-09-08T01:48:40.693+0000] {processor.py:161} INFO - Started process (PID=47791) to work on /opt/airflow/dags/youtube_pipeline.py
[2026-09-08T01:48:40.694+0000] {processor.py:830} INFO - Processing file /opt/airflow/dags/youtube_pipeline.py for tasks to queue
[2026-09-08T01:48:40.698+0000] {logging_mixin.py:188} INFO - [2026-09-08T01:48:40.697+0000] {dagbag.py:545} INFO - Filling up the DagBag from /opt/airflow/dags/youtube_pipeline.py
[2026-09-08T01:48:40.760+0000] {processor.py:840} INFO - DAG(s) 'youtube_english_video_pipeline' retrieved from /opt/airflow/dags/youtube_pipeline.py
[2026-09-08T01:48:40.833+0000] {logging_mixin.py:188} INFO - [2026-09-08T01:48:40.833+0000] {dag.py:3089} INFO - Sync 1 DAGs
[2026-09-08T01:48:40.866+0000] {logging_mixin.py:188} INFO - [2026-09-08T01:48:40.866+0000] {dag.py:3947} INFO - Setting next_dagrun for youtube_english_video_pipeline to 2026-09-07 12:00:00+00:00, run_after=2026-09-08 12:00:00+00:00
[2026-09-08T01:48:40.907+0000] {processor.py:183} INFO - Processing /opt/airflow/dags/youtube_pipeline.py took 0.228 seconds
[2026-09-08T01:49:11.047+0000] {processor.py:161} INFO - Started process (PID=47796) to work on /opt/airflow/dags/youtube_pipeline.py
[2026-09-08T01:49:11.049+0000] {processor.py:830} INFO - Processing file /opt/airflow/dags/youtube_pipeline.py for tasks to queue
[2026-09-08T01:49:11.052+0000] {logging_mixin.py:188} INFO - [2026-09-08T01:49:11.051+0000] {dagbag.py:545} INFO - Filling up the DagBag from /opt/airflow/dags/youtube_pipeline.py
[2026-09-08T01:49:11.106+0000] {processor.py:840} INFO - DAG(s) 'youtube_english_video_pipeline' retrieved from /opt/airflow/dags/youtube_pipeline.py
[2026-09-08T01:49:11.167+0000] {logging_mixin.py:188} INFO - [2026-09-08T01:49:11.166+0000] {dag.py:3089} INFO - Sync 1 DAGs
[2026-09-08T01:49:11.191+0000] {logging_mixin.py:188} INFO - [2026-09-08T01:49:11.191+0000] {dag.py:3947} INFO - Setting next_dagrun for youtube_english_video_pipeline to 2026-09-07 12:00:00+00:00, run_after=2026-09-08 12:00:00+00:00
[2026-09-08T01:49:11.216+0000] {processor.py:183} INFO - Processing /opt/airflow/dags/youtube_pipeline.py took 0.177 seconds
[2026-09-08T01:49:41.463+0000] {processor.py:161} INFO - Started process (PID=47801) to work on /opt/airflow/dags/youtube_pipeline.py
[2026-09-08T01:49:41.466+0000] {processor.py:830} INFO - Processing file /opt/airflow/dags/youtube_pipeline.py for tasks to queue
[2026-09-08T01:49:41.470+0000] {logging_mixin.py:188} INFO - [2026-09-08T01:49:41.469+0000] {dagbag.py:545} INFO - Filling up the DagBag from /opt/airflow/dags/youtube_pipeline.py
[2026-09-08T01:49:41.535+0000] {processor.py:840} INFO - DAG(s) 'youtube_english_video_pipeline' retrieved from /opt/airflow/dags/youtube_pipeline.py
[2026-09-08T01:49:41.597+0000] {logging_mixin.py:188} INFO - [2026-09-08T01:49:41.597+0000] {dag.py:3089} INFO - Sync 1 DAGs
[2026-09-08T01:49:41.626+0000] {logging_mixin.py:188} INFO - [2026-09-08T01:49:41.626+0000] {dag.py:3947} INFO - Setting next_dagrun for youtube_english_video_pipeline to 2026-09-07 12:00:00+00:00, run_after=2026-09-08 12:00:00+00:00
[2026-09-08T01:49:41.651+0000] {processor.py:183} INFO - Processing /opt/airflow/dags/youtube_pipeline.py took 0.201 seconds
[2026-09-08T01:50:11.784+0000] {processor.py:161} INFO - Started process (PID=47806) to work on /opt/airflow/dags/youtube_pipeline.py
[2026-09-08T01:50:11.786+0000] {processor.py:830} INFO - Processing file /opt/airflow/dags/youtube_pipeline.py for tasks to queue
[2026-09-08T01:50:11.789+0000] {logging_mixin.py:188} INFO - [2026-09-08T01:50:11.789+0000] {dagbag.py:545} INFO - Filling up the DagBag from /opt/airflow/dags/youtube_pipeline.py
[2026-09-08T01:50:11.847+0000] {processor.py:840} INFO - DAG(s) 'youtube_english_video_pipeline' retrieved from /opt/airflow/dags/youtube_pipeline.py
[2026-09-08T01:50:11.903+0000] {logging_mixin.py:188} INFO - [2026-09-08T01:50:11.903+0000] {dag.py:3089} INFO - Sync 1 DAGs
[2026-09-08T01:50:11.935+0000] {logging_mixin.py:188} INFO - [2026-09-08T01:50:11.934+0000] {dag.py:3947} INFO - Setting next_dagrun for youtube_english_video_pipeline to 2026-09-07 12:00:00+00:00, run_after=2026-09-08 12:00:00+00:00
[2026-09-08T01:50:11.971+0000] {processor.py:183} INFO - Processing /opt/airflow/dags/youtube_pipeline.py took 0.201 seconds
[2026-09-08T01:50:42.232+0000] {processor.py:161} INFO - Started process (PID=47811) to work on /opt/airflow/dags/youtube_pipeline.py
[2026-09-08T01:50:42.234+0000] {processor.py:830} INFO - Processing file /opt/airflow/dags/youtube_pipeline.py for tasks to queue
[2026-09-08T01:50:42.237+0000] {logging_mixin.py:188} INFO - [2026-09-08T01:50:42.236+0000] {dagbag.py:545} INFO - Filling up the DagBag from /opt/airflow/dags/youtube_pipeline.py
[2026-09-08T01:50:42.290+0000] {processor.py:840} INFO - DAG(s) 'youtube_english_video_pipeline' retrieved from /opt/airflow/dags/youtube_pipeline.py
[2026-09-08T01:50:42.355+0000] {logging_mixin.py:188} INFO - [2026-09-08T01:50:42.355+0000] {dag.py:3089} INFO - Sync 1 DAGs
[2026-09-08T01:50:42.385+0000] {logging_mixin.py:188} INFO - [2026-09-08T01:50:42.384+0000] {dag.py:3947} INFO - Setting next_dagrun for youtube_english_video_pipeline to 2026-09-07 12:00:00+00:00, run_after=2026-09-08 12:00:00+00:00
[2026-09-08T01:50:42.424+0000] {processor.py:183} INFO - Processing /opt/airflow/dags/youtube_pipeline.py took 0.202 seconds
[2026-09-08T01:51:12.529+0000] {processor.py:161} INFO - Started process (PID=47816) to work on /opt/airflow/dags/youtube_pipeline.py
[2026-09-08T01:51:12.532+0000] {processor.py:830} INFO - Processing file /opt/airflow/dags/youtube_pipeline.py for tasks to queue
[2026-09-08T01:51:12.536+0000] {logging_mixin.py:188} INFO - [2026-09-08T01:51:12.536+0000] {dagbag.py:545} INFO - Filling up the DagBag from /opt/airflow/dags/youtube_pipeline.py
[2026-09-08T01:51:12.594+0000] {processor.py:840} INFO - DAG(s) 'youtube_english_video_pipeline' retrieved from /opt/airflow/dags/youtube_pipeline.py
[2026-09-08T01:51:12.668+0000] {logging_mixin.py:188} INFO - [2026-09-08T01:51:12.668+0000] {dag.py:3089} INFO - Sync 1 DAGs
[2026-09-08T01:51:12.694+0000] {logging_mixin.py:188} INFO - [2026-09-08T01:51:12.693+0000] {dag.py:3947} INFO - Setting next_dagrun for youtube_english_video_pipeline to 2026-09-07 12:00:00+00:00, run_after=2026-09-08 12:00:00+00:00
[2026-09-08T01:51:12.730+0000] {processor.py:183} INFO - Processing /opt/airflow/dags/youtube_pipeline.py took 0.214 seconds
[2026-09-08T01:51:43.076+0000] {processor.py:161} INFO - Started process (PID=47821) to work on /opt/airflow/dags/youtube_pipeline.py
[2026-09-08T01:51:43.078+0000] {processor.py:830} INFO - Processing file /opt/airflow/dags/youtube_pipeline.py for tasks to queue
[2026-09-08T01:51:43.081+0000] {logging_mixin.py:188} INFO - [2026-09-08T01:51:43.080+0000] {dagbag.py:545} INFO - Filling up the DagBag from /opt/airflow/dags/youtube_pipeline.py
[2026-09-08T01:51:43.149+0000] {processor.py:840} INFO - DAG(s) 'youtube_english_video_pipeline' retrieved from /opt/airflow/dags/youtube_pipeline.py
[2026-09-08T01:51:43.205+0000] {logging_mixin.py:188} INFO - [2026-09-08T01:51:43.205+0000] {dag.py:3089} INFO - Sync 1 DAGs
[2026-09-08T01:51:43.233+0000] {logging_mixin.py:188} INFO - [2026-09-08T01:51:43.232+0000] {dag.py:3947} INFO - Setting next_dagrun for youtube_english_video_pipeline to 2026-09-07 12:00:00+00:00, run_after=2026-09-08 12:00:00+00:00
[2026-09-08T01:51:43.262+0000] {processor.py:183} INFO - Processing /opt/airflow/dags/youtube_pipeline.py took 0.197 seconds
[2026-09-08T01:53:24.948+0000] {processor.py:161} INFO - Started process (PID=47826) to work on /opt/airflow/dags/youtube_pipeline.py
[2026-09-08T01:53:24.951+0000] {processor.py:830} INFO - Processing file /opt/airflow/dags/youtube_pipeline.py for tasks to queue
[2026-09-08T01:53:24.954+0000] {logging_mixin.py:188} INFO - [2026-09-08T01:53:24.954+0000] {dagbag.py:545} INFO - Filling up the DagBag from /opt/airflow/dags/youtube_pipeline.py
[2026-09-08T01:53:25.038+0000] {processor.py:840} INFO - DAG(s) 'youtube_english_video_pipeline' retrieved from /opt/airflow/dags/youtube_pipeline.py
[2026-09-08T01:53:25.126+0000] {logging_mixin.py:188} INFO - [2026-09-08T01:53:25.126+0000] {dag.py:3089} INFO - Sync 1 DAGs
[2026-09-08T01:53:25.162+0000] {logging_mixin.py:188} INFO - [2026-09-08T01:53:25.161+0000] {dag.py:3947} INFO - Setting next_dagrun for youtube_english_video_pipeline to 2026-09-07 12:00:00+00:00, run_after=2026-09-08 12:00:00+00:00
[2026-09-08T01:53:25.209+0000] {processor.py:183} INFO - Processing /opt/airflow/dags/youtube_pipeline.py took 0.269 seconds
[2026-09-08T01:53:55.542+0000] {processor.py:161} INFO - Started process (PID=47831) to work on /opt/airflow/dags/youtube_pipeline.py
[2026-09-08T01:53:55.545+0000] {processor.py:830} INFO - Processing file /opt/airflow/dags/youtube_pipeline.py for tasks to queue
[2026-09-08T01:53:55.548+0000] {logging_mixin.py:188} INFO - [2026-09-08T01:53:55.547+0000] {dagbag.py:545} INFO - Filling up the DagBag from /opt/airflow/dags/youtube_pipeline.py
[2026-09-08T01:53:55.613+0000] {processor.py:840} INFO - DAG(s) 'youtube_english_video_pipeline' retrieved from /opt/airflow/dags/youtube_pipeline.py
[2026-09-08T01:53:55.679+0000] {logging_mixin.py:188} INFO - [2026-09-08T01:53:55.679+0000] {dag.py:3089} INFO - Sync 1 DAGs
[2026-09-08T01:53:55.706+0000] {logging_mixin.py:188} INFO - [2026-09-08T01:53:55.706+0000] {dag.py:3947} INFO - Setting next_dagrun for youtube_english_video_pipeline to 2026-09-07 12:00:00+00:00, run_after=2026-09-08 12:00:00+00:00
[2026-09-08T01:53:55.738+0000] {processor.py:183} INFO - Processing /opt/airflow/dags/youtube_pipeline.py took 0.204 seconds
[2026-09-08T01:54:26.020+0000] {processor.py:161} INFO - Started process (PID=47836) to work on /opt/airflow/dags/youtube_pipeline.py
[2026-09-08T01:54:26.022+0000] {processor.py:830} INFO - Processing file /opt/airflow/dags/youtube_pipeline.py for tasks to queue
[2026-09-08T01:54:26.025+0000] {logging_mixin.py:188} INFO - [2026-09-08T01:54:26.024+0000] {dagbag.py:545} INFO - Filling up the DagBag from /opt/airflow/dags/youtube_pipeline.py
[2026-09-08T01:54:26.089+0000] {processor.py:840} INFO - DAG(s) 'youtube_english_video_pipeline' retrieved from /opt/airflow/dags/youtube_pipeline.py
[2026-09-08T01:54:26.155+0000] {logging_mixin.py:188} INFO - [2026-09-08T01:54:26.155+0000] {dag.py:3089} INFO - Sync 1 DAGs
[2026-09-08T01:54:26.197+0000] {logging_mixin.py:188} INFO - [2026-09-08T01:54:26.196+0000] {dag.py:3947} INFO - Setting next_dagrun for youtube_english_video_pipeline to 2026-09-07 12:00:00+00:00, run_after=2026-09-08 12:00:00+00:00
[2026-09-08T01:54:26.246+0000] {processor.py:183} INFO - Processing /opt/airflow/dags/youtube_pipeline.py took 0.234 seconds
[2026-09-08T01:54:56.570+0000] {processor.py:161} INFO - Started process (PID=47841) to work on /opt/airflow/dags/youtube_pipeline.py
[2026-09-08T01:54:56.572+0000] {processor.py:830} INFO - Processing file /opt/airflow/dags/youtube_pipeline.py for tasks to queue
[2026-09-08T01:54:56.575+0000] {logging_mixin.py:188} INFO - [2026-09-08T01:54:56.574+0000] {dagbag.py:545} INFO - Filling up the DagBag from /opt/airflow/dags/youtube_pipeline.py
[2026-09-08T01:54:56.617+0000] {processor.py:840} INFO - DAG(s) 'youtube_english_video_pipeline' retrieved from /opt/airflow/dags/youtube_pipeline.py
[2026-09-08T01:54:56.679+0000] {logging_mixin.py:188} INFO - [2026-09-08T01:54:56.679+0000] {dag.py:3089} INFO - Sync 1 DAGs
[2026-09-08T01:54:56.705+0000] {logging_mixin.py:188} INFO - [2026-09-08T01:54:56.705+0000] {dag.py:3947} INFO - Setting next_dagrun for youtube_english_video_pipeline to 2026-09-07 12:00:00+00:00, run_after=2026-09-08 12:00:00+00:00
[2026-09-08T01:54:56.738+0000] {processor.py:183} INFO - Processing /opt/airflow/dags/youtube_pipeline.py took 0.177 seconds
[2026-09-08T01:55:26.860+0000] {processor.py:161} INFO - Started process (PID=47846) to work on /opt/airflow/dags/youtube_pipeline.py
[2026-09-08T01:55:26.862+0000] {processor.py:830} INFO - Processing file /opt/airflow/dags/youtube_pipeline.py for tasks to queue
[2026-09-08T01:55:26.866+0000] {logging_mixin.py:188} INFO - [2026-09-08T01:55:26.865+0000] {dagbag.py:545} INFO - Filling up the DagBag from /opt/airflow/dags/youtube_pipeline.py
[2026-09-08T01:55:26.942+0000] {processor.py:840} INFO - DAG(s) 'youtube_english_video_pipeline' retrieved from /opt/airflow/dags/youtube_pipeline.py
[2026-09-08T01:55:27.001+0000] {logging_mixin.py:188} INFO - [2026-09-08T01:55:27.000+0000] {dag.py:3089} INFO - Sync 1 DAGs
[2026-09-08T01:55:27.026+0000] {logging_mixin.py:188} INFO - [2026-09-08T01:55:27.025+0000] {dag.py:3947} INFO - Setting next_dagrun for youtube_english_video_pipeline to 2026-09-07 12:00:00+00:00, run_after=2026-09-08 12:00:00+00:00
[2026-09-08T01:55:27.058+0000] {processor.py:183} INFO - Processing /opt/airflow/dags/youtube_pipeline.py took 0.209 seconds
[2026-09-08T01:55:57.304+0000] {processor.py:161} INFO - Started process (PID=47851) to work on /opt/airflow/dags/youtube_pipeline.py
[2026-09-08T01:55:57.306+0000] {processor.py:830} INFO - Processing file /opt/airflow/dags/youtube_pipeline.py for tasks to queue
[2026-09-08T01:55:57.309+0000] {logging_mixin.py:188} INFO - [2026-09-08T01:55:57.308+0000] {dagbag.py:545} INFO - Filling up the DagBag from /opt/airflow/dags/youtube_pipeline.py
[2026-09-08T01:55:57.368+0000] {processor.py:840} INFO - DAG(s) 'youtube_english_video_pipeline' retrieved from /opt/airflow/dags/youtube_pipeline.py
[2026-09-08T01:55:57.426+0000] {logging_mixin.py:188} INFO - [2026-09-08T01:55:57.426+0000] {dag.py:3089} INFO - Sync 1 DAGs
[2026-09-08T01:55:57.451+0000] {logging_mixin.py:188} INFO - [2026-09-08T01:55:57.451+0000] {dag.py:3947} INFO - Setting next_dagrun for youtube_english_video_pipeline to 2026-09-07 12:00:00+00:00, run_after=2026-09-08 12:00:00+00:00
[2026-09-08T01:55:57.489+0000] {processor.py:183} INFO - Processing /opt/airflow/dags/youtube_pipeline.py took 0.194 seconds
[2026-09-08T01:56:27.728+0000] {processor.py:161} INFO - Started process (PID=47856) to work on /opt/airflow/dags/youtube_pipeline.py
[2026-09-08T01:56:27.730+0000] {processor.py:830} INFO - Processing file /opt/airflow/dags/youtube_pipeline.py for tasks to queue
[2026-09-08T01:56:27.734+0000] {logging_mixin.py:188} INFO - [2026-09-08T01:56:27.733+0000] {dagbag.py:545} INFO - Filling up the DagBag from /opt/airflow/dags/youtube_pipeline.py
[2026-09-08T01:56:27.795+0000] {processor.py:840} INFO - DAG(s) 'youtube_english_video_pipeline' retrieved from /opt/airflow/dags/youtube_pipeline.py
[2026-09-08T01:56:27.864+0000] {logging_mixin.py:188} INFO - [2026-09-08T01:56:27.864+0000] {dag.py:3089} INFO - Sync 1 DAGs
[2026-09-08T01:56:27.889+0000] {logging_mixin.py:188} INFO - [2026-09-08T01:56:27.889+0000] {dag.py:3947} INFO - Setting next_dagrun for youtube_english_video_pipeline to 2026-09-07 12:00:00+00:00, run_after=2026-09-08 12:00:00+00:00
[2026-09-08T01:56:27.930+0000] {processor.py:183} INFO - Processing /opt/airflow/dags/youtube_pipeline.py took 0.216 seconds
[2026-09-08T01:56:58.061+0000] {processor.py:161} INFO - Started process (PID=47861) to work on /opt/airflow/dags/youtube_pipeline.py
[2026-09-08T01:56:58.063+0000] {processor.py:830} INFO - Processing file /opt/airflow/dags/youtube_pipeline.py for tasks to queue
[2026-09-08T01:56:58.066+0000] {logging_mixin.py:188} INFO - [2026-09-08T01:56:58.065+0000] {dagbag.py:545} INFO - Filling up the DagBag from /opt/airflow/dags/youtube_pipeline.py
[2026-09-08T01:56:58.122+0000] {processor.py:840} INFO - DAG(s) 'youtube_english_video_pipeline' retrieved from /opt/airflow/dags/youtube_pipeline.py
[2026-09-08T01:56:58.179+0000] {logging_mixin.py:188} INFO - [2026-09-08T01:56:58.178+0000] {dag.py:3089} INFO - Sync 1 DAGs
[2026-09-08T01:56:58.205+0000] {logging_mixin.py:188} INFO - [2026-09-08T01:56:58.205+0000] {dag.py:3947} INFO - Setting next_dagrun for youtube_english_video_pipeline to 2026-09-07 12:00:00+00:00, run_after=2026-09-08 12:00:00+00:00
[2026-09-08T01:56:58.242+0000] {processor.py:183} INFO - Processing /opt/airflow/dags/youtube_pipeline.py took 0.190 seconds
[2026-09-08T01:57:28.481+0000] {processor.py:161} INFO - Started process (PID=47866) to work on /opt/airflow/dags/youtube_pipeline.py
[2026-09-08T01:57:28.483+0000] {processor.py:830} INFO - Processing file /opt/airflow/dags/youtube_pipeline.py for tasks to queue
[2026-09-08T01:57:28.485+0000] {logging_mixin.py:188} INFO - [2026-09-08T01:57:28.485+0000] {dagbag.py:545} INFO - Filling up the DagBag from /opt/airflow/dags/youtube_pipeline.py
[2026-09-08T01:57:28.554+0000] {processor.py:840} INFO - DAG(s) 'youtube_english_video_pipeline' retrieved from /opt/airflow/dags/youtube_pipeline.py
[2026-09-08T01:57:28.623+0000] {logging_mixin.py:188} INFO - [2026-09-08T01:57:28.623+0000] {dag.py:3089} INFO - Sync 1 DAGs
[2026-09-08T01:57:28.654+0000] {logging_mixin.py:188} INFO - [2026-09-08T01:57:28.654+0000] {dag.py:3947} INFO - Setting next_dagrun for youtube_english_video_pipeline to 2026-09-07 12:00:00+00:00, run_after=2026-09-08 12:00:00+00:00
[2026-09-08T01:57:28.685+0000] {processor.py:183} INFO - Processing /opt/airflow/dags/youtube_pipeline.py took 0.213 seconds
[2026-09-08T01:57:58.997+0000] {processor.py:161} INFO - Started process (PID=47871) to work on /opt/airflow/dags/youtube_pipeline.py
[2026-09-08T01:57:58.998+0000] {processor.py:830} INFO - Processing file /opt/airflow/dags/youtube_pipeline.py for tasks to queue
[2026-09-08T01:57:59.001+0000] {logging_mixin.py:188} INFO - [2026-09-08T01:57:59.001+0000] {dagbag.py:545} INFO - Filling up the DagBag from /opt/airflow/dags/youtube_pipeline.py
[2026-09-08T01:57:59.062+0000] {processor.py:840} INFO - DAG(s) 'youtube_english_video_pipeline' retrieved from /opt/airflow/dags/youtube_pipeline.py
[2026-09-08T01:57:59.114+0000] {logging_mixin.py:188} INFO - [2026-09-08T01:57:59.114+0000] {dag.py:3089} INFO - Sync 1 DAGs
[2026-09-08T01:57:59.139+0000] {logging_mixin.py:188} INFO - [2026-09-08T01:57:59.139+0000] {dag.py:3947} INFO - Setting next_dagrun for youtube_english_video_pipeline to 2026-09-07 12:00:00+00:00, run_after=2026-09-08 12:00:00+00:00
[2026-09-08T01:57:59.173+0000] {processor.py:183} INFO - Processing /opt/airflow/dags/youtube_pipeline.py took 0.186 seconds
[2026-09-08T01:58:29.278+0000] {processor.py:161} INFO - Started process (PID=47876) to work on /opt/airflow/dags/youtube_pipeline.py
[2026-09-08T01:58:29.281+0000] {processor.py:830} INFO - Processing file /opt/airflow/dags/youtube_pipeline.py for tasks to queue
[2026-09-08T01:58:29.284+0000] {logging_mixin.py:188} INFO - [2026-09-08T01:58:29.284+0000] {dagbag.py:545} INFO - Filling up the DagBag from /opt/airflow/dags/youtube_pipeline.py
[2026-09-08T01:58:29.350+0000] {processor.py:840} INFO - DAG(s) 'youtube_english_video_pipeline' retrieved from /opt/airflow/dags/youtube_pipeline.py
[2026-09-08T01:58:29.419+0000] {logging_mixin.py:188} INFO - [2026-09-08T01:58:29.418+0000] {dag.py:3089} INFO - Sync 1 DAGs
[2026-09-08T01:58:29.446+0000] {logging_mixin.py:188} INFO - [2026-09-08T01:58:29.446+0000] {dag.py:3947} INFO - Setting next_dagrun for youtube_english_video_pipeline to 2026-09-07 12:00:00+00:00, run_after=2026-09-08 12:00:00+00:00
[2026-09-08T01:58:29.470+0000] {processor.py:183} INFO - Processing /opt/airflow/dags/youtube_pipeline.py took 0.204 seconds
[2026-09-08T01:58:59.732+0000] {processor.py:161} INFO - Started process (PID=47881) to work on /opt/airflow/dags/youtube_pipeline.py
[2026-09-08T01:58:59.733+0000] {processor.py:830} INFO - Processing file /opt/airflow/dags/youtube_pipeline.py for tasks to queue
[2026-09-08T01:58:59.736+0000] {logging_mixin.py:188} INFO - [2026-09-08T01:58:59.736+0000] {dagbag.py:545} INFO - Filling up the DagBag from /opt/airflow/dags/youtube_pipeline.py
[2026-09-08T01:58:59.783+0000] {processor.py:840} INFO - DAG(s) 'youtube_english_video_pipeline' retrieved from /opt/airflow/dags/youtube_pipeline.py
[2026-09-08T01:58:59.845+0000] {logging_mixin.py:188} INFO - [2026-09-08T01:58:59.844+0000] {dag.py:3089} INFO - Sync 1 DAGs
[2026-09-08T01:58:59.873+0000] {logging_mixin.py:188} INFO - [2026-09-08T01:58:59.873+0000] {dag.py:3947} INFO - Setting next_dagrun for youtube_english_video_pipeline to 2026-09-07 12:00:00+00:00, run_after=2026-09-08 12:00:00+00:00
[2026-09-08T01:58:59.905+0000] {processor.py:183} INFO - Processing /opt/airflow/dags/youtube_pipeline.py took 0.184 seconds
[2026-09-08T01:59:30.016+0000] {processor.py:161} INFO - Started process (PID=47886) to work on /opt/airflow/dags/youtube_pipeline.py
[2026-09-08T01:59:30.018+0000] {processor.py:830} INFO - Processing file /opt/airflow/dags/youtube_pipeline.py for tasks to queue
[2026-09-08T01:59:30.023+0000] {logging_mixin.py:188} INFO - [2026-09-08T01:59:30.023+0000] {dagbag.py:545} INFO - Filling up the DagBag from /opt/airflow/dags/youtube_pipeline.py
[2026-09-08T01:59:30.080+0000] {processor.py:840} INFO - DAG(s) 'youtube_english_video_pipeline' retrieved from /opt/airflow/dags/youtube_pipeline.py
[2026-09-08T01:59:30.170+0000] {logging_mixin.py:188} INFO - [2026-09-08T01:59:30.170+0000] {dag.py:3089} INFO - Sync 1 DAGs
[2026-09-08T01:59:30.201+0000] {logging_mixin.py:188} INFO - [2026-09-08T01:59:30.201+0000] {dag.py:3947} INFO - Setting next_dagrun for youtube_english_video_pipeline to 2026-09-07 12:00:00+00:00, run_after=2026-09-08 12:00:00+00:00
[2026-09-08T01:59:30.240+0000] {processor.py:183} INFO - Processing /opt/airflow/dags/youtube_pipeline.py took 0.239 seconds
[2026-09-08T02:00:00.455+0000] {processor.py:161} INFO - Started process (PID=47891) to work on /opt/airflow/dags/youtube_pipeline.py
[2026-09-08T02:00:00.457+0000] {processor.py:830} INFO - Processing file /opt/airflow/dags/youtube_pipeline.py for tasks to queue
[2026-09-08T02:00:00.462+0000] {logging_mixin.py:188} INFO - [2026-09-08T02:00:00.462+0000] {dagbag.py:545} INFO - Filling up the DagBag from /opt/airflow/dags/youtube_pipeline.py
[2026-09-08T02:00:00.540+0000] {processor.py:840} INFO - DAG(s) 'youtube_english_video_pipeline' retrieved from /opt/airflow/dags/youtube_pipeline.py
[2026-09-08T02:00:00.609+0000] {logging_mixin.py:188} INFO - [2026-09-08T02:00:00.609+0000] {dag.py:3089} INFO - Sync 1 DAGs
[2026-09-08T02:00:00.638+0000] {logging_mixin.py:188} INFO - [2026-09-08T02:00:00.638+0000] {dag.py:3947} INFO - Setting next_dagrun for youtube_english_video_pipeline to 2026-09-07 12:00:00+00:00, run_after=2026-09-08 12:00:00+00:00
[2026-09-08T02:00:00.669+0000] {processor.py:183} INFO - Processing /opt/airflow/dags/youtube_pipeline.py took 0.229 seconds
[2026-09-08T02:00:30.772+0000] {processor.py:161} INFO - Started process (PID=47896) to work on /opt/airflow/dags/youtube_pipeline.py
[2026-09-08T02:00:30.774+0000] {processor.py:830} INFO - Processing file /opt/airflow/dags/youtube_pipeline.py for tasks to queue
[2026-09-08T02:00:30.777+0000] {logging_mixin.py:188} INFO - [2026-09-08T02:00:30.776+0000] {dagbag.py:545} INFO - Filling up the DagBag from /opt/airflow/dags/youtube_pipeline.py
[2026-09-08T02:00:30.826+0000] {processor.py:840} INFO - DAG(s) 'youtube_english_video_pipeline' retrieved from /opt/airflow/dags/youtube_pipeline.py
[2026-09-08T02:00:30.895+0000] {logging_mixin.py:188} INFO - [2026-09-08T02:00:30.895+0000] {dag.py:3089} INFO - Sync 1 DAGs
[2026-09-08T02:00:30.928+0000] {logging_mixin.py:188} INFO - [2026-09-08T02:00:30.928+0000] {dag.py:3947} INFO - Setting next_dagrun for youtube_english_video_pipeline to 2026-09-07 12:00:00+00:00, run_after=2026-09-08 12:00:00+00:00
[2026-09-08T02:00:30.958+0000] {processor.py:183} INFO - Processing /opt/airflow/dags/youtube_pipeline.py took 0.197 seconds
[2026-09-08T02:01:01.178+0000] {processor.py:161} INFO - Started process (PID=47901) to work on /opt/airflow/dags/youtube_pipeline.py
[2026-09-08T02:01:01.179+0000] {processor.py:830} INFO - Processing file /opt/airflow/dags/youtube_pipeline.py for tasks to queue
[2026-09-08T02:01:01.181+0000] {logging_mixin.py:188} INFO - [2026-09-08T02:01:01.180+0000] {dagbag.py:545} INFO - Filling up the DagBag from /opt/airflow/dags/youtube_pipeline.py
[2026-09-08T02:01:01.208+0000] {processor.py:840} INFO - DAG(s) 'youtube_english_video_pipeline' retrieved from /opt/airflow/dags/youtube_pipeline.py
[2026-09-08T02:01:01.236+0000] {logging_mixin.py:188} INFO - [2026-09-08T02:01:01.236+0000] {dag.py:3089} INFO - Sync 1 DAGs
[2026-09-08T02:01:01.253+0000] {logging_mixin.py:188} INFO - [2026-09-08T02:01:01.253+0000] {dag.py:3947} INFO - Setting next_dagrun for youtube_english_video_pipeline to 2026-09-07 12:00:00+00:00, run_after=2026-09-08 12:00:00+00:00
[2026-09-08T02:01:01.271+0000] {processor.py:183} INFO - Processing /opt/airflow/dags/youtube_pipeline.py took 0.099 seconds
[2026-09-08T02:01:31.564+0000] {processor.py:161} INFO - Started process (PID=47906) to work on /opt/airflow/dags/youtube_pipeline.py
[2026-09-08T02:01:31.569+0000] {processor.py:830} INFO - Processing file /opt/airflow/dags/youtube_pipeline.py for tasks to queue
[2026-09-08T02:01:31.574+0000] {logging_mixin.py:188} INFO - [2026-09-08T02:01:31.573+0000] {dagbag.py:545} INFO - Filling up the DagBag from /opt/airflow/dags/youtube_pipeline.py
[2026-09-08T02:01:31.661+0000] {processor.py:840} INFO - DAG(s) 'youtube_english_video_pipeline' retrieved from /opt/airflow/dags/youtube_pipeline.py
[2026-09-08T02:01:31.734+0000] {logging_mixin.py:188} INFO - [2026-09-08T02:01:31.734+0000] {dag.py:3089} INFO - Sync 1 DAGs
[2026-09-08T02:01:31.770+0000] {logging_mixin.py:188} INFO - [2026-09-08T02:01:31.770+0000] {dag.py:3947} INFO - Setting next_dagrun for youtube_english_video_pipeline to 2026-09-07 12:00:00+00:00, run_after=2026-09-08 12:00:00+00:00
[2026-09-08T02:01:31.813+0000] {processor.py:183} INFO - Processing /opt/airflow/dags/youtube_pipeline.py took 0.266 seconds
[2026-09-08T02:02:02.151+0000] {processor.py:161} INFO - Started process (PID=47911) to work on /opt/airflow/dags/youtube_pipeline.py
[2026-09-08T02:02:02.153+0000] {processor.py:830} INFO - Processing file /opt/airflow/dags/youtube_pipeline.py for tasks to queue
[2026-09-08T02:02:02.156+0000] {logging_mixin.py:188} INFO - [2026-09-08T02:02:02.155+0000] {dagbag.py:545} INFO - Filling up the DagBag from /opt/airflow/dags/youtube_pipeline.py
[2026-09-08T02:02:02.204+0000] {processor.py:840} INFO - DAG(s) 'youtube_english_video_pipeline' retrieved from /opt/airflow/dags/youtube_pipeline.py
[2026-09-08T02:02:02.275+0000] {logging_mixin.py:188} INFO - [2026-09-08T02:02:02.275+0000] {dag.py:3089} INFO - Sync 1 DAGs
[2026-09-08T02:02:02.307+0000] {logging_mixin.py:188} INFO - [2026-09-08T02:02:02.307+0000] {dag.py:3947} INFO - Setting next_dagrun for youtube_english_video_pipeline to 2026-09-07 12:00:00+00:00, run_after=2026-09-08 12:00:00+00:00
[2026-09-08T02:02:02.338+0000] {processor.py:183} INFO - Processing /opt/airflow/dags/youtube_pipeline.py took 0.198 seconds
[2026-09-08T02:02:32.522+0000] {processor.py:161} INFO - Started process (PID=47916) to work on /opt/airflow/dags/youtube_pipeline.py
[2026-09-08T02:02:32.525+0000] {processor.py:830} INFO - Processing file /opt/airflow/dags/youtube_pipeline.py for tasks to queue
[2026-09-08T02:02:32.527+0000] {logging_mixin.py:188} INFO - [2026-09-08T02:02:32.527+0000] {dagbag.py:545} INFO - Filling up the DagBag from /opt/airflow/dags/youtube_pipeline.py
[2026-09-08T02:02:32.573+0000] {processor.py:840} INFO - DAG(s) 'youtube_english_video_pipeline' retrieved from /opt/airflow/dags/youtube_pipeline.py
[2026-09-08T02:02:32.630+0000] {logging_mixin.py:188} INFO - [2026-09-08T02:02:32.630+0000] {dag.py:3089} INFO - Sync 1 DAGs
[2026-09-08T02:02:32.660+0000] {logging_mixin.py:188} INFO - [2026-09-08T02:02:32.660+0000] {dag.py:3947} INFO - Setting next_dagrun for youtube_english_video_pipeline to 2026-09-07 12:00:00+00:00, run_after=2026-09-08 12:00:00+00:00
[2026-09-08T02:02:32.696+0000] {processor.py:183} INFO - Processing /opt/airflow/dags/youtube_pipeline.py took 0.187 seconds
[2026-09-08T02:03:02.954+0000] {processor.py:161} INFO - Started process (PID=47921) to work on /opt/airflow/dags/youtube_pipeline.py
[2026-09-08T02:03:02.956+0000] {processor.py:830} INFO - Processing file /opt/airflow/dags/youtube_pipeline.py for tasks to queue
[2026-09-08T02:03:02.959+0000] {logging_mixin.py:188} INFO - [2026-09-08T02:03:02.959+0000] {dagbag.py:545} INFO - Filling up the DagBag from /opt/airflow/dags/youtube_pipeline.py
[2026-09-08T02:03:03.022+0000] {processor.py:840} INFO - DAG(s) 'youtube_english_video_pipeline' retrieved from /opt/airflow/dags/youtube_pipeline.py
[2026-09-08T02:03:03.075+0000] {logging_mixin.py:188} INFO - [2026-09-08T02:03:03.075+0000] {dag.py:3089} INFO - Sync 1 DAGs
[2026-09-08T02:03:03.110+0000] {logging_mixin.py:188} INFO - [2026-09-08T02:03:03.109+0000] {dag.py:3947} INFO - Setting next_dagrun for youtube_english_video_pipeline to 2026-09-07 12:00:00+00:00, run_after=2026-09-08 12:00:00+00:00
[2026-09-08T02:03:03.139+0000] {processor.py:183} INFO - Processing /opt/airflow/dags/youtube_pipeline.py took 0.197 seconds
[2026-09-08T02:03:33.299+0000] {processor.py:161} INFO - Started process (PID=47926) to work on /opt/airflow/dags/youtube_pipeline.py
[2026-09-08T02:03:33.301+0000] {processor.py:830} INFO - Processing file /opt/airflow/dags/youtube_pipeline.py for tasks to queue
[2026-09-08T02:03:33.304+0000] {logging_mixin.py:188} INFO - [2026-09-08T02:03:33.303+0000] {dagbag.py:545} INFO - Filling up the DagBag from /opt/airflow/dags/youtube_pipeline.py
[2026-09-08T02:03:33.376+0000] {processor.py:840} INFO - DAG(s) 'youtube_english_video_pipeline' retrieved from /opt/airflow/dags/youtube_pipeline.py
[2026-09-08T02:03:33.446+0000] {logging_mixin.py:188} INFO - [2026-09-08T02:03:33.446+0000] {dag.py:3089} INFO - Sync 1 DAGs
[2026-09-08T02:03:33.481+0000] {logging_mixin.py:188} INFO - [2026-09-08T02:03:33.481+0000] {dag.py:3947} INFO - Setting next_dagrun for youtube_english_video_pipeline to 2026-09-07 12:00:00+00:00, run_after=2026-09-08 12:00:00+00:00
[2026-09-08T02:03:33.519+0000] {processor.py:183} INFO - Processing /opt/airflow/dags/youtube_pipeline.py took 0.228 seconds
[2026-09-08T02:04:03.726+0000] {processor.py:161} INFO - Started process (PID=47931) to work on /opt/airflow/dags/youtube_pipeline.py
[2026-09-08T02:04:03.727+0000] {processor.py:830} INFO - Processing file /opt/airflow/dags/youtube_pipeline.py for tasks to queue
[2026-09-08T02:04:03.730+0000] {logging_mixin.py:188} INFO - [2026-09-08T02:04:03.729+0000] {dagbag.py:545} INFO - Filling up the DagBag from /opt/airflow/dags/youtube_pipeline.py
[2026-09-08T02:04:03.790+0000] {processor.py:840} INFO - DAG(s) 'youtube_english_video_pipeline' retrieved from /opt/airflow/dags/youtube_pipeline.py
[2026-09-08T02:04:03.852+0000] {logging_mixin.py:188} INFO - [2026-09-08T02:04:03.852+0000] {dag.py:3089} INFO - Sync 1 DAGs
[2026-09-08T02:04:03.879+0000] {logging_mixin.py:188} INFO - [2026-09-08T02:04:03.878+0000] {dag.py:3947} INFO - Setting next_dagrun for youtube_english_video_pipeline to 2026-09-07 12:00:00+00:00, run_after=2026-09-08 12:00:00+00:00
[2026-09-08T02:04:03.905+0000] {processor.py:183} INFO - Processing /opt/airflow/dags/youtube_pipeline.py took 0.188 seconds
[2026-09-08T02:04:34.176+0000] {processor.py:161} INFO - Started process (PID=47936) to work on /opt/airflow/dags/youtube_pipeline.py
[2026-09-08T02:04:34.178+0000] {processor.py:830} INFO - Processing file /opt/airflow/dags/youtube_pipeline.py for tasks to queue
[2026-09-08T02:04:34.181+0000] {logging_mixin.py:188} INFO - [2026-09-08T02:04:34.180+0000] {dagbag.py:545} INFO - Filling up the DagBag from /opt/airflow/dags/youtube_pipeline.py
[2026-09-08T02:04:34.252+0000] {processor.py:840} INFO - DAG(s) 'youtube_english_video_pipeline' retrieved from /opt/airflow/dags/youtube_pipeline.py
[2026-09-08T02:04:34.320+0000] {logging_mixin.py:188} INFO - [2026-09-08T02:04:34.320+0000] {dag.py:3089} INFO - Sync 1 DAGs
[2026-09-08T02:04:34.349+0000] {logging_mixin.py:188} INFO - [2026-09-08T02:04:34.348+0000] {dag.py:3947} INFO - Setting next_dagrun for youtube_english_video_pipeline to 2026-09-07 12:00:00+00:00, run_after=2026-09-08 12:00:00+00:00
[2026-09-08T02:04:34.375+0000] {processor.py:183} INFO - Processing /opt/airflow/dags/youtube_pipeline.py took 0.208 seconds
[2026-09-08T02:05:04.441+0000] {processor.py:161} INFO - Started process (PID=47941) to work on /opt/airflow/dags/youtube_pipeline.py
[2026-09-08T02:05:04.442+0000] {processor.py:830} INFO - Processing file /opt/airflow/dags/youtube_pipeline.py for tasks to queue
[2026-09-08T02:05:04.443+0000] {logging_mixin.py:188} INFO - [2026-09-08T02:05:04.443+0000] {dagbag.py:545} INFO - Filling up the DagBag from /opt/airflow/dags/youtube_pipeline.py
[2026-09-08T02:05:04.461+0000] {processor.py:840} INFO - DAG(s) 'youtube_english_video_pipeline' retrieved from /opt/airflow/dags/youtube_pipeline.py
[2026-09-08T02:05:04.492+0000] {logging_mixin.py:188} INFO - [2026-09-08T02:05:04.492+0000] {dag.py:3089} INFO - Sync 1 DAGs
[2026-09-08T02:05:04.506+0000] {logging_mixin.py:188} INFO - [2026-09-08T02:05:04.506+0000] {dag.py:3947} INFO - Setting next_dagrun for youtube_english_video_pipeline to 2026-09-07 12:00:00+00:00, run_after=2026-09-08 12:00:00+00:00
[2026-09-08T02:05:04.529+0000] {processor.py:183} INFO - Processing /opt/airflow/dags/youtube_pipeline.py took 0.093 seconds
[2026-09-08T02:05:34.777+0000] {processor.py:161} INFO - Started process (PID=47946) to work on /opt/airflow/dags/youtube_pipeline.py
[2026-09-08T02:05:34.778+0000] {processor.py:830} INFO - Processing file /opt/airflow/dags/youtube_pipeline.py for tasks to queue
[2026-09-08T02:05:34.780+0000] {logging_mixin.py:188} INFO - [2026-09-08T02:05:34.780+0000] {dagbag.py:545} INFO - Filling up the DagBag from /opt/airflow/dags/youtube_pipeline.py
[2026-09-08T02:05:34.842+0000] {processor.py:840} INFO - DAG(s) 'youtube_english_video_pipeline' retrieved from /opt/airflow/dags/youtube_pipeline.py
[2026-09-08T02:05:34.875+0000] {logging_mixin.py:188} INFO - [2026-09-08T02:05:34.874+0000] {dag.py:3089} INFO - Sync 1 DAGs
[2026-09-08T02:05:34.888+0000] {logging_mixin.py:188} INFO - [2026-09-08T02:05:34.888+0000] {dag.py:3947} INFO - Setting next_dagrun for youtube_english_video_pipeline to 2026-09-07 12:00:00+00:00, run_after=2026-09-08 12:00:00+00:00
[2026-09-08T02:05:34.903+0000] {processor.py:183} INFO - Processing /opt/airflow/dags/youtube_pipeline.py took 0.131 seconds
[2026-09-08T02:06:04.998+0000] {processor.py:161} INFO - Started process (PID=47951) to work on /opt/airflow/dags/youtube_pipeline.py
[2026-09-08T02:06:05.000+0000] {processor.py:830} INFO - Processing file /opt/airflow/dags/youtube_pipeline.py for tasks to queue
[2026-09-08T02:06:05.001+0000] {logging_mixin.py:188} INFO - [2026-09-08T02:06:05.001+0000] {dagbag.py:545} INFO - Filling up the DagBag from /opt/airflow/dags/youtube_pipeline.py
[2026-09-08T02:06:05.021+0000] {processor.py:840} INFO - DAG(s) 'youtube_english_video_pipeline' retrieved from /opt/airflow/dags/youtube_pipeline.py
[2026-09-08T02:06:05.052+0000] {logging_mixin.py:188} INFO - [2026-09-08T02:06:05.052+0000] {dag.py:3089} INFO - Sync 1 DAGs
[2026-09-08T02:06:05.066+0000] {logging_mixin.py:188} INFO - [2026-09-08T02:06:05.066+0000] {dag.py:3947} INFO - Setting next_dagrun for youtube_english_video_pipeline to 2026-09-07 12:00:00+00:00, run_after=2026-09-08 12:00:00+00:00
[2026-09-08T02:06:05.090+0000] {processor.py:183} INFO - Processing /opt/airflow/dags/youtube_pipeline.py took 0.097 seconds
[2026-09-08T02:06:35.479+0000] {processor.py:161} INFO - Started process (PID=47956) to work on /opt/airflow/dags/youtube_pipeline.py
[2026-09-08T02:06:35.481+0000] {processor.py:830} INFO - Processing file /opt/airflow/dags/youtube_pipeline.py for tasks to queue
[2026-09-08T02:06:35.487+0000] {logging_mixin.py:188} INFO - [2026-09-08T02:06:35.487+0000] {dagbag.py:545} INFO - Filling up the DagBag from /opt/airflow/dags/youtube_pipeline.py
[2026-09-08T02:06:35.619+0000] {processor.py:840} INFO - DAG(s) 'youtube_english_video_pipeline' retrieved from /opt/airflow/dags/youtube_pipeline.py
[2026-09-08T02:06:35.650+0000] {logging_mixin.py:188} INFO - [2026-09-08T02:06:35.649+0000] {dag.py:3089} INFO - Sync 1 DAGs
[2026-09-08T02:06:35.665+0000] {logging_mixin.py:188} INFO - [2026-09-08T02:06:35.665+0000] {dag.py:3947} INFO - Setting next_dagrun for youtube_english_video_pipeline to 2026-09-07 12:00:00+00:00, run_after=2026-09-08 12:00:00+00:00
[2026-09-08T02:06:35.683+0000] {processor.py:183} INFO - Processing /opt/airflow/dags/youtube_pipeline.py took 0.216 seconds
[2026-09-08T02:07:05.941+0000] {processor.py:161} INFO - Started process (PID=47961) to work on /opt/airflow/dags/youtube_pipeline.py
[2026-09-08T02:07:05.942+0000] {processor.py:830} INFO - Processing file /opt/airflow/dags/youtube_pipeline.py for tasks to queue
[2026-09-08T02:07:05.943+0000] {logging_mixin.py:188} INFO - [2026-09-08T02:07:05.943+0000] {dagbag.py:545} INFO - Filling up the DagBag from /opt/airflow/dags/youtube_pipeline.py
[2026-09-08T02:07:05.964+0000] {processor.py:840} INFO - DAG(s) 'youtube_english_video_pipeline' retrieved from /opt/airflow/dags/youtube_pipeline.py
[2026-09-08T02:07:05.994+0000] {logging_mixin.py:188} INFO - [2026-09-08T02:07:05.994+0000] {dag.py:3089} INFO - Sync 1 DAGs
[2026-09-08T02:07:06.009+0000] {logging_mixin.py:188} INFO - [2026-09-08T02:07:06.009+0000] {dag.py:3947} INFO - Setting next_dagrun for youtube_english_video_pipeline to 2026-09-07 12:00:00+00:00, run_after=2026-09-08 12:00:00+00:00
[2026-09-08T02:07:06.024+0000] {processor.py:183} INFO - Processing /opt/airflow/dags/youtube_pipeline.py took 0.089 seconds
[2026-09-08T02:07:36.208+0000] {processor.py:161} INFO - Started process (PID=47966) to work on /opt/airflow/dags/youtube_pipeline.py
[2026-09-08T02:07:36.209+0000] {processor.py:830} INFO - Processing file /opt/airflow/dags/youtube_pipeline.py for tasks to queue
[2026-09-08T02:07:36.211+0000] {logging_mixin.py:188} INFO - [2026-09-08T02:07:36.210+0000] {dagbag.py:545} INFO - Filling up the DagBag from /opt/airflow/dags/youtube_pipeline.py
[2026-09-08T02:07:36.232+0000] {processor.py:840} INFO - DAG(s) 'youtube_english_video_pipeline' retrieved from /opt/airflow/dags/youtube_pipeline.py
[2026-09-08T02:07:36.260+0000] {logging_mixin.py:188} INFO - [2026-09-08T02:07:36.260+0000] {dag.py:3089} INFO - Sync 1 DAGs
[2026-09-08T02:07:36.274+0000] {logging_mixin.py:188} INFO - [2026-09-08T02:07:36.274+0000] {dag.py:3947} INFO - Setting next_dagrun for youtube_english_video_pipeline to 2026-09-07 12:00:00+00:00, run_after=2026-09-08 12:00:00+00:00
[2026-09-08T02:07:36.297+0000] {processor.py:183} INFO - Processing /opt/airflow/dags/youtube_pipeline.py took 0.094 seconds
[2026-09-08T02:08:06.442+0000] {processor.py:161} INFO - Started process (PID=47971) to work on /opt/airflow/dags/youtube_pipeline.py
[2026-09-08T02:08:06.444+0000] {processor.py:830} INFO - Processing file /opt/airflow/dags/youtube_pipeline.py for tasks to queue
[2026-09-08T02:08:06.445+0000] {logging_mixin.py:188} INFO - [2026-09-08T02:08:06.445+0000] {dagbag.py:545} INFO - Filling up the DagBag from /opt/airflow/dags/youtube_pipeline.py
[2026-09-08T02:08:06.472+0000] {processor.py:840} INFO - DAG(s) 'youtube_english_video_pipeline' retrieved from /opt/airflow/dags/youtube_pipeline.py
[2026-09-08T02:08:06.506+0000] {logging_mixin.py:188} INFO - [2026-09-08T02:08:06.505+0000] {dag.py:3089} INFO - Sync 1 DAGs
[2026-09-08T02:08:06.521+0000] {logging_mixin.py:188} INFO - [2026-09-08T02:08:06.521+0000] {dag.py:3947} INFO - Setting next_dagrun for youtube_english_video_pipeline to 2026-09-07 12:00:00+00:00, run_after=2026-09-08 12:00:00+00:00
[2026-09-08T02:08:06.537+0000] {processor.py:183} INFO - Processing /opt/airflow/dags/youtube_pipeline.py took 0.103 seconds
[2026-09-08T02:08:36.692+0000] {processor.py:161} INFO - Started process (PID=47976) to work on /opt/airflow/dags/youtube_pipeline.py
[2026-09-08T02:08:36.693+0000] {processor.py:830} INFO - Processing file /opt/airflow/dags/youtube_pipeline.py for tasks to queue
[2026-09-08T02:08:36.695+0000] {logging_mixin.py:188} INFO - [2026-09-08T02:08:36.695+0000] {dagbag.py:545} INFO - Filling up the DagBag from /opt/airflow/dags/youtube_pipeline.py
[2026-09-08T02:08:36.714+0000] {processor.py:840} INFO - DAG(s) 'youtube_english_video_pipeline' retrieved from /opt/airflow/dags/youtube_pipeline.py
[2026-09-08T02:08:36.742+0000] {logging_mixin.py:188} INFO - [2026-09-08T02:08:36.742+0000] {dag.py:3089} INFO - Sync 1 DAGs
[2026-09-08T02:08:36.757+0000] {logging_mixin.py:188} INFO - [2026-09-08T02:08:36.756+0000] {dag.py:3947} INFO - Setting next_dagrun for youtube_english_video_pipeline to 2026-09-07 12:00:00+00:00, run_after=2026-09-08 12:00:00+00:00
[2026-09-08T02:08:36.771+0000] {processor.py:183} INFO - Processing /opt/airflow/dags/youtube_pipeline.py took 0.085 seconds
[2026-09-08T02:09:06.988+0000] {processor.py:161} INFO - Started process (PID=47981) to work on /opt/airflow/dags/youtube_pipeline.py
[2026-09-08T02:09:06.988+0000] {processor.py:830} INFO - Processing file /opt/airflow/dags/youtube_pipeline.py for tasks to queue
[2026-09-08T02:09:06.990+0000] {logging_mixin.py:188} INFO - [2026-09-08T02:09:06.990+0000] {dagbag.py:545} INFO - Filling up the DagBag from /opt/airflow/dags/youtube_pipeline.py
[2026-09-08T02:09:07.008+0000] {processor.py:840} INFO - DAG(s) 'youtube_english_video_pipeline' retrieved from /opt/airflow/dags/youtube_pipeline.py
[2026-09-08T02:09:07.037+0000] {logging_mixin.py:188} INFO - [2026-09-08T02:09:07.037+0000] {dag.py:3089} INFO - Sync 1 DAGs
[2026-09-08T02:09:07.052+0000] {logging_mixin.py:188} INFO - [2026-09-08T02:09:07.052+0000] {dag.py:3947} INFO - Setting next_dagrun for youtube_english_video_pipeline to 2026-09-07 12:00:00+00:00, run_after=2026-09-08 12:00:00+00:00
[2026-09-08T02:09:07.076+0000] {processor.py:183} INFO - Processing /opt/airflow/dags/youtube_pipeline.py took 0.093 seconds
[2026-09-08T02:09:37.263+0000] {processor.py:161} INFO - Started process (PID=47986) to work on /opt/airflow/dags/youtube_pipeline.py
[2026-09-08T02:09:37.265+0000] {processor.py:830} INFO - Processing file /opt/airflow/dags/youtube_pipeline.py for tasks to queue
[2026-09-08T02:09:37.266+0000] {logging_mixin.py:188} INFO - [2026-09-08T02:09:37.266+0000] {dagbag.py:545} INFO - Filling up the DagBag from /opt/airflow/dags/youtube_pipeline.py
[2026-09-08T02:09:37.300+0000] {processor.py:840} INFO - DAG(s) 'youtube_english_video_pipeline' retrieved from /opt/airflow/dags/youtube_pipeline.py
[2026-09-08T02:09:37.331+0000] {logging_mixin.py:188} INFO - [2026-09-08T02:09:37.331+0000] {dag.py:3089} INFO - Sync 1 DAGs
[2026-09-08T02:09:37.346+0000] {logging_mixin.py:188} INFO - [2026-09-08T02:09:37.346+0000] {dag.py:3947} INFO - Setting next_dagrun for youtube_english_video_pipeline to 2026-09-07 12:00:00+00:00, run_after=2026-09-08 12:00:00+00:00
[2026-09-08T02:09:37.359+0000] {processor.py:183} INFO - Processing /opt/airflow/dags/youtube_pipeline.py took 0.102 seconds
[2026-09-08T02:10:07.530+0000] {processor.py:161} INFO - Started process (PID=47991) to work on /opt/airflow/dags/youtube_pipeline.py
[2026-09-08T02:10:07.532+0000] {processor.py:830} INFO - Processing file /opt/airflow/dags/youtube_pipeline.py for tasks to queue
[2026-09-08T02:10:07.533+0000] {logging_mixin.py:188} INFO - [2026-09-08T02:10:07.533+0000] {dagbag.py:545} INFO - Filling up the DagBag from /opt/airflow/dags/youtube_pipeline.py
[2026-09-08T02:10:07.564+0000] {processor.py:840} INFO - DAG(s) 'youtube_english_video_pipeline' retrieved from /opt/airflow/dags/youtube_pipeline.py
[2026-09-08T02:10:07.594+0000] {logging_mixin.py:188} INFO - [2026-09-08T02:10:07.594+0000] {dag.py:3089} INFO - Sync 1 DAGs
[2026-09-08T02:10:07.608+0000] {logging_mixin.py:188} INFO - [2026-09-08T02:10:07.608+0000] {dag.py:3947} INFO - Setting next_dagrun for youtube_english_video_pipeline to 2026-09-07 12:00:00+00:00, run_after=2026-09-08 12:00:00+00:00
[2026-09-08T02:10:07.625+0000] {processor.py:183} INFO - Processing /opt/airflow/dags/youtube_pipeline.py took 0.101 seconds
[2026-09-08T02:10:37.752+0000] {processor.py:161} INFO - Started process (PID=47996) to work on /opt/airflow/dags/youtube_pipeline.py
[2026-09-08T02:10:37.753+0000] {processor.py:830} INFO - Processing file /opt/airflow/dags/youtube_pipeline.py for tasks to queue
[2026-09-08T02:10:37.754+0000] {logging_mixin.py:188} INFO - [2026-09-08T02:10:37.754+0000] {dagbag.py:545} INFO - Filling up the DagBag from /opt/airflow/dags/youtube_pipeline.py
[2026-09-08T02:10:37.772+0000] {processor.py:840} INFO - DAG(s) 'youtube_english_video_pipeline' retrieved from /opt/airflow/dags/youtube_pipeline.py
[2026-09-08T02:10:37.800+0000] {logging_mixin.py:188} INFO - [2026-09-08T02:10:37.800+0000] {dag.py:3089} INFO - Sync 1 DAGs
[2026-09-08T02:10:37.814+0000] {logging_mixin.py:188} INFO - [2026-09-08T02:10:37.814+0000] {dag.py:3947} INFO - Setting next_dagrun for youtube_english_video_pipeline to 2026-09-07 12:00:00+00:00, run_after=2026-09-08 12:00:00+00:00
[2026-09-08T02:10:37.827+0000] {processor.py:183} INFO - Processing /opt/airflow/dags/youtube_pipeline.py took 0.080 seconds
[2026-09-08T02:11:08.076+0000] {processor.py:161} INFO - Started process (PID=48001) to work on /opt/airflow/dags/youtube_pipeline.py
[2026-09-08T02:11:08.077+0000] {processor.py:830} INFO - Processing file /opt/airflow/dags/youtube_pipeline.py for tasks to queue
[2026-09-08T02:11:08.078+0000] {logging_mixin.py:188} INFO - [2026-09-08T02:11:08.078+0000] {dagbag.py:545} INFO - Filling up the DagBag from /opt/airflow/dags/youtube_pipeline.py
[2026-09-08T02:11:08.096+0000] {processor.py:840} INFO - DAG(s) 'youtube_english_video_pipeline' retrieved from /opt/airflow/dags/youtube_pipeline.py
[2026-09-08T02:11:08.125+0000] {logging_mixin.py:188} INFO - [2026-09-08T02:11:08.125+0000] {dag.py:3089} INFO - Sync 1 DAGs
[2026-09-08T02:11:08.138+0000] {logging_mixin.py:188} INFO - [2026-09-08T02:11:08.138+0000] {dag.py:3947} INFO - Setting next_dagrun for youtube_english_video_pipeline to 2026-09-07 12:00:00+00:00, run_after=2026-09-08 12:00:00+00:00
[2026-09-08T02:11:08.161+0000] {processor.py:183} INFO - Processing /opt/airflow/dags/youtube_pipeline.py took 0.090 seconds
[2026-09-08T02:11:38.313+0000] {processor.py:161} INFO - Started process (PID=48006) to work on /opt/airflow/dags/youtube_pipeline.py
[2026-09-08T02:11:38.314+0000] {processor.py:830} INFO - Processing file /opt/airflow/dags/youtube_pipeline.py for tasks to queue
[2026-09-08T02:11:38.316+0000] {logging_mixin.py:188} INFO - [2026-09-08T02:11:38.315+0000] {dagbag.py:545} INFO - Filling up the DagBag from /opt/airflow/dags/youtube_pipeline.py
[2026-09-08T02:11:38.336+0000] {processor.py:840} INFO - DAG(s) 'youtube_english_video_pipeline' retrieved from /opt/airflow/dags/youtube_pipeline.py
[2026-09-08T02:11:38.369+0000] {logging_mixin.py:188} INFO - [2026-09-08T02:11:38.368+0000] {dag.py:3089} INFO - Sync 1 DAGs
[2026-09-08T02:11:38.387+0000] {logging_mixin.py:188} INFO - [2026-09-08T02:11:38.387+0000] {dag.py:3947} INFO - Setting next_dagrun for youtube_english_video_pipeline to 2026-09-07 12:00:00+00:00, run_after=2026-09-08 12:00:00+00:00
[2026-09-08T02:11:38.402+0000] {processor.py:183} INFO - Processing /opt/airflow/dags/youtube_pipeline.py took 0.094 seconds
[2026-09-08T02:12:08.798+0000] {processor.py:161} INFO - Started process (PID=48011) to work on /opt/airflow/dags/youtube_pipeline.py
[2026-09-08T02:12:08.799+0000] {processor.py:830} INFO - Processing file /opt/airflow/dags/youtube_pipeline.py for tasks to queue
[2026-09-08T02:12:08.801+0000] {logging_mixin.py:188} INFO - [2026-09-08T02:12:08.801+0000] {dagbag.py:545} INFO - Filling up the DagBag from /opt/airflow/dags/youtube_pipeline.py
[2026-09-08T02:12:08.838+0000] {processor.py:840} INFO - DAG(s) 'youtube_english_video_pipeline' retrieved from /opt/airflow/dags/youtube_pipeline.py
[2026-09-08T02:12:08.869+0000] {logging_mixin.py:188} INFO - [2026-09-08T02:12:08.869+0000] {dag.py:3089} INFO - Sync 1 DAGs
[2026-09-08T02:12:08.884+0000] {logging_mixin.py:188} INFO - [2026-09-08T02:12:08.884+0000] {dag.py:3947} INFO - Setting next_dagrun for youtube_english_video_pipeline to 2026-09-07 12:00:00+00:00, run_after=2026-09-08 12:00:00+00:00
[2026-09-08T02:12:08.920+0000] {processor.py:183} INFO - Processing /opt/airflow/dags/youtube_pipeline.py took 0.127 seconds
[2026-09-08T02:12:39.018+0000] {processor.py:161} INFO - Started process (PID=48016) to work on /opt/airflow/dags/youtube_pipeline.py
[2026-09-08T02:12:39.019+0000] {processor.py:830} INFO - Processing file /opt/airflow/dags/youtube_pipeline.py for tasks to queue
[2026-09-08T02:12:39.021+0000] {logging_mixin.py:188} INFO - [2026-09-08T02:12:39.020+0000] {dagbag.py:545} INFO - Filling up the DagBag from /opt/airflow/dags/youtube_pipeline.py
[2026-09-08T02:12:39.041+0000] {processor.py:840} INFO - DAG(s) 'youtube_english_video_pipeline' retrieved from /opt/airflow/dags/youtube_pipeline.py
[2026-09-08T02:12:39.071+0000] {logging_mixin.py:188} INFO - [2026-09-08T02:12:39.071+0000] {dag.py:3089} INFO - Sync 1 DAGs
[2026-09-08T02:12:39.086+0000] {logging_mixin.py:188} INFO - [2026-09-08T02:12:39.086+0000] {dag.py:3947} INFO - Setting next_dagrun for youtube_english_video_pipeline to 2026-09-07 12:00:00+00:00, run_after=2026-09-08 12:00:00+00:00
[2026-09-08T02:12:39.099+0000] {processor.py:183} INFO - Processing /opt/airflow/dags/youtube_pipeline.py took 0.086 seconds
[2026-09-08T02:13:09.249+0000] {processor.py:161} INFO - Started process (PID=48021) to work on /opt/airflow/dags/youtube_pipeline.py
[2026-09-08T02:13:09.249+0000] {processor.py:830} INFO - Processing file /opt/airflow/dags/youtube_pipeline.py for tasks to queue
[2026-09-08T02:13:09.251+0000] {logging_mixin.py:188} INFO - [2026-09-08T02:13:09.251+0000] {dagbag.py:545} INFO - Filling up the DagBag from /opt/airflow/dags/youtube_pipeline.py
[2026-09-08T02:13:09.269+0000] {processor.py:840} INFO - DAG(s) 'youtube_english_video_pipeline' retrieved from /opt/airflow/dags/youtube_pipeline.py
[2026-09-08T02:13:09.301+0000] {logging_mixin.py:188} INFO - [2026-09-08T02:13:09.301+0000] {dag.py:3089} INFO - Sync 1 DAGs
[2026-09-08T02:13:09.318+0000] {logging_mixin.py:188} INFO - [2026-09-08T02:13:09.317+0000] {dag.py:3947} INFO - Setting next_dagrun for youtube_english_video_pipeline to 2026-09-07 12:00:00+00:00, run_after=2026-09-08 12:00:00+00:00
[2026-09-08T02:13:09.340+0000] {processor.py:183} INFO - Processing /opt/airflow/dags/youtube_pipeline.py took 0.100 seconds
[2026-09-08T02:13:39.568+0000] {processor.py:161} INFO - Started process (PID=48026) to work on /opt/airflow/dags/youtube_pipeline.py
[2026-09-08T02:13:39.570+0000] {processor.py:830} INFO - Processing file /opt/airflow/dags/youtube_pipeline.py for tasks to queue
[2026-09-08T02:13:39.572+0000] {logging_mixin.py:188} INFO - [2026-09-08T02:13:39.571+0000] {dagbag.py:545} INFO - Filling up the DagBag from /opt/airflow/dags/youtube_pipeline.py
[2026-09-08T02:13:39.609+0000] {processor.py:840} INFO - DAG(s) 'youtube_english_video_pipeline' retrieved from /opt/airflow/dags/youtube_pipeline.py
[2026-09-08T02:13:39.642+0000] {logging_mixin.py:188} INFO - [2026-09-08T02:13:39.641+0000] {dag.py:3089} INFO - Sync 1 DAGs
[2026-09-08T02:13:39.657+0000] {logging_mixin.py:188} INFO - [2026-09-08T02:13:39.657+0000] {dag.py:3947} INFO - Setting next_dagrun for youtube_english_video_pipeline to 2026-09-07 12:00:00+00:00, run_after=2026-09-08 12:00:00+00:00
[2026-09-08T02:13:39.673+0000] {processor.py:183} INFO - Processing /opt/airflow/dags/youtube_pipeline.py took 0.111 seconds
[2026-09-08T02:14:09.854+0000] {processor.py:161} INFO - Started process (PID=48031) to work on /opt/airflow/dags/youtube_pipeline.py
[2026-09-08T02:14:09.855+0000] {processor.py:830} INFO - Processing file /opt/airflow/dags/youtube_pipeline.py for tasks to queue
[2026-09-08T02:14:09.857+0000] {logging_mixin.py:188} INFO - [2026-09-08T02:14:09.856+0000] {dagbag.py:545} INFO - Filling up the DagBag from /opt/airflow/dags/youtube_pipeline.py
[2026-09-08T02:14:09.886+0000] {processor.py:840} INFO - DAG(s) 'youtube_english_video_pipeline' retrieved from /opt/airflow/dags/youtube_pipeline.py
[2026-09-08T02:14:09.920+0000] {logging_mixin.py:188} INFO - [2026-09-08T02:14:09.920+0000] {dag.py:3089} INFO - Sync 1 DAGs
[2026-09-08T02:14:09.937+0000] {logging_mixin.py:188} INFO - [2026-09-08T02:14:09.937+0000] {dag.py:3947} INFO - Setting next_dagrun for youtube_english_video_pipeline to 2026-09-07 12:00:00+00:00, run_after=2026-09-08 12:00:00+00:00
[2026-09-08T02:14:09.956+0000] {processor.py:183} INFO - Processing /opt/airflow/dags/youtube_pipeline.py took 0.108 seconds
[2026-09-08T02:14:40.183+0000] {processor.py:161} INFO - Started process (PID=48036) to work on /opt/airflow/dags/youtube_pipeline.py
[2026-09-08T02:14:40.184+0000] {processor.py:830} INFO - Processing file /opt/airflow/dags/youtube_pipeline.py for tasks to queue
[2026-09-08T02:14:40.186+0000] {logging_mixin.py:188} INFO - [2026-09-08T02:14:40.186+0000] {dagbag.py:545} INFO - Filling up the DagBag from /opt/airflow/dags/youtube_pipeline.py
[2026-09-08T02:14:40.221+0000] {processor.py:840} INFO - DAG(s) 'youtube_english_video_pipeline' retrieved from /opt/airflow/dags/youtube_pipeline.py
[2026-09-08T02:14:40.253+0000] {logging_mixin.py:188} INFO - [2026-09-08T02:14:40.253+0000] {dag.py:3089} INFO - Sync 1 DAGs
[2026-09-08T02:14:40.270+0000] {logging_mixin.py:188} INFO - [2026-09-08T02:14:40.270+0000] {dag.py:3947} INFO - Setting next_dagrun for youtube_english_video_pipeline to 2026-09-07 12:00:00+00:00, run_after=2026-09-08 12:00:00+00:00
[2026-09-08T02:14:40.287+0000] {processor.py:183} INFO - Processing /opt/airflow/dags/youtube_pipeline.py took 0.110 seconds
[2026-09-08T02:15:10.401+0000] {processor.py:161} INFO - Started process (PID=48041) to work on /opt/airflow/dags/youtube_pipeline.py
[2026-09-08T02:15:10.402+0000] {processor.py:830} INFO - Processing file /opt/airflow/dags/youtube_pipeline.py for tasks to queue
[2026-09-08T02:15:10.404+0000] {logging_mixin.py:188} INFO - [2026-09-08T02:15:10.403+0000] {dagbag.py:545} INFO - Filling up the DagBag from /opt/airflow/dags/youtube_pipeline.py
[2026-09-08T02:15:10.426+0000] {processor.py:840} INFO - DAG(s) 'youtube_english_video_pipeline' retrieved from /opt/airflow/dags/youtube_pipeline.py
[2026-09-08T02:15:10.495+0000] {logging_mixin.py:188} INFO - [2026-09-08T02:15:10.495+0000] {dag.py:3089} INFO - Sync 1 DAGs
[2026-09-08T02:15:10.520+0000] {logging_mixin.py:188} INFO - [2026-09-08T02:15:10.520+0000] {dag.py:3947} INFO - Setting next_dagrun for youtube_english_video_pipeline to 2026-09-07 12:00:00+00:00, run_after=2026-09-08 12:00:00+00:00
[2026-09-08T02:15:10.536+0000] {processor.py:183} INFO - Processing /opt/airflow/dags/youtube_pipeline.py took 0.142 seconds
[2026-09-08T02:15:41.305+0000] {processor.py:161} INFO - Started process (PID=48046) to work on /opt/airflow/dags/youtube_pipeline.py
[2026-09-08T02:15:41.307+0000] {processor.py:830} INFO - Processing file /opt/airflow/dags/youtube_pipeline.py for tasks to queue
[2026-09-08T02:15:41.308+0000] {logging_mixin.py:188} INFO - [2026-09-08T02:15:41.308+0000] {dagbag.py:545} INFO - Filling up the DagBag from /opt/airflow/dags/youtube_pipeline.py
[2026-09-08T02:15:41.340+0000] {processor.py:840} INFO - DAG(s) 'youtube_english_video_pipeline' retrieved from /opt/airflow/dags/youtube_pipeline.py
[2026-09-08T02:15:41.371+0000] {logging_mixin.py:188} INFO - [2026-09-08T02:15:41.371+0000] {dag.py:3089} INFO - Sync 1 DAGs
[2026-09-08T02:15:41.387+0000] {logging_mixin.py:188} INFO - [2026-09-08T02:15:41.387+0000] {dag.py:3947} INFO - Setting next_dagrun for youtube_english_video_pipeline to 2026-09-07 12:00:00+00:00, run_after=2026-09-08 12:00:00+00:00
[2026-09-08T02:15:41.409+0000] {processor.py:183} INFO - Processing /opt/airflow/dags/youtube_pipeline.py took 0.110 seconds
[2026-09-08T02:16:11.730+0000] {processor.py:161} INFO - Started process (PID=48051) to work on /opt/airflow/dags/youtube_pipeline.py
[2026-09-08T02:16:11.731+0000] {processor.py:830} INFO - Processing file /opt/airflow/dags/youtube_pipeline.py for tasks to queue
[2026-09-08T02:16:11.732+0000] {logging_mixin.py:188} INFO - [2026-09-08T02:16:11.732+0000] {dagbag.py:545} INFO - Filling up the DagBag from /opt/airflow/dags/youtube_pipeline.py
[2026-09-08T02:16:11.751+0000] {processor.py:840} INFO - DAG(s) 'youtube_english_video_pipeline' retrieved from /opt/airflow/dags/youtube_pipeline.py
[2026-09-08T02:16:11.784+0000] {logging_mixin.py:188} INFO - [2026-09-08T02:16:11.784+0000] {dag.py:3089} INFO - Sync 1 DAGs
[2026-09-08T02:16:11.798+0000] {logging_mixin.py:188} INFO - [2026-09-08T02:16:11.798+0000] {dag.py:3947} INFO - Setting next_dagrun for youtube_english_video_pipeline to 2026-09-07 12:00:00+00:00, run_after=2026-09-08 12:00:00+00:00
[2026-09-08T02:16:11.811+0000] {processor.py:183} INFO - Processing /opt/airflow/dags/youtube_pipeline.py took 0.086 seconds
[2026-09-08T02:16:42.096+0000] {processor.py:161} INFO - Started process (PID=48056) to work on /opt/airflow/dags/youtube_pipeline.py
[2026-09-08T02:16:42.099+0000] {processor.py:830} INFO - Processing file /opt/airflow/dags/youtube_pipeline.py for tasks to queue
[2026-09-08T02:16:42.103+0000] {logging_mixin.py:188} INFO - [2026-09-08T02:16:42.103+0000] {dagbag.py:545} INFO - Filling up the DagBag from /opt/airflow/dags/youtube_pipeline.py
[2026-09-08T02:16:42.211+0000] {processor.py:840} INFO - DAG(s) 'youtube_english_video_pipeline' retrieved from /opt/airflow/dags/youtube_pipeline.py
[2026-09-08T02:16:42.243+0000] {logging_mixin.py:188} INFO - [2026-09-08T02:16:42.243+0000] {dag.py:3089} INFO - Sync 1 DAGs
[2026-09-08T02:16:42.259+0000] {logging_mixin.py:188} INFO - [2026-09-08T02:16:42.259+0000] {dag.py:3947} INFO - Setting next_dagrun for youtube_english_video_pipeline to 2026-09-07 12:00:00+00:00, run_after=2026-09-08 12:00:00+00:00
[2026-09-08T02:16:42.277+0000] {processor.py:183} INFO - Processing /opt/airflow/dags/youtube_pipeline.py took 0.196 seconds
[2026-09-08T02:17:12.524+0000] {processor.py:161} INFO - Started process (PID=48061) to work on /opt/airflow/dags/youtube_pipeline.py
[2026-09-08T02:17:12.525+0000] {processor.py:830} INFO - Processing file /opt/airflow/dags/youtube_pipeline.py for tasks to queue
[2026-09-08T02:17:12.526+0000] {logging_mixin.py:188} INFO - [2026-09-08T02:17:12.526+0000] {dagbag.py:545} INFO - Filling up the DagBag from /opt/airflow/dags/youtube_pipeline.py
[2026-09-08T02:17:12.546+0000] {processor.py:840} INFO - DAG(s) 'youtube_english_video_pipeline' retrieved from /opt/airflow/dags/youtube_pipeline.py
[2026-09-08T02:17:12.577+0000] {logging_mixin.py:188} INFO - [2026-09-08T02:17:12.577+0000] {dag.py:3089} INFO - Sync 1 DAGs
[2026-09-08T02:17:12.593+0000] {logging_mixin.py:188} INFO - [2026-09-08T02:17:12.593+0000] {dag.py:3947} INFO - Setting next_dagrun for youtube_english_video_pipeline to 2026-09-07 12:00:00+00:00, run_after=2026-09-08 12:00:00+00:00
[2026-09-08T02:17:12.610+0000] {processor.py:183} INFO - Processing /opt/airflow/dags/youtube_pipeline.py took 0.091 seconds
[2026-09-08T02:17:43.130+0000] {processor.py:161} INFO - Started process (PID=48066) to work on /opt/airflow/dags/youtube_pipeline.py
[2026-09-08T02:17:43.131+0000] {processor.py:830} INFO - Processing file /opt/airflow/dags/youtube_pipeline.py for tasks to queue
[2026-09-08T02:17:43.132+0000] {logging_mixin.py:188} INFO - [2026-09-08T02:17:43.132+0000] {dagbag.py:545} INFO - Filling up the DagBag from /opt/airflow/dags/youtube_pipeline.py
[2026-09-08T02:17:43.153+0000] {processor.py:840} INFO - DAG(s) 'youtube_english_video_pipeline' retrieved from /opt/airflow/dags/youtube_pipeline.py
[2026-09-08T02:17:43.186+0000] {logging_mixin.py:188} INFO - [2026-09-08T02:17:43.186+0000] {dag.py:3089} INFO - Sync 1 DAGs
[2026-09-08T02:17:43.201+0000] {logging_mixin.py:188} INFO - [2026-09-08T02:17:43.201+0000] {dag.py:3947} INFO - Setting next_dagrun for youtube_english_video_pipeline to 2026-09-07 12:00:00+00:00, run_after=2026-09-08 12:00:00+00:00
[2026-09-08T02:17:43.214+0000] {processor.py:183} INFO - Processing /opt/airflow/dags/youtube_pipeline.py took 0.089 seconds
[2026-09-08T02:18:13.883+0000] {processor.py:161} INFO - Started process (PID=48071) to work on /opt/airflow/dags/youtube_pipeline.py
[2026-09-08T02:18:13.883+0000] {processor.py:830} INFO - Processing file /opt/airflow/dags/youtube_pipeline.py for tasks to queue
[2026-09-08T02:18:13.885+0000] {logging_mixin.py:188} INFO - [2026-09-08T02:18:13.885+0000] {dagbag.py:545} INFO - Filling up the DagBag from /opt/airflow/dags/youtube_pipeline.py
[2026-09-08T02:18:13.940+0000] {processor.py:840} INFO - DAG(s) 'youtube_english_video_pipeline' retrieved from /opt/airflow/dags/youtube_pipeline.py
[2026-09-08T02:18:13.971+0000] {logging_mixin.py:188} INFO - [2026-09-08T02:18:13.971+0000] {dag.py:3089} INFO - Sync 1 DAGs
[2026-09-08T02:18:13.988+0000] {logging_mixin.py:188} INFO - [2026-09-08T02:18:13.987+0000] {dag.py:3947} INFO - Setting next_dagrun for youtube_english_video_pipeline to 2026-09-07 12:00:00+00:00, run_after=2026-09-08 12:00:00+00:00
[2026-09-08T02:18:14.002+0000] {processor.py:183} INFO - Processing /opt/airflow/dags/youtube_pipeline.py took 0.125 seconds
[2026-09-08T02:18:44.115+0000] {processor.py:161} INFO - Started process (PID=48076) to work on /opt/airflow/dags/youtube_pipeline.py
[2026-09-08T02:18:44.116+0000] {processor.py:830} INFO - Processing file /opt/airflow/dags/youtube_pipeline.py for tasks to queue
[2026-09-08T02:18:44.118+0000] {logging_mixin.py:188} INFO - [2026-09-08T02:18:44.117+0000] {dagbag.py:545} INFO - Filling up the DagBag from /opt/airflow/dags/youtube_pipeline.py
[2026-09-08T02:18:44.137+0000] {processor.py:840} INFO - DAG(s) 'youtube_english_video_pipeline' retrieved from /opt/airflow/dags/youtube_pipeline.py
[2026-09-08T02:18:44.167+0000] {logging_mixin.py:188} INFO - [2026-09-08T02:18:44.167+0000] {dag.py:3089} INFO - Sync 1 DAGs
[2026-09-08T02:18:44.181+0000] {logging_mixin.py:188} INFO - [2026-09-08T02:18:44.181+0000] {dag.py:3947} INFO - Setting next_dagrun for youtube_english_video_pipeline to 2026-09-07 12:00:00+00:00, run_after=2026-09-08 12:00:00+00:00
[2026-09-08T02:18:44.198+0000] {processor.py:183} INFO - Processing /opt/airflow/dags/youtube_pipeline.py took 0.088 seconds
[2026-09-08T11:23:59.940+0000] {processor.py:161} INFO - Started process (PID=48081) to work on /opt/airflow/dags/youtube_pipeline.py
[2026-09-08T11:24:00.002+0000] {processor.py:830} INFO - Processing file /opt/airflow/dags/youtube_pipeline.py for tasks to queue
[2026-09-08T11:24:00.092+0000] {logging_mixin.py:188} INFO - [2026-09-08T11:24:00.091+0000] {dagbag.py:545} INFO - Filling up the DagBag from /opt/airflow/dags/youtube_pipeline.py
[2026-09-08T11:24:01.337+0000] {processor.py:840} INFO - DAG(s) 'youtube_english_video_pipeline' retrieved from /opt/airflow/dags/youtube_pipeline.py
[2026-09-08T11:24:01.420+0000] {logging_mixin.py:188} INFO - [2026-09-08T11:24:01.420+0000] {dag.py:3089} INFO - Sync 1 DAGs
[2026-09-08T11:24:01.468+0000] {logging_mixin.py:188} INFO - [2026-09-08T11:24:01.468+0000] {dag.py:3947} INFO - Setting next_dagrun for youtube_english_video_pipeline to 2026-09-07 12:00:00+00:00, run_after=2026-09-08 12:00:00+00:00
[2026-09-08T11:24:01.517+0000] {processor.py:183} INFO - Processing /opt/airflow/dags/youtube_pipeline.py took 1.653 seconds
[2026-09-08T11:38:04.709+0000] {processor.py:161} INFO - Started process (PID=48086) to work on /opt/airflow/dags/youtube_pipeline.py
[2026-09-08T11:38:04.713+0000] {processor.py:830} INFO - Processing file /opt/airflow/dags/youtube_pipeline.py for tasks to queue
[2026-09-08T11:38:04.716+0000] {logging_mixin.py:188} INFO - [2026-09-08T11:38:04.715+0000] {dagbag.py:545} INFO - Filling up the DagBag from /opt/airflow/dags/youtube_pipeline.py
[2026-09-08T11:38:04.790+0000] {processor.py:840} INFO - DAG(s) 'youtube_english_video_pipeline' retrieved from /opt/airflow/dags/youtube_pipeline.py
[2026-09-08T11:38:04.837+0000] {logging_mixin.py:188} INFO - [2026-09-08T11:38:04.837+0000] {dag.py:3089} INFO - Sync 1 DAGs
[2026-09-08T11:38:04.857+0000] {logging_mixin.py:188} INFO - [2026-09-08T11:38:04.857+0000] {dag.py:3947} INFO - Setting next_dagrun for youtube_english_video_pipeline to 2026-09-07 12:00:00+00:00, run_after=2026-09-08 12:00:00+00:00
[2026-09-08T11:38:04.888+0000] {processor.py:183} INFO - Processing /opt/airflow/dags/youtube_pipeline.py took 0.189 seconds
[2026-09-08T11:38:37.117+0000] {processor.py:161} INFO - Started process (PID=48091) to work on /opt/airflow/dags/youtube_pipeline.py
[2026-09-08T11:38:37.118+0000] {processor.py:830} INFO - Processing file /opt/airflow/dags/youtube_pipeline.py for tasks to queue
[2026-09-08T11:38:37.123+0000] {logging_mixin.py:188} INFO - [2026-09-08T11:38:37.123+0000] {dagbag.py:545} INFO - Filling up the DagBag from /opt/airflow/dags/youtube_pipeline.py
[2026-09-08T11:38:37.217+0000] {processor.py:840} INFO - DAG(s) 'youtube_english_video_pipeline' retrieved from /opt/airflow/dags/youtube_pipeline.py
[2026-09-08T11:38:37.256+0000] {logging_mixin.py:188} INFO - [2026-09-08T11:38:37.256+0000] {dag.py:3089} INFO - Sync 1 DAGs
[2026-09-08T11:38:37.272+0000] {logging_mixin.py:188} INFO - [2026-09-08T11:38:37.272+0000] {dag.py:3947} INFO - Setting next_dagrun for youtube_english_video_pipeline to 2026-09-07 12:00:00+00:00, run_after=2026-09-08 12:00:00+00:00
[2026-09-08T11:38:37.291+0000] {processor.py:183} INFO - Processing /opt/airflow/dags/youtube_pipeline.py took 0.181 seconds
[2026-09-08T11:39:07.516+0000] {processor.py:161} INFO - Started process (PID=48096) to work on /opt/airflow/dags/youtube_pipeline.py
[2026-09-08T11:39:07.517+0000] {processor.py:830} INFO - Processing file /opt/airflow/dags/youtube_pipeline.py for tasks to queue
[2026-09-08T11:39:07.519+0000] {logging_mixin.py:188} INFO - [2026-09-08T11:39:07.518+0000] {dagbag.py:545} INFO - Filling up the DagBag from /opt/airflow/dags/youtube_pipeline.py
[2026-09-08T11:39:07.539+0000] {processor.py:840} INFO - DAG(s) 'youtube_english_video_pipeline' retrieved from /opt/airflow/dags/youtube_pipeline.py
[2026-09-08T11:39:07.568+0000] {logging_mixin.py:188} INFO - [2026-09-08T11:39:07.567+0000] {dag.py:3089} INFO - Sync 1 DAGs
[2026-09-08T11:39:07.581+0000] {logging_mixin.py:188} INFO - [2026-09-08T11:39:07.581+0000] {dag.py:3947} INFO - Setting next_dagrun for youtube_english_video_pipeline to 2026-09-07 12:00:00+00:00, run_after=2026-09-08 12:00:00+00:00
[2026-09-08T11:39:07.594+0000] {processor.py:183} INFO - Processing /opt/airflow/dags/youtube_pipeline.py took 0.083 seconds
[2026-09-08T11:39:37.765+0000] {processor.py:161} INFO - Started process (PID=48101) to work on /opt/airflow/dags/youtube_pipeline.py
[2026-09-08T11:39:37.766+0000] {processor.py:830} INFO - Processing file /opt/airflow/dags/youtube_pipeline.py for tasks to queue
[2026-09-08T11:39:37.767+0000] {logging_mixin.py:188} INFO - [2026-09-08T11:39:37.767+0000] {dagbag.py:545} INFO - Filling up the DagBag from /opt/airflow/dags/youtube_pipeline.py
[2026-09-08T11:39:37.786+0000] {processor.py:840} INFO - DAG(s) 'youtube_english_video_pipeline' retrieved from /opt/airflow/dags/youtube_pipeline.py
[2026-09-08T11:39:37.817+0000] {logging_mixin.py:188} INFO - [2026-09-08T11:39:37.817+0000] {dag.py:3089} INFO - Sync 1 DAGs
[2026-09-08T11:39:37.832+0000] {logging_mixin.py:188} INFO - [2026-09-08T11:39:37.831+0000] {dag.py:3947} INFO - Setting next_dagrun for youtube_english_video_pipeline to 2026-09-07 12:00:00+00:00, run_after=2026-09-08 12:00:00+00:00
[2026-09-08T11:39:37.858+0000] {processor.py:183} INFO - Processing /opt/airflow/dags/youtube_pipeline.py took 0.098 seconds
[2026-09-08T11:40:08.000+0000] {processor.py:161} INFO - Started process (PID=48106) to work on /opt/airflow/dags/youtube_pipeline.py
[2026-09-08T11:40:08.002+0000] {processor.py:830} INFO - Processing file /opt/airflow/dags/youtube_pipeline.py for tasks to queue
[2026-09-08T11:40:08.003+0000] {logging_mixin.py:188} INFO - [2026-09-08T11:40:08.003+0000] {dagbag.py:545} INFO - Filling up the DagBag from /opt/airflow/dags/youtube_pipeline.py
[2026-09-08T11:40:08.023+0000] {processor.py:840} INFO - DAG(s) 'youtube_english_video_pipeline' retrieved from /opt/airflow/dags/youtube_pipeline.py
[2026-09-08T11:40:08.054+0000] {logging_mixin.py:188} INFO - [2026-09-08T11:40:08.053+0000] {dag.py:3089} INFO - Sync 1 DAGs
[2026-09-08T11:40:08.068+0000] {logging_mixin.py:188} INFO - [2026-09-08T11:40:08.068+0000] {dag.py:3947} INFO - Setting next_dagrun for youtube_english_video_pipeline to 2026-09-07 12:00:00+00:00, run_after=2026-09-08 12:00:00+00:00
[2026-09-08T11:40:08.091+0000] {processor.py:183} INFO - Processing /opt/airflow/dags/youtube_pipeline.py took 0.096 seconds
[2026-09-08T11:40:38.328+0000] {processor.py:161} INFO - Started process (PID=48111) to work on /opt/airflow/dags/youtube_pipeline.py
[2026-09-08T11:40:38.330+0000] {processor.py:830} INFO - Processing file /opt/airflow/dags/youtube_pipeline.py for tasks to queue
[2026-09-08T11:40:38.332+0000] {logging_mixin.py:188} INFO - [2026-09-08T11:40:38.331+0000] {dagbag.py:545} INFO - Filling up the DagBag from /opt/airflow/dags/youtube_pipeline.py
[2026-09-08T11:40:38.373+0000] {processor.py:840} INFO - DAG(s) 'youtube_english_video_pipeline' retrieved from /opt/airflow/dags/youtube_pipeline.py
[2026-09-08T11:40:38.405+0000] {logging_mixin.py:188} INFO - [2026-09-08T11:40:38.405+0000] {dag.py:3089} INFO - Sync 1 DAGs
[2026-09-08T11:40:38.421+0000] {logging_mixin.py:188} INFO - [2026-09-08T11:40:38.421+0000] {dag.py:3947} INFO - Setting next_dagrun for youtube_english_video_pipeline to 2026-09-07 12:00:00+00:00, run_after=2026-09-08 12:00:00+00:00
[2026-09-08T11:40:38.444+0000] {processor.py:183} INFO - Processing /opt/airflow/dags/youtube_pipeline.py took 0.122 seconds
[2026-09-08T11:41:08.560+0000] {processor.py:161} INFO - Started process (PID=48116) to work on /opt/airflow/dags/youtube_pipeline.py
[2026-09-08T11:41:08.561+0000] {processor.py:830} INFO - Processing file /opt/airflow/dags/youtube_pipeline.py for tasks to queue
[2026-09-08T11:41:08.562+0000] {logging_mixin.py:188} INFO - [2026-09-08T11:41:08.562+0000] {dagbag.py:545} INFO - Filling up the DagBag from /opt/airflow/dags/youtube_pipeline.py
[2026-09-08T11:41:08.583+0000] {processor.py:840} INFO - DAG(s) 'youtube_english_video_pipeline' retrieved from /opt/airflow/dags/youtube_pipeline.py
[2026-09-08T11:41:08.615+0000] {logging_mixin.py:188} INFO - [2026-09-08T11:41:08.615+0000] {dag.py:3089} INFO - Sync 1 DAGs
[2026-09-08T11:41:08.630+0000] {logging_mixin.py:188} INFO - [2026-09-08T11:41:08.630+0000] {dag.py:3947} INFO - Setting next_dagrun for youtube_english_video_pipeline to 2026-09-07 12:00:00+00:00, run_after=2026-09-08 12:00:00+00:00
[2026-09-08T11:41:08.646+0000] {processor.py:183} INFO - Processing /opt/airflow/dags/youtube_pipeline.py took 0.091 seconds
[2026-09-08T11:41:38.907+0000] {processor.py:161} INFO - Started process (PID=48121) to work on /opt/airflow/dags/youtube_pipeline.py
[2026-09-08T11:41:38.909+0000] {processor.py:830} INFO - Processing file /opt/airflow/dags/youtube_pipeline.py for tasks to queue
[2026-09-08T11:41:38.912+0000] {logging_mixin.py:188} INFO - [2026-09-08T11:41:38.911+0000] {dagbag.py:545} INFO - Filling up the DagBag from /opt/airflow/dags/youtube_pipeline.py
[2026-09-08T11:41:38.981+0000] {processor.py:840} INFO - DAG(s) 'youtube_english_video_pipeline' retrieved from /opt/airflow/dags/youtube_pipeline.py
[2026-09-08T11:41:39.022+0000] {logging_mixin.py:188} INFO - [2026-09-08T11:41:39.021+0000] {dag.py:3089} INFO - Sync 1 DAGs
[2026-09-08T11:41:39.042+0000] {logging_mixin.py:188} INFO - [2026-09-08T11:41:39.042+0000] {dag.py:3947} INFO - Setting next_dagrun for youtube_english_video_pipeline to 2026-09-07 12:00:00+00:00, run_after=2026-09-08 12:00:00+00:00
[2026-09-08T11:41:39.061+0000] {processor.py:183} INFO - Processing /opt/airflow/dags/youtube_pipeline.py took 0.164 seconds
[2026-09-08T11:42:09.289+0000] {processor.py:161} INFO - Started process (PID=48126) to work on /opt/airflow/dags/youtube_pipeline.py
[2026-09-08T11:42:09.291+0000] {processor.py:830} INFO - Processing file /opt/airflow/dags/youtube_pipeline.py for tasks to queue
[2026-09-08T11:42:09.293+0000] {logging_mixin.py:188} INFO - [2026-09-08T11:42:09.292+0000] {dagbag.py:545} INFO - Filling up the DagBag from /opt/airflow/dags/youtube_pipeline.py
[2026-09-08T11:42:09.314+0000] {processor.py:840} INFO - DAG(s) 'youtube_english_video_pipeline' retrieved from /opt/airflow/dags/youtube_pipeline.py
[2026-09-08T11:42:09.347+0000] {logging_mixin.py:188} INFO - [2026-09-08T11:42:09.347+0000] {dag.py:3089} INFO - Sync 1 DAGs
[2026-09-08T11:42:09.363+0000] {logging_mixin.py:188} INFO - [2026-09-08T11:42:09.363+0000] {dag.py:3947} INFO - Setting next_dagrun for youtube_english_video_pipeline to 2026-09-07 12:00:00+00:00, run_after=2026-09-08 12:00:00+00:00
[2026-09-08T11:42:09.379+0000] {processor.py:183} INFO - Processing /opt/airflow/dags/youtube_pipeline.py took 0.096 seconds
[2026-09-08T11:42:39.477+0000] {processor.py:161} INFO - Started process (PID=48131) to work on /opt/airflow/dags/youtube_pipeline.py
[2026-09-08T11:42:39.481+0000] {processor.py:830} INFO - Processing file /opt/airflow/dags/youtube_pipeline.py for tasks to queue
[2026-09-08T11:42:39.484+0000] {logging_mixin.py:188} INFO - [2026-09-08T11:42:39.483+0000] {dagbag.py:545} INFO - Filling up the DagBag from /opt/airflow/dags/youtube_pipeline.py
[2026-09-08T11:42:39.595+0000] {processor.py:840} INFO - DAG(s) 'youtube_english_video_pipeline' retrieved from /opt/airflow/dags/youtube_pipeline.py
[2026-09-08T11:42:39.631+0000] {logging_mixin.py:188} INFO - [2026-09-08T11:42:39.630+0000] {dag.py:3089} INFO - Sync 1 DAGs
[2026-09-08T11:42:39.645+0000] {logging_mixin.py:188} INFO - [2026-09-08T11:42:39.645+0000] {dag.py:3947} INFO - Setting next_dagrun for youtube_english_video_pipeline to 2026-09-07 12:00:00+00:00, run_after=2026-09-08 12:00:00+00:00
[2026-09-08T11:42:39.658+0000] {processor.py:183} INFO - Processing /opt/airflow/dags/youtube_pipeline.py took 0.186 seconds
[2026-09-08T11:43:09.786+0000] {processor.py:161} INFO - Started process (PID=48136) to work on /opt/airflow/dags/youtube_pipeline.py
[2026-09-08T11:43:09.787+0000] {processor.py:830} INFO - Processing file /opt/airflow/dags/youtube_pipeline.py for tasks to queue
[2026-09-08T11:43:09.788+0000] {logging_mixin.py:188} INFO - [2026-09-08T11:43:09.788+0000] {dagbag.py:545} INFO - Filling up the DagBag from /opt/airflow/dags/youtube_pipeline.py
[2026-09-08T11:43:09.809+0000] {processor.py:840} INFO - DAG(s) 'youtube_english_video_pipeline' retrieved from /opt/airflow/dags/youtube_pipeline.py
[2026-09-08T11:43:09.839+0000] {logging_mixin.py:188} INFO - [2026-09-08T11:43:09.839+0000] {dag.py:3089} INFO - Sync 1 DAGs
[2026-09-08T11:43:09.853+0000] {logging_mixin.py:188} INFO - [2026-09-08T11:43:09.853+0000] {dag.py:3947} INFO - Setting next_dagrun for youtube_english_video_pipeline to 2026-09-07 12:00:00+00:00, run_after=2026-09-08 12:00:00+00:00
[2026-09-08T11:43:09.868+0000] {processor.py:183} INFO - Processing /opt/airflow/dags/youtube_pipeline.py took 0.088 seconds
[2026-09-08T11:43:40.142+0000] {processor.py:161} INFO - Started process (PID=48141) to work on /opt/airflow/dags/youtube_pipeline.py
[2026-09-08T11:43:40.143+0000] {processor.py:830} INFO - Processing file /opt/airflow/dags/youtube_pipeline.py for tasks to queue
[2026-09-08T11:43:40.144+0000] {logging_mixin.py:188} INFO - [2026-09-08T11:43:40.144+0000] {dagbag.py:545} INFO - Filling up the DagBag from /opt/airflow/dags/youtube_pipeline.py
[2026-09-08T11:43:40.166+0000] {processor.py:840} INFO - DAG(s) 'youtube_english_video_pipeline' retrieved from /opt/airflow/dags/youtube_pipeline.py
[2026-09-08T11:43:40.198+0000] {logging_mixin.py:188} INFO - [2026-09-08T11:43:40.198+0000] {dag.py:3089} INFO - Sync 1 DAGs
[2026-09-08T11:43:40.212+0000] {logging_mixin.py:188} INFO - [2026-09-08T11:43:40.212+0000] {dag.py:3947} INFO - Setting next_dagrun for youtube_english_video_pipeline to 2026-09-07 12:00:00+00:00, run_after=2026-09-08 12:00:00+00:00
[2026-09-08T11:43:40.226+0000] {processor.py:183} INFO - Processing /opt/airflow/dags/youtube_pipeline.py took 0.088 seconds
[2026-09-08T11:44:10.352+0000] {processor.py:161} INFO - Started process (PID=48146) to work on /opt/airflow/dags/youtube_pipeline.py
[2026-09-08T11:44:10.354+0000] {processor.py:830} INFO - Processing file /opt/airflow/dags/youtube_pipeline.py for tasks to queue
[2026-09-08T11:44:10.355+0000] {logging_mixin.py:188} INFO - [2026-09-08T11:44:10.355+0000] {dagbag.py:545} INFO - Filling up the DagBag from /opt/airflow/dags/youtube_pipeline.py
[2026-09-08T11:44:10.374+0000] {processor.py:840} INFO - DAG(s) 'youtube_english_video_pipeline' retrieved from /opt/airflow/dags/youtube_pipeline.py
[2026-09-08T11:44:10.403+0000] {logging_mixin.py:188} INFO - [2026-09-08T11:44:10.403+0000] {dag.py:3089} INFO - Sync 1 DAGs
[2026-09-08T11:44:10.417+0000] {logging_mixin.py:188} INFO - [2026-09-08T11:44:10.417+0000] {dag.py:3947} INFO - Setting next_dagrun for youtube_english_video_pipeline to 2026-09-07 12:00:00+00:00, run_after=2026-09-08 12:00:00+00:00
[2026-09-08T11:44:10.432+0000] {processor.py:183} INFO - Processing /opt/airflow/dags/youtube_pipeline.py took 0.085 seconds
[2026-09-08T11:44:40.622+0000] {processor.py:161} INFO - Started process (PID=48151) to work on /opt/airflow/dags/youtube_pipeline.py
[2026-09-08T11:44:40.622+0000] {processor.py:830} INFO - Processing file /opt/airflow/dags/youtube_pipeline.py for tasks to queue
[2026-09-08T11:44:40.624+0000] {logging_mixin.py:188} INFO - [2026-09-08T11:44:40.624+0000] {dagbag.py:545} INFO - Filling up the DagBag from /opt/airflow/dags/youtube_pipeline.py
[2026-09-08T11:44:40.644+0000] {processor.py:840} INFO - DAG(s) 'youtube_english_video_pipeline' retrieved from /opt/airflow/dags/youtube_pipeline.py
[2026-09-08T11:44:40.674+0000] {logging_mixin.py:188} INFO - [2026-09-08T11:44:40.674+0000] {dag.py:3089} INFO - Sync 1 DAGs
[2026-09-08T11:44:40.689+0000] {logging_mixin.py:188} INFO - [2026-09-08T11:44:40.688+0000] {dag.py:3947} INFO - Setting next_dagrun for youtube_english_video_pipeline to 2026-09-07 12:00:00+00:00, run_after=2026-09-08 12:00:00+00:00
[2026-09-08T11:44:40.704+0000] {processor.py:183} INFO - Processing /opt/airflow/dags/youtube_pipeline.py took 0.087 seconds
[2026-09-08T11:45:10.889+0000] {processor.py:161} INFO - Started process (PID=48156) to work on /opt/airflow/dags/youtube_pipeline.py
[2026-09-08T11:45:10.890+0000] {processor.py:830} INFO - Processing file /opt/airflow/dags/youtube_pipeline.py for tasks to queue
[2026-09-08T11:45:10.892+0000] {logging_mixin.py:188} INFO - [2026-09-08T11:45:10.892+0000] {dagbag.py:545} INFO - Filling up the DagBag from /opt/airflow/dags/youtube_pipeline.py
[2026-09-08T11:45:10.911+0000] {processor.py:840} INFO - DAG(s) 'youtube_english_video_pipeline' retrieved from /opt/airflow/dags/youtube_pipeline.py
[2026-09-08T11:45:10.941+0000] {logging_mixin.py:188} INFO - [2026-09-08T11:45:10.941+0000] {dag.py:3089} INFO - Sync 1 DAGs
[2026-09-08T11:45:10.955+0000] {logging_mixin.py:188} INFO - [2026-09-08T11:45:10.955+0000] {dag.py:3947} INFO - Setting next_dagrun for youtube_english_video_pipeline to 2026-09-07 12:00:00+00:00, run_after=2026-09-08 12:00:00+00:00
[2026-09-08T11:45:10.968+0000] {processor.py:183} INFO - Processing /opt/airflow/dags/youtube_pipeline.py took 0.085 seconds
[2026-09-08T11:45:41.167+0000] {processor.py:161} INFO - Started process (PID=48161) to work on /opt/airflow/dags/youtube_pipeline.py
[2026-09-08T11:45:41.168+0000] {processor.py:830} INFO - Processing file /opt/airflow/dags/youtube_pipeline.py for tasks to queue
[2026-09-08T11:45:41.170+0000] {logging_mixin.py:188} INFO - [2026-09-08T11:45:41.170+0000] {dagbag.py:545} INFO - Filling up the DagBag from /opt/airflow/dags/youtube_pipeline.py
[2026-09-08T11:45:41.204+0000] {processor.py:840} INFO - DAG(s) 'youtube_english_video_pipeline' retrieved from /opt/airflow/dags/youtube_pipeline.py
[2026-09-08T11:45:41.236+0000] {logging_mixin.py:188} INFO - [2026-09-08T11:45:41.236+0000] {dag.py:3089} INFO - Sync 1 DAGs
[2026-09-08T11:45:41.251+0000] {logging_mixin.py:188} INFO - [2026-09-08T11:45:41.251+0000] {dag.py:3947} INFO - Setting next_dagrun for youtube_english_video_pipeline to 2026-09-07 12:00:00+00:00, run_after=2026-09-08 12:00:00+00:00
[2026-09-08T11:45:41.267+0000] {processor.py:183} INFO - Processing /opt/airflow/dags/youtube_pipeline.py took 0.105 seconds
[2026-09-08T11:46:11.396+0000] {processor.py:161} INFO - Started process (PID=48166) to work on /opt/airflow/dags/youtube_pipeline.py
[2026-09-08T11:46:11.397+0000] {processor.py:830} INFO - Processing file /opt/airflow/dags/youtube_pipeline.py for tasks to queue
[2026-09-08T11:46:11.398+0000] {logging_mixin.py:188} INFO - [2026-09-08T11:46:11.398+0000] {dagbag.py:545} INFO - Filling up the DagBag from /opt/airflow/dags/youtube_pipeline.py
[2026-09-08T11:46:11.416+0000] {processor.py:840} INFO - DAG(s) 'youtube_english_video_pipeline' retrieved from /opt/airflow/dags/youtube_pipeline.py
[2026-09-08T11:46:11.446+0000] {logging_mixin.py:188} INFO - [2026-09-08T11:46:11.446+0000] {dag.py:3089} INFO - Sync 1 DAGs
[2026-09-08T11:46:11.461+0000] {logging_mixin.py:188} INFO - [2026-09-08T11:46:11.461+0000] {dag.py:3947} INFO - Setting next_dagrun for youtube_english_video_pipeline to 2026-09-07 12:00:00+00:00, run_after=2026-09-08 12:00:00+00:00
[2026-09-08T11:46:11.476+0000] {processor.py:183} INFO - Processing /opt/airflow/dags/youtube_pipeline.py took 0.085 seconds
[2026-09-08T11:46:41.670+0000] {processor.py:161} INFO - Started process (PID=48171) to work on /opt/airflow/dags/youtube_pipeline.py
[2026-09-08T11:46:41.672+0000] {processor.py:830} INFO - Processing file /opt/airflow/dags/youtube_pipeline.py for tasks to queue
[2026-09-08T11:46:41.674+0000] {logging_mixin.py:188} INFO - [2026-09-08T11:46:41.674+0000] {dagbag.py:545} INFO - Filling up the DagBag from /opt/airflow/dags/youtube_pipeline.py
[2026-09-08T11:46:41.697+0000] {processor.py:840} INFO - DAG(s) 'youtube_english_video_pipeline' retrieved from /opt/airflow/dags/youtube_pipeline.py
[2026-09-08T11:46:41.730+0000] {logging_mixin.py:188} INFO - [2026-09-08T11:46:41.730+0000] {dag.py:3089} INFO - Sync 1 DAGs
[2026-09-08T11:46:41.746+0000] {logging_mixin.py:188} INFO - [2026-09-08T11:46:41.746+0000] {dag.py:3947} INFO - Setting next_dagrun for youtube_english_video_pipeline to 2026-09-07 12:00:00+00:00, run_after=2026-09-08 12:00:00+00:00
[2026-09-08T11:46:41.770+0000] {processor.py:183} INFO - Processing /opt/airflow/dags/youtube_pipeline.py took 0.104 seconds
[2026-09-08T11:47:11.964+0000] {processor.py:161} INFO - Started process (PID=48176) to work on /opt/airflow/dags/youtube_pipeline.py
[2026-09-08T11:47:11.965+0000] {processor.py:830} INFO - Processing file /opt/airflow/dags/youtube_pipeline.py for tasks to queue
[2026-09-08T11:47:11.966+0000] {logging_mixin.py:188} INFO - [2026-09-08T11:47:11.966+0000] {dagbag.py:545} INFO - Filling up the DagBag from /opt/airflow/dags/youtube_pipeline.py
[2026-09-08T11:47:12.003+0000] {processor.py:840} INFO - DAG(s) 'youtube_english_video_pipeline' retrieved from /opt/airflow/dags/youtube_pipeline.py
[2026-09-08T11:47:12.033+0000] {logging_mixin.py:188} INFO - [2026-09-08T11:47:12.033+0000] {dag.py:3089} INFO - Sync 1 DAGs
[2026-09-08T11:47:12.048+0000] {logging_mixin.py:188} INFO - [2026-09-08T11:47:12.048+0000] {dag.py:3947} INFO - Setting next_dagrun for youtube_english_video_pipeline to 2026-09-07 12:00:00+00:00, run_after=2026-09-08 12:00:00+00:00
[2026-09-08T11:47:12.062+0000] {processor.py:183} INFO - Processing /opt/airflow/dags/youtube_pipeline.py took 0.104 seconds
[2026-09-08T11:47:42.247+0000] {processor.py:161} INFO - Started process (PID=48181) to work on /opt/airflow/dags/youtube_pipeline.py
[2026-09-08T11:47:42.248+0000] {processor.py:830} INFO - Processing file /opt/airflow/dags/youtube_pipeline.py for tasks to queue
[2026-09-08T11:47:42.250+0000] {logging_mixin.py:188} INFO - [2026-09-08T11:47:42.249+0000] {dagbag.py:545} INFO - Filling up the DagBag from /opt/airflow/dags/youtube_pipeline.py
[2026-09-08T11:47:42.278+0000] {processor.py:840} INFO - DAG(s) 'youtube_english_video_pipeline' retrieved from /opt/airflow/dags/youtube_pipeline.py
[2026-09-08T11:47:42.310+0000] {logging_mixin.py:188} INFO - [2026-09-08T11:47:42.310+0000] {dag.py:3089} INFO - Sync 1 DAGs
[2026-09-08T11:47:42.324+0000] {logging_mixin.py:188} INFO - [2026-09-08T11:47:42.324+0000] {dag.py:3947} INFO - Setting next_dagrun for youtube_english_video_pipeline to 2026-09-07 12:00:00+00:00, run_after=2026-09-08 12:00:00+00:00
[2026-09-08T11:47:42.340+0000] {processor.py:183} INFO - Processing /opt/airflow/dags/youtube_pipeline.py took 0.098 seconds
[2026-09-08T11:48:12.555+0000] {processor.py:161} INFO - Started process (PID=48186) to work on /opt/airflow/dags/youtube_pipeline.py
[2026-09-08T11:48:12.557+0000] {processor.py:830} INFO - Processing file /opt/airflow/dags/youtube_pipeline.py for tasks to queue
[2026-09-08T11:48:12.558+0000] {logging_mixin.py:188} INFO - [2026-09-08T11:48:12.558+0000] {dagbag.py:545} INFO - Filling up the DagBag from /opt/airflow/dags/youtube_pipeline.py
[2026-09-08T11:48:12.591+0000] {processor.py:840} INFO - DAG(s) 'youtube_english_video_pipeline' retrieved from /opt/airflow/dags/youtube_pipeline.py
[2026-09-08T11:48:12.620+0000] {logging_mixin.py:188} INFO - [2026-09-08T11:48:12.620+0000] {dag.py:3089} INFO - Sync 1 DAGs
[2026-09-08T11:48:12.635+0000] {logging_mixin.py:188} INFO - [2026-09-08T11:48:12.635+0000] {dag.py:3947} INFO - Setting next_dagrun for youtube_english_video_pipeline to 2026-09-07 12:00:00+00:00, run_after=2026-09-08 12:00:00+00:00
[2026-09-08T11:48:12.650+0000] {processor.py:183} INFO - Processing /opt/airflow/dags/youtube_pipeline.py took 0.100 seconds
[2026-09-08T11:48:42.770+0000] {processor.py:161} INFO - Started process (PID=48191) to work on /opt/airflow/dags/youtube_pipeline.py
[2026-09-08T11:48:42.772+0000] {processor.py:830} INFO - Processing file /opt/airflow/dags/youtube_pipeline.py for tasks to queue
[2026-09-08T11:48:42.773+0000] {logging_mixin.py:188} INFO - [2026-09-08T11:48:42.773+0000] {dagbag.py:545} INFO - Filling up the DagBag from /opt/airflow/dags/youtube_pipeline.py
[2026-09-08T11:48:42.805+0000] {processor.py:840} INFO - DAG(s) 'youtube_english_video_pipeline' retrieved from /opt/airflow/dags/youtube_pipeline.py
[2026-09-08T11:48:42.839+0000] {logging_mixin.py:188} INFO - [2026-09-08T11:48:42.839+0000] {dag.py:3089} INFO - Sync 1 DAGs
[2026-09-08T11:48:42.856+0000] {logging_mixin.py:188} INFO - [2026-09-08T11:48:42.856+0000] {dag.py:3947} INFO - Setting next_dagrun for youtube_english_video_pipeline to 2026-09-07 12:00:00+00:00, run_after=2026-09-08 12:00:00+00:00
[2026-09-08T11:48:42.880+0000] {processor.py:183} INFO - Processing /opt/airflow/dags/youtube_pipeline.py took 0.116 seconds
[2026-09-08T11:49:13.074+0000] {processor.py:161} INFO - Started process (PID=48196) to work on /opt/airflow/dags/youtube_pipeline.py
[2026-09-08T11:49:13.076+0000] {processor.py:830} INFO - Processing file /opt/airflow/dags/youtube_pipeline.py for tasks to queue
[2026-09-08T11:49:13.077+0000] {logging_mixin.py:188} INFO - [2026-09-08T11:49:13.077+0000] {dagbag.py:545} INFO - Filling up the DagBag from /opt/airflow/dags/youtube_pipeline.py
[2026-09-08T11:49:13.098+0000] {processor.py:840} INFO - DAG(s) 'youtube_english_video_pipeline' retrieved from /opt/airflow/dags/youtube_pipeline.py
[2026-09-08T11:49:13.130+0000] {logging_mixin.py:188} INFO - [2026-09-08T11:49:13.130+0000] {dag.py:3089} INFO - Sync 1 DAGs
[2026-09-08T11:49:13.144+0000] {logging_mixin.py:188} INFO - [2026-09-08T11:49:13.144+0000] {dag.py:3947} INFO - Setting next_dagrun for youtube_english_video_pipeline to 2026-09-07 12:00:00+00:00, run_after=2026-09-08 12:00:00+00:00
[2026-09-08T11:49:13.158+0000] {processor.py:183} INFO - Processing /opt/airflow/dags/youtube_pipeline.py took 0.088 seconds
[2026-09-08T11:49:43.343+0000] {processor.py:161} INFO - Started process (PID=48201) to work on /opt/airflow/dags/youtube_pipeline.py
[2026-09-08T11:49:43.344+0000] {processor.py:830} INFO - Processing file /opt/airflow/dags/youtube_pipeline.py for tasks to queue
[2026-09-08T11:49:43.346+0000] {logging_mixin.py:188} INFO - [2026-09-08T11:49:43.345+0000] {dagbag.py:545} INFO - Filling up the DagBag from /opt/airflow/dags/youtube_pipeline.py
[2026-09-08T11:49:43.370+0000] {processor.py:840} INFO - DAG(s) 'youtube_english_video_pipeline' retrieved from /opt/airflow/dags/youtube_pipeline.py
[2026-09-08T11:49:43.404+0000] {logging_mixin.py:188} INFO - [2026-09-08T11:49:43.404+0000] {dag.py:3089} INFO - Sync 1 DAGs
[2026-09-08T11:49:43.421+0000] {logging_mixin.py:188} INFO - [2026-09-08T11:49:43.421+0000] {dag.py:3947} INFO - Setting next_dagrun for youtube_english_video_pipeline to 2026-09-07 12:00:00+00:00, run_after=2026-09-08 12:00:00+00:00
[2026-09-08T11:49:43.435+0000] {processor.py:183} INFO - Processing /opt/airflow/dags/youtube_pipeline.py took 0.099 seconds
[2026-09-08T11:50:13.590+0000] {processor.py:161} INFO - Started process (PID=48206) to work on /opt/airflow/dags/youtube_pipeline.py
[2026-09-08T11:50:13.591+0000] {processor.py:830} INFO - Processing file /opt/airflow/dags/youtube_pipeline.py for tasks to queue
[2026-09-08T11:50:13.593+0000] {logging_mixin.py:188} INFO - [2026-09-08T11:50:13.593+0000] {dagbag.py:545} INFO - Filling up the DagBag from /opt/airflow/dags/youtube_pipeline.py
[2026-09-08T11:50:13.613+0000] {processor.py:840} INFO - DAG(s) 'youtube_english_video_pipeline' retrieved from /opt/airflow/dags/youtube_pipeline.py
[2026-09-08T11:50:13.642+0000] {logging_mixin.py:188} INFO - [2026-09-08T11:50:13.642+0000] {dag.py:3089} INFO - Sync 1 DAGs
[2026-09-08T11:50:13.656+0000] {logging_mixin.py:188} INFO - [2026-09-08T11:50:13.656+0000] {dag.py:3947} INFO - Setting next_dagrun for youtube_english_video_pipeline to 2026-09-07 12:00:00+00:00, run_after=2026-09-08 12:00:00+00:00
[2026-09-08T11:50:13.672+0000] {processor.py:183} INFO - Processing /opt/airflow/dags/youtube_pipeline.py took 0.088 seconds
[2026-09-08T11:50:43.858+0000] {processor.py:161} INFO - Started process (PID=48211) to work on /opt/airflow/dags/youtube_pipeline.py
[2026-09-08T11:50:43.859+0000] {processor.py:830} INFO - Processing file /opt/airflow/dags/youtube_pipeline.py for tasks to queue
[2026-09-08T11:50:43.861+0000] {logging_mixin.py:188} INFO - [2026-09-08T11:50:43.860+0000] {dagbag.py:545} INFO - Filling up the DagBag from /opt/airflow/dags/youtube_pipeline.py
[2026-09-08T11:50:43.883+0000] {processor.py:840} INFO - DAG(s) 'youtube_english_video_pipeline' retrieved from /opt/airflow/dags/youtube_pipeline.py
[2026-09-08T11:50:43.914+0000] {logging_mixin.py:188} INFO - [2026-09-08T11:50:43.914+0000] {dag.py:3089} INFO - Sync 1 DAGs
[2026-09-08T11:50:43.930+0000] {logging_mixin.py:188} INFO - [2026-09-08T11:50:43.930+0000] {dag.py:3947} INFO - Setting next_dagrun for youtube_english_video_pipeline to 2026-09-07 12:00:00+00:00, run_after=2026-09-08 12:00:00+00:00
[2026-09-08T11:50:43.953+0000] {processor.py:183} INFO - Processing /opt/airflow/dags/youtube_pipeline.py took 0.102 seconds
[2026-09-08T11:51:14.046+0000] {processor.py:161} INFO - Started process (PID=48216) to work on /opt/airflow/dags/youtube_pipeline.py
[2026-09-08T11:51:14.047+0000] {processor.py:830} INFO - Processing file /opt/airflow/dags/youtube_pipeline.py for tasks to queue
[2026-09-08T11:51:14.049+0000] {logging_mixin.py:188} INFO - [2026-09-08T11:51:14.048+0000] {dagbag.py:545} INFO - Filling up the DagBag from /opt/airflow/dags/youtube_pipeline.py
[2026-09-08T11:51:14.072+0000] {processor.py:840} INFO - DAG(s) 'youtube_english_video_pipeline' retrieved from /opt/airflow/dags/youtube_pipeline.py
[2026-09-08T11:51:14.103+0000] {logging_mixin.py:188} INFO - [2026-09-08T11:51:14.103+0000] {dag.py:3089} INFO - Sync 1 DAGs
[2026-09-08T11:51:14.119+0000] {logging_mixin.py:188} INFO - [2026-09-08T11:51:14.119+0000] {dag.py:3947} INFO - Setting next_dagrun for youtube_english_video_pipeline to 2026-09-07 12:00:00+00:00, run_after=2026-09-08 12:00:00+00:00
[2026-09-08T11:51:14.135+0000] {processor.py:183} INFO - Processing /opt/airflow/dags/youtube_pipeline.py took 0.093 seconds
[2026-09-08T11:51:44.413+0000] {processor.py:161} INFO - Started process (PID=48221) to work on /opt/airflow/dags/youtube_pipeline.py
[2026-09-08T11:51:44.414+0000] {processor.py:830} INFO - Processing file /opt/airflow/dags/youtube_pipeline.py for tasks to queue
[2026-09-08T11:51:44.415+0000] {logging_mixin.py:188} INFO - [2026-09-08T11:51:44.415+0000] {dagbag.py:545} INFO - Filling up the DagBag from /opt/airflow/dags/youtube_pipeline.py
[2026-09-08T11:51:44.448+0000] {processor.py:840} INFO - DAG(s) 'youtube_english_video_pipeline' retrieved from /opt/airflow/dags/youtube_pipeline.py
[2026-09-08T11:51:44.479+0000] {logging_mixin.py:188} INFO - [2026-09-08T11:51:44.479+0000] {dag.py:3089} INFO - Sync 1 DAGs
[2026-09-08T11:51:44.495+0000] {logging_mixin.py:188} INFO - [2026-09-08T11:51:44.494+0000] {dag.py:3947} INFO - Setting next_dagrun for youtube_english_video_pipeline to 2026-09-07 12:00:00+00:00, run_after=2026-09-08 12:00:00+00:00
[2026-09-08T11:51:44.509+0000] {processor.py:183} INFO - Processing /opt/airflow/dags/youtube_pipeline.py took 0.102 seconds
[2026-09-08T11:52:14.646+0000] {processor.py:161} INFO - Started process (PID=48226) to work on /opt/airflow/dags/youtube_pipeline.py
[2026-09-08T11:52:14.647+0000] {processor.py:830} INFO - Processing file /opt/airflow/dags/youtube_pipeline.py for tasks to queue
[2026-09-08T11:52:14.648+0000] {logging_mixin.py:188} INFO - [2026-09-08T11:52:14.648+0000] {dagbag.py:545} INFO - Filling up the DagBag from /opt/airflow/dags/youtube_pipeline.py
[2026-09-08T11:52:14.670+0000] {processor.py:840} INFO - DAG(s) 'youtube_english_video_pipeline' retrieved from /opt/airflow/dags/youtube_pipeline.py
[2026-09-08T11:52:14.704+0000] {logging_mixin.py:188} INFO - [2026-09-08T11:52:14.704+0000] {dag.py:3089} INFO - Sync 1 DAGs
[2026-09-08T11:52:14.721+0000] {logging_mixin.py:188} INFO - [2026-09-08T11:52:14.721+0000] {dag.py:3947} INFO - Setting next_dagrun for youtube_english_video_pipeline to 2026-09-07 12:00:00+00:00, run_after=2026-09-08 12:00:00+00:00
[2026-09-08T11:52:14.749+0000] {processor.py:183} INFO - Processing /opt/airflow/dags/youtube_pipeline.py took 0.109 seconds
[2026-09-08T11:52:45.064+0000] {processor.py:161} INFO - Started process (PID=48231) to work on /opt/airflow/dags/youtube_pipeline.py
[2026-09-08T11:52:45.065+0000] {processor.py:830} INFO - Processing file /opt/airflow/dags/youtube_pipeline.py for tasks to queue
[2026-09-08T11:52:45.069+0000] {logging_mixin.py:188} INFO - [2026-09-08T11:52:45.069+0000] {dagbag.py:545} INFO - Filling up the DagBag from /opt/airflow/dags/youtube_pipeline.py
[2026-09-08T11:52:45.185+0000] {processor.py:840} INFO - DAG(s) 'youtube_english_video_pipeline' retrieved from /opt/airflow/dags/youtube_pipeline.py
[2026-09-08T11:52:45.224+0000] {logging_mixin.py:188} INFO - [2026-09-08T11:52:45.224+0000] {dag.py:3089} INFO - Sync 1 DAGs
[2026-09-08T11:52:45.244+0000] {logging_mixin.py:188} INFO - [2026-09-08T11:52:45.243+0000] {dag.py:3947} INFO - Setting next_dagrun for youtube_english_video_pipeline to 2026-09-07 12:00:00+00:00, run_after=2026-09-08 12:00:00+00:00
[2026-09-08T11:52:45.279+0000] {processor.py:183} INFO - Processing /opt/airflow/dags/youtube_pipeline.py took 0.225 seconds
[2026-09-08T11:53:15.557+0000] {processor.py:161} INFO - Started process (PID=48236) to work on /opt/airflow/dags/youtube_pipeline.py
[2026-09-08T11:53:15.558+0000] {processor.py:830} INFO - Processing file /opt/airflow/dags/youtube_pipeline.py for tasks to queue
[2026-09-08T11:53:15.559+0000] {logging_mixin.py:188} INFO - [2026-09-08T11:53:15.559+0000] {dagbag.py:545} INFO - Filling up the DagBag from /opt/airflow/dags/youtube_pipeline.py
[2026-09-08T11:53:15.580+0000] {processor.py:840} INFO - DAG(s) 'youtube_english_video_pipeline' retrieved from /opt/airflow/dags/youtube_pipeline.py
[2026-09-08T11:53:15.613+0000] {logging_mixin.py:188} INFO - [2026-09-08T11:53:15.613+0000] {dag.py:3089} INFO - Sync 1 DAGs
[2026-09-08T11:53:15.629+0000] {logging_mixin.py:188} INFO - [2026-09-08T11:53:15.629+0000] {dag.py:3947} INFO - Setting next_dagrun for youtube_english_video_pipeline to 2026-09-07 12:00:00+00:00, run_after=2026-09-08 12:00:00+00:00
[2026-09-08T11:53:15.654+0000] {processor.py:183} INFO - Processing /opt/airflow/dags/youtube_pipeline.py took 0.102 seconds
[2026-09-08T11:53:45.752+0000] {processor.py:161} INFO - Started process (PID=48241) to work on /opt/airflow/dags/youtube_pipeline.py
[2026-09-08T11:53:45.753+0000] {processor.py:830} INFO - Processing file /opt/airflow/dags/youtube_pipeline.py for tasks to queue
[2026-09-08T11:53:45.755+0000] {logging_mixin.py:188} INFO - [2026-09-08T11:53:45.754+0000] {dagbag.py:545} INFO - Filling up the DagBag from /opt/airflow/dags/youtube_pipeline.py
[2026-09-08T11:53:45.775+0000] {processor.py:840} INFO - DAG(s) 'youtube_english_video_pipeline' retrieved from /opt/airflow/dags/youtube_pipeline.py
[2026-09-08T11:53:45.805+0000] {logging_mixin.py:188} INFO - [2026-09-08T11:53:45.805+0000] {dag.py:3089} INFO - Sync 1 DAGs
[2026-09-08T11:53:45.820+0000] {logging_mixin.py:188} INFO - [2026-09-08T11:53:45.820+0000] {dag.py:3947} INFO - Setting next_dagrun for youtube_english_video_pipeline to 2026-09-07 12:00:00+00:00, run_after=2026-09-08 12:00:00+00:00
[2026-09-08T11:53:45.834+0000] {processor.py:183} INFO - Processing /opt/airflow/dags/youtube_pipeline.py took 0.086 seconds
[2026-09-08T11:54:16.101+0000] {processor.py:161} INFO - Started process (PID=48246) to work on /opt/airflow/dags/youtube_pipeline.py
[2026-09-08T11:54:16.103+0000] {processor.py:830} INFO - Processing file /opt/airflow/dags/youtube_pipeline.py for tasks to queue
[2026-09-08T11:54:16.106+0000] {logging_mixin.py:188} INFO - [2026-09-08T11:54:16.106+0000] {dagbag.py:545} INFO - Filling up the DagBag from /opt/airflow/dags/youtube_pipeline.py
[2026-09-08T11:54:16.159+0000] {processor.py:840} INFO - DAG(s) 'youtube_english_video_pipeline' retrieved from /opt/airflow/dags/youtube_pipeline.py
[2026-09-08T11:54:16.199+0000] {logging_mixin.py:188} INFO - [2026-09-08T11:54:16.199+0000] {dag.py:3089} INFO - Sync 1 DAGs
[2026-09-08T11:54:16.214+0000] {logging_mixin.py:188} INFO - [2026-09-08T11:54:16.214+0000] {dag.py:3947} INFO - Setting next_dagrun for youtube_english_video_pipeline to 2026-09-07 12:00:00+00:00, run_after=2026-09-08 12:00:00+00:00
[2026-09-08T11:54:16.231+0000] {processor.py:183} INFO - Processing /opt/airflow/dags/youtube_pipeline.py took 0.136 seconds
[2026-09-08T11:54:46.334+0000] {processor.py:161} INFO - Started process (PID=48251) to work on /opt/airflow/dags/youtube_pipeline.py
[2026-09-08T11:54:46.335+0000] {processor.py:830} INFO - Processing file /opt/airflow/dags/youtube_pipeline.py for tasks to queue
[2026-09-08T11:54:46.337+0000] {logging_mixin.py:188} INFO - [2026-09-08T11:54:46.337+0000] {dagbag.py:545} INFO - Filling up the DagBag from /opt/airflow/dags/youtube_pipeline.py
[2026-09-08T11:54:46.372+0000] {processor.py:840} INFO - DAG(s) 'youtube_english_video_pipeline' retrieved from /opt/airflow/dags/youtube_pipeline.py
[2026-09-08T11:54:46.403+0000] {logging_mixin.py:188} INFO - [2026-09-08T11:54:46.403+0000] {dag.py:3089} INFO - Sync 1 DAGs
[2026-09-08T11:54:46.419+0000] {logging_mixin.py:188} INFO - [2026-09-08T11:54:46.419+0000] {dag.py:3947} INFO - Setting next_dagrun for youtube_english_video_pipeline to 2026-09-07 12:00:00+00:00, run_after=2026-09-08 12:00:00+00:00
[2026-09-08T11:54:46.434+0000] {processor.py:183} INFO - Processing /opt/airflow/dags/youtube_pipeline.py took 0.107 seconds
[2026-09-08T11:55:16.609+0000] {processor.py:161} INFO - Started process (PID=48256) to work on /opt/airflow/dags/youtube_pipeline.py
[2026-09-08T11:55:16.610+0000] {processor.py:830} INFO - Processing file /opt/airflow/dags/youtube_pipeline.py for tasks to queue
[2026-09-08T11:55:16.611+0000] {logging_mixin.py:188} INFO - [2026-09-08T11:55:16.611+0000] {dagbag.py:545} INFO - Filling up the DagBag from /opt/airflow/dags/youtube_pipeline.py
[2026-09-08T11:55:16.635+0000] {processor.py:840} INFO - DAG(s) 'youtube_english_video_pipeline' retrieved from /opt/airflow/dags/youtube_pipeline.py
[2026-09-08T11:55:16.671+0000] {logging_mixin.py:188} INFO - [2026-09-08T11:55:16.670+0000] {dag.py:3089} INFO - Sync 1 DAGs
[2026-09-08T11:55:16.698+0000] {logging_mixin.py:188} INFO - [2026-09-08T11:55:16.698+0000] {dag.py:3947} INFO - Setting next_dagrun for youtube_english_video_pipeline to 2026-09-07 12:00:00+00:00, run_after=2026-09-08 12:00:00+00:00
[2026-09-08T11:55:16.726+0000] {processor.py:183} INFO - Processing /opt/airflow/dags/youtube_pipeline.py took 0.123 seconds
[2026-09-08T11:55:46.883+0000] {processor.py:161} INFO - Started process (PID=48261) to work on /opt/airflow/dags/youtube_pipeline.py
[2026-09-08T11:55:46.885+0000] {processor.py:830} INFO - Processing file /opt/airflow/dags/youtube_pipeline.py for tasks to queue
[2026-09-08T11:55:46.887+0000] {logging_mixin.py:188} INFO - [2026-09-08T11:55:46.886+0000] {dagbag.py:545} INFO - Filling up the DagBag from /opt/airflow/dags/youtube_pipeline.py
[2026-09-08T11:55:46.917+0000] {processor.py:840} INFO - DAG(s) 'youtube_english_video_pipeline' retrieved from /opt/airflow/dags/youtube_pipeline.py
[2026-09-08T11:55:46.950+0000] {logging_mixin.py:188} INFO - [2026-09-08T11:55:46.950+0000] {dag.py:3089} INFO - Sync 1 DAGs
[2026-09-08T11:55:46.966+0000] {logging_mixin.py:188} INFO - [2026-09-08T11:55:46.966+0000] {dag.py:3947} INFO - Setting next_dagrun for youtube_english_video_pipeline to 2026-09-07 12:00:00+00:00, run_after=2026-09-08 12:00:00+00:00
[2026-09-08T11:55:46.983+0000] {processor.py:183} INFO - Processing /opt/airflow/dags/youtube_pipeline.py took 0.106 seconds
[2026-09-08T11:56:17.159+0000] {processor.py:161} INFO - Started process (PID=48266) to work on /opt/airflow/dags/youtube_pipeline.py
[2026-09-08T11:56:17.160+0000] {processor.py:830} INFO - Processing file /opt/airflow/dags/youtube_pipeline.py for tasks to queue
[2026-09-08T11:56:17.162+0000] {logging_mixin.py:188} INFO - [2026-09-08T11:56:17.162+0000] {dagbag.py:545} INFO - Filling up the DagBag from /opt/airflow/dags/youtube_pipeline.py
[2026-09-08T11:56:17.202+0000] {processor.py:840} INFO - DAG(s) 'youtube_english_video_pipeline' retrieved from /opt/airflow/dags/youtube_pipeline.py
[2026-09-08T11:56:17.240+0000] {logging_mixin.py:188} INFO - [2026-09-08T11:56:17.240+0000] {dag.py:3089} INFO - Sync 1 DAGs
[2026-09-08T11:56:17.258+0000] {logging_mixin.py:188} INFO - [2026-09-08T11:56:17.258+0000] {dag.py:3947} INFO - Setting next_dagrun for youtube_english_video_pipeline to 2026-09-07 12:00:00+00:00, run_after=2026-09-08 12:00:00+00:00
[2026-09-08T11:56:17.274+0000] {processor.py:183} INFO - Processing /opt/airflow/dags/youtube_pipeline.py took 0.121 seconds
[2026-09-08T11:56:47.413+0000] {processor.py:161} INFO - Started process (PID=48271) to work on /opt/airflow/dags/youtube_pipeline.py
[2026-09-08T11:56:47.414+0000] {processor.py:830} INFO - Processing file /opt/airflow/dags/youtube_pipeline.py for tasks to queue
[2026-09-08T11:56:47.416+0000] {logging_mixin.py:188} INFO - [2026-09-08T11:56:47.415+0000] {dagbag.py:545} INFO - Filling up the DagBag from /opt/airflow/dags/youtube_pipeline.py
[2026-09-08T11:56:47.449+0000] {processor.py:840} INFO - DAG(s) 'youtube_english_video_pipeline' retrieved from /opt/airflow/dags/youtube_pipeline.py
[2026-09-08T11:56:47.494+0000] {logging_mixin.py:188} INFO - [2026-09-08T11:56:47.493+0000] {dag.py:3089} INFO - Sync 1 DAGs
[2026-09-08T11:56:47.510+0000] {logging_mixin.py:188} INFO - [2026-09-08T11:56:47.510+0000] {dag.py:3947} INFO - Setting next_dagrun for youtube_english_video_pipeline to 2026-09-07 12:00:00+00:00, run_after=2026-09-08 12:00:00+00:00
[2026-09-08T11:56:47.527+0000] {processor.py:183} INFO - Processing /opt/airflow/dags/youtube_pipeline.py took 0.121 seconds
[2026-09-08T11:57:17.686+0000] {processor.py:161} INFO - Started process (PID=48276) to work on /opt/airflow/dags/youtube_pipeline.py
[2026-09-08T11:57:17.688+0000] {processor.py:830} INFO - Processing file /opt/airflow/dags/youtube_pipeline.py for tasks to queue
[2026-09-08T11:57:17.689+0000] {logging_mixin.py:188} INFO - [2026-09-08T11:57:17.689+0000] {dagbag.py:545} INFO - Filling up the DagBag from /opt/airflow/dags/youtube_pipeline.py
[2026-09-08T11:57:17.726+0000] {processor.py:840} INFO - DAG(s) 'youtube_english_video_pipeline' retrieved from /opt/airflow/dags/youtube_pipeline.py
[2026-09-08T11:57:17.756+0000] {logging_mixin.py:188} INFO - [2026-09-08T11:57:17.756+0000] {dag.py:3089} INFO - Sync 1 DAGs
[2026-09-08T11:57:17.770+0000] {logging_mixin.py:188} INFO - [2026-09-08T11:57:17.770+0000] {dag.py:3947} INFO - Setting next_dagrun for youtube_english_video_pipeline to 2026-09-07 12:00:00+00:00, run_after=2026-09-08 12:00:00+00:00
[2026-09-08T11:57:17.785+0000] {processor.py:183} INFO - Processing /opt/airflow/dags/youtube_pipeline.py took 0.105 seconds
[2026-09-08T11:57:47.903+0000] {processor.py:161} INFO - Started process (PID=48281) to work on /opt/airflow/dags/youtube_pipeline.py
[2026-09-08T11:57:47.904+0000] {processor.py:830} INFO - Processing file /opt/airflow/dags/youtube_pipeline.py for tasks to queue
[2026-09-08T11:57:47.906+0000] {logging_mixin.py:188} INFO - [2026-09-08T11:57:47.905+0000] {dagbag.py:545} INFO - Filling up the DagBag from /opt/airflow/dags/youtube_pipeline.py
[2026-09-08T11:57:47.927+0000] {processor.py:840} INFO - DAG(s) 'youtube_english_video_pipeline' retrieved from /opt/airflow/dags/youtube_pipeline.py
[2026-09-08T11:57:47.964+0000] {logging_mixin.py:188} INFO - [2026-09-08T11:57:47.964+0000] {dag.py:3089} INFO - Sync 1 DAGs
[2026-09-08T11:57:47.983+0000] {logging_mixin.py:188} INFO - [2026-09-08T11:57:47.983+0000] {dag.py:3947} INFO - Setting next_dagrun for youtube_english_video_pipeline to 2026-09-07 12:00:00+00:00, run_after=2026-09-08 12:00:00+00:00
[2026-09-08T11:57:48.007+0000] {processor.py:183} INFO - Processing /opt/airflow/dags/youtube_pipeline.py took 0.111 seconds
[2026-09-08T11:58:18.234+0000] {processor.py:161} INFO - Started process (PID=48286) to work on /opt/airflow/dags/youtube_pipeline.py
[2026-09-08T11:58:18.236+0000] {processor.py:830} INFO - Processing file /opt/airflow/dags/youtube_pipeline.py for tasks to queue
[2026-09-08T11:58:18.237+0000] {logging_mixin.py:188} INFO - [2026-09-08T11:58:18.237+0000] {dagbag.py:545} INFO - Filling up the DagBag from /opt/airflow/dags/youtube_pipeline.py
[2026-09-08T11:58:18.269+0000] {processor.py:840} INFO - DAG(s) 'youtube_english_video_pipeline' retrieved from /opt/airflow/dags/youtube_pipeline.py
[2026-09-08T11:58:18.302+0000] {logging_mixin.py:188} INFO - [2026-09-08T11:58:18.301+0000] {dag.py:3089} INFO - Sync 1 DAGs
[2026-09-08T11:58:18.318+0000] {logging_mixin.py:188} INFO - [2026-09-08T11:58:18.318+0000] {dag.py:3947} INFO - Setting next_dagrun for youtube_english_video_pipeline to 2026-09-07 12:00:00+00:00, run_after=2026-09-08 12:00:00+00:00
[2026-09-08T11:58:18.337+0000] {processor.py:183} INFO - Processing /opt/airflow/dags/youtube_pipeline.py took 0.108 seconds
[2026-09-08T11:58:48.453+0000] {processor.py:161} INFO - Started process (PID=48291) to work on /opt/airflow/dags/youtube_pipeline.py
[2026-09-08T11:58:48.454+0000] {processor.py:830} INFO - Processing file /opt/airflow/dags/youtube_pipeline.py for tasks to queue
[2026-09-08T11:58:48.456+0000] {logging_mixin.py:188} INFO - [2026-09-08T11:58:48.455+0000] {dagbag.py:545} INFO - Filling up the DagBag from /opt/airflow/dags/youtube_pipeline.py
[2026-09-08T11:58:48.478+0000] {processor.py:840} INFO - DAG(s) 'youtube_english_video_pipeline' retrieved from /opt/airflow/dags/youtube_pipeline.py
[2026-09-08T11:58:48.513+0000] {logging_mixin.py:188} INFO - [2026-09-08T11:58:48.513+0000] {dag.py:3089} INFO - Sync 1 DAGs
[2026-09-08T11:58:48.529+0000] {logging_mixin.py:188} INFO - [2026-09-08T11:58:48.529+0000] {dag.py:3947} INFO - Setting next_dagrun for youtube_english_video_pipeline to 2026-09-07 12:00:00+00:00, run_after=2026-09-08 12:00:00+00:00
[2026-09-08T11:58:48.543+0000] {processor.py:183} INFO - Processing /opt/airflow/dags/youtube_pipeline.py took 0.096 seconds
[2026-09-08T11:59:18.668+0000] {processor.py:161} INFO - Started process (PID=48296) to work on /opt/airflow/dags/youtube_pipeline.py
[2026-09-08T11:59:18.669+0000] {processor.py:830} INFO - Processing file /opt/airflow/dags/youtube_pipeline.py for tasks to queue
[2026-09-08T11:59:18.671+0000] {logging_mixin.py:188} INFO - [2026-09-08T11:59:18.671+0000] {dagbag.py:545} INFO - Filling up the DagBag from /opt/airflow/dags/youtube_pipeline.py
[2026-09-08T11:59:18.700+0000] {processor.py:840} INFO - DAG(s) 'youtube_english_video_pipeline' retrieved from /opt/airflow/dags/youtube_pipeline.py
[2026-09-08T11:59:18.731+0000] {logging_mixin.py:188} INFO - [2026-09-08T11:59:18.730+0000] {dag.py:3089} INFO - Sync 1 DAGs
[2026-09-08T11:59:18.749+0000] {logging_mixin.py:188} INFO - [2026-09-08T11:59:18.749+0000] {dag.py:3947} INFO - Setting next_dagrun for youtube_english_video_pipeline to 2026-09-07 12:00:00+00:00, run_after=2026-09-08 12:00:00+00:00
[2026-09-08T11:59:18.766+0000] {processor.py:183} INFO - Processing /opt/airflow/dags/youtube_pipeline.py took 0.103 seconds
[2026-09-08T11:59:48.977+0000] {processor.py:161} INFO - Started process (PID=48301) to work on /opt/airflow/dags/youtube_pipeline.py
[2026-09-08T11:59:48.978+0000] {processor.py:830} INFO - Processing file /opt/airflow/dags/youtube_pipeline.py for tasks to queue
[2026-09-08T11:59:48.980+0000] {logging_mixin.py:188} INFO - [2026-09-08T11:59:48.980+0000] {dagbag.py:545} INFO - Filling up the DagBag from /opt/airflow/dags/youtube_pipeline.py
[2026-09-08T11:59:49.010+0000] {processor.py:840} INFO - DAG(s) 'youtube_english_video_pipeline' retrieved from /opt/airflow/dags/youtube_pipeline.py
[2026-09-08T11:59:49.043+0000] {logging_mixin.py:188} INFO - [2026-09-08T11:59:49.043+0000] {dag.py:3089} INFO - Sync 1 DAGs
[2026-09-08T11:59:49.057+0000] {logging_mixin.py:188} INFO - [2026-09-08T11:59:49.057+0000] {dag.py:3947} INFO - Setting next_dagrun for youtube_english_video_pipeline to 2026-09-07 12:00:00+00:00, run_after=2026-09-08 12:00:00+00:00
[2026-09-08T11:59:49.070+0000] {processor.py:183} INFO - Processing /opt/airflow/dags/youtube_pipeline.py took 0.098 seconds
[2026-09-08T12:00:19.203+0000] {processor.py:161} INFO - Started process (PID=48335) to work on /opt/airflow/dags/youtube_pipeline.py
[2026-09-08T12:00:19.204+0000] {processor.py:830} INFO - Processing file /opt/airflow/dags/youtube_pipeline.py for tasks to queue
[2026-09-08T12:00:19.206+0000] {logging_mixin.py:188} INFO - [2026-09-08T12:00:19.205+0000] {dagbag.py:545} INFO - Filling up the DagBag from /opt/airflow/dags/youtube_pipeline.py
[2026-09-08T12:00:19.225+0000] {processor.py:840} INFO - DAG(s) 'youtube_english_video_pipeline' retrieved from /opt/airflow/dags/youtube_pipeline.py
[2026-09-08T12:00:19.254+0000] {logging_mixin.py:188} INFO - [2026-09-08T12:00:19.253+0000] {dag.py:3089} INFO - Sync 1 DAGs
[2026-09-08T12:00:19.289+0000] {processor.py:183} INFO - Processing /opt/airflow/dags/youtube_pipeline.py took 0.094 seconds
[2026-09-08T12:00:49.480+0000] {processor.py:161} INFO - Started process (PID=48355) to work on /opt/airflow/dags/youtube_pipeline.py
[2026-09-08T12:00:49.481+0000] {processor.py:830} INFO - Processing file /opt/airflow/dags/youtube_pipeline.py for tasks to queue
[2026-09-08T12:00:49.482+0000] {logging_mixin.py:188} INFO - [2026-09-08T12:00:49.482+0000] {dagbag.py:545} INFO - Filling up the DagBag from /opt/airflow/dags/youtube_pipeline.py
[2026-09-08T12:00:49.503+0000] {processor.py:840} INFO - DAG(s) 'youtube_english_video_pipeline' retrieved from /opt/airflow/dags/youtube_pipeline.py
[2026-09-08T12:00:49.533+0000] {logging_mixin.py:188} INFO - [2026-09-08T12:00:49.533+0000] {dag.py:3089} INFO - Sync 1 DAGs
[2026-09-08T12:00:49.559+0000] {processor.py:183} INFO - Processing /opt/airflow/dags/youtube_pipeline.py took 0.085 seconds
[2026-09-08T12:01:19.682+0000] {processor.py:161} INFO - Started process (PID=48365) to work on /opt/airflow/dags/youtube_pipeline.py
[2026-09-08T12:01:19.683+0000] {processor.py:830} INFO - Processing file /opt/airflow/dags/youtube_pipeline.py for tasks to queue
[2026-09-08T12:01:19.684+0000] {logging_mixin.py:188} INFO - [2026-09-08T12:01:19.684+0000] {dagbag.py:545} INFO - Filling up the DagBag from /opt/airflow/dags/youtube_pipeline.py
[2026-09-08T12:01:19.708+0000] {processor.py:840} INFO - DAG(s) 'youtube_english_video_pipeline' retrieved from /opt/airflow/dags/youtube_pipeline.py
[2026-09-08T12:01:19.742+0000] {logging_mixin.py:188} INFO - [2026-09-08T12:01:19.742+0000] {dag.py:3089} INFO - Sync 1 DAGs
[2026-09-08T12:01:19.774+0000] {processor.py:183} INFO - Processing /opt/airflow/dags/youtube_pipeline.py took 0.097 seconds
[2026-09-08T12:01:49.980+0000] {processor.py:161} INFO - Started process (PID=48370) to work on /opt/airflow/dags/youtube_pipeline.py
[2026-09-08T12:01:49.981+0000] {processor.py:830} INFO - Processing file /opt/airflow/dags/youtube_pipeline.py for tasks to queue
[2026-09-08T12:01:49.982+0000] {logging_mixin.py:188} INFO - [2026-09-08T12:01:49.982+0000] {dagbag.py:545} INFO - Filling up the DagBag from /opt/airflow/dags/youtube_pipeline.py
[2026-09-08T12:01:50.003+0000] {processor.py:840} INFO - DAG(s) 'youtube_english_video_pipeline' retrieved from /opt/airflow/dags/youtube_pipeline.py
[2026-09-08T12:01:50.032+0000] {logging_mixin.py:188} INFO - [2026-09-08T12:01:50.032+0000] {dag.py:3089} INFO - Sync 1 DAGs
[2026-09-08T12:01:50.068+0000] {processor.py:183} INFO - Processing /opt/airflow/dags/youtube_pipeline.py took 0.093 seconds
[2026-09-08T12:02:20.219+0000] {processor.py:161} INFO - Started process (PID=48375) to work on /opt/airflow/dags/youtube_pipeline.py
[2026-09-08T12:02:20.220+0000] {processor.py:830} INFO - Processing file /opt/airflow/dags/youtube_pipeline.py for tasks to queue
[2026-09-08T12:02:20.222+0000] {logging_mixin.py:188} INFO - [2026-09-08T12:02:20.222+0000] {dagbag.py:545} INFO - Filling up the DagBag from /opt/airflow/dags/youtube_pipeline.py
[2026-09-08T12:02:20.260+0000] {processor.py:840} INFO - DAG(s) 'youtube_english_video_pipeline' retrieved from /opt/airflow/dags/youtube_pipeline.py
[2026-09-08T12:02:20.293+0000] {logging_mixin.py:188} INFO - [2026-09-08T12:02:20.293+0000] {dag.py:3089} INFO - Sync 1 DAGs
[2026-09-08T12:02:20.324+0000] {processor.py:183} INFO - Processing /opt/airflow/dags/youtube_pipeline.py took 0.111 seconds
[2026-09-08T12:02:50.480+0000] {processor.py:161} INFO - Started process (PID=48380) to work on /opt/airflow/dags/youtube_pipeline.py
[2026-09-08T12:02:50.481+0000] {processor.py:830} INFO - Processing file /opt/airflow/dags/youtube_pipeline.py for tasks to queue
[2026-09-08T12:02:50.482+0000] {logging_mixin.py:188} INFO - [2026-09-08T12:02:50.482+0000] {dagbag.py:545} INFO - Filling up the DagBag from /opt/airflow/dags/youtube_pipeline.py
[2026-09-08T12:02:50.536+0000] {processor.py:840} INFO - DAG(s) 'youtube_english_video_pipeline' retrieved from /opt/airflow/dags/youtube_pipeline.py
[2026-09-08T12:02:50.572+0000] {logging_mixin.py:188} INFO - [2026-09-08T12:02:50.572+0000] {dag.py:3089} INFO - Sync 1 DAGs
[2026-09-08T12:02:50.604+0000] {processor.py:183} INFO - Processing /opt/airflow/dags/youtube_pipeline.py took 0.129 seconds
[2026-09-08T12:03:20.705+0000] {processor.py:161} INFO - Started process (PID=48385) to work on /opt/airflow/dags/youtube_pipeline.py
[2026-09-08T12:03:20.706+0000] {processor.py:830} INFO - Processing file /opt/airflow/dags/youtube_pipeline.py for tasks to queue
[2026-09-08T12:03:20.707+0000] {logging_mixin.py:188} INFO - [2026-09-08T12:03:20.707+0000] {dagbag.py:545} INFO - Filling up the DagBag from /opt/airflow/dags/youtube_pipeline.py
[2026-09-08T12:03:20.729+0000] {processor.py:840} INFO - DAG(s) 'youtube_english_video_pipeline' retrieved from /opt/airflow/dags/youtube_pipeline.py
[2026-09-08T12:03:20.763+0000] {logging_mixin.py:188} INFO - [2026-09-08T12:03:20.763+0000] {dag.py:3089} INFO - Sync 1 DAGs
[2026-09-08T12:03:20.795+0000] {processor.py:183} INFO - Processing /opt/airflow/dags/youtube_pipeline.py took 0.094 seconds
[2026-09-08T12:03:51.034+0000] {processor.py:161} INFO - Started process (PID=48390) to work on /opt/airflow/dags/youtube_pipeline.py
[2026-09-08T12:03:51.035+0000] {processor.py:830} INFO - Processing file /opt/airflow/dags/youtube_pipeline.py for tasks to queue
[2026-09-08T12:03:51.037+0000] {logging_mixin.py:188} INFO - [2026-09-08T12:03:51.036+0000] {dagbag.py:545} INFO - Filling up the DagBag from /opt/airflow/dags/youtube_pipeline.py
[2026-09-08T12:03:51.084+0000] {processor.py:840} INFO - DAG(s) 'youtube_english_video_pipeline' retrieved from /opt/airflow/dags/youtube_pipeline.py
[2026-09-08T12:03:51.116+0000] {logging_mixin.py:188} INFO - [2026-09-08T12:03:51.116+0000] {dag.py:3089} INFO - Sync 1 DAGs
[2026-09-08T12:03:51.145+0000] {processor.py:183} INFO - Processing /opt/airflow/dags/youtube_pipeline.py took 0.117 seconds
[2026-09-08T12:04:21.312+0000] {processor.py:161} INFO - Started process (PID=48395) to work on /opt/airflow/dags/youtube_pipeline.py
[2026-09-08T12:04:21.313+0000] {processor.py:830} INFO - Processing file /opt/airflow/dags/youtube_pipeline.py for tasks to queue
[2026-09-08T12:04:21.315+0000] {logging_mixin.py:188} INFO - [2026-09-08T12:04:21.315+0000] {dagbag.py:545} INFO - Filling up the DagBag from /opt/airflow/dags/youtube_pipeline.py
[2026-09-08T12:04:21.348+0000] {processor.py:840} INFO - DAG(s) 'youtube_english_video_pipeline' retrieved from /opt/airflow/dags/youtube_pipeline.py
[2026-09-08T12:04:21.388+0000] {logging_mixin.py:188} INFO - [2026-09-08T12:04:21.388+0000] {dag.py:3089} INFO - Sync 1 DAGs
[2026-09-08T12:04:21.430+0000] {processor.py:183} INFO - Processing /opt/airflow/dags/youtube_pipeline.py took 0.125 seconds
[2026-09-08T12:04:51.573+0000] {processor.py:161} INFO - Started process (PID=48400) to work on /opt/airflow/dags/youtube_pipeline.py
[2026-09-08T12:04:51.575+0000] {processor.py:830} INFO - Processing file /opt/airflow/dags/youtube_pipeline.py for tasks to queue
[2026-09-08T12:04:51.581+0000] {logging_mixin.py:188} INFO - [2026-09-08T12:04:51.581+0000] {dagbag.py:545} INFO - Filling up the DagBag from /opt/airflow/dags/youtube_pipeline.py
[2026-09-08T12:04:51.621+0000] {processor.py:840} INFO - DAG(s) 'youtube_english_video_pipeline' retrieved from /opt/airflow/dags/youtube_pipeline.py
[2026-09-08T12:04:51.653+0000] {logging_mixin.py:188} INFO - [2026-09-08T12:04:51.653+0000] {dag.py:3089} INFO - Sync 1 DAGs
[2026-09-08T12:04:51.689+0000] {processor.py:183} INFO - Processing /opt/airflow/dags/youtube_pipeline.py took 0.122 seconds
[2026-09-08T12:05:21.820+0000] {processor.py:161} INFO - Started process (PID=48405) to work on /opt/airflow/dags/youtube_pipeline.py
[2026-09-08T12:05:21.822+0000] {processor.py:830} INFO - Processing file /opt/airflow/dags/youtube_pipeline.py for tasks to queue
[2026-09-08T12:05:21.824+0000] {logging_mixin.py:188} INFO - [2026-09-08T12:05:21.824+0000] {dagbag.py:545} INFO - Filling up the DagBag from /opt/airflow/dags/youtube_pipeline.py
[2026-09-08T12:05:21.856+0000] {processor.py:840} INFO - DAG(s) 'youtube_english_video_pipeline' retrieved from /opt/airflow/dags/youtube_pipeline.py
[2026-09-08T12:05:21.889+0000] {logging_mixin.py:188} INFO - [2026-09-08T12:05:21.889+0000] {dag.py:3089} INFO - Sync 1 DAGs
[2026-09-08T12:05:21.921+0000] {processor.py:183} INFO - Processing /opt/airflow/dags/youtube_pipeline.py took 0.106 seconds
[2026-09-08T12:05:52.035+0000] {processor.py:161} INFO - Started process (PID=48410) to work on /opt/airflow/dags/youtube_pipeline.py
[2026-09-08T12:05:52.036+0000] {processor.py:830} INFO - Processing file /opt/airflow/dags/youtube_pipeline.py for tasks to queue
[2026-09-08T12:05:52.038+0000] {logging_mixin.py:188} INFO - [2026-09-08T12:05:52.038+0000] {dagbag.py:545} INFO - Filling up the DagBag from /opt/airflow/dags/youtube_pipeline.py
[2026-09-08T12:05:52.060+0000] {processor.py:840} INFO - DAG(s) 'youtube_english_video_pipeline' retrieved from /opt/airflow/dags/youtube_pipeline.py
[2026-09-08T12:05:52.093+0000] {logging_mixin.py:188} INFO - [2026-09-08T12:05:52.092+0000] {dag.py:3089} INFO - Sync 1 DAGs
[2026-09-08T12:05:52.131+0000] {processor.py:183} INFO - Processing /opt/airflow/dags/youtube_pipeline.py took 0.102 seconds
[2026-09-08T12:06:22.334+0000] {processor.py:161} INFO - Started process (PID=48443) to work on /opt/airflow/dags/youtube_pipeline.py
[2026-09-08T12:06:22.334+0000] {processor.py:830} INFO - Processing file /opt/airflow/dags/youtube_pipeline.py for tasks to queue
[2026-09-08T12:06:22.336+0000] {logging_mixin.py:188} INFO - [2026-09-08T12:06:22.336+0000] {dagbag.py:545} INFO - Filling up the DagBag from /opt/airflow/dags/youtube_pipeline.py
[2026-09-08T12:06:22.356+0000] {processor.py:840} INFO - DAG(s) 'youtube_english_video_pipeline' retrieved from /opt/airflow/dags/youtube_pipeline.py
[2026-09-08T12:06:22.388+0000] {logging_mixin.py:188} INFO - [2026-09-08T12:06:22.388+0000] {dag.py:3089} INFO - Sync 1 DAGs
[2026-09-08T12:06:22.415+0000] {processor.py:183} INFO - Processing /opt/airflow/dags/youtube_pipeline.py took 0.086 seconds
[2026-09-08T12:06:52.528+0000] {processor.py:161} INFO - Started process (PID=48453) to work on /opt/airflow/dags/youtube_pipeline.py
[2026-09-08T12:06:52.530+0000] {processor.py:830} INFO - Processing file /opt/airflow/dags/youtube_pipeline.py for tasks to queue
[2026-09-08T12:06:52.531+0000] {logging_mixin.py:188} INFO - [2026-09-08T12:06:52.531+0000] {dagbag.py:545} INFO - Filling up the DagBag from /opt/airflow/dags/youtube_pipeline.py
[2026-09-08T12:06:52.563+0000] {processor.py:840} INFO - DAG(s) 'youtube_english_video_pipeline' retrieved from /opt/airflow/dags/youtube_pipeline.py
[2026-09-08T12:06:52.597+0000] {logging_mixin.py:188} INFO - [2026-09-08T12:06:52.597+0000] {dag.py:3089} INFO - Sync 1 DAGs
[2026-09-08T12:06:52.629+0000] {processor.py:183} INFO - Processing /opt/airflow/dags/youtube_pipeline.py took 0.107 seconds
[2026-09-08T12:07:22.844+0000] {processor.py:161} INFO - Started process (PID=48461) to work on /opt/airflow/dags/youtube_pipeline.py
[2026-09-08T12:07:22.845+0000] {processor.py:830} INFO - Processing file /opt/airflow/dags/youtube_pipeline.py for tasks to queue
[2026-09-08T12:07:22.848+0000] {logging_mixin.py:188} INFO - [2026-09-08T12:07:22.847+0000] {dagbag.py:545} INFO - Filling up the DagBag from /opt/airflow/dags/youtube_pipeline.py
[2026-09-08T12:07:22.871+0000] {processor.py:840} INFO - DAG(s) 'youtube_english_video_pipeline' retrieved from /opt/airflow/dags/youtube_pipeline.py
[2026-09-08T12:07:22.904+0000] {logging_mixin.py:188} INFO - [2026-09-08T12:07:22.904+0000] {dag.py:3089} INFO - Sync 1 DAGs
[2026-09-08T12:07:22.936+0000] {processor.py:183} INFO - Processing /opt/airflow/dags/youtube_pipeline.py took 0.097 seconds
[2026-09-08T12:07:53.078+0000] {processor.py:161} INFO - Started process (PID=48477) to work on /opt/airflow/dags/youtube_pipeline.py
[2026-09-08T12:07:53.079+0000] {processor.py:830} INFO - Processing file /opt/airflow/dags/youtube_pipeline.py for tasks to queue
[2026-09-08T12:07:53.080+0000] {logging_mixin.py:188} INFO - [2026-09-08T12:07:53.080+0000] {dagbag.py:545} INFO - Filling up the DagBag from /opt/airflow/dags/youtube_pipeline.py
[2026-09-08T12:07:53.101+0000] {processor.py:840} INFO - DAG(s) 'youtube_english_video_pipeline' retrieved from /opt/airflow/dags/youtube_pipeline.py
[2026-09-08T12:07:53.133+0000] {logging_mixin.py:188} INFO - [2026-09-08T12:07:53.133+0000] {dag.py:3089} INFO - Sync 1 DAGs
[2026-09-08T12:07:53.161+0000] {processor.py:183} INFO - Processing /opt/airflow/dags/youtube_pipeline.py took 0.089 seconds
[2026-09-08T12:08:23.402+0000] {processor.py:161} INFO - Started process (PID=48489) to work on /opt/airflow/dags/youtube_pipeline.py
[2026-09-08T12:08:23.403+0000] {processor.py:830} INFO - Processing file /opt/airflow/dags/youtube_pipeline.py for tasks to queue
[2026-09-08T12:08:23.404+0000] {logging_mixin.py:188} INFO - [2026-09-08T12:08:23.404+0000] {dagbag.py:545} INFO - Filling up the DagBag from /opt/airflow/dags/youtube_pipeline.py
[2026-09-08T12:08:23.441+0000] {processor.py:840} INFO - DAG(s) 'youtube_english_video_pipeline' retrieved from /opt/airflow/dags/youtube_pipeline.py
[2026-09-08T12:08:23.476+0000] {logging_mixin.py:188} INFO - [2026-09-08T12:08:23.476+0000] {dag.py:3089} INFO - Sync 1 DAGs
[2026-09-08T12:08:23.507+0000] {processor.py:183} INFO - Processing /opt/airflow/dags/youtube_pipeline.py took 0.110 seconds
[2026-09-08T12:08:53.639+0000] {processor.py:161} INFO - Started process (PID=48494) to work on /opt/airflow/dags/youtube_pipeline.py
[2026-09-08T12:08:53.640+0000] {processor.py:830} INFO - Processing file /opt/airflow/dags/youtube_pipeline.py for tasks to queue
[2026-09-08T12:08:53.642+0000] {logging_mixin.py:188} INFO - [2026-09-08T12:08:53.641+0000] {dagbag.py:545} INFO - Filling up the DagBag from /opt/airflow/dags/youtube_pipeline.py
[2026-09-08T12:08:53.662+0000] {processor.py:840} INFO - DAG(s) 'youtube_english_video_pipeline' retrieved from /opt/airflow/dags/youtube_pipeline.py
[2026-09-08T12:08:53.693+0000] {logging_mixin.py:188} INFO - [2026-09-08T12:08:53.693+0000] {dag.py:3089} INFO - Sync 1 DAGs
[2026-09-08T12:08:53.720+0000] {processor.py:183} INFO - Processing /opt/airflow/dags/youtube_pipeline.py took 0.085 seconds
[2026-09-08T12:09:24.058+0000] {processor.py:161} INFO - Started process (PID=48499) to work on /opt/airflow/dags/youtube_pipeline.py
[2026-09-08T12:09:24.060+0000] {processor.py:830} INFO - Processing file /opt/airflow/dags/youtube_pipeline.py for tasks to queue
[2026-09-08T12:09:24.063+0000] {logging_mixin.py:188} INFO - [2026-09-08T12:09:24.062+0000] {dagbag.py:545} INFO - Filling up the DagBag from /opt/airflow/dags/youtube_pipeline.py
[2026-09-08T12:09:24.179+0000] {processor.py:840} INFO - DAG(s) 'youtube_english_video_pipeline' retrieved from /opt/airflow/dags/youtube_pipeline.py
[2026-09-08T12:09:24.213+0000] {logging_mixin.py:188} INFO - [2026-09-08T12:09:24.213+0000] {dag.py:3089} INFO - Sync 1 DAGs
[2026-09-08T12:09:24.249+0000] {processor.py:183} INFO - Processing /opt/airflow/dags/youtube_pipeline.py took 0.202 seconds
[2026-09-08T12:09:54.489+0000] {processor.py:161} INFO - Started process (PID=48504) to work on /opt/airflow/dags/youtube_pipeline.py
[2026-09-08T12:09:54.490+0000] {processor.py:830} INFO - Processing file /opt/airflow/dags/youtube_pipeline.py for tasks to queue
[2026-09-08T12:09:54.492+0000] {logging_mixin.py:188} INFO - [2026-09-08T12:09:54.492+0000] {dagbag.py:545} INFO - Filling up the DagBag from /opt/airflow/dags/youtube_pipeline.py
[2026-09-08T12:09:54.513+0000] {processor.py:840} INFO - DAG(s) 'youtube_english_video_pipeline' retrieved from /opt/airflow/dags/youtube_pipeline.py
[2026-09-08T12:09:54.544+0000] {logging_mixin.py:188} INFO - [2026-09-08T12:09:54.544+0000] {dag.py:3089} INFO - Sync 1 DAGs
[2026-09-08T12:09:54.574+0000] {processor.py:183} INFO - Processing /opt/airflow/dags/youtube_pipeline.py took 0.091 seconds
[2026-09-08T12:10:24.689+0000] {processor.py:161} INFO - Started process (PID=48509) to work on /opt/airflow/dags/youtube_pipeline.py
[2026-09-08T12:10:24.691+0000] {processor.py:830} INFO - Processing file /opt/airflow/dags/youtube_pipeline.py for tasks to queue
[2026-09-08T12:10:24.693+0000] {logging_mixin.py:188} INFO - [2026-09-08T12:10:24.693+0000] {dagbag.py:545} INFO - Filling up the DagBag from /opt/airflow/dags/youtube_pipeline.py
[2026-09-08T12:10:24.727+0000] {processor.py:840} INFO - DAG(s) 'youtube_english_video_pipeline' retrieved from /opt/airflow/dags/youtube_pipeline.py
[2026-09-08T12:10:24.760+0000] {logging_mixin.py:188} INFO - [2026-09-08T12:10:24.760+0000] {dag.py:3089} INFO - Sync 1 DAGs
[2026-09-08T12:10:24.800+0000] {processor.py:183} INFO - Processing /opt/airflow/dags/youtube_pipeline.py took 0.116 seconds
[2026-09-08T12:10:54.954+0000] {processor.py:161} INFO - Started process (PID=48514) to work on /opt/airflow/dags/youtube_pipeline.py
[2026-09-08T12:10:54.955+0000] {processor.py:830} INFO - Processing file /opt/airflow/dags/youtube_pipeline.py for tasks to queue
[2026-09-08T12:10:54.956+0000] {logging_mixin.py:188} INFO - [2026-09-08T12:10:54.956+0000] {dagbag.py:545} INFO - Filling up the DagBag from /opt/airflow/dags/youtube_pipeline.py
[2026-09-08T12:10:54.979+0000] {processor.py:840} INFO - DAG(s) 'youtube_english_video_pipeline' retrieved from /opt/airflow/dags/youtube_pipeline.py
[2026-09-08T12:10:55.014+0000] {logging_mixin.py:188} INFO - [2026-09-08T12:10:55.014+0000] {dag.py:3089} INFO - Sync 1 DAGs
[2026-09-08T12:10:55.050+0000] {processor.py:183} INFO - Processing /opt/airflow/dags/youtube_pipeline.py took 0.101 seconds
[2026-09-08T12:11:25.210+0000] {processor.py:161} INFO - Started process (PID=48519) to work on /opt/airflow/dags/youtube_pipeline.py
[2026-09-08T12:11:25.210+0000] {processor.py:830} INFO - Processing file /opt/airflow/dags/youtube_pipeline.py for tasks to queue
[2026-09-08T12:11:25.212+0000] {logging_mixin.py:188} INFO - [2026-09-08T12:11:25.212+0000] {dagbag.py:545} INFO - Filling up the DagBag from /opt/airflow/dags/youtube_pipeline.py
[2026-09-08T12:11:25.231+0000] {processor.py:840} INFO - DAG(s) 'youtube_english_video_pipeline' retrieved from /opt/airflow/dags/youtube_pipeline.py
[2026-09-08T12:11:25.263+0000] {logging_mixin.py:188} INFO - [2026-09-08T12:11:25.263+0000] {dag.py:3089} INFO - Sync 1 DAGs
[2026-09-08T12:11:25.289+0000] {processor.py:183} INFO - Processing /opt/airflow/dags/youtube_pipeline.py took 0.084 seconds
[2026-09-08T12:11:55.555+0000] {processor.py:161} INFO - Started process (PID=48524) to work on /opt/airflow/dags/youtube_pipeline.py
[2026-09-08T12:11:55.555+0000] {processor.py:830} INFO - Processing file /opt/airflow/dags/youtube_pipeline.py for tasks to queue
[2026-09-08T12:11:55.557+0000] {logging_mixin.py:188} INFO - [2026-09-08T12:11:55.557+0000] {dagbag.py:545} INFO - Filling up the DagBag from /opt/airflow/dags/youtube_pipeline.py
[2026-09-08T12:11:55.576+0000] {processor.py:840} INFO - DAG(s) 'youtube_english_video_pipeline' retrieved from /opt/airflow/dags/youtube_pipeline.py
[2026-09-08T12:11:55.617+0000] {logging_mixin.py:188} INFO - [2026-09-08T12:11:55.617+0000] {dag.py:3089} INFO - Sync 1 DAGs
[2026-09-08T12:11:55.646+0000] {processor.py:183} INFO - Processing /opt/airflow/dags/youtube_pipeline.py took 0.096 seconds
[2026-09-08T12:12:25.805+0000] {processor.py:161} INFO - Started process (PID=48529) to work on /opt/airflow/dags/youtube_pipeline.py
[2026-09-08T12:12:25.806+0000] {processor.py:830} INFO - Processing file /opt/airflow/dags/youtube_pipeline.py for tasks to queue
[2026-09-08T12:12:25.808+0000] {logging_mixin.py:188} INFO - [2026-09-08T12:12:25.808+0000] {dagbag.py:545} INFO - Filling up the DagBag from /opt/airflow/dags/youtube_pipeline.py
[2026-09-08T12:12:25.827+0000] {processor.py:840} INFO - DAG(s) 'youtube_english_video_pipeline' retrieved from /opt/airflow/dags/youtube_pipeline.py
[2026-09-08T12:12:25.857+0000] {logging_mixin.py:188} INFO - [2026-09-08T12:12:25.857+0000] {dag.py:3089} INFO - Sync 1 DAGs
[2026-09-08T12:12:25.891+0000] {processor.py:183} INFO - Processing /opt/airflow/dags/youtube_pipeline.py took 0.091 seconds
[2026-09-08T12:12:56.063+0000] {processor.py:161} INFO - Started process (PID=48534) to work on /opt/airflow/dags/youtube_pipeline.py
[2026-09-08T12:12:56.064+0000] {processor.py:830} INFO - Processing file /opt/airflow/dags/youtube_pipeline.py for tasks to queue
[2026-09-08T12:12:56.066+0000] {logging_mixin.py:188} INFO - [2026-09-08T12:12:56.065+0000] {dagbag.py:545} INFO - Filling up the DagBag from /opt/airflow/dags/youtube_pipeline.py
[2026-09-08T12:12:56.086+0000] {processor.py:840} INFO - DAG(s) 'youtube_english_video_pipeline' retrieved from /opt/airflow/dags/youtube_pipeline.py
[2026-09-08T12:12:56.116+0000] {logging_mixin.py:188} INFO - [2026-09-08T12:12:56.116+0000] {dag.py:3089} INFO - Sync 1 DAGs
[2026-09-08T12:12:56.146+0000] {processor.py:183} INFO - Processing /opt/airflow/dags/youtube_pipeline.py took 0.088 seconds
[2026-09-08T12:13:26.427+0000] {processor.py:161} INFO - Started process (PID=48572) to work on /opt/airflow/dags/youtube_pipeline.py
[2026-09-08T12:13:26.428+0000] {processor.py:830} INFO - Processing file /opt/airflow/dags/youtube_pipeline.py for tasks to queue
[2026-09-08T12:13:26.429+0000] {logging_mixin.py:188} INFO - [2026-09-08T12:13:26.429+0000] {dagbag.py:545} INFO - Filling up the DagBag from /opt/airflow/dags/youtube_pipeline.py
[2026-09-08T12:13:26.447+0000] {processor.py:840} INFO - DAG(s) 'youtube_english_video_pipeline' retrieved from /opt/airflow/dags/youtube_pipeline.py
[2026-09-08T12:13:26.475+0000] {logging_mixin.py:188} INFO - [2026-09-08T12:13:26.475+0000] {dag.py:3089} INFO - Sync 1 DAGs
[2026-09-08T12:13:26.502+0000] {processor.py:183} INFO - Processing /opt/airflow/dags/youtube_pipeline.py took 0.081 seconds
[2026-09-08T12:13:56.628+0000] {processor.py:161} INFO - Started process (PID=48583) to work on /opt/airflow/dags/youtube_pipeline.py
[2026-09-08T12:13:56.629+0000] {processor.py:830} INFO - Processing file /opt/airflow/dags/youtube_pipeline.py for tasks to queue
[2026-09-08T12:13:56.631+0000] {logging_mixin.py:188} INFO - [2026-09-08T12:13:56.631+0000] {dagbag.py:545} INFO - Filling up the DagBag from /opt/airflow/dags/youtube_pipeline.py
[2026-09-08T12:13:56.652+0000] {processor.py:840} INFO - DAG(s) 'youtube_english_video_pipeline' retrieved from /opt/airflow/dags/youtube_pipeline.py
[2026-09-08T12:13:56.683+0000] {logging_mixin.py:188} INFO - [2026-09-08T12:13:56.683+0000] {dag.py:3089} INFO - Sync 1 DAGs
[2026-09-08T12:13:56.711+0000] {processor.py:183} INFO - Processing /opt/airflow/dags/youtube_pipeline.py took 0.087 seconds
[2026-09-08T12:14:26.831+0000] {processor.py:161} INFO - Started process (PID=48588) to work on /opt/airflow/dags/youtube_pipeline.py
[2026-09-08T12:14:26.832+0000] {processor.py:830} INFO - Processing file /opt/airflow/dags/youtube_pipeline.py for tasks to queue
[2026-09-08T12:14:26.833+0000] {logging_mixin.py:188} INFO - [2026-09-08T12:14:26.833+0000] {dagbag.py:545} INFO - Filling up the DagBag from /opt/airflow/dags/youtube_pipeline.py
[2026-09-08T12:14:26.850+0000] {processor.py:840} INFO - DAG(s) 'youtube_english_video_pipeline' retrieved from /opt/airflow/dags/youtube_pipeline.py
[2026-09-08T12:14:26.880+0000] {logging_mixin.py:188} INFO - [2026-09-08T12:14:26.880+0000] {dag.py:3089} INFO - Sync 1 DAGs
[2026-09-08T12:14:26.894+0000] {logging_mixin.py:188} INFO - [2026-09-08T12:14:26.894+0000] {dag.py:3947} INFO - Setting next_dagrun for youtube_english_video_pipeline to 2026-09-08 12:00:00+00:00, run_after=2026-09-09 12:00:00+00:00
[2026-09-08T12:14:26.908+0000] {processor.py:183} INFO - Processing /opt/airflow/dags/youtube_pipeline.py took 0.082 seconds
[2026-09-08T12:14:57.214+0000] {processor.py:161} INFO - Started process (PID=48593) to work on /opt/airflow/dags/youtube_pipeline.py
[2026-09-08T12:14:57.218+0000] {processor.py:830} INFO - Processing file /opt/airflow/dags/youtube_pipeline.py for tasks to queue
[2026-09-08T12:14:57.220+0000] {logging_mixin.py:188} INFO - [2026-09-08T12:14:57.220+0000] {dagbag.py:545} INFO - Filling up the DagBag from /opt/airflow/dags/youtube_pipeline.py
[2026-09-08T12:14:57.332+0000] {processor.py:840} INFO - DAG(s) 'youtube_english_video_pipeline' retrieved from /opt/airflow/dags/youtube_pipeline.py
[2026-09-08T12:14:57.365+0000] {logging_mixin.py:188} INFO - [2026-09-08T12:14:57.364+0000] {dag.py:3089} INFO - Sync 1 DAGs
[2026-09-08T12:14:57.381+0000] {logging_mixin.py:188} INFO - [2026-09-08T12:14:57.381+0000] {dag.py:3947} INFO - Setting next_dagrun for youtube_english_video_pipeline to 2026-09-08 12:00:00+00:00, run_after=2026-09-09 12:00:00+00:00
[2026-09-08T12:14:57.414+0000] {processor.py:183} INFO - Processing /opt/airflow/dags/youtube_pipeline.py took 0.209 seconds
[2026-09-08T12:15:27.652+0000] {processor.py:161} INFO - Started process (PID=48598) to work on /opt/airflow/dags/youtube_pipeline.py
[2026-09-08T12:15:27.653+0000] {processor.py:830} INFO - Processing file /opt/airflow/dags/youtube_pipeline.py for tasks to queue
[2026-09-08T12:15:27.655+0000] {logging_mixin.py:188} INFO - [2026-09-08T12:15:27.655+0000] {dagbag.py:545} INFO - Filling up the DagBag from /opt/airflow/dags/youtube_pipeline.py
[2026-09-08T12:15:27.688+0000] {processor.py:840} INFO - DAG(s) 'youtube_english_video_pipeline' retrieved from /opt/airflow/dags/youtube_pipeline.py
[2026-09-08T12:15:27.726+0000] {logging_mixin.py:188} INFO - [2026-09-08T12:15:27.725+0000] {dag.py:3089} INFO - Sync 1 DAGs
[2026-09-08T12:15:27.765+0000] {logging_mixin.py:188} INFO - [2026-09-08T12:15:27.765+0000] {dag.py:3947} INFO - Setting next_dagrun for youtube_english_video_pipeline to 2026-09-08 12:00:00+00:00, run_after=2026-09-09 12:00:00+00:00
[2026-09-08T12:15:27.804+0000] {processor.py:183} INFO - Processing /opt/airflow/dags/youtube_pipeline.py took 0.159 seconds
[2026-09-08T12:15:58.039+0000] {processor.py:161} INFO - Started process (PID=48603) to work on /opt/airflow/dags/youtube_pipeline.py
[2026-09-08T12:15:58.041+0000] {processor.py:830} INFO - Processing file /opt/airflow/dags/youtube_pipeline.py for tasks to queue
[2026-09-08T12:15:58.042+0000] {logging_mixin.py:188} INFO - [2026-09-08T12:15:58.042+0000] {dagbag.py:545} INFO - Filling up the DagBag from /opt/airflow/dags/youtube_pipeline.py
[2026-09-08T12:15:58.076+0000] {processor.py:840} INFO - DAG(s) 'youtube_english_video_pipeline' retrieved from /opt/airflow/dags/youtube_pipeline.py
[2026-09-08T12:15:58.108+0000] {logging_mixin.py:188} INFO - [2026-09-08T12:15:58.108+0000] {dag.py:3089} INFO - Sync 1 DAGs
[2026-09-08T12:15:58.126+0000] {logging_mixin.py:188} INFO - [2026-09-08T12:15:58.126+0000] {dag.py:3947} INFO - Setting next_dagrun for youtube_english_video_pipeline to 2026-09-08 12:00:00+00:00, run_after=2026-09-09 12:00:00+00:00
[2026-09-08T12:15:58.140+0000] {processor.py:183} INFO - Processing /opt/airflow/dags/youtube_pipeline.py took 0.107 seconds
[2026-09-08T12:16:28.229+0000] {processor.py:161} INFO - Started process (PID=48608) to work on /opt/airflow/dags/youtube_pipeline.py
[2026-09-08T12:16:28.230+0000] {processor.py:830} INFO - Processing file /opt/airflow/dags/youtube_pipeline.py for tasks to queue
[2026-09-08T12:16:28.232+0000] {logging_mixin.py:188} INFO - [2026-09-08T12:16:28.232+0000] {dagbag.py:545} INFO - Filling up the DagBag from /opt/airflow/dags/youtube_pipeline.py
[2026-09-08T12:16:28.272+0000] {processor.py:840} INFO - DAG(s) 'youtube_english_video_pipeline' retrieved from /opt/airflow/dags/youtube_pipeline.py
[2026-09-08T12:16:28.304+0000] {logging_mixin.py:188} INFO - [2026-09-08T12:16:28.304+0000] {dag.py:3089} INFO - Sync 1 DAGs
[2026-09-08T12:16:28.322+0000] {logging_mixin.py:188} INFO - [2026-09-08T12:16:28.322+0000] {dag.py:3947} INFO - Setting next_dagrun for youtube_english_video_pipeline to 2026-09-08 12:00:00+00:00, run_after=2026-09-09 12:00:00+00:00
[2026-09-08T12:16:28.336+0000] {processor.py:183} INFO - Processing /opt/airflow/dags/youtube_pipeline.py took 0.114 seconds
[2026-09-08T12:16:58.562+0000] {processor.py:161} INFO - Started process (PID=48613) to work on /opt/airflow/dags/youtube_pipeline.py
[2026-09-08T12:16:58.563+0000] {processor.py:830} INFO - Processing file /opt/airflow/dags/youtube_pipeline.py for tasks to queue
[2026-09-08T12:16:58.565+0000] {logging_mixin.py:188} INFO - [2026-09-08T12:16:58.565+0000] {dagbag.py:545} INFO - Filling up the DagBag from /opt/airflow/dags/youtube_pipeline.py
[2026-09-08T12:16:58.586+0000] {processor.py:840} INFO - DAG(s) 'youtube_english_video_pipeline' retrieved from /opt/airflow/dags/youtube_pipeline.py
[2026-09-08T12:16:58.614+0000] {logging_mixin.py:188} INFO - [2026-09-08T12:16:58.614+0000] {dag.py:3089} INFO - Sync 1 DAGs
[2026-09-08T12:16:58.627+0000] {logging_mixin.py:188} INFO - [2026-09-08T12:16:58.627+0000] {dag.py:3947} INFO - Setting next_dagrun for youtube_english_video_pipeline to 2026-09-08 12:00:00+00:00, run_after=2026-09-09 12:00:00+00:00
[2026-09-08T12:16:58.643+0000] {processor.py:183} INFO - Processing /opt/airflow/dags/youtube_pipeline.py took 0.088 seconds
[2026-09-08T12:17:28.785+0000] {processor.py:161} INFO - Started process (PID=48618) to work on /opt/airflow/dags/youtube_pipeline.py
[2026-09-08T12:17:28.786+0000] {processor.py:830} INFO - Processing file /opt/airflow/dags/youtube_pipeline.py for tasks to queue
[2026-09-08T12:17:28.788+0000] {logging_mixin.py:188} INFO - [2026-09-08T12:17:28.787+0000] {dagbag.py:545} INFO - Filling up the DagBag from /opt/airflow/dags/youtube_pipeline.py
[2026-09-08T12:17:28.817+0000] {processor.py:840} INFO - DAG(s) 'youtube_english_video_pipeline' retrieved from /opt/airflow/dags/youtube_pipeline.py
[2026-09-08T12:17:28.846+0000] {logging_mixin.py:188} INFO - [2026-09-08T12:17:28.845+0000] {dag.py:3089} INFO - Sync 1 DAGs
[2026-09-08T12:17:28.862+0000] {logging_mixin.py:188} INFO - [2026-09-08T12:17:28.862+0000] {dag.py:3947} INFO - Setting next_dagrun for youtube_english_video_pipeline to 2026-09-08 12:00:00+00:00, run_after=2026-09-09 12:00:00+00:00
[2026-09-08T12:17:28.877+0000] {processor.py:183} INFO - Processing /opt/airflow/dags/youtube_pipeline.py took 0.096 seconds
[2026-09-08T12:17:59.103+0000] {processor.py:161} INFO - Started process (PID=48623) to work on /opt/airflow/dags/youtube_pipeline.py
[2026-09-08T12:17:59.105+0000] {processor.py:830} INFO - Processing file /opt/airflow/dags/youtube_pipeline.py for tasks to queue
[2026-09-08T12:17:59.107+0000] {logging_mixin.py:188} INFO - [2026-09-08T12:17:59.107+0000] {dagbag.py:545} INFO - Filling up the DagBag from /opt/airflow/dags/youtube_pipeline.py
[2026-09-08T12:17:59.133+0000] {processor.py:840} INFO - DAG(s) 'youtube_english_video_pipeline' retrieved from /opt/airflow/dags/youtube_pipeline.py
[2026-09-08T12:17:59.166+0000] {logging_mixin.py:188} INFO - [2026-09-08T12:17:59.166+0000] {dag.py:3089} INFO - Sync 1 DAGs
[2026-09-08T12:17:59.183+0000] {logging_mixin.py:188} INFO - [2026-09-08T12:17:59.183+0000] {dag.py:3947} INFO - Setting next_dagrun for youtube_english_video_pipeline to 2026-09-08 12:00:00+00:00, run_after=2026-09-09 12:00:00+00:00
[2026-09-08T12:17:59.198+0000] {processor.py:183} INFO - Processing /opt/airflow/dags/youtube_pipeline.py took 0.101 seconds
[2026-09-08T12:18:29.323+0000] {processor.py:161} INFO - Started process (PID=48628) to work on /opt/airflow/dags/youtube_pipeline.py
[2026-09-08T12:18:29.324+0000] {processor.py:830} INFO - Processing file /opt/airflow/dags/youtube_pipeline.py for tasks to queue
[2026-09-08T12:18:29.326+0000] {logging_mixin.py:188} INFO - [2026-09-08T12:18:29.326+0000] {dagbag.py:545} INFO - Filling up the DagBag from /opt/airflow/dags/youtube_pipeline.py
[2026-09-08T12:18:29.345+0000] {processor.py:840} INFO - DAG(s) 'youtube_english_video_pipeline' retrieved from /opt/airflow/dags/youtube_pipeline.py
[2026-09-08T12:18:29.375+0000] {logging_mixin.py:188} INFO - [2026-09-08T12:18:29.374+0000] {dag.py:3089} INFO - Sync 1 DAGs
[2026-09-08T12:18:29.389+0000] {logging_mixin.py:188} INFO - [2026-09-08T12:18:29.389+0000] {dag.py:3947} INFO - Setting next_dagrun for youtube_english_video_pipeline to 2026-09-08 12:00:00+00:00, run_after=2026-09-09 12:00:00+00:00
[2026-09-08T12:18:29.412+0000] {processor.py:183} INFO - Processing /opt/airflow/dags/youtube_pipeline.py took 0.095 seconds
[2026-09-08T12:18:59.545+0000] {processor.py:161} INFO - Started process (PID=48633) to work on /opt/airflow/dags/youtube_pipeline.py
[2026-09-08T12:18:59.546+0000] {processor.py:830} INFO - Processing file /opt/airflow/dags/youtube_pipeline.py for tasks to queue
[2026-09-08T12:18:59.548+0000] {logging_mixin.py:188} INFO - [2026-09-08T12:18:59.548+0000] {dagbag.py:545} INFO - Filling up the DagBag from /opt/airflow/dags/youtube_pipeline.py
[2026-09-08T12:18:59.593+0000] {processor.py:840} INFO - DAG(s) 'youtube_english_video_pipeline' retrieved from /opt/airflow/dags/youtube_pipeline.py
[2026-09-08T12:18:59.630+0000] {logging_mixin.py:188} INFO - [2026-09-08T12:18:59.629+0000] {dag.py:3089} INFO - Sync 1 DAGs
[2026-09-08T12:18:59.648+0000] {logging_mixin.py:188} INFO - [2026-09-08T12:18:59.648+0000] {dag.py:3947} INFO - Setting next_dagrun for youtube_english_video_pipeline to 2026-09-08 12:00:00+00:00, run_after=2026-09-09 12:00:00+00:00
[2026-09-08T12:18:59.669+0000] {processor.py:183} INFO - Processing /opt/airflow/dags/youtube_pipeline.py took 0.133 seconds
[2026-09-08T12:19:29.854+0000] {processor.py:161} INFO - Started process (PID=48638) to work on /opt/airflow/dags/youtube_pipeline.py
[2026-09-08T12:19:29.855+0000] {processor.py:830} INFO - Processing file /opt/airflow/dags/youtube_pipeline.py for tasks to queue
[2026-09-08T12:19:29.857+0000] {logging_mixin.py:188} INFO - [2026-09-08T12:19:29.857+0000] {dagbag.py:545} INFO - Filling up the DagBag from /opt/airflow/dags/youtube_pipeline.py
[2026-09-08T12:19:29.892+0000] {processor.py:840} INFO - DAG(s) 'youtube_english_video_pipeline' retrieved from /opt/airflow/dags/youtube_pipeline.py
[2026-09-08T12:19:29.922+0000] {logging_mixin.py:188} INFO - [2026-09-08T12:19:29.922+0000] {dag.py:3089} INFO - Sync 1 DAGs
[2026-09-08T12:19:29.938+0000] {logging_mixin.py:188} INFO - [2026-09-08T12:19:29.938+0000] {dag.py:3947} INFO - Setting next_dagrun for youtube_english_video_pipeline to 2026-09-08 12:00:00+00:00, run_after=2026-09-09 12:00:00+00:00
[2026-09-08T12:19:29.963+0000] {processor.py:183} INFO - Processing /opt/airflow/dags/youtube_pipeline.py took 0.116 seconds
[2026-09-08T12:20:00.087+0000] {processor.py:161} INFO - Started process (PID=48643) to work on /opt/airflow/dags/youtube_pipeline.py
[2026-09-08T12:20:00.089+0000] {processor.py:830} INFO - Processing file /opt/airflow/dags/youtube_pipeline.py for tasks to queue
[2026-09-08T12:20:00.092+0000] {logging_mixin.py:188} INFO - [2026-09-08T12:20:00.091+0000] {dagbag.py:545} INFO - Filling up the DagBag from /opt/airflow/dags/youtube_pipeline.py
[2026-09-08T12:20:00.130+0000] {processor.py:840} INFO - DAG(s) 'youtube_english_video_pipeline' retrieved from /opt/airflow/dags/youtube_pipeline.py
[2026-09-08T12:20:00.165+0000] {logging_mixin.py:188} INFO - [2026-09-08T12:20:00.165+0000] {dag.py:3089} INFO - Sync 1 DAGs
[2026-09-08T12:20:00.182+0000] {logging_mixin.py:188} INFO - [2026-09-08T12:20:00.182+0000] {dag.py:3947} INFO - Setting next_dagrun for youtube_english_video_pipeline to 2026-09-08 12:00:00+00:00, run_after=2026-09-09 12:00:00+00:00
[2026-09-08T12:20:00.205+0000] {processor.py:183} INFO - Processing /opt/airflow/dags/youtube_pipeline.py took 0.126 seconds
[2026-09-08T12:20:30.370+0000] {processor.py:161} INFO - Started process (PID=48648) to work on /opt/airflow/dags/youtube_pipeline.py
[2026-09-08T12:20:30.371+0000] {processor.py:830} INFO - Processing file /opt/airflow/dags/youtube_pipeline.py for tasks to queue
[2026-09-08T12:20:30.373+0000] {logging_mixin.py:188} INFO - [2026-09-08T12:20:30.373+0000] {dagbag.py:545} INFO - Filling up the DagBag from /opt/airflow/dags/youtube_pipeline.py
[2026-09-08T12:20:30.409+0000] {processor.py:840} INFO - DAG(s) 'youtube_english_video_pipeline' retrieved from /opt/airflow/dags/youtube_pipeline.py
[2026-09-08T12:20:30.454+0000] {logging_mixin.py:188} INFO - [2026-09-08T12:20:30.453+0000] {dag.py:3089} INFO - Sync 1 DAGs
[2026-09-08T12:20:30.473+0000] {logging_mixin.py:188} INFO - [2026-09-08T12:20:30.473+0000] {dag.py:3947} INFO - Setting next_dagrun for youtube_english_video_pipeline to 2026-09-08 12:00:00+00:00, run_after=2026-09-09 12:00:00+00:00
[2026-09-08T12:20:30.493+0000] {processor.py:183} INFO - Processing /opt/airflow/dags/youtube_pipeline.py took 0.129 seconds
[2026-09-08T12:21:00.612+0000] {processor.py:161} INFO - Started process (PID=48653) to work on /opt/airflow/dags/youtube_pipeline.py
[2026-09-08T12:21:00.613+0000] {processor.py:830} INFO - Processing file /opt/airflow/dags/youtube_pipeline.py for tasks to queue
[2026-09-08T12:21:00.615+0000] {logging_mixin.py:188} INFO - [2026-09-08T12:21:00.614+0000] {dagbag.py:545} INFO - Filling up the DagBag from /opt/airflow/dags/youtube_pipeline.py
[2026-09-08T12:21:00.646+0000] {processor.py:840} INFO - DAG(s) 'youtube_english_video_pipeline' retrieved from /opt/airflow/dags/youtube_pipeline.py
[2026-09-08T12:21:00.683+0000] {logging_mixin.py:188} INFO - [2026-09-08T12:21:00.683+0000] {dag.py:3089} INFO - Sync 1 DAGs
[2026-09-08T12:21:00.701+0000] {logging_mixin.py:188} INFO - [2026-09-08T12:21:00.701+0000] {dag.py:3947} INFO - Setting next_dagrun for youtube_english_video_pipeline to 2026-09-08 12:00:00+00:00, run_after=2026-09-09 12:00:00+00:00
[2026-09-08T12:21:00.720+0000] {processor.py:183} INFO - Processing /opt/airflow/dags/youtube_pipeline.py took 0.114 seconds
[2026-09-08T12:21:30.876+0000] {processor.py:161} INFO - Started process (PID=48658) to work on /opt/airflow/dags/youtube_pipeline.py
[2026-09-08T12:21:30.877+0000] {processor.py:830} INFO - Processing file /opt/airflow/dags/youtube_pipeline.py for tasks to queue
[2026-09-08T12:21:30.878+0000] {logging_mixin.py:188} INFO - [2026-09-08T12:21:30.878+0000] {dagbag.py:545} INFO - Filling up the DagBag from /opt/airflow/dags/youtube_pipeline.py
[2026-09-08T12:21:30.897+0000] {processor.py:840} INFO - DAG(s) 'youtube_english_video_pipeline' retrieved from /opt/airflow/dags/youtube_pipeline.py
[2026-09-08T12:21:30.926+0000] {logging_mixin.py:188} INFO - [2026-09-08T12:21:30.926+0000] {dag.py:3089} INFO - Sync 1 DAGs
[2026-09-08T12:21:30.940+0000] {logging_mixin.py:188} INFO - [2026-09-08T12:21:30.940+0000] {dag.py:3947} INFO - Setting next_dagrun for youtube_english_video_pipeline to 2026-09-08 12:00:00+00:00, run_after=2026-09-09 12:00:00+00:00
[2026-09-08T12:21:30.957+0000] {processor.py:183} INFO - Processing /opt/airflow/dags/youtube_pipeline.py took 0.086 seconds
[2026-09-08T12:22:01.150+0000] {processor.py:161} INFO - Started process (PID=48663) to work on /opt/airflow/dags/youtube_pipeline.py
[2026-09-08T12:22:01.151+0000] {processor.py:830} INFO - Processing file /opt/airflow/dags/youtube_pipeline.py for tasks to queue
[2026-09-08T12:22:01.153+0000] {logging_mixin.py:188} INFO - [2026-09-08T12:22:01.153+0000] {dagbag.py:545} INFO - Filling up the DagBag from /opt/airflow/dags/youtube_pipeline.py
[2026-09-08T12:22:01.172+0000] {processor.py:840} INFO - DAG(s) 'youtube_english_video_pipeline' retrieved from /opt/airflow/dags/youtube_pipeline.py
[2026-09-08T12:22:01.201+0000] {logging_mixin.py:188} INFO - [2026-09-08T12:22:01.200+0000] {dag.py:3089} INFO - Sync 1 DAGs
[2026-09-08T12:22:01.216+0000] {logging_mixin.py:188} INFO - [2026-09-08T12:22:01.215+0000] {dag.py:3947} INFO - Setting next_dagrun for youtube_english_video_pipeline to 2026-09-08 12:00:00+00:00, run_after=2026-09-09 12:00:00+00:00
[2026-09-08T12:22:01.229+0000] {processor.py:183} INFO - Processing /opt/airflow/dags/youtube_pipeline.py took 0.084 seconds
[2026-09-08T12:22:31.379+0000] {processor.py:161} INFO - Started process (PID=48668) to work on /opt/airflow/dags/youtube_pipeline.py
[2026-09-08T12:22:31.380+0000] {processor.py:830} INFO - Processing file /opt/airflow/dags/youtube_pipeline.py for tasks to queue
[2026-09-08T12:22:31.381+0000] {logging_mixin.py:188} INFO - [2026-09-08T12:22:31.381+0000] {dagbag.py:545} INFO - Filling up the DagBag from /opt/airflow/dags/youtube_pipeline.py
[2026-09-08T12:22:31.401+0000] {processor.py:840} INFO - DAG(s) 'youtube_english_video_pipeline' retrieved from /opt/airflow/dags/youtube_pipeline.py
[2026-09-08T12:22:31.431+0000] {logging_mixin.py:188} INFO - [2026-09-08T12:22:31.431+0000] {dag.py:3089} INFO - Sync 1 DAGs
[2026-09-08T12:22:31.445+0000] {logging_mixin.py:188} INFO - [2026-09-08T12:22:31.445+0000] {dag.py:3947} INFO - Setting next_dagrun for youtube_english_video_pipeline to 2026-09-08 12:00:00+00:00, run_after=2026-09-09 12:00:00+00:00
[2026-09-08T12:22:31.460+0000] {processor.py:183} INFO - Processing /opt/airflow/dags/youtube_pipeline.py took 0.086 seconds
[2026-09-08T12:23:01.595+0000] {processor.py:161} INFO - Started process (PID=48673) to work on /opt/airflow/dags/youtube_pipeline.py
[2026-09-08T12:23:01.595+0000] {processor.py:830} INFO - Processing file /opt/airflow/dags/youtube_pipeline.py for tasks to queue
[2026-09-08T12:23:01.597+0000] {logging_mixin.py:188} INFO - [2026-09-08T12:23:01.597+0000] {dagbag.py:545} INFO - Filling up the DagBag from /opt/airflow/dags/youtube_pipeline.py
[2026-09-08T12:23:01.618+0000] {processor.py:840} INFO - DAG(s) 'youtube_english_video_pipeline' retrieved from /opt/airflow/dags/youtube_pipeline.py
[2026-09-08T12:23:01.649+0000] {logging_mixin.py:188} INFO - [2026-09-08T12:23:01.649+0000] {dag.py:3089} INFO - Sync 1 DAGs
[2026-09-08T12:23:01.663+0000] {logging_mixin.py:188} INFO - [2026-09-08T12:23:01.663+0000] {dag.py:3947} INFO - Setting next_dagrun for youtube_english_video_pipeline to 2026-09-08 12:00:00+00:00, run_after=2026-09-09 12:00:00+00:00
[2026-09-08T12:23:01.678+0000] {processor.py:183} INFO - Processing /opt/airflow/dags/youtube_pipeline.py took 0.088 seconds
[2026-09-08T12:23:31.857+0000] {processor.py:161} INFO - Started process (PID=48678) to work on /opt/airflow/dags/youtube_pipeline.py
[2026-09-08T12:23:31.858+0000] {processor.py:830} INFO - Processing file /opt/airflow/dags/youtube_pipeline.py for tasks to queue
[2026-09-08T12:23:31.859+0000] {logging_mixin.py:188} INFO - [2026-09-08T12:23:31.859+0000] {dagbag.py:545} INFO - Filling up the DagBag from /opt/airflow/dags/youtube_pipeline.py
[2026-09-08T12:23:31.879+0000] {processor.py:840} INFO - DAG(s) 'youtube_english_video_pipeline' retrieved from /opt/airflow/dags/youtube_pipeline.py
[2026-09-08T12:23:31.911+0000] {logging_mixin.py:188} INFO - [2026-09-08T12:23:31.911+0000] {dag.py:3089} INFO - Sync 1 DAGs
[2026-09-08T12:23:31.927+0000] {logging_mixin.py:188} INFO - [2026-09-08T12:23:31.927+0000] {dag.py:3947} INFO - Setting next_dagrun for youtube_english_video_pipeline to 2026-09-08 12:00:00+00:00, run_after=2026-09-09 12:00:00+00:00
[2026-09-08T12:23:31.954+0000] {processor.py:183} INFO - Processing /opt/airflow/dags/youtube_pipeline.py took 0.102 seconds
[2026-09-08T12:24:02.090+0000] {processor.py:161} INFO - Started process (PID=48683) to work on /opt/airflow/dags/youtube_pipeline.py
[2026-09-08T12:24:02.092+0000] {processor.py:830} INFO - Processing file /opt/airflow/dags/youtube_pipeline.py for tasks to queue
[2026-09-08T12:24:02.094+0000] {logging_mixin.py:188} INFO - [2026-09-08T12:24:02.094+0000] {dagbag.py:545} INFO - Filling up the DagBag from /opt/airflow/dags/youtube_pipeline.py
[2026-09-08T12:24:02.116+0000] {processor.py:840} INFO - DAG(s) 'youtube_english_video_pipeline' retrieved from /opt/airflow/dags/youtube_pipeline.py
[2026-09-08T12:24:02.154+0000] {logging_mixin.py:188} INFO - [2026-09-08T12:24:02.154+0000] {dag.py:3089} INFO - Sync 1 DAGs
[2026-09-08T12:24:02.171+0000] {logging_mixin.py:188} INFO - [2026-09-08T12:24:02.171+0000] {dag.py:3947} INFO - Setting next_dagrun for youtube_english_video_pipeline to 2026-09-08 12:00:00+00:00, run_after=2026-09-09 12:00:00+00:00
[2026-09-08T12:24:02.194+0000] {processor.py:183} INFO - Processing /opt/airflow/dags/youtube_pipeline.py took 0.112 seconds
[2026-09-08T12:24:32.368+0000] {processor.py:161} INFO - Started process (PID=48688) to work on /opt/airflow/dags/youtube_pipeline.py
[2026-09-08T12:24:32.370+0000] {processor.py:830} INFO - Processing file /opt/airflow/dags/youtube_pipeline.py for tasks to queue
[2026-09-08T12:24:32.373+0000] {logging_mixin.py:188} INFO - [2026-09-08T12:24:32.372+0000] {dagbag.py:545} INFO - Filling up the DagBag from /opt/airflow/dags/youtube_pipeline.py
[2026-09-08T12:24:32.413+0000] {processor.py:840} INFO - DAG(s) 'youtube_english_video_pipeline' retrieved from /opt/airflow/dags/youtube_pipeline.py
[2026-09-08T12:24:32.448+0000] {logging_mixin.py:188} INFO - [2026-09-08T12:24:32.448+0000] {dag.py:3089} INFO - Sync 1 DAGs
[2026-09-08T12:24:32.464+0000] {logging_mixin.py:188} INFO - [2026-09-08T12:24:32.464+0000] {dag.py:3947} INFO - Setting next_dagrun for youtube_english_video_pipeline to 2026-09-08 12:00:00+00:00, run_after=2026-09-09 12:00:00+00:00
[2026-09-08T12:24:32.489+0000] {processor.py:183} INFO - Processing /opt/airflow/dags/youtube_pipeline.py took 0.128 seconds
[2026-09-08T12:25:02.602+0000] {processor.py:161} INFO - Started process (PID=48693) to work on /opt/airflow/dags/youtube_pipeline.py
[2026-09-08T12:25:02.603+0000] {processor.py:830} INFO - Processing file /opt/airflow/dags/youtube_pipeline.py for tasks to queue
[2026-09-08T12:25:02.605+0000] {logging_mixin.py:188} INFO - [2026-09-08T12:25:02.604+0000] {dagbag.py:545} INFO - Filling up the DagBag from /opt/airflow/dags/youtube_pipeline.py
[2026-09-08T12:25:02.623+0000] {processor.py:840} INFO - DAG(s) 'youtube_english_video_pipeline' retrieved from /opt/airflow/dags/youtube_pipeline.py
[2026-09-08T12:25:02.655+0000] {logging_mixin.py:188} INFO - [2026-09-08T12:25:02.655+0000] {dag.py:3089} INFO - Sync 1 DAGs
[2026-09-08T12:25:02.670+0000] {logging_mixin.py:188} INFO - [2026-09-08T12:25:02.669+0000] {dag.py:3947} INFO - Setting next_dagrun for youtube_english_video_pipeline to 2026-09-08 12:00:00+00:00, run_after=2026-09-09 12:00:00+00:00
[2026-09-08T12:25:02.684+0000] {processor.py:183} INFO - Processing /opt/airflow/dags/youtube_pipeline.py took 0.086 seconds
[2026-09-08T12:25:32.781+0000] {processor.py:161} INFO - Started process (PID=48698) to work on /opt/airflow/dags/youtube_pipeline.py
[2026-09-08T12:25:32.782+0000] {processor.py:830} INFO - Processing file /opt/airflow/dags/youtube_pipeline.py for tasks to queue
[2026-09-08T12:25:32.783+0000] {logging_mixin.py:188} INFO - [2026-09-08T12:25:32.783+0000] {dagbag.py:545} INFO - Filling up the DagBag from /opt/airflow/dags/youtube_pipeline.py
[2026-09-08T12:25:32.802+0000] {processor.py:840} INFO - DAG(s) 'youtube_english_video_pipeline' retrieved from /opt/airflow/dags/youtube_pipeline.py
[2026-09-08T12:25:32.830+0000] {logging_mixin.py:188} INFO - [2026-09-08T12:25:32.830+0000] {dag.py:3089} INFO - Sync 1 DAGs
[2026-09-08T12:25:32.845+0000] {logging_mixin.py:188} INFO - [2026-09-08T12:25:32.845+0000] {dag.py:3947} INFO - Setting next_dagrun for youtube_english_video_pipeline to 2026-09-08 12:00:00+00:00, run_after=2026-09-09 12:00:00+00:00
[2026-09-08T12:25:32.860+0000] {processor.py:183} INFO - Processing /opt/airflow/dags/youtube_pipeline.py took 0.084 seconds
[2026-09-08T12:26:03.151+0000] {processor.py:161} INFO - Started process (PID=48703) to work on /opt/airflow/dags/youtube_pipeline.py
[2026-09-08T12:26:03.153+0000] {processor.py:830} INFO - Processing file /opt/airflow/dags/youtube_pipeline.py for tasks to queue
[2026-09-08T12:26:03.155+0000] {logging_mixin.py:188} INFO - [2026-09-08T12:26:03.154+0000] {dagbag.py:545} INFO - Filling up the DagBag from /opt/airflow/dags/youtube_pipeline.py
[2026-09-08T12:26:03.198+0000] {processor.py:840} INFO - DAG(s) 'youtube_english_video_pipeline' retrieved from /opt/airflow/dags/youtube_pipeline.py
[2026-09-08T12:26:03.234+0000] {logging_mixin.py:188} INFO - [2026-09-08T12:26:03.234+0000] {dag.py:3089} INFO - Sync 1 DAGs
[2026-09-08T12:26:03.253+0000] {logging_mixin.py:188} INFO - [2026-09-08T12:26:03.253+0000] {dag.py:3947} INFO - Setting next_dagrun for youtube_english_video_pipeline to 2026-09-08 12:00:00+00:00, run_after=2026-09-09 12:00:00+00:00
[2026-09-08T12:26:03.295+0000] {processor.py:183} INFO - Processing /opt/airflow/dags/youtube_pipeline.py took 0.151 seconds
[2026-09-08T12:26:33.356+0000] {processor.py:161} INFO - Started process (PID=48708) to work on /opt/airflow/dags/youtube_pipeline.py
[2026-09-08T12:26:33.357+0000] {processor.py:830} INFO - Processing file /opt/airflow/dags/youtube_pipeline.py for tasks to queue
[2026-09-08T12:26:33.358+0000] {logging_mixin.py:188} INFO - [2026-09-08T12:26:33.358+0000] {dagbag.py:545} INFO - Filling up the DagBag from /opt/airflow/dags/youtube_pipeline.py
[2026-09-08T12:26:33.377+0000] {processor.py:840} INFO - DAG(s) 'youtube_english_video_pipeline' retrieved from /opt/airflow/dags/youtube_pipeline.py
[2026-09-08T12:26:33.407+0000] {logging_mixin.py:188} INFO - [2026-09-08T12:26:33.407+0000] {dag.py:3089} INFO - Sync 1 DAGs
[2026-09-08T12:26:33.420+0000] {logging_mixin.py:188} INFO - [2026-09-08T12:26:33.420+0000] {dag.py:3947} INFO - Setting next_dagrun for youtube_english_video_pipeline to 2026-09-08 12:00:00+00:00, run_after=2026-09-09 12:00:00+00:00
[2026-09-08T12:26:33.433+0000] {processor.py:183} INFO - Processing /opt/airflow/dags/youtube_pipeline.py took 0.089 seconds
[2026-09-08T12:27:03.562+0000] {processor.py:161} INFO - Started process (PID=48713) to work on /opt/airflow/dags/youtube_pipeline.py
[2026-09-08T12:27:03.563+0000] {processor.py:830} INFO - Processing file /opt/airflow/dags/youtube_pipeline.py for tasks to queue
[2026-09-08T12:27:03.564+0000] {logging_mixin.py:188} INFO - [2026-09-08T12:27:03.564+0000] {dagbag.py:545} INFO - Filling up the DagBag from /opt/airflow/dags/youtube_pipeline.py
[2026-09-08T12:27:03.583+0000] {processor.py:840} INFO - DAG(s) 'youtube_english_video_pipeline' retrieved from /opt/airflow/dags/youtube_pipeline.py
[2026-09-08T12:27:03.612+0000] {logging_mixin.py:188} INFO - [2026-09-08T12:27:03.612+0000] {dag.py:3089} INFO - Sync 1 DAGs
[2026-09-08T12:27:03.626+0000] {logging_mixin.py:188} INFO - [2026-09-08T12:27:03.626+0000] {dag.py:3947} INFO - Setting next_dagrun for youtube_english_video_pipeline to 2026-09-08 12:00:00+00:00, run_after=2026-09-09 12:00:00+00:00
[2026-09-08T12:27:03.648+0000] {processor.py:183} INFO - Processing /opt/airflow/dags/youtube_pipeline.py took 0.092 seconds
[2026-09-08T12:27:33.878+0000] {processor.py:161} INFO - Started process (PID=48718) to work on /opt/airflow/dags/youtube_pipeline.py
[2026-09-08T12:27:33.879+0000] {processor.py:830} INFO - Processing file /opt/airflow/dags/youtube_pipeline.py for tasks to queue
[2026-09-08T12:27:33.881+0000] {logging_mixin.py:188} INFO - [2026-09-08T12:27:33.880+0000] {dagbag.py:545} INFO - Filling up the DagBag from /opt/airflow/dags/youtube_pipeline.py
[2026-09-08T12:27:33.903+0000] {processor.py:840} INFO - DAG(s) 'youtube_english_video_pipeline' retrieved from /opt/airflow/dags/youtube_pipeline.py
[2026-09-08T12:27:33.933+0000] {logging_mixin.py:188} INFO - [2026-09-08T12:27:33.933+0000] {dag.py:3089} INFO - Sync 1 DAGs
[2026-09-08T12:27:33.948+0000] {logging_mixin.py:188} INFO - [2026-09-08T12:27:33.948+0000] {dag.py:3947} INFO - Setting next_dagrun for youtube_english_video_pipeline to 2026-09-08 12:00:00+00:00, run_after=2026-09-09 12:00:00+00:00
[2026-09-08T12:27:33.964+0000] {processor.py:183} INFO - Processing /opt/airflow/dags/youtube_pipeline.py took 0.090 seconds
[2026-09-08T12:28:04.093+0000] {processor.py:161} INFO - Started process (PID=48723) to work on /opt/airflow/dags/youtube_pipeline.py
[2026-09-08T12:28:04.094+0000] {processor.py:830} INFO - Processing file /opt/airflow/dags/youtube_pipeline.py for tasks to queue
[2026-09-08T12:28:04.096+0000] {logging_mixin.py:188} INFO - [2026-09-08T12:28:04.095+0000] {dagbag.py:545} INFO - Filling up the DagBag from /opt/airflow/dags/youtube_pipeline.py
[2026-09-08T12:28:04.126+0000] {processor.py:840} INFO - DAG(s) 'youtube_english_video_pipeline' retrieved from /opt/airflow/dags/youtube_pipeline.py
[2026-09-08T12:28:04.156+0000] {logging_mixin.py:188} INFO - [2026-09-08T12:28:04.156+0000] {dag.py:3089} INFO - Sync 1 DAGs
[2026-09-08T12:28:04.171+0000] {logging_mixin.py:188} INFO - [2026-09-08T12:28:04.171+0000] {dag.py:3947} INFO - Setting next_dagrun for youtube_english_video_pipeline to 2026-09-08 12:00:00+00:00, run_after=2026-09-09 12:00:00+00:00
[2026-09-08T12:28:04.187+0000] {processor.py:183} INFO - Processing /opt/airflow/dags/youtube_pipeline.py took 0.099 seconds
[2026-09-08T12:28:34.428+0000] {processor.py:161} INFO - Started process (PID=48728) to work on /opt/airflow/dags/youtube_pipeline.py
[2026-09-08T12:28:34.429+0000] {processor.py:830} INFO - Processing file /opt/airflow/dags/youtube_pipeline.py for tasks to queue
[2026-09-08T12:28:34.430+0000] {logging_mixin.py:188} INFO - [2026-09-08T12:28:34.430+0000] {dagbag.py:545} INFO - Filling up the DagBag from /opt/airflow/dags/youtube_pipeline.py
[2026-09-08T12:28:34.453+0000] {processor.py:840} INFO - DAG(s) 'youtube_english_video_pipeline' retrieved from /opt/airflow/dags/youtube_pipeline.py
[2026-09-08T12:28:34.483+0000] {logging_mixin.py:188} INFO - [2026-09-08T12:28:34.483+0000] {dag.py:3089} INFO - Sync 1 DAGs
[2026-09-08T12:28:34.497+0000] {logging_mixin.py:188} INFO - [2026-09-08T12:28:34.497+0000] {dag.py:3947} INFO - Setting next_dagrun for youtube_english_video_pipeline to 2026-09-08 12:00:00+00:00, run_after=2026-09-09 12:00:00+00:00
[2026-09-08T12:28:34.510+0000] {processor.py:183} INFO - Processing /opt/airflow/dags/youtube_pipeline.py took 0.088 seconds
[2026-09-08T12:29:04.653+0000] {processor.py:161} INFO - Started process (PID=48733) to work on /opt/airflow/dags/youtube_pipeline.py
[2026-09-08T12:29:04.654+0000] {processor.py:830} INFO - Processing file /opt/airflow/dags/youtube_pipeline.py for tasks to queue
[2026-09-08T12:29:04.655+0000] {logging_mixin.py:188} INFO - [2026-09-08T12:29:04.655+0000] {dagbag.py:545} INFO - Filling up the DagBag from /opt/airflow/dags/youtube_pipeline.py
[2026-09-08T12:29:04.676+0000] {processor.py:840} INFO - DAG(s) 'youtube_english_video_pipeline' retrieved from /opt/airflow/dags/youtube_pipeline.py
[2026-09-08T12:29:04.708+0000] {logging_mixin.py:188} INFO - [2026-09-08T12:29:04.708+0000] {dag.py:3089} INFO - Sync 1 DAGs
[2026-09-08T12:29:04.723+0000] {logging_mixin.py:188} INFO - [2026-09-08T12:29:04.723+0000] {dag.py:3947} INFO - Setting next_dagrun for youtube_english_video_pipeline to 2026-09-08 12:00:00+00:00, run_after=2026-09-09 12:00:00+00:00
[2026-09-08T12:29:04.736+0000] {processor.py:183} INFO - Processing /opt/airflow/dags/youtube_pipeline.py took 0.088 seconds
[2026-09-08T23:39:41.081+0000] {processor.py:161} INFO - Started process (PID=48738) to work on /opt/airflow/dags/youtube_pipeline.py
[2026-09-08T23:39:41.974+0000] {processor.py:830} INFO - Processing file /opt/airflow/dags/youtube_pipeline.py for tasks to queue
[2026-09-08T23:39:42.015+0000] {logging_mixin.py:188} INFO - [2026-09-08T23:39:42.014+0000] {dagbag.py:545} INFO - Filling up the DagBag from /opt/airflow/dags/youtube_pipeline.py
[2026-09-08T23:39:42.351+0000] {processor.py:840} INFO - DAG(s) 'youtube_english_video_pipeline' retrieved from /opt/airflow/dags/youtube_pipeline.py
[2026-09-08T23:39:42.430+0000] {logging_mixin.py:188} INFO - [2026-09-08T23:39:42.430+0000] {dag.py:3089} INFO - Sync 1 DAGs
[2026-09-08T23:39:42.475+0000] {logging_mixin.py:188} INFO - [2026-09-08T23:39:42.475+0000] {dag.py:3947} INFO - Setting next_dagrun for youtube_english_video_pipeline to 2026-09-08 12:00:00+00:00, run_after=2026-09-09 12:00:00+00:00
[2026-09-08T23:39:45.724+0000] {processor.py:183} INFO - Processing /opt/airflow/dags/youtube_pipeline.py took 4.654 seconds
[2026-09-08T23:40:17.452+0000] {processor.py:161} INFO - Started process (PID=48743) to work on /opt/airflow/dags/youtube_pipeline.py
[2026-09-08T23:40:18.520+0000] {processor.py:830} INFO - Processing file /opt/airflow/dags/youtube_pipeline.py for tasks to queue
[2026-09-08T23:40:18.527+0000] {logging_mixin.py:188} INFO - [2026-09-08T23:40:18.526+0000] {dagbag.py:545} INFO - Filling up the DagBag from /opt/airflow/dags/youtube_pipeline.py
[2026-09-08T23:40:18.981+0000] {processor.py:840} INFO - DAG(s) 'youtube_english_video_pipeline' retrieved from /opt/airflow/dags/youtube_pipeline.py
[2026-09-08T23:40:19.127+0000] {logging_mixin.py:188} INFO - [2026-09-08T23:40:19.127+0000] {dag.py:3089} INFO - Sync 1 DAGs
[2026-09-08T23:40:19.172+0000] {logging_mixin.py:188} INFO - [2026-09-08T23:40:19.172+0000] {dag.py:3947} INFO - Setting next_dagrun for youtube_english_video_pipeline to 2026-09-08 12:00:00+00:00, run_after=2026-09-09 12:00:00+00:00
[2026-09-08T23:40:19.240+0000] {processor.py:183} INFO - Processing /opt/airflow/dags/youtube_pipeline.py took 1.801 seconds
[2026-09-08T23:40:50.319+0000] {processor.py:161} INFO - Started process (PID=48748) to work on /opt/airflow/dags/youtube_pipeline.py
[2026-09-08T23:40:50.327+0000] {processor.py:830} INFO - Processing file /opt/airflow/dags/youtube_pipeline.py for tasks to queue
[2026-09-08T23:40:50.339+0000] {logging_mixin.py:188} INFO - [2026-09-08T23:40:50.339+0000] {dagbag.py:545} INFO - Filling up the DagBag from /opt/airflow/dags/youtube_pipeline.py
[2026-09-08T23:40:50.658+0000] {processor.py:840} INFO - DAG(s) 'youtube_english_video_pipeline' retrieved from /opt/airflow/dags/youtube_pipeline.py
[2026-09-08T23:40:50.771+0000] {logging_mixin.py:188} INFO - [2026-09-08T23:40:50.770+0000] {dag.py:3089} INFO - Sync 1 DAGs
[2026-09-08T23:40:50.824+0000] {logging_mixin.py:188} INFO - [2026-09-08T23:40:50.824+0000] {dag.py:3947} INFO - Setting next_dagrun for youtube_english_video_pipeline to 2026-09-08 12:00:00+00:00, run_after=2026-09-09 12:00:00+00:00
[2026-09-08T23:40:50.892+0000] {processor.py:183} INFO - Processing /opt/airflow/dags/youtube_pipeline.py took 0.597 seconds
[2026-09-08T23:41:21.355+0000] {processor.py:161} INFO - Started process (PID=48753) to work on /opt/airflow/dags/youtube_pipeline.py
[2026-09-08T23:41:21.357+0000] {processor.py:830} INFO - Processing file /opt/airflow/dags/youtube_pipeline.py for tasks to queue
[2026-09-08T23:41:21.360+0000] {logging_mixin.py:188} INFO - [2026-09-08T23:41:21.359+0000] {dagbag.py:545} INFO - Filling up the DagBag from /opt/airflow/dags/youtube_pipeline.py
[2026-09-08T23:41:21.433+0000] {processor.py:840} INFO - DAG(s) 'youtube_english_video_pipeline' retrieved from /opt/airflow/dags/youtube_pipeline.py
[2026-09-08T23:41:21.500+0000] {logging_mixin.py:188} INFO - [2026-09-08T23:41:21.500+0000] {dag.py:3089} INFO - Sync 1 DAGs
[2026-09-08T23:41:21.536+0000] {logging_mixin.py:188} INFO - [2026-09-08T23:41:21.535+0000] {dag.py:3947} INFO - Setting next_dagrun for youtube_english_video_pipeline to 2026-09-08 12:00:00+00:00, run_after=2026-09-09 12:00:00+00:00
[2026-09-08T23:41:21.578+0000] {processor.py:183} INFO - Processing /opt/airflow/dags/youtube_pipeline.py took 0.232 seconds
[2026-09-08T23:41:51.882+0000] {processor.py:161} INFO - Started process (PID=48758) to work on /opt/airflow/dags/youtube_pipeline.py
[2026-09-08T23:41:51.885+0000] {processor.py:830} INFO - Processing file /opt/airflow/dags/youtube_pipeline.py for tasks to queue
[2026-09-08T23:41:51.892+0000] {logging_mixin.py:188} INFO - [2026-09-08T23:41:51.891+0000] {dagbag.py:545} INFO - Filling up the DagBag from /opt/airflow/dags/youtube_pipeline.py
[2026-09-08T23:41:51.988+0000] {processor.py:840} INFO - DAG(s) 'youtube_english_video_pipeline' retrieved from /opt/airflow/dags/youtube_pipeline.py
[2026-09-08T23:41:52.063+0000] {logging_mixin.py:188} INFO - [2026-09-08T23:41:52.062+0000] {dag.py:3089} INFO - Sync 1 DAGs
[2026-09-08T23:41:52.097+0000] {logging_mixin.py:188} INFO - [2026-09-08T23:41:52.096+0000] {dag.py:3947} INFO - Setting next_dagrun for youtube_english_video_pipeline to 2026-09-08 12:00:00+00:00, run_after=2026-09-09 12:00:00+00:00
[2026-09-08T23:41:52.127+0000] {processor.py:183} INFO - Processing /opt/airflow/dags/youtube_pipeline.py took 0.261 seconds
[2026-09-08T23:42:22.228+0000] {processor.py:161} INFO - Started process (PID=48763) to work on /opt/airflow/dags/youtube_pipeline.py
[2026-09-08T23:42:22.230+0000] {processor.py:830} INFO - Processing file /opt/airflow/dags/youtube_pipeline.py for tasks to queue
[2026-09-08T23:42:22.233+0000] {logging_mixin.py:188} INFO - [2026-09-08T23:42:22.232+0000] {dagbag.py:545} INFO - Filling up the DagBag from /opt/airflow/dags/youtube_pipeline.py
[2026-09-08T23:42:22.293+0000] {processor.py:840} INFO - DAG(s) 'youtube_english_video_pipeline' retrieved from /opt/airflow/dags/youtube_pipeline.py
[2026-09-08T23:42:22.349+0000] {logging_mixin.py:188} INFO - [2026-09-08T23:42:22.349+0000] {dag.py:3089} INFO - Sync 1 DAGs
[2026-09-08T23:42:22.377+0000] {logging_mixin.py:188} INFO - [2026-09-08T23:42:22.376+0000] {dag.py:3947} INFO - Setting next_dagrun for youtube_english_video_pipeline to 2026-09-08 12:00:00+00:00, run_after=2026-09-09 12:00:00+00:00
[2026-09-08T23:42:22.406+0000] {processor.py:183} INFO - Processing /opt/airflow/dags/youtube_pipeline.py took 0.188 seconds
[2026-09-08T23:42:52.786+0000] {processor.py:161} INFO - Started process (PID=48768) to work on /opt/airflow/dags/youtube_pipeline.py
[2026-09-08T23:42:52.787+0000] {processor.py:830} INFO - Processing file /opt/airflow/dags/youtube_pipeline.py for tasks to queue
[2026-09-08T23:42:52.790+0000] {logging_mixin.py:188} INFO - [2026-09-08T23:42:52.789+0000] {dagbag.py:545} INFO - Filling up the DagBag from /opt/airflow/dags/youtube_pipeline.py
[2026-09-08T23:42:52.855+0000] {processor.py:840} INFO - DAG(s) 'youtube_english_video_pipeline' retrieved from /opt/airflow/dags/youtube_pipeline.py
[2026-09-08T23:42:52.901+0000] {logging_mixin.py:188} INFO - [2026-09-08T23:42:52.901+0000] {dag.py:3089} INFO - Sync 1 DAGs
[2026-09-08T23:42:52.926+0000] {logging_mixin.py:188} INFO - [2026-09-08T23:42:52.926+0000] {dag.py:3947} INFO - Setting next_dagrun for youtube_english_video_pipeline to 2026-09-08 12:00:00+00:00, run_after=2026-09-09 12:00:00+00:00
[2026-09-08T23:42:52.952+0000] {processor.py:183} INFO - Processing /opt/airflow/dags/youtube_pipeline.py took 0.175 seconds
[2026-09-08T23:43:23.102+0000] {processor.py:161} INFO - Started process (PID=48773) to work on /opt/airflow/dags/youtube_pipeline.py
[2026-09-08T23:43:23.104+0000] {processor.py:830} INFO - Processing file /opt/airflow/dags/youtube_pipeline.py for tasks to queue
[2026-09-08T23:43:23.108+0000] {logging_mixin.py:188} INFO - [2026-09-08T23:43:23.107+0000] {dagbag.py:545} INFO - Filling up the DagBag from /opt/airflow/dags/youtube_pipeline.py
[2026-09-08T23:43:23.203+0000] {processor.py:840} INFO - DAG(s) 'youtube_english_video_pipeline' retrieved from /opt/airflow/dags/youtube_pipeline.py
[2026-09-08T23:43:23.264+0000] {logging_mixin.py:188} INFO - [2026-09-08T23:43:23.263+0000] {dag.py:3089} INFO - Sync 1 DAGs
[2026-09-08T23:43:23.304+0000] {logging_mixin.py:188} INFO - [2026-09-08T23:43:23.304+0000] {dag.py:3947} INFO - Setting next_dagrun for youtube_english_video_pipeline to 2026-09-08 12:00:00+00:00, run_after=2026-09-09 12:00:00+00:00
[2026-09-08T23:43:23.335+0000] {processor.py:183} INFO - Processing /opt/airflow/dags/youtube_pipeline.py took 0.248 seconds
[2026-09-08T23:43:54.132+0000] {processor.py:161} INFO - Started process (PID=48778) to work on /opt/airflow/dags/youtube_pipeline.py
[2026-09-08T23:43:54.137+0000] {processor.py:830} INFO - Processing file /opt/airflow/dags/youtube_pipeline.py for tasks to queue
[2026-09-08T23:43:54.144+0000] {logging_mixin.py:188} INFO - [2026-09-08T23:43:54.143+0000] {dagbag.py:545} INFO - Filling up the DagBag from /opt/airflow/dags/youtube_pipeline.py
[2026-09-08T23:43:54.224+0000] {processor.py:840} INFO - DAG(s) 'youtube_english_video_pipeline' retrieved from /opt/airflow/dags/youtube_pipeline.py
[2026-09-08T23:43:54.275+0000] {logging_mixin.py:188} INFO - [2026-09-08T23:43:54.275+0000] {dag.py:3089} INFO - Sync 1 DAGs
[2026-09-08T23:43:54.297+0000] {logging_mixin.py:188} INFO - [2026-09-08T23:43:54.297+0000] {dag.py:3947} INFO - Setting next_dagrun for youtube_english_video_pipeline to 2026-09-08 12:00:00+00:00, run_after=2026-09-09 12:00:00+00:00
[2026-09-08T23:43:54.321+0000] {processor.py:183} INFO - Processing /opt/airflow/dags/youtube_pipeline.py took 0.210 seconds
[2026-09-08T23:44:24.575+0000] {processor.py:161} INFO - Started process (PID=48783) to work on /opt/airflow/dags/youtube_pipeline.py
[2026-09-08T23:44:24.576+0000] {processor.py:830} INFO - Processing file /opt/airflow/dags/youtube_pipeline.py for tasks to queue
[2026-09-08T23:44:24.578+0000] {logging_mixin.py:188} INFO - [2026-09-08T23:44:24.578+0000] {dagbag.py:545} INFO - Filling up the DagBag from /opt/airflow/dags/youtube_pipeline.py
[2026-09-08T23:44:24.626+0000] {processor.py:840} INFO - DAG(s) 'youtube_english_video_pipeline' retrieved from /opt/airflow/dags/youtube_pipeline.py
[2026-09-08T23:44:24.677+0000] {logging_mixin.py:188} INFO - [2026-09-08T23:44:24.677+0000] {dag.py:3089} INFO - Sync 1 DAGs
[2026-09-08T23:44:24.701+0000] {logging_mixin.py:188} INFO - [2026-09-08T23:44:24.701+0000] {dag.py:3947} INFO - Setting next_dagrun for youtube_english_video_pipeline to 2026-09-08 12:00:00+00:00, run_after=2026-09-09 12:00:00+00:00
[2026-09-08T23:44:24.726+0000] {processor.py:183} INFO - Processing /opt/airflow/dags/youtube_pipeline.py took 0.158 seconds
[2026-09-08T23:44:54.851+0000] {processor.py:161} INFO - Started process (PID=48788) to work on /opt/airflow/dags/youtube_pipeline.py
[2026-09-08T23:44:54.853+0000] {processor.py:830} INFO - Processing file /opt/airflow/dags/youtube_pipeline.py for tasks to queue
[2026-09-08T23:44:54.856+0000] {logging_mixin.py:188} INFO - [2026-09-08T23:44:54.855+0000] {dagbag.py:545} INFO - Filling up the DagBag from /opt/airflow/dags/youtube_pipeline.py
[2026-09-08T23:44:54.900+0000] {processor.py:840} INFO - DAG(s) 'youtube_english_video_pipeline' retrieved from /opt/airflow/dags/youtube_pipeline.py
[2026-09-08T23:44:54.948+0000] {logging_mixin.py:188} INFO - [2026-09-08T23:44:54.948+0000] {dag.py:3089} INFO - Sync 1 DAGs
[2026-09-08T23:44:54.979+0000] {logging_mixin.py:188} INFO - [2026-09-08T23:44:54.979+0000] {dag.py:3947} INFO - Setting next_dagrun for youtube_english_video_pipeline to 2026-09-08 12:00:00+00:00, run_after=2026-09-09 12:00:00+00:00
[2026-09-08T23:44:55.004+0000] {processor.py:183} INFO - Processing /opt/airflow/dags/youtube_pipeline.py took 0.162 seconds
[2026-09-08T23:45:25.271+0000] {processor.py:161} INFO - Started process (PID=48793) to work on /opt/airflow/dags/youtube_pipeline.py
[2026-09-08T23:45:25.272+0000] {processor.py:830} INFO - Processing file /opt/airflow/dags/youtube_pipeline.py for tasks to queue
[2026-09-08T23:45:25.275+0000] {logging_mixin.py:188} INFO - [2026-09-08T23:45:25.275+0000] {dagbag.py:545} INFO - Filling up the DagBag from /opt/airflow/dags/youtube_pipeline.py
[2026-09-08T23:45:25.312+0000] {processor.py:840} INFO - DAG(s) 'youtube_english_video_pipeline' retrieved from /opt/airflow/dags/youtube_pipeline.py
[2026-09-08T23:45:25.362+0000] {logging_mixin.py:188} INFO - [2026-09-08T23:45:25.361+0000] {dag.py:3089} INFO - Sync 1 DAGs
[2026-09-08T23:45:25.391+0000] {logging_mixin.py:188} INFO - [2026-09-08T23:45:25.390+0000] {dag.py:3947} INFO - Setting next_dagrun for youtube_english_video_pipeline to 2026-09-08 12:00:00+00:00, run_after=2026-09-09 12:00:00+00:00
[2026-09-08T23:45:25.416+0000] {processor.py:183} INFO - Processing /opt/airflow/dags/youtube_pipeline.py took 0.153 seconds
[2026-09-08T23:45:55.563+0000] {processor.py:161} INFO - Started process (PID=48798) to work on /opt/airflow/dags/youtube_pipeline.py
[2026-09-08T23:45:55.564+0000] {processor.py:830} INFO - Processing file /opt/airflow/dags/youtube_pipeline.py for tasks to queue
[2026-09-08T23:45:55.566+0000] {logging_mixin.py:188} INFO - [2026-09-08T23:45:55.566+0000] {dagbag.py:545} INFO - Filling up the DagBag from /opt/airflow/dags/youtube_pipeline.py
[2026-09-08T23:45:55.602+0000] {processor.py:840} INFO - DAG(s) 'youtube_english_video_pipeline' retrieved from /opt/airflow/dags/youtube_pipeline.py
[2026-09-08T23:45:55.652+0000] {logging_mixin.py:188} INFO - [2026-09-08T23:45:55.652+0000] {dag.py:3089} INFO - Sync 1 DAGs
[2026-09-08T23:45:55.680+0000] {logging_mixin.py:188} INFO - [2026-09-08T23:45:55.680+0000] {dag.py:3947} INFO - Setting next_dagrun for youtube_english_video_pipeline to 2026-09-08 12:00:00+00:00, run_after=2026-09-09 12:00:00+00:00
[2026-09-08T23:45:55.704+0000] {processor.py:183} INFO - Processing /opt/airflow/dags/youtube_pipeline.py took 0.149 seconds
[2026-09-08T23:46:25.960+0000] {processor.py:161} INFO - Started process (PID=48803) to work on /opt/airflow/dags/youtube_pipeline.py
[2026-09-08T23:46:25.961+0000] {processor.py:830} INFO - Processing file /opt/airflow/dags/youtube_pipeline.py for tasks to queue
[2026-09-08T23:46:25.964+0000] {logging_mixin.py:188} INFO - [2026-09-08T23:46:25.963+0000] {dagbag.py:545} INFO - Filling up the DagBag from /opt/airflow/dags/youtube_pipeline.py
[2026-09-08T23:46:26.006+0000] {processor.py:840} INFO - DAG(s) 'youtube_english_video_pipeline' retrieved from /opt/airflow/dags/youtube_pipeline.py
[2026-09-08T23:46:26.063+0000] {logging_mixin.py:188} INFO - [2026-09-08T23:46:26.063+0000] {dag.py:3089} INFO - Sync 1 DAGs
[2026-09-08T23:46:26.083+0000] {logging_mixin.py:188} INFO - [2026-09-08T23:46:26.083+0000] {dag.py:3947} INFO - Setting next_dagrun for youtube_english_video_pipeline to 2026-09-08 12:00:00+00:00, run_after=2026-09-09 12:00:00+00:00
[2026-09-08T23:46:26.106+0000] {processor.py:183} INFO - Processing /opt/airflow/dags/youtube_pipeline.py took 0.156 seconds
[2026-09-08T23:46:56.200+0000] {processor.py:161} INFO - Started process (PID=48808) to work on /opt/airflow/dags/youtube_pipeline.py
[2026-09-08T23:46:56.202+0000] {processor.py:830} INFO - Processing file /opt/airflow/dags/youtube_pipeline.py for tasks to queue
[2026-09-08T23:46:56.204+0000] {logging_mixin.py:188} INFO - [2026-09-08T23:46:56.204+0000] {dagbag.py:545} INFO - Filling up the DagBag from /opt/airflow/dags/youtube_pipeline.py
[2026-09-08T23:46:56.250+0000] {processor.py:840} INFO - DAG(s) 'youtube_english_video_pipeline' retrieved from /opt/airflow/dags/youtube_pipeline.py
[2026-09-08T23:46:56.296+0000] {logging_mixin.py:188} INFO - [2026-09-08T23:46:56.296+0000] {dag.py:3089} INFO - Sync 1 DAGs
[2026-09-08T23:46:56.318+0000] {logging_mixin.py:188} INFO - [2026-09-08T23:46:56.318+0000] {dag.py:3947} INFO - Setting next_dagrun for youtube_english_video_pipeline to 2026-09-08 12:00:00+00:00, run_after=2026-09-09 12:00:00+00:00
[2026-09-08T23:46:56.345+0000] {processor.py:183} INFO - Processing /opt/airflow/dags/youtube_pipeline.py took 0.152 seconds
[2026-09-08T23:47:26.610+0000] {processor.py:161} INFO - Started process (PID=48813) to work on /opt/airflow/dags/youtube_pipeline.py
[2026-09-08T23:47:26.611+0000] {processor.py:830} INFO - Processing file /opt/airflow/dags/youtube_pipeline.py for tasks to queue
[2026-09-08T23:47:26.614+0000] {logging_mixin.py:188} INFO - [2026-09-08T23:47:26.614+0000] {dagbag.py:545} INFO - Filling up the DagBag from /opt/airflow/dags/youtube_pipeline.py
[2026-09-08T23:47:26.659+0000] {processor.py:840} INFO - DAG(s) 'youtube_english_video_pipeline' retrieved from /opt/airflow/dags/youtube_pipeline.py
[2026-09-08T23:47:26.714+0000] {logging_mixin.py:188} INFO - [2026-09-08T23:47:26.714+0000] {dag.py:3089} INFO - Sync 1 DAGs
[2026-09-08T23:47:26.739+0000] {logging_mixin.py:188} INFO - [2026-09-08T23:47:26.739+0000] {dag.py:3947} INFO - Setting next_dagrun for youtube_english_video_pipeline to 2026-09-08 12:00:00+00:00, run_after=2026-09-09 12:00:00+00:00
[2026-09-08T23:47:26.763+0000] {processor.py:183} INFO - Processing /opt/airflow/dags/youtube_pipeline.py took 0.161 seconds
[2026-09-08T23:47:56.891+0000] {processor.py:161} INFO - Started process (PID=48818) to work on /opt/airflow/dags/youtube_pipeline.py
[2026-09-08T23:47:56.892+0000] {processor.py:830} INFO - Processing file /opt/airflow/dags/youtube_pipeline.py for tasks to queue
[2026-09-08T23:47:56.895+0000] {logging_mixin.py:188} INFO - [2026-09-08T23:47:56.894+0000] {dagbag.py:545} INFO - Filling up the DagBag from /opt/airflow/dags/youtube_pipeline.py
[2026-09-08T23:47:56.940+0000] {processor.py:840} INFO - DAG(s) 'youtube_english_video_pipeline' retrieved from /opt/airflow/dags/youtube_pipeline.py
[2026-09-08T23:47:56.990+0000] {logging_mixin.py:188} INFO - [2026-09-08T23:47:56.990+0000] {dag.py:3089} INFO - Sync 1 DAGs
[2026-09-08T23:47:57.014+0000] {logging_mixin.py:188} INFO - [2026-09-08T23:47:57.013+0000] {dag.py:3947} INFO - Setting next_dagrun for youtube_english_video_pipeline to 2026-09-08 12:00:00+00:00, run_after=2026-09-09 12:00:00+00:00
[2026-09-08T23:47:57.047+0000] {processor.py:183} INFO - Processing /opt/airflow/dags/youtube_pipeline.py took 0.164 seconds
[2026-09-08T23:48:27.289+0000] {processor.py:161} INFO - Started process (PID=48823) to work on /opt/airflow/dags/youtube_pipeline.py
[2026-09-08T23:48:27.290+0000] {processor.py:830} INFO - Processing file /opt/airflow/dags/youtube_pipeline.py for tasks to queue
[2026-09-08T23:48:27.293+0000] {logging_mixin.py:188} INFO - [2026-09-08T23:48:27.293+0000] {dagbag.py:545} INFO - Filling up the DagBag from /opt/airflow/dags/youtube_pipeline.py
[2026-09-08T23:48:27.346+0000] {processor.py:840} INFO - DAG(s) 'youtube_english_video_pipeline' retrieved from /opt/airflow/dags/youtube_pipeline.py
[2026-09-08T23:48:27.408+0000] {logging_mixin.py:188} INFO - [2026-09-08T23:48:27.408+0000] {dag.py:3089} INFO - Sync 1 DAGs
[2026-09-08T23:48:27.440+0000] {logging_mixin.py:188} INFO - [2026-09-08T23:48:27.440+0000] {dag.py:3947} INFO - Setting next_dagrun for youtube_english_video_pipeline to 2026-09-08 12:00:00+00:00, run_after=2026-09-09 12:00:00+00:00
[2026-09-08T23:48:27.466+0000] {processor.py:183} INFO - Processing /opt/airflow/dags/youtube_pipeline.py took 0.186 seconds
[2026-09-08T23:48:57.577+0000] {processor.py:161} INFO - Started process (PID=48828) to work on /opt/airflow/dags/youtube_pipeline.py
[2026-09-08T23:48:57.579+0000] {processor.py:830} INFO - Processing file /opt/airflow/dags/youtube_pipeline.py for tasks to queue
[2026-09-08T23:48:57.582+0000] {logging_mixin.py:188} INFO - [2026-09-08T23:48:57.581+0000] {dagbag.py:545} INFO - Filling up the DagBag from /opt/airflow/dags/youtube_pipeline.py
[2026-09-08T23:48:57.633+0000] {processor.py:840} INFO - DAG(s) 'youtube_english_video_pipeline' retrieved from /opt/airflow/dags/youtube_pipeline.py
[2026-09-08T23:48:57.691+0000] {logging_mixin.py:188} INFO - [2026-09-08T23:48:57.690+0000] {dag.py:3089} INFO - Sync 1 DAGs
[2026-09-08T23:48:57.727+0000] {logging_mixin.py:188} INFO - [2026-09-08T23:48:57.727+0000] {dag.py:3947} INFO - Setting next_dagrun for youtube_english_video_pipeline to 2026-09-08 12:00:00+00:00, run_after=2026-09-09 12:00:00+00:00
[2026-09-08T23:48:57.755+0000] {processor.py:183} INFO - Processing /opt/airflow/dags/youtube_pipeline.py took 0.186 seconds
[2026-09-08T23:49:27.933+0000] {processor.py:161} INFO - Started process (PID=48833) to work on /opt/airflow/dags/youtube_pipeline.py
[2026-09-08T23:49:27.934+0000] {processor.py:830} INFO - Processing file /opt/airflow/dags/youtube_pipeline.py for tasks to queue
[2026-09-08T23:49:27.937+0000] {logging_mixin.py:188} INFO - [2026-09-08T23:49:27.936+0000] {dagbag.py:545} INFO - Filling up the DagBag from /opt/airflow/dags/youtube_pipeline.py
[2026-09-08T23:49:27.982+0000] {processor.py:840} INFO - DAG(s) 'youtube_english_video_pipeline' retrieved from /opt/airflow/dags/youtube_pipeline.py
[2026-09-08T23:49:28.037+0000] {logging_mixin.py:188} INFO - [2026-09-08T23:49:28.037+0000] {dag.py:3089} INFO - Sync 1 DAGs
[2026-09-08T23:49:28.089+0000] {logging_mixin.py:188} INFO - [2026-09-08T23:49:28.089+0000] {dag.py:3947} INFO - Setting next_dagrun for youtube_english_video_pipeline to 2026-09-08 12:00:00+00:00, run_after=2026-09-09 12:00:00+00:00
[2026-09-08T23:49:28.112+0000] {processor.py:183} INFO - Processing /opt/airflow/dags/youtube_pipeline.py took 0.188 seconds
[2026-09-08T23:49:58.285+0000] {processor.py:161} INFO - Started process (PID=48838) to work on /opt/airflow/dags/youtube_pipeline.py
[2026-09-08T23:49:58.290+0000] {processor.py:830} INFO - Processing file /opt/airflow/dags/youtube_pipeline.py for tasks to queue
[2026-09-08T23:49:58.295+0000] {logging_mixin.py:188} INFO - [2026-09-08T23:49:58.294+0000] {dagbag.py:545} INFO - Filling up the DagBag from /opt/airflow/dags/youtube_pipeline.py
[2026-09-08T23:49:58.341+0000] {processor.py:840} INFO - DAG(s) 'youtube_english_video_pipeline' retrieved from /opt/airflow/dags/youtube_pipeline.py
[2026-09-08T23:49:58.383+0000] {logging_mixin.py:188} INFO - [2026-09-08T23:49:58.382+0000] {dag.py:3089} INFO - Sync 1 DAGs
[2026-09-08T23:49:58.405+0000] {logging_mixin.py:188} INFO - [2026-09-08T23:49:58.405+0000] {dag.py:3947} INFO - Setting next_dagrun for youtube_english_video_pipeline to 2026-09-08 12:00:00+00:00, run_after=2026-09-09 12:00:00+00:00
[2026-09-08T23:49:58.429+0000] {processor.py:183} INFO - Processing /opt/airflow/dags/youtube_pipeline.py took 0.154 seconds
[2026-09-08T23:50:28.669+0000] {processor.py:161} INFO - Started process (PID=48843) to work on /opt/airflow/dags/youtube_pipeline.py
[2026-09-08T23:50:28.672+0000] {processor.py:830} INFO - Processing file /opt/airflow/dags/youtube_pipeline.py for tasks to queue
[2026-09-08T23:50:28.674+0000] {logging_mixin.py:188} INFO - [2026-09-08T23:50:28.674+0000] {dagbag.py:545} INFO - Filling up the DagBag from /opt/airflow/dags/youtube_pipeline.py
[2026-09-08T23:50:28.746+0000] {processor.py:840} INFO - DAG(s) 'youtube_english_video_pipeline' retrieved from /opt/airflow/dags/youtube_pipeline.py
[2026-09-08T23:50:28.810+0000] {logging_mixin.py:188} INFO - [2026-09-08T23:50:28.809+0000] {dag.py:3089} INFO - Sync 1 DAGs
[2026-09-08T23:50:28.844+0000] {logging_mixin.py:188} INFO - [2026-09-08T23:50:28.843+0000] {dag.py:3947} INFO - Setting next_dagrun for youtube_english_video_pipeline to 2026-09-08 12:00:00+00:00, run_after=2026-09-09 12:00:00+00:00
[2026-09-08T23:50:28.870+0000] {processor.py:183} INFO - Processing /opt/airflow/dags/youtube_pipeline.py took 0.214 seconds
[2026-09-08T23:50:59.120+0000] {processor.py:161} INFO - Started process (PID=48848) to work on /opt/airflow/dags/youtube_pipeline.py
[2026-09-08T23:50:59.122+0000] {processor.py:830} INFO - Processing file /opt/airflow/dags/youtube_pipeline.py for tasks to queue
[2026-09-08T23:50:59.124+0000] {logging_mixin.py:188} INFO - [2026-09-08T23:50:59.124+0000] {dagbag.py:545} INFO - Filling up the DagBag from /opt/airflow/dags/youtube_pipeline.py
[2026-09-08T23:50:59.171+0000] {processor.py:840} INFO - DAG(s) 'youtube_english_video_pipeline' retrieved from /opt/airflow/dags/youtube_pipeline.py
[2026-09-08T23:50:59.215+0000] {logging_mixin.py:188} INFO - [2026-09-08T23:50:59.214+0000] {dag.py:3089} INFO - Sync 1 DAGs
[2026-09-08T23:50:59.237+0000] {logging_mixin.py:188} INFO - [2026-09-08T23:50:59.237+0000] {dag.py:3947} INFO - Setting next_dagrun for youtube_english_video_pipeline to 2026-09-08 12:00:00+00:00, run_after=2026-09-09 12:00:00+00:00
[2026-09-08T23:50:59.272+0000] {processor.py:183} INFO - Processing /opt/airflow/dags/youtube_pipeline.py took 0.159 seconds
[2026-09-08T23:51:29.352+0000] {processor.py:161} INFO - Started process (PID=48853) to work on /opt/airflow/dags/youtube_pipeline.py
[2026-09-08T23:51:29.354+0000] {processor.py:830} INFO - Processing file /opt/airflow/dags/youtube_pipeline.py for tasks to queue
[2026-09-08T23:51:29.357+0000] {logging_mixin.py:188} INFO - [2026-09-08T23:51:29.356+0000] {dagbag.py:545} INFO - Filling up the DagBag from /opt/airflow/dags/youtube_pipeline.py
[2026-09-08T23:51:29.413+0000] {processor.py:840} INFO - DAG(s) 'youtube_english_video_pipeline' retrieved from /opt/airflow/dags/youtube_pipeline.py
[2026-09-08T23:51:29.474+0000] {logging_mixin.py:188} INFO - [2026-09-08T23:51:29.474+0000] {dag.py:3089} INFO - Sync 1 DAGs
[2026-09-08T23:51:29.505+0000] {logging_mixin.py:188} INFO - [2026-09-08T23:51:29.505+0000] {dag.py:3947} INFO - Setting next_dagrun for youtube_english_video_pipeline to 2026-09-08 12:00:00+00:00, run_after=2026-09-09 12:00:00+00:00
[2026-09-08T23:51:29.543+0000] {processor.py:183} INFO - Processing /opt/airflow/dags/youtube_pipeline.py took 0.200 seconds
[2026-09-08T23:51:59.939+0000] {processor.py:161} INFO - Started process (PID=48858) to work on /opt/airflow/dags/youtube_pipeline.py
[2026-09-08T23:51:59.941+0000] {processor.py:830} INFO - Processing file /opt/airflow/dags/youtube_pipeline.py for tasks to queue
[2026-09-08T23:51:59.943+0000] {logging_mixin.py:188} INFO - [2026-09-08T23:51:59.943+0000] {dagbag.py:545} INFO - Filling up the DagBag from /opt/airflow/dags/youtube_pipeline.py
[2026-09-08T23:51:59.993+0000] {processor.py:840} INFO - DAG(s) 'youtube_english_video_pipeline' retrieved from /opt/airflow/dags/youtube_pipeline.py
[2026-09-08T23:52:00.044+0000] {logging_mixin.py:188} INFO - [2026-09-08T23:52:00.044+0000] {dag.py:3089} INFO - Sync 1 DAGs
[2026-09-08T23:52:00.067+0000] {logging_mixin.py:188} INFO - [2026-09-08T23:52:00.067+0000] {dag.py:3947} INFO - Setting next_dagrun for youtube_english_video_pipeline to 2026-09-08 12:00:00+00:00, run_after=2026-09-09 12:00:00+00:00
[2026-09-08T23:52:00.099+0000] {processor.py:183} INFO - Processing /opt/airflow/dags/youtube_pipeline.py took 0.168 seconds
[2026-09-08T23:52:30.175+0000] {processor.py:161} INFO - Started process (PID=48863) to work on /opt/airflow/dags/youtube_pipeline.py
[2026-09-08T23:52:30.177+0000] {processor.py:830} INFO - Processing file /opt/airflow/dags/youtube_pipeline.py for tasks to queue
[2026-09-08T23:52:30.179+0000] {logging_mixin.py:188} INFO - [2026-09-08T23:52:30.179+0000] {dagbag.py:545} INFO - Filling up the DagBag from /opt/airflow/dags/youtube_pipeline.py
[2026-09-08T23:52:30.225+0000] {processor.py:840} INFO - DAG(s) 'youtube_english_video_pipeline' retrieved from /opt/airflow/dags/youtube_pipeline.py
[2026-09-08T23:52:30.278+0000] {logging_mixin.py:188} INFO - [2026-09-08T23:52:30.278+0000] {dag.py:3089} INFO - Sync 1 DAGs
[2026-09-08T23:52:30.303+0000] {logging_mixin.py:188} INFO - [2026-09-08T23:52:30.303+0000] {dag.py:3947} INFO - Setting next_dagrun for youtube_english_video_pipeline to 2026-09-08 12:00:00+00:00, run_after=2026-09-09 12:00:00+00:00
[2026-09-08T23:52:30.329+0000] {processor.py:183} INFO - Processing /opt/airflow/dags/youtube_pipeline.py took 0.162 seconds
[2026-09-08T23:53:00.632+0000] {processor.py:161} INFO - Started process (PID=48868) to work on /opt/airflow/dags/youtube_pipeline.py
[2026-09-08T23:53:00.634+0000] {processor.py:830} INFO - Processing file /opt/airflow/dags/youtube_pipeline.py for tasks to queue
[2026-09-08T23:53:00.643+0000] {logging_mixin.py:188} INFO - [2026-09-08T23:53:00.641+0000] {dagbag.py:545} INFO - Filling up the DagBag from /opt/airflow/dags/youtube_pipeline.py
[2026-09-08T23:53:00.702+0000] {processor.py:840} INFO - DAG(s) 'youtube_english_video_pipeline' retrieved from /opt/airflow/dags/youtube_pipeline.py
[2026-09-08T23:53:00.766+0000] {logging_mixin.py:188} INFO - [2026-09-08T23:53:00.765+0000] {dag.py:3089} INFO - Sync 1 DAGs
[2026-09-08T23:53:00.792+0000] {logging_mixin.py:188} INFO - [2026-09-08T23:53:00.792+0000] {dag.py:3947} INFO - Setting next_dagrun for youtube_english_video_pipeline to 2026-09-08 12:00:00+00:00, run_after=2026-09-09 12:00:00+00:00
[2026-09-08T23:53:00.818+0000] {processor.py:183} INFO - Processing /opt/airflow/dags/youtube_pipeline.py took 0.196 seconds
[2026-09-08T23:53:31.084+0000] {processor.py:161} INFO - Started process (PID=48873) to work on /opt/airflow/dags/youtube_pipeline.py
[2026-09-08T23:53:31.085+0000] {processor.py:830} INFO - Processing file /opt/airflow/dags/youtube_pipeline.py for tasks to queue
[2026-09-08T23:53:31.087+0000] {logging_mixin.py:188} INFO - [2026-09-08T23:53:31.087+0000] {dagbag.py:545} INFO - Filling up the DagBag from /opt/airflow/dags/youtube_pipeline.py
[2026-09-08T23:53:31.123+0000] {processor.py:840} INFO - DAG(s) 'youtube_english_video_pipeline' retrieved from /opt/airflow/dags/youtube_pipeline.py
[2026-09-08T23:53:31.170+0000] {logging_mixin.py:188} INFO - [2026-09-08T23:53:31.169+0000] {dag.py:3089} INFO - Sync 1 DAGs
[2026-09-08T23:53:31.192+0000] {logging_mixin.py:188} INFO - [2026-09-08T23:53:31.191+0000] {dag.py:3947} INFO - Setting next_dagrun for youtube_english_video_pipeline to 2026-09-08 12:00:00+00:00, run_after=2026-09-09 12:00:00+00:00
[2026-09-08T23:53:31.213+0000] {processor.py:183} INFO - Processing /opt/airflow/dags/youtube_pipeline.py took 0.137 seconds
[2026-09-08T23:54:01.328+0000] {processor.py:161} INFO - Started process (PID=48878) to work on /opt/airflow/dags/youtube_pipeline.py
[2026-09-08T23:54:01.330+0000] {processor.py:830} INFO - Processing file /opt/airflow/dags/youtube_pipeline.py for tasks to queue
[2026-09-08T23:54:01.332+0000] {logging_mixin.py:188} INFO - [2026-09-08T23:54:01.332+0000] {dagbag.py:545} INFO - Filling up the DagBag from /opt/airflow/dags/youtube_pipeline.py
[2026-09-08T23:54:01.374+0000] {processor.py:840} INFO - DAG(s) 'youtube_english_video_pipeline' retrieved from /opt/airflow/dags/youtube_pipeline.py
[2026-09-08T23:54:01.416+0000] {logging_mixin.py:188} INFO - [2026-09-08T23:54:01.416+0000] {dag.py:3089} INFO - Sync 1 DAGs
[2026-09-08T23:54:01.436+0000] {logging_mixin.py:188} INFO - [2026-09-08T23:54:01.436+0000] {dag.py:3947} INFO - Setting next_dagrun for youtube_english_video_pipeline to 2026-09-08 12:00:00+00:00, run_after=2026-09-09 12:00:00+00:00
[2026-09-08T23:54:01.467+0000] {processor.py:183} INFO - Processing /opt/airflow/dags/youtube_pipeline.py took 0.146 seconds
[2026-09-08T23:54:31.676+0000] {processor.py:161} INFO - Started process (PID=48883) to work on /opt/airflow/dags/youtube_pipeline.py
[2026-09-08T23:54:31.677+0000] {processor.py:830} INFO - Processing file /opt/airflow/dags/youtube_pipeline.py for tasks to queue
[2026-09-08T23:54:31.680+0000] {logging_mixin.py:188} INFO - [2026-09-08T23:54:31.680+0000] {dagbag.py:545} INFO - Filling up the DagBag from /opt/airflow/dags/youtube_pipeline.py
[2026-09-08T23:54:31.724+0000] {processor.py:840} INFO - DAG(s) 'youtube_english_video_pipeline' retrieved from /opt/airflow/dags/youtube_pipeline.py
[2026-09-08T23:54:31.775+0000] {logging_mixin.py:188} INFO - [2026-09-08T23:54:31.775+0000] {dag.py:3089} INFO - Sync 1 DAGs
[2026-09-08T23:54:31.797+0000] {logging_mixin.py:188} INFO - [2026-09-08T23:54:31.796+0000] {dag.py:3947} INFO - Setting next_dagrun for youtube_english_video_pipeline to 2026-09-08 12:00:00+00:00, run_after=2026-09-09 12:00:00+00:00
[2026-09-08T23:54:31.819+0000] {processor.py:183} INFO - Processing /opt/airflow/dags/youtube_pipeline.py took 0.152 seconds
[2026-09-08T23:55:02.066+0000] {processor.py:161} INFO - Started process (PID=48888) to work on /opt/airflow/dags/youtube_pipeline.py
[2026-09-08T23:55:02.067+0000] {processor.py:830} INFO - Processing file /opt/airflow/dags/youtube_pipeline.py for tasks to queue
[2026-09-08T23:55:02.069+0000] {logging_mixin.py:188} INFO - [2026-09-08T23:55:02.069+0000] {dagbag.py:545} INFO - Filling up the DagBag from /opt/airflow/dags/youtube_pipeline.py
[2026-09-08T23:55:02.113+0000] {processor.py:840} INFO - DAG(s) 'youtube_english_video_pipeline' retrieved from /opt/airflow/dags/youtube_pipeline.py
[2026-09-08T23:55:02.164+0000] {logging_mixin.py:188} INFO - [2026-09-08T23:55:02.164+0000] {dag.py:3089} INFO - Sync 1 DAGs
[2026-09-08T23:55:02.188+0000] {logging_mixin.py:188} INFO - [2026-09-08T23:55:02.188+0000] {dag.py:3947} INFO - Setting next_dagrun for youtube_english_video_pipeline to 2026-09-08 12:00:00+00:00, run_after=2026-09-09 12:00:00+00:00
[2026-09-08T23:55:02.214+0000] {processor.py:183} INFO - Processing /opt/airflow/dags/youtube_pipeline.py took 0.155 seconds
[2026-09-08T23:55:32.307+0000] {processor.py:161} INFO - Started process (PID=48893) to work on /opt/airflow/dags/youtube_pipeline.py
[2026-09-08T23:55:32.309+0000] {processor.py:830} INFO - Processing file /opt/airflow/dags/youtube_pipeline.py for tasks to queue
[2026-09-08T23:55:32.311+0000] {logging_mixin.py:188} INFO - [2026-09-08T23:55:32.310+0000] {dagbag.py:545} INFO - Filling up the DagBag from /opt/airflow/dags/youtube_pipeline.py
[2026-09-08T23:55:32.352+0000] {processor.py:840} INFO - DAG(s) 'youtube_english_video_pipeline' retrieved from /opt/airflow/dags/youtube_pipeline.py
[2026-09-08T23:55:32.397+0000] {logging_mixin.py:188} INFO - [2026-09-08T23:55:32.397+0000] {dag.py:3089} INFO - Sync 1 DAGs
[2026-09-08T23:55:32.419+0000] {logging_mixin.py:188} INFO - [2026-09-08T23:55:32.419+0000] {dag.py:3947} INFO - Setting next_dagrun for youtube_english_video_pipeline to 2026-09-08 12:00:00+00:00, run_after=2026-09-09 12:00:00+00:00
[2026-09-08T23:55:32.441+0000] {processor.py:183} INFO - Processing /opt/airflow/dags/youtube_pipeline.py took 0.141 seconds
[2026-09-08T23:56:02.864+0000] {processor.py:161} INFO - Started process (PID=48898) to work on /opt/airflow/dags/youtube_pipeline.py
[2026-09-08T23:56:02.867+0000] {processor.py:830} INFO - Processing file /opt/airflow/dags/youtube_pipeline.py for tasks to queue
[2026-09-08T23:56:02.870+0000] {logging_mixin.py:188} INFO - [2026-09-08T23:56:02.870+0000] {dagbag.py:545} INFO - Filling up the DagBag from /opt/airflow/dags/youtube_pipeline.py
[2026-09-08T23:56:03.084+0000] {processor.py:840} INFO - DAG(s) 'youtube_english_video_pipeline' retrieved from /opt/airflow/dags/youtube_pipeline.py
[2026-09-08T23:56:03.157+0000] {logging_mixin.py:188} INFO - [2026-09-08T23:56:03.156+0000] {dag.py:3089} INFO - Sync 1 DAGs
[2026-09-08T23:56:03.183+0000] {logging_mixin.py:188} INFO - [2026-09-08T23:56:03.183+0000] {dag.py:3947} INFO - Setting next_dagrun for youtube_english_video_pipeline to 2026-09-08 12:00:00+00:00, run_after=2026-09-09 12:00:00+00:00
[2026-09-08T23:56:03.225+0000] {processor.py:183} INFO - Processing /opt/airflow/dags/youtube_pipeline.py took 0.374 seconds
[2026-09-08T23:56:33.505+0000] {processor.py:161} INFO - Started process (PID=48903) to work on /opt/airflow/dags/youtube_pipeline.py
[2026-09-08T23:56:33.507+0000] {processor.py:830} INFO - Processing file /opt/airflow/dags/youtube_pipeline.py for tasks to queue
[2026-09-08T23:56:33.511+0000] {logging_mixin.py:188} INFO - [2026-09-08T23:56:33.510+0000] {dagbag.py:545} INFO - Filling up the DagBag from /opt/airflow/dags/youtube_pipeline.py
[2026-09-08T23:56:33.558+0000] {processor.py:840} INFO - DAG(s) 'youtube_english_video_pipeline' retrieved from /opt/airflow/dags/youtube_pipeline.py
[2026-09-08T23:56:33.611+0000] {logging_mixin.py:188} INFO - [2026-09-08T23:56:33.611+0000] {dag.py:3089} INFO - Sync 1 DAGs
[2026-09-08T23:56:33.636+0000] {logging_mixin.py:188} INFO - [2026-09-08T23:56:33.636+0000] {dag.py:3947} INFO - Setting next_dagrun for youtube_english_video_pipeline to 2026-09-08 12:00:00+00:00, run_after=2026-09-09 12:00:00+00:00
[2026-09-08T23:56:33.660+0000] {processor.py:183} INFO - Processing /opt/airflow/dags/youtube_pipeline.py took 0.165 seconds
[2026-09-08T23:57:03.728+0000] {processor.py:161} INFO - Started process (PID=48908) to work on /opt/airflow/dags/youtube_pipeline.py
[2026-09-08T23:57:03.730+0000] {processor.py:830} INFO - Processing file /opt/airflow/dags/youtube_pipeline.py for tasks to queue
[2026-09-08T23:57:03.733+0000] {logging_mixin.py:188} INFO - [2026-09-08T23:57:03.732+0000] {dagbag.py:545} INFO - Filling up the DagBag from /opt/airflow/dags/youtube_pipeline.py
[2026-09-08T23:57:03.780+0000] {processor.py:840} INFO - DAG(s) 'youtube_english_video_pipeline' retrieved from /opt/airflow/dags/youtube_pipeline.py
[2026-09-08T23:57:03.840+0000] {logging_mixin.py:188} INFO - [2026-09-08T23:57:03.839+0000] {dag.py:3089} INFO - Sync 1 DAGs
[2026-09-08T23:57:03.868+0000] {logging_mixin.py:188} INFO - [2026-09-08T23:57:03.868+0000] {dag.py:3947} INFO - Setting next_dagrun for youtube_english_video_pipeline to 2026-09-08 12:00:00+00:00, run_after=2026-09-09 12:00:00+00:00
[2026-09-08T23:57:03.892+0000] {processor.py:183} INFO - Processing /opt/airflow/dags/youtube_pipeline.py took 0.173 seconds
[2026-09-08T23:57:34.177+0000] {processor.py:161} INFO - Started process (PID=48913) to work on /opt/airflow/dags/youtube_pipeline.py
[2026-09-08T23:57:34.179+0000] {processor.py:830} INFO - Processing file /opt/airflow/dags/youtube_pipeline.py for tasks to queue
[2026-09-08T23:57:34.181+0000] {logging_mixin.py:188} INFO - [2026-09-08T23:57:34.181+0000] {dagbag.py:545} INFO - Filling up the DagBag from /opt/airflow/dags/youtube_pipeline.py
[2026-09-08T23:57:34.232+0000] {processor.py:840} INFO - DAG(s) 'youtube_english_video_pipeline' retrieved from /opt/airflow/dags/youtube_pipeline.py
[2026-09-08T23:57:34.281+0000] {logging_mixin.py:188} INFO - [2026-09-08T23:57:34.281+0000] {dag.py:3089} INFO - Sync 1 DAGs
[2026-09-08T23:57:34.304+0000] {logging_mixin.py:188} INFO - [2026-09-08T23:57:34.304+0000] {dag.py:3947} INFO - Setting next_dagrun for youtube_english_video_pipeline to 2026-09-08 12:00:00+00:00, run_after=2026-09-09 12:00:00+00:00
[2026-09-08T23:57:34.324+0000] {processor.py:183} INFO - Processing /opt/airflow/dags/youtube_pipeline.py took 0.156 seconds
[2026-09-08T23:58:04.428+0000] {processor.py:161} INFO - Started process (PID=48918) to work on /opt/airflow/dags/youtube_pipeline.py
[2026-09-08T23:58:04.429+0000] {processor.py:830} INFO - Processing file /opt/airflow/dags/youtube_pipeline.py for tasks to queue
[2026-09-08T23:58:04.434+0000] {logging_mixin.py:188} INFO - [2026-09-08T23:58:04.433+0000] {dagbag.py:545} INFO - Filling up the DagBag from /opt/airflow/dags/youtube_pipeline.py
[2026-09-08T23:58:04.489+0000] {processor.py:840} INFO - DAG(s) 'youtube_english_video_pipeline' retrieved from /opt/airflow/dags/youtube_pipeline.py
[2026-09-08T23:58:04.538+0000] {logging_mixin.py:188} INFO - [2026-09-08T23:58:04.538+0000] {dag.py:3089} INFO - Sync 1 DAGs
[2026-09-08T23:58:04.558+0000] {logging_mixin.py:188} INFO - [2026-09-08T23:58:04.557+0000] {dag.py:3947} INFO - Setting next_dagrun for youtube_english_video_pipeline to 2026-09-08 12:00:00+00:00, run_after=2026-09-09 12:00:00+00:00
[2026-09-08T23:58:04.589+0000] {processor.py:183} INFO - Processing /opt/airflow/dags/youtube_pipeline.py took 0.171 seconds
[2026-09-08T23:58:34.836+0000] {processor.py:161} INFO - Started process (PID=48923) to work on /opt/airflow/dags/youtube_pipeline.py
[2026-09-08T23:58:34.839+0000] {processor.py:830} INFO - Processing file /opt/airflow/dags/youtube_pipeline.py for tasks to queue
[2026-09-08T23:58:34.841+0000] {logging_mixin.py:188} INFO - [2026-09-08T23:58:34.841+0000] {dagbag.py:545} INFO - Filling up the DagBag from /opt/airflow/dags/youtube_pipeline.py
[2026-09-08T23:58:34.891+0000] {processor.py:840} INFO - DAG(s) 'youtube_english_video_pipeline' retrieved from /opt/airflow/dags/youtube_pipeline.py
[2026-09-08T23:58:34.935+0000] {logging_mixin.py:188} INFO - [2026-09-08T23:58:34.935+0000] {dag.py:3089} INFO - Sync 1 DAGs
[2026-09-08T23:58:34.957+0000] {logging_mixin.py:188} INFO - [2026-09-08T23:58:34.957+0000] {dag.py:3947} INFO - Setting next_dagrun for youtube_english_video_pipeline to 2026-09-08 12:00:00+00:00, run_after=2026-09-09 12:00:00+00:00
[2026-09-08T23:58:34.980+0000] {processor.py:183} INFO - Processing /opt/airflow/dags/youtube_pipeline.py took 0.153 seconds
[2026-09-08T23:59:05.090+0000] {processor.py:161} INFO - Started process (PID=48928) to work on /opt/airflow/dags/youtube_pipeline.py
[2026-09-08T23:59:05.091+0000] {processor.py:830} INFO - Processing file /opt/airflow/dags/youtube_pipeline.py for tasks to queue
[2026-09-08T23:59:05.094+0000] {logging_mixin.py:188} INFO - [2026-09-08T23:59:05.093+0000] {dagbag.py:545} INFO - Filling up the DagBag from /opt/airflow/dags/youtube_pipeline.py
[2026-09-08T23:59:05.131+0000] {processor.py:840} INFO - DAG(s) 'youtube_english_video_pipeline' retrieved from /opt/airflow/dags/youtube_pipeline.py
[2026-09-08T23:59:05.182+0000] {logging_mixin.py:188} INFO - [2026-09-08T23:59:05.182+0000] {dag.py:3089} INFO - Sync 1 DAGs
[2026-09-08T23:59:05.207+0000] {logging_mixin.py:188} INFO - [2026-09-08T23:59:05.207+0000] {dag.py:3947} INFO - Setting next_dagrun for youtube_english_video_pipeline to 2026-09-08 12:00:00+00:00, run_after=2026-09-09 12:00:00+00:00
[2026-09-08T23:59:05.227+0000] {processor.py:183} INFO - Processing /opt/airflow/dags/youtube_pipeline.py took 0.146 seconds
[2026-09-08T23:59:35.466+0000] {processor.py:161} INFO - Started process (PID=48933) to work on /opt/airflow/dags/youtube_pipeline.py
[2026-09-08T23:59:35.467+0000] {processor.py:830} INFO - Processing file /opt/airflow/dags/youtube_pipeline.py for tasks to queue
[2026-09-08T23:59:35.472+0000] {logging_mixin.py:188} INFO - [2026-09-08T23:59:35.471+0000] {dagbag.py:545} INFO - Filling up the DagBag from /opt/airflow/dags/youtube_pipeline.py
[2026-09-08T23:59:35.509+0000] {processor.py:840} INFO - DAG(s) 'youtube_english_video_pipeline' retrieved from /opt/airflow/dags/youtube_pipeline.py
[2026-09-08T23:59:35.559+0000] {logging_mixin.py:188} INFO - [2026-09-08T23:59:35.558+0000] {dag.py:3089} INFO - Sync 1 DAGs
[2026-09-08T23:59:35.584+0000] {logging_mixin.py:188} INFO - [2026-09-08T23:59:35.584+0000] {dag.py:3947} INFO - Setting next_dagrun for youtube_english_video_pipeline to 2026-09-08 12:00:00+00:00, run_after=2026-09-09 12:00:00+00:00
[2026-09-08T23:59:35.606+0000] {processor.py:183} INFO - Processing /opt/airflow/dags/youtube_pipeline.py took 0.149 seconds
