[2026-07-23T00:00:05.759+0000] {processor.py:161} INFO - Started process (PID=4183) to work on /opt/airflow/dags/youtube_pipeline.py
[2026-07-23T00:00:05.760+0000] {processor.py:830} INFO - Processing file /opt/airflow/dags/youtube_pipeline.py for tasks to queue
[2026-07-23T00:00:05.761+0000] {logging_mixin.py:188} INFO - [2026-07-23T00:00:05.761+0000] {dagbag.py:545} INFO - Filling up the DagBag from /opt/airflow/dags/youtube_pipeline.py
[2026-07-23T00:00:05.779+0000] {processor.py:840} INFO - DAG(s) 'youtube_english_video_pipeline' retrieved from /opt/airflow/dags/youtube_pipeline.py
[2026-07-23T00:00:05.802+0000] {logging_mixin.py:188} INFO - [2026-07-23T00:00:05.802+0000] {dag.py:3089} INFO - Sync 1 DAGs
[2026-07-23T00:00:05.817+0000] {logging_mixin.py:188} INFO - [2026-07-23T00:00:05.817+0000] {dag.py:3947} INFO - Setting next_dagrun for youtube_english_video_pipeline to 2026-07-22 12:00:00+00:00, run_after=2026-07-23 12:00:00+00:00
[2026-07-23T00:00:05.832+0000] {processor.py:183} INFO - Processing /opt/airflow/dags/youtube_pipeline.py took 0.078 seconds
[2026-07-23T00:00:36.124+0000] {processor.py:161} INFO - Started process (PID=4188) to work on /opt/airflow/dags/youtube_pipeline.py
[2026-07-23T00:00:36.125+0000] {processor.py:830} INFO - Processing file /opt/airflow/dags/youtube_pipeline.py for tasks to queue
[2026-07-23T00:00:36.127+0000] {logging_mixin.py:188} INFO - [2026-07-23T00:00:36.126+0000] {dagbag.py:545} INFO - Filling up the DagBag from /opt/airflow/dags/youtube_pipeline.py
[2026-07-23T00:00:36.163+0000] {processor.py:840} INFO - DAG(s) 'youtube_english_video_pipeline' retrieved from /opt/airflow/dags/youtube_pipeline.py
[2026-07-23T00:00:36.194+0000] {logging_mixin.py:188} INFO - [2026-07-23T00:00:36.194+0000] {dag.py:3089} INFO - Sync 1 DAGs
[2026-07-23T00:00:36.217+0000] {logging_mixin.py:188} INFO - [2026-07-23T00:00:36.217+0000] {dag.py:3947} INFO - Setting next_dagrun for youtube_english_video_pipeline to 2026-07-22 12:00:00+00:00, run_after=2026-07-23 12:00:00+00:00
[2026-07-23T00:00:36.237+0000] {processor.py:183} INFO - Processing /opt/airflow/dags/youtube_pipeline.py took 0.120 seconds
[2026-07-23T00:01:06.409+0000] {processor.py:161} INFO - Started process (PID=4193) to work on /opt/airflow/dags/youtube_pipeline.py
[2026-07-23T00:01:06.412+0000] {processor.py:830} INFO - Processing file /opt/airflow/dags/youtube_pipeline.py for tasks to queue
[2026-07-23T00:01:06.415+0000] {logging_mixin.py:188} INFO - [2026-07-23T00:01:06.414+0000] {dagbag.py:545} INFO - Filling up the DagBag from /opt/airflow/dags/youtube_pipeline.py
[2026-07-23T00:01:06.454+0000] {processor.py:840} INFO - DAG(s) 'youtube_english_video_pipeline' retrieved from /opt/airflow/dags/youtube_pipeline.py
[2026-07-23T00:01:06.481+0000] {logging_mixin.py:188} INFO - [2026-07-23T00:01:06.481+0000] {dag.py:3089} INFO - Sync 1 DAGs
[2026-07-23T00:01:06.496+0000] {logging_mixin.py:188} INFO - [2026-07-23T00:01:06.496+0000] {dag.py:3947} INFO - Setting next_dagrun for youtube_english_video_pipeline to 2026-07-22 12:00:00+00:00, run_after=2026-07-23 12:00:00+00:00
[2026-07-23T00:01:06.510+0000] {processor.py:183} INFO - Processing /opt/airflow/dags/youtube_pipeline.py took 0.119 seconds
[2026-07-23T00:01:36.738+0000] {processor.py:161} INFO - Started process (PID=4198) to work on /opt/airflow/dags/youtube_pipeline.py
[2026-07-23T00:01:36.739+0000] {processor.py:830} INFO - Processing file /opt/airflow/dags/youtube_pipeline.py for tasks to queue
[2026-07-23T00:01:36.741+0000] {logging_mixin.py:188} INFO - [2026-07-23T00:01:36.740+0000] {dagbag.py:545} INFO - Filling up the DagBag from /opt/airflow/dags/youtube_pipeline.py
[2026-07-23T00:01:36.771+0000] {processor.py:840} INFO - DAG(s) 'youtube_english_video_pipeline' retrieved from /opt/airflow/dags/youtube_pipeline.py
[2026-07-23T00:01:36.794+0000] {logging_mixin.py:188} INFO - [2026-07-23T00:01:36.794+0000] {dag.py:3089} INFO - Sync 1 DAGs
[2026-07-23T00:01:36.810+0000] {logging_mixin.py:188} INFO - [2026-07-23T00:01:36.810+0000] {dag.py:3947} INFO - Setting next_dagrun for youtube_english_video_pipeline to 2026-07-22 12:00:00+00:00, run_after=2026-07-23 12:00:00+00:00
[2026-07-23T00:01:36.824+0000] {processor.py:183} INFO - Processing /opt/airflow/dags/youtube_pipeline.py took 0.093 seconds
[2026-07-23T00:02:07.033+0000] {processor.py:161} INFO - Started process (PID=4203) to work on /opt/airflow/dags/youtube_pipeline.py
[2026-07-23T00:02:07.035+0000] {processor.py:830} INFO - Processing file /opt/airflow/dags/youtube_pipeline.py for tasks to queue
[2026-07-23T00:02:07.040+0000] {logging_mixin.py:188} INFO - [2026-07-23T00:02:07.040+0000] {dagbag.py:545} INFO - Filling up the DagBag from /opt/airflow/dags/youtube_pipeline.py
[2026-07-23T00:02:07.143+0000] {processor.py:840} INFO - DAG(s) 'youtube_english_video_pipeline' retrieved from /opt/airflow/dags/youtube_pipeline.py
[2026-07-23T00:02:07.186+0000] {logging_mixin.py:188} INFO - [2026-07-23T00:02:07.186+0000] {dag.py:3089} INFO - Sync 1 DAGs
[2026-07-23T00:02:07.208+0000] {logging_mixin.py:188} INFO - [2026-07-23T00:02:07.207+0000] {dag.py:3947} INFO - Setting next_dagrun for youtube_english_video_pipeline to 2026-07-22 12:00:00+00:00, run_after=2026-07-23 12:00:00+00:00
[2026-07-23T00:02:07.240+0000] {processor.py:183} INFO - Processing /opt/airflow/dags/youtube_pipeline.py took 0.220 seconds
[2026-07-23T00:02:37.400+0000] {processor.py:161} INFO - Started process (PID=4208) to work on /opt/airflow/dags/youtube_pipeline.py
[2026-07-23T00:02:37.402+0000] {processor.py:830} INFO - Processing file /opt/airflow/dags/youtube_pipeline.py for tasks to queue
[2026-07-23T00:02:37.404+0000] {logging_mixin.py:188} INFO - [2026-07-23T00:02:37.403+0000] {dagbag.py:545} INFO - Filling up the DagBag from /opt/airflow/dags/youtube_pipeline.py
[2026-07-23T00:02:37.422+0000] {processor.py:840} INFO - DAG(s) 'youtube_english_video_pipeline' retrieved from /opt/airflow/dags/youtube_pipeline.py
[2026-07-23T00:02:37.449+0000] {logging_mixin.py:188} INFO - [2026-07-23T00:02:37.449+0000] {dag.py:3089} INFO - Sync 1 DAGs
[2026-07-23T00:02:37.465+0000] {logging_mixin.py:188} INFO - [2026-07-23T00:02:37.465+0000] {dag.py:3947} INFO - Setting next_dagrun for youtube_english_video_pipeline to 2026-07-22 12:00:00+00:00, run_after=2026-07-23 12:00:00+00:00
[2026-07-23T00:02:37.481+0000] {processor.py:183} INFO - Processing /opt/airflow/dags/youtube_pipeline.py took 0.088 seconds
[2026-07-23T00:03:07.802+0000] {processor.py:161} INFO - Started process (PID=4213) to work on /opt/airflow/dags/youtube_pipeline.py
[2026-07-23T00:03:07.822+0000] {processor.py:830} INFO - Processing file /opt/airflow/dags/youtube_pipeline.py for tasks to queue
[2026-07-23T00:03:07.829+0000] {logging_mixin.py:188} INFO - [2026-07-23T00:03:07.829+0000] {dagbag.py:545} INFO - Filling up the DagBag from /opt/airflow/dags/youtube_pipeline.py
[2026-07-23T00:03:07.911+0000] {processor.py:840} INFO - DAG(s) 'youtube_english_video_pipeline' retrieved from /opt/airflow/dags/youtube_pipeline.py
[2026-07-23T00:03:07.957+0000] {logging_mixin.py:188} INFO - [2026-07-23T00:03:07.957+0000] {dag.py:3089} INFO - Sync 1 DAGs
[2026-07-23T00:03:07.976+0000] {logging_mixin.py:188} INFO - [2026-07-23T00:03:07.976+0000] {dag.py:3947} INFO - Setting next_dagrun for youtube_english_video_pipeline to 2026-07-22 12:00:00+00:00, run_after=2026-07-23 12:00:00+00:00
[2026-07-23T00:03:08.022+0000] {processor.py:183} INFO - Processing /opt/airflow/dags/youtube_pipeline.py took 0.233 seconds
[2026-07-23T00:03:38.349+0000] {processor.py:161} INFO - Started process (PID=4218) to work on /opt/airflow/dags/youtube_pipeline.py
[2026-07-23T00:03:38.350+0000] {processor.py:830} INFO - Processing file /opt/airflow/dags/youtube_pipeline.py for tasks to queue
[2026-07-23T00:03:38.351+0000] {logging_mixin.py:188} INFO - [2026-07-23T00:03:38.351+0000] {dagbag.py:545} INFO - Filling up the DagBag from /opt/airflow/dags/youtube_pipeline.py
[2026-07-23T00:03:38.367+0000] {processor.py:840} INFO - DAG(s) 'youtube_english_video_pipeline' retrieved from /opt/airflow/dags/youtube_pipeline.py
[2026-07-23T00:03:38.389+0000] {logging_mixin.py:188} INFO - [2026-07-23T00:03:38.388+0000] {dag.py:3089} INFO - Sync 1 DAGs
[2026-07-23T00:03:38.403+0000] {logging_mixin.py:188} INFO - [2026-07-23T00:03:38.403+0000] {dag.py:3947} INFO - Setting next_dagrun for youtube_english_video_pipeline to 2026-07-22 12:00:00+00:00, run_after=2026-07-23 12:00:00+00:00
[2026-07-23T00:03:38.417+0000] {processor.py:183} INFO - Processing /opt/airflow/dags/youtube_pipeline.py took 0.073 seconds
[2026-07-23T00:04:08.649+0000] {processor.py:161} INFO - Started process (PID=4223) to work on /opt/airflow/dags/youtube_pipeline.py
[2026-07-23T00:04:08.650+0000] {processor.py:830} INFO - Processing file /opt/airflow/dags/youtube_pipeline.py for tasks to queue
[2026-07-23T00:04:08.652+0000] {logging_mixin.py:188} INFO - [2026-07-23T00:04:08.652+0000] {dagbag.py:545} INFO - Filling up the DagBag from /opt/airflow/dags/youtube_pipeline.py
[2026-07-23T00:04:08.770+0000] {processor.py:840} INFO - DAG(s) 'youtube_english_video_pipeline' retrieved from /opt/airflow/dags/youtube_pipeline.py
[2026-07-23T00:04:08.796+0000] {logging_mixin.py:188} INFO - [2026-07-23T00:04:08.796+0000] {dag.py:3089} INFO - Sync 1 DAGs
[2026-07-23T00:04:08.817+0000] {logging_mixin.py:188} INFO - [2026-07-23T00:04:08.817+0000] {dag.py:3947} INFO - Setting next_dagrun for youtube_english_video_pipeline to 2026-07-22 12:00:00+00:00, run_after=2026-07-23 12:00:00+00:00
[2026-07-23T00:04:08.881+0000] {processor.py:183} INFO - Processing /opt/airflow/dags/youtube_pipeline.py took 0.240 seconds
[2026-07-23T00:04:39.240+0000] {processor.py:161} INFO - Started process (PID=4228) to work on /opt/airflow/dags/youtube_pipeline.py
[2026-07-23T00:04:39.243+0000] {processor.py:830} INFO - Processing file /opt/airflow/dags/youtube_pipeline.py for tasks to queue
[2026-07-23T00:04:39.245+0000] {logging_mixin.py:188} INFO - [2026-07-23T00:04:39.244+0000] {dagbag.py:545} INFO - Filling up the DagBag from /opt/airflow/dags/youtube_pipeline.py
[2026-07-23T00:04:39.278+0000] {processor.py:840} INFO - DAG(s) 'youtube_english_video_pipeline' retrieved from /opt/airflow/dags/youtube_pipeline.py
[2026-07-23T00:04:39.306+0000] {logging_mixin.py:188} INFO - [2026-07-23T00:04:39.305+0000] {dag.py:3089} INFO - Sync 1 DAGs
[2026-07-23T00:04:39.323+0000] {logging_mixin.py:188} INFO - [2026-07-23T00:04:39.323+0000] {dag.py:3947} INFO - Setting next_dagrun for youtube_english_video_pipeline to 2026-07-22 12:00:00+00:00, run_after=2026-07-23 12:00:00+00:00
[2026-07-23T00:04:39.340+0000] {processor.py:183} INFO - Processing /opt/airflow/dags/youtube_pipeline.py took 0.107 seconds
[2026-07-23T00:05:09.458+0000] {processor.py:161} INFO - Started process (PID=4233) to work on /opt/airflow/dags/youtube_pipeline.py
[2026-07-23T00:05:09.460+0000] {processor.py:830} INFO - Processing file /opt/airflow/dags/youtube_pipeline.py for tasks to queue
[2026-07-23T00:05:09.461+0000] {logging_mixin.py:188} INFO - [2026-07-23T00:05:09.461+0000] {dagbag.py:545} INFO - Filling up the DagBag from /opt/airflow/dags/youtube_pipeline.py
[2026-07-23T00:05:09.500+0000] {processor.py:840} INFO - DAG(s) 'youtube_english_video_pipeline' retrieved from /opt/airflow/dags/youtube_pipeline.py
[2026-07-23T00:05:09.523+0000] {logging_mixin.py:188} INFO - [2026-07-23T00:05:09.523+0000] {dag.py:3089} INFO - Sync 1 DAGs
[2026-07-23T00:05:09.539+0000] {logging_mixin.py:188} INFO - [2026-07-23T00:05:09.539+0000] {dag.py:3947} INFO - Setting next_dagrun for youtube_english_video_pipeline to 2026-07-22 12:00:00+00:00, run_after=2026-07-23 12:00:00+00:00
[2026-07-23T00:05:09.553+0000] {processor.py:183} INFO - Processing /opt/airflow/dags/youtube_pipeline.py took 0.102 seconds
[2026-07-23T00:05:39.876+0000] {processor.py:161} INFO - Started process (PID=4238) to work on /opt/airflow/dags/youtube_pipeline.py
[2026-07-23T00:05:39.877+0000] {processor.py:830} INFO - Processing file /opt/airflow/dags/youtube_pipeline.py for tasks to queue
[2026-07-23T00:05:39.879+0000] {logging_mixin.py:188} INFO - [2026-07-23T00:05:39.878+0000] {dagbag.py:545} INFO - Filling up the DagBag from /opt/airflow/dags/youtube_pipeline.py
[2026-07-23T00:05:39.914+0000] {processor.py:840} INFO - DAG(s) 'youtube_english_video_pipeline' retrieved from /opt/airflow/dags/youtube_pipeline.py
[2026-07-23T00:05:39.940+0000] {logging_mixin.py:188} INFO - [2026-07-23T00:05:39.940+0000] {dag.py:3089} INFO - Sync 1 DAGs
[2026-07-23T00:05:39.959+0000] {logging_mixin.py:188} INFO - [2026-07-23T00:05:39.959+0000] {dag.py:3947} INFO - Setting next_dagrun for youtube_english_video_pipeline to 2026-07-22 12:00:00+00:00, run_after=2026-07-23 12:00:00+00:00
[2026-07-23T00:05:39.973+0000] {processor.py:183} INFO - Processing /opt/airflow/dags/youtube_pipeline.py took 0.106 seconds
[2026-07-23T00:06:10.165+0000] {processor.py:161} INFO - Started process (PID=4243) to work on /opt/airflow/dags/youtube_pipeline.py
[2026-07-23T00:06:10.167+0000] {processor.py:830} INFO - Processing file /opt/airflow/dags/youtube_pipeline.py for tasks to queue
[2026-07-23T00:06:10.168+0000] {logging_mixin.py:188} INFO - [2026-07-23T00:06:10.168+0000] {dagbag.py:545} INFO - Filling up the DagBag from /opt/airflow/dags/youtube_pipeline.py
[2026-07-23T00:06:10.197+0000] {processor.py:840} INFO - DAG(s) 'youtube_english_video_pipeline' retrieved from /opt/airflow/dags/youtube_pipeline.py
[2026-07-23T00:06:10.224+0000] {logging_mixin.py:188} INFO - [2026-07-23T00:06:10.223+0000] {dag.py:3089} INFO - Sync 1 DAGs
[2026-07-23T00:06:10.242+0000] {logging_mixin.py:188} INFO - [2026-07-23T00:06:10.242+0000] {dag.py:3947} INFO - Setting next_dagrun for youtube_english_video_pipeline to 2026-07-22 12:00:00+00:00, run_after=2026-07-23 12:00:00+00:00
[2026-07-23T00:06:10.260+0000] {processor.py:183} INFO - Processing /opt/airflow/dags/youtube_pipeline.py took 0.104 seconds
[2026-07-23T00:06:40.510+0000] {processor.py:161} INFO - Started process (PID=4248) to work on /opt/airflow/dags/youtube_pipeline.py
[2026-07-23T00:06:40.511+0000] {processor.py:830} INFO - Processing file /opt/airflow/dags/youtube_pipeline.py for tasks to queue
[2026-07-23T00:06:40.513+0000] {logging_mixin.py:188} INFO - [2026-07-23T00:06:40.513+0000] {dagbag.py:545} INFO - Filling up the DagBag from /opt/airflow/dags/youtube_pipeline.py
[2026-07-23T00:06:40.541+0000] {processor.py:840} INFO - DAG(s) 'youtube_english_video_pipeline' retrieved from /opt/airflow/dags/youtube_pipeline.py
[2026-07-23T00:06:40.566+0000] {logging_mixin.py:188} INFO - [2026-07-23T00:06:40.566+0000] {dag.py:3089} INFO - Sync 1 DAGs
[2026-07-23T00:06:40.584+0000] {logging_mixin.py:188} INFO - [2026-07-23T00:06:40.584+0000] {dag.py:3947} INFO - Setting next_dagrun for youtube_english_video_pipeline to 2026-07-22 12:00:00+00:00, run_after=2026-07-23 12:00:00+00:00
[2026-07-23T00:06:40.602+0000] {processor.py:183} INFO - Processing /opt/airflow/dags/youtube_pipeline.py took 0.098 seconds
[2026-07-23T00:07:10.794+0000] {processor.py:161} INFO - Started process (PID=4253) to work on /opt/airflow/dags/youtube_pipeline.py
[2026-07-23T00:07:10.795+0000] {processor.py:830} INFO - Processing file /opt/airflow/dags/youtube_pipeline.py for tasks to queue
[2026-07-23T00:07:10.798+0000] {logging_mixin.py:188} INFO - [2026-07-23T00:07:10.798+0000] {dagbag.py:545} INFO - Filling up the DagBag from /opt/airflow/dags/youtube_pipeline.py
[2026-07-23T00:07:10.817+0000] {processor.py:840} INFO - DAG(s) 'youtube_english_video_pipeline' retrieved from /opt/airflow/dags/youtube_pipeline.py
[2026-07-23T00:07:10.843+0000] {logging_mixin.py:188} INFO - [2026-07-23T00:07:10.843+0000] {dag.py:3089} INFO - Sync 1 DAGs
[2026-07-23T00:07:10.859+0000] {logging_mixin.py:188} INFO - [2026-07-23T00:07:10.859+0000] {dag.py:3947} INFO - Setting next_dagrun for youtube_english_video_pipeline to 2026-07-22 12:00:00+00:00, run_after=2026-07-23 12:00:00+00:00
[2026-07-23T00:07:10.877+0000] {processor.py:183} INFO - Processing /opt/airflow/dags/youtube_pipeline.py took 0.089 seconds
[2026-07-23T00:07:41.291+0000] {processor.py:161} INFO - Started process (PID=4258) to work on /opt/airflow/dags/youtube_pipeline.py
[2026-07-23T00:07:41.294+0000] {processor.py:830} INFO - Processing file /opt/airflow/dags/youtube_pipeline.py for tasks to queue
[2026-07-23T00:07:41.299+0000] {logging_mixin.py:188} INFO - [2026-07-23T00:07:41.298+0000] {dagbag.py:545} INFO - Filling up the DagBag from /opt/airflow/dags/youtube_pipeline.py
[2026-07-23T00:07:41.414+0000] {processor.py:840} INFO - DAG(s) 'youtube_english_video_pipeline' retrieved from /opt/airflow/dags/youtube_pipeline.py
[2026-07-23T00:07:41.450+0000] {logging_mixin.py:188} INFO - [2026-07-23T00:07:41.450+0000] {dag.py:3089} INFO - Sync 1 DAGs
[2026-07-23T00:07:41.469+0000] {logging_mixin.py:188} INFO - [2026-07-23T00:07:41.469+0000] {dag.py:3947} INFO - Setting next_dagrun for youtube_english_video_pipeline to 2026-07-22 12:00:00+00:00, run_after=2026-07-23 12:00:00+00:00
[2026-07-23T00:07:41.492+0000] {processor.py:183} INFO - Processing /opt/airflow/dags/youtube_pipeline.py took 0.212 seconds
[2026-07-23T00:08:11.955+0000] {processor.py:161} INFO - Started process (PID=4263) to work on /opt/airflow/dags/youtube_pipeline.py
[2026-07-23T00:08:11.965+0000] {processor.py:830} INFO - Processing file /opt/airflow/dags/youtube_pipeline.py for tasks to queue
[2026-07-23T00:08:11.981+0000] {logging_mixin.py:188} INFO - [2026-07-23T00:08:11.980+0000] {dagbag.py:545} INFO - Filling up the DagBag from /opt/airflow/dags/youtube_pipeline.py
[2026-07-23T00:08:12.196+0000] {processor.py:840} INFO - DAG(s) 'youtube_english_video_pipeline' retrieved from /opt/airflow/dags/youtube_pipeline.py
[2026-07-23T00:08:12.226+0000] {logging_mixin.py:188} INFO - [2026-07-23T00:08:12.226+0000] {dag.py:3089} INFO - Sync 1 DAGs
[2026-07-23T00:08:12.242+0000] {logging_mixin.py:188} INFO - [2026-07-23T00:08:12.242+0000] {dag.py:3947} INFO - Setting next_dagrun for youtube_english_video_pipeline to 2026-07-22 12:00:00+00:00, run_after=2026-07-23 12:00:00+00:00
[2026-07-23T00:08:12.257+0000] {processor.py:183} INFO - Processing /opt/airflow/dags/youtube_pipeline.py took 0.321 seconds
[2026-07-23T00:08:42.553+0000] {processor.py:161} INFO - Started process (PID=4268) to work on /opt/airflow/dags/youtube_pipeline.py
[2026-07-23T00:08:42.554+0000] {processor.py:830} INFO - Processing file /opt/airflow/dags/youtube_pipeline.py for tasks to queue
[2026-07-23T00:08:42.556+0000] {logging_mixin.py:188} INFO - [2026-07-23T00:08:42.556+0000] {dagbag.py:545} INFO - Filling up the DagBag from /opt/airflow/dags/youtube_pipeline.py
[2026-07-23T00:08:42.572+0000] {processor.py:840} INFO - DAG(s) 'youtube_english_video_pipeline' retrieved from /opt/airflow/dags/youtube_pipeline.py
[2026-07-23T00:08:42.597+0000] {logging_mixin.py:188} INFO - [2026-07-23T00:08:42.597+0000] {dag.py:3089} INFO - Sync 1 DAGs
[2026-07-23T00:08:42.611+0000] {logging_mixin.py:188} INFO - [2026-07-23T00:08:42.611+0000] {dag.py:3947} INFO - Setting next_dagrun for youtube_english_video_pipeline to 2026-07-22 12:00:00+00:00, run_after=2026-07-23 12:00:00+00:00
[2026-07-23T00:08:42.624+0000] {processor.py:183} INFO - Processing /opt/airflow/dags/youtube_pipeline.py took 0.076 seconds
[2026-07-23T00:09:12.817+0000] {processor.py:161} INFO - Started process (PID=4273) to work on /opt/airflow/dags/youtube_pipeline.py
[2026-07-23T00:09:12.818+0000] {processor.py:830} INFO - Processing file /opt/airflow/dags/youtube_pipeline.py for tasks to queue
[2026-07-23T00:09:12.820+0000] {logging_mixin.py:188} INFO - [2026-07-23T00:09:12.819+0000] {dagbag.py:545} INFO - Filling up the DagBag from /opt/airflow/dags/youtube_pipeline.py
[2026-07-23T00:09:12.838+0000] {processor.py:840} INFO - DAG(s) 'youtube_english_video_pipeline' retrieved from /opt/airflow/dags/youtube_pipeline.py
[2026-07-23T00:09:12.893+0000] {logging_mixin.py:188} INFO - [2026-07-23T00:09:12.893+0000] {dag.py:3089} INFO - Sync 1 DAGs
[2026-07-23T00:09:12.912+0000] {logging_mixin.py:188} INFO - [2026-07-23T00:09:12.912+0000] {dag.py:3947} INFO - Setting next_dagrun for youtube_english_video_pipeline to 2026-07-22 12:00:00+00:00, run_after=2026-07-23 12:00:00+00:00
[2026-07-23T00:09:12.931+0000] {processor.py:183} INFO - Processing /opt/airflow/dags/youtube_pipeline.py took 0.119 seconds
[2026-07-23T00:09:43.112+0000] {processor.py:161} INFO - Started process (PID=4278) to work on /opt/airflow/dags/youtube_pipeline.py
[2026-07-23T00:09:43.113+0000] {processor.py:830} INFO - Processing file /opt/airflow/dags/youtube_pipeline.py for tasks to queue
[2026-07-23T00:09:43.115+0000] {logging_mixin.py:188} INFO - [2026-07-23T00:09:43.115+0000] {dagbag.py:545} INFO - Filling up the DagBag from /opt/airflow/dags/youtube_pipeline.py
[2026-07-23T00:09:43.146+0000] {processor.py:840} INFO - DAG(s) 'youtube_english_video_pipeline' retrieved from /opt/airflow/dags/youtube_pipeline.py
[2026-07-23T00:09:43.171+0000] {logging_mixin.py:188} INFO - [2026-07-23T00:09:43.171+0000] {dag.py:3089} INFO - Sync 1 DAGs
[2026-07-23T00:09:43.189+0000] {logging_mixin.py:188} INFO - [2026-07-23T00:09:43.189+0000] {dag.py:3947} INFO - Setting next_dagrun for youtube_english_video_pipeline to 2026-07-22 12:00:00+00:00, run_after=2026-07-23 12:00:00+00:00
[2026-07-23T00:09:43.203+0000] {processor.py:183} INFO - Processing /opt/airflow/dags/youtube_pipeline.py took 0.098 seconds
[2026-07-23T00:10:13.432+0000] {processor.py:161} INFO - Started process (PID=4283) to work on /opt/airflow/dags/youtube_pipeline.py
[2026-07-23T00:10:13.434+0000] {processor.py:830} INFO - Processing file /opt/airflow/dags/youtube_pipeline.py for tasks to queue
[2026-07-23T00:10:13.435+0000] {logging_mixin.py:188} INFO - [2026-07-23T00:10:13.435+0000] {dagbag.py:545} INFO - Filling up the DagBag from /opt/airflow/dags/youtube_pipeline.py
[2026-07-23T00:10:13.461+0000] {processor.py:840} INFO - DAG(s) 'youtube_english_video_pipeline' retrieved from /opt/airflow/dags/youtube_pipeline.py
[2026-07-23T00:10:13.491+0000] {logging_mixin.py:188} INFO - [2026-07-23T00:10:13.491+0000] {dag.py:3089} INFO - Sync 1 DAGs
[2026-07-23T00:10:13.507+0000] {logging_mixin.py:188} INFO - [2026-07-23T00:10:13.507+0000] {dag.py:3947} INFO - Setting next_dagrun for youtube_english_video_pipeline to 2026-07-22 12:00:00+00:00, run_after=2026-07-23 12:00:00+00:00
[2026-07-23T00:10:13.524+0000] {processor.py:183} INFO - Processing /opt/airflow/dags/youtube_pipeline.py took 0.099 seconds
[2026-07-23T00:10:43.719+0000] {processor.py:161} INFO - Started process (PID=4288) to work on /opt/airflow/dags/youtube_pipeline.py
[2026-07-23T00:10:43.720+0000] {processor.py:830} INFO - Processing file /opt/airflow/dags/youtube_pipeline.py for tasks to queue
[2026-07-23T00:10:43.722+0000] {logging_mixin.py:188} INFO - [2026-07-23T00:10:43.722+0000] {dagbag.py:545} INFO - Filling up the DagBag from /opt/airflow/dags/youtube_pipeline.py
[2026-07-23T00:10:43.749+0000] {processor.py:840} INFO - DAG(s) 'youtube_english_video_pipeline' retrieved from /opt/airflow/dags/youtube_pipeline.py
[2026-07-23T00:10:43.998+0000] {logging_mixin.py:188} INFO - [2026-07-23T00:10:43.997+0000] {dag.py:3089} INFO - Sync 1 DAGs
[2026-07-23T00:10:44.018+0000] {logging_mixin.py:188} INFO - [2026-07-23T00:10:44.017+0000] {dag.py:3947} INFO - Setting next_dagrun for youtube_english_video_pipeline to 2026-07-22 12:00:00+00:00, run_after=2026-07-23 12:00:00+00:00
[2026-07-23T00:10:44.033+0000] {processor.py:183} INFO - Processing /opt/airflow/dags/youtube_pipeline.py took 0.318 seconds
[2026-07-23T00:11:14.254+0000] {processor.py:161} INFO - Started process (PID=4293) to work on /opt/airflow/dags/youtube_pipeline.py
[2026-07-23T00:11:14.255+0000] {processor.py:830} INFO - Processing file /opt/airflow/dags/youtube_pipeline.py for tasks to queue
[2026-07-23T00:11:14.257+0000] {logging_mixin.py:188} INFO - [2026-07-23T00:11:14.256+0000] {dagbag.py:545} INFO - Filling up the DagBag from /opt/airflow/dags/youtube_pipeline.py
[2026-07-23T00:11:14.276+0000] {processor.py:840} INFO - DAG(s) 'youtube_english_video_pipeline' retrieved from /opt/airflow/dags/youtube_pipeline.py
[2026-07-23T00:11:14.314+0000] {logging_mixin.py:188} INFO - [2026-07-23T00:11:14.314+0000] {dag.py:3089} INFO - Sync 1 DAGs
[2026-07-23T00:11:14.332+0000] {logging_mixin.py:188} INFO - [2026-07-23T00:11:14.332+0000] {dag.py:3947} INFO - Setting next_dagrun for youtube_english_video_pipeline to 2026-07-22 12:00:00+00:00, run_after=2026-07-23 12:00:00+00:00
[2026-07-23T00:11:14.349+0000] {processor.py:183} INFO - Processing /opt/airflow/dags/youtube_pipeline.py took 0.102 seconds
[2026-07-23T00:11:44.514+0000] {processor.py:161} INFO - Started process (PID=4298) to work on /opt/airflow/dags/youtube_pipeline.py
[2026-07-23T00:11:44.516+0000] {processor.py:830} INFO - Processing file /opt/airflow/dags/youtube_pipeline.py for tasks to queue
[2026-07-23T00:11:44.518+0000] {logging_mixin.py:188} INFO - [2026-07-23T00:11:44.518+0000] {dagbag.py:545} INFO - Filling up the DagBag from /opt/airflow/dags/youtube_pipeline.py
[2026-07-23T00:11:44.536+0000] {processor.py:840} INFO - DAG(s) 'youtube_english_video_pipeline' retrieved from /opt/airflow/dags/youtube_pipeline.py
[2026-07-23T00:11:44.576+0000] {logging_mixin.py:188} INFO - [2026-07-23T00:11:44.576+0000] {dag.py:3089} INFO - Sync 1 DAGs
[2026-07-23T00:11:44.594+0000] {logging_mixin.py:188} INFO - [2026-07-23T00:11:44.594+0000] {dag.py:3947} INFO - Setting next_dagrun for youtube_english_video_pipeline to 2026-07-22 12:00:00+00:00, run_after=2026-07-23 12:00:00+00:00
[2026-07-23T00:11:44.612+0000] {processor.py:183} INFO - Processing /opt/airflow/dags/youtube_pipeline.py took 0.104 seconds
[2026-07-23T00:12:15.039+0000] {processor.py:161} INFO - Started process (PID=4303) to work on /opt/airflow/dags/youtube_pipeline.py
[2026-07-23T00:12:15.041+0000] {processor.py:830} INFO - Processing file /opt/airflow/dags/youtube_pipeline.py for tasks to queue
[2026-07-23T00:12:15.044+0000] {logging_mixin.py:188} INFO - [2026-07-23T00:12:15.043+0000] {dagbag.py:545} INFO - Filling up the DagBag from /opt/airflow/dags/youtube_pipeline.py
[2026-07-23T00:12:15.170+0000] {processor.py:840} INFO - DAG(s) 'youtube_english_video_pipeline' retrieved from /opt/airflow/dags/youtube_pipeline.py
[2026-07-23T00:12:15.208+0000] {logging_mixin.py:188} INFO - [2026-07-23T00:12:15.207+0000] {dag.py:3089} INFO - Sync 1 DAGs
[2026-07-23T00:12:15.228+0000] {logging_mixin.py:188} INFO - [2026-07-23T00:12:15.227+0000] {dag.py:3947} INFO - Setting next_dagrun for youtube_english_video_pipeline to 2026-07-22 12:00:00+00:00, run_after=2026-07-23 12:00:00+00:00
[2026-07-23T00:12:15.263+0000] {processor.py:183} INFO - Processing /opt/airflow/dags/youtube_pipeline.py took 0.237 seconds
[2026-07-23T00:12:45.493+0000] {processor.py:161} INFO - Started process (PID=4308) to work on /opt/airflow/dags/youtube_pipeline.py
[2026-07-23T00:12:45.494+0000] {processor.py:830} INFO - Processing file /opt/airflow/dags/youtube_pipeline.py for tasks to queue
[2026-07-23T00:12:45.496+0000] {logging_mixin.py:188} INFO - [2026-07-23T00:12:45.496+0000] {dagbag.py:545} INFO - Filling up the DagBag from /opt/airflow/dags/youtube_pipeline.py
[2026-07-23T00:12:45.528+0000] {processor.py:840} INFO - DAG(s) 'youtube_english_video_pipeline' retrieved from /opt/airflow/dags/youtube_pipeline.py
[2026-07-23T00:12:45.560+0000] {logging_mixin.py:188} INFO - [2026-07-23T00:12:45.560+0000] {dag.py:3089} INFO - Sync 1 DAGs
[2026-07-23T00:12:45.578+0000] {logging_mixin.py:188} INFO - [2026-07-23T00:12:45.578+0000] {dag.py:3947} INFO - Setting next_dagrun for youtube_english_video_pipeline to 2026-07-22 12:00:00+00:00, run_after=2026-07-23 12:00:00+00:00
[2026-07-23T00:12:45.594+0000] {processor.py:183} INFO - Processing /opt/airflow/dags/youtube_pipeline.py took 0.107 seconds
[2026-07-23T00:13:15.724+0000] {processor.py:161} INFO - Started process (PID=4313) to work on /opt/airflow/dags/youtube_pipeline.py
[2026-07-23T00:13:15.726+0000] {processor.py:830} INFO - Processing file /opt/airflow/dags/youtube_pipeline.py for tasks to queue
[2026-07-23T00:13:15.728+0000] {logging_mixin.py:188} INFO - [2026-07-23T00:13:15.727+0000] {dagbag.py:545} INFO - Filling up the DagBag from /opt/airflow/dags/youtube_pipeline.py
[2026-07-23T00:13:15.766+0000] {processor.py:840} INFO - DAG(s) 'youtube_english_video_pipeline' retrieved from /opt/airflow/dags/youtube_pipeline.py
[2026-07-23T00:13:15.792+0000] {logging_mixin.py:188} INFO - [2026-07-23T00:13:15.792+0000] {dag.py:3089} INFO - Sync 1 DAGs
[2026-07-23T00:13:15.809+0000] {logging_mixin.py:188} INFO - [2026-07-23T00:13:15.808+0000] {dag.py:3947} INFO - Setting next_dagrun for youtube_english_video_pipeline to 2026-07-22 12:00:00+00:00, run_after=2026-07-23 12:00:00+00:00
[2026-07-23T00:13:15.822+0000] {processor.py:183} INFO - Processing /opt/airflow/dags/youtube_pipeline.py took 0.105 seconds
[2026-07-23T00:13:46.097+0000] {processor.py:161} INFO - Started process (PID=4318) to work on /opt/airflow/dags/youtube_pipeline.py
[2026-07-23T00:13:46.098+0000] {processor.py:830} INFO - Processing file /opt/airflow/dags/youtube_pipeline.py for tasks to queue
[2026-07-23T00:13:46.100+0000] {logging_mixin.py:188} INFO - [2026-07-23T00:13:46.100+0000] {dagbag.py:545} INFO - Filling up the DagBag from /opt/airflow/dags/youtube_pipeline.py
[2026-07-23T00:13:46.125+0000] {processor.py:840} INFO - DAG(s) 'youtube_english_video_pipeline' retrieved from /opt/airflow/dags/youtube_pipeline.py
[2026-07-23T00:13:46.154+0000] {logging_mixin.py:188} INFO - [2026-07-23T00:13:46.154+0000] {dag.py:3089} INFO - Sync 1 DAGs
[2026-07-23T00:13:46.170+0000] {logging_mixin.py:188} INFO - [2026-07-23T00:13:46.170+0000] {dag.py:3947} INFO - Setting next_dagrun for youtube_english_video_pipeline to 2026-07-22 12:00:00+00:00, run_after=2026-07-23 12:00:00+00:00
[2026-07-23T00:13:46.184+0000] {processor.py:183} INFO - Processing /opt/airflow/dags/youtube_pipeline.py took 0.092 seconds
[2026-07-23T00:14:16.322+0000] {processor.py:161} INFO - Started process (PID=4323) to work on /opt/airflow/dags/youtube_pipeline.py
[2026-07-23T00:14:16.323+0000] {processor.py:830} INFO - Processing file /opt/airflow/dags/youtube_pipeline.py for tasks to queue
[2026-07-23T00:14:16.325+0000] {logging_mixin.py:188} INFO - [2026-07-23T00:14:16.325+0000] {dagbag.py:545} INFO - Filling up the DagBag from /opt/airflow/dags/youtube_pipeline.py
[2026-07-23T00:14:16.347+0000] {processor.py:840} INFO - DAG(s) 'youtube_english_video_pipeline' retrieved from /opt/airflow/dags/youtube_pipeline.py
[2026-07-23T00:14:16.370+0000] {logging_mixin.py:188} INFO - [2026-07-23T00:14:16.370+0000] {dag.py:3089} INFO - Sync 1 DAGs
[2026-07-23T00:14:16.385+0000] {logging_mixin.py:188} INFO - [2026-07-23T00:14:16.385+0000] {dag.py:3947} INFO - Setting next_dagrun for youtube_english_video_pipeline to 2026-07-22 12:00:00+00:00, run_after=2026-07-23 12:00:00+00:00
[2026-07-23T00:14:16.401+0000] {processor.py:183} INFO - Processing /opt/airflow/dags/youtube_pipeline.py took 0.085 seconds
[2026-07-23T00:14:46.794+0000] {processor.py:161} INFO - Started process (PID=4328) to work on /opt/airflow/dags/youtube_pipeline.py
[2026-07-23T00:14:46.799+0000] {processor.py:830} INFO - Processing file /opt/airflow/dags/youtube_pipeline.py for tasks to queue
[2026-07-23T00:14:46.805+0000] {logging_mixin.py:188} INFO - [2026-07-23T00:14:46.804+0000] {dagbag.py:545} INFO - Filling up the DagBag from /opt/airflow/dags/youtube_pipeline.py
[2026-07-23T00:14:46.850+0000] {processor.py:840} INFO - DAG(s) 'youtube_english_video_pipeline' retrieved from /opt/airflow/dags/youtube_pipeline.py
[2026-07-23T00:14:46.892+0000] {logging_mixin.py:188} INFO - [2026-07-23T00:14:46.892+0000] {dag.py:3089} INFO - Sync 1 DAGs
[2026-07-23T00:14:46.922+0000] {logging_mixin.py:188} INFO - [2026-07-23T00:14:46.921+0000] {dag.py:3947} INFO - Setting next_dagrun for youtube_english_video_pipeline to 2026-07-22 12:00:00+00:00, run_after=2026-07-23 12:00:00+00:00
[2026-07-23T00:14:46.946+0000] {processor.py:183} INFO - Processing /opt/airflow/dags/youtube_pipeline.py took 0.165 seconds
[2026-07-23T00:15:17.021+0000] {processor.py:161} INFO - Started process (PID=4333) to work on /opt/airflow/dags/youtube_pipeline.py
[2026-07-23T00:15:17.023+0000] {processor.py:830} INFO - Processing file /opt/airflow/dags/youtube_pipeline.py for tasks to queue
[2026-07-23T00:15:17.026+0000] {logging_mixin.py:188} INFO - [2026-07-23T00:15:17.025+0000] {dagbag.py:545} INFO - Filling up the DagBag from /opt/airflow/dags/youtube_pipeline.py
[2026-07-23T00:15:17.065+0000] {processor.py:840} INFO - DAG(s) 'youtube_english_video_pipeline' retrieved from /opt/airflow/dags/youtube_pipeline.py
[2026-07-23T00:15:17.108+0000] {logging_mixin.py:188} INFO - [2026-07-23T00:15:17.108+0000] {dag.py:3089} INFO - Sync 1 DAGs
[2026-07-23T00:15:17.131+0000] {logging_mixin.py:188} INFO - [2026-07-23T00:15:17.131+0000] {dag.py:3947} INFO - Setting next_dagrun for youtube_english_video_pipeline to 2026-07-22 12:00:00+00:00, run_after=2026-07-23 12:00:00+00:00
[2026-07-23T00:15:17.149+0000] {processor.py:183} INFO - Processing /opt/airflow/dags/youtube_pipeline.py took 0.135 seconds
[2026-07-23T00:15:47.424+0000] {processor.py:161} INFO - Started process (PID=4338) to work on /opt/airflow/dags/youtube_pipeline.py
[2026-07-23T00:15:47.425+0000] {processor.py:830} INFO - Processing file /opt/airflow/dags/youtube_pipeline.py for tasks to queue
[2026-07-23T00:15:47.427+0000] {logging_mixin.py:188} INFO - [2026-07-23T00:15:47.426+0000] {dagbag.py:545} INFO - Filling up the DagBag from /opt/airflow/dags/youtube_pipeline.py
[2026-07-23T00:15:47.453+0000] {processor.py:840} INFO - DAG(s) 'youtube_english_video_pipeline' retrieved from /opt/airflow/dags/youtube_pipeline.py
[2026-07-23T00:15:47.477+0000] {logging_mixin.py:188} INFO - [2026-07-23T00:15:47.476+0000] {dag.py:3089} INFO - Sync 1 DAGs
[2026-07-23T00:15:47.492+0000] {logging_mixin.py:188} INFO - [2026-07-23T00:15:47.492+0000] {dag.py:3947} INFO - Setting next_dagrun for youtube_english_video_pipeline to 2026-07-22 12:00:00+00:00, run_after=2026-07-23 12:00:00+00:00
[2026-07-23T00:15:47.508+0000] {processor.py:183} INFO - Processing /opt/airflow/dags/youtube_pipeline.py took 0.089 seconds
[2026-07-23T00:16:17.611+0000] {processor.py:161} INFO - Started process (PID=4343) to work on /opt/airflow/dags/youtube_pipeline.py
[2026-07-23T00:16:17.612+0000] {processor.py:830} INFO - Processing file /opt/airflow/dags/youtube_pipeline.py for tasks to queue
[2026-07-23T00:16:17.614+0000] {logging_mixin.py:188} INFO - [2026-07-23T00:16:17.614+0000] {dagbag.py:545} INFO - Filling up the DagBag from /opt/airflow/dags/youtube_pipeline.py
[2026-07-23T00:16:17.645+0000] {processor.py:840} INFO - DAG(s) 'youtube_english_video_pipeline' retrieved from /opt/airflow/dags/youtube_pipeline.py
[2026-07-23T00:16:17.677+0000] {logging_mixin.py:188} INFO - [2026-07-23T00:16:17.677+0000] {dag.py:3089} INFO - Sync 1 DAGs
[2026-07-23T00:16:17.697+0000] {logging_mixin.py:188} INFO - [2026-07-23T00:16:17.697+0000] {dag.py:3947} INFO - Setting next_dagrun for youtube_english_video_pipeline to 2026-07-22 12:00:00+00:00, run_after=2026-07-23 12:00:00+00:00
[2026-07-23T00:16:17.715+0000] {processor.py:183} INFO - Processing /opt/airflow/dags/youtube_pipeline.py took 0.112 seconds
[2026-07-23T12:22:28.330+0000] {processor.py:161} INFO - Started process (PID=203) to work on /opt/airflow/dags/youtube_pipeline.py
[2026-07-23T12:22:28.331+0000] {processor.py:830} INFO - Processing file /opt/airflow/dags/youtube_pipeline.py for tasks to queue
[2026-07-23T12:22:28.332+0000] {logging_mixin.py:188} INFO - [2026-07-23T12:22:28.332+0000] {dagbag.py:545} INFO - Filling up the DagBag from /opt/airflow/dags/youtube_pipeline.py
[2026-07-23T12:22:28.364+0000] {processor.py:840} INFO - DAG(s) 'youtube_english_video_pipeline' retrieved from /opt/airflow/dags/youtube_pipeline.py
[2026-07-23T12:22:28.394+0000] {logging_mixin.py:188} INFO - [2026-07-23T12:22:28.393+0000] {dag.py:3089} INFO - Sync 1 DAGs
[2026-07-23T12:22:28.435+0000] {processor.py:183} INFO - Processing /opt/airflow/dags/youtube_pipeline.py took 0.111 seconds
[2026-07-23T12:22:58.565+0000] {processor.py:161} INFO - Started process (PID=233) to work on /opt/airflow/dags/youtube_pipeline.py
[2026-07-23T12:22:58.567+0000] {processor.py:830} INFO - Processing file /opt/airflow/dags/youtube_pipeline.py for tasks to queue
[2026-07-23T12:22:58.569+0000] {logging_mixin.py:188} INFO - [2026-07-23T12:22:58.569+0000] {dagbag.py:545} INFO - Filling up the DagBag from /opt/airflow/dags/youtube_pipeline.py
[2026-07-23T12:22:58.605+0000] {processor.py:840} INFO - DAG(s) 'youtube_english_video_pipeline' retrieved from /opt/airflow/dags/youtube_pipeline.py
[2026-07-23T12:22:59.472+0000] {logging_mixin.py:188} INFO - [2026-07-23T12:22:59.472+0000] {dag.py:3089} INFO - Sync 1 DAGs
[2026-07-23T12:22:59.520+0000] {processor.py:183} INFO - Processing /opt/airflow/dags/youtube_pipeline.py took 0.966 seconds
[2026-07-23T12:23:29.957+0000] {processor.py:161} INFO - Started process (PID=547) to work on /opt/airflow/dags/youtube_pipeline.py
[2026-07-23T12:23:29.967+0000] {processor.py:830} INFO - Processing file /opt/airflow/dags/youtube_pipeline.py for tasks to queue
[2026-07-23T12:23:29.997+0000] {logging_mixin.py:188} INFO - [2026-07-23T12:23:29.992+0000] {dagbag.py:545} INFO - Filling up the DagBag from /opt/airflow/dags/youtube_pipeline.py
[2026-07-23T12:23:30.124+0000] {processor.py:840} INFO - DAG(s) 'youtube_english_video_pipeline' retrieved from /opt/airflow/dags/youtube_pipeline.py
[2026-07-23T12:23:30.263+0000] {logging_mixin.py:188} INFO - [2026-07-23T12:23:30.263+0000] {dag.py:3089} INFO - Sync 1 DAGs
[2026-07-23T12:23:30.445+0000] {processor.py:183} INFO - Processing /opt/airflow/dags/youtube_pipeline.py took 0.533 seconds
[2026-07-23T12:24:00.747+0000] {processor.py:161} INFO - Started process (PID=1268) to work on /opt/airflow/dags/youtube_pipeline.py
[2026-07-23T12:24:00.750+0000] {processor.py:830} INFO - Processing file /opt/airflow/dags/youtube_pipeline.py for tasks to queue
[2026-07-23T12:24:00.758+0000] {logging_mixin.py:188} INFO - [2026-07-23T12:24:00.757+0000] {dagbag.py:545} INFO - Filling up the DagBag from /opt/airflow/dags/youtube_pipeline.py
[2026-07-23T12:24:00.819+0000] {processor.py:840} INFO - DAG(s) 'youtube_english_video_pipeline' retrieved from /opt/airflow/dags/youtube_pipeline.py
[2026-07-23T12:24:00.880+0000] {logging_mixin.py:188} INFO - [2026-07-23T12:24:00.880+0000] {dag.py:3089} INFO - Sync 1 DAGs
[2026-07-23T12:24:00.941+0000] {processor.py:183} INFO - Processing /opt/airflow/dags/youtube_pipeline.py took 0.213 seconds
[2026-07-23T12:24:31.248+0000] {processor.py:161} INFO - Started process (PID=2191) to work on /opt/airflow/dags/youtube_pipeline.py
[2026-07-23T12:24:31.263+0000] {processor.py:830} INFO - Processing file /opt/airflow/dags/youtube_pipeline.py for tasks to queue
[2026-07-23T12:24:31.270+0000] {logging_mixin.py:188} INFO - [2026-07-23T12:24:31.269+0000] {dagbag.py:545} INFO - Filling up the DagBag from /opt/airflow/dags/youtube_pipeline.py
[2026-07-23T12:24:31.335+0000] {processor.py:840} INFO - DAG(s) 'youtube_english_video_pipeline' retrieved from /opt/airflow/dags/youtube_pipeline.py
[2026-07-23T12:24:31.391+0000] {logging_mixin.py:188} INFO - [2026-07-23T12:24:31.391+0000] {dag.py:3089} INFO - Sync 1 DAGs
[2026-07-23T12:24:31.707+0000] {processor.py:183} INFO - Processing /opt/airflow/dags/youtube_pipeline.py took 0.478 seconds
[2026-07-23T12:25:01.950+0000] {processor.py:161} INFO - Started process (PID=2987) to work on /opt/airflow/dags/youtube_pipeline.py
[2026-07-23T12:25:01.951+0000] {processor.py:830} INFO - Processing file /opt/airflow/dags/youtube_pipeline.py for tasks to queue
[2026-07-23T12:25:01.954+0000] {logging_mixin.py:188} INFO - [2026-07-23T12:25:01.954+0000] {dagbag.py:545} INFO - Filling up the DagBag from /opt/airflow/dags/youtube_pipeline.py
[2026-07-23T12:25:01.982+0000] {processor.py:840} INFO - DAG(s) 'youtube_english_video_pipeline' retrieved from /opt/airflow/dags/youtube_pipeline.py
[2026-07-23T12:25:02.011+0000] {logging_mixin.py:188} INFO - [2026-07-23T12:25:02.011+0000] {dag.py:3089} INFO - Sync 1 DAGs
[2026-07-23T12:25:02.169+0000] {processor.py:183} INFO - Processing /opt/airflow/dags/youtube_pipeline.py took 0.227 seconds
[2026-07-23T12:25:32.469+0000] {processor.py:161} INFO - Started process (PID=3659) to work on /opt/airflow/dags/youtube_pipeline.py
[2026-07-23T12:25:32.475+0000] {processor.py:830} INFO - Processing file /opt/airflow/dags/youtube_pipeline.py for tasks to queue
[2026-07-23T12:25:32.480+0000] {logging_mixin.py:188} INFO - [2026-07-23T12:25:32.479+0000] {dagbag.py:545} INFO - Filling up the DagBag from /opt/airflow/dags/youtube_pipeline.py
[2026-07-23T12:25:32.540+0000] {processor.py:840} INFO - DAG(s) 'youtube_english_video_pipeline' retrieved from /opt/airflow/dags/youtube_pipeline.py
[2026-07-23T12:25:32.938+0000] {logging_mixin.py:188} INFO - [2026-07-23T12:25:32.938+0000] {dag.py:3089} INFO - Sync 1 DAGs
[2026-07-23T12:25:33.013+0000] {processor.py:183} INFO - Processing /opt/airflow/dags/youtube_pipeline.py took 0.558 seconds
[2026-07-23T12:26:03.340+0000] {processor.py:161} INFO - Started process (PID=3688) to work on /opt/airflow/dags/youtube_pipeline.py
[2026-07-23T12:26:03.341+0000] {processor.py:830} INFO - Processing file /opt/airflow/dags/youtube_pipeline.py for tasks to queue
[2026-07-23T12:26:03.344+0000] {logging_mixin.py:188} INFO - [2026-07-23T12:26:03.343+0000] {dagbag.py:545} INFO - Filling up the DagBag from /opt/airflow/dags/youtube_pipeline.py
[2026-07-23T12:26:03.372+0000] {processor.py:840} INFO - DAG(s) 'youtube_english_video_pipeline' retrieved from /opt/airflow/dags/youtube_pipeline.py
[2026-07-23T12:26:03.505+0000] {logging_mixin.py:188} INFO - [2026-07-23T12:26:03.504+0000] {dag.py:3089} INFO - Sync 1 DAGs
[2026-07-23T12:26:03.531+0000] {processor.py:183} INFO - Processing /opt/airflow/dags/youtube_pipeline.py took 0.198 seconds
[2026-07-23T12:26:33.879+0000] {processor.py:161} INFO - Started process (PID=3693) to work on /opt/airflow/dags/youtube_pipeline.py
[2026-07-23T12:26:33.880+0000] {processor.py:830} INFO - Processing file /opt/airflow/dags/youtube_pipeline.py for tasks to queue
[2026-07-23T12:26:33.882+0000] {logging_mixin.py:188} INFO - [2026-07-23T12:26:33.881+0000] {dagbag.py:545} INFO - Filling up the DagBag from /opt/airflow/dags/youtube_pipeline.py
[2026-07-23T12:26:33.901+0000] {processor.py:840} INFO - DAG(s) 'youtube_english_video_pipeline' retrieved from /opt/airflow/dags/youtube_pipeline.py
[2026-07-23T12:26:33.929+0000] {logging_mixin.py:188} INFO - [2026-07-23T12:26:33.928+0000] {dag.py:3089} INFO - Sync 1 DAGs
[2026-07-23T12:26:33.947+0000] {logging_mixin.py:188} INFO - [2026-07-23T12:26:33.947+0000] {dag.py:3947} INFO - Setting next_dagrun for youtube_english_video_pipeline to 2026-07-23 12:00:00+00:00, run_after=2026-07-24 12:00:00+00:00
[2026-07-23T12:26:33.963+0000] {processor.py:183} INFO - Processing /opt/airflow/dags/youtube_pipeline.py took 0.090 seconds
[2026-07-23T12:27:04.145+0000] {processor.py:161} INFO - Started process (PID=3698) to work on /opt/airflow/dags/youtube_pipeline.py
[2026-07-23T12:27:04.148+0000] {processor.py:830} INFO - Processing file /opt/airflow/dags/youtube_pipeline.py for tasks to queue
[2026-07-23T12:27:04.152+0000] {logging_mixin.py:188} INFO - [2026-07-23T12:27:04.151+0000] {dagbag.py:545} INFO - Filling up the DagBag from /opt/airflow/dags/youtube_pipeline.py
[2026-07-23T12:27:04.187+0000] {processor.py:840} INFO - DAG(s) 'youtube_english_video_pipeline' retrieved from /opt/airflow/dags/youtube_pipeline.py
[2026-07-23T12:27:04.224+0000] {logging_mixin.py:188} INFO - [2026-07-23T12:27:04.224+0000] {dag.py:3089} INFO - Sync 1 DAGs
[2026-07-23T12:27:04.244+0000] {logging_mixin.py:188} INFO - [2026-07-23T12:27:04.244+0000] {dag.py:3947} INFO - Setting next_dagrun for youtube_english_video_pipeline to 2026-07-23 12:00:00+00:00, run_after=2026-07-24 12:00:00+00:00
[2026-07-23T12:27:04.276+0000] {processor.py:183} INFO - Processing /opt/airflow/dags/youtube_pipeline.py took 0.144 seconds
[2026-07-23T12:27:34.564+0000] {processor.py:161} INFO - Started process (PID=3703) to work on /opt/airflow/dags/youtube_pipeline.py
[2026-07-23T12:27:34.566+0000] {processor.py:830} INFO - Processing file /opt/airflow/dags/youtube_pipeline.py for tasks to queue
[2026-07-23T12:27:34.569+0000] {logging_mixin.py:188} INFO - [2026-07-23T12:27:34.568+0000] {dagbag.py:545} INFO - Filling up the DagBag from /opt/airflow/dags/youtube_pipeline.py
[2026-07-23T12:27:34.606+0000] {processor.py:840} INFO - DAG(s) 'youtube_english_video_pipeline' retrieved from /opt/airflow/dags/youtube_pipeline.py
[2026-07-23T12:27:34.631+0000] {logging_mixin.py:188} INFO - [2026-07-23T12:27:34.631+0000] {dag.py:3089} INFO - Sync 1 DAGs
[2026-07-23T12:27:34.650+0000] {logging_mixin.py:188} INFO - [2026-07-23T12:27:34.650+0000] {dag.py:3947} INFO - Setting next_dagrun for youtube_english_video_pipeline to 2026-07-23 12:00:00+00:00, run_after=2026-07-24 12:00:00+00:00
[2026-07-23T12:27:34.667+0000] {processor.py:183} INFO - Processing /opt/airflow/dags/youtube_pipeline.py took 0.108 seconds
[2026-07-23T12:28:04.799+0000] {processor.py:161} INFO - Started process (PID=3708) to work on /opt/airflow/dags/youtube_pipeline.py
[2026-07-23T12:28:04.800+0000] {processor.py:830} INFO - Processing file /opt/airflow/dags/youtube_pipeline.py for tasks to queue
[2026-07-23T12:28:04.803+0000] {logging_mixin.py:188} INFO - [2026-07-23T12:28:04.802+0000] {dagbag.py:545} INFO - Filling up the DagBag from /opt/airflow/dags/youtube_pipeline.py
[2026-07-23T12:28:04.843+0000] {processor.py:840} INFO - DAG(s) 'youtube_english_video_pipeline' retrieved from /opt/airflow/dags/youtube_pipeline.py
[2026-07-23T12:28:04.867+0000] {logging_mixin.py:188} INFO - [2026-07-23T12:28:04.867+0000] {dag.py:3089} INFO - Sync 1 DAGs
[2026-07-23T12:28:04.884+0000] {logging_mixin.py:188} INFO - [2026-07-23T12:28:04.884+0000] {dag.py:3947} INFO - Setting next_dagrun for youtube_english_video_pipeline to 2026-07-23 12:00:00+00:00, run_after=2026-07-24 12:00:00+00:00
[2026-07-23T12:28:04.902+0000] {processor.py:183} INFO - Processing /opt/airflow/dags/youtube_pipeline.py took 0.110 seconds
[2026-07-23T12:28:35.154+0000] {processor.py:161} INFO - Started process (PID=3713) to work on /opt/airflow/dags/youtube_pipeline.py
[2026-07-23T12:28:35.156+0000] {processor.py:830} INFO - Processing file /opt/airflow/dags/youtube_pipeline.py for tasks to queue
[2026-07-23T12:28:35.158+0000] {logging_mixin.py:188} INFO - [2026-07-23T12:28:35.157+0000] {dagbag.py:545} INFO - Filling up the DagBag from /opt/airflow/dags/youtube_pipeline.py
[2026-07-23T12:28:35.185+0000] {processor.py:840} INFO - DAG(s) 'youtube_english_video_pipeline' retrieved from /opt/airflow/dags/youtube_pipeline.py
[2026-07-23T12:28:35.209+0000] {logging_mixin.py:188} INFO - [2026-07-23T12:28:35.209+0000] {dag.py:3089} INFO - Sync 1 DAGs
[2026-07-23T12:28:35.226+0000] {logging_mixin.py:188} INFO - [2026-07-23T12:28:35.226+0000] {dag.py:3947} INFO - Setting next_dagrun for youtube_english_video_pipeline to 2026-07-23 12:00:00+00:00, run_after=2026-07-24 12:00:00+00:00
[2026-07-23T12:28:35.243+0000] {processor.py:183} INFO - Processing /opt/airflow/dags/youtube_pipeline.py took 0.096 seconds
[2026-07-23T12:29:05.459+0000] {processor.py:161} INFO - Started process (PID=3718) to work on /opt/airflow/dags/youtube_pipeline.py
[2026-07-23T12:29:05.461+0000] {processor.py:830} INFO - Processing file /opt/airflow/dags/youtube_pipeline.py for tasks to queue
[2026-07-23T12:29:05.463+0000] {logging_mixin.py:188} INFO - [2026-07-23T12:29:05.462+0000] {dagbag.py:545} INFO - Filling up the DagBag from /opt/airflow/dags/youtube_pipeline.py
[2026-07-23T12:29:05.490+0000] {processor.py:840} INFO - DAG(s) 'youtube_english_video_pipeline' retrieved from /opt/airflow/dags/youtube_pipeline.py
[2026-07-23T12:29:05.512+0000] {logging_mixin.py:188} INFO - [2026-07-23T12:29:05.512+0000] {dag.py:3089} INFO - Sync 1 DAGs
[2026-07-23T12:29:05.528+0000] {logging_mixin.py:188} INFO - [2026-07-23T12:29:05.528+0000] {dag.py:3947} INFO - Setting next_dagrun for youtube_english_video_pipeline to 2026-07-23 12:00:00+00:00, run_after=2026-07-24 12:00:00+00:00
[2026-07-23T12:29:05.552+0000] {processor.py:183} INFO - Processing /opt/airflow/dags/youtube_pipeline.py took 0.106 seconds
[2026-07-23T12:29:35.740+0000] {processor.py:161} INFO - Started process (PID=3723) to work on /opt/airflow/dags/youtube_pipeline.py
[2026-07-23T12:29:35.741+0000] {processor.py:830} INFO - Processing file /opt/airflow/dags/youtube_pipeline.py for tasks to queue
[2026-07-23T12:29:35.742+0000] {logging_mixin.py:188} INFO - [2026-07-23T12:29:35.742+0000] {dagbag.py:545} INFO - Filling up the DagBag from /opt/airflow/dags/youtube_pipeline.py
[2026-07-23T12:29:35.757+0000] {processor.py:840} INFO - DAG(s) 'youtube_english_video_pipeline' retrieved from /opt/airflow/dags/youtube_pipeline.py
[2026-07-23T12:29:35.778+0000] {logging_mixin.py:188} INFO - [2026-07-23T12:29:35.778+0000] {dag.py:3089} INFO - Sync 1 DAGs
[2026-07-23T12:29:35.792+0000] {logging_mixin.py:188} INFO - [2026-07-23T12:29:35.791+0000] {dag.py:3947} INFO - Setting next_dagrun for youtube_english_video_pipeline to 2026-07-23 12:00:00+00:00, run_after=2026-07-24 12:00:00+00:00
[2026-07-23T12:29:35.817+0000] {processor.py:183} INFO - Processing /opt/airflow/dags/youtube_pipeline.py took 0.082 seconds
[2026-07-23T12:30:06.069+0000] {processor.py:161} INFO - Started process (PID=3728) to work on /opt/airflow/dags/youtube_pipeline.py
[2026-07-23T12:30:06.070+0000] {processor.py:830} INFO - Processing file /opt/airflow/dags/youtube_pipeline.py for tasks to queue
[2026-07-23T12:30:06.072+0000] {logging_mixin.py:188} INFO - [2026-07-23T12:30:06.071+0000] {dagbag.py:545} INFO - Filling up the DagBag from /opt/airflow/dags/youtube_pipeline.py
[2026-07-23T12:30:06.087+0000] {processor.py:840} INFO - DAG(s) 'youtube_english_video_pipeline' retrieved from /opt/airflow/dags/youtube_pipeline.py
[2026-07-23T12:30:06.107+0000] {logging_mixin.py:188} INFO - [2026-07-23T12:30:06.107+0000] {dag.py:3089} INFO - Sync 1 DAGs
[2026-07-23T12:30:06.122+0000] {logging_mixin.py:188} INFO - [2026-07-23T12:30:06.122+0000] {dag.py:3947} INFO - Setting next_dagrun for youtube_english_video_pipeline to 2026-07-23 12:00:00+00:00, run_after=2026-07-24 12:00:00+00:00
[2026-07-23T12:30:06.142+0000] {processor.py:183} INFO - Processing /opt/airflow/dags/youtube_pipeline.py took 0.077 seconds
[2026-07-23T12:30:36.320+0000] {processor.py:161} INFO - Started process (PID=3733) to work on /opt/airflow/dags/youtube_pipeline.py
[2026-07-23T12:30:36.321+0000] {processor.py:830} INFO - Processing file /opt/airflow/dags/youtube_pipeline.py for tasks to queue
[2026-07-23T12:30:36.322+0000] {logging_mixin.py:188} INFO - [2026-07-23T12:30:36.322+0000] {dagbag.py:545} INFO - Filling up the DagBag from /opt/airflow/dags/youtube_pipeline.py
[2026-07-23T12:30:36.337+0000] {processor.py:840} INFO - DAG(s) 'youtube_english_video_pipeline' retrieved from /opt/airflow/dags/youtube_pipeline.py
[2026-07-23T12:30:36.358+0000] {logging_mixin.py:188} INFO - [2026-07-23T12:30:36.358+0000] {dag.py:3089} INFO - Sync 1 DAGs
[2026-07-23T12:30:36.373+0000] {logging_mixin.py:188} INFO - [2026-07-23T12:30:36.373+0000] {dag.py:3947} INFO - Setting next_dagrun for youtube_english_video_pipeline to 2026-07-23 12:00:00+00:00, run_after=2026-07-24 12:00:00+00:00
[2026-07-23T12:30:36.389+0000] {processor.py:183} INFO - Processing /opt/airflow/dags/youtube_pipeline.py took 0.074 seconds
[2026-07-23T12:31:06.651+0000] {processor.py:161} INFO - Started process (PID=3738) to work on /opt/airflow/dags/youtube_pipeline.py
[2026-07-23T12:31:06.652+0000] {processor.py:830} INFO - Processing file /opt/airflow/dags/youtube_pipeline.py for tasks to queue
[2026-07-23T12:31:06.654+0000] {logging_mixin.py:188} INFO - [2026-07-23T12:31:06.653+0000] {dagbag.py:545} INFO - Filling up the DagBag from /opt/airflow/dags/youtube_pipeline.py
[2026-07-23T12:31:06.674+0000] {processor.py:840} INFO - DAG(s) 'youtube_english_video_pipeline' retrieved from /opt/airflow/dags/youtube_pipeline.py
[2026-07-23T12:31:06.702+0000] {logging_mixin.py:188} INFO - [2026-07-23T12:31:06.702+0000] {dag.py:3089} INFO - Sync 1 DAGs
[2026-07-23T12:31:06.722+0000] {logging_mixin.py:188} INFO - [2026-07-23T12:31:06.722+0000] {dag.py:3947} INFO - Setting next_dagrun for youtube_english_video_pipeline to 2026-07-23 12:00:00+00:00, run_after=2026-07-24 12:00:00+00:00
[2026-07-23T12:31:06.739+0000] {processor.py:183} INFO - Processing /opt/airflow/dags/youtube_pipeline.py took 0.093 seconds
[2026-07-23T12:31:36.891+0000] {processor.py:161} INFO - Started process (PID=3743) to work on /opt/airflow/dags/youtube_pipeline.py
[2026-07-23T12:31:36.893+0000] {processor.py:830} INFO - Processing file /opt/airflow/dags/youtube_pipeline.py for tasks to queue
[2026-07-23T12:31:36.895+0000] {logging_mixin.py:188} INFO - [2026-07-23T12:31:36.895+0000] {dagbag.py:545} INFO - Filling up the DagBag from /opt/airflow/dags/youtube_pipeline.py
[2026-07-23T12:31:36.914+0000] {processor.py:840} INFO - DAG(s) 'youtube_english_video_pipeline' retrieved from /opt/airflow/dags/youtube_pipeline.py
[2026-07-23T12:31:36.937+0000] {logging_mixin.py:188} INFO - [2026-07-23T12:31:36.937+0000] {dag.py:3089} INFO - Sync 1 DAGs
[2026-07-23T12:31:36.953+0000] {logging_mixin.py:188} INFO - [2026-07-23T12:31:36.952+0000] {dag.py:3947} INFO - Setting next_dagrun for youtube_english_video_pipeline to 2026-07-23 12:00:00+00:00, run_after=2026-07-24 12:00:00+00:00
[2026-07-23T12:31:36.976+0000] {processor.py:183} INFO - Processing /opt/airflow/dags/youtube_pipeline.py took 0.090 seconds
[2026-07-23T12:32:07.230+0000] {processor.py:161} INFO - Started process (PID=3748) to work on /opt/airflow/dags/youtube_pipeline.py
[2026-07-23T12:32:07.231+0000] {processor.py:830} INFO - Processing file /opt/airflow/dags/youtube_pipeline.py for tasks to queue
[2026-07-23T12:32:07.232+0000] {logging_mixin.py:188} INFO - [2026-07-23T12:32:07.232+0000] {dagbag.py:545} INFO - Filling up the DagBag from /opt/airflow/dags/youtube_pipeline.py
[2026-07-23T12:32:07.248+0000] {processor.py:840} INFO - DAG(s) 'youtube_english_video_pipeline' retrieved from /opt/airflow/dags/youtube_pipeline.py
[2026-07-23T12:32:07.269+0000] {logging_mixin.py:188} INFO - [2026-07-23T12:32:07.269+0000] {dag.py:3089} INFO - Sync 1 DAGs
[2026-07-23T12:32:07.284+0000] {logging_mixin.py:188} INFO - [2026-07-23T12:32:07.284+0000] {dag.py:3947} INFO - Setting next_dagrun for youtube_english_video_pipeline to 2026-07-23 12:00:00+00:00, run_after=2026-07-24 12:00:00+00:00
[2026-07-23T12:32:07.308+0000] {processor.py:183} INFO - Processing /opt/airflow/dags/youtube_pipeline.py took 0.082 seconds
[2026-07-23T12:32:37.500+0000] {processor.py:161} INFO - Started process (PID=3753) to work on /opt/airflow/dags/youtube_pipeline.py
[2026-07-23T12:32:37.501+0000] {processor.py:830} INFO - Processing file /opt/airflow/dags/youtube_pipeline.py for tasks to queue
[2026-07-23T12:32:37.503+0000] {logging_mixin.py:188} INFO - [2026-07-23T12:32:37.502+0000] {dagbag.py:545} INFO - Filling up the DagBag from /opt/airflow/dags/youtube_pipeline.py
[2026-07-23T12:32:37.518+0000] {processor.py:840} INFO - DAG(s) 'youtube_english_video_pipeline' retrieved from /opt/airflow/dags/youtube_pipeline.py
[2026-07-23T12:32:37.539+0000] {logging_mixin.py:188} INFO - [2026-07-23T12:32:37.539+0000] {dag.py:3089} INFO - Sync 1 DAGs
[2026-07-23T12:32:37.554+0000] {logging_mixin.py:188} INFO - [2026-07-23T12:32:37.553+0000] {dag.py:3947} INFO - Setting next_dagrun for youtube_english_video_pipeline to 2026-07-23 12:00:00+00:00, run_after=2026-07-24 12:00:00+00:00
[2026-07-23T12:32:37.568+0000] {processor.py:183} INFO - Processing /opt/airflow/dags/youtube_pipeline.py took 0.072 seconds
[2026-07-23T12:33:07.769+0000] {processor.py:161} INFO - Started process (PID=3758) to work on /opt/airflow/dags/youtube_pipeline.py
[2026-07-23T12:33:07.770+0000] {processor.py:830} INFO - Processing file /opt/airflow/dags/youtube_pipeline.py for tasks to queue
[2026-07-23T12:33:07.772+0000] {logging_mixin.py:188} INFO - [2026-07-23T12:33:07.771+0000] {dagbag.py:545} INFO - Filling up the DagBag from /opt/airflow/dags/youtube_pipeline.py
[2026-07-23T12:33:07.789+0000] {processor.py:840} INFO - DAG(s) 'youtube_english_video_pipeline' retrieved from /opt/airflow/dags/youtube_pipeline.py
[2026-07-23T12:33:07.810+0000] {logging_mixin.py:188} INFO - [2026-07-23T12:33:07.810+0000] {dag.py:3089} INFO - Sync 1 DAGs
[2026-07-23T12:33:07.824+0000] {logging_mixin.py:188} INFO - [2026-07-23T12:33:07.824+0000] {dag.py:3947} INFO - Setting next_dagrun for youtube_english_video_pipeline to 2026-07-23 12:00:00+00:00, run_after=2026-07-24 12:00:00+00:00
[2026-07-23T12:33:07.847+0000] {processor.py:183} INFO - Processing /opt/airflow/dags/youtube_pipeline.py took 0.083 seconds
[2026-07-23T12:33:38.057+0000] {processor.py:161} INFO - Started process (PID=3763) to work on /opt/airflow/dags/youtube_pipeline.py
[2026-07-23T12:33:38.058+0000] {processor.py:830} INFO - Processing file /opt/airflow/dags/youtube_pipeline.py for tasks to queue
[2026-07-23T12:33:38.059+0000] {logging_mixin.py:188} INFO - [2026-07-23T12:33:38.059+0000] {dagbag.py:545} INFO - Filling up the DagBag from /opt/airflow/dags/youtube_pipeline.py
[2026-07-23T12:33:38.074+0000] {processor.py:840} INFO - DAG(s) 'youtube_english_video_pipeline' retrieved from /opt/airflow/dags/youtube_pipeline.py
[2026-07-23T12:33:38.095+0000] {logging_mixin.py:188} INFO - [2026-07-23T12:33:38.095+0000] {dag.py:3089} INFO - Sync 1 DAGs
[2026-07-23T12:33:38.110+0000] {logging_mixin.py:188} INFO - [2026-07-23T12:33:38.109+0000] {dag.py:3947} INFO - Setting next_dagrun for youtube_english_video_pipeline to 2026-07-23 12:00:00+00:00, run_after=2026-07-24 12:00:00+00:00
[2026-07-23T12:33:38.132+0000] {processor.py:183} INFO - Processing /opt/airflow/dags/youtube_pipeline.py took 0.081 seconds
[2026-07-23T12:34:08.373+0000] {processor.py:161} INFO - Started process (PID=3768) to work on /opt/airflow/dags/youtube_pipeline.py
[2026-07-23T12:34:08.373+0000] {processor.py:830} INFO - Processing file /opt/airflow/dags/youtube_pipeline.py for tasks to queue
[2026-07-23T12:34:08.375+0000] {logging_mixin.py:188} INFO - [2026-07-23T12:34:08.375+0000] {dagbag.py:545} INFO - Filling up the DagBag from /opt/airflow/dags/youtube_pipeline.py
[2026-07-23T12:34:08.390+0000] {processor.py:840} INFO - DAG(s) 'youtube_english_video_pipeline' retrieved from /opt/airflow/dags/youtube_pipeline.py
[2026-07-23T12:34:08.411+0000] {logging_mixin.py:188} INFO - [2026-07-23T12:34:08.411+0000] {dag.py:3089} INFO - Sync 1 DAGs
[2026-07-23T12:34:08.425+0000] {logging_mixin.py:188} INFO - [2026-07-23T12:34:08.425+0000] {dag.py:3947} INFO - Setting next_dagrun for youtube_english_video_pipeline to 2026-07-23 12:00:00+00:00, run_after=2026-07-24 12:00:00+00:00
[2026-07-23T12:34:08.441+0000] {processor.py:183} INFO - Processing /opt/airflow/dags/youtube_pipeline.py took 0.073 seconds
[2026-07-23T12:34:38.718+0000] {processor.py:161} INFO - Started process (PID=3773) to work on /opt/airflow/dags/youtube_pipeline.py
[2026-07-23T12:34:38.721+0000] {processor.py:830} INFO - Processing file /opt/airflow/dags/youtube_pipeline.py for tasks to queue
[2026-07-23T12:34:38.724+0000] {logging_mixin.py:188} INFO - [2026-07-23T12:34:38.723+0000] {dagbag.py:545} INFO - Filling up the DagBag from /opt/airflow/dags/youtube_pipeline.py
[2026-07-23T12:34:38.824+0000] {processor.py:840} INFO - DAG(s) 'youtube_english_video_pipeline' retrieved from /opt/airflow/dags/youtube_pipeline.py
[2026-07-23T12:34:38.851+0000] {logging_mixin.py:188} INFO - [2026-07-23T12:34:38.851+0000] {dag.py:3089} INFO - Sync 1 DAGs
[2026-07-23T12:34:38.867+0000] {logging_mixin.py:188} INFO - [2026-07-23T12:34:38.866+0000] {dag.py:3947} INFO - Setting next_dagrun for youtube_english_video_pipeline to 2026-07-23 12:00:00+00:00, run_after=2026-07-24 12:00:00+00:00
[2026-07-23T12:34:38.891+0000] {processor.py:183} INFO - Processing /opt/airflow/dags/youtube_pipeline.py took 0.184 seconds
[2026-07-23T12:35:08.932+0000] {processor.py:161} INFO - Started process (PID=3778) to work on /opt/airflow/dags/youtube_pipeline.py
[2026-07-23T12:35:08.933+0000] {processor.py:830} INFO - Processing file /opt/airflow/dags/youtube_pipeline.py for tasks to queue
[2026-07-23T12:35:08.934+0000] {logging_mixin.py:188} INFO - [2026-07-23T12:35:08.934+0000] {dagbag.py:545} INFO - Filling up the DagBag from /opt/airflow/dags/youtube_pipeline.py
[2026-07-23T12:35:08.950+0000] {processor.py:840} INFO - DAG(s) 'youtube_english_video_pipeline' retrieved from /opt/airflow/dags/youtube_pipeline.py
[2026-07-23T12:35:08.971+0000] {logging_mixin.py:188} INFO - [2026-07-23T12:35:08.971+0000] {dag.py:3089} INFO - Sync 1 DAGs
[2026-07-23T12:35:08.986+0000] {logging_mixin.py:188} INFO - [2026-07-23T12:35:08.985+0000] {dag.py:3947} INFO - Setting next_dagrun for youtube_english_video_pipeline to 2026-07-23 12:00:00+00:00, run_after=2026-07-24 12:00:00+00:00
[2026-07-23T12:35:09.010+0000] {processor.py:183} INFO - Processing /opt/airflow/dags/youtube_pipeline.py took 0.083 seconds
[2026-07-23T12:35:39.174+0000] {processor.py:161} INFO - Started process (PID=3783) to work on /opt/airflow/dags/youtube_pipeline.py
[2026-07-23T12:35:39.175+0000] {processor.py:830} INFO - Processing file /opt/airflow/dags/youtube_pipeline.py for tasks to queue
[2026-07-23T12:35:39.176+0000] {logging_mixin.py:188} INFO - [2026-07-23T12:35:39.176+0000] {dagbag.py:545} INFO - Filling up the DagBag from /opt/airflow/dags/youtube_pipeline.py
[2026-07-23T12:35:39.194+0000] {processor.py:840} INFO - DAG(s) 'youtube_english_video_pipeline' retrieved from /opt/airflow/dags/youtube_pipeline.py
[2026-07-23T12:35:39.220+0000] {logging_mixin.py:188} INFO - [2026-07-23T12:35:39.220+0000] {dag.py:3089} INFO - Sync 1 DAGs
[2026-07-23T12:35:39.237+0000] {logging_mixin.py:188} INFO - [2026-07-23T12:35:39.236+0000] {dag.py:3947} INFO - Setting next_dagrun for youtube_english_video_pipeline to 2026-07-23 12:00:00+00:00, run_after=2026-07-24 12:00:00+00:00
[2026-07-23T12:35:39.254+0000] {processor.py:183} INFO - Processing /opt/airflow/dags/youtube_pipeline.py took 0.086 seconds
[2026-07-23T12:36:09.534+0000] {processor.py:161} INFO - Started process (PID=3788) to work on /opt/airflow/dags/youtube_pipeline.py
[2026-07-23T12:36:09.535+0000] {processor.py:830} INFO - Processing file /opt/airflow/dags/youtube_pipeline.py for tasks to queue
[2026-07-23T12:36:09.537+0000] {logging_mixin.py:188} INFO - [2026-07-23T12:36:09.537+0000] {dagbag.py:545} INFO - Filling up the DagBag from /opt/airflow/dags/youtube_pipeline.py
[2026-07-23T12:36:09.570+0000] {processor.py:840} INFO - DAG(s) 'youtube_english_video_pipeline' retrieved from /opt/airflow/dags/youtube_pipeline.py
[2026-07-23T12:36:09.591+0000] {logging_mixin.py:188} INFO - [2026-07-23T12:36:09.591+0000] {dag.py:3089} INFO - Sync 1 DAGs
[2026-07-23T12:36:09.605+0000] {logging_mixin.py:188} INFO - [2026-07-23T12:36:09.605+0000] {dag.py:3947} INFO - Setting next_dagrun for youtube_english_video_pipeline to 2026-07-23 12:00:00+00:00, run_after=2026-07-24 12:00:00+00:00
[2026-07-23T12:36:09.619+0000] {processor.py:183} INFO - Processing /opt/airflow/dags/youtube_pipeline.py took 0.091 seconds
[2026-07-23T12:36:39.790+0000] {processor.py:161} INFO - Started process (PID=3793) to work on /opt/airflow/dags/youtube_pipeline.py
[2026-07-23T12:36:39.791+0000] {processor.py:830} INFO - Processing file /opt/airflow/dags/youtube_pipeline.py for tasks to queue
[2026-07-23T12:36:39.792+0000] {logging_mixin.py:188} INFO - [2026-07-23T12:36:39.792+0000] {dagbag.py:545} INFO - Filling up the DagBag from /opt/airflow/dags/youtube_pipeline.py
[2026-07-23T12:36:39.809+0000] {processor.py:840} INFO - DAG(s) 'youtube_english_video_pipeline' retrieved from /opt/airflow/dags/youtube_pipeline.py
[2026-07-23T12:36:39.830+0000] {logging_mixin.py:188} INFO - [2026-07-23T12:36:39.830+0000] {dag.py:3089} INFO - Sync 1 DAGs
[2026-07-23T12:36:39.844+0000] {logging_mixin.py:188} INFO - [2026-07-23T12:36:39.844+0000] {dag.py:3947} INFO - Setting next_dagrun for youtube_english_video_pipeline to 2026-07-23 12:00:00+00:00, run_after=2026-07-24 12:00:00+00:00
[2026-07-23T12:36:39.868+0000] {processor.py:183} INFO - Processing /opt/airflow/dags/youtube_pipeline.py took 0.083 seconds
[2026-07-23T12:37:10.456+0000] {processor.py:161} INFO - Started process (PID=3798) to work on /opt/airflow/dags/youtube_pipeline.py
[2026-07-23T12:37:10.458+0000] {processor.py:830} INFO - Processing file /opt/airflow/dags/youtube_pipeline.py for tasks to queue
[2026-07-23T12:37:10.460+0000] {logging_mixin.py:188} INFO - [2026-07-23T12:37:10.460+0000] {dagbag.py:545} INFO - Filling up the DagBag from /opt/airflow/dags/youtube_pipeline.py
[2026-07-23T12:37:10.495+0000] {processor.py:840} INFO - DAG(s) 'youtube_english_video_pipeline' retrieved from /opt/airflow/dags/youtube_pipeline.py
[2026-07-23T12:37:10.518+0000] {logging_mixin.py:188} INFO - [2026-07-23T12:37:10.518+0000] {dag.py:3089} INFO - Sync 1 DAGs
[2026-07-23T12:37:10.533+0000] {logging_mixin.py:188} INFO - [2026-07-23T12:37:10.533+0000] {dag.py:3947} INFO - Setting next_dagrun for youtube_english_video_pipeline to 2026-07-23 12:00:00+00:00, run_after=2026-07-24 12:00:00+00:00
[2026-07-23T12:37:10.549+0000] {processor.py:183} INFO - Processing /opt/airflow/dags/youtube_pipeline.py took 0.103 seconds
[2026-07-23T12:37:40.751+0000] {processor.py:161} INFO - Started process (PID=3803) to work on /opt/airflow/dags/youtube_pipeline.py
[2026-07-23T12:37:40.752+0000] {processor.py:830} INFO - Processing file /opt/airflow/dags/youtube_pipeline.py for tasks to queue
[2026-07-23T12:37:40.753+0000] {logging_mixin.py:188} INFO - [2026-07-23T12:37:40.753+0000] {dagbag.py:545} INFO - Filling up the DagBag from /opt/airflow/dags/youtube_pipeline.py
[2026-07-23T12:37:40.773+0000] {processor.py:840} INFO - DAG(s) 'youtube_english_video_pipeline' retrieved from /opt/airflow/dags/youtube_pipeline.py
[2026-07-23T12:37:40.799+0000] {logging_mixin.py:188} INFO - [2026-07-23T12:37:40.798+0000] {dag.py:3089} INFO - Sync 1 DAGs
[2026-07-23T12:37:40.813+0000] {logging_mixin.py:188} INFO - [2026-07-23T12:37:40.813+0000] {dag.py:3947} INFO - Setting next_dagrun for youtube_english_video_pipeline to 2026-07-23 12:00:00+00:00, run_after=2026-07-24 12:00:00+00:00
[2026-07-23T12:37:40.836+0000] {processor.py:183} INFO - Processing /opt/airflow/dags/youtube_pipeline.py took 0.092 seconds
[2026-07-23T12:38:10.992+0000] {processor.py:161} INFO - Started process (PID=4528) to work on /opt/airflow/dags/youtube_pipeline.py
[2026-07-23T12:38:10.994+0000] {processor.py:830} INFO - Processing file /opt/airflow/dags/youtube_pipeline.py for tasks to queue
[2026-07-23T12:38:10.997+0000] {logging_mixin.py:188} INFO - [2026-07-23T12:38:10.996+0000] {dagbag.py:545} INFO - Filling up the DagBag from /opt/airflow/dags/youtube_pipeline.py
[2026-07-23T12:38:11.032+0000] {processor.py:840} INFO - DAG(s) 'youtube_english_video_pipeline' retrieved from /opt/airflow/dags/youtube_pipeline.py
[2026-07-23T12:38:11.079+0000] {logging_mixin.py:188} INFO - [2026-07-23T12:38:11.079+0000] {dag.py:3089} INFO - Sync 1 DAGs
[2026-07-23T12:38:11.152+0000] {processor.py:183} INFO - Processing /opt/airflow/dags/youtube_pipeline.py took 0.169 seconds
[2026-07-23T12:38:41.324+0000] {processor.py:161} INFO - Started process (PID=5457) to work on /opt/airflow/dags/youtube_pipeline.py
[2026-07-23T12:38:41.326+0000] {processor.py:830} INFO - Processing file /opt/airflow/dags/youtube_pipeline.py for tasks to queue
[2026-07-23T12:38:41.328+0000] {logging_mixin.py:188} INFO - [2026-07-23T12:38:41.328+0000] {dagbag.py:545} INFO - Filling up the DagBag from /opt/airflow/dags/youtube_pipeline.py
[2026-07-23T12:38:41.354+0000] {processor.py:840} INFO - DAG(s) 'youtube_english_video_pipeline' retrieved from /opt/airflow/dags/youtube_pipeline.py
[2026-07-23T12:38:41.378+0000] {logging_mixin.py:188} INFO - [2026-07-23T12:38:41.377+0000] {dag.py:3089} INFO - Sync 1 DAGs
[2026-07-23T12:38:41.405+0000] {processor.py:183} INFO - Processing /opt/airflow/dags/youtube_pipeline.py took 0.089 seconds
[2026-07-23T12:39:11.574+0000] {processor.py:161} INFO - Started process (PID=6527) to work on /opt/airflow/dags/youtube_pipeline.py
[2026-07-23T12:39:11.576+0000] {processor.py:830} INFO - Processing file /opt/airflow/dags/youtube_pipeline.py for tasks to queue
[2026-07-23T12:39:11.578+0000] {logging_mixin.py:188} INFO - [2026-07-23T12:39:11.577+0000] {dagbag.py:545} INFO - Filling up the DagBag from /opt/airflow/dags/youtube_pipeline.py
[2026-07-23T12:39:11.612+0000] {processor.py:840} INFO - DAG(s) 'youtube_english_video_pipeline' retrieved from /opt/airflow/dags/youtube_pipeline.py
[2026-07-23T12:39:11.661+0000] {logging_mixin.py:188} INFO - [2026-07-23T12:39:11.661+0000] {dag.py:3089} INFO - Sync 1 DAGs
[2026-07-23T12:39:11.713+0000] {processor.py:183} INFO - Processing /opt/airflow/dags/youtube_pipeline.py took 0.145 seconds
[2026-07-23T12:39:42.019+0000] {processor.py:161} INFO - Started process (PID=7225) to work on /opt/airflow/dags/youtube_pipeline.py
[2026-07-23T12:39:42.022+0000] {processor.py:830} INFO - Processing file /opt/airflow/dags/youtube_pipeline.py for tasks to queue
[2026-07-23T12:39:42.028+0000] {logging_mixin.py:188} INFO - [2026-07-23T12:39:42.027+0000] {dagbag.py:545} INFO - Filling up the DagBag from /opt/airflow/dags/youtube_pipeline.py
[2026-07-23T12:39:42.186+0000] {processor.py:840} INFO - DAG(s) 'youtube_english_video_pipeline' retrieved from /opt/airflow/dags/youtube_pipeline.py
[2026-07-23T12:39:42.296+0000] {logging_mixin.py:188} INFO - [2026-07-23T12:39:42.295+0000] {dag.py:3089} INFO - Sync 1 DAGs
[2026-07-23T12:39:42.397+0000] {processor.py:183} INFO - Processing /opt/airflow/dags/youtube_pipeline.py took 0.396 seconds
[2026-07-23T12:40:12.709+0000] {processor.py:161} INFO - Started process (PID=7251) to work on /opt/airflow/dags/youtube_pipeline.py
[2026-07-23T12:40:12.710+0000] {processor.py:830} INFO - Processing file /opt/airflow/dags/youtube_pipeline.py for tasks to queue
[2026-07-23T12:40:12.712+0000] {logging_mixin.py:188} INFO - [2026-07-23T12:40:12.712+0000] {dagbag.py:545} INFO - Filling up the DagBag from /opt/airflow/dags/youtube_pipeline.py
[2026-07-23T12:40:12.747+0000] {processor.py:840} INFO - DAG(s) 'youtube_english_video_pipeline' retrieved from /opt/airflow/dags/youtube_pipeline.py
[2026-07-23T12:40:12.777+0000] {logging_mixin.py:188} INFO - [2026-07-23T12:40:12.777+0000] {dag.py:3089} INFO - Sync 1 DAGs
[2026-07-23T12:40:12.821+0000] {processor.py:183} INFO - Processing /opt/airflow/dags/youtube_pipeline.py took 0.121 seconds
[2026-07-23T12:40:42.913+0000] {processor.py:161} INFO - Started process (PID=7259) to work on /opt/airflow/dags/youtube_pipeline.py
[2026-07-23T12:40:42.915+0000] {processor.py:830} INFO - Processing file /opt/airflow/dags/youtube_pipeline.py for tasks to queue
[2026-07-23T12:40:42.918+0000] {logging_mixin.py:188} INFO - [2026-07-23T12:40:42.918+0000] {dagbag.py:545} INFO - Filling up the DagBag from /opt/airflow/dags/youtube_pipeline.py
[2026-07-23T12:40:42.949+0000] {processor.py:840} INFO - DAG(s) 'youtube_english_video_pipeline' retrieved from /opt/airflow/dags/youtube_pipeline.py
[2026-07-23T12:40:42.974+0000] {logging_mixin.py:188} INFO - [2026-07-23T12:40:42.974+0000] {dag.py:3089} INFO - Sync 1 DAGs
[2026-07-23T12:40:42.995+0000] {logging_mixin.py:188} INFO - [2026-07-23T12:40:42.995+0000] {dag.py:3947} INFO - Setting next_dagrun for youtube_english_video_pipeline to 2026-07-23 12:00:00+00:00, run_after=2026-07-24 12:00:00+00:00
[2026-07-23T12:40:43.013+0000] {processor.py:183} INFO - Processing /opt/airflow/dags/youtube_pipeline.py took 0.107 seconds
[2026-07-23T12:41:13.161+0000] {processor.py:161} INFO - Started process (PID=7264) to work on /opt/airflow/dags/youtube_pipeline.py
[2026-07-23T12:41:13.162+0000] {processor.py:830} INFO - Processing file /opt/airflow/dags/youtube_pipeline.py for tasks to queue
[2026-07-23T12:41:13.164+0000] {logging_mixin.py:188} INFO - [2026-07-23T12:41:13.163+0000] {dagbag.py:545} INFO - Filling up the DagBag from /opt/airflow/dags/youtube_pipeline.py
[2026-07-23T12:41:13.183+0000] {processor.py:840} INFO - DAG(s) 'youtube_english_video_pipeline' retrieved from /opt/airflow/dags/youtube_pipeline.py
[2026-07-23T12:41:13.207+0000] {logging_mixin.py:188} INFO - [2026-07-23T12:41:13.207+0000] {dag.py:3089} INFO - Sync 1 DAGs
[2026-07-23T12:41:13.223+0000] {logging_mixin.py:188} INFO - [2026-07-23T12:41:13.223+0000] {dag.py:3947} INFO - Setting next_dagrun for youtube_english_video_pipeline to 2026-07-23 12:00:00+00:00, run_after=2026-07-24 12:00:00+00:00
[2026-07-23T12:41:13.237+0000] {processor.py:183} INFO - Processing /opt/airflow/dags/youtube_pipeline.py took 0.082 seconds
[2026-07-23T12:41:43.403+0000] {processor.py:161} INFO - Started process (PID=7269) to work on /opt/airflow/dags/youtube_pipeline.py
[2026-07-23T12:41:43.404+0000] {processor.py:830} INFO - Processing file /opt/airflow/dags/youtube_pipeline.py for tasks to queue
[2026-07-23T12:41:43.406+0000] {logging_mixin.py:188} INFO - [2026-07-23T12:41:43.405+0000] {dagbag.py:545} INFO - Filling up the DagBag from /opt/airflow/dags/youtube_pipeline.py
[2026-07-23T12:41:43.421+0000] {processor.py:840} INFO - DAG(s) 'youtube_english_video_pipeline' retrieved from /opt/airflow/dags/youtube_pipeline.py
[2026-07-23T12:41:43.444+0000] {logging_mixin.py:188} INFO - [2026-07-23T12:41:43.444+0000] {dag.py:3089} INFO - Sync 1 DAGs
[2026-07-23T12:41:43.461+0000] {logging_mixin.py:188} INFO - [2026-07-23T12:41:43.461+0000] {dag.py:3947} INFO - Setting next_dagrun for youtube_english_video_pipeline to 2026-07-23 12:00:00+00:00, run_after=2026-07-24 12:00:00+00:00
[2026-07-23T12:41:43.475+0000] {processor.py:183} INFO - Processing /opt/airflow/dags/youtube_pipeline.py took 0.077 seconds
[2026-07-23T12:42:13.725+0000] {processor.py:161} INFO - Started process (PID=7274) to work on /opt/airflow/dags/youtube_pipeline.py
[2026-07-23T12:42:13.726+0000] {processor.py:830} INFO - Processing file /opt/airflow/dags/youtube_pipeline.py for tasks to queue
[2026-07-23T12:42:13.728+0000] {logging_mixin.py:188} INFO - [2026-07-23T12:42:13.728+0000] {dagbag.py:545} INFO - Filling up the DagBag from /opt/airflow/dags/youtube_pipeline.py
[2026-07-23T12:42:13.744+0000] {processor.py:840} INFO - DAG(s) 'youtube_english_video_pipeline' retrieved from /opt/airflow/dags/youtube_pipeline.py
[2026-07-23T12:42:13.767+0000] {logging_mixin.py:188} INFO - [2026-07-23T12:42:13.767+0000] {dag.py:3089} INFO - Sync 1 DAGs
[2026-07-23T12:42:13.783+0000] {logging_mixin.py:188} INFO - [2026-07-23T12:42:13.783+0000] {dag.py:3947} INFO - Setting next_dagrun for youtube_english_video_pipeline to 2026-07-23 12:00:00+00:00, run_after=2026-07-24 12:00:00+00:00
[2026-07-23T12:42:13.799+0000] {processor.py:183} INFO - Processing /opt/airflow/dags/youtube_pipeline.py took 0.078 seconds
[2026-07-23T12:42:44.049+0000] {processor.py:161} INFO - Started process (PID=7279) to work on /opt/airflow/dags/youtube_pipeline.py
[2026-07-23T12:42:44.050+0000] {processor.py:830} INFO - Processing file /opt/airflow/dags/youtube_pipeline.py for tasks to queue
[2026-07-23T12:42:44.053+0000] {logging_mixin.py:188} INFO - [2026-07-23T12:42:44.053+0000] {dagbag.py:545} INFO - Filling up the DagBag from /opt/airflow/dags/youtube_pipeline.py
[2026-07-23T12:42:44.084+0000] {processor.py:840} INFO - DAG(s) 'youtube_english_video_pipeline' retrieved from /opt/airflow/dags/youtube_pipeline.py
[2026-07-23T12:42:44.107+0000] {logging_mixin.py:188} INFO - [2026-07-23T12:42:44.107+0000] {dag.py:3089} INFO - Sync 1 DAGs
[2026-07-23T12:42:44.124+0000] {logging_mixin.py:188} INFO - [2026-07-23T12:42:44.124+0000] {dag.py:3947} INFO - Setting next_dagrun for youtube_english_video_pipeline to 2026-07-23 12:00:00+00:00, run_after=2026-07-24 12:00:00+00:00
[2026-07-23T12:42:44.139+0000] {processor.py:183} INFO - Processing /opt/airflow/dags/youtube_pipeline.py took 0.095 seconds
[2026-07-23T12:43:14.330+0000] {processor.py:161} INFO - Started process (PID=7284) to work on /opt/airflow/dags/youtube_pipeline.py
[2026-07-23T12:43:14.331+0000] {processor.py:830} INFO - Processing file /opt/airflow/dags/youtube_pipeline.py for tasks to queue
[2026-07-23T12:43:14.332+0000] {logging_mixin.py:188} INFO - [2026-07-23T12:43:14.332+0000] {dagbag.py:545} INFO - Filling up the DagBag from /opt/airflow/dags/youtube_pipeline.py
[2026-07-23T12:43:14.348+0000] {processor.py:840} INFO - DAG(s) 'youtube_english_video_pipeline' retrieved from /opt/airflow/dags/youtube_pipeline.py
[2026-07-23T12:43:14.369+0000] {logging_mixin.py:188} INFO - [2026-07-23T12:43:14.369+0000] {dag.py:3089} INFO - Sync 1 DAGs
[2026-07-23T12:43:14.384+0000] {logging_mixin.py:188} INFO - [2026-07-23T12:43:14.384+0000] {dag.py:3947} INFO - Setting next_dagrun for youtube_english_video_pipeline to 2026-07-23 12:00:00+00:00, run_after=2026-07-24 12:00:00+00:00
[2026-07-23T12:43:14.410+0000] {processor.py:183} INFO - Processing /opt/airflow/dags/youtube_pipeline.py took 0.085 seconds
[2026-07-23T12:43:44.598+0000] {processor.py:161} INFO - Started process (PID=7289) to work on /opt/airflow/dags/youtube_pipeline.py
[2026-07-23T12:43:44.602+0000] {processor.py:830} INFO - Processing file /opt/airflow/dags/youtube_pipeline.py for tasks to queue
[2026-07-23T12:43:44.604+0000] {logging_mixin.py:188} INFO - [2026-07-23T12:43:44.603+0000] {dagbag.py:545} INFO - Filling up the DagBag from /opt/airflow/dags/youtube_pipeline.py
[2026-07-23T12:43:44.636+0000] {processor.py:840} INFO - DAG(s) 'youtube_english_video_pipeline' retrieved from /opt/airflow/dags/youtube_pipeline.py
[2026-07-23T12:43:44.663+0000] {logging_mixin.py:188} INFO - [2026-07-23T12:43:44.663+0000] {dag.py:3089} INFO - Sync 1 DAGs
[2026-07-23T12:43:44.681+0000] {logging_mixin.py:188} INFO - [2026-07-23T12:43:44.681+0000] {dag.py:3947} INFO - Setting next_dagrun for youtube_english_video_pipeline to 2026-07-23 12:00:00+00:00, run_after=2026-07-24 12:00:00+00:00
[2026-07-23T12:43:44.697+0000] {processor.py:183} INFO - Processing /opt/airflow/dags/youtube_pipeline.py took 0.106 seconds
[2026-07-23T12:44:14.893+0000] {processor.py:161} INFO - Started process (PID=7294) to work on /opt/airflow/dags/youtube_pipeline.py
[2026-07-23T12:44:14.894+0000] {processor.py:830} INFO - Processing file /opt/airflow/dags/youtube_pipeline.py for tasks to queue
[2026-07-23T12:44:14.896+0000] {logging_mixin.py:188} INFO - [2026-07-23T12:44:14.896+0000] {dagbag.py:545} INFO - Filling up the DagBag from /opt/airflow/dags/youtube_pipeline.py
[2026-07-23T12:44:14.928+0000] {processor.py:840} INFO - DAG(s) 'youtube_english_video_pipeline' retrieved from /opt/airflow/dags/youtube_pipeline.py
[2026-07-23T12:44:14.951+0000] {logging_mixin.py:188} INFO - [2026-07-23T12:44:14.951+0000] {dag.py:3089} INFO - Sync 1 DAGs
[2026-07-23T12:44:14.969+0000] {logging_mixin.py:188} INFO - [2026-07-23T12:44:14.968+0000] {dag.py:3947} INFO - Setting next_dagrun for youtube_english_video_pipeline to 2026-07-23 12:00:00+00:00, run_after=2026-07-24 12:00:00+00:00
[2026-07-23T12:44:14.995+0000] {processor.py:183} INFO - Processing /opt/airflow/dags/youtube_pipeline.py took 0.109 seconds
[2026-07-23T12:44:45.259+0000] {processor.py:161} INFO - Started process (PID=7299) to work on /opt/airflow/dags/youtube_pipeline.py
[2026-07-23T12:44:45.261+0000] {processor.py:830} INFO - Processing file /opt/airflow/dags/youtube_pipeline.py for tasks to queue
[2026-07-23T12:44:45.263+0000] {logging_mixin.py:188} INFO - [2026-07-23T12:44:45.263+0000] {dagbag.py:545} INFO - Filling up the DagBag from /opt/airflow/dags/youtube_pipeline.py
[2026-07-23T12:44:45.307+0000] {processor.py:840} INFO - DAG(s) 'youtube_english_video_pipeline' retrieved from /opt/airflow/dags/youtube_pipeline.py
[2026-07-23T12:44:45.336+0000] {logging_mixin.py:188} INFO - [2026-07-23T12:44:45.336+0000] {dag.py:3089} INFO - Sync 1 DAGs
[2026-07-23T12:44:45.353+0000] {logging_mixin.py:188} INFO - [2026-07-23T12:44:45.353+0000] {dag.py:3947} INFO - Setting next_dagrun for youtube_english_video_pipeline to 2026-07-23 12:00:00+00:00, run_after=2026-07-24 12:00:00+00:00
[2026-07-23T12:44:45.371+0000] {processor.py:183} INFO - Processing /opt/airflow/dags/youtube_pipeline.py took 0.121 seconds
[2026-07-23T12:45:15.582+0000] {processor.py:161} INFO - Started process (PID=7304) to work on /opt/airflow/dags/youtube_pipeline.py
[2026-07-23T12:45:15.583+0000] {processor.py:830} INFO - Processing file /opt/airflow/dags/youtube_pipeline.py for tasks to queue
[2026-07-23T12:45:15.586+0000] {logging_mixin.py:188} INFO - [2026-07-23T12:45:15.585+0000] {dagbag.py:545} INFO - Filling up the DagBag from /opt/airflow/dags/youtube_pipeline.py
[2026-07-23T12:45:15.621+0000] {processor.py:840} INFO - DAG(s) 'youtube_english_video_pipeline' retrieved from /opt/airflow/dags/youtube_pipeline.py
[2026-07-23T12:45:15.642+0000] {logging_mixin.py:188} INFO - [2026-07-23T12:45:15.642+0000] {dag.py:3089} INFO - Sync 1 DAGs
[2026-07-23T12:45:15.656+0000] {logging_mixin.py:188} INFO - [2026-07-23T12:45:15.656+0000] {dag.py:3947} INFO - Setting next_dagrun for youtube_english_video_pipeline to 2026-07-23 12:00:00+00:00, run_after=2026-07-24 12:00:00+00:00
[2026-07-23T12:45:15.683+0000] {processor.py:183} INFO - Processing /opt/airflow/dags/youtube_pipeline.py took 0.112 seconds
[2026-07-23T12:45:45.876+0000] {processor.py:161} INFO - Started process (PID=7309) to work on /opt/airflow/dags/youtube_pipeline.py
[2026-07-23T12:45:45.878+0000] {processor.py:830} INFO - Processing file /opt/airflow/dags/youtube_pipeline.py for tasks to queue
[2026-07-23T12:45:45.882+0000] {logging_mixin.py:188} INFO - [2026-07-23T12:45:45.882+0000] {dagbag.py:545} INFO - Filling up the DagBag from /opt/airflow/dags/youtube_pipeline.py
[2026-07-23T12:45:45.925+0000] {processor.py:840} INFO - DAG(s) 'youtube_english_video_pipeline' retrieved from /opt/airflow/dags/youtube_pipeline.py
[2026-07-23T12:45:45.951+0000] {logging_mixin.py:188} INFO - [2026-07-23T12:45:45.951+0000] {dag.py:3089} INFO - Sync 1 DAGs
[2026-07-23T12:45:45.968+0000] {logging_mixin.py:188} INFO - [2026-07-23T12:45:45.968+0000] {dag.py:3947} INFO - Setting next_dagrun for youtube_english_video_pipeline to 2026-07-23 12:00:00+00:00, run_after=2026-07-24 12:00:00+00:00
[2026-07-23T12:45:45.988+0000] {processor.py:183} INFO - Processing /opt/airflow/dags/youtube_pipeline.py took 0.118 seconds
[2026-07-23T12:46:16.214+0000] {processor.py:161} INFO - Started process (PID=7314) to work on /opt/airflow/dags/youtube_pipeline.py
[2026-07-23T12:46:16.215+0000] {processor.py:830} INFO - Processing file /opt/airflow/dags/youtube_pipeline.py for tasks to queue
[2026-07-23T12:46:16.217+0000] {logging_mixin.py:188} INFO - [2026-07-23T12:46:16.217+0000] {dagbag.py:545} INFO - Filling up the DagBag from /opt/airflow/dags/youtube_pipeline.py
[2026-07-23T12:46:16.233+0000] {processor.py:840} INFO - DAG(s) 'youtube_english_video_pipeline' retrieved from /opt/airflow/dags/youtube_pipeline.py
[2026-07-23T12:46:16.253+0000] {logging_mixin.py:188} INFO - [2026-07-23T12:46:16.253+0000] {dag.py:3089} INFO - Sync 1 DAGs
[2026-07-23T12:46:16.267+0000] {logging_mixin.py:188} INFO - [2026-07-23T12:46:16.267+0000] {dag.py:3947} INFO - Setting next_dagrun for youtube_english_video_pipeline to 2026-07-23 12:00:00+00:00, run_after=2026-07-24 12:00:00+00:00
[2026-07-23T12:46:16.283+0000] {processor.py:183} INFO - Processing /opt/airflow/dags/youtube_pipeline.py took 0.073 seconds
[2026-07-23T12:46:46.515+0000] {processor.py:161} INFO - Started process (PID=7319) to work on /opt/airflow/dags/youtube_pipeline.py
[2026-07-23T12:46:46.516+0000] {processor.py:830} INFO - Processing file /opt/airflow/dags/youtube_pipeline.py for tasks to queue
[2026-07-23T12:46:46.517+0000] {logging_mixin.py:188} INFO - [2026-07-23T12:46:46.517+0000] {dagbag.py:545} INFO - Filling up the DagBag from /opt/airflow/dags/youtube_pipeline.py
[2026-07-23T12:46:46.535+0000] {processor.py:840} INFO - DAG(s) 'youtube_english_video_pipeline' retrieved from /opt/airflow/dags/youtube_pipeline.py
[2026-07-23T12:46:46.559+0000] {logging_mixin.py:188} INFO - [2026-07-23T12:46:46.558+0000] {dag.py:3089} INFO - Sync 1 DAGs
[2026-07-23T12:46:46.575+0000] {logging_mixin.py:188} INFO - [2026-07-23T12:46:46.575+0000] {dag.py:3947} INFO - Setting next_dagrun for youtube_english_video_pipeline to 2026-07-23 12:00:00+00:00, run_after=2026-07-24 12:00:00+00:00
[2026-07-23T12:46:46.591+0000] {processor.py:183} INFO - Processing /opt/airflow/dags/youtube_pipeline.py took 0.080 seconds
[2026-07-23T12:47:16.805+0000] {processor.py:161} INFO - Started process (PID=7324) to work on /opt/airflow/dags/youtube_pipeline.py
[2026-07-23T12:47:16.806+0000] {processor.py:830} INFO - Processing file /opt/airflow/dags/youtube_pipeline.py for tasks to queue
[2026-07-23T12:47:16.808+0000] {logging_mixin.py:188} INFO - [2026-07-23T12:47:16.807+0000] {dagbag.py:545} INFO - Filling up the DagBag from /opt/airflow/dags/youtube_pipeline.py
[2026-07-23T12:47:16.824+0000] {processor.py:840} INFO - DAG(s) 'youtube_english_video_pipeline' retrieved from /opt/airflow/dags/youtube_pipeline.py
[2026-07-23T12:47:16.845+0000] {logging_mixin.py:188} INFO - [2026-07-23T12:47:16.845+0000] {dag.py:3089} INFO - Sync 1 DAGs
[2026-07-23T12:47:16.860+0000] {logging_mixin.py:188} INFO - [2026-07-23T12:47:16.860+0000] {dag.py:3947} INFO - Setting next_dagrun for youtube_english_video_pipeline to 2026-07-23 12:00:00+00:00, run_after=2026-07-24 12:00:00+00:00
[2026-07-23T12:47:16.874+0000] {processor.py:183} INFO - Processing /opt/airflow/dags/youtube_pipeline.py took 0.074 seconds
[2026-07-23T12:47:47.193+0000] {processor.py:161} INFO - Started process (PID=7329) to work on /opt/airflow/dags/youtube_pipeline.py
[2026-07-23T12:47:47.197+0000] {processor.py:830} INFO - Processing file /opt/airflow/dags/youtube_pipeline.py for tasks to queue
[2026-07-23T12:47:47.200+0000] {logging_mixin.py:188} INFO - [2026-07-23T12:47:47.200+0000] {dagbag.py:545} INFO - Filling up the DagBag from /opt/airflow/dags/youtube_pipeline.py
[2026-07-23T12:47:47.277+0000] {processor.py:840} INFO - DAG(s) 'youtube_english_video_pipeline' retrieved from /opt/airflow/dags/youtube_pipeline.py
[2026-07-23T12:47:47.305+0000] {logging_mixin.py:188} INFO - [2026-07-23T12:47:47.305+0000] {dag.py:3089} INFO - Sync 1 DAGs
[2026-07-23T12:47:47.324+0000] {logging_mixin.py:188} INFO - [2026-07-23T12:47:47.324+0000] {dag.py:3947} INFO - Setting next_dagrun for youtube_english_video_pipeline to 2026-07-23 12:00:00+00:00, run_after=2026-07-24 12:00:00+00:00
[2026-07-23T12:47:47.343+0000] {processor.py:183} INFO - Processing /opt/airflow/dags/youtube_pipeline.py took 0.162 seconds
[2026-07-23T12:48:17.386+0000] {processor.py:161} INFO - Started process (PID=7334) to work on /opt/airflow/dags/youtube_pipeline.py
[2026-07-23T12:48:17.387+0000] {processor.py:830} INFO - Processing file /opt/airflow/dags/youtube_pipeline.py for tasks to queue
[2026-07-23T12:48:17.389+0000] {logging_mixin.py:188} INFO - [2026-07-23T12:48:17.389+0000] {dagbag.py:545} INFO - Filling up the DagBag from /opt/airflow/dags/youtube_pipeline.py
[2026-07-23T12:48:17.407+0000] {processor.py:840} INFO - DAG(s) 'youtube_english_video_pipeline' retrieved from /opt/airflow/dags/youtube_pipeline.py
[2026-07-23T12:48:17.429+0000] {logging_mixin.py:188} INFO - [2026-07-23T12:48:17.429+0000] {dag.py:3089} INFO - Sync 1 DAGs
[2026-07-23T12:48:17.444+0000] {logging_mixin.py:188} INFO - [2026-07-23T12:48:17.443+0000] {dag.py:3947} INFO - Setting next_dagrun for youtube_english_video_pipeline to 2026-07-23 12:00:00+00:00, run_after=2026-07-24 12:00:00+00:00
[2026-07-23T12:48:17.458+0000] {processor.py:183} INFO - Processing /opt/airflow/dags/youtube_pipeline.py took 0.077 seconds
[2026-07-23T12:48:47.707+0000] {processor.py:161} INFO - Started process (PID=7339) to work on /opt/airflow/dags/youtube_pipeline.py
[2026-07-23T12:48:47.708+0000] {processor.py:830} INFO - Processing file /opt/airflow/dags/youtube_pipeline.py for tasks to queue
[2026-07-23T12:48:47.710+0000] {logging_mixin.py:188} INFO - [2026-07-23T12:48:47.710+0000] {dagbag.py:545} INFO - Filling up the DagBag from /opt/airflow/dags/youtube_pipeline.py
[2026-07-23T12:48:47.740+0000] {processor.py:840} INFO - DAG(s) 'youtube_english_video_pipeline' retrieved from /opt/airflow/dags/youtube_pipeline.py
[2026-07-23T12:48:47.764+0000] {logging_mixin.py:188} INFO - [2026-07-23T12:48:47.764+0000] {dag.py:3089} INFO - Sync 1 DAGs
[2026-07-23T12:48:47.780+0000] {logging_mixin.py:188} INFO - [2026-07-23T12:48:47.780+0000] {dag.py:3947} INFO - Setting next_dagrun for youtube_english_video_pipeline to 2026-07-23 12:00:00+00:00, run_after=2026-07-24 12:00:00+00:00
[2026-07-23T12:48:47.797+0000] {processor.py:183} INFO - Processing /opt/airflow/dags/youtube_pipeline.py took 0.098 seconds
[2026-07-23T12:49:17.978+0000] {processor.py:161} INFO - Started process (PID=7344) to work on /opt/airflow/dags/youtube_pipeline.py
[2026-07-23T12:49:17.979+0000] {processor.py:830} INFO - Processing file /opt/airflow/dags/youtube_pipeline.py for tasks to queue
[2026-07-23T12:49:17.981+0000] {logging_mixin.py:188} INFO - [2026-07-23T12:49:17.981+0000] {dagbag.py:545} INFO - Filling up the DagBag from /opt/airflow/dags/youtube_pipeline.py
[2026-07-23T12:49:18.027+0000] {processor.py:840} INFO - DAG(s) 'youtube_english_video_pipeline' retrieved from /opt/airflow/dags/youtube_pipeline.py
[2026-07-23T12:49:18.052+0000] {logging_mixin.py:188} INFO - [2026-07-23T12:49:18.052+0000] {dag.py:3089} INFO - Sync 1 DAGs
[2026-07-23T12:49:18.068+0000] {logging_mixin.py:188} INFO - [2026-07-23T12:49:18.068+0000] {dag.py:3947} INFO - Setting next_dagrun for youtube_english_video_pipeline to 2026-07-23 12:00:00+00:00, run_after=2026-07-24 12:00:00+00:00
[2026-07-23T12:49:18.085+0000] {processor.py:183} INFO - Processing /opt/airflow/dags/youtube_pipeline.py took 0.112 seconds
[2026-07-23T12:49:48.236+0000] {processor.py:161} INFO - Started process (PID=7349) to work on /opt/airflow/dags/youtube_pipeline.py
[2026-07-23T12:49:48.237+0000] {processor.py:830} INFO - Processing file /opt/airflow/dags/youtube_pipeline.py for tasks to queue
[2026-07-23T12:49:48.239+0000] {logging_mixin.py:188} INFO - [2026-07-23T12:49:48.239+0000] {dagbag.py:545} INFO - Filling up the DagBag from /opt/airflow/dags/youtube_pipeline.py
[2026-07-23T12:49:48.263+0000] {processor.py:840} INFO - DAG(s) 'youtube_english_video_pipeline' retrieved from /opt/airflow/dags/youtube_pipeline.py
[2026-07-23T12:49:48.298+0000] {logging_mixin.py:188} INFO - [2026-07-23T12:49:48.297+0000] {dag.py:3089} INFO - Sync 1 DAGs
[2026-07-23T12:49:48.314+0000] {logging_mixin.py:188} INFO - [2026-07-23T12:49:48.314+0000] {dag.py:3947} INFO - Setting next_dagrun for youtube_english_video_pipeline to 2026-07-23 12:00:00+00:00, run_after=2026-07-24 12:00:00+00:00
[2026-07-23T12:49:48.329+0000] {processor.py:183} INFO - Processing /opt/airflow/dags/youtube_pipeline.py took 0.099 seconds
[2026-07-23T12:50:18.641+0000] {processor.py:161} INFO - Started process (PID=7354) to work on /opt/airflow/dags/youtube_pipeline.py
[2026-07-23T12:50:18.643+0000] {processor.py:830} INFO - Processing file /opt/airflow/dags/youtube_pipeline.py for tasks to queue
[2026-07-23T12:50:18.644+0000] {logging_mixin.py:188} INFO - [2026-07-23T12:50:18.644+0000] {dagbag.py:545} INFO - Filling up the DagBag from /opt/airflow/dags/youtube_pipeline.py
[2026-07-23T12:50:18.706+0000] {processor.py:840} INFO - DAG(s) 'youtube_english_video_pipeline' retrieved from /opt/airflow/dags/youtube_pipeline.py
[2026-07-23T12:50:18.745+0000] {logging_mixin.py:188} INFO - [2026-07-23T12:50:18.745+0000] {dag.py:3089} INFO - Sync 1 DAGs
[2026-07-23T12:50:18.763+0000] {logging_mixin.py:188} INFO - [2026-07-23T12:50:18.763+0000] {dag.py:3947} INFO - Setting next_dagrun for youtube_english_video_pipeline to 2026-07-23 12:00:00+00:00, run_after=2026-07-24 12:00:00+00:00
[2026-07-23T12:50:18.781+0000] {processor.py:183} INFO - Processing /opt/airflow/dags/youtube_pipeline.py took 0.148 seconds
[2026-07-23T12:50:48.931+0000] {processor.py:161} INFO - Started process (PID=7359) to work on /opt/airflow/dags/youtube_pipeline.py
[2026-07-23T12:50:48.934+0000] {processor.py:830} INFO - Processing file /opt/airflow/dags/youtube_pipeline.py for tasks to queue
[2026-07-23T12:50:48.936+0000] {logging_mixin.py:188} INFO - [2026-07-23T12:50:48.936+0000] {dagbag.py:545} INFO - Filling up the DagBag from /opt/airflow/dags/youtube_pipeline.py
[2026-07-23T12:50:48.995+0000] {processor.py:840} INFO - DAG(s) 'youtube_english_video_pipeline' retrieved from /opt/airflow/dags/youtube_pipeline.py
[2026-07-23T12:50:49.020+0000] {logging_mixin.py:188} INFO - [2026-07-23T12:50:49.020+0000] {dag.py:3089} INFO - Sync 1 DAGs
[2026-07-23T12:50:49.036+0000] {logging_mixin.py:188} INFO - [2026-07-23T12:50:49.036+0000] {dag.py:3947} INFO - Setting next_dagrun for youtube_english_video_pipeline to 2026-07-23 12:00:00+00:00, run_after=2026-07-24 12:00:00+00:00
[2026-07-23T12:50:49.052+0000] {processor.py:183} INFO - Processing /opt/airflow/dags/youtube_pipeline.py took 0.131 seconds
[2026-07-23T12:51:19.269+0000] {processor.py:161} INFO - Started process (PID=7364) to work on /opt/airflow/dags/youtube_pipeline.py
[2026-07-23T12:51:19.270+0000] {processor.py:830} INFO - Processing file /opt/airflow/dags/youtube_pipeline.py for tasks to queue
[2026-07-23T12:51:19.272+0000] {logging_mixin.py:188} INFO - [2026-07-23T12:51:19.272+0000] {dagbag.py:545} INFO - Filling up the DagBag from /opt/airflow/dags/youtube_pipeline.py
[2026-07-23T12:51:19.290+0000] {processor.py:840} INFO - DAG(s) 'youtube_english_video_pipeline' retrieved from /opt/airflow/dags/youtube_pipeline.py
[2026-07-23T12:51:19.317+0000] {logging_mixin.py:188} INFO - [2026-07-23T12:51:19.317+0000] {dag.py:3089} INFO - Sync 1 DAGs
[2026-07-23T12:51:19.334+0000] {logging_mixin.py:188} INFO - [2026-07-23T12:51:19.334+0000] {dag.py:3947} INFO - Setting next_dagrun for youtube_english_video_pipeline to 2026-07-23 12:00:00+00:00, run_after=2026-07-24 12:00:00+00:00
[2026-07-23T12:51:19.359+0000] {processor.py:183} INFO - Processing /opt/airflow/dags/youtube_pipeline.py took 0.094 seconds
[2026-07-23T12:51:49.574+0000] {processor.py:161} INFO - Started process (PID=7369) to work on /opt/airflow/dags/youtube_pipeline.py
[2026-07-23T12:51:49.575+0000] {processor.py:830} INFO - Processing file /opt/airflow/dags/youtube_pipeline.py for tasks to queue
[2026-07-23T12:51:49.577+0000] {logging_mixin.py:188} INFO - [2026-07-23T12:51:49.576+0000] {dagbag.py:545} INFO - Filling up the DagBag from /opt/airflow/dags/youtube_pipeline.py
[2026-07-23T12:51:49.593+0000] {processor.py:840} INFO - DAG(s) 'youtube_english_video_pipeline' retrieved from /opt/airflow/dags/youtube_pipeline.py
[2026-07-23T12:51:49.615+0000] {logging_mixin.py:188} INFO - [2026-07-23T12:51:49.615+0000] {dag.py:3089} INFO - Sync 1 DAGs
[2026-07-23T12:51:49.629+0000] {logging_mixin.py:188} INFO - [2026-07-23T12:51:49.629+0000] {dag.py:3947} INFO - Setting next_dagrun for youtube_english_video_pipeline to 2026-07-23 12:00:00+00:00, run_after=2026-07-24 12:00:00+00:00
[2026-07-23T12:51:49.643+0000] {processor.py:183} INFO - Processing /opt/airflow/dags/youtube_pipeline.py took 0.085 seconds
[2026-07-23T12:52:19.831+0000] {processor.py:161} INFO - Started process (PID=7374) to work on /opt/airflow/dags/youtube_pipeline.py
[2026-07-23T12:52:19.832+0000] {processor.py:830} INFO - Processing file /opt/airflow/dags/youtube_pipeline.py for tasks to queue
[2026-07-23T12:52:19.833+0000] {logging_mixin.py:188} INFO - [2026-07-23T12:52:19.833+0000] {dagbag.py:545} INFO - Filling up the DagBag from /opt/airflow/dags/youtube_pipeline.py
[2026-07-23T12:52:19.850+0000] {processor.py:840} INFO - DAG(s) 'youtube_english_video_pipeline' retrieved from /opt/airflow/dags/youtube_pipeline.py
[2026-07-23T12:52:19.871+0000] {logging_mixin.py:188} INFO - [2026-07-23T12:52:19.871+0000] {dag.py:3089} INFO - Sync 1 DAGs
[2026-07-23T12:52:19.886+0000] {logging_mixin.py:188} INFO - [2026-07-23T12:52:19.886+0000] {dag.py:3947} INFO - Setting next_dagrun for youtube_english_video_pipeline to 2026-07-23 12:00:00+00:00, run_after=2026-07-24 12:00:00+00:00
[2026-07-23T12:52:19.899+0000] {processor.py:183} INFO - Processing /opt/airflow/dags/youtube_pipeline.py took 0.073 seconds
[2026-07-23T12:52:50.171+0000] {processor.py:161} INFO - Started process (PID=7379) to work on /opt/airflow/dags/youtube_pipeline.py
[2026-07-23T12:52:50.171+0000] {processor.py:830} INFO - Processing file /opt/airflow/dags/youtube_pipeline.py for tasks to queue
[2026-07-23T12:52:50.173+0000] {logging_mixin.py:188} INFO - [2026-07-23T12:52:50.173+0000] {dagbag.py:545} INFO - Filling up the DagBag from /opt/airflow/dags/youtube_pipeline.py
[2026-07-23T12:52:50.191+0000] {processor.py:840} INFO - DAG(s) 'youtube_english_video_pipeline' retrieved from /opt/airflow/dags/youtube_pipeline.py
[2026-07-23T12:52:50.211+0000] {logging_mixin.py:188} INFO - [2026-07-23T12:52:50.211+0000] {dag.py:3089} INFO - Sync 1 DAGs
[2026-07-23T12:52:50.225+0000] {logging_mixin.py:188} INFO - [2026-07-23T12:52:50.225+0000] {dag.py:3947} INFO - Setting next_dagrun for youtube_english_video_pipeline to 2026-07-23 12:00:00+00:00, run_after=2026-07-24 12:00:00+00:00
[2026-07-23T12:52:50.238+0000] {processor.py:183} INFO - Processing /opt/airflow/dags/youtube_pipeline.py took 0.078 seconds
[2026-07-23T12:53:20.425+0000] {processor.py:161} INFO - Started process (PID=7384) to work on /opt/airflow/dags/youtube_pipeline.py
[2026-07-23T12:53:20.426+0000] {processor.py:830} INFO - Processing file /opt/airflow/dags/youtube_pipeline.py for tasks to queue
[2026-07-23T12:53:20.428+0000] {logging_mixin.py:188} INFO - [2026-07-23T12:53:20.427+0000] {dagbag.py:545} INFO - Filling up the DagBag from /opt/airflow/dags/youtube_pipeline.py
[2026-07-23T12:53:20.445+0000] {processor.py:840} INFO - DAG(s) 'youtube_english_video_pipeline' retrieved from /opt/airflow/dags/youtube_pipeline.py
[2026-07-23T12:53:20.465+0000] {logging_mixin.py:188} INFO - [2026-07-23T12:53:20.465+0000] {dag.py:3089} INFO - Sync 1 DAGs
[2026-07-23T12:53:20.480+0000] {logging_mixin.py:188} INFO - [2026-07-23T12:53:20.480+0000] {dag.py:3947} INFO - Setting next_dagrun for youtube_english_video_pipeline to 2026-07-23 12:00:00+00:00, run_after=2026-07-24 12:00:00+00:00
[2026-07-23T12:53:20.493+0000] {processor.py:183} INFO - Processing /opt/airflow/dags/youtube_pipeline.py took 0.073 seconds
[2026-07-23T12:53:50.747+0000] {processor.py:161} INFO - Started process (PID=7389) to work on /opt/airflow/dags/youtube_pipeline.py
[2026-07-23T12:53:50.751+0000] {processor.py:830} INFO - Processing file /opt/airflow/dags/youtube_pipeline.py for tasks to queue
[2026-07-23T12:53:50.753+0000] {logging_mixin.py:188} INFO - [2026-07-23T12:53:50.752+0000] {dagbag.py:545} INFO - Filling up the DagBag from /opt/airflow/dags/youtube_pipeline.py
[2026-07-23T12:53:50.815+0000] {processor.py:840} INFO - DAG(s) 'youtube_english_video_pipeline' retrieved from /opt/airflow/dags/youtube_pipeline.py
[2026-07-23T12:53:50.850+0000] {logging_mixin.py:188} INFO - [2026-07-23T12:53:50.850+0000] {dag.py:3089} INFO - Sync 1 DAGs
[2026-07-23T12:53:50.869+0000] {logging_mixin.py:188} INFO - [2026-07-23T12:53:50.869+0000] {dag.py:3947} INFO - Setting next_dagrun for youtube_english_video_pipeline to 2026-07-23 12:00:00+00:00, run_after=2026-07-24 12:00:00+00:00
[2026-07-23T12:53:50.886+0000] {processor.py:183} INFO - Processing /opt/airflow/dags/youtube_pipeline.py took 0.145 seconds
[2026-07-23T12:54:20.997+0000] {processor.py:161} INFO - Started process (PID=7394) to work on /opt/airflow/dags/youtube_pipeline.py
[2026-07-23T12:54:20.998+0000] {processor.py:830} INFO - Processing file /opt/airflow/dags/youtube_pipeline.py for tasks to queue
[2026-07-23T12:54:21.000+0000] {logging_mixin.py:188} INFO - [2026-07-23T12:54:21.000+0000] {dagbag.py:545} INFO - Filling up the DagBag from /opt/airflow/dags/youtube_pipeline.py
[2026-07-23T12:54:21.017+0000] {processor.py:840} INFO - DAG(s) 'youtube_english_video_pipeline' retrieved from /opt/airflow/dags/youtube_pipeline.py
[2026-07-23T12:54:21.038+0000] {logging_mixin.py:188} INFO - [2026-07-23T12:54:21.038+0000] {dag.py:3089} INFO - Sync 1 DAGs
[2026-07-23T12:54:21.052+0000] {logging_mixin.py:188} INFO - [2026-07-23T12:54:21.052+0000] {dag.py:3947} INFO - Setting next_dagrun for youtube_english_video_pipeline to 2026-07-23 12:00:00+00:00, run_after=2026-07-24 12:00:00+00:00
[2026-07-23T12:54:21.071+0000] {processor.py:183} INFO - Processing /opt/airflow/dags/youtube_pipeline.py took 0.081 seconds
[2026-07-23T12:54:51.498+0000] {processor.py:161} INFO - Started process (PID=7399) to work on /opt/airflow/dags/youtube_pipeline.py
[2026-07-23T12:54:51.500+0000] {processor.py:830} INFO - Processing file /opt/airflow/dags/youtube_pipeline.py for tasks to queue
[2026-07-23T12:54:51.504+0000] {logging_mixin.py:188} INFO - [2026-07-23T12:54:51.504+0000] {dagbag.py:545} INFO - Filling up the DagBag from /opt/airflow/dags/youtube_pipeline.py
[2026-07-23T12:54:51.556+0000] {processor.py:840} INFO - DAG(s) 'youtube_english_video_pipeline' retrieved from /opt/airflow/dags/youtube_pipeline.py
[2026-07-23T12:54:51.584+0000] {logging_mixin.py:188} INFO - [2026-07-23T12:54:51.584+0000] {dag.py:3089} INFO - Sync 1 DAGs
[2026-07-23T12:54:51.603+0000] {logging_mixin.py:188} INFO - [2026-07-23T12:54:51.603+0000] {dag.py:3947} INFO - Setting next_dagrun for youtube_english_video_pipeline to 2026-07-23 12:00:00+00:00, run_after=2026-07-24 12:00:00+00:00
[2026-07-23T12:54:51.644+0000] {processor.py:183} INFO - Processing /opt/airflow/dags/youtube_pipeline.py took 0.155 seconds
[2026-07-23T12:55:21.728+0000] {processor.py:161} INFO - Started process (PID=7404) to work on /opt/airflow/dags/youtube_pipeline.py
[2026-07-23T12:55:21.729+0000] {processor.py:830} INFO - Processing file /opt/airflow/dags/youtube_pipeline.py for tasks to queue
[2026-07-23T12:55:21.731+0000] {logging_mixin.py:188} INFO - [2026-07-23T12:55:21.730+0000] {dagbag.py:545} INFO - Filling up the DagBag from /opt/airflow/dags/youtube_pipeline.py
[2026-07-23T12:55:21.747+0000] {processor.py:840} INFO - DAG(s) 'youtube_english_video_pipeline' retrieved from /opt/airflow/dags/youtube_pipeline.py
[2026-07-23T12:55:21.768+0000] {logging_mixin.py:188} INFO - [2026-07-23T12:55:21.768+0000] {dag.py:3089} INFO - Sync 1 DAGs
[2026-07-23T12:55:21.783+0000] {logging_mixin.py:188} INFO - [2026-07-23T12:55:21.782+0000] {dag.py:3947} INFO - Setting next_dagrun for youtube_english_video_pipeline to 2026-07-23 12:00:00+00:00, run_after=2026-07-24 12:00:00+00:00
[2026-07-23T12:55:21.796+0000] {processor.py:183} INFO - Processing /opt/airflow/dags/youtube_pipeline.py took 0.073 seconds
[2026-07-23T12:55:52.022+0000] {processor.py:161} INFO - Started process (PID=7409) to work on /opt/airflow/dags/youtube_pipeline.py
[2026-07-23T12:55:52.023+0000] {processor.py:830} INFO - Processing file /opt/airflow/dags/youtube_pipeline.py for tasks to queue
[2026-07-23T12:55:52.027+0000] {logging_mixin.py:188} INFO - [2026-07-23T12:55:52.027+0000] {dagbag.py:545} INFO - Filling up the DagBag from /opt/airflow/dags/youtube_pipeline.py
[2026-07-23T12:55:52.070+0000] {processor.py:840} INFO - DAG(s) 'youtube_english_video_pipeline' retrieved from /opt/airflow/dags/youtube_pipeline.py
[2026-07-23T12:55:52.092+0000] {logging_mixin.py:188} INFO - [2026-07-23T12:55:52.092+0000] {dag.py:3089} INFO - Sync 1 DAGs
[2026-07-23T12:55:52.106+0000] {logging_mixin.py:188} INFO - [2026-07-23T12:55:52.106+0000] {dag.py:3947} INFO - Setting next_dagrun for youtube_english_video_pipeline to 2026-07-23 12:00:00+00:00, run_after=2026-07-24 12:00:00+00:00
[2026-07-23T12:55:52.126+0000] {processor.py:183} INFO - Processing /opt/airflow/dags/youtube_pipeline.py took 0.113 seconds
[2026-07-23T12:56:22.264+0000] {processor.py:161} INFO - Started process (PID=7414) to work on /opt/airflow/dags/youtube_pipeline.py
[2026-07-23T12:56:22.265+0000] {processor.py:830} INFO - Processing file /opt/airflow/dags/youtube_pipeline.py for tasks to queue
[2026-07-23T12:56:22.266+0000] {logging_mixin.py:188} INFO - [2026-07-23T12:56:22.266+0000] {dagbag.py:545} INFO - Filling up the DagBag from /opt/airflow/dags/youtube_pipeline.py
[2026-07-23T12:56:22.290+0000] {processor.py:840} INFO - DAG(s) 'youtube_english_video_pipeline' retrieved from /opt/airflow/dags/youtube_pipeline.py
[2026-07-23T12:56:22.312+0000] {logging_mixin.py:188} INFO - [2026-07-23T12:56:22.312+0000] {dag.py:3089} INFO - Sync 1 DAGs
[2026-07-23T12:56:22.326+0000] {logging_mixin.py:188} INFO - [2026-07-23T12:56:22.326+0000] {dag.py:3947} INFO - Setting next_dagrun for youtube_english_video_pipeline to 2026-07-23 12:00:00+00:00, run_after=2026-07-24 12:00:00+00:00
[2026-07-23T12:56:22.339+0000] {processor.py:183} INFO - Processing /opt/airflow/dags/youtube_pipeline.py took 0.081 seconds
[2026-07-23T12:56:52.603+0000] {processor.py:161} INFO - Started process (PID=7419) to work on /opt/airflow/dags/youtube_pipeline.py
[2026-07-23T12:56:52.604+0000] {processor.py:830} INFO - Processing file /opt/airflow/dags/youtube_pipeline.py for tasks to queue
[2026-07-23T12:56:52.606+0000] {logging_mixin.py:188} INFO - [2026-07-23T12:56:52.606+0000] {dagbag.py:545} INFO - Filling up the DagBag from /opt/airflow/dags/youtube_pipeline.py
[2026-07-23T12:56:52.623+0000] {processor.py:840} INFO - DAG(s) 'youtube_english_video_pipeline' retrieved from /opt/airflow/dags/youtube_pipeline.py
[2026-07-23T12:56:52.645+0000] {logging_mixin.py:188} INFO - [2026-07-23T12:56:52.645+0000] {dag.py:3089} INFO - Sync 1 DAGs
[2026-07-23T12:56:52.658+0000] {logging_mixin.py:188} INFO - [2026-07-23T12:56:52.658+0000] {dag.py:3947} INFO - Setting next_dagrun for youtube_english_video_pipeline to 2026-07-23 12:00:00+00:00, run_after=2026-07-24 12:00:00+00:00
[2026-07-23T12:56:52.671+0000] {processor.py:183} INFO - Processing /opt/airflow/dags/youtube_pipeline.py took 0.072 seconds
[2026-07-23T12:57:22.951+0000] {processor.py:161} INFO - Started process (PID=7424) to work on /opt/airflow/dags/youtube_pipeline.py
[2026-07-23T12:57:22.955+0000] {processor.py:830} INFO - Processing file /opt/airflow/dags/youtube_pipeline.py for tasks to queue
[2026-07-23T12:57:22.965+0000] {logging_mixin.py:188} INFO - [2026-07-23T12:57:22.964+0000] {dagbag.py:545} INFO - Filling up the DagBag from /opt/airflow/dags/youtube_pipeline.py
[2026-07-23T12:57:23.001+0000] {processor.py:840} INFO - DAG(s) 'youtube_english_video_pipeline' retrieved from /opt/airflow/dags/youtube_pipeline.py
[2026-07-23T12:57:23.040+0000] {logging_mixin.py:188} INFO - [2026-07-23T12:57:23.040+0000] {dag.py:3089} INFO - Sync 1 DAGs
[2026-07-23T12:57:23.064+0000] {logging_mixin.py:188} INFO - [2026-07-23T12:57:23.064+0000] {dag.py:3947} INFO - Setting next_dagrun for youtube_english_video_pipeline to 2026-07-23 12:00:00+00:00, run_after=2026-07-24 12:00:00+00:00
[2026-07-23T12:57:23.088+0000] {processor.py:183} INFO - Processing /opt/airflow/dags/youtube_pipeline.py took 0.147 seconds
[2026-07-23T12:57:53.227+0000] {processor.py:161} INFO - Started process (PID=7429) to work on /opt/airflow/dags/youtube_pipeline.py
[2026-07-23T12:57:53.228+0000] {processor.py:830} INFO - Processing file /opt/airflow/dags/youtube_pipeline.py for tasks to queue
[2026-07-23T12:57:53.230+0000] {logging_mixin.py:188} INFO - [2026-07-23T12:57:53.230+0000] {dagbag.py:545} INFO - Filling up the DagBag from /opt/airflow/dags/youtube_pipeline.py
[2026-07-23T12:57:53.259+0000] {processor.py:840} INFO - DAG(s) 'youtube_english_video_pipeline' retrieved from /opt/airflow/dags/youtube_pipeline.py
[2026-07-23T12:57:53.286+0000] {logging_mixin.py:188} INFO - [2026-07-23T12:57:53.286+0000] {dag.py:3089} INFO - Sync 1 DAGs
[2026-07-23T12:57:53.303+0000] {logging_mixin.py:188} INFO - [2026-07-23T12:57:53.303+0000] {dag.py:3947} INFO - Setting next_dagrun for youtube_english_video_pipeline to 2026-07-23 12:00:00+00:00, run_after=2026-07-24 12:00:00+00:00
[2026-07-23T12:57:53.322+0000] {processor.py:183} INFO - Processing /opt/airflow/dags/youtube_pipeline.py took 0.103 seconds
[2026-07-23T12:58:23.623+0000] {processor.py:161} INFO - Started process (PID=7434) to work on /opt/airflow/dags/youtube_pipeline.py
[2026-07-23T12:58:23.625+0000] {processor.py:830} INFO - Processing file /opt/airflow/dags/youtube_pipeline.py for tasks to queue
[2026-07-23T12:58:23.627+0000] {logging_mixin.py:188} INFO - [2026-07-23T12:58:23.626+0000] {dagbag.py:545} INFO - Filling up the DagBag from /opt/airflow/dags/youtube_pipeline.py
[2026-07-23T12:58:23.669+0000] {processor.py:840} INFO - DAG(s) 'youtube_english_video_pipeline' retrieved from /opt/airflow/dags/youtube_pipeline.py
[2026-07-23T12:58:23.695+0000] {logging_mixin.py:188} INFO - [2026-07-23T12:58:23.695+0000] {dag.py:3089} INFO - Sync 1 DAGs
[2026-07-23T12:58:23.713+0000] {logging_mixin.py:188} INFO - [2026-07-23T12:58:23.713+0000] {dag.py:3947} INFO - Setting next_dagrun for youtube_english_video_pipeline to 2026-07-23 12:00:00+00:00, run_after=2026-07-24 12:00:00+00:00
[2026-07-23T12:58:23.738+0000] {processor.py:183} INFO - Processing /opt/airflow/dags/youtube_pipeline.py took 0.123 seconds
[2026-07-23T12:58:53.903+0000] {processor.py:161} INFO - Started process (PID=7439) to work on /opt/airflow/dags/youtube_pipeline.py
[2026-07-23T12:58:53.905+0000] {processor.py:830} INFO - Processing file /opt/airflow/dags/youtube_pipeline.py for tasks to queue
[2026-07-23T12:58:53.906+0000] {logging_mixin.py:188} INFO - [2026-07-23T12:58:53.906+0000] {dagbag.py:545} INFO - Filling up the DagBag from /opt/airflow/dags/youtube_pipeline.py
[2026-07-23T12:58:53.926+0000] {processor.py:840} INFO - DAG(s) 'youtube_english_video_pipeline' retrieved from /opt/airflow/dags/youtube_pipeline.py
[2026-07-23T12:58:53.952+0000] {logging_mixin.py:188} INFO - [2026-07-23T12:58:53.951+0000] {dag.py:3089} INFO - Sync 1 DAGs
[2026-07-23T12:58:53.967+0000] {logging_mixin.py:188} INFO - [2026-07-23T12:58:53.966+0000] {dag.py:3947} INFO - Setting next_dagrun for youtube_english_video_pipeline to 2026-07-23 12:00:00+00:00, run_after=2026-07-24 12:00:00+00:00
[2026-07-23T12:58:53.992+0000] {processor.py:183} INFO - Processing /opt/airflow/dags/youtube_pipeline.py took 0.095 seconds
[2026-07-23T12:59:24.242+0000] {processor.py:161} INFO - Started process (PID=7444) to work on /opt/airflow/dags/youtube_pipeline.py
[2026-07-23T12:59:24.243+0000] {processor.py:830} INFO - Processing file /opt/airflow/dags/youtube_pipeline.py for tasks to queue
[2026-07-23T12:59:24.244+0000] {logging_mixin.py:188} INFO - [2026-07-23T12:59:24.244+0000] {dagbag.py:545} INFO - Filling up the DagBag from /opt/airflow/dags/youtube_pipeline.py
[2026-07-23T12:59:24.263+0000] {processor.py:840} INFO - DAG(s) 'youtube_english_video_pipeline' retrieved from /opt/airflow/dags/youtube_pipeline.py
[2026-07-23T12:59:24.290+0000] {logging_mixin.py:188} INFO - [2026-07-23T12:59:24.290+0000] {dag.py:3089} INFO - Sync 1 DAGs
[2026-07-23T12:59:24.308+0000] {logging_mixin.py:188} INFO - [2026-07-23T12:59:24.308+0000] {dag.py:3947} INFO - Setting next_dagrun for youtube_english_video_pipeline to 2026-07-23 12:00:00+00:00, run_after=2026-07-24 12:00:00+00:00
[2026-07-23T12:59:24.330+0000] {processor.py:183} INFO - Processing /opt/airflow/dags/youtube_pipeline.py took 0.094 seconds
[2026-07-23T12:59:54.484+0000] {processor.py:161} INFO - Started process (PID=7449) to work on /opt/airflow/dags/youtube_pipeline.py
[2026-07-23T12:59:54.485+0000] {processor.py:830} INFO - Processing file /opt/airflow/dags/youtube_pipeline.py for tasks to queue
[2026-07-23T12:59:54.487+0000] {logging_mixin.py:188} INFO - [2026-07-23T12:59:54.487+0000] {dagbag.py:545} INFO - Filling up the DagBag from /opt/airflow/dags/youtube_pipeline.py
[2026-07-23T12:59:54.505+0000] {processor.py:840} INFO - DAG(s) 'youtube_english_video_pipeline' retrieved from /opt/airflow/dags/youtube_pipeline.py
[2026-07-23T12:59:54.531+0000] {logging_mixin.py:188} INFO - [2026-07-23T12:59:54.531+0000] {dag.py:3089} INFO - Sync 1 DAGs
[2026-07-23T12:59:54.548+0000] {logging_mixin.py:188} INFO - [2026-07-23T12:59:54.548+0000] {dag.py:3947} INFO - Setting next_dagrun for youtube_english_video_pipeline to 2026-07-23 12:00:00+00:00, run_after=2026-07-24 12:00:00+00:00
[2026-07-23T12:59:54.565+0000] {processor.py:183} INFO - Processing /opt/airflow/dags/youtube_pipeline.py took 0.087 seconds
[2026-07-23T13:00:25.005+0000] {processor.py:161} INFO - Started process (PID=7454) to work on /opt/airflow/dags/youtube_pipeline.py
[2026-07-23T13:00:25.007+0000] {processor.py:830} INFO - Processing file /opt/airflow/dags/youtube_pipeline.py for tasks to queue
[2026-07-23T13:00:25.011+0000] {logging_mixin.py:188} INFO - [2026-07-23T13:00:25.010+0000] {dagbag.py:545} INFO - Filling up the DagBag from /opt/airflow/dags/youtube_pipeline.py
[2026-07-23T13:00:25.131+0000] {processor.py:840} INFO - DAG(s) 'youtube_english_video_pipeline' retrieved from /opt/airflow/dags/youtube_pipeline.py
[2026-07-23T13:00:25.156+0000] {logging_mixin.py:188} INFO - [2026-07-23T13:00:25.156+0000] {dag.py:3089} INFO - Sync 1 DAGs
[2026-07-23T13:00:25.174+0000] {logging_mixin.py:188} INFO - [2026-07-23T13:00:25.174+0000] {dag.py:3947} INFO - Setting next_dagrun for youtube_english_video_pipeline to 2026-07-23 12:00:00+00:00, run_after=2026-07-24 12:00:00+00:00
[2026-07-23T13:00:25.201+0000] {processor.py:183} INFO - Processing /opt/airflow/dags/youtube_pipeline.py took 0.204 seconds
[2026-07-23T13:00:55.470+0000] {processor.py:161} INFO - Started process (PID=7459) to work on /opt/airflow/dags/youtube_pipeline.py
[2026-07-23T13:00:55.470+0000] {processor.py:830} INFO - Processing file /opt/airflow/dags/youtube_pipeline.py for tasks to queue
[2026-07-23T13:00:55.472+0000] {logging_mixin.py:188} INFO - [2026-07-23T13:00:55.472+0000] {dagbag.py:545} INFO - Filling up the DagBag from /opt/airflow/dags/youtube_pipeline.py
[2026-07-23T13:00:55.489+0000] {processor.py:840} INFO - DAG(s) 'youtube_english_video_pipeline' retrieved from /opt/airflow/dags/youtube_pipeline.py
[2026-07-23T13:00:55.510+0000] {logging_mixin.py:188} INFO - [2026-07-23T13:00:55.510+0000] {dag.py:3089} INFO - Sync 1 DAGs
[2026-07-23T13:00:55.525+0000] {logging_mixin.py:188} INFO - [2026-07-23T13:00:55.525+0000] {dag.py:3947} INFO - Setting next_dagrun for youtube_english_video_pipeline to 2026-07-23 12:00:00+00:00, run_after=2026-07-24 12:00:00+00:00
[2026-07-23T13:00:55.540+0000] {processor.py:183} INFO - Processing /opt/airflow/dags/youtube_pipeline.py took 0.075 seconds
[2026-07-23T13:01:25.710+0000] {processor.py:161} INFO - Started process (PID=7464) to work on /opt/airflow/dags/youtube_pipeline.py
[2026-07-23T13:01:25.712+0000] {processor.py:830} INFO - Processing file /opt/airflow/dags/youtube_pipeline.py for tasks to queue
[2026-07-23T13:01:25.714+0000] {logging_mixin.py:188} INFO - [2026-07-23T13:01:25.714+0000] {dagbag.py:545} INFO - Filling up the DagBag from /opt/airflow/dags/youtube_pipeline.py
[2026-07-23T13:01:25.736+0000] {processor.py:840} INFO - DAG(s) 'youtube_english_video_pipeline' retrieved from /opt/airflow/dags/youtube_pipeline.py
[2026-07-23T13:01:25.763+0000] {logging_mixin.py:188} INFO - [2026-07-23T13:01:25.762+0000] {dag.py:3089} INFO - Sync 1 DAGs
[2026-07-23T13:01:25.779+0000] {logging_mixin.py:188} INFO - [2026-07-23T13:01:25.779+0000] {dag.py:3947} INFO - Setting next_dagrun for youtube_english_video_pipeline to 2026-07-23 12:00:00+00:00, run_after=2026-07-24 12:00:00+00:00
[2026-07-23T13:01:25.794+0000] {processor.py:183} INFO - Processing /opt/airflow/dags/youtube_pipeline.py took 0.093 seconds
[2026-07-23T13:01:56.055+0000] {processor.py:161} INFO - Started process (PID=7469) to work on /opt/airflow/dags/youtube_pipeline.py
[2026-07-23T13:01:56.057+0000] {processor.py:830} INFO - Processing file /opt/airflow/dags/youtube_pipeline.py for tasks to queue
[2026-07-23T13:01:56.060+0000] {logging_mixin.py:188} INFO - [2026-07-23T13:01:56.060+0000] {dagbag.py:545} INFO - Filling up the DagBag from /opt/airflow/dags/youtube_pipeline.py
[2026-07-23T13:01:56.103+0000] {processor.py:840} INFO - DAG(s) 'youtube_english_video_pipeline' retrieved from /opt/airflow/dags/youtube_pipeline.py
[2026-07-23T13:01:56.131+0000] {logging_mixin.py:188} INFO - [2026-07-23T13:01:56.131+0000] {dag.py:3089} INFO - Sync 1 DAGs
[2026-07-23T13:01:56.147+0000] {logging_mixin.py:188} INFO - [2026-07-23T13:01:56.147+0000] {dag.py:3947} INFO - Setting next_dagrun for youtube_english_video_pipeline to 2026-07-23 12:00:00+00:00, run_after=2026-07-24 12:00:00+00:00
[2026-07-23T13:01:56.164+0000] {processor.py:183} INFO - Processing /opt/airflow/dags/youtube_pipeline.py took 0.116 seconds
[2026-07-23T13:02:26.330+0000] {processor.py:161} INFO - Started process (PID=7474) to work on /opt/airflow/dags/youtube_pipeline.py
[2026-07-23T13:02:26.332+0000] {processor.py:830} INFO - Processing file /opt/airflow/dags/youtube_pipeline.py for tasks to queue
[2026-07-23T13:02:26.334+0000] {logging_mixin.py:188} INFO - [2026-07-23T13:02:26.334+0000] {dagbag.py:545} INFO - Filling up the DagBag from /opt/airflow/dags/youtube_pipeline.py
[2026-07-23T13:02:26.372+0000] {processor.py:840} INFO - DAG(s) 'youtube_english_video_pipeline' retrieved from /opt/airflow/dags/youtube_pipeline.py
[2026-07-23T13:02:26.395+0000] {logging_mixin.py:188} INFO - [2026-07-23T13:02:26.395+0000] {dag.py:3089} INFO - Sync 1 DAGs
[2026-07-23T13:02:26.412+0000] {logging_mixin.py:188} INFO - [2026-07-23T13:02:26.412+0000] {dag.py:3947} INFO - Setting next_dagrun for youtube_english_video_pipeline to 2026-07-23 12:00:00+00:00, run_after=2026-07-24 12:00:00+00:00
[2026-07-23T13:02:26.430+0000] {processor.py:183} INFO - Processing /opt/airflow/dags/youtube_pipeline.py took 0.110 seconds
[2026-07-23T13:02:56.704+0000] {processor.py:161} INFO - Started process (PID=7479) to work on /opt/airflow/dags/youtube_pipeline.py
[2026-07-23T13:02:56.706+0000] {processor.py:830} INFO - Processing file /opt/airflow/dags/youtube_pipeline.py for tasks to queue
[2026-07-23T13:02:56.708+0000] {logging_mixin.py:188} INFO - [2026-07-23T13:02:56.708+0000] {dagbag.py:545} INFO - Filling up the DagBag from /opt/airflow/dags/youtube_pipeline.py
[2026-07-23T13:02:56.752+0000] {processor.py:840} INFO - DAG(s) 'youtube_english_video_pipeline' retrieved from /opt/airflow/dags/youtube_pipeline.py
[2026-07-23T13:02:56.775+0000] {logging_mixin.py:188} INFO - [2026-07-23T13:02:56.775+0000] {dag.py:3089} INFO - Sync 1 DAGs
[2026-07-23T13:02:56.790+0000] {logging_mixin.py:188} INFO - [2026-07-23T13:02:56.790+0000] {dag.py:3947} INFO - Setting next_dagrun for youtube_english_video_pipeline to 2026-07-23 12:00:00+00:00, run_after=2026-07-24 12:00:00+00:00
[2026-07-23T13:02:56.807+0000] {processor.py:183} INFO - Processing /opt/airflow/dags/youtube_pipeline.py took 0.112 seconds
[2026-07-23T13:03:26.929+0000] {processor.py:161} INFO - Started process (PID=7484) to work on /opt/airflow/dags/youtube_pipeline.py
[2026-07-23T13:03:26.930+0000] {processor.py:830} INFO - Processing file /opt/airflow/dags/youtube_pipeline.py for tasks to queue
[2026-07-23T13:03:26.932+0000] {logging_mixin.py:188} INFO - [2026-07-23T13:03:26.932+0000] {dagbag.py:545} INFO - Filling up the DagBag from /opt/airflow/dags/youtube_pipeline.py
[2026-07-23T13:03:26.983+0000] {processor.py:840} INFO - DAG(s) 'youtube_english_video_pipeline' retrieved from /opt/airflow/dags/youtube_pipeline.py
[2026-07-23T13:03:27.009+0000] {logging_mixin.py:188} INFO - [2026-07-23T13:03:27.009+0000] {dag.py:3089} INFO - Sync 1 DAGs
[2026-07-23T13:03:27.026+0000] {logging_mixin.py:188} INFO - [2026-07-23T13:03:27.026+0000] {dag.py:3947} INFO - Setting next_dagrun for youtube_english_video_pipeline to 2026-07-23 12:00:00+00:00, run_after=2026-07-24 12:00:00+00:00
[2026-07-23T13:03:27.044+0000] {processor.py:183} INFO - Processing /opt/airflow/dags/youtube_pipeline.py took 0.121 seconds
[2026-07-23T13:03:57.369+0000] {processor.py:161} INFO - Started process (PID=7489) to work on /opt/airflow/dags/youtube_pipeline.py
[2026-07-23T13:03:57.371+0000] {processor.py:830} INFO - Processing file /opt/airflow/dags/youtube_pipeline.py for tasks to queue
[2026-07-23T13:03:57.373+0000] {logging_mixin.py:188} INFO - [2026-07-23T13:03:57.373+0000] {dagbag.py:545} INFO - Filling up the DagBag from /opt/airflow/dags/youtube_pipeline.py
[2026-07-23T13:03:57.412+0000] {processor.py:840} INFO - DAG(s) 'youtube_english_video_pipeline' retrieved from /opt/airflow/dags/youtube_pipeline.py
[2026-07-23T13:03:57.440+0000] {logging_mixin.py:188} INFO - [2026-07-23T13:03:57.440+0000] {dag.py:3089} INFO - Sync 1 DAGs
[2026-07-23T13:03:57.456+0000] {logging_mixin.py:188} INFO - [2026-07-23T13:03:57.456+0000] {dag.py:3947} INFO - Setting next_dagrun for youtube_english_video_pipeline to 2026-07-23 12:00:00+00:00, run_after=2026-07-24 12:00:00+00:00
[2026-07-23T13:03:57.473+0000] {processor.py:183} INFO - Processing /opt/airflow/dags/youtube_pipeline.py took 0.111 seconds
[2026-07-23T13:04:27.606+0000] {processor.py:161} INFO - Started process (PID=7494) to work on /opt/airflow/dags/youtube_pipeline.py
[2026-07-23T13:04:27.607+0000] {processor.py:830} INFO - Processing file /opt/airflow/dags/youtube_pipeline.py for tasks to queue
[2026-07-23T13:04:27.608+0000] {logging_mixin.py:188} INFO - [2026-07-23T13:04:27.608+0000] {dagbag.py:545} INFO - Filling up the DagBag from /opt/airflow/dags/youtube_pipeline.py
[2026-07-23T13:04:27.626+0000] {processor.py:840} INFO - DAG(s) 'youtube_english_video_pipeline' retrieved from /opt/airflow/dags/youtube_pipeline.py
[2026-07-23T13:04:27.648+0000] {logging_mixin.py:188} INFO - [2026-07-23T13:04:27.648+0000] {dag.py:3089} INFO - Sync 1 DAGs
[2026-07-23T13:04:27.662+0000] {logging_mixin.py:188} INFO - [2026-07-23T13:04:27.662+0000] {dag.py:3947} INFO - Setting next_dagrun for youtube_english_video_pipeline to 2026-07-23 12:00:00+00:00, run_after=2026-07-24 12:00:00+00:00
[2026-07-23T13:04:27.675+0000] {processor.py:183} INFO - Processing /opt/airflow/dags/youtube_pipeline.py took 0.074 seconds
[2026-07-23T13:04:57.883+0000] {processor.py:161} INFO - Started process (PID=7499) to work on /opt/airflow/dags/youtube_pipeline.py
[2026-07-23T13:04:57.885+0000] {processor.py:830} INFO - Processing file /opt/airflow/dags/youtube_pipeline.py for tasks to queue
[2026-07-23T13:04:57.888+0000] {logging_mixin.py:188} INFO - [2026-07-23T13:04:57.887+0000] {dagbag.py:545} INFO - Filling up the DagBag from /opt/airflow/dags/youtube_pipeline.py
[2026-07-23T13:04:57.919+0000] {processor.py:840} INFO - DAG(s) 'youtube_english_video_pipeline' retrieved from /opt/airflow/dags/youtube_pipeline.py
[2026-07-23T13:04:57.946+0000] {logging_mixin.py:188} INFO - [2026-07-23T13:04:57.946+0000] {dag.py:3089} INFO - Sync 1 DAGs
[2026-07-23T13:04:57.962+0000] {logging_mixin.py:188} INFO - [2026-07-23T13:04:57.962+0000] {dag.py:3947} INFO - Setting next_dagrun for youtube_english_video_pipeline to 2026-07-23 12:00:00+00:00, run_after=2026-07-24 12:00:00+00:00
[2026-07-23T13:04:57.982+0000] {processor.py:183} INFO - Processing /opt/airflow/dags/youtube_pipeline.py took 0.108 seconds
[2026-07-23T13:05:28.187+0000] {processor.py:161} INFO - Started process (PID=7504) to work on /opt/airflow/dags/youtube_pipeline.py
[2026-07-23T13:05:28.188+0000] {processor.py:830} INFO - Processing file /opt/airflow/dags/youtube_pipeline.py for tasks to queue
[2026-07-23T13:05:28.189+0000] {logging_mixin.py:188} INFO - [2026-07-23T13:05:28.189+0000] {dagbag.py:545} INFO - Filling up the DagBag from /opt/airflow/dags/youtube_pipeline.py
[2026-07-23T13:05:28.208+0000] {processor.py:840} INFO - DAG(s) 'youtube_english_video_pipeline' retrieved from /opt/airflow/dags/youtube_pipeline.py
[2026-07-23T13:05:28.230+0000] {logging_mixin.py:188} INFO - [2026-07-23T13:05:28.230+0000] {dag.py:3089} INFO - Sync 1 DAGs
[2026-07-23T13:05:28.244+0000] {logging_mixin.py:188} INFO - [2026-07-23T13:05:28.244+0000] {dag.py:3947} INFO - Setting next_dagrun for youtube_english_video_pipeline to 2026-07-23 12:00:00+00:00, run_after=2026-07-24 12:00:00+00:00
[2026-07-23T13:05:28.258+0000] {processor.py:183} INFO - Processing /opt/airflow/dags/youtube_pipeline.py took 0.076 seconds
[2026-07-23T13:05:58.442+0000] {processor.py:161} INFO - Started process (PID=7509) to work on /opt/airflow/dags/youtube_pipeline.py
[2026-07-23T13:05:58.444+0000] {processor.py:830} INFO - Processing file /opt/airflow/dags/youtube_pipeline.py for tasks to queue
[2026-07-23T13:05:58.445+0000] {logging_mixin.py:188} INFO - [2026-07-23T13:05:58.445+0000] {dagbag.py:545} INFO - Filling up the DagBag from /opt/airflow/dags/youtube_pipeline.py
[2026-07-23T13:05:58.464+0000] {processor.py:840} INFO - DAG(s) 'youtube_english_video_pipeline' retrieved from /opt/airflow/dags/youtube_pipeline.py
[2026-07-23T13:05:58.487+0000] {logging_mixin.py:188} INFO - [2026-07-23T13:05:58.487+0000] {dag.py:3089} INFO - Sync 1 DAGs
[2026-07-23T13:05:58.503+0000] {logging_mixin.py:188} INFO - [2026-07-23T13:05:58.502+0000] {dag.py:3947} INFO - Setting next_dagrun for youtube_english_video_pipeline to 2026-07-23 12:00:00+00:00, run_after=2026-07-24 12:00:00+00:00
[2026-07-23T13:05:58.517+0000] {processor.py:183} INFO - Processing /opt/airflow/dags/youtube_pipeline.py took 0.080 seconds
[2026-07-23T13:06:28.799+0000] {processor.py:161} INFO - Started process (PID=7514) to work on /opt/airflow/dags/youtube_pipeline.py
[2026-07-23T13:06:28.800+0000] {processor.py:830} INFO - Processing file /opt/airflow/dags/youtube_pipeline.py for tasks to queue
[2026-07-23T13:06:28.801+0000] {logging_mixin.py:188} INFO - [2026-07-23T13:06:28.801+0000] {dagbag.py:545} INFO - Filling up the DagBag from /opt/airflow/dags/youtube_pipeline.py
[2026-07-23T13:06:28.830+0000] {processor.py:840} INFO - DAG(s) 'youtube_english_video_pipeline' retrieved from /opt/airflow/dags/youtube_pipeline.py
[2026-07-23T13:06:28.853+0000] {logging_mixin.py:188} INFO - [2026-07-23T13:06:28.853+0000] {dag.py:3089} INFO - Sync 1 DAGs
[2026-07-23T13:06:28.870+0000] {logging_mixin.py:188} INFO - [2026-07-23T13:06:28.870+0000] {dag.py:3947} INFO - Setting next_dagrun for youtube_english_video_pipeline to 2026-07-23 12:00:00+00:00, run_after=2026-07-24 12:00:00+00:00
[2026-07-23T13:06:28.887+0000] {processor.py:183} INFO - Processing /opt/airflow/dags/youtube_pipeline.py took 0.095 seconds
[2026-07-23T13:06:59.049+0000] {processor.py:161} INFO - Started process (PID=7519) to work on /opt/airflow/dags/youtube_pipeline.py
[2026-07-23T13:06:59.050+0000] {processor.py:830} INFO - Processing file /opt/airflow/dags/youtube_pipeline.py for tasks to queue
[2026-07-23T13:06:59.052+0000] {logging_mixin.py:188} INFO - [2026-07-23T13:06:59.052+0000] {dagbag.py:545} INFO - Filling up the DagBag from /opt/airflow/dags/youtube_pipeline.py
[2026-07-23T13:06:59.071+0000] {processor.py:840} INFO - DAG(s) 'youtube_english_video_pipeline' retrieved from /opt/airflow/dags/youtube_pipeline.py
[2026-07-23T13:06:59.097+0000] {logging_mixin.py:188} INFO - [2026-07-23T13:06:59.097+0000] {dag.py:3089} INFO - Sync 1 DAGs
[2026-07-23T13:06:59.114+0000] {logging_mixin.py:188} INFO - [2026-07-23T13:06:59.114+0000] {dag.py:3947} INFO - Setting next_dagrun for youtube_english_video_pipeline to 2026-07-23 12:00:00+00:00, run_after=2026-07-24 12:00:00+00:00
[2026-07-23T13:06:59.129+0000] {processor.py:183} INFO - Processing /opt/airflow/dags/youtube_pipeline.py took 0.086 seconds
[2026-07-23T13:07:29.371+0000] {processor.py:161} INFO - Started process (PID=7524) to work on /opt/airflow/dags/youtube_pipeline.py
[2026-07-23T13:07:29.372+0000] {processor.py:830} INFO - Processing file /opt/airflow/dags/youtube_pipeline.py for tasks to queue
[2026-07-23T13:07:29.374+0000] {logging_mixin.py:188} INFO - [2026-07-23T13:07:29.374+0000] {dagbag.py:545} INFO - Filling up the DagBag from /opt/airflow/dags/youtube_pipeline.py
[2026-07-23T13:07:29.396+0000] {processor.py:840} INFO - DAG(s) 'youtube_english_video_pipeline' retrieved from /opt/airflow/dags/youtube_pipeline.py
[2026-07-23T13:07:29.418+0000] {logging_mixin.py:188} INFO - [2026-07-23T13:07:29.418+0000] {dag.py:3089} INFO - Sync 1 DAGs
[2026-07-23T13:07:29.434+0000] {logging_mixin.py:188} INFO - [2026-07-23T13:07:29.434+0000] {dag.py:3947} INFO - Setting next_dagrun for youtube_english_video_pipeline to 2026-07-23 12:00:00+00:00, run_after=2026-07-24 12:00:00+00:00
[2026-07-23T13:07:29.449+0000] {processor.py:183} INFO - Processing /opt/airflow/dags/youtube_pipeline.py took 0.083 seconds
[2026-07-23T13:07:59.699+0000] {processor.py:161} INFO - Started process (PID=7529) to work on /opt/airflow/dags/youtube_pipeline.py
[2026-07-23T13:07:59.700+0000] {processor.py:830} INFO - Processing file /opt/airflow/dags/youtube_pipeline.py for tasks to queue
[2026-07-23T13:07:59.702+0000] {logging_mixin.py:188} INFO - [2026-07-23T13:07:59.702+0000] {dagbag.py:545} INFO - Filling up the DagBag from /opt/airflow/dags/youtube_pipeline.py
[2026-07-23T13:07:59.719+0000] {processor.py:840} INFO - DAG(s) 'youtube_english_video_pipeline' retrieved from /opt/airflow/dags/youtube_pipeline.py
[2026-07-23T13:07:59.741+0000] {logging_mixin.py:188} INFO - [2026-07-23T13:07:59.741+0000] {dag.py:3089} INFO - Sync 1 DAGs
[2026-07-23T13:07:59.755+0000] {logging_mixin.py:188} INFO - [2026-07-23T13:07:59.755+0000] {dag.py:3947} INFO - Setting next_dagrun for youtube_english_video_pipeline to 2026-07-23 12:00:00+00:00, run_after=2026-07-24 12:00:00+00:00
[2026-07-23T13:07:59.769+0000] {processor.py:183} INFO - Processing /opt/airflow/dags/youtube_pipeline.py took 0.074 seconds
[2026-07-23T13:08:30.030+0000] {processor.py:161} INFO - Started process (PID=7534) to work on /opt/airflow/dags/youtube_pipeline.py
[2026-07-23T13:08:30.031+0000] {processor.py:830} INFO - Processing file /opt/airflow/dags/youtube_pipeline.py for tasks to queue
[2026-07-23T13:08:30.033+0000] {logging_mixin.py:188} INFO - [2026-07-23T13:08:30.033+0000] {dagbag.py:545} INFO - Filling up the DagBag from /opt/airflow/dags/youtube_pipeline.py
[2026-07-23T13:08:30.061+0000] {processor.py:840} INFO - DAG(s) 'youtube_english_video_pipeline' retrieved from /opt/airflow/dags/youtube_pipeline.py
[2026-07-23T13:08:30.083+0000] {logging_mixin.py:188} INFO - [2026-07-23T13:08:30.083+0000] {dag.py:3089} INFO - Sync 1 DAGs
[2026-07-23T13:08:30.097+0000] {logging_mixin.py:188} INFO - [2026-07-23T13:08:30.097+0000] {dag.py:3947} INFO - Setting next_dagrun for youtube_english_video_pipeline to 2026-07-23 12:00:00+00:00, run_after=2026-07-24 12:00:00+00:00
[2026-07-23T13:08:30.111+0000] {processor.py:183} INFO - Processing /opt/airflow/dags/youtube_pipeline.py took 0.086 seconds
[2026-07-23T13:09:00.277+0000] {processor.py:161} INFO - Started process (PID=7539) to work on /opt/airflow/dags/youtube_pipeline.py
[2026-07-23T13:09:00.278+0000] {processor.py:830} INFO - Processing file /opt/airflow/dags/youtube_pipeline.py for tasks to queue
[2026-07-23T13:09:00.281+0000] {logging_mixin.py:188} INFO - [2026-07-23T13:09:00.280+0000] {dagbag.py:545} INFO - Filling up the DagBag from /opt/airflow/dags/youtube_pipeline.py
[2026-07-23T13:09:00.300+0000] {processor.py:840} INFO - DAG(s) 'youtube_english_video_pipeline' retrieved from /opt/airflow/dags/youtube_pipeline.py
[2026-07-23T13:09:00.323+0000] {logging_mixin.py:188} INFO - [2026-07-23T13:09:00.322+0000] {dag.py:3089} INFO - Sync 1 DAGs
[2026-07-23T13:09:00.337+0000] {logging_mixin.py:188} INFO - [2026-07-23T13:09:00.337+0000] {dag.py:3947} INFO - Setting next_dagrun for youtube_english_video_pipeline to 2026-07-23 12:00:00+00:00, run_after=2026-07-24 12:00:00+00:00
[2026-07-23T13:09:00.350+0000] {processor.py:183} INFO - Processing /opt/airflow/dags/youtube_pipeline.py took 0.077 seconds
[2026-07-23T13:09:30.736+0000] {processor.py:161} INFO - Started process (PID=7544) to work on /opt/airflow/dags/youtube_pipeline.py
[2026-07-23T13:09:30.738+0000] {processor.py:830} INFO - Processing file /opt/airflow/dags/youtube_pipeline.py for tasks to queue
[2026-07-23T13:09:30.741+0000] {logging_mixin.py:188} INFO - [2026-07-23T13:09:30.741+0000] {dagbag.py:545} INFO - Filling up the DagBag from /opt/airflow/dags/youtube_pipeline.py
[2026-07-23T13:09:30.834+0000] {processor.py:840} INFO - DAG(s) 'youtube_english_video_pipeline' retrieved from /opt/airflow/dags/youtube_pipeline.py
[2026-07-23T13:09:30.863+0000] {logging_mixin.py:188} INFO - [2026-07-23T13:09:30.862+0000] {dag.py:3089} INFO - Sync 1 DAGs
[2026-07-23T13:09:30.879+0000] {logging_mixin.py:188} INFO - [2026-07-23T13:09:30.879+0000] {dag.py:3947} INFO - Setting next_dagrun for youtube_english_video_pipeline to 2026-07-23 12:00:00+00:00, run_after=2026-07-24 12:00:00+00:00
[2026-07-23T13:09:30.903+0000] {processor.py:183} INFO - Processing /opt/airflow/dags/youtube_pipeline.py took 0.179 seconds
[2026-07-23T13:10:01.162+0000] {processor.py:161} INFO - Started process (PID=7549) to work on /opt/airflow/dags/youtube_pipeline.py
[2026-07-23T13:10:01.163+0000] {processor.py:830} INFO - Processing file /opt/airflow/dags/youtube_pipeline.py for tasks to queue
[2026-07-23T13:10:01.164+0000] {logging_mixin.py:188} INFO - [2026-07-23T13:10:01.164+0000] {dagbag.py:545} INFO - Filling up the DagBag from /opt/airflow/dags/youtube_pipeline.py
[2026-07-23T13:10:01.184+0000] {processor.py:840} INFO - DAG(s) 'youtube_english_video_pipeline' retrieved from /opt/airflow/dags/youtube_pipeline.py
[2026-07-23T13:10:01.205+0000] {logging_mixin.py:188} INFO - [2026-07-23T13:10:01.205+0000] {dag.py:3089} INFO - Sync 1 DAGs
[2026-07-23T13:10:01.219+0000] {logging_mixin.py:188} INFO - [2026-07-23T13:10:01.219+0000] {dag.py:3947} INFO - Setting next_dagrun for youtube_english_video_pipeline to 2026-07-23 12:00:00+00:00, run_after=2026-07-24 12:00:00+00:00
[2026-07-23T13:10:01.233+0000] {processor.py:183} INFO - Processing /opt/airflow/dags/youtube_pipeline.py took 0.076 seconds
[2026-07-23T13:10:31.429+0000] {processor.py:161} INFO - Started process (PID=7554) to work on /opt/airflow/dags/youtube_pipeline.py
[2026-07-23T13:10:31.430+0000] {processor.py:830} INFO - Processing file /opt/airflow/dags/youtube_pipeline.py for tasks to queue
[2026-07-23T13:10:31.431+0000] {logging_mixin.py:188} INFO - [2026-07-23T13:10:31.431+0000] {dagbag.py:545} INFO - Filling up the DagBag from /opt/airflow/dags/youtube_pipeline.py
[2026-07-23T13:10:31.453+0000] {processor.py:840} INFO - DAG(s) 'youtube_english_video_pipeline' retrieved from /opt/airflow/dags/youtube_pipeline.py
[2026-07-23T13:10:31.475+0000] {logging_mixin.py:188} INFO - [2026-07-23T13:10:31.475+0000] {dag.py:3089} INFO - Sync 1 DAGs
[2026-07-23T13:10:31.490+0000] {logging_mixin.py:188} INFO - [2026-07-23T13:10:31.490+0000] {dag.py:3947} INFO - Setting next_dagrun for youtube_english_video_pipeline to 2026-07-23 12:00:00+00:00, run_after=2026-07-24 12:00:00+00:00
[2026-07-23T13:10:31.505+0000] {processor.py:183} INFO - Processing /opt/airflow/dags/youtube_pipeline.py took 0.081 seconds
[2026-07-23T13:11:01.957+0000] {processor.py:161} INFO - Started process (PID=7559) to work on /opt/airflow/dags/youtube_pipeline.py
[2026-07-23T13:11:01.958+0000] {processor.py:830} INFO - Processing file /opt/airflow/dags/youtube_pipeline.py for tasks to queue
[2026-07-23T13:11:01.960+0000] {logging_mixin.py:188} INFO - [2026-07-23T13:11:01.960+0000] {dagbag.py:545} INFO - Filling up the DagBag from /opt/airflow/dags/youtube_pipeline.py
[2026-07-23T13:11:01.982+0000] {processor.py:840} INFO - DAG(s) 'youtube_english_video_pipeline' retrieved from /opt/airflow/dags/youtube_pipeline.py
[2026-07-23T13:11:02.005+0000] {logging_mixin.py:188} INFO - [2026-07-23T13:11:02.005+0000] {dag.py:3089} INFO - Sync 1 DAGs
[2026-07-23T13:11:02.021+0000] {logging_mixin.py:188} INFO - [2026-07-23T13:11:02.020+0000] {dag.py:3947} INFO - Setting next_dagrun for youtube_english_video_pipeline to 2026-07-23 12:00:00+00:00, run_after=2026-07-24 12:00:00+00:00
[2026-07-23T13:11:02.036+0000] {processor.py:183} INFO - Processing /opt/airflow/dags/youtube_pipeline.py took 0.089 seconds
[2026-07-23T13:11:32.164+0000] {processor.py:161} INFO - Started process (PID=7564) to work on /opt/airflow/dags/youtube_pipeline.py
[2026-07-23T13:11:32.166+0000] {processor.py:830} INFO - Processing file /opt/airflow/dags/youtube_pipeline.py for tasks to queue
[2026-07-23T13:11:32.167+0000] {logging_mixin.py:188} INFO - [2026-07-23T13:11:32.167+0000] {dagbag.py:545} INFO - Filling up the DagBag from /opt/airflow/dags/youtube_pipeline.py
[2026-07-23T13:11:32.199+0000] {processor.py:840} INFO - DAG(s) 'youtube_english_video_pipeline' retrieved from /opt/airflow/dags/youtube_pipeline.py
[2026-07-23T13:11:32.222+0000] {logging_mixin.py:188} INFO - [2026-07-23T13:11:32.222+0000] {dag.py:3089} INFO - Sync 1 DAGs
[2026-07-23T13:11:32.240+0000] {logging_mixin.py:188} INFO - [2026-07-23T13:11:32.240+0000] {dag.py:3947} INFO - Setting next_dagrun for youtube_english_video_pipeline to 2026-07-23 12:00:00+00:00, run_after=2026-07-24 12:00:00+00:00
[2026-07-23T13:11:32.268+0000] {processor.py:183} INFO - Processing /opt/airflow/dags/youtube_pipeline.py took 0.112 seconds
[2026-07-23T13:12:02.597+0000] {processor.py:161} INFO - Started process (PID=7569) to work on /opt/airflow/dags/youtube_pipeline.py
[2026-07-23T13:12:02.598+0000] {processor.py:830} INFO - Processing file /opt/airflow/dags/youtube_pipeline.py for tasks to queue
[2026-07-23T13:12:02.600+0000] {logging_mixin.py:188} INFO - [2026-07-23T13:12:02.600+0000] {dagbag.py:545} INFO - Filling up the DagBag from /opt/airflow/dags/youtube_pipeline.py
[2026-07-23T13:12:02.625+0000] {processor.py:840} INFO - DAG(s) 'youtube_english_video_pipeline' retrieved from /opt/airflow/dags/youtube_pipeline.py
[2026-07-23T13:12:02.647+0000] {logging_mixin.py:188} INFO - [2026-07-23T13:12:02.647+0000] {dag.py:3089} INFO - Sync 1 DAGs
[2026-07-23T13:12:02.663+0000] {logging_mixin.py:188} INFO - [2026-07-23T13:12:02.663+0000] {dag.py:3947} INFO - Setting next_dagrun for youtube_english_video_pipeline to 2026-07-23 12:00:00+00:00, run_after=2026-07-24 12:00:00+00:00
[2026-07-23T13:12:02.679+0000] {processor.py:183} INFO - Processing /opt/airflow/dags/youtube_pipeline.py took 0.087 seconds
[2026-07-23T13:12:32.886+0000] {processor.py:161} INFO - Started process (PID=7580) to work on /opt/airflow/dags/youtube_pipeline.py
[2026-07-23T13:12:32.887+0000] {processor.py:830} INFO - Processing file /opt/airflow/dags/youtube_pipeline.py for tasks to queue
[2026-07-23T13:12:32.888+0000] {logging_mixin.py:188} INFO - [2026-07-23T13:12:32.888+0000] {dagbag.py:545} INFO - Filling up the DagBag from /opt/airflow/dags/youtube_pipeline.py
[2026-07-23T13:12:32.904+0000] {processor.py:840} INFO - DAG(s) 'youtube_english_video_pipeline' retrieved from /opt/airflow/dags/youtube_pipeline.py
[2026-07-23T13:12:32.926+0000] {logging_mixin.py:188} INFO - [2026-07-23T13:12:32.926+0000] {dag.py:3089} INFO - Sync 1 DAGs
[2026-07-23T13:12:32.940+0000] {logging_mixin.py:188} INFO - [2026-07-23T13:12:32.940+0000] {dag.py:3947} INFO - Setting next_dagrun for youtube_english_video_pipeline to 2026-07-23 12:00:00+00:00, run_after=2026-07-24 12:00:00+00:00
[2026-07-23T13:12:32.957+0000] {processor.py:183} INFO - Processing /opt/airflow/dags/youtube_pipeline.py took 0.076 seconds
[2026-07-23T13:13:03.132+0000] {processor.py:161} INFO - Started process (PID=7585) to work on /opt/airflow/dags/youtube_pipeline.py
[2026-07-23T13:13:03.133+0000] {processor.py:830} INFO - Processing file /opt/airflow/dags/youtube_pipeline.py for tasks to queue
[2026-07-23T13:13:03.135+0000] {logging_mixin.py:188} INFO - [2026-07-23T13:13:03.134+0000] {dagbag.py:545} INFO - Filling up the DagBag from /opt/airflow/dags/youtube_pipeline.py
[2026-07-23T13:13:03.152+0000] {processor.py:840} INFO - DAG(s) 'youtube_english_video_pipeline' retrieved from /opt/airflow/dags/youtube_pipeline.py
[2026-07-23T13:13:03.175+0000] {logging_mixin.py:188} INFO - [2026-07-23T13:13:03.175+0000] {dag.py:3089} INFO - Sync 1 DAGs
[2026-07-23T13:13:03.189+0000] {logging_mixin.py:188} INFO - [2026-07-23T13:13:03.189+0000] {dag.py:3947} INFO - Setting next_dagrun for youtube_english_video_pipeline to 2026-07-23 12:00:00+00:00, run_after=2026-07-24 12:00:00+00:00
[2026-07-23T13:13:03.203+0000] {processor.py:183} INFO - Processing /opt/airflow/dags/youtube_pipeline.py took 0.076 seconds
[2026-07-23T13:13:33.448+0000] {processor.py:161} INFO - Started process (PID=7590) to work on /opt/airflow/dags/youtube_pipeline.py
[2026-07-23T13:13:33.450+0000] {processor.py:830} INFO - Processing file /opt/airflow/dags/youtube_pipeline.py for tasks to queue
[2026-07-23T13:13:33.452+0000] {logging_mixin.py:188} INFO - [2026-07-23T13:13:33.451+0000] {dagbag.py:545} INFO - Filling up the DagBag from /opt/airflow/dags/youtube_pipeline.py
[2026-07-23T13:13:33.480+0000] {processor.py:840} INFO - DAG(s) 'youtube_english_video_pipeline' retrieved from /opt/airflow/dags/youtube_pipeline.py
[2026-07-23T13:13:33.526+0000] {logging_mixin.py:188} INFO - [2026-07-23T13:13:33.526+0000] {dag.py:3089} INFO - Sync 1 DAGs
[2026-07-23T13:13:33.555+0000] {logging_mixin.py:188} INFO - [2026-07-23T13:13:33.555+0000] {dag.py:3947} INFO - Setting next_dagrun for youtube_english_video_pipeline to 2026-07-23 12:00:00+00:00, run_after=2026-07-24 12:00:00+00:00
[2026-07-23T13:13:33.577+0000] {processor.py:183} INFO - Processing /opt/airflow/dags/youtube_pipeline.py took 0.134 seconds
[2026-07-23T13:14:03.792+0000] {processor.py:161} INFO - Started process (PID=7595) to work on /opt/airflow/dags/youtube_pipeline.py
[2026-07-23T13:14:03.793+0000] {processor.py:830} INFO - Processing file /opt/airflow/dags/youtube_pipeline.py for tasks to queue
[2026-07-23T13:14:03.796+0000] {logging_mixin.py:188} INFO - [2026-07-23T13:14:03.795+0000] {dagbag.py:545} INFO - Filling up the DagBag from /opt/airflow/dags/youtube_pipeline.py
[2026-07-23T13:14:03.833+0000] {processor.py:840} INFO - DAG(s) 'youtube_english_video_pipeline' retrieved from /opt/airflow/dags/youtube_pipeline.py
[2026-07-23T13:14:03.868+0000] {logging_mixin.py:188} INFO - [2026-07-23T13:14:03.868+0000] {dag.py:3089} INFO - Sync 1 DAGs
[2026-07-23T13:14:03.891+0000] {logging_mixin.py:188} INFO - [2026-07-23T13:14:03.891+0000] {dag.py:3947} INFO - Setting next_dagrun for youtube_english_video_pipeline to 2026-07-23 12:00:00+00:00, run_after=2026-07-24 12:00:00+00:00
[2026-07-23T13:14:03.918+0000] {processor.py:183} INFO - Processing /opt/airflow/dags/youtube_pipeline.py took 0.135 seconds
[2026-07-23T13:14:34.107+0000] {processor.py:161} INFO - Started process (PID=7600) to work on /opt/airflow/dags/youtube_pipeline.py
[2026-07-23T13:14:34.108+0000] {processor.py:830} INFO - Processing file /opt/airflow/dags/youtube_pipeline.py for tasks to queue
[2026-07-23T13:14:34.110+0000] {logging_mixin.py:188} INFO - [2026-07-23T13:14:34.109+0000] {dagbag.py:545} INFO - Filling up the DagBag from /opt/airflow/dags/youtube_pipeline.py
[2026-07-23T13:14:34.139+0000] {processor.py:840} INFO - DAG(s) 'youtube_english_video_pipeline' retrieved from /opt/airflow/dags/youtube_pipeline.py
[2026-07-23T13:14:34.163+0000] {logging_mixin.py:188} INFO - [2026-07-23T13:14:34.163+0000] {dag.py:3089} INFO - Sync 1 DAGs
[2026-07-23T13:14:34.180+0000] {logging_mixin.py:188} INFO - [2026-07-23T13:14:34.180+0000] {dag.py:3947} INFO - Setting next_dagrun for youtube_english_video_pipeline to 2026-07-23 12:00:00+00:00, run_after=2026-07-24 12:00:00+00:00
[2026-07-23T13:14:34.194+0000] {processor.py:183} INFO - Processing /opt/airflow/dags/youtube_pipeline.py took 0.091 seconds
[2026-07-23T13:15:04.357+0000] {processor.py:161} INFO - Started process (PID=7605) to work on /opt/airflow/dags/youtube_pipeline.py
[2026-07-23T13:15:04.358+0000] {processor.py:830} INFO - Processing file /opt/airflow/dags/youtube_pipeline.py for tasks to queue
[2026-07-23T13:15:04.359+0000] {logging_mixin.py:188} INFO - [2026-07-23T13:15:04.359+0000] {dagbag.py:545} INFO - Filling up the DagBag from /opt/airflow/dags/youtube_pipeline.py
[2026-07-23T13:15:04.376+0000] {processor.py:840} INFO - DAG(s) 'youtube_english_video_pipeline' retrieved from /opt/airflow/dags/youtube_pipeline.py
[2026-07-23T13:15:04.398+0000] {logging_mixin.py:188} INFO - [2026-07-23T13:15:04.398+0000] {dag.py:3089} INFO - Sync 1 DAGs
[2026-07-23T13:15:04.412+0000] {logging_mixin.py:188} INFO - [2026-07-23T13:15:04.412+0000] {dag.py:3947} INFO - Setting next_dagrun for youtube_english_video_pipeline to 2026-07-23 12:00:00+00:00, run_after=2026-07-24 12:00:00+00:00
[2026-07-23T13:15:04.426+0000] {processor.py:183} INFO - Processing /opt/airflow/dags/youtube_pipeline.py took 0.075 seconds
[2026-07-23T13:15:34.720+0000] {processor.py:161} INFO - Started process (PID=7610) to work on /opt/airflow/dags/youtube_pipeline.py
[2026-07-23T13:15:34.721+0000] {processor.py:830} INFO - Processing file /opt/airflow/dags/youtube_pipeline.py for tasks to queue
[2026-07-23T13:15:34.722+0000] {logging_mixin.py:188} INFO - [2026-07-23T13:15:34.722+0000] {dagbag.py:545} INFO - Filling up the DagBag from /opt/airflow/dags/youtube_pipeline.py
[2026-07-23T13:15:34.739+0000] {processor.py:840} INFO - DAG(s) 'youtube_english_video_pipeline' retrieved from /opt/airflow/dags/youtube_pipeline.py
[2026-07-23T13:15:34.761+0000] {logging_mixin.py:188} INFO - [2026-07-23T13:15:34.761+0000] {dag.py:3089} INFO - Sync 1 DAGs
[2026-07-23T13:15:34.775+0000] {logging_mixin.py:188} INFO - [2026-07-23T13:15:34.775+0000] {dag.py:3947} INFO - Setting next_dagrun for youtube_english_video_pipeline to 2026-07-23 12:00:00+00:00, run_after=2026-07-24 12:00:00+00:00
[2026-07-23T13:15:34.788+0000] {processor.py:183} INFO - Processing /opt/airflow/dags/youtube_pipeline.py took 0.072 seconds
[2026-07-23T13:16:04.975+0000] {processor.py:161} INFO - Started process (PID=7615) to work on /opt/airflow/dags/youtube_pipeline.py
[2026-07-23T13:16:04.976+0000] {processor.py:830} INFO - Processing file /opt/airflow/dags/youtube_pipeline.py for tasks to queue
[2026-07-23T13:16:04.978+0000] {logging_mixin.py:188} INFO - [2026-07-23T13:16:04.978+0000] {dagbag.py:545} INFO - Filling up the DagBag from /opt/airflow/dags/youtube_pipeline.py
[2026-07-23T13:16:04.995+0000] {processor.py:840} INFO - DAG(s) 'youtube_english_video_pipeline' retrieved from /opt/airflow/dags/youtube_pipeline.py
[2026-07-23T13:16:05.017+0000] {logging_mixin.py:188} INFO - [2026-07-23T13:16:05.017+0000] {dag.py:3089} INFO - Sync 1 DAGs
[2026-07-23T13:16:05.031+0000] {logging_mixin.py:188} INFO - [2026-07-23T13:16:05.031+0000] {dag.py:3947} INFO - Setting next_dagrun for youtube_english_video_pipeline to 2026-07-23 12:00:00+00:00, run_after=2026-07-24 12:00:00+00:00
[2026-07-23T13:16:05.044+0000] {processor.py:183} INFO - Processing /opt/airflow/dags/youtube_pipeline.py took 0.075 seconds
[2026-07-23T13:16:35.268+0000] {processor.py:161} INFO - Started process (PID=7620) to work on /opt/airflow/dags/youtube_pipeline.py
[2026-07-23T13:16:35.269+0000] {processor.py:830} INFO - Processing file /opt/airflow/dags/youtube_pipeline.py for tasks to queue
[2026-07-23T13:16:35.270+0000] {logging_mixin.py:188} INFO - [2026-07-23T13:16:35.270+0000] {dagbag.py:545} INFO - Filling up the DagBag from /opt/airflow/dags/youtube_pipeline.py
[2026-07-23T13:16:35.290+0000] {processor.py:840} INFO - DAG(s) 'youtube_english_video_pipeline' retrieved from /opt/airflow/dags/youtube_pipeline.py
[2026-07-23T13:16:35.315+0000] {logging_mixin.py:188} INFO - [2026-07-23T13:16:35.315+0000] {dag.py:3089} INFO - Sync 1 DAGs
[2026-07-23T13:16:35.329+0000] {logging_mixin.py:188} INFO - [2026-07-23T13:16:35.329+0000] {dag.py:3947} INFO - Setting next_dagrun for youtube_english_video_pipeline to 2026-07-23 12:00:00+00:00, run_after=2026-07-24 12:00:00+00:00
[2026-07-23T13:16:35.343+0000] {processor.py:183} INFO - Processing /opt/airflow/dags/youtube_pipeline.py took 0.080 seconds
[2026-07-23T13:17:05.547+0000] {processor.py:161} INFO - Started process (PID=7631) to work on /opt/airflow/dags/youtube_pipeline.py
[2026-07-23T13:17:05.551+0000] {processor.py:830} INFO - Processing file /opt/airflow/dags/youtube_pipeline.py for tasks to queue
[2026-07-23T13:17:05.552+0000] {logging_mixin.py:188} INFO - [2026-07-23T13:17:05.552+0000] {dagbag.py:545} INFO - Filling up the DagBag from /opt/airflow/dags/youtube_pipeline.py
[2026-07-23T13:17:05.589+0000] {processor.py:840} INFO - DAG(s) 'youtube_english_video_pipeline' retrieved from /opt/airflow/dags/youtube_pipeline.py
[2026-07-23T13:17:05.613+0000] {logging_mixin.py:188} INFO - [2026-07-23T13:17:05.613+0000] {dag.py:3089} INFO - Sync 1 DAGs
[2026-07-23T13:17:05.633+0000] {logging_mixin.py:188} INFO - [2026-07-23T13:17:05.633+0000] {dag.py:3947} INFO - Setting next_dagrun for youtube_english_video_pipeline to 2026-07-23 12:00:00+00:00, run_after=2026-07-24 12:00:00+00:00
[2026-07-23T13:17:05.655+0000] {processor.py:183} INFO - Processing /opt/airflow/dags/youtube_pipeline.py took 0.115 seconds
[2026-07-23T13:17:35.807+0000] {processor.py:161} INFO - Started process (PID=7636) to work on /opt/airflow/dags/youtube_pipeline.py
[2026-07-23T13:17:35.809+0000] {processor.py:830} INFO - Processing file /opt/airflow/dags/youtube_pipeline.py for tasks to queue
[2026-07-23T13:17:35.811+0000] {logging_mixin.py:188} INFO - [2026-07-23T13:17:35.810+0000] {dagbag.py:545} INFO - Filling up the DagBag from /opt/airflow/dags/youtube_pipeline.py
[2026-07-23T13:17:35.830+0000] {processor.py:840} INFO - DAG(s) 'youtube_english_video_pipeline' retrieved from /opt/airflow/dags/youtube_pipeline.py
[2026-07-23T13:17:35.865+0000] {logging_mixin.py:188} INFO - [2026-07-23T13:17:35.864+0000] {dag.py:3089} INFO - Sync 1 DAGs
[2026-07-23T13:17:35.883+0000] {logging_mixin.py:188} INFO - [2026-07-23T13:17:35.883+0000] {dag.py:3947} INFO - Setting next_dagrun for youtube_english_video_pipeline to 2026-07-23 12:00:00+00:00, run_after=2026-07-24 12:00:00+00:00
[2026-07-23T13:17:35.900+0000] {processor.py:183} INFO - Processing /opt/airflow/dags/youtube_pipeline.py took 0.098 seconds
[2026-07-23T13:18:06.044+0000] {processor.py:161} INFO - Started process (PID=7641) to work on /opt/airflow/dags/youtube_pipeline.py
[2026-07-23T13:18:06.045+0000] {processor.py:830} INFO - Processing file /opt/airflow/dags/youtube_pipeline.py for tasks to queue
[2026-07-23T13:18:06.046+0000] {logging_mixin.py:188} INFO - [2026-07-23T13:18:06.046+0000] {dagbag.py:545} INFO - Filling up the DagBag from /opt/airflow/dags/youtube_pipeline.py
[2026-07-23T13:18:06.063+0000] {processor.py:840} INFO - DAG(s) 'youtube_english_video_pipeline' retrieved from /opt/airflow/dags/youtube_pipeline.py
[2026-07-23T13:18:06.086+0000] {logging_mixin.py:188} INFO - [2026-07-23T13:18:06.086+0000] {dag.py:3089} INFO - Sync 1 DAGs
[2026-07-23T13:18:06.101+0000] {logging_mixin.py:188} INFO - [2026-07-23T13:18:06.101+0000] {dag.py:3947} INFO - Setting next_dagrun for youtube_english_video_pipeline to 2026-07-23 12:00:00+00:00, run_after=2026-07-24 12:00:00+00:00
[2026-07-23T13:18:06.113+0000] {processor.py:183} INFO - Processing /opt/airflow/dags/youtube_pipeline.py took 0.075 seconds
[2026-07-23T13:18:36.402+0000] {processor.py:161} INFO - Started process (PID=7646) to work on /opt/airflow/dags/youtube_pipeline.py
[2026-07-23T13:18:36.403+0000] {processor.py:830} INFO - Processing file /opt/airflow/dags/youtube_pipeline.py for tasks to queue
[2026-07-23T13:18:36.405+0000] {logging_mixin.py:188} INFO - [2026-07-23T13:18:36.405+0000] {dagbag.py:545} INFO - Filling up the DagBag from /opt/airflow/dags/youtube_pipeline.py
[2026-07-23T13:18:36.429+0000] {processor.py:840} INFO - DAG(s) 'youtube_english_video_pipeline' retrieved from /opt/airflow/dags/youtube_pipeline.py
[2026-07-23T13:18:36.451+0000] {logging_mixin.py:188} INFO - [2026-07-23T13:18:36.451+0000] {dag.py:3089} INFO - Sync 1 DAGs
[2026-07-23T13:18:36.465+0000] {logging_mixin.py:188} INFO - [2026-07-23T13:18:36.465+0000] {dag.py:3947} INFO - Setting next_dagrun for youtube_english_video_pipeline to 2026-07-23 12:00:00+00:00, run_after=2026-07-24 12:00:00+00:00
[2026-07-23T13:18:36.478+0000] {processor.py:183} INFO - Processing /opt/airflow/dags/youtube_pipeline.py took 0.081 seconds
[2026-07-23T13:19:06.681+0000] {processor.py:161} INFO - Started process (PID=7651) to work on /opt/airflow/dags/youtube_pipeline.py
[2026-07-23T13:19:06.682+0000] {processor.py:830} INFO - Processing file /opt/airflow/dags/youtube_pipeline.py for tasks to queue
[2026-07-23T13:19:06.684+0000] {logging_mixin.py:188} INFO - [2026-07-23T13:19:06.683+0000] {dagbag.py:545} INFO - Filling up the DagBag from /opt/airflow/dags/youtube_pipeline.py
[2026-07-23T13:19:06.702+0000] {processor.py:840} INFO - DAG(s) 'youtube_english_video_pipeline' retrieved from /opt/airflow/dags/youtube_pipeline.py
[2026-07-23T13:19:06.734+0000] {logging_mixin.py:188} INFO - [2026-07-23T13:19:06.734+0000] {dag.py:3089} INFO - Sync 1 DAGs
[2026-07-23T13:19:06.750+0000] {logging_mixin.py:188} INFO - [2026-07-23T13:19:06.750+0000] {dag.py:3947} INFO - Setting next_dagrun for youtube_english_video_pipeline to 2026-07-23 12:00:00+00:00, run_after=2026-07-24 12:00:00+00:00
[2026-07-23T13:19:06.765+0000] {processor.py:183} INFO - Processing /opt/airflow/dags/youtube_pipeline.py took 0.088 seconds
[2026-07-23T13:19:36.969+0000] {processor.py:161} INFO - Started process (PID=7656) to work on /opt/airflow/dags/youtube_pipeline.py
[2026-07-23T13:19:36.970+0000] {processor.py:830} INFO - Processing file /opt/airflow/dags/youtube_pipeline.py for tasks to queue
[2026-07-23T13:19:36.973+0000] {logging_mixin.py:188} INFO - [2026-07-23T13:19:36.972+0000] {dagbag.py:545} INFO - Filling up the DagBag from /opt/airflow/dags/youtube_pipeline.py
[2026-07-23T13:19:37.027+0000] {processor.py:840} INFO - DAG(s) 'youtube_english_video_pipeline' retrieved from /opt/airflow/dags/youtube_pipeline.py
[2026-07-23T13:19:37.054+0000] {logging_mixin.py:188} INFO - [2026-07-23T13:19:37.054+0000] {dag.py:3089} INFO - Sync 1 DAGs
[2026-07-23T13:19:37.070+0000] {logging_mixin.py:188} INFO - [2026-07-23T13:19:37.070+0000] {dag.py:3947} INFO - Setting next_dagrun for youtube_english_video_pipeline to 2026-07-23 12:00:00+00:00, run_after=2026-07-24 12:00:00+00:00
[2026-07-23T13:19:37.086+0000] {processor.py:183} INFO - Processing /opt/airflow/dags/youtube_pipeline.py took 0.129 seconds
[2026-07-23T13:20:07.353+0000] {processor.py:161} INFO - Started process (PID=7661) to work on /opt/airflow/dags/youtube_pipeline.py
[2026-07-23T13:20:07.355+0000] {processor.py:830} INFO - Processing file /opt/airflow/dags/youtube_pipeline.py for tasks to queue
[2026-07-23T13:20:07.357+0000] {logging_mixin.py:188} INFO - [2026-07-23T13:20:07.357+0000] {dagbag.py:545} INFO - Filling up the DagBag from /opt/airflow/dags/youtube_pipeline.py
[2026-07-23T13:20:07.394+0000] {processor.py:840} INFO - DAG(s) 'youtube_english_video_pipeline' retrieved from /opt/airflow/dags/youtube_pipeline.py
[2026-07-23T13:20:07.416+0000] {logging_mixin.py:188} INFO - [2026-07-23T13:20:07.415+0000] {dag.py:3089} INFO - Sync 1 DAGs
[2026-07-23T13:20:07.430+0000] {logging_mixin.py:188} INFO - [2026-07-23T13:20:07.430+0000] {dag.py:3947} INFO - Setting next_dagrun for youtube_english_video_pipeline to 2026-07-23 12:00:00+00:00, run_after=2026-07-24 12:00:00+00:00
[2026-07-23T13:20:07.444+0000] {processor.py:183} INFO - Processing /opt/airflow/dags/youtube_pipeline.py took 0.098 seconds
[2026-07-23T13:20:37.576+0000] {processor.py:161} INFO - Started process (PID=7666) to work on /opt/airflow/dags/youtube_pipeline.py
[2026-07-23T13:20:37.578+0000] {processor.py:830} INFO - Processing file /opt/airflow/dags/youtube_pipeline.py for tasks to queue
[2026-07-23T13:20:37.579+0000] {logging_mixin.py:188} INFO - [2026-07-23T13:20:37.579+0000] {dagbag.py:545} INFO - Filling up the DagBag from /opt/airflow/dags/youtube_pipeline.py
[2026-07-23T13:20:37.615+0000] {processor.py:840} INFO - DAG(s) 'youtube_english_video_pipeline' retrieved from /opt/airflow/dags/youtube_pipeline.py
[2026-07-23T13:20:37.639+0000] {logging_mixin.py:188} INFO - [2026-07-23T13:20:37.638+0000] {dag.py:3089} INFO - Sync 1 DAGs
[2026-07-23T13:20:37.653+0000] {logging_mixin.py:188} INFO - [2026-07-23T13:20:37.653+0000] {dag.py:3947} INFO - Setting next_dagrun for youtube_english_video_pipeline to 2026-07-23 12:00:00+00:00, run_after=2026-07-24 12:00:00+00:00
[2026-07-23T13:20:37.670+0000] {processor.py:183} INFO - Processing /opt/airflow/dags/youtube_pipeline.py took 0.099 seconds
[2026-07-23T13:21:07.939+0000] {processor.py:161} INFO - Started process (PID=7671) to work on /opt/airflow/dags/youtube_pipeline.py
[2026-07-23T13:21:07.940+0000] {processor.py:830} INFO - Processing file /opt/airflow/dags/youtube_pipeline.py for tasks to queue
[2026-07-23T13:21:07.942+0000] {logging_mixin.py:188} INFO - [2026-07-23T13:21:07.941+0000] {dagbag.py:545} INFO - Filling up the DagBag from /opt/airflow/dags/youtube_pipeline.py
[2026-07-23T13:21:07.960+0000] {processor.py:840} INFO - DAG(s) 'youtube_english_video_pipeline' retrieved from /opt/airflow/dags/youtube_pipeline.py
[2026-07-23T13:21:07.982+0000] {logging_mixin.py:188} INFO - [2026-07-23T13:21:07.982+0000] {dag.py:3089} INFO - Sync 1 DAGs
[2026-07-23T13:21:07.996+0000] {logging_mixin.py:188} INFO - [2026-07-23T13:21:07.996+0000] {dag.py:3947} INFO - Setting next_dagrun for youtube_english_video_pipeline to 2026-07-23 12:00:00+00:00, run_after=2026-07-24 12:00:00+00:00
[2026-07-23T13:21:08.012+0000] {processor.py:183} INFO - Processing /opt/airflow/dags/youtube_pipeline.py took 0.079 seconds
[2026-07-23T13:21:38.198+0000] {processor.py:161} INFO - Started process (PID=7676) to work on /opt/airflow/dags/youtube_pipeline.py
[2026-07-23T13:21:38.199+0000] {processor.py:830} INFO - Processing file /opt/airflow/dags/youtube_pipeline.py for tasks to queue
[2026-07-23T13:21:38.200+0000] {logging_mixin.py:188} INFO - [2026-07-23T13:21:38.200+0000] {dagbag.py:545} INFO - Filling up the DagBag from /opt/airflow/dags/youtube_pipeline.py
[2026-07-23T13:21:38.216+0000] {processor.py:840} INFO - DAG(s) 'youtube_english_video_pipeline' retrieved from /opt/airflow/dags/youtube_pipeline.py
[2026-07-23T13:21:38.237+0000] {logging_mixin.py:188} INFO - [2026-07-23T13:21:38.237+0000] {dag.py:3089} INFO - Sync 1 DAGs
[2026-07-23T13:21:38.252+0000] {logging_mixin.py:188} INFO - [2026-07-23T13:21:38.252+0000] {dag.py:3947} INFO - Setting next_dagrun for youtube_english_video_pipeline to 2026-07-23 12:00:00+00:00, run_after=2026-07-24 12:00:00+00:00
[2026-07-23T13:21:38.265+0000] {processor.py:183} INFO - Processing /opt/airflow/dags/youtube_pipeline.py took 0.073 seconds
[2026-07-23T13:22:17.923+0000] {processor.py:161} INFO - Started process (PID=209) to work on /opt/airflow/dags/youtube_pipeline.py
[2026-07-23T13:22:17.924+0000] {processor.py:830} INFO - Processing file /opt/airflow/dags/youtube_pipeline.py for tasks to queue
[2026-07-23T13:22:17.926+0000] {logging_mixin.py:188} INFO - [2026-07-23T13:22:17.926+0000] {dagbag.py:545} INFO - Filling up the DagBag from /opt/airflow/dags/youtube_pipeline.py
[2026-07-23T13:22:17.969+0000] {processor.py:840} INFO - DAG(s) 'youtube_english_video_pipeline' retrieved from /opt/airflow/dags/youtube_pipeline.py
[2026-07-23T13:22:18.029+0000] {logging_mixin.py:188} INFO - [2026-07-23T13:22:18.028+0000] {dag.py:3089} INFO - Sync 1 DAGs
[2026-07-23T13:22:18.046+0000] {logging_mixin.py:188} INFO - [2026-07-23T13:22:18.046+0000] {dag.py:3947} INFO - Setting next_dagrun for youtube_english_video_pipeline to 2026-07-23 12:00:00+00:00, run_after=2026-07-24 12:00:00+00:00
[2026-07-23T13:22:18.062+0000] {processor.py:183} INFO - Processing /opt/airflow/dags/youtube_pipeline.py took 0.145 seconds
[2026-07-23T13:22:48.220+0000] {processor.py:161} INFO - Started process (PID=214) to work on /opt/airflow/dags/youtube_pipeline.py
[2026-07-23T13:22:48.221+0000] {processor.py:830} INFO - Processing file /opt/airflow/dags/youtube_pipeline.py for tasks to queue
[2026-07-23T13:22:48.223+0000] {logging_mixin.py:188} INFO - [2026-07-23T13:22:48.223+0000] {dagbag.py:545} INFO - Filling up the DagBag from /opt/airflow/dags/youtube_pipeline.py
[2026-07-23T13:22:48.254+0000] {processor.py:840} INFO - DAG(s) 'youtube_english_video_pipeline' retrieved from /opt/airflow/dags/youtube_pipeline.py
[2026-07-23T13:22:48.283+0000] {logging_mixin.py:188} INFO - [2026-07-23T13:22:48.283+0000] {dag.py:3089} INFO - Sync 1 DAGs
[2026-07-23T13:22:48.304+0000] {logging_mixin.py:188} INFO - [2026-07-23T13:22:48.304+0000] {dag.py:3947} INFO - Setting next_dagrun for youtube_english_video_pipeline to 2026-07-23 12:00:00+00:00, run_after=2026-07-24 12:00:00+00:00
[2026-07-23T13:22:48.326+0000] {processor.py:183} INFO - Processing /opt/airflow/dags/youtube_pipeline.py took 0.113 seconds
[2026-07-23T13:23:18.480+0000] {processor.py:161} INFO - Started process (PID=219) to work on /opt/airflow/dags/youtube_pipeline.py
[2026-07-23T13:23:18.481+0000] {processor.py:830} INFO - Processing file /opt/airflow/dags/youtube_pipeline.py for tasks to queue
[2026-07-23T13:23:18.484+0000] {logging_mixin.py:188} INFO - [2026-07-23T13:23:18.483+0000] {dagbag.py:545} INFO - Filling up the DagBag from /opt/airflow/dags/youtube_pipeline.py
[2026-07-23T13:23:18.516+0000] {processor.py:840} INFO - DAG(s) 'youtube_english_video_pipeline' retrieved from /opt/airflow/dags/youtube_pipeline.py
[2026-07-23T13:23:18.544+0000] {logging_mixin.py:188} INFO - [2026-07-23T13:23:18.544+0000] {dag.py:3089} INFO - Sync 1 DAGs
[2026-07-23T13:23:18.566+0000] {logging_mixin.py:188} INFO - [2026-07-23T13:23:18.565+0000] {dag.py:3947} INFO - Setting next_dagrun for youtube_english_video_pipeline to 2026-07-23 12:00:00+00:00, run_after=2026-07-24 12:00:00+00:00
[2026-07-23T13:23:18.588+0000] {processor.py:183} INFO - Processing /opt/airflow/dags/youtube_pipeline.py took 0.115 seconds
[2026-07-23T13:23:48.711+0000] {processor.py:161} INFO - Started process (PID=224) to work on /opt/airflow/dags/youtube_pipeline.py
[2026-07-23T13:23:48.712+0000] {processor.py:830} INFO - Processing file /opt/airflow/dags/youtube_pipeline.py for tasks to queue
[2026-07-23T13:23:48.715+0000] {logging_mixin.py:188} INFO - [2026-07-23T13:23:48.714+0000] {dagbag.py:545} INFO - Filling up the DagBag from /opt/airflow/dags/youtube_pipeline.py
[2026-07-23T13:23:48.749+0000] {processor.py:840} INFO - DAG(s) 'youtube_english_video_pipeline' retrieved from /opt/airflow/dags/youtube_pipeline.py
[2026-07-23T13:23:48.791+0000] {logging_mixin.py:188} INFO - [2026-07-23T13:23:48.791+0000] {dag.py:3089} INFO - Sync 1 DAGs
[2026-07-23T13:23:48.812+0000] {logging_mixin.py:188} INFO - [2026-07-23T13:23:48.812+0000] {dag.py:3947} INFO - Setting next_dagrun for youtube_english_video_pipeline to 2026-07-23 12:00:00+00:00, run_after=2026-07-24 12:00:00+00:00
[2026-07-23T13:23:48.969+0000] {processor.py:183} INFO - Processing /opt/airflow/dags/youtube_pipeline.py took 0.266 seconds
[2026-07-23T13:24:19.039+0000] {processor.py:161} INFO - Started process (PID=229) to work on /opt/airflow/dags/youtube_pipeline.py
[2026-07-23T13:24:19.040+0000] {processor.py:830} INFO - Processing file /opt/airflow/dags/youtube_pipeline.py for tasks to queue
[2026-07-23T13:24:19.042+0000] {logging_mixin.py:188} INFO - [2026-07-23T13:24:19.042+0000] {dagbag.py:545} INFO - Filling up the DagBag from /opt/airflow/dags/youtube_pipeline.py
[2026-07-23T13:24:19.061+0000] {processor.py:840} INFO - DAG(s) 'youtube_english_video_pipeline' retrieved from /opt/airflow/dags/youtube_pipeline.py
[2026-07-23T13:24:19.087+0000] {logging_mixin.py:188} INFO - [2026-07-23T13:24:19.087+0000] {dag.py:3089} INFO - Sync 1 DAGs
[2026-07-23T13:24:19.209+0000] {logging_mixin.py:188} INFO - [2026-07-23T13:24:19.209+0000] {dag.py:3947} INFO - Setting next_dagrun for youtube_english_video_pipeline to 2026-07-23 12:00:00+00:00, run_after=2026-07-24 12:00:00+00:00
[2026-07-23T13:24:19.223+0000] {processor.py:183} INFO - Processing /opt/airflow/dags/youtube_pipeline.py took 0.188 seconds
[2026-07-23T13:24:49.442+0000] {processor.py:161} INFO - Started process (PID=234) to work on /opt/airflow/dags/youtube_pipeline.py
[2026-07-23T13:24:49.443+0000] {processor.py:830} INFO - Processing file /opt/airflow/dags/youtube_pipeline.py for tasks to queue
[2026-07-23T13:24:49.445+0000] {logging_mixin.py:188} INFO - [2026-07-23T13:24:49.445+0000] {dagbag.py:545} INFO - Filling up the DagBag from /opt/airflow/dags/youtube_pipeline.py
[2026-07-23T13:24:49.475+0000] {processor.py:840} INFO - DAG(s) 'youtube_english_video_pipeline' retrieved from /opt/airflow/dags/youtube_pipeline.py
[2026-07-23T13:24:49.618+0000] {logging_mixin.py:188} INFO - [2026-07-23T13:24:49.617+0000] {dag.py:3089} INFO - Sync 1 DAGs
[2026-07-23T13:24:49.650+0000] {logging_mixin.py:188} INFO - [2026-07-23T13:24:49.649+0000] {dag.py:3947} INFO - Setting next_dagrun for youtube_english_video_pipeline to 2026-07-23 12:00:00+00:00, run_after=2026-07-24 12:00:00+00:00
[2026-07-23T13:24:49.688+0000] {processor.py:183} INFO - Processing /opt/airflow/dags/youtube_pipeline.py took 0.252 seconds
[2026-07-23T13:25:19.941+0000] {processor.py:161} INFO - Started process (PID=239) to work on /opt/airflow/dags/youtube_pipeline.py
[2026-07-23T13:25:19.942+0000] {processor.py:830} INFO - Processing file /opt/airflow/dags/youtube_pipeline.py for tasks to queue
[2026-07-23T13:25:19.944+0000] {logging_mixin.py:188} INFO - [2026-07-23T13:25:19.943+0000] {dagbag.py:545} INFO - Filling up the DagBag from /opt/airflow/dags/youtube_pipeline.py
[2026-07-23T13:25:20.140+0000] {processor.py:840} INFO - DAG(s) 'youtube_english_video_pipeline' retrieved from /opt/airflow/dags/youtube_pipeline.py
[2026-07-23T13:25:20.186+0000] {logging_mixin.py:188} INFO - [2026-07-23T13:25:20.186+0000] {dag.py:3089} INFO - Sync 1 DAGs
[2026-07-23T13:25:20.213+0000] {logging_mixin.py:188} INFO - [2026-07-23T13:25:20.213+0000] {dag.py:3947} INFO - Setting next_dagrun for youtube_english_video_pipeline to 2026-07-23 12:00:00+00:00, run_after=2026-07-24 12:00:00+00:00
[2026-07-23T13:25:20.231+0000] {processor.py:183} INFO - Processing /opt/airflow/dags/youtube_pipeline.py took 0.296 seconds
[2026-07-23T13:25:50.378+0000] {processor.py:161} INFO - Started process (PID=244) to work on /opt/airflow/dags/youtube_pipeline.py
[2026-07-23T13:25:50.379+0000] {processor.py:830} INFO - Processing file /opt/airflow/dags/youtube_pipeline.py for tasks to queue
[2026-07-23T13:25:50.381+0000] {logging_mixin.py:188} INFO - [2026-07-23T13:25:50.380+0000] {dagbag.py:545} INFO - Filling up the DagBag from /opt/airflow/dags/youtube_pipeline.py
[2026-07-23T13:25:50.400+0000] {processor.py:840} INFO - DAG(s) 'youtube_english_video_pipeline' retrieved from /opt/airflow/dags/youtube_pipeline.py
[2026-07-23T13:25:50.430+0000] {logging_mixin.py:188} INFO - [2026-07-23T13:25:50.430+0000] {dag.py:3089} INFO - Sync 1 DAGs
[2026-07-23T13:25:50.451+0000] {logging_mixin.py:188} INFO - [2026-07-23T13:25:50.451+0000] {dag.py:3947} INFO - Setting next_dagrun for youtube_english_video_pipeline to 2026-07-23 12:00:00+00:00, run_after=2026-07-24 12:00:00+00:00
[2026-07-23T13:25:50.470+0000] {processor.py:183} INFO - Processing /opt/airflow/dags/youtube_pipeline.py took 0.100 seconds
[2026-07-23T13:26:20.687+0000] {processor.py:161} INFO - Started process (PID=249) to work on /opt/airflow/dags/youtube_pipeline.py
[2026-07-23T13:26:20.687+0000] {processor.py:830} INFO - Processing file /opt/airflow/dags/youtube_pipeline.py for tasks to queue
[2026-07-23T13:26:20.689+0000] {logging_mixin.py:188} INFO - [2026-07-23T13:26:20.689+0000] {dagbag.py:545} INFO - Filling up the DagBag from /opt/airflow/dags/youtube_pipeline.py
[2026-07-23T13:26:20.710+0000] {processor.py:840} INFO - DAG(s) 'youtube_english_video_pipeline' retrieved from /opt/airflow/dags/youtube_pipeline.py
[2026-07-23T13:26:20.734+0000] {logging_mixin.py:188} INFO - [2026-07-23T13:26:20.734+0000] {dag.py:3089} INFO - Sync 1 DAGs
[2026-07-23T13:26:20.750+0000] {logging_mixin.py:188} INFO - [2026-07-23T13:26:20.750+0000] {dag.py:3947} INFO - Setting next_dagrun for youtube_english_video_pipeline to 2026-07-23 12:00:00+00:00, run_after=2026-07-24 12:00:00+00:00
[2026-07-23T13:26:20.764+0000] {processor.py:183} INFO - Processing /opt/airflow/dags/youtube_pipeline.py took 0.083 seconds
[2026-07-23T13:26:50.912+0000] {processor.py:161} INFO - Started process (PID=254) to work on /opt/airflow/dags/youtube_pipeline.py
[2026-07-23T13:26:50.913+0000] {processor.py:830} INFO - Processing file /opt/airflow/dags/youtube_pipeline.py for tasks to queue
[2026-07-23T13:26:50.916+0000] {logging_mixin.py:188} INFO - [2026-07-23T13:26:50.916+0000] {dagbag.py:545} INFO - Filling up the DagBag from /opt/airflow/dags/youtube_pipeline.py
[2026-07-23T13:26:50.953+0000] {processor.py:840} INFO - DAG(s) 'youtube_english_video_pipeline' retrieved from /opt/airflow/dags/youtube_pipeline.py
[2026-07-23T13:26:50.988+0000] {logging_mixin.py:188} INFO - [2026-07-23T13:26:50.988+0000] {dag.py:3089} INFO - Sync 1 DAGs
[2026-07-23T13:26:51.009+0000] {logging_mixin.py:188} INFO - [2026-07-23T13:26:51.009+0000] {dag.py:3947} INFO - Setting next_dagrun for youtube_english_video_pipeline to 2026-07-23 12:00:00+00:00, run_after=2026-07-24 12:00:00+00:00
[2026-07-23T13:26:51.026+0000] {processor.py:183} INFO - Processing /opt/airflow/dags/youtube_pipeline.py took 0.125 seconds
[2026-07-23T13:27:21.455+0000] {processor.py:161} INFO - Started process (PID=259) to work on /opt/airflow/dags/youtube_pipeline.py
[2026-07-23T13:27:21.457+0000] {processor.py:830} INFO - Processing file /opt/airflow/dags/youtube_pipeline.py for tasks to queue
[2026-07-23T13:27:21.459+0000] {logging_mixin.py:188} INFO - [2026-07-23T13:27:21.459+0000] {dagbag.py:545} INFO - Filling up the DagBag from /opt/airflow/dags/youtube_pipeline.py
[2026-07-23T13:27:21.561+0000] {processor.py:840} INFO - DAG(s) 'youtube_english_video_pipeline' retrieved from /opt/airflow/dags/youtube_pipeline.py
[2026-07-23T13:27:21.590+0000] {logging_mixin.py:188} INFO - [2026-07-23T13:27:21.590+0000] {dag.py:3089} INFO - Sync 1 DAGs
[2026-07-23T13:27:21.607+0000] {logging_mixin.py:188} INFO - [2026-07-23T13:27:21.607+0000] {dag.py:3947} INFO - Setting next_dagrun for youtube_english_video_pipeline to 2026-07-23 12:00:00+00:00, run_after=2026-07-24 12:00:00+00:00
[2026-07-23T13:27:21.642+0000] {processor.py:183} INFO - Processing /opt/airflow/dags/youtube_pipeline.py took 0.205 seconds
[2026-07-23T13:27:51.959+0000] {processor.py:161} INFO - Started process (PID=264) to work on /opt/airflow/dags/youtube_pipeline.py
[2026-07-23T13:27:51.961+0000] {processor.py:830} INFO - Processing file /opt/airflow/dags/youtube_pipeline.py for tasks to queue
[2026-07-23T13:27:51.964+0000] {logging_mixin.py:188} INFO - [2026-07-23T13:27:51.963+0000] {dagbag.py:545} INFO - Filling up the DagBag from /opt/airflow/dags/youtube_pipeline.py
[2026-07-23T13:27:51.987+0000] {processor.py:840} INFO - DAG(s) 'youtube_english_video_pipeline' retrieved from /opt/airflow/dags/youtube_pipeline.py
[2026-07-23T13:27:52.015+0000] {logging_mixin.py:188} INFO - [2026-07-23T13:27:52.014+0000] {dag.py:3089} INFO - Sync 1 DAGs
[2026-07-23T13:27:52.033+0000] {logging_mixin.py:188} INFO - [2026-07-23T13:27:52.032+0000] {dag.py:3947} INFO - Setting next_dagrun for youtube_english_video_pipeline to 2026-07-23 12:00:00+00:00, run_after=2026-07-24 12:00:00+00:00
[2026-07-23T13:27:52.047+0000] {processor.py:183} INFO - Processing /opt/airflow/dags/youtube_pipeline.py took 0.098 seconds
[2026-07-23T13:28:22.177+0000] {processor.py:161} INFO - Started process (PID=269) to work on /opt/airflow/dags/youtube_pipeline.py
[2026-07-23T13:28:22.178+0000] {processor.py:830} INFO - Processing file /opt/airflow/dags/youtube_pipeline.py for tasks to queue
[2026-07-23T13:28:22.180+0000] {logging_mixin.py:188} INFO - [2026-07-23T13:28:22.180+0000] {dagbag.py:545} INFO - Filling up the DagBag from /opt/airflow/dags/youtube_pipeline.py
[2026-07-23T13:28:22.212+0000] {processor.py:840} INFO - DAG(s) 'youtube_english_video_pipeline' retrieved from /opt/airflow/dags/youtube_pipeline.py
[2026-07-23T13:28:22.242+0000] {logging_mixin.py:188} INFO - [2026-07-23T13:28:22.242+0000] {dag.py:3089} INFO - Sync 1 DAGs
[2026-07-23T13:28:22.258+0000] {logging_mixin.py:188} INFO - [2026-07-23T13:28:22.258+0000] {dag.py:3947} INFO - Setting next_dagrun for youtube_english_video_pipeline to 2026-07-23 12:00:00+00:00, run_after=2026-07-24 12:00:00+00:00
[2026-07-23T13:28:22.273+0000] {processor.py:183} INFO - Processing /opt/airflow/dags/youtube_pipeline.py took 0.104 seconds
[2026-07-23T13:28:52.516+0000] {processor.py:161} INFO - Started process (PID=274) to work on /opt/airflow/dags/youtube_pipeline.py
[2026-07-23T13:28:52.517+0000] {processor.py:830} INFO - Processing file /opt/airflow/dags/youtube_pipeline.py for tasks to queue
[2026-07-23T13:28:52.519+0000] {logging_mixin.py:188} INFO - [2026-07-23T13:28:52.519+0000] {dagbag.py:545} INFO - Filling up the DagBag from /opt/airflow/dags/youtube_pipeline.py
[2026-07-23T13:28:52.572+0000] {processor.py:840} INFO - DAG(s) 'youtube_english_video_pipeline' retrieved from /opt/airflow/dags/youtube_pipeline.py
[2026-07-23T13:28:52.604+0000] {logging_mixin.py:188} INFO - [2026-07-23T13:28:52.604+0000] {dag.py:3089} INFO - Sync 1 DAGs
[2026-07-23T13:28:52.622+0000] {logging_mixin.py:188} INFO - [2026-07-23T13:28:52.622+0000] {dag.py:3947} INFO - Setting next_dagrun for youtube_english_video_pipeline to 2026-07-23 12:00:00+00:00, run_after=2026-07-24 12:00:00+00:00
[2026-07-23T13:28:52.638+0000] {processor.py:183} INFO - Processing /opt/airflow/dags/youtube_pipeline.py took 0.128 seconds
[2026-07-23T13:29:23.145+0000] {processor.py:161} INFO - Started process (PID=279) to work on /opt/airflow/dags/youtube_pipeline.py
[2026-07-23T13:29:23.146+0000] {processor.py:830} INFO - Processing file /opt/airflow/dags/youtube_pipeline.py for tasks to queue
[2026-07-23T13:29:23.149+0000] {logging_mixin.py:188} INFO - [2026-07-23T13:29:23.148+0000] {dagbag.py:545} INFO - Filling up the DagBag from /opt/airflow/dags/youtube_pipeline.py
[2026-07-23T13:29:23.184+0000] {processor.py:840} INFO - DAG(s) 'youtube_english_video_pipeline' retrieved from /opt/airflow/dags/youtube_pipeline.py
[2026-07-23T13:29:23.210+0000] {logging_mixin.py:188} INFO - [2026-07-23T13:29:23.210+0000] {dag.py:3089} INFO - Sync 1 DAGs
[2026-07-23T13:29:23.229+0000] {logging_mixin.py:188} INFO - [2026-07-23T13:29:23.229+0000] {dag.py:3947} INFO - Setting next_dagrun for youtube_english_video_pipeline to 2026-07-23 12:00:00+00:00, run_after=2026-07-24 12:00:00+00:00
[2026-07-23T13:29:23.244+0000] {processor.py:183} INFO - Processing /opt/airflow/dags/youtube_pipeline.py took 0.105 seconds
[2026-07-23T13:29:53.492+0000] {processor.py:161} INFO - Started process (PID=284) to work on /opt/airflow/dags/youtube_pipeline.py
[2026-07-23T13:29:53.494+0000] {processor.py:830} INFO - Processing file /opt/airflow/dags/youtube_pipeline.py for tasks to queue
[2026-07-23T13:29:53.496+0000] {logging_mixin.py:188} INFO - [2026-07-23T13:29:53.495+0000] {dagbag.py:545} INFO - Filling up the DagBag from /opt/airflow/dags/youtube_pipeline.py
[2026-07-23T13:29:53.551+0000] {processor.py:840} INFO - DAG(s) 'youtube_english_video_pipeline' retrieved from /opt/airflow/dags/youtube_pipeline.py
[2026-07-23T13:29:53.577+0000] {logging_mixin.py:188} INFO - [2026-07-23T13:29:53.577+0000] {dag.py:3089} INFO - Sync 1 DAGs
[2026-07-23T13:29:53.593+0000] {logging_mixin.py:188} INFO - [2026-07-23T13:29:53.593+0000] {dag.py:3947} INFO - Setting next_dagrun for youtube_english_video_pipeline to 2026-07-23 12:00:00+00:00, run_after=2026-07-24 12:00:00+00:00
[2026-07-23T13:29:53.613+0000] {processor.py:183} INFO - Processing /opt/airflow/dags/youtube_pipeline.py took 0.128 seconds
[2026-07-23T13:30:23.811+0000] {processor.py:161} INFO - Started process (PID=289) to work on /opt/airflow/dags/youtube_pipeline.py
[2026-07-23T13:30:23.812+0000] {processor.py:830} INFO - Processing file /opt/airflow/dags/youtube_pipeline.py for tasks to queue
[2026-07-23T13:30:23.814+0000] {logging_mixin.py:188} INFO - [2026-07-23T13:30:23.813+0000] {dagbag.py:545} INFO - Filling up the DagBag from /opt/airflow/dags/youtube_pipeline.py
[2026-07-23T13:30:23.834+0000] {processor.py:840} INFO - DAG(s) 'youtube_english_video_pipeline' retrieved from /opt/airflow/dags/youtube_pipeline.py
[2026-07-23T13:30:23.859+0000] {logging_mixin.py:188} INFO - [2026-07-23T13:30:23.859+0000] {dag.py:3089} INFO - Sync 1 DAGs
[2026-07-23T13:30:23.875+0000] {logging_mixin.py:188} INFO - [2026-07-23T13:30:23.875+0000] {dag.py:3947} INFO - Setting next_dagrun for youtube_english_video_pipeline to 2026-07-23 12:00:00+00:00, run_after=2026-07-24 12:00:00+00:00
[2026-07-23T13:30:23.891+0000] {processor.py:183} INFO - Processing /opt/airflow/dags/youtube_pipeline.py took 0.085 seconds
[2026-07-23T13:30:54.249+0000] {processor.py:161} INFO - Started process (PID=294) to work on /opt/airflow/dags/youtube_pipeline.py
[2026-07-23T13:30:54.251+0000] {processor.py:830} INFO - Processing file /opt/airflow/dags/youtube_pipeline.py for tasks to queue
[2026-07-23T13:30:54.255+0000] {logging_mixin.py:188} INFO - [2026-07-23T13:30:54.255+0000] {dagbag.py:545} INFO - Filling up the DagBag from /opt/airflow/dags/youtube_pipeline.py
[2026-07-23T13:30:54.420+0000] {processor.py:840} INFO - DAG(s) 'youtube_english_video_pipeline' retrieved from /opt/airflow/dags/youtube_pipeline.py
[2026-07-23T13:30:54.489+0000] {logging_mixin.py:188} INFO - [2026-07-23T13:30:54.488+0000] {dag.py:3089} INFO - Sync 1 DAGs
[2026-07-23T13:30:54.532+0000] {logging_mixin.py:188} INFO - [2026-07-23T13:30:54.532+0000] {dag.py:3947} INFO - Setting next_dagrun for youtube_english_video_pipeline to 2026-07-23 12:00:00+00:00, run_after=2026-07-24 12:00:00+00:00
[2026-07-23T13:30:54.579+0000] {processor.py:183} INFO - Processing /opt/airflow/dags/youtube_pipeline.py took 0.342 seconds
[2026-07-23T13:31:24.867+0000] {processor.py:161} INFO - Started process (PID=299) to work on /opt/airflow/dags/youtube_pipeline.py
[2026-07-23T13:31:24.869+0000] {processor.py:830} INFO - Processing file /opt/airflow/dags/youtube_pipeline.py for tasks to queue
[2026-07-23T13:31:24.870+0000] {logging_mixin.py:188} INFO - [2026-07-23T13:31:24.870+0000] {dagbag.py:545} INFO - Filling up the DagBag from /opt/airflow/dags/youtube_pipeline.py
[2026-07-23T13:31:24.913+0000] {processor.py:840} INFO - DAG(s) 'youtube_english_video_pipeline' retrieved from /opt/airflow/dags/youtube_pipeline.py
[2026-07-23T13:31:24.945+0000] {logging_mixin.py:188} INFO - [2026-07-23T13:31:24.944+0000] {dag.py:3089} INFO - Sync 1 DAGs
[2026-07-23T13:31:24.970+0000] {logging_mixin.py:188} INFO - [2026-07-23T13:31:24.969+0000] {dag.py:3947} INFO - Setting next_dagrun for youtube_english_video_pipeline to 2026-07-23 12:00:00+00:00, run_after=2026-07-24 12:00:00+00:00
[2026-07-23T13:31:24.988+0000] {processor.py:183} INFO - Processing /opt/airflow/dags/youtube_pipeline.py took 0.127 seconds
[2026-07-23T13:31:55.096+0000] {processor.py:161} INFO - Started process (PID=304) to work on /opt/airflow/dags/youtube_pipeline.py
[2026-07-23T13:31:55.097+0000] {processor.py:830} INFO - Processing file /opt/airflow/dags/youtube_pipeline.py for tasks to queue
[2026-07-23T13:31:55.100+0000] {logging_mixin.py:188} INFO - [2026-07-23T13:31:55.099+0000] {dagbag.py:545} INFO - Filling up the DagBag from /opt/airflow/dags/youtube_pipeline.py
[2026-07-23T13:31:55.134+0000] {processor.py:840} INFO - DAG(s) 'youtube_english_video_pipeline' retrieved from /opt/airflow/dags/youtube_pipeline.py
[2026-07-23T13:31:55.162+0000] {logging_mixin.py:188} INFO - [2026-07-23T13:31:55.162+0000] {dag.py:3089} INFO - Sync 1 DAGs
[2026-07-23T13:31:55.179+0000] {logging_mixin.py:188} INFO - [2026-07-23T13:31:55.179+0000] {dag.py:3947} INFO - Setting next_dagrun for youtube_english_video_pipeline to 2026-07-23 12:00:00+00:00, run_after=2026-07-24 12:00:00+00:00
[2026-07-23T13:31:55.193+0000] {processor.py:183} INFO - Processing /opt/airflow/dags/youtube_pipeline.py took 0.105 seconds
[2026-07-23T13:32:25.400+0000] {processor.py:161} INFO - Started process (PID=315) to work on /opt/airflow/dags/youtube_pipeline.py
[2026-07-23T13:32:25.401+0000] {processor.py:830} INFO - Processing file /opt/airflow/dags/youtube_pipeline.py for tasks to queue
[2026-07-23T13:32:25.403+0000] {logging_mixin.py:188} INFO - [2026-07-23T13:32:25.403+0000] {dagbag.py:545} INFO - Filling up the DagBag from /opt/airflow/dags/youtube_pipeline.py
[2026-07-23T13:32:25.421+0000] {processor.py:840} INFO - DAG(s) 'youtube_english_video_pipeline' retrieved from /opt/airflow/dags/youtube_pipeline.py
[2026-07-23T13:32:25.448+0000] {logging_mixin.py:188} INFO - [2026-07-23T13:32:25.448+0000] {dag.py:3089} INFO - Sync 1 DAGs
[2026-07-23T13:32:25.464+0000] {logging_mixin.py:188} INFO - [2026-07-23T13:32:25.463+0000] {dag.py:3947} INFO - Setting next_dagrun for youtube_english_video_pipeline to 2026-07-23 12:00:00+00:00, run_after=2026-07-24 12:00:00+00:00
[2026-07-23T13:32:25.477+0000] {processor.py:183} INFO - Processing /opt/airflow/dags/youtube_pipeline.py took 0.082 seconds
[2026-07-23T13:32:55.682+0000] {processor.py:161} INFO - Started process (PID=320) to work on /opt/airflow/dags/youtube_pipeline.py
[2026-07-23T13:32:55.683+0000] {processor.py:830} INFO - Processing file /opt/airflow/dags/youtube_pipeline.py for tasks to queue
[2026-07-23T13:32:55.685+0000] {logging_mixin.py:188} INFO - [2026-07-23T13:32:55.684+0000] {dagbag.py:545} INFO - Filling up the DagBag from /opt/airflow/dags/youtube_pipeline.py
[2026-07-23T13:32:55.700+0000] {processor.py:840} INFO - DAG(s) 'youtube_english_video_pipeline' retrieved from /opt/airflow/dags/youtube_pipeline.py
[2026-07-23T13:32:55.723+0000] {logging_mixin.py:188} INFO - [2026-07-23T13:32:55.723+0000] {dag.py:3089} INFO - Sync 1 DAGs
[2026-07-23T13:32:55.739+0000] {logging_mixin.py:188} INFO - [2026-07-23T13:32:55.739+0000] {dag.py:3947} INFO - Setting next_dagrun for youtube_english_video_pipeline to 2026-07-23 12:00:00+00:00, run_after=2026-07-24 12:00:00+00:00
[2026-07-23T13:32:55.753+0000] {processor.py:183} INFO - Processing /opt/airflow/dags/youtube_pipeline.py took 0.075 seconds
[2026-07-23T13:33:25.959+0000] {processor.py:161} INFO - Started process (PID=325) to work on /opt/airflow/dags/youtube_pipeline.py
[2026-07-23T13:33:25.960+0000] {processor.py:830} INFO - Processing file /opt/airflow/dags/youtube_pipeline.py for tasks to queue
[2026-07-23T13:33:25.962+0000] {logging_mixin.py:188} INFO - [2026-07-23T13:33:25.961+0000] {dagbag.py:545} INFO - Filling up the DagBag from /opt/airflow/dags/youtube_pipeline.py
[2026-07-23T13:33:25.983+0000] {processor.py:840} INFO - DAG(s) 'youtube_english_video_pipeline' retrieved from /opt/airflow/dags/youtube_pipeline.py
[2026-07-23T13:33:26.010+0000] {logging_mixin.py:188} INFO - [2026-07-23T13:33:26.010+0000] {dag.py:3089} INFO - Sync 1 DAGs
[2026-07-23T13:33:26.027+0000] {logging_mixin.py:188} INFO - [2026-07-23T13:33:26.027+0000] {dag.py:3947} INFO - Setting next_dagrun for youtube_english_video_pipeline to 2026-07-23 12:00:00+00:00, run_after=2026-07-24 12:00:00+00:00
[2026-07-23T13:33:26.042+0000] {processor.py:183} INFO - Processing /opt/airflow/dags/youtube_pipeline.py took 0.090 seconds
[2026-07-23T13:33:56.305+0000] {processor.py:161} INFO - Started process (PID=330) to work on /opt/airflow/dags/youtube_pipeline.py
[2026-07-23T13:33:56.307+0000] {processor.py:830} INFO - Processing file /opt/airflow/dags/youtube_pipeline.py for tasks to queue
[2026-07-23T13:33:56.310+0000] {logging_mixin.py:188} INFO - [2026-07-23T13:33:56.310+0000] {dagbag.py:545} INFO - Filling up the DagBag from /opt/airflow/dags/youtube_pipeline.py
[2026-07-23T13:33:56.350+0000] {processor.py:840} INFO - DAG(s) 'youtube_english_video_pipeline' retrieved from /opt/airflow/dags/youtube_pipeline.py
[2026-07-23T13:33:56.376+0000] {logging_mixin.py:188} INFO - [2026-07-23T13:33:56.376+0000] {dag.py:3089} INFO - Sync 1 DAGs
[2026-07-23T13:33:56.394+0000] {logging_mixin.py:188} INFO - [2026-07-23T13:33:56.394+0000] {dag.py:3947} INFO - Setting next_dagrun for youtube_english_video_pipeline to 2026-07-23 12:00:00+00:00, run_after=2026-07-24 12:00:00+00:00
[2026-07-23T13:33:56.411+0000] {processor.py:183} INFO - Processing /opt/airflow/dags/youtube_pipeline.py took 0.116 seconds
[2026-07-23T13:34:26.584+0000] {processor.py:161} INFO - Started process (PID=335) to work on /opt/airflow/dags/youtube_pipeline.py
[2026-07-23T13:34:26.585+0000] {processor.py:830} INFO - Processing file /opt/airflow/dags/youtube_pipeline.py for tasks to queue
[2026-07-23T13:34:26.587+0000] {logging_mixin.py:188} INFO - [2026-07-23T13:34:26.587+0000] {dagbag.py:545} INFO - Filling up the DagBag from /opt/airflow/dags/youtube_pipeline.py
[2026-07-23T13:34:26.606+0000] {processor.py:840} INFO - DAG(s) 'youtube_english_video_pipeline' retrieved from /opt/airflow/dags/youtube_pipeline.py
[2026-07-23T13:34:26.633+0000] {logging_mixin.py:188} INFO - [2026-07-23T13:34:26.632+0000] {dag.py:3089} INFO - Sync 1 DAGs
[2026-07-23T13:34:26.649+0000] {logging_mixin.py:188} INFO - [2026-07-23T13:34:26.649+0000] {dag.py:3947} INFO - Setting next_dagrun for youtube_english_video_pipeline to 2026-07-23 12:00:00+00:00, run_after=2026-07-24 12:00:00+00:00
[2026-07-23T13:34:26.665+0000] {processor.py:183} INFO - Processing /opt/airflow/dags/youtube_pipeline.py took 0.088 seconds
[2026-07-23T13:34:56.909+0000] {processor.py:161} INFO - Started process (PID=340) to work on /opt/airflow/dags/youtube_pipeline.py
[2026-07-23T13:34:56.909+0000] {processor.py:830} INFO - Processing file /opt/airflow/dags/youtube_pipeline.py for tasks to queue
[2026-07-23T13:34:56.911+0000] {logging_mixin.py:188} INFO - [2026-07-23T13:34:56.911+0000] {dagbag.py:545} INFO - Filling up the DagBag from /opt/airflow/dags/youtube_pipeline.py
[2026-07-23T13:34:56.939+0000] {processor.py:840} INFO - DAG(s) 'youtube_english_video_pipeline' retrieved from /opt/airflow/dags/youtube_pipeline.py
[2026-07-23T13:34:56.961+0000] {logging_mixin.py:188} INFO - [2026-07-23T13:34:56.961+0000] {dag.py:3089} INFO - Sync 1 DAGs
[2026-07-23T13:34:56.978+0000] {logging_mixin.py:188} INFO - [2026-07-23T13:34:56.978+0000] {dag.py:3947} INFO - Setting next_dagrun for youtube_english_video_pipeline to 2026-07-23 12:00:00+00:00, run_after=2026-07-24 12:00:00+00:00
[2026-07-23T13:34:56.991+0000] {processor.py:183} INFO - Processing /opt/airflow/dags/youtube_pipeline.py took 0.088 seconds
[2026-07-23T13:35:27.156+0000] {processor.py:161} INFO - Started process (PID=345) to work on /opt/airflow/dags/youtube_pipeline.py
[2026-07-23T13:35:27.157+0000] {processor.py:830} INFO - Processing file /opt/airflow/dags/youtube_pipeline.py for tasks to queue
[2026-07-23T13:35:27.159+0000] {logging_mixin.py:188} INFO - [2026-07-23T13:35:27.159+0000] {dagbag.py:545} INFO - Filling up the DagBag from /opt/airflow/dags/youtube_pipeline.py
[2026-07-23T13:35:27.188+0000] {processor.py:840} INFO - DAG(s) 'youtube_english_video_pipeline' retrieved from /opt/airflow/dags/youtube_pipeline.py
[2026-07-23T13:35:27.218+0000] {logging_mixin.py:188} INFO - [2026-07-23T13:35:27.217+0000] {dag.py:3089} INFO - Sync 1 DAGs
[2026-07-23T13:35:27.236+0000] {logging_mixin.py:188} INFO - [2026-07-23T13:35:27.236+0000] {dag.py:3947} INFO - Setting next_dagrun for youtube_english_video_pipeline to 2026-07-23 12:00:00+00:00, run_after=2026-07-24 12:00:00+00:00
[2026-07-23T13:35:27.252+0000] {processor.py:183} INFO - Processing /opt/airflow/dags/youtube_pipeline.py took 0.102 seconds
[2026-07-23T13:35:57.467+0000] {processor.py:161} INFO - Started process (PID=350) to work on /opt/airflow/dags/youtube_pipeline.py
[2026-07-23T13:35:57.468+0000] {processor.py:830} INFO - Processing file /opt/airflow/dags/youtube_pipeline.py for tasks to queue
[2026-07-23T13:35:57.470+0000] {logging_mixin.py:188} INFO - [2026-07-23T13:35:57.469+0000] {dagbag.py:545} INFO - Filling up the DagBag from /opt/airflow/dags/youtube_pipeline.py
[2026-07-23T13:35:57.504+0000] {processor.py:840} INFO - DAG(s) 'youtube_english_video_pipeline' retrieved from /opt/airflow/dags/youtube_pipeline.py
[2026-07-23T13:35:57.530+0000] {logging_mixin.py:188} INFO - [2026-07-23T13:35:57.529+0000] {dag.py:3089} INFO - Sync 1 DAGs
[2026-07-23T13:35:57.546+0000] {logging_mixin.py:188} INFO - [2026-07-23T13:35:57.546+0000] {dag.py:3947} INFO - Setting next_dagrun for youtube_english_video_pipeline to 2026-07-23 12:00:00+00:00, run_after=2026-07-24 12:00:00+00:00
[2026-07-23T13:35:57.561+0000] {processor.py:183} INFO - Processing /opt/airflow/dags/youtube_pipeline.py took 0.099 seconds
[2026-07-23T13:36:27.796+0000] {processor.py:161} INFO - Started process (PID=355) to work on /opt/airflow/dags/youtube_pipeline.py
[2026-07-23T13:36:27.797+0000] {processor.py:830} INFO - Processing file /opt/airflow/dags/youtube_pipeline.py for tasks to queue
[2026-07-23T13:36:27.799+0000] {logging_mixin.py:188} INFO - [2026-07-23T13:36:27.799+0000] {dagbag.py:545} INFO - Filling up the DagBag from /opt/airflow/dags/youtube_pipeline.py
[2026-07-23T13:36:27.835+0000] {processor.py:840} INFO - DAG(s) 'youtube_english_video_pipeline' retrieved from /opt/airflow/dags/youtube_pipeline.py
[2026-07-23T13:36:27.860+0000] {logging_mixin.py:188} INFO - [2026-07-23T13:36:27.860+0000] {dag.py:3089} INFO - Sync 1 DAGs
[2026-07-23T13:36:27.876+0000] {logging_mixin.py:188} INFO - [2026-07-23T13:36:27.876+0000] {dag.py:3947} INFO - Setting next_dagrun for youtube_english_video_pipeline to 2026-07-23 12:00:00+00:00, run_after=2026-07-24 12:00:00+00:00
[2026-07-23T13:36:27.891+0000] {processor.py:183} INFO - Processing /opt/airflow/dags/youtube_pipeline.py took 0.100 seconds
[2026-07-23T13:36:58.099+0000] {processor.py:161} INFO - Started process (PID=360) to work on /opt/airflow/dags/youtube_pipeline.py
[2026-07-23T13:36:58.100+0000] {processor.py:830} INFO - Processing file /opt/airflow/dags/youtube_pipeline.py for tasks to queue
[2026-07-23T13:36:58.102+0000] {logging_mixin.py:188} INFO - [2026-07-23T13:36:58.102+0000] {dagbag.py:545} INFO - Filling up the DagBag from /opt/airflow/dags/youtube_pipeline.py
[2026-07-23T13:36:58.141+0000] {processor.py:840} INFO - DAG(s) 'youtube_english_video_pipeline' retrieved from /opt/airflow/dags/youtube_pipeline.py
[2026-07-23T13:36:58.164+0000] {logging_mixin.py:188} INFO - [2026-07-23T13:36:58.164+0000] {dag.py:3089} INFO - Sync 1 DAGs
[2026-07-23T13:36:58.179+0000] {logging_mixin.py:188} INFO - [2026-07-23T13:36:58.179+0000] {dag.py:3947} INFO - Setting next_dagrun for youtube_english_video_pipeline to 2026-07-23 12:00:00+00:00, run_after=2026-07-24 12:00:00+00:00
[2026-07-23T13:36:58.197+0000] {processor.py:183} INFO - Processing /opt/airflow/dags/youtube_pipeline.py took 0.106 seconds
[2026-07-23T13:37:28.380+0000] {processor.py:161} INFO - Started process (PID=365) to work on /opt/airflow/dags/youtube_pipeline.py
[2026-07-23T13:37:28.381+0000] {processor.py:830} INFO - Processing file /opt/airflow/dags/youtube_pipeline.py for tasks to queue
[2026-07-23T13:37:28.383+0000] {logging_mixin.py:188} INFO - [2026-07-23T13:37:28.383+0000] {dagbag.py:545} INFO - Filling up the DagBag from /opt/airflow/dags/youtube_pipeline.py
[2026-07-23T13:37:28.420+0000] {processor.py:840} INFO - DAG(s) 'youtube_english_video_pipeline' retrieved from /opt/airflow/dags/youtube_pipeline.py
[2026-07-23T13:37:28.452+0000] {logging_mixin.py:188} INFO - [2026-07-23T13:37:28.452+0000] {dag.py:3089} INFO - Sync 1 DAGs
[2026-07-23T13:37:28.469+0000] {logging_mixin.py:188} INFO - [2026-07-23T13:37:28.469+0000] {dag.py:3947} INFO - Setting next_dagrun for youtube_english_video_pipeline to 2026-07-23 12:00:00+00:00, run_after=2026-07-24 12:00:00+00:00
[2026-07-23T13:37:28.486+0000] {processor.py:183} INFO - Processing /opt/airflow/dags/youtube_pipeline.py took 0.113 seconds
[2026-07-23T13:37:58.817+0000] {processor.py:161} INFO - Started process (PID=370) to work on /opt/airflow/dags/youtube_pipeline.py
[2026-07-23T13:37:58.818+0000] {processor.py:830} INFO - Processing file /opt/airflow/dags/youtube_pipeline.py for tasks to queue
[2026-07-23T13:37:58.820+0000] {logging_mixin.py:188} INFO - [2026-07-23T13:37:58.820+0000] {dagbag.py:545} INFO - Filling up the DagBag from /opt/airflow/dags/youtube_pipeline.py
[2026-07-23T13:37:58.837+0000] {processor.py:840} INFO - DAG(s) 'youtube_english_video_pipeline' retrieved from /opt/airflow/dags/youtube_pipeline.py
[2026-07-23T13:37:58.858+0000] {logging_mixin.py:188} INFO - [2026-07-23T13:37:58.858+0000] {dag.py:3089} INFO - Sync 1 DAGs
[2026-07-23T13:37:58.874+0000] {logging_mixin.py:188} INFO - [2026-07-23T13:37:58.874+0000] {dag.py:3947} INFO - Setting next_dagrun for youtube_english_video_pipeline to 2026-07-23 12:00:00+00:00, run_after=2026-07-24 12:00:00+00:00
[2026-07-23T13:37:58.889+0000] {processor.py:183} INFO - Processing /opt/airflow/dags/youtube_pipeline.py took 0.076 seconds
[2026-07-23T13:38:29.092+0000] {processor.py:161} INFO - Started process (PID=375) to work on /opt/airflow/dags/youtube_pipeline.py
[2026-07-23T13:38:29.093+0000] {processor.py:830} INFO - Processing file /opt/airflow/dags/youtube_pipeline.py for tasks to queue
[2026-07-23T13:38:29.095+0000] {logging_mixin.py:188} INFO - [2026-07-23T13:38:29.095+0000] {dagbag.py:545} INFO - Filling up the DagBag from /opt/airflow/dags/youtube_pipeline.py
[2026-07-23T13:38:29.130+0000] {processor.py:840} INFO - DAG(s) 'youtube_english_video_pipeline' retrieved from /opt/airflow/dags/youtube_pipeline.py
[2026-07-23T13:38:29.153+0000] {logging_mixin.py:188} INFO - [2026-07-23T13:38:29.153+0000] {dag.py:3089} INFO - Sync 1 DAGs
[2026-07-23T13:38:29.169+0000] {logging_mixin.py:188} INFO - [2026-07-23T13:38:29.169+0000] {dag.py:3947} INFO - Setting next_dagrun for youtube_english_video_pipeline to 2026-07-23 12:00:00+00:00, run_after=2026-07-24 12:00:00+00:00
[2026-07-23T13:38:29.184+0000] {processor.py:183} INFO - Processing /opt/airflow/dags/youtube_pipeline.py took 0.101 seconds
[2026-07-23T13:38:59.392+0000] {processor.py:161} INFO - Started process (PID=380) to work on /opt/airflow/dags/youtube_pipeline.py
[2026-07-23T13:38:59.393+0000] {processor.py:830} INFO - Processing file /opt/airflow/dags/youtube_pipeline.py for tasks to queue
[2026-07-23T13:38:59.394+0000] {logging_mixin.py:188} INFO - [2026-07-23T13:38:59.394+0000] {dagbag.py:545} INFO - Filling up the DagBag from /opt/airflow/dags/youtube_pipeline.py
[2026-07-23T13:38:59.411+0000] {processor.py:840} INFO - DAG(s) 'youtube_english_video_pipeline' retrieved from /opt/airflow/dags/youtube_pipeline.py
[2026-07-23T13:38:59.434+0000] {logging_mixin.py:188} INFO - [2026-07-23T13:38:59.434+0000] {dag.py:3089} INFO - Sync 1 DAGs
[2026-07-23T13:38:59.450+0000] {logging_mixin.py:188} INFO - [2026-07-23T13:38:59.450+0000] {dag.py:3947} INFO - Setting next_dagrun for youtube_english_video_pipeline to 2026-07-23 12:00:00+00:00, run_after=2026-07-24 12:00:00+00:00
[2026-07-23T13:38:59.463+0000] {processor.py:183} INFO - Processing /opt/airflow/dags/youtube_pipeline.py took 0.077 seconds
[2026-07-23T13:39:29.672+0000] {processor.py:161} INFO - Started process (PID=385) to work on /opt/airflow/dags/youtube_pipeline.py
[2026-07-23T13:39:29.673+0000] {processor.py:830} INFO - Processing file /opt/airflow/dags/youtube_pipeline.py for tasks to queue
[2026-07-23T13:39:29.675+0000] {logging_mixin.py:188} INFO - [2026-07-23T13:39:29.674+0000] {dagbag.py:545} INFO - Filling up the DagBag from /opt/airflow/dags/youtube_pipeline.py
[2026-07-23T13:39:29.692+0000] {processor.py:840} INFO - DAG(s) 'youtube_english_video_pipeline' retrieved from /opt/airflow/dags/youtube_pipeline.py
[2026-07-23T13:39:29.716+0000] {logging_mixin.py:188} INFO - [2026-07-23T13:39:29.716+0000] {dag.py:3089} INFO - Sync 1 DAGs
[2026-07-23T13:39:29.733+0000] {logging_mixin.py:188} INFO - [2026-07-23T13:39:29.733+0000] {dag.py:3947} INFO - Setting next_dagrun for youtube_english_video_pipeline to 2026-07-23 12:00:00+00:00, run_after=2026-07-24 12:00:00+00:00
[2026-07-23T13:39:29.748+0000] {processor.py:183} INFO - Processing /opt/airflow/dags/youtube_pipeline.py took 0.081 seconds
[2026-07-23T13:40:00.073+0000] {processor.py:161} INFO - Started process (PID=390) to work on /opt/airflow/dags/youtube_pipeline.py
[2026-07-23T13:40:00.074+0000] {processor.py:830} INFO - Processing file /opt/airflow/dags/youtube_pipeline.py for tasks to queue
[2026-07-23T13:40:00.076+0000] {logging_mixin.py:188} INFO - [2026-07-23T13:40:00.076+0000] {dagbag.py:545} INFO - Filling up the DagBag from /opt/airflow/dags/youtube_pipeline.py
[2026-07-23T13:40:00.157+0000] {processor.py:840} INFO - DAG(s) 'youtube_english_video_pipeline' retrieved from /opt/airflow/dags/youtube_pipeline.py
[2026-07-23T13:40:00.184+0000] {logging_mixin.py:188} INFO - [2026-07-23T13:40:00.183+0000] {dag.py:3089} INFO - Sync 1 DAGs
[2026-07-23T13:40:00.201+0000] {logging_mixin.py:188} INFO - [2026-07-23T13:40:00.200+0000] {dag.py:3947} INFO - Setting next_dagrun for youtube_english_video_pipeline to 2026-07-23 12:00:00+00:00, run_after=2026-07-24 12:00:00+00:00
[2026-07-23T13:40:00.221+0000] {processor.py:183} INFO - Processing /opt/airflow/dags/youtube_pipeline.py took 0.157 seconds
[2026-07-23T13:40:30.307+0000] {processor.py:161} INFO - Started process (PID=395) to work on /opt/airflow/dags/youtube_pipeline.py
[2026-07-23T13:40:30.308+0000] {processor.py:830} INFO - Processing file /opt/airflow/dags/youtube_pipeline.py for tasks to queue
[2026-07-23T13:40:30.309+0000] {logging_mixin.py:188} INFO - [2026-07-23T13:40:30.309+0000] {dagbag.py:545} INFO - Filling up the DagBag from /opt/airflow/dags/youtube_pipeline.py
[2026-07-23T13:40:30.326+0000] {processor.py:840} INFO - DAG(s) 'youtube_english_video_pipeline' retrieved from /opt/airflow/dags/youtube_pipeline.py
[2026-07-23T13:40:30.348+0000] {logging_mixin.py:188} INFO - [2026-07-23T13:40:30.347+0000] {dag.py:3089} INFO - Sync 1 DAGs
[2026-07-23T13:40:30.364+0000] {logging_mixin.py:188} INFO - [2026-07-23T13:40:30.364+0000] {dag.py:3947} INFO - Setting next_dagrun for youtube_english_video_pipeline to 2026-07-23 12:00:00+00:00, run_after=2026-07-24 12:00:00+00:00
[2026-07-23T13:40:30.379+0000] {processor.py:183} INFO - Processing /opt/airflow/dags/youtube_pipeline.py took 0.077 seconds
[2026-07-23T13:41:00.567+0000] {processor.py:161} INFO - Started process (PID=400) to work on /opt/airflow/dags/youtube_pipeline.py
[2026-07-23T13:41:00.568+0000] {processor.py:830} INFO - Processing file /opt/airflow/dags/youtube_pipeline.py for tasks to queue
[2026-07-23T13:41:00.570+0000] {logging_mixin.py:188} INFO - [2026-07-23T13:41:00.569+0000] {dagbag.py:545} INFO - Filling up the DagBag from /opt/airflow/dags/youtube_pipeline.py
[2026-07-23T13:41:00.586+0000] {processor.py:840} INFO - DAG(s) 'youtube_english_video_pipeline' retrieved from /opt/airflow/dags/youtube_pipeline.py
[2026-07-23T13:41:00.609+0000] {logging_mixin.py:188} INFO - [2026-07-23T13:41:00.609+0000] {dag.py:3089} INFO - Sync 1 DAGs
[2026-07-23T13:41:00.625+0000] {logging_mixin.py:188} INFO - [2026-07-23T13:41:00.625+0000] {dag.py:3947} INFO - Setting next_dagrun for youtube_english_video_pipeline to 2026-07-23 12:00:00+00:00, run_after=2026-07-24 12:00:00+00:00
[2026-07-23T13:41:00.639+0000] {processor.py:183} INFO - Processing /opt/airflow/dags/youtube_pipeline.py took 0.077 seconds
[2026-07-23T13:41:30.878+0000] {processor.py:161} INFO - Started process (PID=405) to work on /opt/airflow/dags/youtube_pipeline.py
[2026-07-23T13:41:30.879+0000] {processor.py:830} INFO - Processing file /opt/airflow/dags/youtube_pipeline.py for tasks to queue
[2026-07-23T13:41:30.880+0000] {logging_mixin.py:188} INFO - [2026-07-23T13:41:30.880+0000] {dagbag.py:545} INFO - Filling up the DagBag from /opt/airflow/dags/youtube_pipeline.py
[2026-07-23T13:41:30.908+0000] {processor.py:840} INFO - DAG(s) 'youtube_english_video_pipeline' retrieved from /opt/airflow/dags/youtube_pipeline.py
[2026-07-23T13:41:30.929+0000] {logging_mixin.py:188} INFO - [2026-07-23T13:41:30.929+0000] {dag.py:3089} INFO - Sync 1 DAGs
[2026-07-23T13:41:30.944+0000] {logging_mixin.py:188} INFO - [2026-07-23T13:41:30.944+0000] {dag.py:3947} INFO - Setting next_dagrun for youtube_english_video_pipeline to 2026-07-23 12:00:00+00:00, run_after=2026-07-24 12:00:00+00:00
[2026-07-23T13:41:30.958+0000] {processor.py:183} INFO - Processing /opt/airflow/dags/youtube_pipeline.py took 0.085 seconds
[2026-07-23T13:42:01.173+0000] {processor.py:161} INFO - Started process (PID=410) to work on /opt/airflow/dags/youtube_pipeline.py
[2026-07-23T13:42:01.175+0000] {processor.py:830} INFO - Processing file /opt/airflow/dags/youtube_pipeline.py for tasks to queue
[2026-07-23T13:42:01.177+0000] {logging_mixin.py:188} INFO - [2026-07-23T13:42:01.177+0000] {dagbag.py:545} INFO - Filling up the DagBag from /opt/airflow/dags/youtube_pipeline.py
[2026-07-23T13:42:01.215+0000] {processor.py:840} INFO - DAG(s) 'youtube_english_video_pipeline' retrieved from /opt/airflow/dags/youtube_pipeline.py
[2026-07-23T13:42:01.239+0000] {logging_mixin.py:188} INFO - [2026-07-23T13:42:01.239+0000] {dag.py:3089} INFO - Sync 1 DAGs
[2026-07-23T13:42:01.255+0000] {logging_mixin.py:188} INFO - [2026-07-23T13:42:01.255+0000] {dag.py:3947} INFO - Setting next_dagrun for youtube_english_video_pipeline to 2026-07-23 12:00:00+00:00, run_after=2026-07-24 12:00:00+00:00
[2026-07-23T13:42:01.270+0000] {processor.py:183} INFO - Processing /opt/airflow/dags/youtube_pipeline.py took 0.106 seconds
[2026-07-23T13:42:31.500+0000] {processor.py:161} INFO - Started process (PID=415) to work on /opt/airflow/dags/youtube_pipeline.py
[2026-07-23T13:42:31.501+0000] {processor.py:830} INFO - Processing file /opt/airflow/dags/youtube_pipeline.py for tasks to queue
[2026-07-23T13:42:31.503+0000] {logging_mixin.py:188} INFO - [2026-07-23T13:42:31.503+0000] {dagbag.py:545} INFO - Filling up the DagBag from /opt/airflow/dags/youtube_pipeline.py
[2026-07-23T13:42:31.534+0000] {processor.py:840} INFO - DAG(s) 'youtube_english_video_pipeline' retrieved from /opt/airflow/dags/youtube_pipeline.py
[2026-07-23T13:42:31.561+0000] {logging_mixin.py:188} INFO - [2026-07-23T13:42:31.561+0000] {dag.py:3089} INFO - Sync 1 DAGs
[2026-07-23T13:42:31.591+0000] {logging_mixin.py:188} INFO - [2026-07-23T13:42:31.591+0000] {dag.py:3947} INFO - Setting next_dagrun for youtube_english_video_pipeline to 2026-07-23 12:00:00+00:00, run_after=2026-07-24 12:00:00+00:00
[2026-07-23T13:42:31.622+0000] {processor.py:183} INFO - Processing /opt/airflow/dags/youtube_pipeline.py took 0.128 seconds
[2026-07-23T13:43:01.851+0000] {processor.py:161} INFO - Started process (PID=810) to work on /opt/airflow/dags/youtube_pipeline.py
[2026-07-23T13:43:01.853+0000] {processor.py:830} INFO - Processing file /opt/airflow/dags/youtube_pipeline.py for tasks to queue
[2026-07-23T13:43:01.860+0000] {logging_mixin.py:188} INFO - [2026-07-23T13:43:01.858+0000] {dagbag.py:545} INFO - Filling up the DagBag from /opt/airflow/dags/youtube_pipeline.py
[2026-07-23T13:43:01.938+0000] {processor.py:840} INFO - DAG(s) 'youtube_english_video_pipeline' retrieved from /opt/airflow/dags/youtube_pipeline.py
[2026-07-23T13:43:02.025+0000] {logging_mixin.py:188} INFO - [2026-07-23T13:43:02.024+0000] {dag.py:3089} INFO - Sync 1 DAGs
[2026-07-23T13:43:02.134+0000] {processor.py:183} INFO - Processing /opt/airflow/dags/youtube_pipeline.py took 0.298 seconds
[2026-07-23T13:43:32.393+0000] {processor.py:161} INFO - Started process (PID=1680) to work on /opt/airflow/dags/youtube_pipeline.py
[2026-07-23T13:43:32.394+0000] {processor.py:830} INFO - Processing file /opt/airflow/dags/youtube_pipeline.py for tasks to queue
[2026-07-23T13:43:32.396+0000] {logging_mixin.py:188} INFO - [2026-07-23T13:43:32.395+0000] {dagbag.py:545} INFO - Filling up the DagBag from /opt/airflow/dags/youtube_pipeline.py
[2026-07-23T13:43:32.418+0000] {processor.py:840} INFO - DAG(s) 'youtube_english_video_pipeline' retrieved from /opt/airflow/dags/youtube_pipeline.py
[2026-07-23T13:43:32.446+0000] {logging_mixin.py:188} INFO - [2026-07-23T13:43:32.446+0000] {dag.py:3089} INFO - Sync 1 DAGs
[2026-07-23T13:43:32.477+0000] {processor.py:183} INFO - Processing /opt/airflow/dags/youtube_pipeline.py took 0.092 seconds
[2026-07-23T13:44:02.580+0000] {processor.py:161} INFO - Started process (PID=2532) to work on /opt/airflow/dags/youtube_pipeline.py
[2026-07-23T13:44:02.581+0000] {processor.py:830} INFO - Processing file /opt/airflow/dags/youtube_pipeline.py for tasks to queue
[2026-07-23T13:44:02.582+0000] {logging_mixin.py:188} INFO - [2026-07-23T13:44:02.582+0000] {dagbag.py:545} INFO - Filling up the DagBag from /opt/airflow/dags/youtube_pipeline.py
[2026-07-23T13:44:02.629+0000] {processor.py:840} INFO - DAG(s) 'youtube_english_video_pipeline' retrieved from /opt/airflow/dags/youtube_pipeline.py
[2026-07-23T13:44:02.655+0000] {logging_mixin.py:188} INFO - [2026-07-23T13:44:02.655+0000] {dag.py:3089} INFO - Sync 1 DAGs
[2026-07-23T13:44:02.690+0000] {processor.py:183} INFO - Processing /opt/airflow/dags/youtube_pipeline.py took 0.115 seconds
[2026-07-23T13:44:32.858+0000] {processor.py:161} INFO - Started process (PID=3478) to work on /opt/airflow/dags/youtube_pipeline.py
[2026-07-23T13:44:32.859+0000] {processor.py:830} INFO - Processing file /opt/airflow/dags/youtube_pipeline.py for tasks to queue
[2026-07-23T13:44:32.862+0000] {logging_mixin.py:188} INFO - [2026-07-23T13:44:32.861+0000] {dagbag.py:545} INFO - Filling up the DagBag from /opt/airflow/dags/youtube_pipeline.py
[2026-07-23T13:44:32.895+0000] {processor.py:840} INFO - DAG(s) 'youtube_english_video_pipeline' retrieved from /opt/airflow/dags/youtube_pipeline.py
[2026-07-23T13:44:32.927+0000] {logging_mixin.py:188} INFO - [2026-07-23T13:44:32.927+0000] {dag.py:3089} INFO - Sync 1 DAGs
[2026-07-23T13:44:32.969+0000] {processor.py:183} INFO - Processing /opt/airflow/dags/youtube_pipeline.py took 0.117 seconds
[2026-07-23T13:45:03.238+0000] {processor.py:161} INFO - Started process (PID=3689) to work on /opt/airflow/dags/youtube_pipeline.py
[2026-07-23T13:45:03.240+0000] {processor.py:830} INFO - Processing file /opt/airflow/dags/youtube_pipeline.py for tasks to queue
[2026-07-23T13:45:03.244+0000] {logging_mixin.py:188} INFO - [2026-07-23T13:45:03.243+0000] {dagbag.py:545} INFO - Filling up the DagBag from /opt/airflow/dags/youtube_pipeline.py
[2026-07-23T13:45:03.315+0000] {processor.py:840} INFO - DAG(s) 'youtube_english_video_pipeline' retrieved from /opt/airflow/dags/youtube_pipeline.py
[2026-07-23T13:45:03.362+0000] {logging_mixin.py:188} INFO - [2026-07-23T13:45:03.361+0000] {dag.py:3089} INFO - Sync 1 DAGs
[2026-07-23T13:45:03.428+0000] {processor.py:183} INFO - Processing /opt/airflow/dags/youtube_pipeline.py took 0.203 seconds
[2026-07-23T13:45:33.556+0000] {processor.py:161} INFO - Started process (PID=3719) to work on /opt/airflow/dags/youtube_pipeline.py
[2026-07-23T13:45:33.557+0000] {processor.py:830} INFO - Processing file /opt/airflow/dags/youtube_pipeline.py for tasks to queue
[2026-07-23T13:45:33.558+0000] {logging_mixin.py:188} INFO - [2026-07-23T13:45:33.558+0000] {dagbag.py:545} INFO - Filling up the DagBag from /opt/airflow/dags/youtube_pipeline.py
[2026-07-23T13:45:33.585+0000] {processor.py:840} INFO - DAG(s) 'youtube_english_video_pipeline' retrieved from /opt/airflow/dags/youtube_pipeline.py
[2026-07-23T13:45:33.629+0000] {logging_mixin.py:188} INFO - [2026-07-23T13:45:33.629+0000] {dag.py:3089} INFO - Sync 1 DAGs
[2026-07-23T13:45:33.680+0000] {processor.py:183} INFO - Processing /opt/airflow/dags/youtube_pipeline.py took 0.129 seconds
[2026-07-23T13:46:03.887+0000] {processor.py:161} INFO - Started process (PID=3724) to work on /opt/airflow/dags/youtube_pipeline.py
[2026-07-23T13:46:03.888+0000] {processor.py:830} INFO - Processing file /opt/airflow/dags/youtube_pipeline.py for tasks to queue
[2026-07-23T13:46:03.890+0000] {logging_mixin.py:188} INFO - [2026-07-23T13:46:03.889+0000] {dagbag.py:545} INFO - Filling up the DagBag from /opt/airflow/dags/youtube_pipeline.py
[2026-07-23T13:46:03.911+0000] {processor.py:840} INFO - DAG(s) 'youtube_english_video_pipeline' retrieved from /opt/airflow/dags/youtube_pipeline.py
[2026-07-23T13:46:03.932+0000] {logging_mixin.py:188} INFO - [2026-07-23T13:46:03.932+0000] {dag.py:3089} INFO - Sync 1 DAGs
[2026-07-23T13:46:03.948+0000] {logging_mixin.py:188} INFO - [2026-07-23T13:46:03.948+0000] {dag.py:3947} INFO - Setting next_dagrun for youtube_english_video_pipeline to 2026-07-23 12:00:00+00:00, run_after=2026-07-24 12:00:00+00:00
[2026-07-23T13:46:03.961+0000] {processor.py:183} INFO - Processing /opt/airflow/dags/youtube_pipeline.py took 0.080 seconds
[2026-07-23T13:46:34.149+0000] {processor.py:161} INFO - Started process (PID=3729) to work on /opt/airflow/dags/youtube_pipeline.py
[2026-07-23T13:46:34.150+0000] {processor.py:830} INFO - Processing file /opt/airflow/dags/youtube_pipeline.py for tasks to queue
[2026-07-23T13:46:34.152+0000] {logging_mixin.py:188} INFO - [2026-07-23T13:46:34.151+0000] {dagbag.py:545} INFO - Filling up the DagBag from /opt/airflow/dags/youtube_pipeline.py
[2026-07-23T13:46:34.173+0000] {processor.py:840} INFO - DAG(s) 'youtube_english_video_pipeline' retrieved from /opt/airflow/dags/youtube_pipeline.py
[2026-07-23T13:46:34.203+0000] {logging_mixin.py:188} INFO - [2026-07-23T13:46:34.203+0000] {dag.py:3089} INFO - Sync 1 DAGs
[2026-07-23T13:46:34.219+0000] {logging_mixin.py:188} INFO - [2026-07-23T13:46:34.219+0000] {dag.py:3947} INFO - Setting next_dagrun for youtube_english_video_pipeline to 2026-07-23 12:00:00+00:00, run_after=2026-07-24 12:00:00+00:00
[2026-07-23T13:46:34.246+0000] {processor.py:183} INFO - Processing /opt/airflow/dags/youtube_pipeline.py took 0.102 seconds
[2026-07-23T13:47:04.441+0000] {processor.py:161} INFO - Started process (PID=3734) to work on /opt/airflow/dags/youtube_pipeline.py
[2026-07-23T13:47:04.442+0000] {processor.py:830} INFO - Processing file /opt/airflow/dags/youtube_pipeline.py for tasks to queue
[2026-07-23T13:47:04.444+0000] {logging_mixin.py:188} INFO - [2026-07-23T13:47:04.443+0000] {dagbag.py:545} INFO - Filling up the DagBag from /opt/airflow/dags/youtube_pipeline.py
[2026-07-23T13:47:04.463+0000] {processor.py:840} INFO - DAG(s) 'youtube_english_video_pipeline' retrieved from /opt/airflow/dags/youtube_pipeline.py
[2026-07-23T13:47:04.488+0000] {logging_mixin.py:188} INFO - [2026-07-23T13:47:04.488+0000] {dag.py:3089} INFO - Sync 1 DAGs
[2026-07-23T13:47:04.505+0000] {logging_mixin.py:188} INFO - [2026-07-23T13:47:04.504+0000] {dag.py:3947} INFO - Setting next_dagrun for youtube_english_video_pipeline to 2026-07-23 12:00:00+00:00, run_after=2026-07-24 12:00:00+00:00
[2026-07-23T13:47:04.519+0000] {processor.py:183} INFO - Processing /opt/airflow/dags/youtube_pipeline.py took 0.083 seconds
[2026-07-23T13:47:34.746+0000] {processor.py:161} INFO - Started process (PID=3739) to work on /opt/airflow/dags/youtube_pipeline.py
[2026-07-23T13:47:34.747+0000] {processor.py:830} INFO - Processing file /opt/airflow/dags/youtube_pipeline.py for tasks to queue
[2026-07-23T13:47:34.749+0000] {logging_mixin.py:188} INFO - [2026-07-23T13:47:34.748+0000] {dagbag.py:545} INFO - Filling up the DagBag from /opt/airflow/dags/youtube_pipeline.py
[2026-07-23T13:47:34.765+0000] {processor.py:840} INFO - DAG(s) 'youtube_english_video_pipeline' retrieved from /opt/airflow/dags/youtube_pipeline.py
[2026-07-23T13:47:34.789+0000] {logging_mixin.py:188} INFO - [2026-07-23T13:47:34.789+0000] {dag.py:3089} INFO - Sync 1 DAGs
[2026-07-23T13:47:34.811+0000] {logging_mixin.py:188} INFO - [2026-07-23T13:47:34.811+0000] {dag.py:3947} INFO - Setting next_dagrun for youtube_english_video_pipeline to 2026-07-23 12:00:00+00:00, run_after=2026-07-24 12:00:00+00:00
[2026-07-23T13:47:34.833+0000] {processor.py:183} INFO - Processing /opt/airflow/dags/youtube_pipeline.py took 0.092 seconds
[2026-07-23T13:48:04.998+0000] {processor.py:161} INFO - Started process (PID=3744) to work on /opt/airflow/dags/youtube_pipeline.py
[2026-07-23T13:48:04.998+0000] {processor.py:830} INFO - Processing file /opt/airflow/dags/youtube_pipeline.py for tasks to queue
[2026-07-23T13:48:05.000+0000] {logging_mixin.py:188} INFO - [2026-07-23T13:48:05.000+0000] {dagbag.py:545} INFO - Filling up the DagBag from /opt/airflow/dags/youtube_pipeline.py
[2026-07-23T13:48:05.016+0000] {processor.py:840} INFO - DAG(s) 'youtube_english_video_pipeline' retrieved from /opt/airflow/dags/youtube_pipeline.py
[2026-07-23T13:48:05.039+0000] {logging_mixin.py:188} INFO - [2026-07-23T13:48:05.039+0000] {dag.py:3089} INFO - Sync 1 DAGs
[2026-07-23T13:48:05.054+0000] {logging_mixin.py:188} INFO - [2026-07-23T13:48:05.054+0000] {dag.py:3947} INFO - Setting next_dagrun for youtube_english_video_pipeline to 2026-07-23 12:00:00+00:00, run_after=2026-07-24 12:00:00+00:00
[2026-07-23T13:48:05.071+0000] {processor.py:183} INFO - Processing /opt/airflow/dags/youtube_pipeline.py took 0.079 seconds
[2026-07-23T13:48:35.372+0000] {processor.py:161} INFO - Started process (PID=3749) to work on /opt/airflow/dags/youtube_pipeline.py
[2026-07-23T13:48:35.374+0000] {processor.py:830} INFO - Processing file /opt/airflow/dags/youtube_pipeline.py for tasks to queue
[2026-07-23T13:48:35.384+0000] {logging_mixin.py:188} INFO - [2026-07-23T13:48:35.383+0000] {dagbag.py:545} INFO - Filling up the DagBag from /opt/airflow/dags/youtube_pipeline.py
[2026-07-23T13:48:35.418+0000] {processor.py:840} INFO - DAG(s) 'youtube_english_video_pipeline' retrieved from /opt/airflow/dags/youtube_pipeline.py
[2026-07-23T13:48:35.452+0000] {logging_mixin.py:188} INFO - [2026-07-23T13:48:35.452+0000] {dag.py:3089} INFO - Sync 1 DAGs
[2026-07-23T13:48:35.474+0000] {logging_mixin.py:188} INFO - [2026-07-23T13:48:35.474+0000] {dag.py:3947} INFO - Setting next_dagrun for youtube_english_video_pipeline to 2026-07-23 12:00:00+00:00, run_after=2026-07-24 12:00:00+00:00
[2026-07-23T13:48:35.502+0000] {processor.py:183} INFO - Processing /opt/airflow/dags/youtube_pipeline.py took 0.139 seconds
[2026-07-23T13:49:05.649+0000] {processor.py:161} INFO - Started process (PID=3754) to work on /opt/airflow/dags/youtube_pipeline.py
[2026-07-23T13:49:05.650+0000] {processor.py:830} INFO - Processing file /opt/airflow/dags/youtube_pipeline.py for tasks to queue
[2026-07-23T13:49:05.652+0000] {logging_mixin.py:188} INFO - [2026-07-23T13:49:05.652+0000] {dagbag.py:545} INFO - Filling up the DagBag from /opt/airflow/dags/youtube_pipeline.py
[2026-07-23T13:49:05.683+0000] {processor.py:840} INFO - DAG(s) 'youtube_english_video_pipeline' retrieved from /opt/airflow/dags/youtube_pipeline.py
[2026-07-23T13:49:05.719+0000] {logging_mixin.py:188} INFO - [2026-07-23T13:49:05.719+0000] {dag.py:3089} INFO - Sync 1 DAGs
[2026-07-23T13:49:05.739+0000] {logging_mixin.py:188} INFO - [2026-07-23T13:49:05.738+0000] {dag.py:3947} INFO - Setting next_dagrun for youtube_english_video_pipeline to 2026-07-23 12:00:00+00:00, run_after=2026-07-24 12:00:00+00:00
[2026-07-23T13:49:05.754+0000] {processor.py:183} INFO - Processing /opt/airflow/dags/youtube_pipeline.py took 0.115 seconds
[2026-07-23T13:49:35.974+0000] {processor.py:161} INFO - Started process (PID=3759) to work on /opt/airflow/dags/youtube_pipeline.py
[2026-07-23T13:49:35.975+0000] {processor.py:830} INFO - Processing file /opt/airflow/dags/youtube_pipeline.py for tasks to queue
[2026-07-23T13:49:35.977+0000] {logging_mixin.py:188} INFO - [2026-07-23T13:49:35.977+0000] {dagbag.py:545} INFO - Filling up the DagBag from /opt/airflow/dags/youtube_pipeline.py
[2026-07-23T13:49:36.006+0000] {processor.py:840} INFO - DAG(s) 'youtube_english_video_pipeline' retrieved from /opt/airflow/dags/youtube_pipeline.py
[2026-07-23T13:49:36.038+0000] {logging_mixin.py:188} INFO - [2026-07-23T13:49:36.038+0000] {dag.py:3089} INFO - Sync 1 DAGs
[2026-07-23T13:49:36.056+0000] {logging_mixin.py:188} INFO - [2026-07-23T13:49:36.056+0000] {dag.py:3947} INFO - Setting next_dagrun for youtube_english_video_pipeline to 2026-07-23 12:00:00+00:00, run_after=2026-07-24 12:00:00+00:00
[2026-07-23T13:49:36.071+0000] {processor.py:183} INFO - Processing /opt/airflow/dags/youtube_pipeline.py took 0.102 seconds
[2026-07-23T13:50:06.232+0000] {processor.py:161} INFO - Started process (PID=3764) to work on /opt/airflow/dags/youtube_pipeline.py
[2026-07-23T13:50:06.234+0000] {processor.py:830} INFO - Processing file /opt/airflow/dags/youtube_pipeline.py for tasks to queue
[2026-07-23T13:50:06.237+0000] {logging_mixin.py:188} INFO - [2026-07-23T13:50:06.236+0000] {dagbag.py:545} INFO - Filling up the DagBag from /opt/airflow/dags/youtube_pipeline.py
[2026-07-23T13:50:06.291+0000] {processor.py:840} INFO - DAG(s) 'youtube_english_video_pipeline' retrieved from /opt/airflow/dags/youtube_pipeline.py
[2026-07-23T13:50:06.316+0000] {logging_mixin.py:188} INFO - [2026-07-23T13:50:06.316+0000] {dag.py:3089} INFO - Sync 1 DAGs
[2026-07-23T13:50:06.334+0000] {logging_mixin.py:188} INFO - [2026-07-23T13:50:06.334+0000] {dag.py:3947} INFO - Setting next_dagrun for youtube_english_video_pipeline to 2026-07-23 12:00:00+00:00, run_after=2026-07-24 12:00:00+00:00
[2026-07-23T13:50:06.351+0000] {processor.py:183} INFO - Processing /opt/airflow/dags/youtube_pipeline.py took 0.130 seconds
[2026-07-23T13:50:36.607+0000] {processor.py:161} INFO - Started process (PID=3769) to work on /opt/airflow/dags/youtube_pipeline.py
[2026-07-23T13:50:36.608+0000] {processor.py:830} INFO - Processing file /opt/airflow/dags/youtube_pipeline.py for tasks to queue
[2026-07-23T13:50:36.610+0000] {logging_mixin.py:188} INFO - [2026-07-23T13:50:36.610+0000] {dagbag.py:545} INFO - Filling up the DagBag from /opt/airflow/dags/youtube_pipeline.py
[2026-07-23T13:50:36.628+0000] {processor.py:840} INFO - DAG(s) 'youtube_english_video_pipeline' retrieved from /opt/airflow/dags/youtube_pipeline.py
[2026-07-23T13:50:36.650+0000] {logging_mixin.py:188} INFO - [2026-07-23T13:50:36.649+0000] {dag.py:3089} INFO - Sync 1 DAGs
[2026-07-23T13:50:36.663+0000] {logging_mixin.py:188} INFO - [2026-07-23T13:50:36.663+0000] {dag.py:3947} INFO - Setting next_dagrun for youtube_english_video_pipeline to 2026-07-23 12:00:00+00:00, run_after=2026-07-24 12:00:00+00:00
[2026-07-23T13:50:36.678+0000] {processor.py:183} INFO - Processing /opt/airflow/dags/youtube_pipeline.py took 0.076 seconds
[2026-07-23T13:51:06.958+0000] {processor.py:161} INFO - Started process (PID=3774) to work on /opt/airflow/dags/youtube_pipeline.py
[2026-07-23T13:51:06.960+0000] {processor.py:830} INFO - Processing file /opt/airflow/dags/youtube_pipeline.py for tasks to queue
[2026-07-23T13:51:06.961+0000] {logging_mixin.py:188} INFO - [2026-07-23T13:51:06.961+0000] {dagbag.py:545} INFO - Filling up the DagBag from /opt/airflow/dags/youtube_pipeline.py
[2026-07-23T13:51:07.070+0000] {processor.py:840} INFO - DAG(s) 'youtube_english_video_pipeline' retrieved from /opt/airflow/dags/youtube_pipeline.py
[2026-07-23T13:51:07.093+0000] {logging_mixin.py:188} INFO - [2026-07-23T13:51:07.092+0000] {dag.py:3089} INFO - Sync 1 DAGs
[2026-07-23T13:51:07.109+0000] {logging_mixin.py:188} INFO - [2026-07-23T13:51:07.109+0000] {dag.py:3947} INFO - Setting next_dagrun for youtube_english_video_pipeline to 2026-07-23 12:00:00+00:00, run_after=2026-07-24 12:00:00+00:00
[2026-07-23T13:51:07.132+0000] {processor.py:183} INFO - Processing /opt/airflow/dags/youtube_pipeline.py took 0.183 seconds
[2026-07-23T13:51:37.431+0000] {processor.py:161} INFO - Started process (PID=3779) to work on /opt/airflow/dags/youtube_pipeline.py
[2026-07-23T13:51:37.432+0000] {processor.py:830} INFO - Processing file /opt/airflow/dags/youtube_pipeline.py for tasks to queue
[2026-07-23T13:51:37.434+0000] {logging_mixin.py:188} INFO - [2026-07-23T13:51:37.434+0000] {dagbag.py:545} INFO - Filling up the DagBag from /opt/airflow/dags/youtube_pipeline.py
[2026-07-23T13:51:37.482+0000] {processor.py:840} INFO - DAG(s) 'youtube_english_video_pipeline' retrieved from /opt/airflow/dags/youtube_pipeline.py
[2026-07-23T13:51:37.507+0000] {logging_mixin.py:188} INFO - [2026-07-23T13:51:37.506+0000] {dag.py:3089} INFO - Sync 1 DAGs
[2026-07-23T13:51:37.523+0000] {logging_mixin.py:188} INFO - [2026-07-23T13:51:37.523+0000] {dag.py:3947} INFO - Setting next_dagrun for youtube_english_video_pipeline to 2026-07-23 12:00:00+00:00, run_after=2026-07-24 12:00:00+00:00
[2026-07-23T13:51:37.542+0000] {processor.py:183} INFO - Processing /opt/airflow/dags/youtube_pipeline.py took 0.118 seconds
[2026-07-23T13:52:07.638+0000] {processor.py:161} INFO - Started process (PID=3784) to work on /opt/airflow/dags/youtube_pipeline.py
[2026-07-23T13:52:07.639+0000] {processor.py:830} INFO - Processing file /opt/airflow/dags/youtube_pipeline.py for tasks to queue
[2026-07-23T13:52:07.641+0000] {logging_mixin.py:188} INFO - [2026-07-23T13:52:07.640+0000] {dagbag.py:545} INFO - Filling up the DagBag from /opt/airflow/dags/youtube_pipeline.py
[2026-07-23T13:52:07.658+0000] {processor.py:840} INFO - DAG(s) 'youtube_english_video_pipeline' retrieved from /opt/airflow/dags/youtube_pipeline.py
[2026-07-23T13:52:07.682+0000] {logging_mixin.py:188} INFO - [2026-07-23T13:52:07.682+0000] {dag.py:3089} INFO - Sync 1 DAGs
[2026-07-23T13:52:07.702+0000] {logging_mixin.py:188} INFO - [2026-07-23T13:52:07.701+0000] {dag.py:3947} INFO - Setting next_dagrun for youtube_english_video_pipeline to 2026-07-23 12:00:00+00:00, run_after=2026-07-24 12:00:00+00:00
[2026-07-23T13:52:07.731+0000] {processor.py:183} INFO - Processing /opt/airflow/dags/youtube_pipeline.py took 0.097 seconds
[2026-07-23T13:52:38.080+0000] {processor.py:161} INFO - Started process (PID=3789) to work on /opt/airflow/dags/youtube_pipeline.py
[2026-07-23T13:52:38.081+0000] {processor.py:830} INFO - Processing file /opt/airflow/dags/youtube_pipeline.py for tasks to queue
[2026-07-23T13:52:38.083+0000] {logging_mixin.py:188} INFO - [2026-07-23T13:52:38.082+0000] {dagbag.py:545} INFO - Filling up the DagBag from /opt/airflow/dags/youtube_pipeline.py
[2026-07-23T13:52:38.103+0000] {processor.py:840} INFO - DAG(s) 'youtube_english_video_pipeline' retrieved from /opt/airflow/dags/youtube_pipeline.py
[2026-07-23T13:52:38.131+0000] {logging_mixin.py:188} INFO - [2026-07-23T13:52:38.130+0000] {dag.py:3089} INFO - Sync 1 DAGs
[2026-07-23T13:52:38.147+0000] {logging_mixin.py:188} INFO - [2026-07-23T13:52:38.147+0000] {dag.py:3947} INFO - Setting next_dagrun for youtube_english_video_pipeline to 2026-07-23 12:00:00+00:00, run_after=2026-07-24 12:00:00+00:00
[2026-07-23T13:52:38.161+0000] {processor.py:183} INFO - Processing /opt/airflow/dags/youtube_pipeline.py took 0.086 seconds
[2026-07-23T13:53:08.357+0000] {processor.py:161} INFO - Started process (PID=3794) to work on /opt/airflow/dags/youtube_pipeline.py
[2026-07-23T13:53:08.358+0000] {processor.py:830} INFO - Processing file /opt/airflow/dags/youtube_pipeline.py for tasks to queue
[2026-07-23T13:53:08.360+0000] {logging_mixin.py:188} INFO - [2026-07-23T13:53:08.360+0000] {dagbag.py:545} INFO - Filling up the DagBag from /opt/airflow/dags/youtube_pipeline.py
[2026-07-23T13:53:08.392+0000] {processor.py:840} INFO - DAG(s) 'youtube_english_video_pipeline' retrieved from /opt/airflow/dags/youtube_pipeline.py
[2026-07-23T13:53:08.414+0000] {logging_mixin.py:188} INFO - [2026-07-23T13:53:08.414+0000] {dag.py:3089} INFO - Sync 1 DAGs
[2026-07-23T13:53:08.428+0000] {logging_mixin.py:188} INFO - [2026-07-23T13:53:08.428+0000] {dag.py:3947} INFO - Setting next_dagrun for youtube_english_video_pipeline to 2026-07-23 12:00:00+00:00, run_after=2026-07-24 12:00:00+00:00
[2026-07-23T13:53:08.443+0000] {processor.py:183} INFO - Processing /opt/airflow/dags/youtube_pipeline.py took 0.092 seconds
[2026-07-23T13:53:38.655+0000] {processor.py:161} INFO - Started process (PID=3799) to work on /opt/airflow/dags/youtube_pipeline.py
[2026-07-23T13:53:38.657+0000] {processor.py:830} INFO - Processing file /opt/airflow/dags/youtube_pipeline.py for tasks to queue
[2026-07-23T13:53:38.659+0000] {logging_mixin.py:188} INFO - [2026-07-23T13:53:38.659+0000] {dagbag.py:545} INFO - Filling up the DagBag from /opt/airflow/dags/youtube_pipeline.py
[2026-07-23T13:53:38.699+0000] {processor.py:840} INFO - DAG(s) 'youtube_english_video_pipeline' retrieved from /opt/airflow/dags/youtube_pipeline.py
[2026-07-23T13:53:38.722+0000] {logging_mixin.py:188} INFO - [2026-07-23T13:53:38.721+0000] {dag.py:3089} INFO - Sync 1 DAGs
[2026-07-23T13:53:38.737+0000] {logging_mixin.py:188} INFO - [2026-07-23T13:53:38.737+0000] {dag.py:3947} INFO - Setting next_dagrun for youtube_english_video_pipeline to 2026-07-23 12:00:00+00:00, run_after=2026-07-24 12:00:00+00:00
[2026-07-23T13:53:38.753+0000] {processor.py:183} INFO - Processing /opt/airflow/dags/youtube_pipeline.py took 0.106 seconds
[2026-07-23T13:54:08.997+0000] {processor.py:161} INFO - Started process (PID=3804) to work on /opt/airflow/dags/youtube_pipeline.py
[2026-07-23T13:54:08.998+0000] {processor.py:830} INFO - Processing file /opt/airflow/dags/youtube_pipeline.py for tasks to queue
[2026-07-23T13:54:09.000+0000] {logging_mixin.py:188} INFO - [2026-07-23T13:54:09.000+0000] {dagbag.py:545} INFO - Filling up the DagBag from /opt/airflow/dags/youtube_pipeline.py
[2026-07-23T13:54:09.035+0000] {processor.py:840} INFO - DAG(s) 'youtube_english_video_pipeline' retrieved from /opt/airflow/dags/youtube_pipeline.py
[2026-07-23T13:54:09.057+0000] {logging_mixin.py:188} INFO - [2026-07-23T13:54:09.057+0000] {dag.py:3089} INFO - Sync 1 DAGs
[2026-07-23T13:54:09.073+0000] {logging_mixin.py:188} INFO - [2026-07-23T13:54:09.072+0000] {dag.py:3947} INFO - Setting next_dagrun for youtube_english_video_pipeline to 2026-07-23 12:00:00+00:00, run_after=2026-07-24 12:00:00+00:00
[2026-07-23T13:54:09.098+0000] {processor.py:183} INFO - Processing /opt/airflow/dags/youtube_pipeline.py took 0.108 seconds
[2026-07-23T13:54:39.307+0000] {processor.py:161} INFO - Started process (PID=3809) to work on /opt/airflow/dags/youtube_pipeline.py
[2026-07-23T13:54:39.309+0000] {processor.py:830} INFO - Processing file /opt/airflow/dags/youtube_pipeline.py for tasks to queue
[2026-07-23T13:54:39.311+0000] {logging_mixin.py:188} INFO - [2026-07-23T13:54:39.310+0000] {dagbag.py:545} INFO - Filling up the DagBag from /opt/airflow/dags/youtube_pipeline.py
[2026-07-23T13:54:39.352+0000] {processor.py:840} INFO - DAG(s) 'youtube_english_video_pipeline' retrieved from /opt/airflow/dags/youtube_pipeline.py
[2026-07-23T13:54:39.375+0000] {logging_mixin.py:188} INFO - [2026-07-23T13:54:39.375+0000] {dag.py:3089} INFO - Sync 1 DAGs
[2026-07-23T13:54:39.396+0000] {logging_mixin.py:188} INFO - [2026-07-23T13:54:39.395+0000] {dag.py:3947} INFO - Setting next_dagrun for youtube_english_video_pipeline to 2026-07-23 12:00:00+00:00, run_after=2026-07-24 12:00:00+00:00
[2026-07-23T13:54:39.417+0000] {processor.py:183} INFO - Processing /opt/airflow/dags/youtube_pipeline.py took 0.120 seconds
[2026-07-23T13:55:09.620+0000] {processor.py:161} INFO - Started process (PID=3814) to work on /opt/airflow/dags/youtube_pipeline.py
[2026-07-23T13:55:09.621+0000] {processor.py:830} INFO - Processing file /opt/airflow/dags/youtube_pipeline.py for tasks to queue
[2026-07-23T13:55:09.622+0000] {logging_mixin.py:188} INFO - [2026-07-23T13:55:09.622+0000] {dagbag.py:545} INFO - Filling up the DagBag from /opt/airflow/dags/youtube_pipeline.py
[2026-07-23T13:55:09.642+0000] {processor.py:840} INFO - DAG(s) 'youtube_english_video_pipeline' retrieved from /opt/airflow/dags/youtube_pipeline.py
[2026-07-23T13:55:09.667+0000] {logging_mixin.py:188} INFO - [2026-07-23T13:55:09.667+0000] {dag.py:3089} INFO - Sync 1 DAGs
[2026-07-23T13:55:09.685+0000] {logging_mixin.py:188} INFO - [2026-07-23T13:55:09.685+0000] {dag.py:3947} INFO - Setting next_dagrun for youtube_english_video_pipeline to 2026-07-23 12:00:00+00:00, run_after=2026-07-24 12:00:00+00:00
[2026-07-23T13:55:09.700+0000] {processor.py:183} INFO - Processing /opt/airflow/dags/youtube_pipeline.py took 0.086 seconds
[2026-07-23T23:38:02.936+0000] {processor.py:161} INFO - Started process (PID=3819) to work on /opt/airflow/dags/youtube_pipeline.py
[2026-07-23T23:38:02.938+0000] {processor.py:830} INFO - Processing file /opt/airflow/dags/youtube_pipeline.py for tasks to queue
[2026-07-23T23:38:02.941+0000] {logging_mixin.py:188} INFO - [2026-07-23T23:38:02.940+0000] {dagbag.py:545} INFO - Filling up the DagBag from /opt/airflow/dags/youtube_pipeline.py
[2026-07-23T23:38:04.066+0000] {processor.py:840} INFO - DAG(s) 'youtube_english_video_pipeline' retrieved from /opt/airflow/dags/youtube_pipeline.py
[2026-07-23T23:38:04.154+0000] {logging_mixin.py:188} INFO - [2026-07-23T23:38:04.154+0000] {dag.py:3089} INFO - Sync 1 DAGs
[2026-07-23T23:38:04.199+0000] {logging_mixin.py:188} INFO - [2026-07-23T23:38:04.199+0000] {dag.py:3947} INFO - Setting next_dagrun for youtube_english_video_pipeline to 2026-07-23 12:00:00+00:00, run_after=2026-07-24 12:00:00+00:00
[2026-07-23T23:38:04.316+0000] {processor.py:183} INFO - Processing /opt/airflow/dags/youtube_pipeline.py took 1.470 seconds
[2026-07-23T23:38:35.329+0000] {processor.py:161} INFO - Started process (PID=3824) to work on /opt/airflow/dags/youtube_pipeline.py
[2026-07-23T23:38:35.346+0000] {processor.py:830} INFO - Processing file /opt/airflow/dags/youtube_pipeline.py for tasks to queue
[2026-07-23T23:38:35.359+0000] {logging_mixin.py:188} INFO - [2026-07-23T23:38:35.358+0000] {dagbag.py:545} INFO - Filling up the DagBag from /opt/airflow/dags/youtube_pipeline.py
[2026-07-23T23:38:36.304+0000] {processor.py:840} INFO - DAG(s) 'youtube_english_video_pipeline' retrieved from /opt/airflow/dags/youtube_pipeline.py
[2026-07-23T23:38:36.407+0000] {logging_mixin.py:188} INFO - [2026-07-23T23:38:36.406+0000] {dag.py:3089} INFO - Sync 1 DAGs
[2026-07-23T23:38:36.452+0000] {logging_mixin.py:188} INFO - [2026-07-23T23:38:36.452+0000] {dag.py:3947} INFO - Setting next_dagrun for youtube_english_video_pipeline to 2026-07-23 12:00:00+00:00, run_after=2026-07-24 12:00:00+00:00
[2026-07-23T23:38:36.520+0000] {processor.py:183} INFO - Processing /opt/airflow/dags/youtube_pipeline.py took 1.222 seconds
[2026-07-23T23:39:06.785+0000] {processor.py:161} INFO - Started process (PID=3829) to work on /opt/airflow/dags/youtube_pipeline.py
[2026-07-23T23:39:06.791+0000] {processor.py:830} INFO - Processing file /opt/airflow/dags/youtube_pipeline.py for tasks to queue
[2026-07-23T23:39:06.796+0000] {logging_mixin.py:188} INFO - [2026-07-23T23:39:06.795+0000] {dagbag.py:545} INFO - Filling up the DagBag from /opt/airflow/dags/youtube_pipeline.py
[2026-07-23T23:39:06.892+0000] {processor.py:840} INFO - DAG(s) 'youtube_english_video_pipeline' retrieved from /opt/airflow/dags/youtube_pipeline.py
[2026-07-23T23:39:06.966+0000] {logging_mixin.py:188} INFO - [2026-07-23T23:39:06.966+0000] {dag.py:3089} INFO - Sync 1 DAGs
[2026-07-23T23:39:07.008+0000] {logging_mixin.py:188} INFO - [2026-07-23T23:39:07.008+0000] {dag.py:3947} INFO - Setting next_dagrun for youtube_english_video_pipeline to 2026-07-23 12:00:00+00:00, run_after=2026-07-24 12:00:00+00:00
[2026-07-23T23:39:07.057+0000] {processor.py:183} INFO - Processing /opt/airflow/dags/youtube_pipeline.py took 0.291 seconds
[2026-07-23T23:39:37.227+0000] {processor.py:161} INFO - Started process (PID=3834) to work on /opt/airflow/dags/youtube_pipeline.py
[2026-07-23T23:39:37.230+0000] {processor.py:830} INFO - Processing file /opt/airflow/dags/youtube_pipeline.py for tasks to queue
[2026-07-23T23:39:37.233+0000] {logging_mixin.py:188} INFO - [2026-07-23T23:39:37.232+0000] {dagbag.py:545} INFO - Filling up the DagBag from /opt/airflow/dags/youtube_pipeline.py
[2026-07-23T23:39:37.327+0000] {processor.py:840} INFO - DAG(s) 'youtube_english_video_pipeline' retrieved from /opt/airflow/dags/youtube_pipeline.py
[2026-07-23T23:39:37.403+0000] {logging_mixin.py:188} INFO - [2026-07-23T23:39:37.403+0000] {dag.py:3089} INFO - Sync 1 DAGs
[2026-07-23T23:39:37.460+0000] {logging_mixin.py:188} INFO - [2026-07-23T23:39:37.460+0000] {dag.py:3947} INFO - Setting next_dagrun for youtube_english_video_pipeline to 2026-07-23 12:00:00+00:00, run_after=2026-07-24 12:00:00+00:00
[2026-07-23T23:39:37.506+0000] {processor.py:183} INFO - Processing /opt/airflow/dags/youtube_pipeline.py took 0.297 seconds
[2026-07-23T23:40:07.972+0000] {processor.py:161} INFO - Started process (PID=3839) to work on /opt/airflow/dags/youtube_pipeline.py
[2026-07-23T23:40:07.979+0000] {processor.py:830} INFO - Processing file /opt/airflow/dags/youtube_pipeline.py for tasks to queue
[2026-07-23T23:40:07.986+0000] {logging_mixin.py:188} INFO - [2026-07-23T23:40:07.985+0000] {dagbag.py:545} INFO - Filling up the DagBag from /opt/airflow/dags/youtube_pipeline.py
[2026-07-23T23:40:08.083+0000] {processor.py:840} INFO - DAG(s) 'youtube_english_video_pipeline' retrieved from /opt/airflow/dags/youtube_pipeline.py
[2026-07-23T23:40:08.134+0000] {logging_mixin.py:188} INFO - [2026-07-23T23:40:08.134+0000] {dag.py:3089} INFO - Sync 1 DAGs
[2026-07-23T23:40:08.166+0000] {logging_mixin.py:188} INFO - [2026-07-23T23:40:08.166+0000] {dag.py:3947} INFO - Setting next_dagrun for youtube_english_video_pipeline to 2026-07-23 12:00:00+00:00, run_after=2026-07-24 12:00:00+00:00
[2026-07-23T23:40:08.212+0000] {processor.py:183} INFO - Processing /opt/airflow/dags/youtube_pipeline.py took 0.260 seconds
[2026-07-23T23:40:38.420+0000] {processor.py:161} INFO - Started process (PID=3844) to work on /opt/airflow/dags/youtube_pipeline.py
[2026-07-23T23:40:38.423+0000] {processor.py:830} INFO - Processing file /opt/airflow/dags/youtube_pipeline.py for tasks to queue
[2026-07-23T23:40:38.428+0000] {logging_mixin.py:188} INFO - [2026-07-23T23:40:38.428+0000] {dagbag.py:545} INFO - Filling up the DagBag from /opt/airflow/dags/youtube_pipeline.py
[2026-07-23T23:40:38.523+0000] {processor.py:840} INFO - DAG(s) 'youtube_english_video_pipeline' retrieved from /opt/airflow/dags/youtube_pipeline.py
[2026-07-23T23:40:38.597+0000] {logging_mixin.py:188} INFO - [2026-07-23T23:40:38.596+0000] {dag.py:3089} INFO - Sync 1 DAGs
[2026-07-23T23:40:38.633+0000] {logging_mixin.py:188} INFO - [2026-07-23T23:40:38.633+0000] {dag.py:3947} INFO - Setting next_dagrun for youtube_english_video_pipeline to 2026-07-23 12:00:00+00:00, run_after=2026-07-24 12:00:00+00:00
[2026-07-23T23:40:38.677+0000] {processor.py:183} INFO - Processing /opt/airflow/dags/youtube_pipeline.py took 0.273 seconds
[2026-07-23T23:41:10.565+0000] {processor.py:161} INFO - Started process (PID=3849) to work on /opt/airflow/dags/youtube_pipeline.py
[2026-07-23T23:41:10.608+0000] {processor.py:830} INFO - Processing file /opt/airflow/dags/youtube_pipeline.py for tasks to queue
[2026-07-23T23:41:10.625+0000] {logging_mixin.py:188} INFO - [2026-07-23T23:41:10.624+0000] {dagbag.py:545} INFO - Filling up the DagBag from /opt/airflow/dags/youtube_pipeline.py
[2026-07-23T23:41:11.056+0000] {processor.py:840} INFO - DAG(s) 'youtube_english_video_pipeline' retrieved from /opt/airflow/dags/youtube_pipeline.py
[2026-07-23T23:41:11.135+0000] {logging_mixin.py:188} INFO - [2026-07-23T23:41:11.135+0000] {dag.py:3089} INFO - Sync 1 DAGs
[2026-07-23T23:41:11.173+0000] {logging_mixin.py:188} INFO - [2026-07-23T23:41:11.173+0000] {dag.py:3947} INFO - Setting next_dagrun for youtube_english_video_pipeline to 2026-07-23 12:00:00+00:00, run_after=2026-07-24 12:00:00+00:00
[2026-07-23T23:41:11.247+0000] {processor.py:183} INFO - Processing /opt/airflow/dags/youtube_pipeline.py took 0.713 seconds
[2026-07-23T23:41:41.673+0000] {processor.py:161} INFO - Started process (PID=3854) to work on /opt/airflow/dags/youtube_pipeline.py
[2026-07-23T23:41:41.676+0000] {processor.py:830} INFO - Processing file /opt/airflow/dags/youtube_pipeline.py for tasks to queue
[2026-07-23T23:41:41.679+0000] {logging_mixin.py:188} INFO - [2026-07-23T23:41:41.678+0000] {dagbag.py:545} INFO - Filling up the DagBag from /opt/airflow/dags/youtube_pipeline.py
[2026-07-23T23:41:41.761+0000] {processor.py:840} INFO - DAG(s) 'youtube_english_video_pipeline' retrieved from /opt/airflow/dags/youtube_pipeline.py
[2026-07-23T23:41:41.807+0000] {logging_mixin.py:188} INFO - [2026-07-23T23:41:41.806+0000] {dag.py:3089} INFO - Sync 1 DAGs
[2026-07-23T23:41:41.841+0000] {logging_mixin.py:188} INFO - [2026-07-23T23:41:41.841+0000] {dag.py:3947} INFO - Setting next_dagrun for youtube_english_video_pipeline to 2026-07-23 12:00:00+00:00, run_after=2026-07-24 12:00:00+00:00
[2026-07-23T23:41:41.875+0000] {processor.py:183} INFO - Processing /opt/airflow/dags/youtube_pipeline.py took 0.211 seconds
[2026-07-23T23:42:12.090+0000] {processor.py:161} INFO - Started process (PID=3859) to work on /opt/airflow/dags/youtube_pipeline.py
[2026-07-23T23:42:12.092+0000] {processor.py:830} INFO - Processing file /opt/airflow/dags/youtube_pipeline.py for tasks to queue
[2026-07-23T23:42:12.095+0000] {logging_mixin.py:188} INFO - [2026-07-23T23:42:12.094+0000] {dagbag.py:545} INFO - Filling up the DagBag from /opt/airflow/dags/youtube_pipeline.py
[2026-07-23T23:42:12.184+0000] {processor.py:840} INFO - DAG(s) 'youtube_english_video_pipeline' retrieved from /opt/airflow/dags/youtube_pipeline.py
[2026-07-23T23:42:12.231+0000] {logging_mixin.py:188} INFO - [2026-07-23T23:42:12.230+0000] {dag.py:3089} INFO - Sync 1 DAGs
[2026-07-23T23:42:12.258+0000] {logging_mixin.py:188} INFO - [2026-07-23T23:42:12.257+0000] {dag.py:3947} INFO - Setting next_dagrun for youtube_english_video_pipeline to 2026-07-23 12:00:00+00:00, run_after=2026-07-24 12:00:00+00:00
[2026-07-23T23:42:12.287+0000] {processor.py:183} INFO - Processing /opt/airflow/dags/youtube_pipeline.py took 0.209 seconds
[2026-07-23T23:42:42.625+0000] {processor.py:161} INFO - Started process (PID=3864) to work on /opt/airflow/dags/youtube_pipeline.py
[2026-07-23T23:42:42.627+0000] {processor.py:830} INFO - Processing file /opt/airflow/dags/youtube_pipeline.py for tasks to queue
[2026-07-23T23:42:42.630+0000] {logging_mixin.py:188} INFO - [2026-07-23T23:42:42.630+0000] {dagbag.py:545} INFO - Filling up the DagBag from /opt/airflow/dags/youtube_pipeline.py
[2026-07-23T23:42:42.674+0000] {processor.py:840} INFO - DAG(s) 'youtube_english_video_pipeline' retrieved from /opt/airflow/dags/youtube_pipeline.py
[2026-07-23T23:42:42.712+0000] {logging_mixin.py:188} INFO - [2026-07-23T23:42:42.712+0000] {dag.py:3089} INFO - Sync 1 DAGs
[2026-07-23T23:42:42.737+0000] {logging_mixin.py:188} INFO - [2026-07-23T23:42:42.736+0000] {dag.py:3947} INFO - Setting next_dagrun for youtube_english_video_pipeline to 2026-07-23 12:00:00+00:00, run_after=2026-07-24 12:00:00+00:00
[2026-07-23T23:42:42.759+0000] {processor.py:183} INFO - Processing /opt/airflow/dags/youtube_pipeline.py took 0.145 seconds
[2026-07-23T23:43:13.671+0000] {processor.py:161} INFO - Started process (PID=3869) to work on /opt/airflow/dags/youtube_pipeline.py
[2026-07-23T23:43:13.680+0000] {processor.py:830} INFO - Processing file /opt/airflow/dags/youtube_pipeline.py for tasks to queue
[2026-07-23T23:43:13.687+0000] {logging_mixin.py:188} INFO - [2026-07-23T23:43:13.686+0000] {dagbag.py:545} INFO - Filling up the DagBag from /opt/airflow/dags/youtube_pipeline.py
[2026-07-23T23:43:14.021+0000] {processor.py:840} INFO - DAG(s) 'youtube_english_video_pipeline' retrieved from /opt/airflow/dags/youtube_pipeline.py
[2026-07-23T23:43:14.109+0000] {logging_mixin.py:188} INFO - [2026-07-23T23:43:14.109+0000] {dag.py:3089} INFO - Sync 1 DAGs
[2026-07-23T23:43:14.156+0000] {logging_mixin.py:188} INFO - [2026-07-23T23:43:14.156+0000] {dag.py:3947} INFO - Setting next_dagrun for youtube_english_video_pipeline to 2026-07-23 12:00:00+00:00, run_after=2026-07-24 12:00:00+00:00
[2026-07-23T23:43:14.206+0000] {processor.py:183} INFO - Processing /opt/airflow/dags/youtube_pipeline.py took 0.552 seconds
[2026-07-23T23:43:44.747+0000] {processor.py:161} INFO - Started process (PID=3874) to work on /opt/airflow/dags/youtube_pipeline.py
[2026-07-23T23:43:44.751+0000] {processor.py:830} INFO - Processing file /opt/airflow/dags/youtube_pipeline.py for tasks to queue
[2026-07-23T23:43:44.756+0000] {logging_mixin.py:188} INFO - [2026-07-23T23:43:44.756+0000] {dagbag.py:545} INFO - Filling up the DagBag from /opt/airflow/dags/youtube_pipeline.py
[2026-07-23T23:43:44.895+0000] {processor.py:840} INFO - DAG(s) 'youtube_english_video_pipeline' retrieved from /opt/airflow/dags/youtube_pipeline.py
[2026-07-23T23:43:44.974+0000] {logging_mixin.py:188} INFO - [2026-07-23T23:43:44.973+0000] {dag.py:3089} INFO - Sync 1 DAGs
[2026-07-23T23:43:45.020+0000] {logging_mixin.py:188} INFO - [2026-07-23T23:43:45.019+0000] {dag.py:3947} INFO - Setting next_dagrun for youtube_english_video_pipeline to 2026-07-23 12:00:00+00:00, run_after=2026-07-24 12:00:00+00:00
[2026-07-23T23:43:45.062+0000] {processor.py:183} INFO - Processing /opt/airflow/dags/youtube_pipeline.py took 0.332 seconds
[2026-07-23T23:44:15.261+0000] {processor.py:161} INFO - Started process (PID=3879) to work on /opt/airflow/dags/youtube_pipeline.py
[2026-07-23T23:44:15.264+0000] {processor.py:830} INFO - Processing file /opt/airflow/dags/youtube_pipeline.py for tasks to queue
[2026-07-23T23:44:15.267+0000] {logging_mixin.py:188} INFO - [2026-07-23T23:44:15.267+0000] {dagbag.py:545} INFO - Filling up the DagBag from /opt/airflow/dags/youtube_pipeline.py
[2026-07-23T23:44:15.317+0000] {processor.py:840} INFO - DAG(s) 'youtube_english_video_pipeline' retrieved from /opt/airflow/dags/youtube_pipeline.py
[2026-07-23T23:44:15.358+0000] {logging_mixin.py:188} INFO - [2026-07-23T23:44:15.357+0000] {dag.py:3089} INFO - Sync 1 DAGs
[2026-07-23T23:44:15.388+0000] {logging_mixin.py:188} INFO - [2026-07-23T23:44:15.388+0000] {dag.py:3947} INFO - Setting next_dagrun for youtube_english_video_pipeline to 2026-07-23 12:00:00+00:00, run_after=2026-07-24 12:00:00+00:00
[2026-07-23T23:44:15.428+0000] {processor.py:183} INFO - Processing /opt/airflow/dags/youtube_pipeline.py took 0.178 seconds
[2026-07-23T23:44:45.540+0000] {processor.py:161} INFO - Started process (PID=3884) to work on /opt/airflow/dags/youtube_pipeline.py
[2026-07-23T23:44:45.549+0000] {processor.py:830} INFO - Processing file /opt/airflow/dags/youtube_pipeline.py for tasks to queue
[2026-07-23T23:44:45.574+0000] {logging_mixin.py:188} INFO - [2026-07-23T23:44:45.570+0000] {dagbag.py:545} INFO - Filling up the DagBag from /opt/airflow/dags/youtube_pipeline.py
[2026-07-23T23:44:45.716+0000] {processor.py:840} INFO - DAG(s) 'youtube_english_video_pipeline' retrieved from /opt/airflow/dags/youtube_pipeline.py
[2026-07-23T23:44:45.773+0000] {logging_mixin.py:188} INFO - [2026-07-23T23:44:45.773+0000] {dag.py:3089} INFO - Sync 1 DAGs
[2026-07-23T23:44:45.815+0000] {logging_mixin.py:188} INFO - [2026-07-23T23:44:45.814+0000] {dag.py:3947} INFO - Setting next_dagrun for youtube_english_video_pipeline to 2026-07-23 12:00:00+00:00, run_after=2026-07-24 12:00:00+00:00
[2026-07-23T23:44:45.841+0000] {processor.py:183} INFO - Processing /opt/airflow/dags/youtube_pipeline.py took 0.338 seconds
[2026-07-23T23:45:16.066+0000] {processor.py:161} INFO - Started process (PID=3889) to work on /opt/airflow/dags/youtube_pipeline.py
[2026-07-23T23:45:16.067+0000] {processor.py:830} INFO - Processing file /opt/airflow/dags/youtube_pipeline.py for tasks to queue
[2026-07-23T23:45:16.069+0000] {logging_mixin.py:188} INFO - [2026-07-23T23:45:16.069+0000] {dagbag.py:545} INFO - Filling up the DagBag from /opt/airflow/dags/youtube_pipeline.py
[2026-07-23T23:45:16.120+0000] {processor.py:840} INFO - DAG(s) 'youtube_english_video_pipeline' retrieved from /opt/airflow/dags/youtube_pipeline.py
[2026-07-23T23:45:16.169+0000] {logging_mixin.py:188} INFO - [2026-07-23T23:45:16.169+0000] {dag.py:3089} INFO - Sync 1 DAGs
[2026-07-23T23:45:16.193+0000] {logging_mixin.py:188} INFO - [2026-07-23T23:45:16.193+0000] {dag.py:3947} INFO - Setting next_dagrun for youtube_english_video_pipeline to 2026-07-23 12:00:00+00:00, run_after=2026-07-24 12:00:00+00:00
[2026-07-23T23:45:16.217+0000] {processor.py:183} INFO - Processing /opt/airflow/dags/youtube_pipeline.py took 0.159 seconds
[2026-07-23T23:45:46.448+0000] {processor.py:161} INFO - Started process (PID=3894) to work on /opt/airflow/dags/youtube_pipeline.py
[2026-07-23T23:45:46.450+0000] {processor.py:830} INFO - Processing file /opt/airflow/dags/youtube_pipeline.py for tasks to queue
[2026-07-23T23:45:46.454+0000] {logging_mixin.py:188} INFO - [2026-07-23T23:45:46.453+0000] {dagbag.py:545} INFO - Filling up the DagBag from /opt/airflow/dags/youtube_pipeline.py
[2026-07-23T23:45:46.502+0000] {processor.py:840} INFO - DAG(s) 'youtube_english_video_pipeline' retrieved from /opt/airflow/dags/youtube_pipeline.py
[2026-07-23T23:45:46.541+0000] {logging_mixin.py:188} INFO - [2026-07-23T23:45:46.540+0000] {dag.py:3089} INFO - Sync 1 DAGs
[2026-07-23T23:45:46.564+0000] {logging_mixin.py:188} INFO - [2026-07-23T23:45:46.564+0000] {dag.py:3947} INFO - Setting next_dagrun for youtube_english_video_pipeline to 2026-07-23 12:00:00+00:00, run_after=2026-07-24 12:00:00+00:00
[2026-07-23T23:45:46.589+0000] {processor.py:183} INFO - Processing /opt/airflow/dags/youtube_pipeline.py took 0.152 seconds
[2026-07-23T23:46:16.804+0000] {processor.py:161} INFO - Started process (PID=3899) to work on /opt/airflow/dags/youtube_pipeline.py
[2026-07-23T23:46:16.806+0000] {processor.py:830} INFO - Processing file /opt/airflow/dags/youtube_pipeline.py for tasks to queue
[2026-07-23T23:46:16.808+0000] {logging_mixin.py:188} INFO - [2026-07-23T23:46:16.808+0000] {dagbag.py:545} INFO - Filling up the DagBag from /opt/airflow/dags/youtube_pipeline.py
[2026-07-23T23:46:16.857+0000] {processor.py:840} INFO - DAG(s) 'youtube_english_video_pipeline' retrieved from /opt/airflow/dags/youtube_pipeline.py
[2026-07-23T23:46:16.893+0000] {logging_mixin.py:188} INFO - [2026-07-23T23:46:16.893+0000] {dag.py:3089} INFO - Sync 1 DAGs
[2026-07-23T23:46:16.914+0000] {logging_mixin.py:188} INFO - [2026-07-23T23:46:16.913+0000] {dag.py:3947} INFO - Setting next_dagrun for youtube_english_video_pipeline to 2026-07-23 12:00:00+00:00, run_after=2026-07-24 12:00:00+00:00
[2026-07-23T23:46:16.936+0000] {processor.py:183} INFO - Processing /opt/airflow/dags/youtube_pipeline.py took 0.140 seconds
[2026-07-23T23:46:47.211+0000] {processor.py:161} INFO - Started process (PID=3904) to work on /opt/airflow/dags/youtube_pipeline.py
[2026-07-23T23:46:47.212+0000] {processor.py:830} INFO - Processing file /opt/airflow/dags/youtube_pipeline.py for tasks to queue
[2026-07-23T23:46:47.215+0000] {logging_mixin.py:188} INFO - [2026-07-23T23:46:47.214+0000] {dagbag.py:545} INFO - Filling up the DagBag from /opt/airflow/dags/youtube_pipeline.py
[2026-07-23T23:46:47.263+0000] {processor.py:840} INFO - DAG(s) 'youtube_english_video_pipeline' retrieved from /opt/airflow/dags/youtube_pipeline.py
[2026-07-23T23:46:47.292+0000] {logging_mixin.py:188} INFO - [2026-07-23T23:46:47.292+0000] {dag.py:3089} INFO - Sync 1 DAGs
[2026-07-23T23:46:47.312+0000] {logging_mixin.py:188} INFO - [2026-07-23T23:46:47.312+0000] {dag.py:3947} INFO - Setting next_dagrun for youtube_english_video_pipeline to 2026-07-23 12:00:00+00:00, run_after=2026-07-24 12:00:00+00:00
[2026-07-23T23:46:47.335+0000] {processor.py:183} INFO - Processing /opt/airflow/dags/youtube_pipeline.py took 0.132 seconds
[2026-07-23T23:47:17.541+0000] {processor.py:161} INFO - Started process (PID=3909) to work on /opt/airflow/dags/youtube_pipeline.py
[2026-07-23T23:47:17.543+0000] {processor.py:830} INFO - Processing file /opt/airflow/dags/youtube_pipeline.py for tasks to queue
[2026-07-23T23:47:17.545+0000] {logging_mixin.py:188} INFO - [2026-07-23T23:47:17.545+0000] {dagbag.py:545} INFO - Filling up the DagBag from /opt/airflow/dags/youtube_pipeline.py
[2026-07-23T23:47:17.596+0000] {processor.py:840} INFO - DAG(s) 'youtube_english_video_pipeline' retrieved from /opt/airflow/dags/youtube_pipeline.py
[2026-07-23T23:47:17.632+0000] {logging_mixin.py:188} INFO - [2026-07-23T23:47:17.632+0000] {dag.py:3089} INFO - Sync 1 DAGs
[2026-07-23T23:47:17.662+0000] {logging_mixin.py:188} INFO - [2026-07-23T23:47:17.662+0000] {dag.py:3947} INFO - Setting next_dagrun for youtube_english_video_pipeline to 2026-07-23 12:00:00+00:00, run_after=2026-07-24 12:00:00+00:00
[2026-07-23T23:47:17.691+0000] {processor.py:183} INFO - Processing /opt/airflow/dags/youtube_pipeline.py took 0.161 seconds
[2026-07-23T23:47:47.880+0000] {processor.py:161} INFO - Started process (PID=3914) to work on /opt/airflow/dags/youtube_pipeline.py
[2026-07-23T23:47:47.882+0000] {processor.py:830} INFO - Processing file /opt/airflow/dags/youtube_pipeline.py for tasks to queue
[2026-07-23T23:47:47.885+0000] {logging_mixin.py:188} INFO - [2026-07-23T23:47:47.884+0000] {dagbag.py:545} INFO - Filling up the DagBag from /opt/airflow/dags/youtube_pipeline.py
[2026-07-23T23:47:47.931+0000] {processor.py:840} INFO - DAG(s) 'youtube_english_video_pipeline' retrieved from /opt/airflow/dags/youtube_pipeline.py
[2026-07-23T23:47:47.968+0000] {logging_mixin.py:188} INFO - [2026-07-23T23:47:47.968+0000] {dag.py:3089} INFO - Sync 1 DAGs
[2026-07-23T23:47:47.992+0000] {logging_mixin.py:188} INFO - [2026-07-23T23:47:47.992+0000] {dag.py:3947} INFO - Setting next_dagrun for youtube_english_video_pipeline to 2026-07-23 12:00:00+00:00, run_after=2026-07-24 12:00:00+00:00
[2026-07-23T23:47:48.016+0000] {processor.py:183} INFO - Processing /opt/airflow/dags/youtube_pipeline.py took 0.145 seconds
[2026-07-23T23:48:18.541+0000] {processor.py:161} INFO - Started process (PID=3919) to work on /opt/airflow/dags/youtube_pipeline.py
[2026-07-23T23:48:18.544+0000] {processor.py:830} INFO - Processing file /opt/airflow/dags/youtube_pipeline.py for tasks to queue
[2026-07-23T23:48:18.550+0000] {logging_mixin.py:188} INFO - [2026-07-23T23:48:18.548+0000] {dagbag.py:545} INFO - Filling up the DagBag from /opt/airflow/dags/youtube_pipeline.py
[2026-07-23T23:48:18.633+0000] {processor.py:840} INFO - DAG(s) 'youtube_english_video_pipeline' retrieved from /opt/airflow/dags/youtube_pipeline.py
[2026-07-23T23:48:18.680+0000] {logging_mixin.py:188} INFO - [2026-07-23T23:48:18.679+0000] {dag.py:3089} INFO - Sync 1 DAGs
[2026-07-23T23:48:18.708+0000] {logging_mixin.py:188} INFO - [2026-07-23T23:48:18.708+0000] {dag.py:3947} INFO - Setting next_dagrun for youtube_english_video_pipeline to 2026-07-23 12:00:00+00:00, run_after=2026-07-24 12:00:00+00:00
[2026-07-23T23:48:18.737+0000] {processor.py:183} INFO - Processing /opt/airflow/dags/youtube_pipeline.py took 0.208 seconds
[2026-07-23T23:48:48.991+0000] {processor.py:161} INFO - Started process (PID=3924) to work on /opt/airflow/dags/youtube_pipeline.py
[2026-07-23T23:48:48.993+0000] {processor.py:830} INFO - Processing file /opt/airflow/dags/youtube_pipeline.py for tasks to queue
[2026-07-23T23:48:48.995+0000] {logging_mixin.py:188} INFO - [2026-07-23T23:48:48.995+0000] {dagbag.py:545} INFO - Filling up the DagBag from /opt/airflow/dags/youtube_pipeline.py
[2026-07-23T23:48:49.033+0000] {processor.py:840} INFO - DAG(s) 'youtube_english_video_pipeline' retrieved from /opt/airflow/dags/youtube_pipeline.py
[2026-07-23T23:48:49.066+0000] {logging_mixin.py:188} INFO - [2026-07-23T23:48:49.066+0000] {dag.py:3089} INFO - Sync 1 DAGs
[2026-07-23T23:48:49.086+0000] {logging_mixin.py:188} INFO - [2026-07-23T23:48:49.086+0000] {dag.py:3947} INFO - Setting next_dagrun for youtube_english_video_pipeline to 2026-07-23 12:00:00+00:00, run_after=2026-07-24 12:00:00+00:00
[2026-07-23T23:48:49.107+0000] {processor.py:183} INFO - Processing /opt/airflow/dags/youtube_pipeline.py took 0.135 seconds
[2026-07-23T23:49:19.241+0000] {processor.py:161} INFO - Started process (PID=3929) to work on /opt/airflow/dags/youtube_pipeline.py
[2026-07-23T23:49:19.245+0000] {processor.py:830} INFO - Processing file /opt/airflow/dags/youtube_pipeline.py for tasks to queue
[2026-07-23T23:49:19.249+0000] {logging_mixin.py:188} INFO - [2026-07-23T23:49:19.248+0000] {dagbag.py:545} INFO - Filling up the DagBag from /opt/airflow/dags/youtube_pipeline.py
[2026-07-23T23:49:19.299+0000] {processor.py:840} INFO - DAG(s) 'youtube_english_video_pipeline' retrieved from /opt/airflow/dags/youtube_pipeline.py
[2026-07-23T23:49:19.339+0000] {logging_mixin.py:188} INFO - [2026-07-23T23:49:19.339+0000] {dag.py:3089} INFO - Sync 1 DAGs
[2026-07-23T23:49:19.363+0000] {logging_mixin.py:188} INFO - [2026-07-23T23:49:19.363+0000] {dag.py:3947} INFO - Setting next_dagrun for youtube_english_video_pipeline to 2026-07-23 12:00:00+00:00, run_after=2026-07-24 12:00:00+00:00
[2026-07-23T23:49:19.389+0000] {processor.py:183} INFO - Processing /opt/airflow/dags/youtube_pipeline.py took 0.158 seconds
[2026-07-23T23:49:49.643+0000] {processor.py:161} INFO - Started process (PID=3934) to work on /opt/airflow/dags/youtube_pipeline.py
[2026-07-23T23:49:49.646+0000] {processor.py:830} INFO - Processing file /opt/airflow/dags/youtube_pipeline.py for tasks to queue
[2026-07-23T23:49:49.649+0000] {logging_mixin.py:188} INFO - [2026-07-23T23:49:49.649+0000] {dagbag.py:545} INFO - Filling up the DagBag from /opt/airflow/dags/youtube_pipeline.py
[2026-07-23T23:49:49.698+0000] {processor.py:840} INFO - DAG(s) 'youtube_english_video_pipeline' retrieved from /opt/airflow/dags/youtube_pipeline.py
[2026-07-23T23:49:49.739+0000] {logging_mixin.py:188} INFO - [2026-07-23T23:49:49.739+0000] {dag.py:3089} INFO - Sync 1 DAGs
[2026-07-23T23:49:49.767+0000] {logging_mixin.py:188} INFO - [2026-07-23T23:49:49.767+0000] {dag.py:3947} INFO - Setting next_dagrun for youtube_english_video_pipeline to 2026-07-23 12:00:00+00:00, run_after=2026-07-24 12:00:00+00:00
[2026-07-23T23:49:49.798+0000] {processor.py:183} INFO - Processing /opt/airflow/dags/youtube_pipeline.py took 0.164 seconds
[2026-07-23T23:50:20.075+0000] {processor.py:161} INFO - Started process (PID=3939) to work on /opt/airflow/dags/youtube_pipeline.py
[2026-07-23T23:50:20.078+0000] {processor.py:830} INFO - Processing file /opt/airflow/dags/youtube_pipeline.py for tasks to queue
[2026-07-23T23:50:20.082+0000] {logging_mixin.py:188} INFO - [2026-07-23T23:50:20.081+0000] {dagbag.py:545} INFO - Filling up the DagBag from /opt/airflow/dags/youtube_pipeline.py
[2026-07-23T23:50:20.132+0000] {processor.py:840} INFO - DAG(s) 'youtube_english_video_pipeline' retrieved from /opt/airflow/dags/youtube_pipeline.py
[2026-07-23T23:50:20.181+0000] {logging_mixin.py:188} INFO - [2026-07-23T23:50:20.180+0000] {dag.py:3089} INFO - Sync 1 DAGs
[2026-07-23T23:50:20.222+0000] {logging_mixin.py:188} INFO - [2026-07-23T23:50:20.221+0000] {dag.py:3947} INFO - Setting next_dagrun for youtube_english_video_pipeline to 2026-07-23 12:00:00+00:00, run_after=2026-07-24 12:00:00+00:00
[2026-07-23T23:50:20.248+0000] {processor.py:183} INFO - Processing /opt/airflow/dags/youtube_pipeline.py took 0.183 seconds
[2026-07-23T23:50:50.348+0000] {processor.py:161} INFO - Started process (PID=3944) to work on /opt/airflow/dags/youtube_pipeline.py
[2026-07-23T23:50:50.350+0000] {processor.py:830} INFO - Processing file /opt/airflow/dags/youtube_pipeline.py for tasks to queue
[2026-07-23T23:50:50.352+0000] {logging_mixin.py:188} INFO - [2026-07-23T23:50:50.351+0000] {dagbag.py:545} INFO - Filling up the DagBag from /opt/airflow/dags/youtube_pipeline.py
[2026-07-23T23:50:50.394+0000] {processor.py:840} INFO - DAG(s) 'youtube_english_video_pipeline' retrieved from /opt/airflow/dags/youtube_pipeline.py
[2026-07-23T23:50:50.432+0000] {logging_mixin.py:188} INFO - [2026-07-23T23:50:50.432+0000] {dag.py:3089} INFO - Sync 1 DAGs
[2026-07-23T23:50:50.461+0000] {logging_mixin.py:188} INFO - [2026-07-23T23:50:50.461+0000] {dag.py:3947} INFO - Setting next_dagrun for youtube_english_video_pipeline to 2026-07-23 12:00:00+00:00, run_after=2026-07-24 12:00:00+00:00
[2026-07-23T23:50:50.488+0000] {processor.py:183} INFO - Processing /opt/airflow/dags/youtube_pipeline.py took 0.148 seconds
[2026-07-23T23:51:20.824+0000] {processor.py:161} INFO - Started process (PID=3949) to work on /opt/airflow/dags/youtube_pipeline.py
[2026-07-23T23:51:20.826+0000] {processor.py:830} INFO - Processing file /opt/airflow/dags/youtube_pipeline.py for tasks to queue
[2026-07-23T23:51:20.828+0000] {logging_mixin.py:188} INFO - [2026-07-23T23:51:20.828+0000] {dagbag.py:545} INFO - Filling up the DagBag from /opt/airflow/dags/youtube_pipeline.py
[2026-07-23T23:51:20.881+0000] {processor.py:840} INFO - DAG(s) 'youtube_english_video_pipeline' retrieved from /opt/airflow/dags/youtube_pipeline.py
[2026-07-23T23:51:20.923+0000] {logging_mixin.py:188} INFO - [2026-07-23T23:51:20.922+0000] {dag.py:3089} INFO - Sync 1 DAGs
[2026-07-23T23:51:20.947+0000] {logging_mixin.py:188} INFO - [2026-07-23T23:51:20.947+0000] {dag.py:3947} INFO - Setting next_dagrun for youtube_english_video_pipeline to 2026-07-23 12:00:00+00:00, run_after=2026-07-24 12:00:00+00:00
[2026-07-23T23:51:20.974+0000] {processor.py:183} INFO - Processing /opt/airflow/dags/youtube_pipeline.py took 0.159 seconds
[2026-07-23T23:51:51.116+0000] {processor.py:161} INFO - Started process (PID=3954) to work on /opt/airflow/dags/youtube_pipeline.py
[2026-07-23T23:51:51.118+0000] {processor.py:830} INFO - Processing file /opt/airflow/dags/youtube_pipeline.py for tasks to queue
[2026-07-23T23:51:51.121+0000] {logging_mixin.py:188} INFO - [2026-07-23T23:51:51.121+0000] {dagbag.py:545} INFO - Filling up the DagBag from /opt/airflow/dags/youtube_pipeline.py
[2026-07-23T23:51:51.165+0000] {processor.py:840} INFO - DAG(s) 'youtube_english_video_pipeline' retrieved from /opt/airflow/dags/youtube_pipeline.py
[2026-07-23T23:51:51.202+0000] {logging_mixin.py:188} INFO - [2026-07-23T23:51:51.201+0000] {dag.py:3089} INFO - Sync 1 DAGs
[2026-07-23T23:51:51.223+0000] {logging_mixin.py:188} INFO - [2026-07-23T23:51:51.223+0000] {dag.py:3947} INFO - Setting next_dagrun for youtube_english_video_pipeline to 2026-07-23 12:00:00+00:00, run_after=2026-07-24 12:00:00+00:00
[2026-07-23T23:51:51.247+0000] {processor.py:183} INFO - Processing /opt/airflow/dags/youtube_pipeline.py took 0.141 seconds
[2026-07-23T23:52:21.611+0000] {processor.py:161} INFO - Started process (PID=3959) to work on /opt/airflow/dags/youtube_pipeline.py
[2026-07-23T23:52:21.613+0000] {processor.py:830} INFO - Processing file /opt/airflow/dags/youtube_pipeline.py for tasks to queue
[2026-07-23T23:52:21.616+0000] {logging_mixin.py:188} INFO - [2026-07-23T23:52:21.616+0000] {dagbag.py:545} INFO - Filling up the DagBag from /opt/airflow/dags/youtube_pipeline.py
[2026-07-23T23:52:21.663+0000] {processor.py:840} INFO - DAG(s) 'youtube_english_video_pipeline' retrieved from /opt/airflow/dags/youtube_pipeline.py
[2026-07-23T23:52:21.703+0000] {logging_mixin.py:188} INFO - [2026-07-23T23:52:21.703+0000] {dag.py:3089} INFO - Sync 1 DAGs
[2026-07-23T23:52:21.727+0000] {logging_mixin.py:188} INFO - [2026-07-23T23:52:21.726+0000] {dag.py:3947} INFO - Setting next_dagrun for youtube_english_video_pipeline to 2026-07-23 12:00:00+00:00, run_after=2026-07-24 12:00:00+00:00
[2026-07-23T23:52:21.750+0000] {processor.py:183} INFO - Processing /opt/airflow/dags/youtube_pipeline.py took 0.148 seconds
[2026-07-23T23:52:51.907+0000] {processor.py:161} INFO - Started process (PID=3964) to work on /opt/airflow/dags/youtube_pipeline.py
[2026-07-23T23:52:51.909+0000] {processor.py:830} INFO - Processing file /opt/airflow/dags/youtube_pipeline.py for tasks to queue
[2026-07-23T23:52:51.911+0000] {logging_mixin.py:188} INFO - [2026-07-23T23:52:51.911+0000] {dagbag.py:545} INFO - Filling up the DagBag from /opt/airflow/dags/youtube_pipeline.py
[2026-07-23T23:52:51.961+0000] {processor.py:840} INFO - DAG(s) 'youtube_english_video_pipeline' retrieved from /opt/airflow/dags/youtube_pipeline.py
[2026-07-23T23:52:51.999+0000] {logging_mixin.py:188} INFO - [2026-07-23T23:52:51.998+0000] {dag.py:3089} INFO - Sync 1 DAGs
[2026-07-23T23:52:52.022+0000] {logging_mixin.py:188} INFO - [2026-07-23T23:52:52.022+0000] {dag.py:3947} INFO - Setting next_dagrun for youtube_english_video_pipeline to 2026-07-23 12:00:00+00:00, run_after=2026-07-24 12:00:00+00:00
[2026-07-23T23:52:52.048+0000] {processor.py:183} INFO - Processing /opt/airflow/dags/youtube_pipeline.py took 0.150 seconds
[2026-07-23T23:53:22.328+0000] {processor.py:161} INFO - Started process (PID=3969) to work on /opt/airflow/dags/youtube_pipeline.py
[2026-07-23T23:53:22.329+0000] {processor.py:830} INFO - Processing file /opt/airflow/dags/youtube_pipeline.py for tasks to queue
[2026-07-23T23:53:22.332+0000] {logging_mixin.py:188} INFO - [2026-07-23T23:53:22.332+0000] {dagbag.py:545} INFO - Filling up the DagBag from /opt/airflow/dags/youtube_pipeline.py
[2026-07-23T23:53:22.377+0000] {processor.py:840} INFO - DAG(s) 'youtube_english_video_pipeline' retrieved from /opt/airflow/dags/youtube_pipeline.py
[2026-07-23T23:53:22.417+0000] {logging_mixin.py:188} INFO - [2026-07-23T23:53:22.417+0000] {dag.py:3089} INFO - Sync 1 DAGs
[2026-07-23T23:53:22.447+0000] {logging_mixin.py:188} INFO - [2026-07-23T23:53:22.447+0000] {dag.py:3947} INFO - Setting next_dagrun for youtube_english_video_pipeline to 2026-07-23 12:00:00+00:00, run_after=2026-07-24 12:00:00+00:00
[2026-07-23T23:53:22.475+0000] {processor.py:183} INFO - Processing /opt/airflow/dags/youtube_pipeline.py took 0.156 seconds
[2026-07-23T23:53:53.493+0000] {processor.py:161} INFO - Started process (PID=3974) to work on /opt/airflow/dags/youtube_pipeline.py
[2026-07-23T23:53:53.501+0000] {processor.py:830} INFO - Processing file /opt/airflow/dags/youtube_pipeline.py for tasks to queue
[2026-07-23T23:53:53.511+0000] {logging_mixin.py:188} INFO - [2026-07-23T23:53:53.510+0000] {dagbag.py:545} INFO - Filling up the DagBag from /opt/airflow/dags/youtube_pipeline.py
[2026-07-23T23:53:53.689+0000] {processor.py:840} INFO - DAG(s) 'youtube_english_video_pipeline' retrieved from /opt/airflow/dags/youtube_pipeline.py
[2026-07-23T23:53:53.776+0000] {logging_mixin.py:188} INFO - [2026-07-23T23:53:53.775+0000] {dag.py:3089} INFO - Sync 1 DAGs
[2026-07-23T23:53:53.834+0000] {logging_mixin.py:188} INFO - [2026-07-23T23:53:53.834+0000] {dag.py:3947} INFO - Setting next_dagrun for youtube_english_video_pipeline to 2026-07-23 12:00:00+00:00, run_after=2026-07-24 12:00:00+00:00
[2026-07-23T23:53:53.872+0000] {processor.py:183} INFO - Processing /opt/airflow/dags/youtube_pipeline.py took 0.402 seconds
[2026-07-23T23:54:25.250+0000] {processor.py:161} INFO - Started process (PID=3979) to work on /opt/airflow/dags/youtube_pipeline.py
[2026-07-23T23:54:25.267+0000] {processor.py:830} INFO - Processing file /opt/airflow/dags/youtube_pipeline.py for tasks to queue
[2026-07-23T23:54:25.285+0000] {logging_mixin.py:188} INFO - [2026-07-23T23:54:25.284+0000] {dagbag.py:545} INFO - Filling up the DagBag from /opt/airflow/dags/youtube_pipeline.py
[2026-07-23T23:54:26.895+0000] {processor.py:840} INFO - DAG(s) 'youtube_english_video_pipeline' retrieved from /opt/airflow/dags/youtube_pipeline.py
[2026-07-23T23:54:27.108+0000] {logging_mixin.py:188} INFO - [2026-07-23T23:54:27.108+0000] {dag.py:3089} INFO - Sync 1 DAGs
[2026-07-23T23:54:27.250+0000] {logging_mixin.py:188} INFO - [2026-07-23T23:54:27.249+0000] {dag.py:3947} INFO - Setting next_dagrun for youtube_english_video_pipeline to 2026-07-23 12:00:00+00:00, run_after=2026-07-24 12:00:00+00:00
[2026-07-23T23:54:27.380+0000] {processor.py:183} INFO - Processing /opt/airflow/dags/youtube_pipeline.py took 2.158 seconds
[2026-07-23T23:55:03.045+0000] {processor.py:161} INFO - Started process (PID=3984) to work on /opt/airflow/dags/youtube_pipeline.py
[2026-07-23T23:55:03.199+0000] {processor.py:830} INFO - Processing file /opt/airflow/dags/youtube_pipeline.py for tasks to queue
[2026-07-23T23:55:03.261+0000] {logging_mixin.py:188} INFO - [2026-07-23T23:55:03.260+0000] {dagbag.py:545} INFO - Filling up the DagBag from /opt/airflow/dags/youtube_pipeline.py
[2026-07-23T23:55:07.055+0000] {processor.py:840} INFO - DAG(s) 'youtube_english_video_pipeline' retrieved from /opt/airflow/dags/youtube_pipeline.py
[2026-07-23T23:55:07.111+0000] {logging_mixin.py:188} INFO - [2026-07-23T23:55:07.111+0000] {dag.py:3089} INFO - Sync 1 DAGs
[2026-07-23T23:55:07.172+0000] {logging_mixin.py:188} INFO - [2026-07-23T23:55:07.172+0000] {dag.py:3947} INFO - Setting next_dagrun for youtube_english_video_pipeline to 2026-07-23 12:00:00+00:00, run_after=2026-07-24 12:00:00+00:00
[2026-07-23T23:55:07.282+0000] {processor.py:183} INFO - Processing /opt/airflow/dags/youtube_pipeline.py took 4.363 seconds
[2026-07-23T23:55:42.953+0000] {processor.py:161} INFO - Started process (PID=3989) to work on /opt/airflow/dags/youtube_pipeline.py
[2026-07-23T23:55:43.050+0000] {processor.py:830} INFO - Processing file /opt/airflow/dags/youtube_pipeline.py for tasks to queue
[2026-07-23T23:55:43.128+0000] {logging_mixin.py:188} INFO - [2026-07-23T23:55:43.127+0000] {dagbag.py:545} INFO - Filling up the DagBag from /opt/airflow/dags/youtube_pipeline.py
[2026-07-23T23:55:44.907+0000] {processor.py:840} INFO - DAG(s) 'youtube_english_video_pipeline' retrieved from /opt/airflow/dags/youtube_pipeline.py
[2026-07-23T23:55:45.028+0000] {logging_mixin.py:188} INFO - [2026-07-23T23:55:45.027+0000] {dag.py:3089} INFO - Sync 1 DAGs
[2026-07-23T23:55:45.098+0000] {logging_mixin.py:188} INFO - [2026-07-23T23:55:45.098+0000] {dag.py:3947} INFO - Setting next_dagrun for youtube_english_video_pipeline to 2026-07-23 12:00:00+00:00, run_after=2026-07-24 12:00:00+00:00
[2026-07-23T23:55:45.512+0000] {processor.py:183} INFO - Processing /opt/airflow/dags/youtube_pipeline.py took 2.660 seconds
[2026-07-23T23:56:17.549+0000] {processor.py:161} INFO - Started process (PID=3994) to work on /opt/airflow/dags/youtube_pipeline.py
[2026-07-23T23:56:17.556+0000] {processor.py:830} INFO - Processing file /opt/airflow/dags/youtube_pipeline.py for tasks to queue
[2026-07-23T23:56:17.568+0000] {logging_mixin.py:188} INFO - [2026-07-23T23:56:17.567+0000] {dagbag.py:545} INFO - Filling up the DagBag from /opt/airflow/dags/youtube_pipeline.py
[2026-07-23T23:56:18.359+0000] {processor.py:840} INFO - DAG(s) 'youtube_english_video_pipeline' retrieved from /opt/airflow/dags/youtube_pipeline.py
[2026-07-23T23:56:18.599+0000] {logging_mixin.py:188} INFO - [2026-07-23T23:56:18.599+0000] {dag.py:3089} INFO - Sync 1 DAGs
[2026-07-23T23:56:18.684+0000] {logging_mixin.py:188} INFO - [2026-07-23T23:56:18.684+0000] {dag.py:3947} INFO - Setting next_dagrun for youtube_english_video_pipeline to 2026-07-23 12:00:00+00:00, run_after=2026-07-24 12:00:00+00:00
[2026-07-23T23:56:18.932+0000] {processor.py:183} INFO - Processing /opt/airflow/dags/youtube_pipeline.py took 1.408 seconds
[2026-07-23T23:56:53.736+0000] {processor.py:161} INFO - Started process (PID=3999) to work on /opt/airflow/dags/youtube_pipeline.py
[2026-07-23T23:56:53.802+0000] {processor.py:830} INFO - Processing file /opt/airflow/dags/youtube_pipeline.py for tasks to queue
[2026-07-23T23:56:53.882+0000] {logging_mixin.py:188} INFO - [2026-07-23T23:56:53.882+0000] {dagbag.py:545} INFO - Filling up the DagBag from /opt/airflow/dags/youtube_pipeline.py
[2026-07-23T23:56:57.098+0000] {processor.py:840} INFO - DAG(s) 'youtube_english_video_pipeline' retrieved from /opt/airflow/dags/youtube_pipeline.py
[2026-07-23T23:56:57.735+0000] {logging_mixin.py:188} INFO - [2026-07-23T23:56:57.735+0000] {dag.py:3089} INFO - Sync 1 DAGs
[2026-07-23T23:56:57.771+0000] {logging_mixin.py:188} INFO - [2026-07-23T23:56:57.771+0000] {dag.py:3947} INFO - Setting next_dagrun for youtube_english_video_pipeline to 2026-07-23 12:00:00+00:00, run_after=2026-07-24 12:00:00+00:00
[2026-07-23T23:56:58.209+0000] {processor.py:183} INFO - Processing /opt/airflow/dags/youtube_pipeline.py took 5.181 seconds
[2026-07-23T23:57:29.251+0000] {processor.py:161} INFO - Started process (PID=4004) to work on /opt/airflow/dags/youtube_pipeline.py
[2026-07-23T23:57:29.263+0000] {processor.py:830} INFO - Processing file /opt/airflow/dags/youtube_pipeline.py for tasks to queue
[2026-07-23T23:57:29.271+0000] {logging_mixin.py:188} INFO - [2026-07-23T23:57:29.271+0000] {dagbag.py:545} INFO - Filling up the DagBag from /opt/airflow/dags/youtube_pipeline.py
[2026-07-23T23:57:31.781+0000] {processor.py:840} INFO - DAG(s) 'youtube_english_video_pipeline' retrieved from /opt/airflow/dags/youtube_pipeline.py
[2026-07-23T23:57:32.171+0000] {logging_mixin.py:188} INFO - [2026-07-23T23:57:32.170+0000] {dag.py:3089} INFO - Sync 1 DAGs
[2026-07-23T23:57:32.250+0000] {logging_mixin.py:188} INFO - [2026-07-23T23:57:32.249+0000] {dag.py:3947} INFO - Setting next_dagrun for youtube_english_video_pipeline to 2026-07-23 12:00:00+00:00, run_after=2026-07-24 12:00:00+00:00
[2026-07-23T23:57:32.354+0000] {processor.py:183} INFO - Processing /opt/airflow/dags/youtube_pipeline.py took 3.128 seconds
[2026-07-23T23:58:05.612+0000] {processor.py:161} INFO - Started process (PID=4009) to work on /opt/airflow/dags/youtube_pipeline.py
[2026-07-23T23:58:05.773+0000] {processor.py:830} INFO - Processing file /opt/airflow/dags/youtube_pipeline.py for tasks to queue
[2026-07-23T23:58:05.926+0000] {logging_mixin.py:188} INFO - [2026-07-23T23:58:05.925+0000] {dagbag.py:545} INFO - Filling up the DagBag from /opt/airflow/dags/youtube_pipeline.py
[2026-07-23T23:58:10.378+0000] {processor.py:840} INFO - DAG(s) 'youtube_english_video_pipeline' retrieved from /opt/airflow/dags/youtube_pipeline.py
[2026-07-23T23:58:10.846+0000] {logging_mixin.py:188} INFO - [2026-07-23T23:58:10.846+0000] {dag.py:3089} INFO - Sync 1 DAGs
[2026-07-23T23:58:11.063+0000] {logging_mixin.py:188} INFO - [2026-07-23T23:58:11.063+0000] {dag.py:3947} INFO - Setting next_dagrun for youtube_english_video_pipeline to 2026-07-23 12:00:00+00:00, run_after=2026-07-24 12:00:00+00:00
[2026-07-23T23:58:11.374+0000] {processor.py:183} INFO - Processing /opt/airflow/dags/youtube_pipeline.py took 5.938 seconds
[2026-07-23T23:58:52.023+0000] {processor.py:161} INFO - Started process (PID=4014) to work on /opt/airflow/dags/youtube_pipeline.py
[2026-07-23T23:58:52.231+0000] {processor.py:830} INFO - Processing file /opt/airflow/dags/youtube_pipeline.py for tasks to queue
[2026-07-23T23:58:52.337+0000] {logging_mixin.py:188} INFO - [2026-07-23T23:58:52.336+0000] {dagbag.py:545} INFO - Filling up the DagBag from /opt/airflow/dags/youtube_pipeline.py
[2026-07-23T23:58:57.612+0000] {processor.py:840} INFO - DAG(s) 'youtube_english_video_pipeline' retrieved from /opt/airflow/dags/youtube_pipeline.py
[2026-07-23T23:58:57.942+0000] {logging_mixin.py:188} INFO - [2026-07-23T23:58:57.942+0000] {dag.py:3089} INFO - Sync 1 DAGs
[2026-07-23T23:58:58.100+0000] {logging_mixin.py:188} INFO - [2026-07-23T23:58:58.099+0000] {dag.py:3947} INFO - Setting next_dagrun for youtube_english_video_pipeline to 2026-07-23 12:00:00+00:00, run_after=2026-07-24 12:00:00+00:00
[2026-07-23T23:58:58.287+0000] {processor.py:183} INFO - Processing /opt/airflow/dags/youtube_pipeline.py took 9.937 seconds
[2026-07-23T23:59:28.933+0000] {processor.py:161} INFO - Started process (PID=4019) to work on /opt/airflow/dags/youtube_pipeline.py
[2026-07-23T23:59:28.941+0000] {processor.py:830} INFO - Processing file /opt/airflow/dags/youtube_pipeline.py for tasks to queue
[2026-07-23T23:59:28.949+0000] {logging_mixin.py:188} INFO - [2026-07-23T23:59:28.949+0000] {dagbag.py:545} INFO - Filling up the DagBag from /opt/airflow/dags/youtube_pipeline.py
[2026-07-23T23:59:29.269+0000] {processor.py:840} INFO - DAG(s) 'youtube_english_video_pipeline' retrieved from /opt/airflow/dags/youtube_pipeline.py
[2026-07-23T23:59:29.364+0000] {logging_mixin.py:188} INFO - [2026-07-23T23:59:29.364+0000] {dag.py:3089} INFO - Sync 1 DAGs
[2026-07-23T23:59:29.421+0000] {logging_mixin.py:188} INFO - [2026-07-23T23:59:29.420+0000] {dag.py:3947} INFO - Setting next_dagrun for youtube_english_video_pipeline to 2026-07-23 12:00:00+00:00, run_after=2026-07-24 12:00:00+00:00
[2026-07-23T23:59:29.484+0000] {processor.py:183} INFO - Processing /opt/airflow/dags/youtube_pipeline.py took 0.596 seconds
[2026-07-24T00:00:00.072+0000] {processor.py:161} INFO - Started process (PID=4024) to work on /opt/airflow/dags/youtube_pipeline.py
[2026-07-24T00:00:00.085+0000] {processor.py:830} INFO - Processing file /opt/airflow/dags/youtube_pipeline.py for tasks to queue
[2026-07-24T00:00:00.097+0000] {logging_mixin.py:188} INFO - [2026-07-24T00:00:00.097+0000] {dagbag.py:545} INFO - Filling up the DagBag from /opt/airflow/dags/youtube_pipeline.py
[2026-07-24T00:00:00.514+0000] {processor.py:840} INFO - DAG(s) 'youtube_english_video_pipeline' retrieved from /opt/airflow/dags/youtube_pipeline.py
[2026-07-24T00:00:00.628+0000] {logging_mixin.py:188} INFO - [2026-07-24T00:00:00.627+0000] {dag.py:3089} INFO - Sync 1 DAGs
[2026-07-24T00:00:00.668+0000] {logging_mixin.py:188} INFO - [2026-07-24T00:00:00.668+0000] {dag.py:3947} INFO - Setting next_dagrun for youtube_english_video_pipeline to 2026-07-23 12:00:00+00:00, run_after=2026-07-24 12:00:00+00:00
[2026-07-24T00:00:00.720+0000] {processor.py:183} INFO - Processing /opt/airflow/dags/youtube_pipeline.py took 0.698 seconds
