[2026-08-20T00:04:57.433+0000] {processor.py:161} INFO - Started process (PID=35619) to work on /opt/airflow/dags/youtube_pipeline.py
[2026-08-20T00:04:57.492+0000] {processor.py:830} INFO - Processing file /opt/airflow/dags/youtube_pipeline.py for tasks to queue
[2026-08-20T00:04:57.563+0000] {logging_mixin.py:188} INFO - [2026-08-20T00:04:57.562+0000] {dagbag.py:545} INFO - Filling up the DagBag from /opt/airflow/dags/youtube_pipeline.py
[2026-08-20T00:05:01.028+0000] {processor.py:840} INFO - DAG(s) 'youtube_english_video_pipeline' retrieved from /opt/airflow/dags/youtube_pipeline.py
[2026-08-20T00:05:01.998+0000] {logging_mixin.py:188} INFO - [2026-08-20T00:05:01.997+0000] {dag.py:3089} INFO - Sync 1 DAGs
[2026-08-20T00:05:02.418+0000] {processor.py:183} INFO - Processing /opt/airflow/dags/youtube_pipeline.py took 5.149 seconds
[2026-08-20T00:05:33.611+0000] {processor.py:161} INFO - Started process (PID=35647) to work on /opt/airflow/dags/youtube_pipeline.py
[2026-08-20T00:05:33.620+0000] {processor.py:830} INFO - Processing file /opt/airflow/dags/youtube_pipeline.py for tasks to queue
[2026-08-20T00:05:33.626+0000] {logging_mixin.py:188} INFO - [2026-08-20T00:05:33.625+0000] {dagbag.py:545} INFO - Filling up the DagBag from /opt/airflow/dags/youtube_pipeline.py
[2026-08-20T00:05:34.070+0000] {processor.py:840} INFO - DAG(s) 'youtube_english_video_pipeline' retrieved from /opt/airflow/dags/youtube_pipeline.py
[2026-08-20T00:05:34.153+0000] {logging_mixin.py:188} INFO - [2026-08-20T00:05:34.153+0000] {dag.py:3089} INFO - Sync 1 DAGs
[2026-08-20T00:05:34.260+0000] {processor.py:183} INFO - Processing /opt/airflow/dags/youtube_pipeline.py took 0.669 seconds
[2026-08-20T00:06:05.033+0000] {processor.py:161} INFO - Started process (PID=35657) to work on /opt/airflow/dags/youtube_pipeline.py
[2026-08-20T00:06:05.035+0000] {processor.py:830} INFO - Processing file /opt/airflow/dags/youtube_pipeline.py for tasks to queue
[2026-08-20T00:06:05.037+0000] {logging_mixin.py:188} INFO - [2026-08-20T00:06:05.037+0000] {dagbag.py:545} INFO - Filling up the DagBag from /opt/airflow/dags/youtube_pipeline.py
[2026-08-20T00:06:05.100+0000] {processor.py:840} INFO - DAG(s) 'youtube_english_video_pipeline' retrieved from /opt/airflow/dags/youtube_pipeline.py
[2026-08-20T00:06:05.150+0000] {logging_mixin.py:188} INFO - [2026-08-20T00:06:05.149+0000] {dag.py:3089} INFO - Sync 1 DAGs
[2026-08-20T00:06:05.204+0000] {processor.py:183} INFO - Processing /opt/airflow/dags/youtube_pipeline.py took 0.179 seconds
[2026-08-20T00:06:36.367+0000] {processor.py:161} INFO - Started process (PID=35667) to work on /opt/airflow/dags/youtube_pipeline.py
[2026-08-20T00:06:36.383+0000] {processor.py:830} INFO - Processing file /opt/airflow/dags/youtube_pipeline.py for tasks to queue
[2026-08-20T00:06:36.402+0000] {logging_mixin.py:188} INFO - [2026-08-20T00:06:36.401+0000] {dagbag.py:545} INFO - Filling up the DagBag from /opt/airflow/dags/youtube_pipeline.py
[2026-08-20T00:06:37.036+0000] {processor.py:840} INFO - DAG(s) 'youtube_english_video_pipeline' retrieved from /opt/airflow/dags/youtube_pipeline.py
[2026-08-20T00:06:37.125+0000] {logging_mixin.py:188} INFO - [2026-08-20T00:06:37.125+0000] {dag.py:3089} INFO - Sync 1 DAGs
[2026-08-20T00:06:37.230+0000] {processor.py:183} INFO - Processing /opt/airflow/dags/youtube_pipeline.py took 0.893 seconds
[2026-08-20T00:07:08.107+0000] {processor.py:161} INFO - Started process (PID=35827) to work on /opt/airflow/dags/youtube_pipeline.py
[2026-08-20T00:07:08.126+0000] {processor.py:830} INFO - Processing file /opt/airflow/dags/youtube_pipeline.py for tasks to queue
[2026-08-20T00:07:08.147+0000] {logging_mixin.py:188} INFO - [2026-08-20T00:07:08.146+0000] {dagbag.py:545} INFO - Filling up the DagBag from /opt/airflow/dags/youtube_pipeline.py
[2026-08-20T00:07:08.725+0000] {processor.py:840} INFO - DAG(s) 'youtube_english_video_pipeline' retrieved from /opt/airflow/dags/youtube_pipeline.py
[2026-08-20T00:07:08.785+0000] {logging_mixin.py:188} INFO - [2026-08-20T00:07:08.784+0000] {dag.py:3089} INFO - Sync 1 DAGs
[2026-08-20T00:07:08.896+0000] {processor.py:183} INFO - Processing /opt/airflow/dags/youtube_pipeline.py took 0.818 seconds
[2026-08-20T00:07:39.599+0000] {processor.py:161} INFO - Started process (PID=36086) to work on /opt/airflow/dags/youtube_pipeline.py
[2026-08-20T00:07:39.604+0000] {processor.py:830} INFO - Processing file /opt/airflow/dags/youtube_pipeline.py for tasks to queue
[2026-08-20T00:07:39.609+0000] {logging_mixin.py:188} INFO - [2026-08-20T00:07:39.608+0000] {dagbag.py:545} INFO - Filling up the DagBag from /opt/airflow/dags/youtube_pipeline.py
[2026-08-20T00:07:39.695+0000] {processor.py:840} INFO - DAG(s) 'youtube_english_video_pipeline' retrieved from /opt/airflow/dags/youtube_pipeline.py
[2026-08-20T00:07:39.776+0000] {logging_mixin.py:188} INFO - [2026-08-20T00:07:39.776+0000] {dag.py:3089} INFO - Sync 1 DAGs
[2026-08-20T00:07:39.846+0000] {processor.py:183} INFO - Processing /opt/airflow/dags/youtube_pipeline.py took 0.261 seconds
[2026-08-20T00:08:10.045+0000] {processor.py:161} INFO - Started process (PID=36850) to work on /opt/airflow/dags/youtube_pipeline.py
[2026-08-20T00:08:10.048+0000] {processor.py:830} INFO - Processing file /opt/airflow/dags/youtube_pipeline.py for tasks to queue
[2026-08-20T00:08:10.053+0000] {logging_mixin.py:188} INFO - [2026-08-20T00:08:10.052+0000] {dagbag.py:545} INFO - Filling up the DagBag from /opt/airflow/dags/youtube_pipeline.py
[2026-08-20T00:08:10.178+0000] {processor.py:840} INFO - DAG(s) 'youtube_english_video_pipeline' retrieved from /opt/airflow/dags/youtube_pipeline.py
[2026-08-20T00:08:10.264+0000] {logging_mixin.py:188} INFO - [2026-08-20T00:08:10.264+0000] {dag.py:3089} INFO - Sync 1 DAGs
[2026-08-20T00:08:10.336+0000] {processor.py:183} INFO - Processing /opt/airflow/dags/youtube_pipeline.py took 0.311 seconds
[2026-08-20T00:08:40.626+0000] {processor.py:161} INFO - Started process (PID=37757) to work on /opt/airflow/dags/youtube_pipeline.py
[2026-08-20T00:08:40.628+0000] {processor.py:830} INFO - Processing file /opt/airflow/dags/youtube_pipeline.py for tasks to queue
[2026-08-20T00:08:40.632+0000] {logging_mixin.py:188} INFO - [2026-08-20T00:08:40.631+0000] {dagbag.py:545} INFO - Filling up the DagBag from /opt/airflow/dags/youtube_pipeline.py
[2026-08-20T00:08:40.713+0000] {processor.py:840} INFO - DAG(s) 'youtube_english_video_pipeline' retrieved from /opt/airflow/dags/youtube_pipeline.py
[2026-08-20T00:08:40.779+0000] {logging_mixin.py:188} INFO - [2026-08-20T00:08:40.779+0000] {dag.py:3089} INFO - Sync 1 DAGs
[2026-08-20T00:08:40.833+0000] {processor.py:183} INFO - Processing /opt/airflow/dags/youtube_pipeline.py took 0.216 seconds
[2026-08-20T00:09:11.054+0000] {processor.py:161} INFO - Started process (PID=38518) to work on /opt/airflow/dags/youtube_pipeline.py
[2026-08-20T00:09:11.056+0000] {processor.py:830} INFO - Processing file /opt/airflow/dags/youtube_pipeline.py for tasks to queue
[2026-08-20T00:09:11.059+0000] {logging_mixin.py:188} INFO - [2026-08-20T00:09:11.058+0000] {dagbag.py:545} INFO - Filling up the DagBag from /opt/airflow/dags/youtube_pipeline.py
[2026-08-20T00:09:11.142+0000] {processor.py:840} INFO - DAG(s) 'youtube_english_video_pipeline' retrieved from /opt/airflow/dags/youtube_pipeline.py
[2026-08-20T00:09:11.196+0000] {logging_mixin.py:188} INFO - [2026-08-20T00:09:11.196+0000] {dag.py:3089} INFO - Sync 1 DAGs
[2026-08-20T00:09:11.249+0000] {processor.py:183} INFO - Processing /opt/airflow/dags/youtube_pipeline.py took 0.207 seconds
[2026-08-20T00:09:41.671+0000] {processor.py:161} INFO - Started process (PID=38622) to work on /opt/airflow/dags/youtube_pipeline.py
[2026-08-20T00:09:41.673+0000] {processor.py:830} INFO - Processing file /opt/airflow/dags/youtube_pipeline.py for tasks to queue
[2026-08-20T00:09:41.676+0000] {logging_mixin.py:188} INFO - [2026-08-20T00:09:41.676+0000] {dagbag.py:545} INFO - Filling up the DagBag from /opt/airflow/dags/youtube_pipeline.py
[2026-08-20T00:09:41.753+0000] {processor.py:840} INFO - DAG(s) 'youtube_english_video_pipeline' retrieved from /opt/airflow/dags/youtube_pipeline.py
[2026-08-20T00:09:41.810+0000] {logging_mixin.py:188} INFO - [2026-08-20T00:09:41.810+0000] {dag.py:3089} INFO - Sync 1 DAGs
[2026-08-20T00:09:41.857+0000] {processor.py:183} INFO - Processing /opt/airflow/dags/youtube_pipeline.py took 0.200 seconds
[2026-08-20T00:10:12.251+0000] {processor.py:161} INFO - Started process (PID=38639) to work on /opt/airflow/dags/youtube_pipeline.py
[2026-08-20T00:10:12.253+0000] {processor.py:830} INFO - Processing file /opt/airflow/dags/youtube_pipeline.py for tasks to queue
[2026-08-20T00:10:12.255+0000] {logging_mixin.py:188} INFO - [2026-08-20T00:10:12.255+0000] {dagbag.py:545} INFO - Filling up the DagBag from /opt/airflow/dags/youtube_pipeline.py
[2026-08-20T00:10:12.354+0000] {processor.py:840} INFO - DAG(s) 'youtube_english_video_pipeline' retrieved from /opt/airflow/dags/youtube_pipeline.py
[2026-08-20T00:10:12.416+0000] {logging_mixin.py:188} INFO - [2026-08-20T00:10:12.415+0000] {dag.py:3089} INFO - Sync 1 DAGs
[2026-08-20T00:10:12.467+0000] {processor.py:183} INFO - Processing /opt/airflow/dags/youtube_pipeline.py took 0.226 seconds
[2026-08-20T00:10:42.556+0000] {processor.py:161} INFO - Started process (PID=39198) to work on /opt/airflow/dags/youtube_pipeline.py
[2026-08-20T00:10:42.558+0000] {processor.py:830} INFO - Processing file /opt/airflow/dags/youtube_pipeline.py for tasks to queue
[2026-08-20T00:10:42.561+0000] {logging_mixin.py:188} INFO - [2026-08-20T00:10:42.561+0000] {dagbag.py:545} INFO - Filling up the DagBag from /opt/airflow/dags/youtube_pipeline.py
[2026-08-20T00:10:42.653+0000] {processor.py:840} INFO - DAG(s) 'youtube_english_video_pipeline' retrieved from /opt/airflow/dags/youtube_pipeline.py
[2026-08-20T00:10:42.712+0000] {logging_mixin.py:188} INFO - [2026-08-20T00:10:42.712+0000] {dag.py:3089} INFO - Sync 1 DAGs
[2026-08-20T00:10:42.776+0000] {processor.py:183} INFO - Processing /opt/airflow/dags/youtube_pipeline.py took 0.230 seconds
[2026-08-20T00:11:13.129+0000] {processor.py:161} INFO - Started process (PID=39958) to work on /opt/airflow/dags/youtube_pipeline.py
[2026-08-20T00:11:13.131+0000] {processor.py:830} INFO - Processing file /opt/airflow/dags/youtube_pipeline.py for tasks to queue
[2026-08-20T00:11:13.134+0000] {logging_mixin.py:188} INFO - [2026-08-20T00:11:13.134+0000] {dagbag.py:545} INFO - Filling up the DagBag from /opt/airflow/dags/youtube_pipeline.py
[2026-08-20T00:11:13.202+0000] {processor.py:840} INFO - DAG(s) 'youtube_english_video_pipeline' retrieved from /opt/airflow/dags/youtube_pipeline.py
[2026-08-20T00:11:13.255+0000] {logging_mixin.py:188} INFO - [2026-08-20T00:11:13.255+0000] {dag.py:3089} INFO - Sync 1 DAGs
[2026-08-20T00:11:13.304+0000] {processor.py:183} INFO - Processing /opt/airflow/dags/youtube_pipeline.py took 0.183 seconds
[2026-08-20T00:11:43.454+0000] {processor.py:161} INFO - Started process (PID=40742) to work on /opt/airflow/dags/youtube_pipeline.py
[2026-08-20T00:11:43.455+0000] {processor.py:830} INFO - Processing file /opt/airflow/dags/youtube_pipeline.py for tasks to queue
[2026-08-20T00:11:43.458+0000] {logging_mixin.py:188} INFO - [2026-08-20T00:11:43.457+0000] {dagbag.py:545} INFO - Filling up the DagBag from /opt/airflow/dags/youtube_pipeline.py
[2026-08-20T00:11:43.537+0000] {processor.py:840} INFO - DAG(s) 'youtube_english_video_pipeline' retrieved from /opt/airflow/dags/youtube_pipeline.py
[2026-08-20T00:11:43.592+0000] {logging_mixin.py:188} INFO - [2026-08-20T00:11:43.592+0000] {dag.py:3089} INFO - Sync 1 DAGs
[2026-08-20T00:11:43.646+0000] {processor.py:183} INFO - Processing /opt/airflow/dags/youtube_pipeline.py took 0.202 seconds
[2026-08-20T00:12:13.974+0000] {processor.py:161} INFO - Started process (PID=41406) to work on /opt/airflow/dags/youtube_pipeline.py
[2026-08-20T00:12:13.977+0000] {processor.py:830} INFO - Processing file /opt/airflow/dags/youtube_pipeline.py for tasks to queue
[2026-08-20T00:12:13.981+0000] {logging_mixin.py:188} INFO - [2026-08-20T00:12:13.980+0000] {dagbag.py:545} INFO - Filling up the DagBag from /opt/airflow/dags/youtube_pipeline.py
[2026-08-20T00:12:14.072+0000] {processor.py:840} INFO - DAG(s) 'youtube_english_video_pipeline' retrieved from /opt/airflow/dags/youtube_pipeline.py
[2026-08-20T00:12:14.156+0000] {logging_mixin.py:188} INFO - [2026-08-20T00:12:14.156+0000] {dag.py:3089} INFO - Sync 1 DAGs
[2026-08-20T00:12:14.217+0000] {processor.py:183} INFO - Processing /opt/airflow/dags/youtube_pipeline.py took 0.260 seconds
[2026-08-20T00:12:44.698+0000] {processor.py:161} INFO - Started process (PID=41434) to work on /opt/airflow/dags/youtube_pipeline.py
[2026-08-20T00:12:44.701+0000] {processor.py:830} INFO - Processing file /opt/airflow/dags/youtube_pipeline.py for tasks to queue
[2026-08-20T00:12:44.705+0000] {logging_mixin.py:188} INFO - [2026-08-20T00:12:44.704+0000] {dagbag.py:545} INFO - Filling up the DagBag from /opt/airflow/dags/youtube_pipeline.py
[2026-08-20T00:12:44.804+0000] {processor.py:840} INFO - DAG(s) 'youtube_english_video_pipeline' retrieved from /opt/airflow/dags/youtube_pipeline.py
[2026-08-20T00:12:44.864+0000] {logging_mixin.py:188} INFO - [2026-08-20T00:12:44.863+0000] {dag.py:3089} INFO - Sync 1 DAGs
[2026-08-20T00:12:44.938+0000] {processor.py:183} INFO - Processing /opt/airflow/dags/youtube_pipeline.py took 0.254 seconds
[2026-08-20T00:13:15.325+0000] {processor.py:161} INFO - Started process (PID=41697) to work on /opt/airflow/dags/youtube_pipeline.py
[2026-08-20T00:13:15.327+0000] {processor.py:830} INFO - Processing file /opt/airflow/dags/youtube_pipeline.py for tasks to queue
[2026-08-20T00:13:15.332+0000] {logging_mixin.py:188} INFO - [2026-08-20T00:13:15.331+0000] {dagbag.py:545} INFO - Filling up the DagBag from /opt/airflow/dags/youtube_pipeline.py
[2026-08-20T00:13:15.440+0000] {processor.py:840} INFO - DAG(s) 'youtube_english_video_pipeline' retrieved from /opt/airflow/dags/youtube_pipeline.py
[2026-08-20T00:13:15.520+0000] {logging_mixin.py:188} INFO - [2026-08-20T00:13:15.520+0000] {dag.py:3089} INFO - Sync 1 DAGs
[2026-08-20T00:13:15.609+0000] {processor.py:183} INFO - Processing /opt/airflow/dags/youtube_pipeline.py took 0.300 seconds
[2026-08-20T00:13:45.948+0000] {processor.py:161} INFO - Started process (PID=42459) to work on /opt/airflow/dags/youtube_pipeline.py
[2026-08-20T00:13:45.950+0000] {processor.py:830} INFO - Processing file /opt/airflow/dags/youtube_pipeline.py for tasks to queue
[2026-08-20T00:13:45.953+0000] {logging_mixin.py:188} INFO - [2026-08-20T00:13:45.952+0000] {dagbag.py:545} INFO - Filling up the DagBag from /opt/airflow/dags/youtube_pipeline.py
[2026-08-20T00:13:46.021+0000] {processor.py:840} INFO - DAG(s) 'youtube_english_video_pipeline' retrieved from /opt/airflow/dags/youtube_pipeline.py
[2026-08-20T00:13:46.077+0000] {logging_mixin.py:188} INFO - [2026-08-20T00:13:46.076+0000] {dag.py:3089} INFO - Sync 1 DAGs
[2026-08-20T00:13:46.126+0000] {processor.py:183} INFO - Processing /opt/airflow/dags/youtube_pipeline.py took 0.189 seconds
[2026-08-20T00:14:16.452+0000] {processor.py:161} INFO - Started process (PID=43370) to work on /opt/airflow/dags/youtube_pipeline.py
[2026-08-20T00:14:16.454+0000] {processor.py:830} INFO - Processing file /opt/airflow/dags/youtube_pipeline.py for tasks to queue
[2026-08-20T00:14:16.457+0000] {logging_mixin.py:188} INFO - [2026-08-20T00:14:16.456+0000] {dagbag.py:545} INFO - Filling up the DagBag from /opt/airflow/dags/youtube_pipeline.py
[2026-08-20T00:14:16.542+0000] {processor.py:840} INFO - DAG(s) 'youtube_english_video_pipeline' retrieved from /opt/airflow/dags/youtube_pipeline.py
[2026-08-20T00:14:16.594+0000] {logging_mixin.py:188} INFO - [2026-08-20T00:14:16.594+0000] {dag.py:3089} INFO - Sync 1 DAGs
[2026-08-20T00:14:16.644+0000] {processor.py:183} INFO - Processing /opt/airflow/dags/youtube_pipeline.py took 0.202 seconds
[2026-08-20T00:14:47.013+0000] {processor.py:161} INFO - Started process (PID=44058) to work on /opt/airflow/dags/youtube_pipeline.py
[2026-08-20T00:14:47.015+0000] {processor.py:830} INFO - Processing file /opt/airflow/dags/youtube_pipeline.py for tasks to queue
[2026-08-20T00:14:47.019+0000] {logging_mixin.py:188} INFO - [2026-08-20T00:14:47.018+0000] {dagbag.py:545} INFO - Filling up the DagBag from /opt/airflow/dags/youtube_pipeline.py
[2026-08-20T00:14:47.096+0000] {processor.py:840} INFO - DAG(s) 'youtube_english_video_pipeline' retrieved from /opt/airflow/dags/youtube_pipeline.py
[2026-08-20T00:14:47.175+0000] {logging_mixin.py:188} INFO - [2026-08-20T00:14:47.174+0000] {dag.py:3089} INFO - Sync 1 DAGs
[2026-08-20T00:14:47.248+0000] {processor.py:183} INFO - Processing /opt/airflow/dags/youtube_pipeline.py took 0.250 seconds
[2026-08-20T00:15:17.489+0000] {processor.py:161} INFO - Started process (PID=44088) to work on /opt/airflow/dags/youtube_pipeline.py
[2026-08-20T00:15:17.490+0000] {processor.py:830} INFO - Processing file /opt/airflow/dags/youtube_pipeline.py for tasks to queue
[2026-08-20T00:15:17.493+0000] {logging_mixin.py:188} INFO - [2026-08-20T00:15:17.492+0000] {dagbag.py:545} INFO - Filling up the DagBag from /opt/airflow/dags/youtube_pipeline.py
[2026-08-20T00:15:17.586+0000] {processor.py:840} INFO - DAG(s) 'youtube_english_video_pipeline' retrieved from /opt/airflow/dags/youtube_pipeline.py
[2026-08-20T00:15:17.645+0000] {logging_mixin.py:188} INFO - [2026-08-20T00:15:17.644+0000] {dag.py:3089} INFO - Sync 1 DAGs
[2026-08-20T00:15:17.719+0000] {processor.py:183} INFO - Processing /opt/airflow/dags/youtube_pipeline.py took 0.241 seconds
[2026-08-20T00:15:47.983+0000] {processor.py:161} INFO - Started process (PID=44350) to work on /opt/airflow/dags/youtube_pipeline.py
[2026-08-20T00:15:47.986+0000] {processor.py:830} INFO - Processing file /opt/airflow/dags/youtube_pipeline.py for tasks to queue
[2026-08-20T00:15:47.992+0000] {logging_mixin.py:188} INFO - [2026-08-20T00:15:47.991+0000] {dagbag.py:545} INFO - Filling up the DagBag from /opt/airflow/dags/youtube_pipeline.py
[2026-08-20T00:15:48.074+0000] {processor.py:840} INFO - DAG(s) 'youtube_english_video_pipeline' retrieved from /opt/airflow/dags/youtube_pipeline.py
[2026-08-20T00:15:48.143+0000] {logging_mixin.py:188} INFO - [2026-08-20T00:15:48.143+0000] {dag.py:3089} INFO - Sync 1 DAGs
[2026-08-20T00:15:48.210+0000] {processor.py:183} INFO - Processing /opt/airflow/dags/youtube_pipeline.py took 0.246 seconds
[2026-08-20T00:16:18.404+0000] {processor.py:161} INFO - Started process (PID=44666) to work on /opt/airflow/dags/youtube_pipeline.py
[2026-08-20T00:16:18.406+0000] {processor.py:830} INFO - Processing file /opt/airflow/dags/youtube_pipeline.py for tasks to queue
[2026-08-20T00:16:18.409+0000] {logging_mixin.py:188} INFO - [2026-08-20T00:16:18.409+0000] {dagbag.py:545} INFO - Filling up the DagBag from /opt/airflow/dags/youtube_pipeline.py
[2026-08-20T00:16:18.470+0000] {processor.py:840} INFO - DAG(s) 'youtube_english_video_pipeline' retrieved from /opt/airflow/dags/youtube_pipeline.py
[2026-08-20T00:16:18.534+0000] {logging_mixin.py:188} INFO - [2026-08-20T00:16:18.534+0000] {dag.py:3089} INFO - Sync 1 DAGs
[2026-08-20T00:16:18.596+0000] {processor.py:183} INFO - Processing /opt/airflow/dags/youtube_pipeline.py took 0.203 seconds
[2026-08-20T00:16:48.891+0000] {processor.py:161} INFO - Started process (PID=45429) to work on /opt/airflow/dags/youtube_pipeline.py
[2026-08-20T00:16:48.893+0000] {processor.py:830} INFO - Processing file /opt/airflow/dags/youtube_pipeline.py for tasks to queue
[2026-08-20T00:16:48.897+0000] {logging_mixin.py:188} INFO - [2026-08-20T00:16:48.897+0000] {dagbag.py:545} INFO - Filling up the DagBag from /opt/airflow/dags/youtube_pipeline.py
[2026-08-20T00:16:49.045+0000] {processor.py:840} INFO - DAG(s) 'youtube_english_video_pipeline' retrieved from /opt/airflow/dags/youtube_pipeline.py
[2026-08-20T00:16:49.116+0000] {logging_mixin.py:188} INFO - [2026-08-20T00:16:49.116+0000] {dag.py:3089} INFO - Sync 1 DAGs
[2026-08-20T00:16:49.181+0000] {processor.py:183} INFO - Processing /opt/airflow/dags/youtube_pipeline.py took 0.297 seconds
[2026-08-20T00:17:19.585+0000] {processor.py:161} INFO - Started process (PID=46276) to work on /opt/airflow/dags/youtube_pipeline.py
[2026-08-20T00:17:19.587+0000] {processor.py:830} INFO - Processing file /opt/airflow/dags/youtube_pipeline.py for tasks to queue
[2026-08-20T00:17:19.591+0000] {logging_mixin.py:188} INFO - [2026-08-20T00:17:19.590+0000] {dagbag.py:545} INFO - Filling up the DagBag from /opt/airflow/dags/youtube_pipeline.py
[2026-08-20T00:17:19.663+0000] {processor.py:840} INFO - DAG(s) 'youtube_english_video_pipeline' retrieved from /opt/airflow/dags/youtube_pipeline.py
[2026-08-20T00:17:19.718+0000] {logging_mixin.py:188} INFO - [2026-08-20T00:17:19.718+0000] {dag.py:3089} INFO - Sync 1 DAGs
[2026-08-20T00:17:19.769+0000] {processor.py:183} INFO - Processing /opt/airflow/dags/youtube_pipeline.py took 0.193 seconds
[2026-08-20T00:17:49.967+0000] {processor.py:161} INFO - Started process (PID=46970) to work on /opt/airflow/dags/youtube_pipeline.py
[2026-08-20T00:17:49.969+0000] {processor.py:830} INFO - Processing file /opt/airflow/dags/youtube_pipeline.py for tasks to queue
[2026-08-20T00:17:49.973+0000] {logging_mixin.py:188} INFO - [2026-08-20T00:17:49.972+0000] {dagbag.py:545} INFO - Filling up the DagBag from /opt/airflow/dags/youtube_pipeline.py
[2026-08-20T00:17:50.100+0000] {processor.py:840} INFO - DAG(s) 'youtube_english_video_pipeline' retrieved from /opt/airflow/dags/youtube_pipeline.py
[2026-08-20T00:17:50.169+0000] {logging_mixin.py:188} INFO - [2026-08-20T00:17:50.168+0000] {dag.py:3089} INFO - Sync 1 DAGs
[2026-08-20T00:17:50.226+0000] {processor.py:183} INFO - Processing /opt/airflow/dags/youtube_pipeline.py took 0.272 seconds
[2026-08-20T00:18:20.520+0000] {processor.py:161} INFO - Started process (PID=47483) to work on /opt/airflow/dags/youtube_pipeline.py
[2026-08-20T00:18:20.524+0000] {processor.py:830} INFO - Processing file /opt/airflow/dags/youtube_pipeline.py for tasks to queue
[2026-08-20T00:18:20.529+0000] {logging_mixin.py:188} INFO - [2026-08-20T00:18:20.529+0000] {dagbag.py:545} INFO - Filling up the DagBag from /opt/airflow/dags/youtube_pipeline.py
[2026-08-20T00:18:20.654+0000] {processor.py:840} INFO - DAG(s) 'youtube_english_video_pipeline' retrieved from /opt/airflow/dags/youtube_pipeline.py
[2026-08-20T00:18:20.736+0000] {logging_mixin.py:188} INFO - [2026-08-20T00:18:20.736+0000] {dag.py:3089} INFO - Sync 1 DAGs
[2026-08-20T00:18:20.814+0000] {processor.py:183} INFO - Processing /opt/airflow/dags/youtube_pipeline.py took 0.307 seconds
[2026-08-20T00:18:50.987+0000] {processor.py:161} INFO - Started process (PID=47511) to work on /opt/airflow/dags/youtube_pipeline.py
[2026-08-20T00:18:50.991+0000] {processor.py:830} INFO - Processing file /opt/airflow/dags/youtube_pipeline.py for tasks to queue
[2026-08-20T00:18:50.997+0000] {logging_mixin.py:188} INFO - [2026-08-20T00:18:50.996+0000] {dagbag.py:545} INFO - Filling up the DagBag from /opt/airflow/dags/youtube_pipeline.py
[2026-08-20T00:18:51.096+0000] {processor.py:840} INFO - DAG(s) 'youtube_english_video_pipeline' retrieved from /opt/airflow/dags/youtube_pipeline.py
[2026-08-20T00:18:51.157+0000] {logging_mixin.py:188} INFO - [2026-08-20T00:18:51.156+0000] {dag.py:3089} INFO - Sync 1 DAGs
[2026-08-20T00:18:51.208+0000] {processor.py:183} INFO - Processing /opt/airflow/dags/youtube_pipeline.py took 0.237 seconds
[2026-08-20T00:19:21.928+0000] {processor.py:161} INFO - Started process (PID=47774) to work on /opt/airflow/dags/youtube_pipeline.py
[2026-08-20T00:19:21.944+0000] {processor.py:830} INFO - Processing file /opt/airflow/dags/youtube_pipeline.py for tasks to queue
[2026-08-20T00:19:21.959+0000] {logging_mixin.py:188} INFO - [2026-08-20T00:19:21.958+0000] {dagbag.py:545} INFO - Filling up the DagBag from /opt/airflow/dags/youtube_pipeline.py
[2026-08-20T00:19:22.689+0000] {processor.py:840} INFO - DAG(s) 'youtube_english_video_pipeline' retrieved from /opt/airflow/dags/youtube_pipeline.py
[2026-08-20T00:19:22.777+0000] {logging_mixin.py:188} INFO - [2026-08-20T00:19:22.776+0000] {dag.py:3089} INFO - Sync 1 DAGs
[2026-08-20T00:19:22.869+0000] {processor.py:183} INFO - Processing /opt/airflow/dags/youtube_pipeline.py took 0.959 seconds
[2026-08-20T00:19:53.241+0000] {processor.py:161} INFO - Started process (PID=48239) to work on /opt/airflow/dags/youtube_pipeline.py
[2026-08-20T00:19:53.243+0000] {processor.py:830} INFO - Processing file /opt/airflow/dags/youtube_pipeline.py for tasks to queue
[2026-08-20T00:19:53.246+0000] {logging_mixin.py:188} INFO - [2026-08-20T00:19:53.246+0000] {dagbag.py:545} INFO - Filling up the DagBag from /opt/airflow/dags/youtube_pipeline.py
[2026-08-20T00:19:53.315+0000] {processor.py:840} INFO - DAG(s) 'youtube_english_video_pipeline' retrieved from /opt/airflow/dags/youtube_pipeline.py
[2026-08-20T00:19:53.380+0000] {logging_mixin.py:188} INFO - [2026-08-20T00:19:53.380+0000] {dag.py:3089} INFO - Sync 1 DAGs
[2026-08-20T00:19:53.430+0000] {processor.py:183} INFO - Processing /opt/airflow/dags/youtube_pipeline.py took 0.198 seconds
[2026-08-20T00:20:23.594+0000] {processor.py:161} INFO - Started process (PID=48999) to work on /opt/airflow/dags/youtube_pipeline.py
[2026-08-20T00:20:23.596+0000] {processor.py:830} INFO - Processing file /opt/airflow/dags/youtube_pipeline.py for tasks to queue
[2026-08-20T00:20:23.599+0000] {logging_mixin.py:188} INFO - [2026-08-20T00:20:23.598+0000] {dagbag.py:545} INFO - Filling up the DagBag from /opt/airflow/dags/youtube_pipeline.py
[2026-08-20T00:20:23.695+0000] {processor.py:840} INFO - DAG(s) 'youtube_english_video_pipeline' retrieved from /opt/airflow/dags/youtube_pipeline.py
[2026-08-20T00:20:23.750+0000] {logging_mixin.py:188} INFO - [2026-08-20T00:20:23.750+0000] {dag.py:3089} INFO - Sync 1 DAGs
[2026-08-20T00:20:23.797+0000] {processor.py:183} INFO - Processing /opt/airflow/dags/youtube_pipeline.py took 0.214 seconds
[2026-08-20T00:20:54.083+0000] {processor.py:161} INFO - Started process (PID=49759) to work on /opt/airflow/dags/youtube_pipeline.py
[2026-08-20T00:20:54.086+0000] {processor.py:830} INFO - Processing file /opt/airflow/dags/youtube_pipeline.py for tasks to queue
[2026-08-20T00:20:54.089+0000] {logging_mixin.py:188} INFO - [2026-08-20T00:20:54.089+0000] {dagbag.py:545} INFO - Filling up the DagBag from /opt/airflow/dags/youtube_pipeline.py
[2026-08-20T00:20:54.159+0000] {processor.py:840} INFO - DAG(s) 'youtube_english_video_pipeline' retrieved from /opt/airflow/dags/youtube_pipeline.py
[2026-08-20T00:20:54.215+0000] {logging_mixin.py:188} INFO - [2026-08-20T00:20:54.215+0000] {dag.py:3089} INFO - Sync 1 DAGs
[2026-08-20T00:20:54.272+0000] {processor.py:183} INFO - Processing /opt/airflow/dags/youtube_pipeline.py took 0.198 seconds
[2026-08-20T00:21:24.419+0000] {processor.py:161} INFO - Started process (PID=50519) to work on /opt/airflow/dags/youtube_pipeline.py
[2026-08-20T00:21:24.421+0000] {processor.py:830} INFO - Processing file /opt/airflow/dags/youtube_pipeline.py for tasks to queue
[2026-08-20T00:21:24.423+0000] {logging_mixin.py:188} INFO - [2026-08-20T00:21:24.423+0000] {dagbag.py:545} INFO - Filling up the DagBag from /opt/airflow/dags/youtube_pipeline.py
[2026-08-20T00:21:24.485+0000] {processor.py:840} INFO - DAG(s) 'youtube_english_video_pipeline' retrieved from /opt/airflow/dags/youtube_pipeline.py
[2026-08-20T00:21:24.550+0000] {logging_mixin.py:188} INFO - [2026-08-20T00:21:24.550+0000] {dag.py:3089} INFO - Sync 1 DAGs
[2026-08-20T00:21:24.608+0000] {processor.py:183} INFO - Processing /opt/airflow/dags/youtube_pipeline.py took 0.199 seconds
[2026-08-20T00:21:55.040+0000] {processor.py:161} INFO - Started process (PID=50905) to work on /opt/airflow/dags/youtube_pipeline.py
[2026-08-20T00:21:55.041+0000] {processor.py:830} INFO - Processing file /opt/airflow/dags/youtube_pipeline.py for tasks to queue
[2026-08-20T00:21:55.045+0000] {logging_mixin.py:188} INFO - [2026-08-20T00:21:55.045+0000] {dagbag.py:545} INFO - Filling up the DagBag from /opt/airflow/dags/youtube_pipeline.py
[2026-08-20T00:21:55.148+0000] {processor.py:840} INFO - DAG(s) 'youtube_english_video_pipeline' retrieved from /opt/airflow/dags/youtube_pipeline.py
[2026-08-20T00:21:55.207+0000] {logging_mixin.py:188} INFO - [2026-08-20T00:21:55.207+0000] {dag.py:3089} INFO - Sync 1 DAGs
[2026-08-20T00:21:55.265+0000] {processor.py:183} INFO - Processing /opt/airflow/dags/youtube_pipeline.py took 0.236 seconds
[2026-08-20T00:22:25.454+0000] {processor.py:161} INFO - Started process (PID=50932) to work on /opt/airflow/dags/youtube_pipeline.py
[2026-08-20T00:22:25.456+0000] {processor.py:830} INFO - Processing file /opt/airflow/dags/youtube_pipeline.py for tasks to queue
[2026-08-20T00:22:25.459+0000] {logging_mixin.py:188} INFO - [2026-08-20T00:22:25.459+0000] {dagbag.py:545} INFO - Filling up the DagBag from /opt/airflow/dags/youtube_pipeline.py
[2026-08-20T00:22:25.537+0000] {processor.py:840} INFO - DAG(s) 'youtube_english_video_pipeline' retrieved from /opt/airflow/dags/youtube_pipeline.py
[2026-08-20T00:22:25.586+0000] {logging_mixin.py:188} INFO - [2026-08-20T00:22:25.585+0000] {dag.py:3089} INFO - Sync 1 DAGs
[2026-08-20T00:22:25.633+0000] {processor.py:183} INFO - Processing /opt/airflow/dags/youtube_pipeline.py took 0.189 seconds
[2026-08-20T00:22:56.085+0000] {processor.py:161} INFO - Started process (PID=50970) to work on /opt/airflow/dags/youtube_pipeline.py
[2026-08-20T00:22:56.087+0000] {processor.py:830} INFO - Processing file /opt/airflow/dags/youtube_pipeline.py for tasks to queue
[2026-08-20T00:22:56.092+0000] {logging_mixin.py:188} INFO - [2026-08-20T00:22:56.091+0000] {dagbag.py:545} INFO - Filling up the DagBag from /opt/airflow/dags/youtube_pipeline.py
[2026-08-20T00:22:56.207+0000] {processor.py:840} INFO - DAG(s) 'youtube_english_video_pipeline' retrieved from /opt/airflow/dags/youtube_pipeline.py
[2026-08-20T00:22:56.304+0000] {logging_mixin.py:188} INFO - [2026-08-20T00:22:56.303+0000] {dag.py:3089} INFO - Sync 1 DAGs
[2026-08-20T00:22:56.370+0000] {processor.py:183} INFO - Processing /opt/airflow/dags/youtube_pipeline.py took 0.298 seconds
[2026-08-20T00:23:26.543+0000] {processor.py:161} INFO - Started process (PID=51238) to work on /opt/airflow/dags/youtube_pipeline.py
[2026-08-20T00:23:26.546+0000] {processor.py:830} INFO - Processing file /opt/airflow/dags/youtube_pipeline.py for tasks to queue
[2026-08-20T00:23:26.551+0000] {logging_mixin.py:188} INFO - [2026-08-20T00:23:26.550+0000] {dagbag.py:545} INFO - Filling up the DagBag from /opt/airflow/dags/youtube_pipeline.py
[2026-08-20T00:23:26.681+0000] {processor.py:840} INFO - DAG(s) 'youtube_english_video_pipeline' retrieved from /opt/airflow/dags/youtube_pipeline.py
[2026-08-20T00:23:26.765+0000] {logging_mixin.py:188} INFO - [2026-08-20T00:23:26.765+0000] {dag.py:3089} INFO - Sync 1 DAGs
[2026-08-20T00:23:26.839+0000] {processor.py:183} INFO - Processing /opt/airflow/dags/youtube_pipeline.py took 0.312 seconds
[2026-08-20T00:23:57.207+0000] {processor.py:161} INFO - Started process (PID=51249) to work on /opt/airflow/dags/youtube_pipeline.py
[2026-08-20T00:23:57.209+0000] {processor.py:830} INFO - Processing file /opt/airflow/dags/youtube_pipeline.py for tasks to queue
[2026-08-20T00:23:57.214+0000] {logging_mixin.py:188} INFO - [2026-08-20T00:23:57.213+0000] {dagbag.py:545} INFO - Filling up the DagBag from /opt/airflow/dags/youtube_pipeline.py
[2026-08-20T00:23:57.288+0000] {processor.py:840} INFO - DAG(s) 'youtube_english_video_pipeline' retrieved from /opt/airflow/dags/youtube_pipeline.py
[2026-08-20T00:23:57.357+0000] {logging_mixin.py:188} INFO - [2026-08-20T00:23:57.356+0000] {dag.py:3089} INFO - Sync 1 DAGs
[2026-08-20T00:23:57.426+0000] {processor.py:183} INFO - Processing /opt/airflow/dags/youtube_pipeline.py took 0.231 seconds
[2026-08-20T00:24:27.563+0000] {processor.py:161} INFO - Started process (PID=51254) to work on /opt/airflow/dags/youtube_pipeline.py
[2026-08-20T00:24:27.565+0000] {processor.py:830} INFO - Processing file /opt/airflow/dags/youtube_pipeline.py for tasks to queue
[2026-08-20T00:24:27.568+0000] {logging_mixin.py:188} INFO - [2026-08-20T00:24:27.567+0000] {dagbag.py:545} INFO - Filling up the DagBag from /opt/airflow/dags/youtube_pipeline.py
[2026-08-20T00:24:27.634+0000] {processor.py:840} INFO - DAG(s) 'youtube_english_video_pipeline' retrieved from /opt/airflow/dags/youtube_pipeline.py
[2026-08-20T00:24:27.701+0000] {logging_mixin.py:188} INFO - [2026-08-20T00:24:27.701+0000] {dag.py:3089} INFO - Sync 1 DAGs
[2026-08-20T00:24:27.781+0000] {processor.py:183} INFO - Processing /opt/airflow/dags/youtube_pipeline.py took 0.227 seconds
[2026-08-20T00:24:58.344+0000] {processor.py:161} INFO - Started process (PID=51259) to work on /opt/airflow/dags/youtube_pipeline.py
[2026-08-20T00:24:58.345+0000] {processor.py:830} INFO - Processing file /opt/airflow/dags/youtube_pipeline.py for tasks to queue
[2026-08-20T00:24:58.348+0000] {logging_mixin.py:188} INFO - [2026-08-20T00:24:58.348+0000] {dagbag.py:545} INFO - Filling up the DagBag from /opt/airflow/dags/youtube_pipeline.py
[2026-08-20T00:24:58.442+0000] {processor.py:840} INFO - DAG(s) 'youtube_english_video_pipeline' retrieved from /opt/airflow/dags/youtube_pipeline.py
[2026-08-20T00:24:58.507+0000] {logging_mixin.py:188} INFO - [2026-08-20T00:24:58.506+0000] {dag.py:3089} INFO - Sync 1 DAGs
[2026-08-20T00:24:58.565+0000] {processor.py:183} INFO - Processing /opt/airflow/dags/youtube_pipeline.py took 0.233 seconds
[2026-08-20T00:25:28.723+0000] {processor.py:161} INFO - Started process (PID=51264) to work on /opt/airflow/dags/youtube_pipeline.py
[2026-08-20T00:25:28.725+0000] {processor.py:830} INFO - Processing file /opt/airflow/dags/youtube_pipeline.py for tasks to queue
[2026-08-20T00:25:28.728+0000] {logging_mixin.py:188} INFO - [2026-08-20T00:25:28.728+0000] {dagbag.py:545} INFO - Filling up the DagBag from /opt/airflow/dags/youtube_pipeline.py
[2026-08-20T00:25:28.817+0000] {processor.py:840} INFO - DAG(s) 'youtube_english_video_pipeline' retrieved from /opt/airflow/dags/youtube_pipeline.py
[2026-08-20T00:25:28.877+0000] {logging_mixin.py:188} INFO - [2026-08-20T00:25:28.876+0000] {dag.py:3089} INFO - Sync 1 DAGs
[2026-08-20T00:25:28.937+0000] {processor.py:183} INFO - Processing /opt/airflow/dags/youtube_pipeline.py took 0.229 seconds
[2026-08-20T00:25:59.397+0000] {processor.py:161} INFO - Started process (PID=51269) to work on /opt/airflow/dags/youtube_pipeline.py
[2026-08-20T00:25:59.400+0000] {processor.py:830} INFO - Processing file /opt/airflow/dags/youtube_pipeline.py for tasks to queue
[2026-08-20T00:25:59.405+0000] {logging_mixin.py:188} INFO - [2026-08-20T00:25:59.405+0000] {dagbag.py:545} INFO - Filling up the DagBag from /opt/airflow/dags/youtube_pipeline.py
[2026-08-20T00:25:59.529+0000] {processor.py:840} INFO - DAG(s) 'youtube_english_video_pipeline' retrieved from /opt/airflow/dags/youtube_pipeline.py
[2026-08-20T00:25:59.611+0000] {logging_mixin.py:188} INFO - [2026-08-20T00:25:59.611+0000] {dag.py:3089} INFO - Sync 1 DAGs
[2026-08-20T00:25:59.685+0000] {processor.py:183} INFO - Processing /opt/airflow/dags/youtube_pipeline.py took 0.302 seconds
[2026-08-20T00:26:30.180+0000] {processor.py:161} INFO - Started process (PID=51274) to work on /opt/airflow/dags/youtube_pipeline.py
[2026-08-20T00:26:30.183+0000] {processor.py:830} INFO - Processing file /opt/airflow/dags/youtube_pipeline.py for tasks to queue
[2026-08-20T00:26:30.187+0000] {logging_mixin.py:188} INFO - [2026-08-20T00:26:30.187+0000] {dagbag.py:545} INFO - Filling up the DagBag from /opt/airflow/dags/youtube_pipeline.py
[2026-08-20T00:26:30.305+0000] {processor.py:840} INFO - DAG(s) 'youtube_english_video_pipeline' retrieved from /opt/airflow/dags/youtube_pipeline.py
[2026-08-20T00:26:30.387+0000] {logging_mixin.py:188} INFO - [2026-08-20T00:26:30.387+0000] {dag.py:3089} INFO - Sync 1 DAGs
[2026-08-20T00:26:30.466+0000] {processor.py:183} INFO - Processing /opt/airflow/dags/youtube_pipeline.py took 0.301 seconds
[2026-08-20T00:27:00.870+0000] {processor.py:161} INFO - Started process (PID=51279) to work on /opt/airflow/dags/youtube_pipeline.py
[2026-08-20T00:27:00.872+0000] {processor.py:830} INFO - Processing file /opt/airflow/dags/youtube_pipeline.py for tasks to queue
[2026-08-20T00:27:00.874+0000] {logging_mixin.py:188} INFO - [2026-08-20T00:27:00.874+0000] {dagbag.py:545} INFO - Filling up the DagBag from /opt/airflow/dags/youtube_pipeline.py
[2026-08-20T00:27:00.923+0000] {processor.py:840} INFO - DAG(s) 'youtube_english_video_pipeline' retrieved from /opt/airflow/dags/youtube_pipeline.py
[2026-08-20T00:27:00.969+0000] {logging_mixin.py:188} INFO - [2026-08-20T00:27:00.969+0000] {dag.py:3089} INFO - Sync 1 DAGs
[2026-08-20T00:27:01.024+0000] {processor.py:183} INFO - Processing /opt/airflow/dags/youtube_pipeline.py took 0.163 seconds
[2026-08-20T00:27:31.213+0000] {processor.py:161} INFO - Started process (PID=51284) to work on /opt/airflow/dags/youtube_pipeline.py
[2026-08-20T00:27:31.216+0000] {processor.py:830} INFO - Processing file /opt/airflow/dags/youtube_pipeline.py for tasks to queue
[2026-08-20T00:27:31.222+0000] {logging_mixin.py:188} INFO - [2026-08-20T00:27:31.221+0000] {dagbag.py:545} INFO - Filling up the DagBag from /opt/airflow/dags/youtube_pipeline.py
[2026-08-20T00:27:31.332+0000] {processor.py:840} INFO - DAG(s) 'youtube_english_video_pipeline' retrieved from /opt/airflow/dags/youtube_pipeline.py
[2026-08-20T00:27:31.385+0000] {logging_mixin.py:188} INFO - [2026-08-20T00:27:31.385+0000] {dag.py:3089} INFO - Sync 1 DAGs
[2026-08-20T00:27:31.430+0000] {processor.py:183} INFO - Processing /opt/airflow/dags/youtube_pipeline.py took 0.231 seconds
[2026-08-20T00:28:01.703+0000] {processor.py:161} INFO - Started process (PID=51289) to work on /opt/airflow/dags/youtube_pipeline.py
[2026-08-20T00:28:01.705+0000] {processor.py:830} INFO - Processing file /opt/airflow/dags/youtube_pipeline.py for tasks to queue
[2026-08-20T00:28:01.709+0000] {logging_mixin.py:188} INFO - [2026-08-20T00:28:01.709+0000] {dagbag.py:545} INFO - Filling up the DagBag from /opt/airflow/dags/youtube_pipeline.py
[2026-08-20T00:28:01.789+0000] {processor.py:840} INFO - DAG(s) 'youtube_english_video_pipeline' retrieved from /opt/airflow/dags/youtube_pipeline.py
[2026-08-20T00:28:01.840+0000] {logging_mixin.py:188} INFO - [2026-08-20T00:28:01.840+0000] {dag.py:3089} INFO - Sync 1 DAGs
[2026-08-20T00:28:01.918+0000] {processor.py:183} INFO - Processing /opt/airflow/dags/youtube_pipeline.py took 0.228 seconds
[2026-08-20T00:28:32.088+0000] {processor.py:161} INFO - Started process (PID=51294) to work on /opt/airflow/dags/youtube_pipeline.py
[2026-08-20T00:28:32.090+0000] {processor.py:830} INFO - Processing file /opt/airflow/dags/youtube_pipeline.py for tasks to queue
[2026-08-20T00:28:32.096+0000] {logging_mixin.py:188} INFO - [2026-08-20T00:28:32.095+0000] {dagbag.py:545} INFO - Filling up the DagBag from /opt/airflow/dags/youtube_pipeline.py
[2026-08-20T00:28:32.227+0000] {processor.py:840} INFO - DAG(s) 'youtube_english_video_pipeline' retrieved from /opt/airflow/dags/youtube_pipeline.py
[2026-08-20T00:28:32.274+0000] {logging_mixin.py:188} INFO - [2026-08-20T00:28:32.274+0000] {dag.py:3089} INFO - Sync 1 DAGs
[2026-08-20T00:28:32.329+0000] {processor.py:183} INFO - Processing /opt/airflow/dags/youtube_pipeline.py took 0.254 seconds
[2026-08-20T00:29:02.454+0000] {processor.py:161} INFO - Started process (PID=51301) to work on /opt/airflow/dags/youtube_pipeline.py
[2026-08-20T00:29:02.455+0000] {processor.py:830} INFO - Processing file /opt/airflow/dags/youtube_pipeline.py for tasks to queue
[2026-08-20T00:29:02.457+0000] {logging_mixin.py:188} INFO - [2026-08-20T00:29:02.457+0000] {dagbag.py:545} INFO - Filling up the DagBag from /opt/airflow/dags/youtube_pipeline.py
[2026-08-20T00:29:02.506+0000] {processor.py:840} INFO - DAG(s) 'youtube_english_video_pipeline' retrieved from /opt/airflow/dags/youtube_pipeline.py
[2026-08-20T00:29:02.557+0000] {logging_mixin.py:188} INFO - [2026-08-20T00:29:02.557+0000] {dag.py:3089} INFO - Sync 1 DAGs
[2026-08-20T00:29:02.608+0000] {processor.py:183} INFO - Processing /opt/airflow/dags/youtube_pipeline.py took 0.163 seconds
[2026-08-20T00:29:33.381+0000] {processor.py:161} INFO - Started process (PID=51306) to work on /opt/airflow/dags/youtube_pipeline.py
[2026-08-20T00:29:33.386+0000] {processor.py:830} INFO - Processing file /opt/airflow/dags/youtube_pipeline.py for tasks to queue
[2026-08-20T00:29:33.391+0000] {logging_mixin.py:188} INFO - [2026-08-20T00:29:33.391+0000] {dagbag.py:545} INFO - Filling up the DagBag from /opt/airflow/dags/youtube_pipeline.py
[2026-08-20T00:29:33.511+0000] {processor.py:840} INFO - DAG(s) 'youtube_english_video_pipeline' retrieved from /opt/airflow/dags/youtube_pipeline.py
[2026-08-20T00:29:33.568+0000] {logging_mixin.py:188} INFO - [2026-08-20T00:29:33.567+0000] {dag.py:3089} INFO - Sync 1 DAGs
[2026-08-20T00:29:33.623+0000] {processor.py:183} INFO - Processing /opt/airflow/dags/youtube_pipeline.py took 0.253 seconds
[2026-08-20T00:30:04.271+0000] {processor.py:161} INFO - Started process (PID=51311) to work on /opt/airflow/dags/youtube_pipeline.py
[2026-08-20T00:30:04.276+0000] {processor.py:830} INFO - Processing file /opt/airflow/dags/youtube_pipeline.py for tasks to queue
[2026-08-20T00:30:04.285+0000] {logging_mixin.py:188} INFO - [2026-08-20T00:30:04.284+0000] {dagbag.py:545} INFO - Filling up the DagBag from /opt/airflow/dags/youtube_pipeline.py
[2026-08-20T00:30:04.486+0000] {processor.py:840} INFO - DAG(s) 'youtube_english_video_pipeline' retrieved from /opt/airflow/dags/youtube_pipeline.py
[2026-08-20T00:30:04.558+0000] {logging_mixin.py:188} INFO - [2026-08-20T00:30:04.558+0000] {dag.py:3089} INFO - Sync 1 DAGs
[2026-08-20T00:30:04.658+0000] {processor.py:183} INFO - Processing /opt/airflow/dags/youtube_pipeline.py took 0.409 seconds
[2026-08-20T00:30:35.364+0000] {processor.py:161} INFO - Started process (PID=51316) to work on /opt/airflow/dags/youtube_pipeline.py
[2026-08-20T00:30:35.366+0000] {processor.py:830} INFO - Processing file /opt/airflow/dags/youtube_pipeline.py for tasks to queue
[2026-08-20T00:30:35.372+0000] {logging_mixin.py:188} INFO - [2026-08-20T00:30:35.372+0000] {dagbag.py:545} INFO - Filling up the DagBag from /opt/airflow/dags/youtube_pipeline.py
[2026-08-20T00:30:35.468+0000] {processor.py:840} INFO - DAG(s) 'youtube_english_video_pipeline' retrieved from /opt/airflow/dags/youtube_pipeline.py
[2026-08-20T00:30:35.531+0000] {logging_mixin.py:188} INFO - [2026-08-20T00:30:35.530+0000] {dag.py:3089} INFO - Sync 1 DAGs
[2026-08-20T00:30:35.589+0000] {processor.py:183} INFO - Processing /opt/airflow/dags/youtube_pipeline.py took 0.248 seconds
[2026-08-20T00:31:06.446+0000] {processor.py:161} INFO - Started process (PID=51321) to work on /opt/airflow/dags/youtube_pipeline.py
[2026-08-20T00:31:06.452+0000] {processor.py:830} INFO - Processing file /opt/airflow/dags/youtube_pipeline.py for tasks to queue
[2026-08-20T00:31:06.461+0000] {logging_mixin.py:188} INFO - [2026-08-20T00:31:06.460+0000] {dagbag.py:545} INFO - Filling up the DagBag from /opt/airflow/dags/youtube_pipeline.py
[2026-08-20T00:31:06.627+0000] {processor.py:840} INFO - DAG(s) 'youtube_english_video_pipeline' retrieved from /opt/airflow/dags/youtube_pipeline.py
[2026-08-20T00:31:06.711+0000] {logging_mixin.py:188} INFO - [2026-08-20T00:31:06.710+0000] {dag.py:3089} INFO - Sync 1 DAGs
[2026-08-20T00:31:06.807+0000] {processor.py:183} INFO - Processing /opt/airflow/dags/youtube_pipeline.py took 0.380 seconds
[2026-08-20T00:31:37.465+0000] {processor.py:161} INFO - Started process (PID=51326) to work on /opt/airflow/dags/youtube_pipeline.py
[2026-08-20T00:31:37.483+0000] {processor.py:830} INFO - Processing file /opt/airflow/dags/youtube_pipeline.py for tasks to queue
[2026-08-20T00:31:37.507+0000] {logging_mixin.py:188} INFO - [2026-08-20T00:31:37.506+0000] {dagbag.py:545} INFO - Filling up the DagBag from /opt/airflow/dags/youtube_pipeline.py
[2026-08-20T00:31:37.980+0000] {processor.py:840} INFO - DAG(s) 'youtube_english_video_pipeline' retrieved from /opt/airflow/dags/youtube_pipeline.py
[2026-08-20T00:31:38.059+0000] {logging_mixin.py:188} INFO - [2026-08-20T00:31:38.058+0000] {dag.py:3089} INFO - Sync 1 DAGs
[2026-08-20T00:31:38.125+0000] {processor.py:183} INFO - Processing /opt/airflow/dags/youtube_pipeline.py took 0.683 seconds
[2026-08-20T00:32:09.221+0000] {processor.py:161} INFO - Started process (PID=51331) to work on /opt/airflow/dags/youtube_pipeline.py
[2026-08-20T00:32:09.243+0000] {processor.py:830} INFO - Processing file /opt/airflow/dags/youtube_pipeline.py for tasks to queue
[2026-08-20T00:32:09.257+0000] {logging_mixin.py:188} INFO - [2026-08-20T00:32:09.256+0000] {dagbag.py:545} INFO - Filling up the DagBag from /opt/airflow/dags/youtube_pipeline.py
[2026-08-20T00:32:09.704+0000] {processor.py:840} INFO - DAG(s) 'youtube_english_video_pipeline' retrieved from /opt/airflow/dags/youtube_pipeline.py
[2026-08-20T00:32:09.805+0000] {logging_mixin.py:188} INFO - [2026-08-20T00:32:09.805+0000] {dag.py:3089} INFO - Sync 1 DAGs
[2026-08-20T00:32:09.916+0000] {processor.py:183} INFO - Processing /opt/airflow/dags/youtube_pipeline.py took 0.724 seconds
[2026-08-20T00:32:40.700+0000] {processor.py:161} INFO - Started process (PID=51336) to work on /opt/airflow/dags/youtube_pipeline.py
[2026-08-20T00:32:40.708+0000] {processor.py:830} INFO - Processing file /opt/airflow/dags/youtube_pipeline.py for tasks to queue
[2026-08-20T00:32:40.715+0000] {logging_mixin.py:188} INFO - [2026-08-20T00:32:40.714+0000] {dagbag.py:545} INFO - Filling up the DagBag from /opt/airflow/dags/youtube_pipeline.py
[2026-08-20T00:32:40.977+0000] {processor.py:840} INFO - DAG(s) 'youtube_english_video_pipeline' retrieved from /opt/airflow/dags/youtube_pipeline.py
[2026-08-20T00:32:41.030+0000] {logging_mixin.py:188} INFO - [2026-08-20T00:32:41.030+0000] {dag.py:3089} INFO - Sync 1 DAGs
[2026-08-20T00:32:41.112+0000] {processor.py:183} INFO - Processing /opt/airflow/dags/youtube_pipeline.py took 0.425 seconds
[2026-08-20T00:33:12.042+0000] {processor.py:161} INFO - Started process (PID=51341) to work on /opt/airflow/dags/youtube_pipeline.py
[2026-08-20T00:33:12.046+0000] {processor.py:830} INFO - Processing file /opt/airflow/dags/youtube_pipeline.py for tasks to queue
[2026-08-20T00:33:12.054+0000] {logging_mixin.py:188} INFO - [2026-08-20T00:33:12.054+0000] {dagbag.py:545} INFO - Filling up the DagBag from /opt/airflow/dags/youtube_pipeline.py
[2026-08-20T00:33:12.512+0000] {processor.py:840} INFO - DAG(s) 'youtube_english_video_pipeline' retrieved from /opt/airflow/dags/youtube_pipeline.py
[2026-08-20T00:33:12.591+0000] {logging_mixin.py:188} INFO - [2026-08-20T00:33:12.591+0000] {dag.py:3089} INFO - Sync 1 DAGs
[2026-08-20T00:33:12.698+0000] {processor.py:183} INFO - Processing /opt/airflow/dags/youtube_pipeline.py took 0.676 seconds
[2026-08-20T00:33:43.343+0000] {processor.py:161} INFO - Started process (PID=51348) to work on /opt/airflow/dags/youtube_pipeline.py
[2026-08-20T00:33:43.352+0000] {processor.py:830} INFO - Processing file /opt/airflow/dags/youtube_pipeline.py for tasks to queue
[2026-08-20T00:33:43.356+0000] {logging_mixin.py:188} INFO - [2026-08-20T00:33:43.355+0000] {dagbag.py:545} INFO - Filling up the DagBag from /opt/airflow/dags/youtube_pipeline.py
[2026-08-20T00:33:43.474+0000] {processor.py:840} INFO - DAG(s) 'youtube_english_video_pipeline' retrieved from /opt/airflow/dags/youtube_pipeline.py
[2026-08-20T00:33:43.535+0000] {logging_mixin.py:188} INFO - [2026-08-20T00:33:43.535+0000] {dag.py:3089} INFO - Sync 1 DAGs
[2026-08-20T00:33:43.590+0000] {processor.py:183} INFO - Processing /opt/airflow/dags/youtube_pipeline.py took 0.258 seconds
[2026-08-20T11:27:10.492+0000] {processor.py:161} INFO - Started process (PID=51378) to work on /opt/airflow/dags/youtube_pipeline.py
[2026-08-20T11:27:10.536+0000] {processor.py:830} INFO - Processing file /opt/airflow/dags/youtube_pipeline.py for tasks to queue
[2026-08-20T11:27:10.604+0000] {logging_mixin.py:188} INFO - [2026-08-20T11:27:10.604+0000] {dagbag.py:545} INFO - Filling up the DagBag from /opt/airflow/dags/youtube_pipeline.py
[2026-08-20T11:27:12.640+0000] {processor.py:840} INFO - DAG(s) 'youtube_english_video_pipeline' retrieved from /opt/airflow/dags/youtube_pipeline.py
[2026-08-20T11:27:12.754+0000] {logging_mixin.py:188} INFO - [2026-08-20T11:27:12.754+0000] {dag.py:3089} INFO - Sync 1 DAGs
[2026-08-20T11:27:12.894+0000] {processor.py:183} INFO - Processing /opt/airflow/dags/youtube_pipeline.py took 2.486 seconds
[2026-08-20T23:20:03.398+0000] {processor.py:161} INFO - Started process (PID=51383) to work on /opt/airflow/dags/youtube_pipeline.py
[2026-08-20T23:20:03.440+0000] {processor.py:830} INFO - Processing file /opt/airflow/dags/youtube_pipeline.py for tasks to queue
[2026-08-20T23:20:03.547+0000] {logging_mixin.py:188} INFO - [2026-08-20T23:20:03.547+0000] {dagbag.py:545} INFO - Filling up the DagBag from /opt/airflow/dags/youtube_pipeline.py
[2026-08-20T23:20:05.893+0000] {processor.py:840} INFO - DAG(s) 'youtube_english_video_pipeline' retrieved from /opt/airflow/dags/youtube_pipeline.py
[2026-08-20T23:20:06.009+0000] {logging_mixin.py:188} INFO - [2026-08-20T23:20:06.009+0000] {dag.py:3089} INFO - Sync 1 DAGs
[2026-08-20T23:20:06.203+0000] {processor.py:183} INFO - Processing /opt/airflow/dags/youtube_pipeline.py took 2.880 seconds
[2026-08-20T23:20:37.232+0000] {processor.py:161} INFO - Started process (PID=51388) to work on /opt/airflow/dags/youtube_pipeline.py
[2026-08-20T23:20:37.238+0000] {processor.py:830} INFO - Processing file /opt/airflow/dags/youtube_pipeline.py for tasks to queue
[2026-08-20T23:20:37.241+0000] {logging_mixin.py:188} INFO - [2026-08-20T23:20:37.240+0000] {dagbag.py:545} INFO - Filling up the DagBag from /opt/airflow/dags/youtube_pipeline.py
[2026-08-20T23:20:37.511+0000] {processor.py:840} INFO - DAG(s) 'youtube_english_video_pipeline' retrieved from /opt/airflow/dags/youtube_pipeline.py
[2026-08-20T23:20:37.562+0000] {logging_mixin.py:188} INFO - [2026-08-20T23:20:37.562+0000] {dag.py:3089} INFO - Sync 1 DAGs
[2026-08-20T23:20:37.622+0000] {processor.py:183} INFO - Processing /opt/airflow/dags/youtube_pipeline.py took 0.402 seconds
[2026-08-20T23:21:08.184+0000] {processor.py:161} INFO - Started process (PID=51393) to work on /opt/airflow/dags/youtube_pipeline.py
[2026-08-20T23:21:08.186+0000] {processor.py:830} INFO - Processing file /opt/airflow/dags/youtube_pipeline.py for tasks to queue
[2026-08-20T23:21:08.188+0000] {logging_mixin.py:188} INFO - [2026-08-20T23:21:08.188+0000] {dagbag.py:545} INFO - Filling up the DagBag from /opt/airflow/dags/youtube_pipeline.py
[2026-08-20T23:21:08.250+0000] {processor.py:840} INFO - DAG(s) 'youtube_english_video_pipeline' retrieved from /opt/airflow/dags/youtube_pipeline.py
[2026-08-20T23:21:08.291+0000] {logging_mixin.py:188} INFO - [2026-08-20T23:21:08.291+0000] {dag.py:3089} INFO - Sync 1 DAGs
[2026-08-20T23:21:08.338+0000] {processor.py:183} INFO - Processing /opt/airflow/dags/youtube_pipeline.py took 0.161 seconds
[2026-08-20T23:21:39.264+0000] {processor.py:161} INFO - Started process (PID=51398) to work on /opt/airflow/dags/youtube_pipeline.py
[2026-08-20T23:21:39.274+0000] {processor.py:830} INFO - Processing file /opt/airflow/dags/youtube_pipeline.py for tasks to queue
[2026-08-20T23:21:39.280+0000] {logging_mixin.py:188} INFO - [2026-08-20T23:21:39.279+0000] {dagbag.py:545} INFO - Filling up the DagBag from /opt/airflow/dags/youtube_pipeline.py
[2026-08-20T23:21:39.557+0000] {processor.py:840} INFO - DAG(s) 'youtube_english_video_pipeline' retrieved from /opt/airflow/dags/youtube_pipeline.py
[2026-08-20T23:21:39.630+0000] {logging_mixin.py:188} INFO - [2026-08-20T23:21:39.630+0000] {dag.py:3089} INFO - Sync 1 DAGs
[2026-08-20T23:21:39.689+0000] {processor.py:183} INFO - Processing /opt/airflow/dags/youtube_pipeline.py took 0.451 seconds
[2026-08-20T23:22:13.008+0000] {processor.py:161} INFO - Started process (PID=51403) to work on /opt/airflow/dags/youtube_pipeline.py
[2026-08-20T23:22:13.041+0000] {processor.py:830} INFO - Processing file /opt/airflow/dags/youtube_pipeline.py for tasks to queue
[2026-08-20T23:22:13.083+0000] {logging_mixin.py:188} INFO - [2026-08-20T23:22:13.082+0000] {dagbag.py:545} INFO - Filling up the DagBag from /opt/airflow/dags/youtube_pipeline.py
[2026-08-20T23:22:13.801+0000] {processor.py:840} INFO - DAG(s) 'youtube_english_video_pipeline' retrieved from /opt/airflow/dags/youtube_pipeline.py
[2026-08-20T23:22:13.917+0000] {logging_mixin.py:188} INFO - [2026-08-20T23:22:13.917+0000] {dag.py:3089} INFO - Sync 1 DAGs
[2026-08-20T23:22:14.054+0000] {processor.py:183} INFO - Processing /opt/airflow/dags/youtube_pipeline.py took 1.107 seconds
[2026-08-20T23:22:44.766+0000] {processor.py:161} INFO - Started process (PID=51408) to work on /opt/airflow/dags/youtube_pipeline.py
[2026-08-20T23:22:44.772+0000] {processor.py:830} INFO - Processing file /opt/airflow/dags/youtube_pipeline.py for tasks to queue
[2026-08-20T23:22:44.777+0000] {logging_mixin.py:188} INFO - [2026-08-20T23:22:44.776+0000] {dagbag.py:545} INFO - Filling up the DagBag from /opt/airflow/dags/youtube_pipeline.py
[2026-08-20T23:22:44.919+0000] {processor.py:840} INFO - DAG(s) 'youtube_english_video_pipeline' retrieved from /opt/airflow/dags/youtube_pipeline.py
[2026-08-20T23:22:44.973+0000] {logging_mixin.py:188} INFO - [2026-08-20T23:22:44.973+0000] {dag.py:3089} INFO - Sync 1 DAGs
[2026-08-20T23:22:45.028+0000] {processor.py:183} INFO - Processing /opt/airflow/dags/youtube_pipeline.py took 0.272 seconds
[2026-08-20T23:23:15.529+0000] {processor.py:161} INFO - Started process (PID=51413) to work on /opt/airflow/dags/youtube_pipeline.py
[2026-08-20T23:23:15.536+0000] {processor.py:830} INFO - Processing file /opt/airflow/dags/youtube_pipeline.py for tasks to queue
[2026-08-20T23:23:15.543+0000] {logging_mixin.py:188} INFO - [2026-08-20T23:23:15.543+0000] {dagbag.py:545} INFO - Filling up the DagBag from /opt/airflow/dags/youtube_pipeline.py
[2026-08-20T23:23:15.686+0000] {processor.py:840} INFO - DAG(s) 'youtube_english_video_pipeline' retrieved from /opt/airflow/dags/youtube_pipeline.py
[2026-08-20T23:23:15.743+0000] {logging_mixin.py:188} INFO - [2026-08-20T23:23:15.742+0000] {dag.py:3089} INFO - Sync 1 DAGs
[2026-08-20T23:23:15.795+0000] {processor.py:183} INFO - Processing /opt/airflow/dags/youtube_pipeline.py took 0.276 seconds
[2026-08-20T23:23:46.014+0000] {processor.py:161} INFO - Started process (PID=51418) to work on /opt/airflow/dags/youtube_pipeline.py
[2026-08-20T23:23:46.019+0000] {processor.py:830} INFO - Processing file /opt/airflow/dags/youtube_pipeline.py for tasks to queue
[2026-08-20T23:23:46.023+0000] {logging_mixin.py:188} INFO - [2026-08-20T23:23:46.022+0000] {dagbag.py:545} INFO - Filling up the DagBag from /opt/airflow/dags/youtube_pipeline.py
[2026-08-20T23:23:46.094+0000] {processor.py:840} INFO - DAG(s) 'youtube_english_video_pipeline' retrieved from /opt/airflow/dags/youtube_pipeline.py
[2026-08-20T23:23:46.138+0000] {logging_mixin.py:188} INFO - [2026-08-20T23:23:46.138+0000] {dag.py:3089} INFO - Sync 1 DAGs
[2026-08-20T23:23:46.182+0000] {processor.py:183} INFO - Processing /opt/airflow/dags/youtube_pipeline.py took 0.176 seconds
[2026-08-20T23:24:16.857+0000] {processor.py:161} INFO - Started process (PID=51423) to work on /opt/airflow/dags/youtube_pipeline.py
[2026-08-20T23:24:16.861+0000] {processor.py:830} INFO - Processing file /opt/airflow/dags/youtube_pipeline.py for tasks to queue
[2026-08-20T23:24:16.865+0000] {logging_mixin.py:188} INFO - [2026-08-20T23:24:16.864+0000] {dagbag.py:545} INFO - Filling up the DagBag from /opt/airflow/dags/youtube_pipeline.py
[2026-08-20T23:24:16.999+0000] {processor.py:840} INFO - DAG(s) 'youtube_english_video_pipeline' retrieved from /opt/airflow/dags/youtube_pipeline.py
[2026-08-20T23:24:17.052+0000] {logging_mixin.py:188} INFO - [2026-08-20T23:24:17.052+0000] {dag.py:3089} INFO - Sync 1 DAGs
[2026-08-20T23:24:17.110+0000] {processor.py:183} INFO - Processing /opt/airflow/dags/youtube_pipeline.py took 0.264 seconds
[2026-08-20T23:24:47.615+0000] {processor.py:161} INFO - Started process (PID=51428) to work on /opt/airflow/dags/youtube_pipeline.py
[2026-08-20T23:24:47.619+0000] {processor.py:830} INFO - Processing file /opt/airflow/dags/youtube_pipeline.py for tasks to queue
[2026-08-20T23:24:47.625+0000] {logging_mixin.py:188} INFO - [2026-08-20T23:24:47.625+0000] {dagbag.py:545} INFO - Filling up the DagBag from /opt/airflow/dags/youtube_pipeline.py
[2026-08-20T23:24:47.786+0000] {processor.py:840} INFO - DAG(s) 'youtube_english_video_pipeline' retrieved from /opt/airflow/dags/youtube_pipeline.py
[2026-08-20T23:24:47.834+0000] {logging_mixin.py:188} INFO - [2026-08-20T23:24:47.833+0000] {dag.py:3089} INFO - Sync 1 DAGs
[2026-08-20T23:24:47.870+0000] {processor.py:183} INFO - Processing /opt/airflow/dags/youtube_pipeline.py took 0.264 seconds
[2026-08-20T23:25:18.040+0000] {processor.py:161} INFO - Started process (PID=51433) to work on /opt/airflow/dags/youtube_pipeline.py
[2026-08-20T23:25:18.044+0000] {processor.py:830} INFO - Processing file /opt/airflow/dags/youtube_pipeline.py for tasks to queue
[2026-08-20T23:25:18.047+0000] {logging_mixin.py:188} INFO - [2026-08-20T23:25:18.046+0000] {dagbag.py:545} INFO - Filling up the DagBag from /opt/airflow/dags/youtube_pipeline.py
[2026-08-20T23:25:18.130+0000] {processor.py:840} INFO - DAG(s) 'youtube_english_video_pipeline' retrieved from /opt/airflow/dags/youtube_pipeline.py
[2026-08-20T23:25:18.176+0000] {logging_mixin.py:188} INFO - [2026-08-20T23:25:18.176+0000] {dag.py:3089} INFO - Sync 1 DAGs
[2026-08-20T23:25:18.226+0000] {processor.py:183} INFO - Processing /opt/airflow/dags/youtube_pipeline.py took 0.196 seconds
[2026-08-20T23:25:48.637+0000] {processor.py:161} INFO - Started process (PID=51438) to work on /opt/airflow/dags/youtube_pipeline.py
[2026-08-20T23:25:48.640+0000] {processor.py:830} INFO - Processing file /opt/airflow/dags/youtube_pipeline.py for tasks to queue
[2026-08-20T23:25:48.643+0000] {logging_mixin.py:188} INFO - [2026-08-20T23:25:48.642+0000] {dagbag.py:545} INFO - Filling up the DagBag from /opt/airflow/dags/youtube_pipeline.py
[2026-08-20T23:25:48.742+0000] {processor.py:840} INFO - DAG(s) 'youtube_english_video_pipeline' retrieved from /opt/airflow/dags/youtube_pipeline.py
[2026-08-20T23:25:48.785+0000] {logging_mixin.py:188} INFO - [2026-08-20T23:25:48.785+0000] {dag.py:3089} INFO - Sync 1 DAGs
[2026-08-20T23:25:48.846+0000] {processor.py:183} INFO - Processing /opt/airflow/dags/youtube_pipeline.py took 0.218 seconds
[2026-08-20T23:26:19.174+0000] {processor.py:161} INFO - Started process (PID=51443) to work on /opt/airflow/dags/youtube_pipeline.py
[2026-08-20T23:26:19.175+0000] {processor.py:830} INFO - Processing file /opt/airflow/dags/youtube_pipeline.py for tasks to queue
[2026-08-20T23:26:19.178+0000] {logging_mixin.py:188} INFO - [2026-08-20T23:26:19.177+0000] {dagbag.py:545} INFO - Filling up the DagBag from /opt/airflow/dags/youtube_pipeline.py
[2026-08-20T23:26:19.271+0000] {processor.py:840} INFO - DAG(s) 'youtube_english_video_pipeline' retrieved from /opt/airflow/dags/youtube_pipeline.py
[2026-08-20T23:26:19.321+0000] {logging_mixin.py:188} INFO - [2026-08-20T23:26:19.320+0000] {dag.py:3089} INFO - Sync 1 DAGs
[2026-08-20T23:26:19.371+0000] {processor.py:183} INFO - Processing /opt/airflow/dags/youtube_pipeline.py took 0.212 seconds
[2026-08-20T23:26:49.997+0000] {processor.py:161} INFO - Started process (PID=51448) to work on /opt/airflow/dags/youtube_pipeline.py
[2026-08-20T23:26:50.002+0000] {processor.py:830} INFO - Processing file /opt/airflow/dags/youtube_pipeline.py for tasks to queue
[2026-08-20T23:26:50.007+0000] {logging_mixin.py:188} INFO - [2026-08-20T23:26:50.006+0000] {dagbag.py:545} INFO - Filling up the DagBag from /opt/airflow/dags/youtube_pipeline.py
[2026-08-20T23:26:50.136+0000] {processor.py:840} INFO - DAG(s) 'youtube_english_video_pipeline' retrieved from /opt/airflow/dags/youtube_pipeline.py
[2026-08-20T23:26:50.183+0000] {logging_mixin.py:188} INFO - [2026-08-20T23:26:50.183+0000] {dag.py:3089} INFO - Sync 1 DAGs
[2026-08-20T23:26:50.228+0000] {processor.py:183} INFO - Processing /opt/airflow/dags/youtube_pipeline.py took 0.243 seconds
[2026-08-20T23:27:20.894+0000] {processor.py:161} INFO - Started process (PID=51453) to work on /opt/airflow/dags/youtube_pipeline.py
[2026-08-20T23:27:20.897+0000] {processor.py:830} INFO - Processing file /opt/airflow/dags/youtube_pipeline.py for tasks to queue
[2026-08-20T23:27:20.904+0000] {logging_mixin.py:188} INFO - [2026-08-20T23:27:20.904+0000] {dagbag.py:545} INFO - Filling up the DagBag from /opt/airflow/dags/youtube_pipeline.py
[2026-08-20T23:27:21.102+0000] {processor.py:840} INFO - DAG(s) 'youtube_english_video_pipeline' retrieved from /opt/airflow/dags/youtube_pipeline.py
[2026-08-20T23:27:21.172+0000] {logging_mixin.py:188} INFO - [2026-08-20T23:27:21.172+0000] {dag.py:3089} INFO - Sync 1 DAGs
[2026-08-20T23:27:21.240+0000] {processor.py:183} INFO - Processing /opt/airflow/dags/youtube_pipeline.py took 0.357 seconds
[2026-08-20T23:27:51.712+0000] {processor.py:161} INFO - Started process (PID=51458) to work on /opt/airflow/dags/youtube_pipeline.py
[2026-08-20T23:27:51.716+0000] {processor.py:830} INFO - Processing file /opt/airflow/dags/youtube_pipeline.py for tasks to queue
[2026-08-20T23:27:51.721+0000] {logging_mixin.py:188} INFO - [2026-08-20T23:27:51.720+0000] {dagbag.py:545} INFO - Filling up the DagBag from /opt/airflow/dags/youtube_pipeline.py
[2026-08-20T23:27:51.876+0000] {processor.py:840} INFO - DAG(s) 'youtube_english_video_pipeline' retrieved from /opt/airflow/dags/youtube_pipeline.py
[2026-08-20T23:27:51.928+0000] {logging_mixin.py:188} INFO - [2026-08-20T23:27:51.927+0000] {dag.py:3089} INFO - Sync 1 DAGs
[2026-08-20T23:27:51.970+0000] {processor.py:183} INFO - Processing /opt/airflow/dags/youtube_pipeline.py took 0.273 seconds
[2026-08-20T23:28:22.381+0000] {processor.py:161} INFO - Started process (PID=51463) to work on /opt/airflow/dags/youtube_pipeline.py
[2026-08-20T23:28:22.386+0000] {processor.py:830} INFO - Processing file /opt/airflow/dags/youtube_pipeline.py for tasks to queue
[2026-08-20T23:28:22.388+0000] {logging_mixin.py:188} INFO - [2026-08-20T23:28:22.388+0000] {dagbag.py:545} INFO - Filling up the DagBag from /opt/airflow/dags/youtube_pipeline.py
[2026-08-20T23:28:22.496+0000] {processor.py:840} INFO - DAG(s) 'youtube_english_video_pipeline' retrieved from /opt/airflow/dags/youtube_pipeline.py
[2026-08-20T23:28:22.550+0000] {logging_mixin.py:188} INFO - [2026-08-20T23:28:22.550+0000] {dag.py:3089} INFO - Sync 1 DAGs
[2026-08-20T23:28:22.592+0000] {processor.py:183} INFO - Processing /opt/airflow/dags/youtube_pipeline.py took 0.218 seconds
[2026-08-20T23:28:53.213+0000] {processor.py:161} INFO - Started process (PID=51468) to work on /opt/airflow/dags/youtube_pipeline.py
[2026-08-20T23:28:53.221+0000] {processor.py:830} INFO - Processing file /opt/airflow/dags/youtube_pipeline.py for tasks to queue
[2026-08-20T23:28:53.227+0000] {logging_mixin.py:188} INFO - [2026-08-20T23:28:53.226+0000] {dagbag.py:545} INFO - Filling up the DagBag from /opt/airflow/dags/youtube_pipeline.py
[2026-08-20T23:28:53.390+0000] {processor.py:840} INFO - DAG(s) 'youtube_english_video_pipeline' retrieved from /opt/airflow/dags/youtube_pipeline.py
[2026-08-20T23:28:53.441+0000] {logging_mixin.py:188} INFO - [2026-08-20T23:28:53.441+0000] {dag.py:3089} INFO - Sync 1 DAGs
[2026-08-20T23:28:53.495+0000] {processor.py:183} INFO - Processing /opt/airflow/dags/youtube_pipeline.py took 0.308 seconds
[2026-08-20T23:29:23.639+0000] {processor.py:161} INFO - Started process (PID=51473) to work on /opt/airflow/dags/youtube_pipeline.py
[2026-08-20T23:29:23.641+0000] {processor.py:830} INFO - Processing file /opt/airflow/dags/youtube_pipeline.py for tasks to queue
[2026-08-20T23:29:23.643+0000] {logging_mixin.py:188} INFO - [2026-08-20T23:29:23.643+0000] {dagbag.py:545} INFO - Filling up the DagBag from /opt/airflow/dags/youtube_pipeline.py
[2026-08-20T23:29:23.699+0000] {processor.py:840} INFO - DAG(s) 'youtube_english_video_pipeline' retrieved from /opt/airflow/dags/youtube_pipeline.py
[2026-08-20T23:29:23.737+0000] {logging_mixin.py:188} INFO - [2026-08-20T23:29:23.737+0000] {dag.py:3089} INFO - Sync 1 DAGs
[2026-08-20T23:29:23.802+0000] {processor.py:183} INFO - Processing /opt/airflow/dags/youtube_pipeline.py took 0.170 seconds
[2026-08-20T23:29:53.992+0000] {processor.py:161} INFO - Started process (PID=51478) to work on /opt/airflow/dags/youtube_pipeline.py
[2026-08-20T23:29:53.994+0000] {processor.py:830} INFO - Processing file /opt/airflow/dags/youtube_pipeline.py for tasks to queue
[2026-08-20T23:29:53.999+0000] {logging_mixin.py:188} INFO - [2026-08-20T23:29:53.998+0000] {dagbag.py:545} INFO - Filling up the DagBag from /opt/airflow/dags/youtube_pipeline.py
[2026-08-20T23:29:54.048+0000] {processor.py:840} INFO - DAG(s) 'youtube_english_video_pipeline' retrieved from /opt/airflow/dags/youtube_pipeline.py
[2026-08-20T23:29:54.095+0000] {logging_mixin.py:188} INFO - [2026-08-20T23:29:54.095+0000] {dag.py:3089} INFO - Sync 1 DAGs
[2026-08-20T23:29:54.139+0000] {processor.py:183} INFO - Processing /opt/airflow/dags/youtube_pipeline.py took 0.156 seconds
[2026-08-20T23:30:24.495+0000] {processor.py:161} INFO - Started process (PID=51483) to work on /opt/airflow/dags/youtube_pipeline.py
[2026-08-20T23:30:24.497+0000] {processor.py:830} INFO - Processing file /opt/airflow/dags/youtube_pipeline.py for tasks to queue
[2026-08-20T23:30:24.501+0000] {logging_mixin.py:188} INFO - [2026-08-20T23:30:24.501+0000] {dagbag.py:545} INFO - Filling up the DagBag from /opt/airflow/dags/youtube_pipeline.py
[2026-08-20T23:30:24.571+0000] {processor.py:840} INFO - DAG(s) 'youtube_english_video_pipeline' retrieved from /opt/airflow/dags/youtube_pipeline.py
[2026-08-20T23:30:24.617+0000] {logging_mixin.py:188} INFO - [2026-08-20T23:30:24.617+0000] {dag.py:3089} INFO - Sync 1 DAGs
[2026-08-20T23:30:24.657+0000] {processor.py:183} INFO - Processing /opt/airflow/dags/youtube_pipeline.py took 0.168 seconds
[2026-08-20T23:30:55.206+0000] {processor.py:161} INFO - Started process (PID=51488) to work on /opt/airflow/dags/youtube_pipeline.py
[2026-08-20T23:30:55.214+0000] {processor.py:830} INFO - Processing file /opt/airflow/dags/youtube_pipeline.py for tasks to queue
[2026-08-20T23:30:55.220+0000] {logging_mixin.py:188} INFO - [2026-08-20T23:30:55.219+0000] {dagbag.py:545} INFO - Filling up the DagBag from /opt/airflow/dags/youtube_pipeline.py
[2026-08-20T23:30:55.596+0000] {processor.py:840} INFO - DAG(s) 'youtube_english_video_pipeline' retrieved from /opt/airflow/dags/youtube_pipeline.py
[2026-08-20T23:30:55.661+0000] {logging_mixin.py:188} INFO - [2026-08-20T23:30:55.661+0000] {dag.py:3089} INFO - Sync 1 DAGs
[2026-08-20T23:30:55.735+0000] {processor.py:183} INFO - Processing /opt/airflow/dags/youtube_pipeline.py took 0.542 seconds
[2026-08-20T23:31:26.263+0000] {processor.py:161} INFO - Started process (PID=51493) to work on /opt/airflow/dags/youtube_pipeline.py
[2026-08-20T23:31:26.270+0000] {processor.py:830} INFO - Processing file /opt/airflow/dags/youtube_pipeline.py for tasks to queue
[2026-08-20T23:31:26.276+0000] {logging_mixin.py:188} INFO - [2026-08-20T23:31:26.275+0000] {dagbag.py:545} INFO - Filling up the DagBag from /opt/airflow/dags/youtube_pipeline.py
[2026-08-20T23:31:26.453+0000] {processor.py:840} INFO - DAG(s) 'youtube_english_video_pipeline' retrieved from /opt/airflow/dags/youtube_pipeline.py
[2026-08-20T23:31:26.513+0000] {logging_mixin.py:188} INFO - [2026-08-20T23:31:26.513+0000] {dag.py:3089} INFO - Sync 1 DAGs
[2026-08-20T23:31:26.583+0000] {processor.py:183} INFO - Processing /opt/airflow/dags/youtube_pipeline.py took 0.333 seconds
[2026-08-20T23:31:56.897+0000] {processor.py:161} INFO - Started process (PID=51498) to work on /opt/airflow/dags/youtube_pipeline.py
[2026-08-20T23:31:56.898+0000] {processor.py:830} INFO - Processing file /opt/airflow/dags/youtube_pipeline.py for tasks to queue
[2026-08-20T23:31:56.900+0000] {logging_mixin.py:188} INFO - [2026-08-20T23:31:56.899+0000] {dagbag.py:545} INFO - Filling up the DagBag from /opt/airflow/dags/youtube_pipeline.py
[2026-08-20T23:31:56.948+0000] {processor.py:840} INFO - DAG(s) 'youtube_english_video_pipeline' retrieved from /opt/airflow/dags/youtube_pipeline.py
[2026-08-20T23:31:56.985+0000] {logging_mixin.py:188} INFO - [2026-08-20T23:31:56.985+0000] {dag.py:3089} INFO - Sync 1 DAGs
[2026-08-20T23:31:57.023+0000] {processor.py:183} INFO - Processing /opt/airflow/dags/youtube_pipeline.py took 0.134 seconds
[2026-08-20T23:32:27.349+0000] {processor.py:161} INFO - Started process (PID=51503) to work on /opt/airflow/dags/youtube_pipeline.py
[2026-08-20T23:32:27.350+0000] {processor.py:830} INFO - Processing file /opt/airflow/dags/youtube_pipeline.py for tasks to queue
[2026-08-20T23:32:27.354+0000] {logging_mixin.py:188} INFO - [2026-08-20T23:32:27.353+0000] {dagbag.py:545} INFO - Filling up the DagBag from /opt/airflow/dags/youtube_pipeline.py
[2026-08-20T23:32:27.396+0000] {processor.py:840} INFO - DAG(s) 'youtube_english_video_pipeline' retrieved from /opt/airflow/dags/youtube_pipeline.py
[2026-08-20T23:32:27.442+0000] {logging_mixin.py:188} INFO - [2026-08-20T23:32:27.442+0000] {dag.py:3089} INFO - Sync 1 DAGs
[2026-08-20T23:32:27.483+0000] {processor.py:183} INFO - Processing /opt/airflow/dags/youtube_pipeline.py took 0.141 seconds
[2026-08-20T23:32:57.635+0000] {processor.py:161} INFO - Started process (PID=51508) to work on /opt/airflow/dags/youtube_pipeline.py
[2026-08-20T23:32:57.636+0000] {processor.py:830} INFO - Processing file /opt/airflow/dags/youtube_pipeline.py for tasks to queue
[2026-08-20T23:32:57.638+0000] {logging_mixin.py:188} INFO - [2026-08-20T23:32:57.637+0000] {dagbag.py:545} INFO - Filling up the DagBag from /opt/airflow/dags/youtube_pipeline.py
[2026-08-20T23:32:57.683+0000] {processor.py:840} INFO - DAG(s) 'youtube_english_video_pipeline' retrieved from /opt/airflow/dags/youtube_pipeline.py
[2026-08-20T23:32:57.744+0000] {logging_mixin.py:188} INFO - [2026-08-20T23:32:57.744+0000] {dag.py:3089} INFO - Sync 1 DAGs
[2026-08-20T23:32:57.780+0000] {processor.py:183} INFO - Processing /opt/airflow/dags/youtube_pipeline.py took 0.154 seconds
[2026-08-20T23:33:28.028+0000] {processor.py:161} INFO - Started process (PID=51513) to work on /opt/airflow/dags/youtube_pipeline.py
[2026-08-20T23:33:28.030+0000] {processor.py:830} INFO - Processing file /opt/airflow/dags/youtube_pipeline.py for tasks to queue
[2026-08-20T23:33:28.032+0000] {logging_mixin.py:188} INFO - [2026-08-20T23:33:28.032+0000] {dagbag.py:545} INFO - Filling up the DagBag from /opt/airflow/dags/youtube_pipeline.py
[2026-08-20T23:33:28.080+0000] {processor.py:840} INFO - DAG(s) 'youtube_english_video_pipeline' retrieved from /opt/airflow/dags/youtube_pipeline.py
[2026-08-20T23:33:28.125+0000] {logging_mixin.py:188} INFO - [2026-08-20T23:33:28.124+0000] {dag.py:3089} INFO - Sync 1 DAGs
[2026-08-20T23:33:28.169+0000] {processor.py:183} INFO - Processing /opt/airflow/dags/youtube_pipeline.py took 0.148 seconds
[2026-08-20T23:33:58.322+0000] {processor.py:161} INFO - Started process (PID=51518) to work on /opt/airflow/dags/youtube_pipeline.py
[2026-08-20T23:33:58.323+0000] {processor.py:830} INFO - Processing file /opt/airflow/dags/youtube_pipeline.py for tasks to queue
[2026-08-20T23:33:58.325+0000] {logging_mixin.py:188} INFO - [2026-08-20T23:33:58.325+0000] {dagbag.py:545} INFO - Filling up the DagBag from /opt/airflow/dags/youtube_pipeline.py
[2026-08-20T23:33:58.409+0000] {processor.py:840} INFO - DAG(s) 'youtube_english_video_pipeline' retrieved from /opt/airflow/dags/youtube_pipeline.py
[2026-08-20T23:33:58.452+0000] {logging_mixin.py:188} INFO - [2026-08-20T23:33:58.452+0000] {dag.py:3089} INFO - Sync 1 DAGs
[2026-08-20T23:33:58.498+0000] {processor.py:183} INFO - Processing /opt/airflow/dags/youtube_pipeline.py took 0.185 seconds
[2026-08-20T23:34:28.626+0000] {processor.py:161} INFO - Started process (PID=51523) to work on /opt/airflow/dags/youtube_pipeline.py
[2026-08-20T23:34:28.627+0000] {processor.py:830} INFO - Processing file /opt/airflow/dags/youtube_pipeline.py for tasks to queue
[2026-08-20T23:34:28.628+0000] {logging_mixin.py:188} INFO - [2026-08-20T23:34:28.628+0000] {dagbag.py:545} INFO - Filling up the DagBag from /opt/airflow/dags/youtube_pipeline.py
[2026-08-20T23:34:28.659+0000] {processor.py:840} INFO - DAG(s) 'youtube_english_video_pipeline' retrieved from /opt/airflow/dags/youtube_pipeline.py
[2026-08-20T23:34:28.701+0000] {logging_mixin.py:188} INFO - [2026-08-20T23:34:28.701+0000] {dag.py:3089} INFO - Sync 1 DAGs
[2026-08-20T23:34:28.735+0000] {processor.py:183} INFO - Processing /opt/airflow/dags/youtube_pipeline.py took 0.115 seconds
[2026-08-20T23:34:59.089+0000] {processor.py:161} INFO - Started process (PID=51528) to work on /opt/airflow/dags/youtube_pipeline.py
[2026-08-20T23:34:59.091+0000] {processor.py:830} INFO - Processing file /opt/airflow/dags/youtube_pipeline.py for tasks to queue
[2026-08-20T23:34:59.093+0000] {logging_mixin.py:188} INFO - [2026-08-20T23:34:59.093+0000] {dagbag.py:545} INFO - Filling up the DagBag from /opt/airflow/dags/youtube_pipeline.py
[2026-08-20T23:34:59.141+0000] {processor.py:840} INFO - DAG(s) 'youtube_english_video_pipeline' retrieved from /opt/airflow/dags/youtube_pipeline.py
[2026-08-20T23:34:59.178+0000] {logging_mixin.py:188} INFO - [2026-08-20T23:34:59.178+0000] {dag.py:3089} INFO - Sync 1 DAGs
[2026-08-20T23:34:59.213+0000] {processor.py:183} INFO - Processing /opt/airflow/dags/youtube_pipeline.py took 0.132 seconds
[2026-08-20T23:35:29.357+0000] {processor.py:161} INFO - Started process (PID=51533) to work on /opt/airflow/dags/youtube_pipeline.py
[2026-08-20T23:35:29.359+0000] {processor.py:830} INFO - Processing file /opt/airflow/dags/youtube_pipeline.py for tasks to queue
[2026-08-20T23:35:29.360+0000] {logging_mixin.py:188} INFO - [2026-08-20T23:35:29.360+0000] {dagbag.py:545} INFO - Filling up the DagBag from /opt/airflow/dags/youtube_pipeline.py
[2026-08-20T23:35:29.396+0000] {processor.py:840} INFO - DAG(s) 'youtube_english_video_pipeline' retrieved from /opt/airflow/dags/youtube_pipeline.py
[2026-08-20T23:35:29.426+0000] {logging_mixin.py:188} INFO - [2026-08-20T23:35:29.426+0000] {dag.py:3089} INFO - Sync 1 DAGs
[2026-08-20T23:35:29.453+0000] {processor.py:183} INFO - Processing /opt/airflow/dags/youtube_pipeline.py took 0.104 seconds
[2026-08-20T23:35:59.830+0000] {processor.py:161} INFO - Started process (PID=51538) to work on /opt/airflow/dags/youtube_pipeline.py
[2026-08-20T23:35:59.831+0000] {processor.py:830} INFO - Processing file /opt/airflow/dags/youtube_pipeline.py for tasks to queue
[2026-08-20T23:35:59.833+0000] {logging_mixin.py:188} INFO - [2026-08-20T23:35:59.833+0000] {dagbag.py:545} INFO - Filling up the DagBag from /opt/airflow/dags/youtube_pipeline.py
[2026-08-20T23:35:59.892+0000] {processor.py:840} INFO - DAG(s) 'youtube_english_video_pipeline' retrieved from /opt/airflow/dags/youtube_pipeline.py
[2026-08-20T23:35:59.932+0000] {logging_mixin.py:188} INFO - [2026-08-20T23:35:59.932+0000] {dag.py:3089} INFO - Sync 1 DAGs
[2026-08-20T23:35:59.972+0000] {processor.py:183} INFO - Processing /opt/airflow/dags/youtube_pipeline.py took 0.149 seconds
[2026-08-20T23:36:30.540+0000] {processor.py:161} INFO - Started process (PID=51543) to work on /opt/airflow/dags/youtube_pipeline.py
[2026-08-20T23:36:30.545+0000] {processor.py:830} INFO - Processing file /opt/airflow/dags/youtube_pipeline.py for tasks to queue
[2026-08-20T23:36:30.571+0000] {logging_mixin.py:188} INFO - [2026-08-20T23:36:30.567+0000] {dagbag.py:545} INFO - Filling up the DagBag from /opt/airflow/dags/youtube_pipeline.py
[2026-08-20T23:36:30.718+0000] {processor.py:840} INFO - DAG(s) 'youtube_english_video_pipeline' retrieved from /opt/airflow/dags/youtube_pipeline.py
[2026-08-20T23:36:30.934+0000] {logging_mixin.py:188} INFO - [2026-08-20T23:36:30.934+0000] {dag.py:3089} INFO - Sync 1 DAGs
[2026-08-20T23:36:31.106+0000] {processor.py:183} INFO - Processing /opt/airflow/dags/youtube_pipeline.py took 0.673 seconds
[2026-08-20T23:37:01.335+0000] {processor.py:161} INFO - Started process (PID=51548) to work on /opt/airflow/dags/youtube_pipeline.py
[2026-08-20T23:37:01.337+0000] {processor.py:830} INFO - Processing file /opt/airflow/dags/youtube_pipeline.py for tasks to queue
[2026-08-20T23:37:01.342+0000] {logging_mixin.py:188} INFO - [2026-08-20T23:37:01.342+0000] {dagbag.py:545} INFO - Filling up the DagBag from /opt/airflow/dags/youtube_pipeline.py
[2026-08-20T23:37:01.423+0000] {processor.py:840} INFO - DAG(s) 'youtube_english_video_pipeline' retrieved from /opt/airflow/dags/youtube_pipeline.py
[2026-08-20T23:37:01.504+0000] {logging_mixin.py:188} INFO - [2026-08-20T23:37:01.503+0000] {dag.py:3089} INFO - Sync 1 DAGs
[2026-08-20T23:37:01.565+0000] {processor.py:183} INFO - Processing /opt/airflow/dags/youtube_pipeline.py took 0.245 seconds
[2026-08-20T23:37:31.658+0000] {processor.py:161} INFO - Started process (PID=51553) to work on /opt/airflow/dags/youtube_pipeline.py
[2026-08-20T23:37:31.660+0000] {processor.py:830} INFO - Processing file /opt/airflow/dags/youtube_pipeline.py for tasks to queue
[2026-08-20T23:37:31.663+0000] {logging_mixin.py:188} INFO - [2026-08-20T23:37:31.663+0000] {dagbag.py:545} INFO - Filling up the DagBag from /opt/airflow/dags/youtube_pipeline.py
[2026-08-20T23:37:31.720+0000] {processor.py:840} INFO - DAG(s) 'youtube_english_video_pipeline' retrieved from /opt/airflow/dags/youtube_pipeline.py
[2026-08-20T23:37:31.756+0000] {logging_mixin.py:188} INFO - [2026-08-20T23:37:31.756+0000] {dag.py:3089} INFO - Sync 1 DAGs
[2026-08-20T23:37:31.798+0000] {processor.py:183} INFO - Processing /opt/airflow/dags/youtube_pipeline.py took 0.148 seconds
[2026-08-20T23:38:02.011+0000] {processor.py:161} INFO - Started process (PID=51558) to work on /opt/airflow/dags/youtube_pipeline.py
[2026-08-20T23:38:02.012+0000] {processor.py:830} INFO - Processing file /opt/airflow/dags/youtube_pipeline.py for tasks to queue
[2026-08-20T23:38:02.014+0000] {logging_mixin.py:188} INFO - [2026-08-20T23:38:02.014+0000] {dagbag.py:545} INFO - Filling up the DagBag from /opt/airflow/dags/youtube_pipeline.py
[2026-08-20T23:38:02.056+0000] {processor.py:840} INFO - DAG(s) 'youtube_english_video_pipeline' retrieved from /opt/airflow/dags/youtube_pipeline.py
[2026-08-20T23:38:02.097+0000] {logging_mixin.py:188} INFO - [2026-08-20T23:38:02.097+0000] {dag.py:3089} INFO - Sync 1 DAGs
[2026-08-20T23:38:02.136+0000] {processor.py:183} INFO - Processing /opt/airflow/dags/youtube_pipeline.py took 0.131 seconds
[2026-08-20T23:38:32.297+0000] {processor.py:161} INFO - Started process (PID=51563) to work on /opt/airflow/dags/youtube_pipeline.py
[2026-08-20T23:38:32.298+0000] {processor.py:830} INFO - Processing file /opt/airflow/dags/youtube_pipeline.py for tasks to queue
[2026-08-20T23:38:32.299+0000] {logging_mixin.py:188} INFO - [2026-08-20T23:38:32.299+0000] {dagbag.py:545} INFO - Filling up the DagBag from /opt/airflow/dags/youtube_pipeline.py
[2026-08-20T23:38:32.325+0000] {processor.py:840} INFO - DAG(s) 'youtube_english_video_pipeline' retrieved from /opt/airflow/dags/youtube_pipeline.py
[2026-08-20T23:38:32.369+0000] {logging_mixin.py:188} INFO - [2026-08-20T23:38:32.369+0000] {dag.py:3089} INFO - Sync 1 DAGs
[2026-08-20T23:38:32.402+0000] {processor.py:183} INFO - Processing /opt/airflow/dags/youtube_pipeline.py took 0.111 seconds
[2026-08-20T23:39:02.650+0000] {processor.py:161} INFO - Started process (PID=51568) to work on /opt/airflow/dags/youtube_pipeline.py
[2026-08-20T23:39:02.651+0000] {processor.py:830} INFO - Processing file /opt/airflow/dags/youtube_pipeline.py for tasks to queue
[2026-08-20T23:39:02.653+0000] {logging_mixin.py:188} INFO - [2026-08-20T23:39:02.652+0000] {dagbag.py:545} INFO - Filling up the DagBag from /opt/airflow/dags/youtube_pipeline.py
[2026-08-20T23:39:02.674+0000] {processor.py:840} INFO - DAG(s) 'youtube_english_video_pipeline' retrieved from /opt/airflow/dags/youtube_pipeline.py
[2026-08-20T23:39:02.716+0000] {logging_mixin.py:188} INFO - [2026-08-20T23:39:02.716+0000] {dag.py:3089} INFO - Sync 1 DAGs
[2026-08-20T23:39:02.751+0000] {processor.py:183} INFO - Processing /opt/airflow/dags/youtube_pipeline.py took 0.107 seconds
[2026-08-20T23:39:32.927+0000] {processor.py:161} INFO - Started process (PID=51573) to work on /opt/airflow/dags/youtube_pipeline.py
[2026-08-20T23:39:32.928+0000] {processor.py:830} INFO - Processing file /opt/airflow/dags/youtube_pipeline.py for tasks to queue
[2026-08-20T23:39:32.930+0000] {logging_mixin.py:188} INFO - [2026-08-20T23:39:32.930+0000] {dagbag.py:545} INFO - Filling up the DagBag from /opt/airflow/dags/youtube_pipeline.py
[2026-08-20T23:39:32.979+0000] {processor.py:840} INFO - DAG(s) 'youtube_english_video_pipeline' retrieved from /opt/airflow/dags/youtube_pipeline.py
[2026-08-20T23:39:33.016+0000] {logging_mixin.py:188} INFO - [2026-08-20T23:39:33.016+0000] {dag.py:3089} INFO - Sync 1 DAGs
[2026-08-20T23:39:33.049+0000] {processor.py:183} INFO - Processing /opt/airflow/dags/youtube_pipeline.py took 0.129 seconds
[2026-08-20T23:40:03.596+0000] {processor.py:161} INFO - Started process (PID=51578) to work on /opt/airflow/dags/youtube_pipeline.py
[2026-08-20T23:40:03.597+0000] {processor.py:830} INFO - Processing file /opt/airflow/dags/youtube_pipeline.py for tasks to queue
[2026-08-20T23:40:03.600+0000] {logging_mixin.py:188} INFO - [2026-08-20T23:40:03.600+0000] {dagbag.py:545} INFO - Filling up the DagBag from /opt/airflow/dags/youtube_pipeline.py
[2026-08-20T23:40:03.651+0000] {processor.py:840} INFO - DAG(s) 'youtube_english_video_pipeline' retrieved from /opt/airflow/dags/youtube_pipeline.py
[2026-08-20T23:40:03.704+0000] {logging_mixin.py:188} INFO - [2026-08-20T23:40:03.704+0000] {dag.py:3089} INFO - Sync 1 DAGs
[2026-08-20T23:40:03.745+0000] {processor.py:183} INFO - Processing /opt/airflow/dags/youtube_pipeline.py took 0.162 seconds
[2026-08-20T23:40:33.995+0000] {processor.py:161} INFO - Started process (PID=51583) to work on /opt/airflow/dags/youtube_pipeline.py
[2026-08-20T23:40:33.997+0000] {processor.py:830} INFO - Processing file /opt/airflow/dags/youtube_pipeline.py for tasks to queue
[2026-08-20T23:40:34.000+0000] {logging_mixin.py:188} INFO - [2026-08-20T23:40:34.000+0000] {dagbag.py:545} INFO - Filling up the DagBag from /opt/airflow/dags/youtube_pipeline.py
[2026-08-20T23:40:34.035+0000] {processor.py:840} INFO - DAG(s) 'youtube_english_video_pipeline' retrieved from /opt/airflow/dags/youtube_pipeline.py
[2026-08-20T23:40:34.069+0000] {logging_mixin.py:188} INFO - [2026-08-20T23:40:34.068+0000] {dag.py:3089} INFO - Sync 1 DAGs
[2026-08-20T23:40:34.098+0000] {processor.py:183} INFO - Processing /opt/airflow/dags/youtube_pipeline.py took 0.109 seconds
[2026-08-20T23:41:04.238+0000] {processor.py:161} INFO - Started process (PID=51588) to work on /opt/airflow/dags/youtube_pipeline.py
[2026-08-20T23:41:04.239+0000] {processor.py:830} INFO - Processing file /opt/airflow/dags/youtube_pipeline.py for tasks to queue
[2026-08-20T23:41:04.241+0000] {logging_mixin.py:188} INFO - [2026-08-20T23:41:04.240+0000] {dagbag.py:545} INFO - Filling up the DagBag from /opt/airflow/dags/youtube_pipeline.py
[2026-08-20T23:41:04.263+0000] {processor.py:840} INFO - DAG(s) 'youtube_english_video_pipeline' retrieved from /opt/airflow/dags/youtube_pipeline.py
[2026-08-20T23:41:04.296+0000] {logging_mixin.py:188} INFO - [2026-08-20T23:41:04.296+0000] {dag.py:3089} INFO - Sync 1 DAGs
[2026-08-20T23:41:04.326+0000] {processor.py:183} INFO - Processing /opt/airflow/dags/youtube_pipeline.py took 0.094 seconds
[2026-08-20T23:41:34.625+0000] {processor.py:161} INFO - Started process (PID=51593) to work on /opt/airflow/dags/youtube_pipeline.py
[2026-08-20T23:41:34.626+0000] {processor.py:830} INFO - Processing file /opt/airflow/dags/youtube_pipeline.py for tasks to queue
[2026-08-20T23:41:34.627+0000] {logging_mixin.py:188} INFO - [2026-08-20T23:41:34.627+0000] {dagbag.py:545} INFO - Filling up the DagBag from /opt/airflow/dags/youtube_pipeline.py
[2026-08-20T23:41:34.647+0000] {processor.py:840} INFO - DAG(s) 'youtube_english_video_pipeline' retrieved from /opt/airflow/dags/youtube_pipeline.py
[2026-08-20T23:41:34.676+0000] {logging_mixin.py:188} INFO - [2026-08-20T23:41:34.676+0000] {dag.py:3089} INFO - Sync 1 DAGs
[2026-08-20T23:41:34.712+0000] {processor.py:183} INFO - Processing /opt/airflow/dags/youtube_pipeline.py took 0.091 seconds
[2026-08-20T23:42:04.907+0000] {processor.py:161} INFO - Started process (PID=51598) to work on /opt/airflow/dags/youtube_pipeline.py
[2026-08-20T23:42:04.908+0000] {processor.py:830} INFO - Processing file /opt/airflow/dags/youtube_pipeline.py for tasks to queue
[2026-08-20T23:42:04.909+0000] {logging_mixin.py:188} INFO - [2026-08-20T23:42:04.909+0000] {dagbag.py:545} INFO - Filling up the DagBag from /opt/airflow/dags/youtube_pipeline.py
[2026-08-20T23:42:04.929+0000] {processor.py:840} INFO - DAG(s) 'youtube_english_video_pipeline' retrieved from /opt/airflow/dags/youtube_pipeline.py
[2026-08-20T23:42:04.962+0000] {logging_mixin.py:188} INFO - [2026-08-20T23:42:04.961+0000] {dag.py:3089} INFO - Sync 1 DAGs
[2026-08-20T23:42:04.998+0000] {processor.py:183} INFO - Processing /opt/airflow/dags/youtube_pipeline.py took 0.097 seconds
[2026-08-20T23:42:35.193+0000] {processor.py:161} INFO - Started process (PID=51603) to work on /opt/airflow/dags/youtube_pipeline.py
[2026-08-20T23:42:35.194+0000] {processor.py:830} INFO - Processing file /opt/airflow/dags/youtube_pipeline.py for tasks to queue
[2026-08-20T23:42:35.195+0000] {logging_mixin.py:188} INFO - [2026-08-20T23:42:35.195+0000] {dagbag.py:545} INFO - Filling up the DagBag from /opt/airflow/dags/youtube_pipeline.py
[2026-08-20T23:42:35.219+0000] {processor.py:840} INFO - DAG(s) 'youtube_english_video_pipeline' retrieved from /opt/airflow/dags/youtube_pipeline.py
[2026-08-20T23:42:35.248+0000] {logging_mixin.py:188} INFO - [2026-08-20T23:42:35.248+0000] {dag.py:3089} INFO - Sync 1 DAGs
[2026-08-20T23:42:35.274+0000] {processor.py:183} INFO - Processing /opt/airflow/dags/youtube_pipeline.py took 0.086 seconds
[2026-08-20T23:43:05.477+0000] {processor.py:161} INFO - Started process (PID=51608) to work on /opt/airflow/dags/youtube_pipeline.py
[2026-08-20T23:43:05.479+0000] {processor.py:830} INFO - Processing file /opt/airflow/dags/youtube_pipeline.py for tasks to queue
[2026-08-20T23:43:05.481+0000] {logging_mixin.py:188} INFO - [2026-08-20T23:43:05.480+0000] {dagbag.py:545} INFO - Filling up the DagBag from /opt/airflow/dags/youtube_pipeline.py
[2026-08-20T23:43:05.524+0000] {processor.py:840} INFO - DAG(s) 'youtube_english_video_pipeline' retrieved from /opt/airflow/dags/youtube_pipeline.py
[2026-08-20T23:43:05.558+0000] {logging_mixin.py:188} INFO - [2026-08-20T23:43:05.558+0000] {dag.py:3089} INFO - Sync 1 DAGs
[2026-08-20T23:43:05.598+0000] {processor.py:183} INFO - Processing /opt/airflow/dags/youtube_pipeline.py took 0.126 seconds
[2026-08-20T23:43:35.747+0000] {processor.py:161} INFO - Started process (PID=51613) to work on /opt/airflow/dags/youtube_pipeline.py
[2026-08-20T23:43:35.748+0000] {processor.py:830} INFO - Processing file /opt/airflow/dags/youtube_pipeline.py for tasks to queue
[2026-08-20T23:43:35.751+0000] {logging_mixin.py:188} INFO - [2026-08-20T23:43:35.750+0000] {dagbag.py:545} INFO - Filling up the DagBag from /opt/airflow/dags/youtube_pipeline.py
[2026-08-20T23:43:35.793+0000] {processor.py:840} INFO - DAG(s) 'youtube_english_video_pipeline' retrieved from /opt/airflow/dags/youtube_pipeline.py
[2026-08-20T23:43:35.848+0000] {logging_mixin.py:188} INFO - [2026-08-20T23:43:35.847+0000] {dag.py:3089} INFO - Sync 1 DAGs
[2026-08-20T23:43:35.891+0000] {processor.py:183} INFO - Processing /opt/airflow/dags/youtube_pipeline.py took 0.152 seconds
[2026-08-20T23:44:06.144+0000] {processor.py:161} INFO - Started process (PID=51618) to work on /opt/airflow/dags/youtube_pipeline.py
[2026-08-20T23:44:06.146+0000] {processor.py:830} INFO - Processing file /opt/airflow/dags/youtube_pipeline.py for tasks to queue
[2026-08-20T23:44:06.148+0000] {logging_mixin.py:188} INFO - [2026-08-20T23:44:06.148+0000] {dagbag.py:545} INFO - Filling up the DagBag from /opt/airflow/dags/youtube_pipeline.py
[2026-08-20T23:44:06.193+0000] {processor.py:840} INFO - DAG(s) 'youtube_english_video_pipeline' retrieved from /opt/airflow/dags/youtube_pipeline.py
[2026-08-20T23:44:06.230+0000] {logging_mixin.py:188} INFO - [2026-08-20T23:44:06.230+0000] {dag.py:3089} INFO - Sync 1 DAGs
[2026-08-20T23:44:06.276+0000] {processor.py:183} INFO - Processing /opt/airflow/dags/youtube_pipeline.py took 0.137 seconds
[2026-08-20T23:44:36.414+0000] {processor.py:161} INFO - Started process (PID=51623) to work on /opt/airflow/dags/youtube_pipeline.py
[2026-08-20T23:44:36.416+0000] {processor.py:830} INFO - Processing file /opt/airflow/dags/youtube_pipeline.py for tasks to queue
[2026-08-20T23:44:36.417+0000] {logging_mixin.py:188} INFO - [2026-08-20T23:44:36.417+0000] {dagbag.py:545} INFO - Filling up the DagBag from /opt/airflow/dags/youtube_pipeline.py
[2026-08-20T23:44:36.455+0000] {processor.py:840} INFO - DAG(s) 'youtube_english_video_pipeline' retrieved from /opt/airflow/dags/youtube_pipeline.py
[2026-08-20T23:44:36.499+0000] {logging_mixin.py:188} INFO - [2026-08-20T23:44:36.498+0000] {dag.py:3089} INFO - Sync 1 DAGs
[2026-08-20T23:44:36.528+0000] {processor.py:183} INFO - Processing /opt/airflow/dags/youtube_pipeline.py took 0.121 seconds
[2026-08-20T23:45:06.773+0000] {processor.py:161} INFO - Started process (PID=51628) to work on /opt/airflow/dags/youtube_pipeline.py
[2026-08-20T23:45:06.774+0000] {processor.py:830} INFO - Processing file /opt/airflow/dags/youtube_pipeline.py for tasks to queue
[2026-08-20T23:45:06.776+0000] {logging_mixin.py:188} INFO - [2026-08-20T23:45:06.776+0000] {dagbag.py:545} INFO - Filling up the DagBag from /opt/airflow/dags/youtube_pipeline.py
[2026-08-20T23:45:06.820+0000] {processor.py:840} INFO - DAG(s) 'youtube_english_video_pipeline' retrieved from /opt/airflow/dags/youtube_pipeline.py
[2026-08-20T23:45:06.856+0000] {logging_mixin.py:188} INFO - [2026-08-20T23:45:06.856+0000] {dag.py:3089} INFO - Sync 1 DAGs
[2026-08-20T23:45:06.887+0000] {processor.py:183} INFO - Processing /opt/airflow/dags/youtube_pipeline.py took 0.119 seconds
[2026-08-20T23:45:36.993+0000] {processor.py:161} INFO - Started process (PID=51633) to work on /opt/airflow/dags/youtube_pipeline.py
[2026-08-20T23:45:36.994+0000] {processor.py:830} INFO - Processing file /opt/airflow/dags/youtube_pipeline.py for tasks to queue
[2026-08-20T23:45:36.996+0000] {logging_mixin.py:188} INFO - [2026-08-20T23:45:36.996+0000] {dagbag.py:545} INFO - Filling up the DagBag from /opt/airflow/dags/youtube_pipeline.py
[2026-08-20T23:45:37.021+0000] {processor.py:840} INFO - DAG(s) 'youtube_english_video_pipeline' retrieved from /opt/airflow/dags/youtube_pipeline.py
[2026-08-20T23:45:37.058+0000] {logging_mixin.py:188} INFO - [2026-08-20T23:45:37.058+0000] {dag.py:3089} INFO - Sync 1 DAGs
[2026-08-20T23:45:37.094+0000] {processor.py:183} INFO - Processing /opt/airflow/dags/youtube_pipeline.py took 0.107 seconds
[2026-08-20T23:46:07.311+0000] {processor.py:161} INFO - Started process (PID=51638) to work on /opt/airflow/dags/youtube_pipeline.py
[2026-08-20T23:46:07.312+0000] {processor.py:830} INFO - Processing file /opt/airflow/dags/youtube_pipeline.py for tasks to queue
[2026-08-20T23:46:07.313+0000] {logging_mixin.py:188} INFO - [2026-08-20T23:46:07.313+0000] {dagbag.py:545} INFO - Filling up the DagBag from /opt/airflow/dags/youtube_pipeline.py
[2026-08-20T23:46:07.362+0000] {processor.py:840} INFO - DAG(s) 'youtube_english_video_pipeline' retrieved from /opt/airflow/dags/youtube_pipeline.py
[2026-08-20T23:46:07.393+0000] {logging_mixin.py:188} INFO - [2026-08-20T23:46:07.393+0000] {dag.py:3089} INFO - Sync 1 DAGs
[2026-08-20T23:46:07.420+0000] {processor.py:183} INFO - Processing /opt/airflow/dags/youtube_pipeline.py took 0.114 seconds
[2026-08-20T23:46:37.579+0000] {processor.py:161} INFO - Started process (PID=51643) to work on /opt/airflow/dags/youtube_pipeline.py
[2026-08-20T23:46:37.580+0000] {processor.py:830} INFO - Processing file /opt/airflow/dags/youtube_pipeline.py for tasks to queue
[2026-08-20T23:46:37.582+0000] {logging_mixin.py:188} INFO - [2026-08-20T23:46:37.582+0000] {dagbag.py:545} INFO - Filling up the DagBag from /opt/airflow/dags/youtube_pipeline.py
[2026-08-20T23:46:37.619+0000] {processor.py:840} INFO - DAG(s) 'youtube_english_video_pipeline' retrieved from /opt/airflow/dags/youtube_pipeline.py
[2026-08-20T23:46:37.648+0000] {logging_mixin.py:188} INFO - [2026-08-20T23:46:37.648+0000] {dag.py:3089} INFO - Sync 1 DAGs
[2026-08-20T23:46:37.675+0000] {processor.py:183} INFO - Processing /opt/airflow/dags/youtube_pipeline.py took 0.103 seconds
[2026-08-20T23:47:07.877+0000] {processor.py:161} INFO - Started process (PID=51648) to work on /opt/airflow/dags/youtube_pipeline.py
[2026-08-20T23:47:07.878+0000] {processor.py:830} INFO - Processing file /opt/airflow/dags/youtube_pipeline.py for tasks to queue
[2026-08-20T23:47:07.879+0000] {logging_mixin.py:188} INFO - [2026-08-20T23:47:07.879+0000] {dagbag.py:545} INFO - Filling up the DagBag from /opt/airflow/dags/youtube_pipeline.py
[2026-08-20T23:47:07.900+0000] {processor.py:840} INFO - DAG(s) 'youtube_english_video_pipeline' retrieved from /opt/airflow/dags/youtube_pipeline.py
[2026-08-20T23:47:07.929+0000] {logging_mixin.py:188} INFO - [2026-08-20T23:47:07.929+0000] {dag.py:3089} INFO - Sync 1 DAGs
[2026-08-20T23:47:07.956+0000] {processor.py:183} INFO - Processing /opt/airflow/dags/youtube_pipeline.py took 0.085 seconds
[2026-08-20T23:47:38.161+0000] {processor.py:161} INFO - Started process (PID=51653) to work on /opt/airflow/dags/youtube_pipeline.py
[2026-08-20T23:47:38.162+0000] {processor.py:830} INFO - Processing file /opt/airflow/dags/youtube_pipeline.py for tasks to queue
[2026-08-20T23:47:38.164+0000] {logging_mixin.py:188} INFO - [2026-08-20T23:47:38.163+0000] {dagbag.py:545} INFO - Filling up the DagBag from /opt/airflow/dags/youtube_pipeline.py
[2026-08-20T23:47:38.188+0000] {processor.py:840} INFO - DAG(s) 'youtube_english_video_pipeline' retrieved from /opt/airflow/dags/youtube_pipeline.py
[2026-08-20T23:47:38.216+0000] {logging_mixin.py:188} INFO - [2026-08-20T23:47:38.216+0000] {dag.py:3089} INFO - Sync 1 DAGs
[2026-08-20T23:47:38.243+0000] {processor.py:183} INFO - Processing /opt/airflow/dags/youtube_pipeline.py took 0.086 seconds
[2026-08-20T23:48:08.400+0000] {processor.py:161} INFO - Started process (PID=51658) to work on /opt/airflow/dags/youtube_pipeline.py
[2026-08-20T23:48:08.403+0000] {processor.py:830} INFO - Processing file /opt/airflow/dags/youtube_pipeline.py for tasks to queue
[2026-08-20T23:48:08.404+0000] {logging_mixin.py:188} INFO - [2026-08-20T23:48:08.404+0000] {dagbag.py:545} INFO - Filling up the DagBag from /opt/airflow/dags/youtube_pipeline.py
[2026-08-20T23:48:08.434+0000] {processor.py:840} INFO - DAG(s) 'youtube_english_video_pipeline' retrieved from /opt/airflow/dags/youtube_pipeline.py
[2026-08-20T23:48:08.475+0000] {logging_mixin.py:188} INFO - [2026-08-20T23:48:08.475+0000] {dag.py:3089} INFO - Sync 1 DAGs
[2026-08-20T23:48:08.507+0000] {processor.py:183} INFO - Processing /opt/airflow/dags/youtube_pipeline.py took 0.112 seconds
[2026-08-20T23:48:38.667+0000] {processor.py:161} INFO - Started process (PID=51663) to work on /opt/airflow/dags/youtube_pipeline.py
[2026-08-20T23:48:38.668+0000] {processor.py:830} INFO - Processing file /opt/airflow/dags/youtube_pipeline.py for tasks to queue
[2026-08-20T23:48:38.670+0000] {logging_mixin.py:188} INFO - [2026-08-20T23:48:38.670+0000] {dagbag.py:545} INFO - Filling up the DagBag from /opt/airflow/dags/youtube_pipeline.py
[2026-08-20T23:48:38.723+0000] {processor.py:840} INFO - DAG(s) 'youtube_english_video_pipeline' retrieved from /opt/airflow/dags/youtube_pipeline.py
[2026-08-20T23:48:38.759+0000] {logging_mixin.py:188} INFO - [2026-08-20T23:48:38.758+0000] {dag.py:3089} INFO - Sync 1 DAGs
[2026-08-20T23:48:38.795+0000] {processor.py:183} INFO - Processing /opt/airflow/dags/youtube_pipeline.py took 0.139 seconds
[2026-08-20T23:49:08.976+0000] {processor.py:161} INFO - Started process (PID=51668) to work on /opt/airflow/dags/youtube_pipeline.py
[2026-08-20T23:49:08.977+0000] {processor.py:830} INFO - Processing file /opt/airflow/dags/youtube_pipeline.py for tasks to queue
[2026-08-20T23:49:08.980+0000] {logging_mixin.py:188} INFO - [2026-08-20T23:49:08.980+0000] {dagbag.py:545} INFO - Filling up the DagBag from /opt/airflow/dags/youtube_pipeline.py
[2026-08-20T23:49:09.021+0000] {processor.py:840} INFO - DAG(s) 'youtube_english_video_pipeline' retrieved from /opt/airflow/dags/youtube_pipeline.py
[2026-08-20T23:49:09.055+0000] {logging_mixin.py:188} INFO - [2026-08-20T23:49:09.055+0000] {dag.py:3089} INFO - Sync 1 DAGs
[2026-08-20T23:49:09.089+0000] {processor.py:183} INFO - Processing /opt/airflow/dags/youtube_pipeline.py took 0.121 seconds
[2026-08-20T23:49:39.273+0000] {processor.py:161} INFO - Started process (PID=51673) to work on /opt/airflow/dags/youtube_pipeline.py
[2026-08-20T23:49:39.274+0000] {processor.py:830} INFO - Processing file /opt/airflow/dags/youtube_pipeline.py for tasks to queue
[2026-08-20T23:49:39.278+0000] {logging_mixin.py:188} INFO - [2026-08-20T23:49:39.277+0000] {dagbag.py:545} INFO - Filling up the DagBag from /opt/airflow/dags/youtube_pipeline.py
[2026-08-20T23:49:39.327+0000] {processor.py:840} INFO - DAG(s) 'youtube_english_video_pipeline' retrieved from /opt/airflow/dags/youtube_pipeline.py
[2026-08-20T23:49:39.359+0000] {logging_mixin.py:188} INFO - [2026-08-20T23:49:39.359+0000] {dag.py:3089} INFO - Sync 1 DAGs
[2026-08-20T23:49:39.392+0000] {processor.py:183} INFO - Processing /opt/airflow/dags/youtube_pipeline.py took 0.128 seconds
[2026-08-20T23:50:09.535+0000] {processor.py:161} INFO - Started process (PID=51678) to work on /opt/airflow/dags/youtube_pipeline.py
[2026-08-20T23:50:09.536+0000] {processor.py:830} INFO - Processing file /opt/airflow/dags/youtube_pipeline.py for tasks to queue
[2026-08-20T23:50:09.537+0000] {logging_mixin.py:188} INFO - [2026-08-20T23:50:09.537+0000] {dagbag.py:545} INFO - Filling up the DagBag from /opt/airflow/dags/youtube_pipeline.py
[2026-08-20T23:50:09.597+0000] {processor.py:840} INFO - DAG(s) 'youtube_english_video_pipeline' retrieved from /opt/airflow/dags/youtube_pipeline.py
[2026-08-20T23:50:09.628+0000] {logging_mixin.py:188} INFO - [2026-08-20T23:50:09.628+0000] {dag.py:3089} INFO - Sync 1 DAGs
[2026-08-20T23:50:09.654+0000] {processor.py:183} INFO - Processing /opt/airflow/dags/youtube_pipeline.py took 0.124 seconds
[2026-08-20T23:50:39.818+0000] {processor.py:161} INFO - Started process (PID=51683) to work on /opt/airflow/dags/youtube_pipeline.py
[2026-08-20T23:50:39.819+0000] {processor.py:830} INFO - Processing file /opt/airflow/dags/youtube_pipeline.py for tasks to queue
[2026-08-20T23:50:39.821+0000] {logging_mixin.py:188} INFO - [2026-08-20T23:50:39.821+0000] {dagbag.py:545} INFO - Filling up the DagBag from /opt/airflow/dags/youtube_pipeline.py
[2026-08-20T23:50:39.859+0000] {processor.py:840} INFO - DAG(s) 'youtube_english_video_pipeline' retrieved from /opt/airflow/dags/youtube_pipeline.py
[2026-08-20T23:50:39.903+0000] {logging_mixin.py:188} INFO - [2026-08-20T23:50:39.903+0000] {dag.py:3089} INFO - Sync 1 DAGs
[2026-08-20T23:50:39.939+0000] {processor.py:183} INFO - Processing /opt/airflow/dags/youtube_pipeline.py took 0.131 seconds
[2026-08-20T23:51:10.219+0000] {processor.py:161} INFO - Started process (PID=51688) to work on /opt/airflow/dags/youtube_pipeline.py
[2026-08-20T23:51:10.220+0000] {processor.py:830} INFO - Processing file /opt/airflow/dags/youtube_pipeline.py for tasks to queue
[2026-08-20T23:51:10.222+0000] {logging_mixin.py:188} INFO - [2026-08-20T23:51:10.221+0000] {dagbag.py:545} INFO - Filling up the DagBag from /opt/airflow/dags/youtube_pipeline.py
[2026-08-20T23:51:10.272+0000] {processor.py:840} INFO - DAG(s) 'youtube_english_video_pipeline' retrieved from /opt/airflow/dags/youtube_pipeline.py
[2026-08-20T23:51:10.307+0000] {logging_mixin.py:188} INFO - [2026-08-20T23:51:10.306+0000] {dag.py:3089} INFO - Sync 1 DAGs
[2026-08-20T23:51:10.336+0000] {processor.py:183} INFO - Processing /opt/airflow/dags/youtube_pipeline.py took 0.122 seconds
[2026-08-20T23:51:40.436+0000] {processor.py:161} INFO - Started process (PID=51693) to work on /opt/airflow/dags/youtube_pipeline.py
[2026-08-20T23:51:40.438+0000] {processor.py:830} INFO - Processing file /opt/airflow/dags/youtube_pipeline.py for tasks to queue
[2026-08-20T23:51:40.441+0000] {logging_mixin.py:188} INFO - [2026-08-20T23:51:40.440+0000] {dagbag.py:545} INFO - Filling up the DagBag from /opt/airflow/dags/youtube_pipeline.py
[2026-08-20T23:51:40.486+0000] {processor.py:840} INFO - DAG(s) 'youtube_english_video_pipeline' retrieved from /opt/airflow/dags/youtube_pipeline.py
[2026-08-20T23:51:40.534+0000] {logging_mixin.py:188} INFO - [2026-08-20T23:51:40.533+0000] {dag.py:3089} INFO - Sync 1 DAGs
[2026-08-20T23:51:40.584+0000] {processor.py:183} INFO - Processing /opt/airflow/dags/youtube_pipeline.py took 0.156 seconds
[2026-08-20T23:52:10.874+0000] {processor.py:161} INFO - Started process (PID=51698) to work on /opt/airflow/dags/youtube_pipeline.py
[2026-08-20T23:52:10.876+0000] {processor.py:830} INFO - Processing file /opt/airflow/dags/youtube_pipeline.py for tasks to queue
[2026-08-20T23:52:10.878+0000] {logging_mixin.py:188} INFO - [2026-08-20T23:52:10.878+0000] {dagbag.py:545} INFO - Filling up the DagBag from /opt/airflow/dags/youtube_pipeline.py
[2026-08-20T23:52:10.920+0000] {processor.py:840} INFO - DAG(s) 'youtube_english_video_pipeline' retrieved from /opt/airflow/dags/youtube_pipeline.py
[2026-08-20T23:52:10.951+0000] {logging_mixin.py:188} INFO - [2026-08-20T23:52:10.950+0000] {dag.py:3089} INFO - Sync 1 DAGs
[2026-08-20T23:52:11.006+0000] {processor.py:183} INFO - Processing /opt/airflow/dags/youtube_pipeline.py took 0.145 seconds
[2026-08-20T23:52:41.309+0000] {processor.py:161} INFO - Started process (PID=51703) to work on /opt/airflow/dags/youtube_pipeline.py
[2026-08-20T23:52:41.313+0000] {processor.py:830} INFO - Processing file /opt/airflow/dags/youtube_pipeline.py for tasks to queue
[2026-08-20T23:52:41.317+0000] {logging_mixin.py:188} INFO - [2026-08-20T23:52:41.317+0000] {dagbag.py:545} INFO - Filling up the DagBag from /opt/airflow/dags/youtube_pipeline.py
[2026-08-20T23:52:41.435+0000] {processor.py:840} INFO - DAG(s) 'youtube_english_video_pipeline' retrieved from /opt/airflow/dags/youtube_pipeline.py
[2026-08-20T23:52:41.477+0000] {logging_mixin.py:188} INFO - [2026-08-20T23:52:41.477+0000] {dag.py:3089} INFO - Sync 1 DAGs
[2026-08-20T23:52:41.532+0000] {processor.py:183} INFO - Processing /opt/airflow/dags/youtube_pipeline.py took 0.234 seconds
[2026-08-20T23:53:12.270+0000] {processor.py:161} INFO - Started process (PID=51708) to work on /opt/airflow/dags/youtube_pipeline.py
[2026-08-20T23:53:12.271+0000] {processor.py:830} INFO - Processing file /opt/airflow/dags/youtube_pipeline.py for tasks to queue
[2026-08-20T23:53:12.272+0000] {logging_mixin.py:188} INFO - [2026-08-20T23:53:12.272+0000] {dagbag.py:545} INFO - Filling up the DagBag from /opt/airflow/dags/youtube_pipeline.py
[2026-08-20T23:53:12.295+0000] {processor.py:840} INFO - DAG(s) 'youtube_english_video_pipeline' retrieved from /opt/airflow/dags/youtube_pipeline.py
[2026-08-20T23:53:12.329+0000] {logging_mixin.py:188} INFO - [2026-08-20T23:53:12.329+0000] {dag.py:3089} INFO - Sync 1 DAGs
[2026-08-20T23:53:12.355+0000] {processor.py:183} INFO - Processing /opt/airflow/dags/youtube_pipeline.py took 0.091 seconds
[2026-08-20T23:53:42.500+0000] {processor.py:161} INFO - Started process (PID=51713) to work on /opt/airflow/dags/youtube_pipeline.py
[2026-08-20T23:53:42.501+0000] {processor.py:830} INFO - Processing file /opt/airflow/dags/youtube_pipeline.py for tasks to queue
[2026-08-20T23:53:42.503+0000] {logging_mixin.py:188} INFO - [2026-08-20T23:53:42.503+0000] {dagbag.py:545} INFO - Filling up the DagBag from /opt/airflow/dags/youtube_pipeline.py
[2026-08-20T23:53:42.528+0000] {processor.py:840} INFO - DAG(s) 'youtube_english_video_pipeline' retrieved from /opt/airflow/dags/youtube_pipeline.py
[2026-08-20T23:53:42.557+0000] {logging_mixin.py:188} INFO - [2026-08-20T23:53:42.557+0000] {dag.py:3089} INFO - Sync 1 DAGs
[2026-08-20T23:53:42.592+0000] {processor.py:183} INFO - Processing /opt/airflow/dags/youtube_pipeline.py took 0.098 seconds
[2026-08-20T23:54:12.961+0000] {processor.py:161} INFO - Started process (PID=51718) to work on /opt/airflow/dags/youtube_pipeline.py
[2026-08-20T23:54:12.964+0000] {processor.py:830} INFO - Processing file /opt/airflow/dags/youtube_pipeline.py for tasks to queue
[2026-08-20T23:54:12.969+0000] {logging_mixin.py:188} INFO - [2026-08-20T23:54:12.969+0000] {dagbag.py:545} INFO - Filling up the DagBag from /opt/airflow/dags/youtube_pipeline.py
[2026-08-20T23:54:13.097+0000] {processor.py:840} INFO - DAG(s) 'youtube_english_video_pipeline' retrieved from /opt/airflow/dags/youtube_pipeline.py
[2026-08-20T23:54:13.129+0000] {logging_mixin.py:188} INFO - [2026-08-20T23:54:13.129+0000] {dag.py:3089} INFO - Sync 1 DAGs
[2026-08-20T23:54:13.163+0000] {processor.py:183} INFO - Processing /opt/airflow/dags/youtube_pipeline.py took 0.217 seconds
[2026-08-20T23:54:43.414+0000] {processor.py:161} INFO - Started process (PID=51723) to work on /opt/airflow/dags/youtube_pipeline.py
[2026-08-20T23:54:43.415+0000] {processor.py:830} INFO - Processing file /opt/airflow/dags/youtube_pipeline.py for tasks to queue
[2026-08-20T23:54:43.417+0000] {logging_mixin.py:188} INFO - [2026-08-20T23:54:43.416+0000] {dagbag.py:545} INFO - Filling up the DagBag from /opt/airflow/dags/youtube_pipeline.py
[2026-08-20T23:54:43.438+0000] {processor.py:840} INFO - DAG(s) 'youtube_english_video_pipeline' retrieved from /opt/airflow/dags/youtube_pipeline.py
[2026-08-20T23:54:43.467+0000] {logging_mixin.py:188} INFO - [2026-08-20T23:54:43.467+0000] {dag.py:3089} INFO - Sync 1 DAGs
[2026-08-20T23:54:43.494+0000] {processor.py:183} INFO - Processing /opt/airflow/dags/youtube_pipeline.py took 0.085 seconds
[2026-08-20T23:55:13.656+0000] {processor.py:161} INFO - Started process (PID=51728) to work on /opt/airflow/dags/youtube_pipeline.py
[2026-08-20T23:55:13.657+0000] {processor.py:830} INFO - Processing file /opt/airflow/dags/youtube_pipeline.py for tasks to queue
[2026-08-20T23:55:13.658+0000] {logging_mixin.py:188} INFO - [2026-08-20T23:55:13.658+0000] {dagbag.py:545} INFO - Filling up the DagBag from /opt/airflow/dags/youtube_pipeline.py
[2026-08-20T23:55:13.698+0000] {processor.py:840} INFO - DAG(s) 'youtube_english_video_pipeline' retrieved from /opt/airflow/dags/youtube_pipeline.py
[2026-08-20T23:55:13.727+0000] {logging_mixin.py:188} INFO - [2026-08-20T23:55:13.727+0000] {dag.py:3089} INFO - Sync 1 DAGs
[2026-08-20T23:55:13.764+0000] {processor.py:183} INFO - Processing /opt/airflow/dags/youtube_pipeline.py took 0.114 seconds
[2026-08-20T23:55:43.958+0000] {processor.py:161} INFO - Started process (PID=51733) to work on /opt/airflow/dags/youtube_pipeline.py
[2026-08-20T23:55:43.959+0000] {processor.py:830} INFO - Processing file /opt/airflow/dags/youtube_pipeline.py for tasks to queue
[2026-08-20T23:55:43.961+0000] {logging_mixin.py:188} INFO - [2026-08-20T23:55:43.961+0000] {dagbag.py:545} INFO - Filling up the DagBag from /opt/airflow/dags/youtube_pipeline.py
[2026-08-20T23:55:44.002+0000] {processor.py:840} INFO - DAG(s) 'youtube_english_video_pipeline' retrieved from /opt/airflow/dags/youtube_pipeline.py
[2026-08-20T23:55:44.033+0000] {logging_mixin.py:188} INFO - [2026-08-20T23:55:44.033+0000] {dag.py:3089} INFO - Sync 1 DAGs
[2026-08-20T23:55:44.066+0000] {processor.py:183} INFO - Processing /opt/airflow/dags/youtube_pipeline.py took 0.116 seconds
[2026-08-20T23:56:14.265+0000] {processor.py:161} INFO - Started process (PID=51738) to work on /opt/airflow/dags/youtube_pipeline.py
[2026-08-20T23:56:14.269+0000] {processor.py:830} INFO - Processing file /opt/airflow/dags/youtube_pipeline.py for tasks to queue
[2026-08-20T23:56:14.273+0000] {logging_mixin.py:188} INFO - [2026-08-20T23:56:14.272+0000] {dagbag.py:545} INFO - Filling up the DagBag from /opt/airflow/dags/youtube_pipeline.py
[2026-08-20T23:56:14.314+0000] {processor.py:840} INFO - DAG(s) 'youtube_english_video_pipeline' retrieved from /opt/airflow/dags/youtube_pipeline.py
[2026-08-20T23:56:14.345+0000] {logging_mixin.py:188} INFO - [2026-08-20T23:56:14.345+0000] {dag.py:3089} INFO - Sync 1 DAGs
[2026-08-20T23:56:14.379+0000] {processor.py:183} INFO - Processing /opt/airflow/dags/youtube_pipeline.py took 0.125 seconds
[2026-08-20T23:56:44.493+0000] {processor.py:161} INFO - Started process (PID=51743) to work on /opt/airflow/dags/youtube_pipeline.py
[2026-08-20T23:56:44.495+0000] {processor.py:830} INFO - Processing file /opt/airflow/dags/youtube_pipeline.py for tasks to queue
[2026-08-20T23:56:44.497+0000] {logging_mixin.py:188} INFO - [2026-08-20T23:56:44.497+0000] {dagbag.py:545} INFO - Filling up the DagBag from /opt/airflow/dags/youtube_pipeline.py
[2026-08-20T23:56:44.537+0000] {processor.py:840} INFO - DAG(s) 'youtube_english_video_pipeline' retrieved from /opt/airflow/dags/youtube_pipeline.py
[2026-08-20T23:56:44.576+0000] {logging_mixin.py:188} INFO - [2026-08-20T23:56:44.575+0000] {dag.py:3089} INFO - Sync 1 DAGs
[2026-08-20T23:56:44.633+0000] {processor.py:183} INFO - Processing /opt/airflow/dags/youtube_pipeline.py took 0.149 seconds
[2026-08-20T23:57:14.844+0000] {processor.py:161} INFO - Started process (PID=51748) to work on /opt/airflow/dags/youtube_pipeline.py
[2026-08-20T23:57:14.845+0000] {processor.py:830} INFO - Processing file /opt/airflow/dags/youtube_pipeline.py for tasks to queue
[2026-08-20T23:57:14.846+0000] {logging_mixin.py:188} INFO - [2026-08-20T23:57:14.846+0000] {dagbag.py:545} INFO - Filling up the DagBag from /opt/airflow/dags/youtube_pipeline.py
[2026-08-20T23:57:14.899+0000] {processor.py:840} INFO - DAG(s) 'youtube_english_video_pipeline' retrieved from /opt/airflow/dags/youtube_pipeline.py
[2026-08-20T23:57:14.941+0000] {logging_mixin.py:188} INFO - [2026-08-20T23:57:14.940+0000] {dag.py:3089} INFO - Sync 1 DAGs
[2026-08-20T23:57:14.971+0000] {processor.py:183} INFO - Processing /opt/airflow/dags/youtube_pipeline.py took 0.133 seconds
[2026-08-20T23:57:45.106+0000] {processor.py:161} INFO - Started process (PID=51753) to work on /opt/airflow/dags/youtube_pipeline.py
[2026-08-20T23:57:45.107+0000] {processor.py:830} INFO - Processing file /opt/airflow/dags/youtube_pipeline.py for tasks to queue
[2026-08-20T23:57:45.109+0000] {logging_mixin.py:188} INFO - [2026-08-20T23:57:45.109+0000] {dagbag.py:545} INFO - Filling up the DagBag from /opt/airflow/dags/youtube_pipeline.py
[2026-08-20T23:57:45.134+0000] {processor.py:840} INFO - DAG(s) 'youtube_english_video_pipeline' retrieved from /opt/airflow/dags/youtube_pipeline.py
[2026-08-20T23:57:45.165+0000] {logging_mixin.py:188} INFO - [2026-08-20T23:57:45.164+0000] {dag.py:3089} INFO - Sync 1 DAGs
[2026-08-20T23:57:45.203+0000] {processor.py:183} INFO - Processing /opt/airflow/dags/youtube_pipeline.py took 0.102 seconds
[2026-08-20T23:58:15.307+0000] {processor.py:161} INFO - Started process (PID=51758) to work on /opt/airflow/dags/youtube_pipeline.py
[2026-08-20T23:58:15.308+0000] {processor.py:830} INFO - Processing file /opt/airflow/dags/youtube_pipeline.py for tasks to queue
[2026-08-20T23:58:15.309+0000] {logging_mixin.py:188} INFO - [2026-08-20T23:58:15.309+0000] {dagbag.py:545} INFO - Filling up the DagBag from /opt/airflow/dags/youtube_pipeline.py
[2026-08-20T23:58:15.339+0000] {processor.py:840} INFO - DAG(s) 'youtube_english_video_pipeline' retrieved from /opt/airflow/dags/youtube_pipeline.py
[2026-08-20T23:58:15.373+0000] {logging_mixin.py:188} INFO - [2026-08-20T23:58:15.372+0000] {dag.py:3089} INFO - Sync 1 DAGs
[2026-08-20T23:58:15.405+0000] {processor.py:183} INFO - Processing /opt/airflow/dags/youtube_pipeline.py took 0.103 seconds
[2026-08-20T23:58:45.619+0000] {processor.py:161} INFO - Started process (PID=51763) to work on /opt/airflow/dags/youtube_pipeline.py
[2026-08-20T23:58:45.620+0000] {processor.py:830} INFO - Processing file /opt/airflow/dags/youtube_pipeline.py for tasks to queue
[2026-08-20T23:58:45.621+0000] {logging_mixin.py:188} INFO - [2026-08-20T23:58:45.621+0000] {dagbag.py:545} INFO - Filling up the DagBag from /opt/airflow/dags/youtube_pipeline.py
[2026-08-20T23:58:45.654+0000] {processor.py:840} INFO - DAG(s) 'youtube_english_video_pipeline' retrieved from /opt/airflow/dags/youtube_pipeline.py
[2026-08-20T23:58:45.683+0000] {logging_mixin.py:188} INFO - [2026-08-20T23:58:45.683+0000] {dag.py:3089} INFO - Sync 1 DAGs
[2026-08-20T23:58:45.716+0000] {processor.py:183} INFO - Processing /opt/airflow/dags/youtube_pipeline.py took 0.102 seconds
[2026-08-20T23:59:15.887+0000] {processor.py:161} INFO - Started process (PID=51768) to work on /opt/airflow/dags/youtube_pipeline.py
[2026-08-20T23:59:15.888+0000] {processor.py:830} INFO - Processing file /opt/airflow/dags/youtube_pipeline.py for tasks to queue
[2026-08-20T23:59:15.890+0000] {logging_mixin.py:188} INFO - [2026-08-20T23:59:15.889+0000] {dagbag.py:545} INFO - Filling up the DagBag from /opt/airflow/dags/youtube_pipeline.py
[2026-08-20T23:59:15.918+0000] {processor.py:840} INFO - DAG(s) 'youtube_english_video_pipeline' retrieved from /opt/airflow/dags/youtube_pipeline.py
[2026-08-20T23:59:15.952+0000] {logging_mixin.py:188} INFO - [2026-08-20T23:59:15.951+0000] {dag.py:3089} INFO - Sync 1 DAGs
[2026-08-20T23:59:15.993+0000] {processor.py:183} INFO - Processing /opt/airflow/dags/youtube_pipeline.py took 0.115 seconds
[2026-08-20T23:59:46.145+0000] {processor.py:161} INFO - Started process (PID=51773) to work on /opt/airflow/dags/youtube_pipeline.py
[2026-08-20T23:59:46.146+0000] {processor.py:830} INFO - Processing file /opt/airflow/dags/youtube_pipeline.py for tasks to queue
[2026-08-20T23:59:46.148+0000] {logging_mixin.py:188} INFO - [2026-08-20T23:59:46.148+0000] {dagbag.py:545} INFO - Filling up the DagBag from /opt/airflow/dags/youtube_pipeline.py
[2026-08-20T23:59:46.190+0000] {processor.py:840} INFO - DAG(s) 'youtube_english_video_pipeline' retrieved from /opt/airflow/dags/youtube_pipeline.py
[2026-08-20T23:59:46.230+0000] {logging_mixin.py:188} INFO - [2026-08-20T23:59:46.230+0000] {dag.py:3089} INFO - Sync 1 DAGs
[2026-08-20T23:59:46.276+0000] {processor.py:183} INFO - Processing /opt/airflow/dags/youtube_pipeline.py took 0.137 seconds
