[2026-09-18T00:00:13.244+0000] {processor.py:161} INFO - Started process (PID=1581) to work on /opt/airflow/dags/youtube_pipeline.py
[2026-09-18T00:00:13.245+0000] {processor.py:830} INFO - Processing file /opt/airflow/dags/youtube_pipeline.py for tasks to queue
[2026-09-18T00:00:13.247+0000] {logging_mixin.py:188} INFO - [2026-09-18T00:00:13.246+0000] {dagbag.py:545} INFO - Filling up the DagBag from /opt/airflow/dags/youtube_pipeline.py
[2026-09-18T00:00:13.268+0000] {processor.py:840} INFO - DAG(s) 'youtube_english_video_pipeline' retrieved from /opt/airflow/dags/youtube_pipeline.py
[2026-09-18T00:00:13.299+0000] {logging_mixin.py:188} INFO - [2026-09-18T00:00:13.299+0000] {dag.py:3089} INFO - Sync 1 DAGs
[2026-09-18T00:00:13.314+0000] {logging_mixin.py:188} INFO - [2026-09-18T00:00:13.314+0000] {dag.py:3947} INFO - Setting next_dagrun for youtube_english_video_pipeline to 2026-09-17 12:00:00+00:00, run_after=2026-09-18 12:00:00+00:00
[2026-09-18T00:00:13.328+0000] {processor.py:183} INFO - Processing /opt/airflow/dags/youtube_pipeline.py took 0.088 seconds
[2026-09-18T00:00:43.496+0000] {processor.py:161} INFO - Started process (PID=1586) to work on /opt/airflow/dags/youtube_pipeline.py
[2026-09-18T00:00:43.497+0000] {processor.py:830} INFO - Processing file /opt/airflow/dags/youtube_pipeline.py for tasks to queue
[2026-09-18T00:00:43.499+0000] {logging_mixin.py:188} INFO - [2026-09-18T00:00:43.499+0000] {dagbag.py:545} INFO - Filling up the DagBag from /opt/airflow/dags/youtube_pipeline.py
[2026-09-18T00:00:43.524+0000] {processor.py:840} INFO - DAG(s) 'youtube_english_video_pipeline' retrieved from /opt/airflow/dags/youtube_pipeline.py
[2026-09-18T00:00:43.558+0000] {logging_mixin.py:188} INFO - [2026-09-18T00:00:43.558+0000] {dag.py:3089} INFO - Sync 1 DAGs
[2026-09-18T00:00:43.574+0000] {logging_mixin.py:188} INFO - [2026-09-18T00:00:43.574+0000] {dag.py:3947} INFO - Setting next_dagrun for youtube_english_video_pipeline to 2026-09-17 12:00:00+00:00, run_after=2026-09-18 12:00:00+00:00
[2026-09-18T00:00:43.588+0000] {processor.py:183} INFO - Processing /opt/airflow/dags/youtube_pipeline.py took 0.100 seconds
[2026-09-18T00:01:13.797+0000] {processor.py:161} INFO - Started process (PID=1591) to work on /opt/airflow/dags/youtube_pipeline.py
[2026-09-18T00:01:13.798+0000] {processor.py:830} INFO - Processing file /opt/airflow/dags/youtube_pipeline.py for tasks to queue
[2026-09-18T00:01:13.799+0000] {logging_mixin.py:188} INFO - [2026-09-18T00:01:13.799+0000] {dagbag.py:545} INFO - Filling up the DagBag from /opt/airflow/dags/youtube_pipeline.py
[2026-09-18T00:01:13.818+0000] {processor.py:840} INFO - DAG(s) 'youtube_english_video_pipeline' retrieved from /opt/airflow/dags/youtube_pipeline.py
[2026-09-18T00:01:13.849+0000] {logging_mixin.py:188} INFO - [2026-09-18T00:01:13.848+0000] {dag.py:3089} INFO - Sync 1 DAGs
[2026-09-18T00:01:13.863+0000] {logging_mixin.py:188} INFO - [2026-09-18T00:01:13.863+0000] {dag.py:3947} INFO - Setting next_dagrun for youtube_english_video_pipeline to 2026-09-17 12:00:00+00:00, run_after=2026-09-18 12:00:00+00:00
[2026-09-18T00:01:13.886+0000] {processor.py:183} INFO - Processing /opt/airflow/dags/youtube_pipeline.py took 0.094 seconds
[2026-09-18T00:01:44.022+0000] {processor.py:161} INFO - Started process (PID=1596) to work on /opt/airflow/dags/youtube_pipeline.py
[2026-09-18T00:01:44.023+0000] {processor.py:830} INFO - Processing file /opt/airflow/dags/youtube_pipeline.py for tasks to queue
[2026-09-18T00:01:44.024+0000] {logging_mixin.py:188} INFO - [2026-09-18T00:01:44.024+0000] {dagbag.py:545} INFO - Filling up the DagBag from /opt/airflow/dags/youtube_pipeline.py
[2026-09-18T00:01:44.044+0000] {processor.py:840} INFO - DAG(s) 'youtube_english_video_pipeline' retrieved from /opt/airflow/dags/youtube_pipeline.py
[2026-09-18T00:01:44.075+0000] {logging_mixin.py:188} INFO - [2026-09-18T00:01:44.075+0000] {dag.py:3089} INFO - Sync 1 DAGs
[2026-09-18T00:01:44.092+0000] {logging_mixin.py:188} INFO - [2026-09-18T00:01:44.092+0000] {dag.py:3947} INFO - Setting next_dagrun for youtube_english_video_pipeline to 2026-09-17 12:00:00+00:00, run_after=2026-09-18 12:00:00+00:00
[2026-09-18T00:01:44.107+0000] {processor.py:183} INFO - Processing /opt/airflow/dags/youtube_pipeline.py took 0.091 seconds
[2026-09-18T00:02:14.292+0000] {processor.py:161} INFO - Started process (PID=1601) to work on /opt/airflow/dags/youtube_pipeline.py
[2026-09-18T00:02:14.293+0000] {processor.py:830} INFO - Processing file /opt/airflow/dags/youtube_pipeline.py for tasks to queue
[2026-09-18T00:02:14.295+0000] {logging_mixin.py:188} INFO - [2026-09-18T00:02:14.294+0000] {dagbag.py:545} INFO - Filling up the DagBag from /opt/airflow/dags/youtube_pipeline.py
[2026-09-18T00:02:14.314+0000] {processor.py:840} INFO - DAG(s) 'youtube_english_video_pipeline' retrieved from /opt/airflow/dags/youtube_pipeline.py
[2026-09-18T00:02:14.345+0000] {logging_mixin.py:188} INFO - [2026-09-18T00:02:14.345+0000] {dag.py:3089} INFO - Sync 1 DAGs
[2026-09-18T00:02:14.359+0000] {logging_mixin.py:188} INFO - [2026-09-18T00:02:14.359+0000] {dag.py:3947} INFO - Setting next_dagrun for youtube_english_video_pipeline to 2026-09-17 12:00:00+00:00, run_after=2026-09-18 12:00:00+00:00
[2026-09-18T00:02:14.381+0000] {processor.py:183} INFO - Processing /opt/airflow/dags/youtube_pipeline.py took 0.093 seconds
[2026-09-18T00:02:44.571+0000] {processor.py:161} INFO - Started process (PID=1606) to work on /opt/airflow/dags/youtube_pipeline.py
[2026-09-18T00:02:44.572+0000] {processor.py:830} INFO - Processing file /opt/airflow/dags/youtube_pipeline.py for tasks to queue
[2026-09-18T00:02:44.574+0000] {logging_mixin.py:188} INFO - [2026-09-18T00:02:44.574+0000] {dagbag.py:545} INFO - Filling up the DagBag from /opt/airflow/dags/youtube_pipeline.py
[2026-09-18T00:02:44.608+0000] {processor.py:840} INFO - DAG(s) 'youtube_english_video_pipeline' retrieved from /opt/airflow/dags/youtube_pipeline.py
[2026-09-18T00:02:44.643+0000] {logging_mixin.py:188} INFO - [2026-09-18T00:02:44.643+0000] {dag.py:3089} INFO - Sync 1 DAGs
[2026-09-18T00:02:44.659+0000] {logging_mixin.py:188} INFO - [2026-09-18T00:02:44.659+0000] {dag.py:3947} INFO - Setting next_dagrun for youtube_english_video_pipeline to 2026-09-17 12:00:00+00:00, run_after=2026-09-18 12:00:00+00:00
[2026-09-18T00:02:44.675+0000] {processor.py:183} INFO - Processing /opt/airflow/dags/youtube_pipeline.py took 0.112 seconds
[2026-09-18T00:03:14.926+0000] {processor.py:161} INFO - Started process (PID=1611) to work on /opt/airflow/dags/youtube_pipeline.py
[2026-09-18T00:03:14.927+0000] {processor.py:830} INFO - Processing file /opt/airflow/dags/youtube_pipeline.py for tasks to queue
[2026-09-18T00:03:14.929+0000] {logging_mixin.py:188} INFO - [2026-09-18T00:03:14.928+0000] {dagbag.py:545} INFO - Filling up the DagBag from /opt/airflow/dags/youtube_pipeline.py
[2026-09-18T00:03:14.949+0000] {processor.py:840} INFO - DAG(s) 'youtube_english_video_pipeline' retrieved from /opt/airflow/dags/youtube_pipeline.py
[2026-09-18T00:03:14.981+0000] {logging_mixin.py:188} INFO - [2026-09-18T00:03:14.981+0000] {dag.py:3089} INFO - Sync 1 DAGs
[2026-09-18T00:03:14.996+0000] {logging_mixin.py:188} INFO - [2026-09-18T00:03:14.996+0000] {dag.py:3947} INFO - Setting next_dagrun for youtube_english_video_pipeline to 2026-09-17 12:00:00+00:00, run_after=2026-09-18 12:00:00+00:00
[2026-09-18T00:03:15.018+0000] {processor.py:183} INFO - Processing /opt/airflow/dags/youtube_pipeline.py took 0.097 seconds
[2026-09-18T00:03:45.254+0000] {processor.py:161} INFO - Started process (PID=1616) to work on /opt/airflow/dags/youtube_pipeline.py
[2026-09-18T00:03:45.255+0000] {processor.py:830} INFO - Processing file /opt/airflow/dags/youtube_pipeline.py for tasks to queue
[2026-09-18T00:03:45.258+0000] {logging_mixin.py:188} INFO - [2026-09-18T00:03:45.257+0000] {dagbag.py:545} INFO - Filling up the DagBag from /opt/airflow/dags/youtube_pipeline.py
[2026-09-18T00:03:45.350+0000] {processor.py:840} INFO - DAG(s) 'youtube_english_video_pipeline' retrieved from /opt/airflow/dags/youtube_pipeline.py
[2026-09-18T00:03:45.384+0000] {logging_mixin.py:188} INFO - [2026-09-18T00:03:45.384+0000] {dag.py:3089} INFO - Sync 1 DAGs
[2026-09-18T00:03:45.400+0000] {logging_mixin.py:188} INFO - [2026-09-18T00:03:45.400+0000] {dag.py:3947} INFO - Setting next_dagrun for youtube_english_video_pipeline to 2026-09-17 12:00:00+00:00, run_after=2026-09-18 12:00:00+00:00
[2026-09-18T00:03:45.417+0000] {processor.py:183} INFO - Processing /opt/airflow/dags/youtube_pipeline.py took 0.172 seconds
[2026-09-18T00:04:15.526+0000] {processor.py:161} INFO - Started process (PID=1621) to work on /opt/airflow/dags/youtube_pipeline.py
[2026-09-18T00:04:15.527+0000] {processor.py:830} INFO - Processing file /opt/airflow/dags/youtube_pipeline.py for tasks to queue
[2026-09-18T00:04:15.528+0000] {logging_mixin.py:188} INFO - [2026-09-18T00:04:15.528+0000] {dagbag.py:545} INFO - Filling up the DagBag from /opt/airflow/dags/youtube_pipeline.py
[2026-09-18T00:04:15.616+0000] {processor.py:840} INFO - DAG(s) 'youtube_english_video_pipeline' retrieved from /opt/airflow/dags/youtube_pipeline.py
[2026-09-18T00:04:15.647+0000] {logging_mixin.py:188} INFO - [2026-09-18T00:04:15.647+0000] {dag.py:3089} INFO - Sync 1 DAGs
[2026-09-18T00:04:15.663+0000] {logging_mixin.py:188} INFO - [2026-09-18T00:04:15.663+0000] {dag.py:3947} INFO - Setting next_dagrun for youtube_english_video_pipeline to 2026-09-17 12:00:00+00:00, run_after=2026-09-18 12:00:00+00:00
[2026-09-18T00:04:15.681+0000] {processor.py:183} INFO - Processing /opt/airflow/dags/youtube_pipeline.py took 0.160 seconds
[2026-09-18T00:04:46.042+0000] {processor.py:161} INFO - Started process (PID=1626) to work on /opt/airflow/dags/youtube_pipeline.py
[2026-09-18T00:04:46.046+0000] {processor.py:830} INFO - Processing file /opt/airflow/dags/youtube_pipeline.py for tasks to queue
[2026-09-18T00:04:46.050+0000] {logging_mixin.py:188} INFO - [2026-09-18T00:04:46.050+0000] {dagbag.py:545} INFO - Filling up the DagBag from /opt/airflow/dags/youtube_pipeline.py
[2026-09-18T00:04:46.156+0000] {processor.py:840} INFO - DAG(s) 'youtube_english_video_pipeline' retrieved from /opt/airflow/dags/youtube_pipeline.py
[2026-09-18T00:04:46.191+0000] {logging_mixin.py:188} INFO - [2026-09-18T00:04:46.191+0000] {dag.py:3089} INFO - Sync 1 DAGs
[2026-09-18T00:04:46.208+0000] {logging_mixin.py:188} INFO - [2026-09-18T00:04:46.208+0000] {dag.py:3947} INFO - Setting next_dagrun for youtube_english_video_pipeline to 2026-09-17 12:00:00+00:00, run_after=2026-09-18 12:00:00+00:00
[2026-09-18T00:04:46.229+0000] {processor.py:183} INFO - Processing /opt/airflow/dags/youtube_pipeline.py took 0.202 seconds
[2026-09-18T00:05:16.475+0000] {processor.py:161} INFO - Started process (PID=1631) to work on /opt/airflow/dags/youtube_pipeline.py
[2026-09-18T00:05:16.476+0000] {processor.py:830} INFO - Processing file /opt/airflow/dags/youtube_pipeline.py for tasks to queue
[2026-09-18T00:05:16.477+0000] {logging_mixin.py:188} INFO - [2026-09-18T00:05:16.477+0000] {dagbag.py:545} INFO - Filling up the DagBag from /opt/airflow/dags/youtube_pipeline.py
[2026-09-18T00:05:16.497+0000] {processor.py:840} INFO - DAG(s) 'youtube_english_video_pipeline' retrieved from /opt/airflow/dags/youtube_pipeline.py
[2026-09-18T00:05:16.529+0000] {logging_mixin.py:188} INFO - [2026-09-18T00:05:16.528+0000] {dag.py:3089} INFO - Sync 1 DAGs
[2026-09-18T00:05:16.543+0000] {logging_mixin.py:188} INFO - [2026-09-18T00:05:16.543+0000] {dag.py:3947} INFO - Setting next_dagrun for youtube_english_video_pipeline to 2026-09-17 12:00:00+00:00, run_after=2026-09-18 12:00:00+00:00
[2026-09-18T00:05:16.567+0000] {processor.py:183} INFO - Processing /opt/airflow/dags/youtube_pipeline.py took 0.097 seconds
[2026-09-18T00:05:46.960+0000] {processor.py:161} INFO - Started process (PID=1636) to work on /opt/airflow/dags/youtube_pipeline.py
[2026-09-18T00:05:46.964+0000] {processor.py:830} INFO - Processing file /opt/airflow/dags/youtube_pipeline.py for tasks to queue
[2026-09-18T00:05:46.974+0000] {logging_mixin.py:188} INFO - [2026-09-18T00:05:46.973+0000] {dagbag.py:545} INFO - Filling up the DagBag from /opt/airflow/dags/youtube_pipeline.py
[2026-09-18T00:05:47.185+0000] {processor.py:840} INFO - DAG(s) 'youtube_english_video_pipeline' retrieved from /opt/airflow/dags/youtube_pipeline.py
[2026-09-18T00:05:47.227+0000] {logging_mixin.py:188} INFO - [2026-09-18T00:05:47.227+0000] {dag.py:3089} INFO - Sync 1 DAGs
[2026-09-18T00:05:47.246+0000] {logging_mixin.py:188} INFO - [2026-09-18T00:05:47.245+0000] {dag.py:3947} INFO - Setting next_dagrun for youtube_english_video_pipeline to 2026-09-17 12:00:00+00:00, run_after=2026-09-18 12:00:00+00:00
[2026-09-18T00:05:47.284+0000] {processor.py:183} INFO - Processing /opt/airflow/dags/youtube_pipeline.py took 0.338 seconds
[2026-09-18T12:05:58.936+0000] {processor.py:161} INFO - Started process (PID=1641) to work on /opt/airflow/dags/youtube_pipeline.py
[2026-09-18T12:05:58.941+0000] {processor.py:830} INFO - Processing file /opt/airflow/dags/youtube_pipeline.py for tasks to queue
[2026-09-18T12:05:58.950+0000] {logging_mixin.py:188} INFO - [2026-09-18T12:05:58.950+0000] {dagbag.py:545} INFO - Filling up the DagBag from /opt/airflow/dags/youtube_pipeline.py
[2026-09-18T12:05:59.621+0000] {processor.py:840} INFO - DAG(s) 'youtube_english_video_pipeline' retrieved from /opt/airflow/dags/youtube_pipeline.py
[2026-09-18T12:05:59.694+0000] {logging_mixin.py:188} INFO - [2026-09-18T12:05:59.694+0000] {dag.py:3089} INFO - Sync 1 DAGs
[2026-09-18T12:05:59.773+0000] {processor.py:183} INFO - Processing /opt/airflow/dags/youtube_pipeline.py took 0.853 seconds
[2026-09-18T22:22:10.755+0000] {processor.py:161} INFO - Started process (PID=1671) to work on /opt/airflow/dags/youtube_pipeline.py
[2026-09-18T22:22:10.764+0000] {processor.py:830} INFO - Processing file /opt/airflow/dags/youtube_pipeline.py for tasks to queue
[2026-09-18T22:22:10.775+0000] {logging_mixin.py:188} INFO - [2026-09-18T22:22:10.775+0000] {dagbag.py:545} INFO - Filling up the DagBag from /opt/airflow/dags/youtube_pipeline.py
[2026-09-18T22:22:11.800+0000] {processor.py:840} INFO - DAG(s) 'youtube_english_video_pipeline' retrieved from /opt/airflow/dags/youtube_pipeline.py
[2026-09-18T22:22:11.867+0000] {logging_mixin.py:188} INFO - [2026-09-18T22:22:11.867+0000] {dag.py:3089} INFO - Sync 1 DAGs
[2026-09-18T22:22:12.429+0000] {processor.py:183} INFO - Processing /opt/airflow/dags/youtube_pipeline.py took 1.687 seconds
[2026-09-18T22:22:42.889+0000] {processor.py:161} INFO - Started process (PID=1683) to work on /opt/airflow/dags/youtube_pipeline.py
[2026-09-18T22:22:42.891+0000] {processor.py:830} INFO - Processing file /opt/airflow/dags/youtube_pipeline.py for tasks to queue
[2026-09-18T22:22:42.893+0000] {logging_mixin.py:188} INFO - [2026-09-18T22:22:42.893+0000] {dagbag.py:545} INFO - Filling up the DagBag from /opt/airflow/dags/youtube_pipeline.py
[2026-09-18T22:22:42.947+0000] {processor.py:840} INFO - DAG(s) 'youtube_english_video_pipeline' retrieved from /opt/airflow/dags/youtube_pipeline.py
[2026-09-18T22:22:43.006+0000] {logging_mixin.py:188} INFO - [2026-09-18T22:22:43.005+0000] {dag.py:3089} INFO - Sync 1 DAGs
[2026-09-18T22:22:43.055+0000] {processor.py:183} INFO - Processing /opt/airflow/dags/youtube_pipeline.py took 0.174 seconds
[2026-09-18T22:23:13.313+0000] {processor.py:161} INFO - Started process (PID=1949) to work on /opt/airflow/dags/youtube_pipeline.py
[2026-09-18T22:23:13.315+0000] {processor.py:830} INFO - Processing file /opt/airflow/dags/youtube_pipeline.py for tasks to queue
[2026-09-18T22:23:13.318+0000] {logging_mixin.py:188} INFO - [2026-09-18T22:23:13.317+0000] {dagbag.py:545} INFO - Filling up the DagBag from /opt/airflow/dags/youtube_pipeline.py
[2026-09-18T22:23:13.379+0000] {processor.py:840} INFO - DAG(s) 'youtube_english_video_pipeline' retrieved from /opt/airflow/dags/youtube_pipeline.py
[2026-09-18T22:23:13.429+0000] {logging_mixin.py:188} INFO - [2026-09-18T22:23:13.429+0000] {dag.py:3089} INFO - Sync 1 DAGs
[2026-09-18T22:23:13.474+0000] {processor.py:183} INFO - Processing /opt/airflow/dags/youtube_pipeline.py took 0.168 seconds
[2026-09-18T22:23:43.626+0000] {processor.py:161} INFO - Started process (PID=1960) to work on /opt/airflow/dags/youtube_pipeline.py
[2026-09-18T22:23:43.629+0000] {processor.py:830} INFO - Processing file /opt/airflow/dags/youtube_pipeline.py for tasks to queue
[2026-09-18T22:23:43.632+0000] {logging_mixin.py:188} INFO - [2026-09-18T22:23:43.632+0000] {dagbag.py:545} INFO - Filling up the DagBag from /opt/airflow/dags/youtube_pipeline.py
[2026-09-18T22:23:43.722+0000] {processor.py:840} INFO - DAG(s) 'youtube_english_video_pipeline' retrieved from /opt/airflow/dags/youtube_pipeline.py
[2026-09-18T22:23:43.816+0000] {logging_mixin.py:188} INFO - [2026-09-18T22:23:43.815+0000] {dag.py:3089} INFO - Sync 1 DAGs
[2026-09-18T22:23:43.868+0000] {processor.py:183} INFO - Processing /opt/airflow/dags/youtube_pipeline.py took 0.255 seconds
[2026-09-18T22:24:14.032+0000] {processor.py:161} INFO - Started process (PID=2425) to work on /opt/airflow/dags/youtube_pipeline.py
[2026-09-18T22:24:14.034+0000] {processor.py:830} INFO - Processing file /opt/airflow/dags/youtube_pipeline.py for tasks to queue
[2026-09-18T22:24:14.036+0000] {logging_mixin.py:188} INFO - [2026-09-18T22:24:14.036+0000] {dagbag.py:545} INFO - Filling up the DagBag from /opt/airflow/dags/youtube_pipeline.py
[2026-09-18T22:24:14.099+0000] {processor.py:840} INFO - DAG(s) 'youtube_english_video_pipeline' retrieved from /opt/airflow/dags/youtube_pipeline.py
[2026-09-18T22:24:14.171+0000] {logging_mixin.py:188} INFO - [2026-09-18T22:24:14.171+0000] {dag.py:3089} INFO - Sync 1 DAGs
[2026-09-18T22:24:14.231+0000] {processor.py:183} INFO - Processing /opt/airflow/dags/youtube_pipeline.py took 0.213 seconds
[2026-09-18T22:24:44.407+0000] {processor.py:161} INFO - Started process (PID=3185) to work on /opt/airflow/dags/youtube_pipeline.py
[2026-09-18T22:24:44.412+0000] {processor.py:830} INFO - Processing file /opt/airflow/dags/youtube_pipeline.py for tasks to queue
[2026-09-18T22:24:44.416+0000] {logging_mixin.py:188} INFO - [2026-09-18T22:24:44.415+0000] {dagbag.py:545} INFO - Filling up the DagBag from /opt/airflow/dags/youtube_pipeline.py
[2026-09-18T22:24:44.475+0000] {processor.py:840} INFO - DAG(s) 'youtube_english_video_pipeline' retrieved from /opt/airflow/dags/youtube_pipeline.py
[2026-09-18T22:24:44.546+0000] {logging_mixin.py:188} INFO - [2026-09-18T22:24:44.546+0000] {dag.py:3089} INFO - Sync 1 DAGs
[2026-09-18T22:24:44.603+0000] {processor.py:183} INFO - Processing /opt/airflow/dags/youtube_pipeline.py took 0.210 seconds
[2026-09-18T22:25:14.736+0000] {processor.py:161} INFO - Started process (PID=3946) to work on /opt/airflow/dags/youtube_pipeline.py
[2026-09-18T22:25:14.739+0000] {processor.py:830} INFO - Processing file /opt/airflow/dags/youtube_pipeline.py for tasks to queue
[2026-09-18T22:25:14.743+0000] {logging_mixin.py:188} INFO - [2026-09-18T22:25:14.742+0000] {dagbag.py:545} INFO - Filling up the DagBag from /opt/airflow/dags/youtube_pipeline.py
[2026-09-18T22:25:14.806+0000] {processor.py:840} INFO - DAG(s) 'youtube_english_video_pipeline' retrieved from /opt/airflow/dags/youtube_pipeline.py
[2026-09-18T22:25:14.890+0000] {logging_mixin.py:188} INFO - [2026-09-18T22:25:14.890+0000] {dag.py:3089} INFO - Sync 1 DAGs
[2026-09-18T22:25:14.946+0000] {processor.py:183} INFO - Processing /opt/airflow/dags/youtube_pipeline.py took 0.225 seconds
[2026-09-18T22:25:45.194+0000] {processor.py:161} INFO - Started process (PID=4729) to work on /opt/airflow/dags/youtube_pipeline.py
[2026-09-18T22:25:45.195+0000] {processor.py:830} INFO - Processing file /opt/airflow/dags/youtube_pipeline.py for tasks to queue
[2026-09-18T22:25:45.198+0000] {logging_mixin.py:188} INFO - [2026-09-18T22:25:45.198+0000] {dagbag.py:545} INFO - Filling up the DagBag from /opt/airflow/dags/youtube_pipeline.py
[2026-09-18T22:25:45.260+0000] {processor.py:840} INFO - DAG(s) 'youtube_english_video_pipeline' retrieved from /opt/airflow/dags/youtube_pipeline.py
[2026-09-18T22:25:45.323+0000] {logging_mixin.py:188} INFO - [2026-09-18T22:25:45.323+0000] {dag.py:3089} INFO - Sync 1 DAGs
[2026-09-18T22:25:45.373+0000] {processor.py:183} INFO - Processing /opt/airflow/dags/youtube_pipeline.py took 0.189 seconds
[2026-09-18T22:26:15.589+0000] {processor.py:161} INFO - Started process (PID=5091) to work on /opt/airflow/dags/youtube_pipeline.py
[2026-09-18T22:26:15.591+0000] {processor.py:830} INFO - Processing file /opt/airflow/dags/youtube_pipeline.py for tasks to queue
[2026-09-18T22:26:15.594+0000] {logging_mixin.py:188} INFO - [2026-09-18T22:26:15.594+0000] {dagbag.py:545} INFO - Filling up the DagBag from /opt/airflow/dags/youtube_pipeline.py
[2026-09-18T22:26:15.739+0000] {processor.py:840} INFO - DAG(s) 'youtube_english_video_pipeline' retrieved from /opt/airflow/dags/youtube_pipeline.py
[2026-09-18T22:26:15.828+0000] {logging_mixin.py:188} INFO - [2026-09-18T22:26:15.828+0000] {dag.py:3089} INFO - Sync 1 DAGs
[2026-09-18T22:26:15.913+0000] {processor.py:183} INFO - Processing /opt/airflow/dags/youtube_pipeline.py took 0.339 seconds
[2026-09-18T22:26:46.354+0000] {processor.py:161} INFO - Started process (PID=5123) to work on /opt/airflow/dags/youtube_pipeline.py
[2026-09-18T22:26:46.357+0000] {processor.py:830} INFO - Processing file /opt/airflow/dags/youtube_pipeline.py for tasks to queue
[2026-09-18T22:26:46.361+0000] {logging_mixin.py:188} INFO - [2026-09-18T22:26:46.361+0000] {dagbag.py:545} INFO - Filling up the DagBag from /opt/airflow/dags/youtube_pipeline.py
[2026-09-18T22:26:46.487+0000] {processor.py:840} INFO - DAG(s) 'youtube_english_video_pipeline' retrieved from /opt/airflow/dags/youtube_pipeline.py
[2026-09-18T22:26:46.546+0000] {logging_mixin.py:188} INFO - [2026-09-18T22:26:46.545+0000] {dag.py:3089} INFO - Sync 1 DAGs
[2026-09-18T22:26:46.602+0000] {processor.py:183} INFO - Processing /opt/airflow/dags/youtube_pipeline.py took 0.261 seconds
[2026-09-18T22:27:16.909+0000] {processor.py:161} INFO - Started process (PID=5385) to work on /opt/airflow/dags/youtube_pipeline.py
[2026-09-18T22:27:16.912+0000] {processor.py:830} INFO - Processing file /opt/airflow/dags/youtube_pipeline.py for tasks to queue
[2026-09-18T22:27:16.917+0000] {logging_mixin.py:188} INFO - [2026-09-18T22:27:16.916+0000] {dagbag.py:545} INFO - Filling up the DagBag from /opt/airflow/dags/youtube_pipeline.py
[2026-09-18T22:27:16.991+0000] {processor.py:840} INFO - DAG(s) 'youtube_english_video_pipeline' retrieved from /opt/airflow/dags/youtube_pipeline.py
[2026-09-18T22:27:17.063+0000] {logging_mixin.py:188} INFO - [2026-09-18T22:27:17.062+0000] {dag.py:3089} INFO - Sync 1 DAGs
[2026-09-18T22:27:17.105+0000] {processor.py:183} INFO - Processing /opt/airflow/dags/youtube_pipeline.py took 0.210 seconds
[2026-09-18T22:27:47.355+0000] {processor.py:161} INFO - Started process (PID=5705) to work on /opt/airflow/dags/youtube_pipeline.py
[2026-09-18T22:27:47.358+0000] {processor.py:830} INFO - Processing file /opt/airflow/dags/youtube_pipeline.py for tasks to queue
[2026-09-18T22:27:47.363+0000] {logging_mixin.py:188} INFO - [2026-09-18T22:27:47.362+0000] {dagbag.py:545} INFO - Filling up the DagBag from /opt/airflow/dags/youtube_pipeline.py
[2026-09-18T22:27:47.433+0000] {processor.py:840} INFO - DAG(s) 'youtube_english_video_pipeline' retrieved from /opt/airflow/dags/youtube_pipeline.py
[2026-09-18T22:27:47.487+0000] {logging_mixin.py:188} INFO - [2026-09-18T22:27:47.487+0000] {dag.py:3089} INFO - Sync 1 DAGs
[2026-09-18T22:27:47.553+0000] {processor.py:183} INFO - Processing /opt/airflow/dags/youtube_pipeline.py took 0.214 seconds
[2026-09-18T22:28:17.927+0000] {processor.py:161} INFO - Started process (PID=6465) to work on /opt/airflow/dags/youtube_pipeline.py
[2026-09-18T22:28:17.933+0000] {processor.py:830} INFO - Processing file /opt/airflow/dags/youtube_pipeline.py for tasks to queue
[2026-09-18T22:28:17.936+0000] {logging_mixin.py:188} INFO - [2026-09-18T22:28:17.936+0000] {dagbag.py:545} INFO - Filling up the DagBag from /opt/airflow/dags/youtube_pipeline.py
[2026-09-18T22:28:18.210+0000] {processor.py:840} INFO - DAG(s) 'youtube_english_video_pipeline' retrieved from /opt/airflow/dags/youtube_pipeline.py
[2026-09-18T22:28:18.283+0000] {logging_mixin.py:188} INFO - [2026-09-18T22:28:18.283+0000] {dag.py:3089} INFO - Sync 1 DAGs
[2026-09-18T22:28:18.350+0000] {processor.py:183} INFO - Processing /opt/airflow/dags/youtube_pipeline.py took 0.432 seconds
[2026-09-18T22:28:48.752+0000] {processor.py:161} INFO - Started process (PID=7225) to work on /opt/airflow/dags/youtube_pipeline.py
[2026-09-18T22:28:48.754+0000] {processor.py:830} INFO - Processing file /opt/airflow/dags/youtube_pipeline.py for tasks to queue
[2026-09-18T22:28:48.758+0000] {logging_mixin.py:188} INFO - [2026-09-18T22:28:48.757+0000] {dagbag.py:545} INFO - Filling up the DagBag from /opt/airflow/dags/youtube_pipeline.py
[2026-09-18T22:28:48.838+0000] {processor.py:840} INFO - DAG(s) 'youtube_english_video_pipeline' retrieved from /opt/airflow/dags/youtube_pipeline.py
[2026-09-18T22:28:48.917+0000] {logging_mixin.py:188} INFO - [2026-09-18T22:28:48.917+0000] {dag.py:3089} INFO - Sync 1 DAGs
[2026-09-18T22:28:48.968+0000] {processor.py:183} INFO - Processing /opt/airflow/dags/youtube_pipeline.py took 0.231 seconds
[2026-09-18T22:29:19.322+0000] {processor.py:161} INFO - Started process (PID=8023) to work on /opt/airflow/dags/youtube_pipeline.py
[2026-09-18T22:29:19.324+0000] {processor.py:830} INFO - Processing file /opt/airflow/dags/youtube_pipeline.py for tasks to queue
[2026-09-18T22:29:19.327+0000] {logging_mixin.py:188} INFO - [2026-09-18T22:29:19.327+0000] {dagbag.py:545} INFO - Filling up the DagBag from /opt/airflow/dags/youtube_pipeline.py
[2026-09-18T22:29:19.390+0000] {processor.py:840} INFO - DAG(s) 'youtube_english_video_pipeline' retrieved from /opt/airflow/dags/youtube_pipeline.py
[2026-09-18T22:29:19.447+0000] {logging_mixin.py:188} INFO - [2026-09-18T22:29:19.447+0000] {dag.py:3089} INFO - Sync 1 DAGs
[2026-09-18T22:29:19.491+0000] {processor.py:183} INFO - Processing /opt/airflow/dags/youtube_pipeline.py took 0.183 seconds
[2026-09-18T22:29:49.676+0000] {processor.py:161} INFO - Started process (PID=8518) to work on /opt/airflow/dags/youtube_pipeline.py
[2026-09-18T22:29:49.679+0000] {processor.py:830} INFO - Processing file /opt/airflow/dags/youtube_pipeline.py for tasks to queue
[2026-09-18T22:29:49.684+0000] {logging_mixin.py:188} INFO - [2026-09-18T22:29:49.683+0000] {dagbag.py:545} INFO - Filling up the DagBag from /opt/airflow/dags/youtube_pipeline.py
[2026-09-18T22:29:49.793+0000] {processor.py:840} INFO - DAG(s) 'youtube_english_video_pipeline' retrieved from /opt/airflow/dags/youtube_pipeline.py
[2026-09-18T22:29:49.899+0000] {logging_mixin.py:188} INFO - [2026-09-18T22:29:49.899+0000] {dag.py:3089} INFO - Sync 1 DAGs
[2026-09-18T22:29:49.990+0000] {processor.py:183} INFO - Processing /opt/airflow/dags/youtube_pipeline.py took 0.330 seconds
[2026-09-18T22:30:20.170+0000] {processor.py:161} INFO - Started process (PID=8546) to work on /opt/airflow/dags/youtube_pipeline.py
[2026-09-18T22:30:20.171+0000] {processor.py:830} INFO - Processing file /opt/airflow/dags/youtube_pipeline.py for tasks to queue
[2026-09-18T22:30:20.173+0000] {logging_mixin.py:188} INFO - [2026-09-18T22:30:20.173+0000] {dagbag.py:545} INFO - Filling up the DagBag from /opt/airflow/dags/youtube_pipeline.py
[2026-09-18T22:30:20.224+0000] {processor.py:840} INFO - DAG(s) 'youtube_english_video_pipeline' retrieved from /opt/airflow/dags/youtube_pipeline.py
[2026-09-18T22:30:20.278+0000] {logging_mixin.py:188} INFO - [2026-09-18T22:30:20.278+0000] {dag.py:3089} INFO - Sync 1 DAGs
[2026-09-18T22:30:20.325+0000] {processor.py:183} INFO - Processing /opt/airflow/dags/youtube_pipeline.py took 0.163 seconds
[2026-09-18T22:30:50.572+0000] {processor.py:161} INFO - Started process (PID=8582) to work on /opt/airflow/dags/youtube_pipeline.py
[2026-09-18T22:30:50.574+0000] {processor.py:830} INFO - Processing file /opt/airflow/dags/youtube_pipeline.py for tasks to queue
[2026-09-18T22:30:50.577+0000] {logging_mixin.py:188} INFO - [2026-09-18T22:30:50.576+0000] {dagbag.py:545} INFO - Filling up the DagBag from /opt/airflow/dags/youtube_pipeline.py
[2026-09-18T22:30:50.620+0000] {processor.py:840} INFO - DAG(s) 'youtube_english_video_pipeline' retrieved from /opt/airflow/dags/youtube_pipeline.py
[2026-09-18T22:30:50.670+0000] {logging_mixin.py:188} INFO - [2026-09-18T22:30:50.670+0000] {dag.py:3089} INFO - Sync 1 DAGs
[2026-09-18T22:30:50.726+0000] {processor.py:183} INFO - Processing /opt/airflow/dags/youtube_pipeline.py took 0.163 seconds
[2026-09-18T22:31:20.802+0000] {processor.py:161} INFO - Started process (PID=8752) to work on /opt/airflow/dags/youtube_pipeline.py
[2026-09-18T22:31:20.804+0000] {processor.py:830} INFO - Processing file /opt/airflow/dags/youtube_pipeline.py for tasks to queue
[2026-09-18T22:31:20.806+0000] {logging_mixin.py:188} INFO - [2026-09-18T22:31:20.806+0000] {dagbag.py:545} INFO - Filling up the DagBag from /opt/airflow/dags/youtube_pipeline.py
[2026-09-18T22:31:20.850+0000] {processor.py:840} INFO - DAG(s) 'youtube_english_video_pipeline' retrieved from /opt/airflow/dags/youtube_pipeline.py
[2026-09-18T22:31:20.907+0000] {logging_mixin.py:188} INFO - [2026-09-18T22:31:20.907+0000] {dag.py:3089} INFO - Sync 1 DAGs
[2026-09-18T22:31:20.981+0000] {processor.py:183} INFO - Processing /opt/airflow/dags/youtube_pipeline.py took 0.187 seconds
[2026-09-18T22:31:51.217+0000] {processor.py:161} INFO - Started process (PID=9167) to work on /opt/airflow/dags/youtube_pipeline.py
[2026-09-18T22:31:51.219+0000] {processor.py:830} INFO - Processing file /opt/airflow/dags/youtube_pipeline.py for tasks to queue
[2026-09-18T22:31:51.222+0000] {logging_mixin.py:188} INFO - [2026-09-18T22:31:51.222+0000] {dagbag.py:545} INFO - Filling up the DagBag from /opt/airflow/dags/youtube_pipeline.py
[2026-09-18T22:31:51.278+0000] {processor.py:840} INFO - DAG(s) 'youtube_english_video_pipeline' retrieved from /opt/airflow/dags/youtube_pipeline.py
[2026-09-18T22:31:51.343+0000] {logging_mixin.py:188} INFO - [2026-09-18T22:31:51.342+0000] {dag.py:3089} INFO - Sync 1 DAGs
[2026-09-18T22:31:51.399+0000] {processor.py:183} INFO - Processing /opt/airflow/dags/youtube_pipeline.py took 0.189 seconds
[2026-09-18T22:32:21.986+0000] {processor.py:161} INFO - Started process (PID=9776) to work on /opt/airflow/dags/youtube_pipeline.py
[2026-09-18T22:32:21.988+0000] {processor.py:830} INFO - Processing file /opt/airflow/dags/youtube_pipeline.py for tasks to queue
[2026-09-18T22:32:21.993+0000] {logging_mixin.py:188} INFO - [2026-09-18T22:32:21.992+0000] {dagbag.py:545} INFO - Filling up the DagBag from /opt/airflow/dags/youtube_pipeline.py
[2026-09-18T22:32:22.074+0000] {processor.py:840} INFO - DAG(s) 'youtube_english_video_pipeline' retrieved from /opt/airflow/dags/youtube_pipeline.py
[2026-09-18T22:32:22.139+0000] {logging_mixin.py:188} INFO - [2026-09-18T22:32:22.139+0000] {dag.py:3089} INFO - Sync 1 DAGs
[2026-09-18T22:32:22.192+0000] {processor.py:183} INFO - Processing /opt/airflow/dags/youtube_pipeline.py took 0.215 seconds
[2026-09-18T22:32:52.401+0000] {processor.py:161} INFO - Started process (PID=10536) to work on /opt/airflow/dags/youtube_pipeline.py
[2026-09-18T22:32:52.403+0000] {processor.py:830} INFO - Processing file /opt/airflow/dags/youtube_pipeline.py for tasks to queue
[2026-09-18T22:32:52.406+0000] {logging_mixin.py:188} INFO - [2026-09-18T22:32:52.405+0000] {dagbag.py:545} INFO - Filling up the DagBag from /opt/airflow/dags/youtube_pipeline.py
[2026-09-18T22:32:52.460+0000] {processor.py:840} INFO - DAG(s) 'youtube_english_video_pipeline' retrieved from /opt/airflow/dags/youtube_pipeline.py
[2026-09-18T22:32:52.516+0000] {logging_mixin.py:188} INFO - [2026-09-18T22:32:52.516+0000] {dag.py:3089} INFO - Sync 1 DAGs
[2026-09-18T22:32:52.587+0000] {processor.py:183} INFO - Processing /opt/airflow/dags/youtube_pipeline.py took 0.197 seconds
[2026-09-18T22:33:22.768+0000] {processor.py:161} INFO - Started process (PID=11296) to work on /opt/airflow/dags/youtube_pipeline.py
[2026-09-18T22:33:22.770+0000] {processor.py:830} INFO - Processing file /opt/airflow/dags/youtube_pipeline.py for tasks to queue
[2026-09-18T22:33:22.772+0000] {logging_mixin.py:188} INFO - [2026-09-18T22:33:22.772+0000] {dagbag.py:545} INFO - Filling up the DagBag from /opt/airflow/dags/youtube_pipeline.py
[2026-09-18T22:33:22.817+0000] {processor.py:840} INFO - DAG(s) 'youtube_english_video_pipeline' retrieved from /opt/airflow/dags/youtube_pipeline.py
[2026-09-18T22:33:22.874+0000] {logging_mixin.py:188} INFO - [2026-09-18T22:33:22.874+0000] {dag.py:3089} INFO - Sync 1 DAGs
[2026-09-18T22:33:22.927+0000] {processor.py:183} INFO - Processing /opt/airflow/dags/youtube_pipeline.py took 0.168 seconds
[2026-09-18T22:33:53.140+0000] {processor.py:161} INFO - Started process (PID=11905) to work on /opt/airflow/dags/youtube_pipeline.py
[2026-09-18T22:33:53.141+0000] {processor.py:830} INFO - Processing file /opt/airflow/dags/youtube_pipeline.py for tasks to queue
[2026-09-18T22:33:53.144+0000] {logging_mixin.py:188} INFO - [2026-09-18T22:33:53.144+0000] {dagbag.py:545} INFO - Filling up the DagBag from /opt/airflow/dags/youtube_pipeline.py
[2026-09-18T22:33:53.223+0000] {processor.py:840} INFO - DAG(s) 'youtube_english_video_pipeline' retrieved from /opt/airflow/dags/youtube_pipeline.py
[2026-09-18T22:33:53.343+0000] {logging_mixin.py:188} INFO - [2026-09-18T22:33:53.342+0000] {dag.py:3089} INFO - Sync 1 DAGs
[2026-09-18T22:33:53.410+0000] {processor.py:183} INFO - Processing /opt/airflow/dags/youtube_pipeline.py took 0.283 seconds
[2026-09-18T22:34:23.586+0000] {processor.py:161} INFO - Started process (PID=11989) to work on /opt/airflow/dags/youtube_pipeline.py
[2026-09-18T22:34:23.589+0000] {processor.py:830} INFO - Processing file /opt/airflow/dags/youtube_pipeline.py for tasks to queue
[2026-09-18T22:34:23.593+0000] {logging_mixin.py:188} INFO - [2026-09-18T22:34:23.593+0000] {dagbag.py:545} INFO - Filling up the DagBag from /opt/airflow/dags/youtube_pipeline.py
[2026-09-18T22:34:23.672+0000] {processor.py:840} INFO - DAG(s) 'youtube_english_video_pipeline' retrieved from /opt/airflow/dags/youtube_pipeline.py
[2026-09-18T22:34:23.765+0000] {logging_mixin.py:188} INFO - [2026-09-18T22:34:23.765+0000] {dag.py:3089} INFO - Sync 1 DAGs
[2026-09-18T22:34:23.847+0000] {processor.py:183} INFO - Processing /opt/airflow/dags/youtube_pipeline.py took 0.276 seconds
[2026-09-18T22:34:54.138+0000] {processor.py:161} INFO - Started process (PID=12043) to work on /opt/airflow/dags/youtube_pipeline.py
[2026-09-18T22:34:54.140+0000] {processor.py:830} INFO - Processing file /opt/airflow/dags/youtube_pipeline.py for tasks to queue
[2026-09-18T22:34:54.142+0000] {logging_mixin.py:188} INFO - [2026-09-18T22:34:54.142+0000] {dagbag.py:545} INFO - Filling up the DagBag from /opt/airflow/dags/youtube_pipeline.py
[2026-09-18T22:34:54.191+0000] {processor.py:840} INFO - DAG(s) 'youtube_english_video_pipeline' retrieved from /opt/airflow/dags/youtube_pipeline.py
[2026-09-18T22:34:54.256+0000] {logging_mixin.py:188} INFO - [2026-09-18T22:34:54.255+0000] {dag.py:3089} INFO - Sync 1 DAGs
[2026-09-18T22:34:54.299+0000] {processor.py:183} INFO - Processing /opt/airflow/dags/youtube_pipeline.py took 0.170 seconds
[2026-09-18T22:35:24.398+0000] {processor.py:161} INFO - Started process (PID=12065) to work on /opt/airflow/dags/youtube_pipeline.py
[2026-09-18T22:35:24.400+0000] {processor.py:830} INFO - Processing file /opt/airflow/dags/youtube_pipeline.py for tasks to queue
[2026-09-18T22:35:24.402+0000] {logging_mixin.py:188} INFO - [2026-09-18T22:35:24.402+0000] {dagbag.py:545} INFO - Filling up the DagBag from /opt/airflow/dags/youtube_pipeline.py
[2026-09-18T22:35:24.457+0000] {processor.py:840} INFO - DAG(s) 'youtube_english_video_pipeline' retrieved from /opt/airflow/dags/youtube_pipeline.py
[2026-09-18T22:35:24.526+0000] {logging_mixin.py:188} INFO - [2026-09-18T22:35:24.525+0000] {dag.py:3089} INFO - Sync 1 DAGs
[2026-09-18T22:35:24.601+0000] {processor.py:183} INFO - Processing /opt/airflow/dags/youtube_pipeline.py took 0.210 seconds
[2026-09-18T22:35:55.063+0000] {processor.py:161} INFO - Started process (PID=12070) to work on /opt/airflow/dags/youtube_pipeline.py
[2026-09-18T22:35:55.067+0000] {processor.py:830} INFO - Processing file /opt/airflow/dags/youtube_pipeline.py for tasks to queue
[2026-09-18T22:35:55.071+0000] {logging_mixin.py:188} INFO - [2026-09-18T22:35:55.070+0000] {dagbag.py:545} INFO - Filling up the DagBag from /opt/airflow/dags/youtube_pipeline.py
[2026-09-18T22:35:55.142+0000] {processor.py:840} INFO - DAG(s) 'youtube_english_video_pipeline' retrieved from /opt/airflow/dags/youtube_pipeline.py
[2026-09-18T22:35:55.201+0000] {logging_mixin.py:188} INFO - [2026-09-18T22:35:55.201+0000] {dag.py:3089} INFO - Sync 1 DAGs
[2026-09-18T22:35:55.254+0000] {processor.py:183} INFO - Processing /opt/airflow/dags/youtube_pipeline.py took 0.206 seconds
[2026-09-18T22:36:25.581+0000] {processor.py:161} INFO - Started process (PID=12075) to work on /opt/airflow/dags/youtube_pipeline.py
[2026-09-18T22:36:25.584+0000] {processor.py:830} INFO - Processing file /opt/airflow/dags/youtube_pipeline.py for tasks to queue
[2026-09-18T22:36:25.586+0000] {logging_mixin.py:188} INFO - [2026-09-18T22:36:25.586+0000] {dagbag.py:545} INFO - Filling up the DagBag from /opt/airflow/dags/youtube_pipeline.py
[2026-09-18T22:36:25.636+0000] {processor.py:840} INFO - DAG(s) 'youtube_english_video_pipeline' retrieved from /opt/airflow/dags/youtube_pipeline.py
[2026-09-18T22:36:25.694+0000] {logging_mixin.py:188} INFO - [2026-09-18T22:36:25.693+0000] {dag.py:3089} INFO - Sync 1 DAGs
[2026-09-18T22:36:25.760+0000] {processor.py:183} INFO - Processing /opt/airflow/dags/youtube_pipeline.py took 0.189 seconds
[2026-09-18T22:36:56.035+0000] {processor.py:161} INFO - Started process (PID=12080) to work on /opt/airflow/dags/youtube_pipeline.py
[2026-09-18T22:36:56.037+0000] {processor.py:830} INFO - Processing file /opt/airflow/dags/youtube_pipeline.py for tasks to queue
[2026-09-18T22:36:56.039+0000] {logging_mixin.py:188} INFO - [2026-09-18T22:36:56.039+0000] {dagbag.py:545} INFO - Filling up the DagBag from /opt/airflow/dags/youtube_pipeline.py
[2026-09-18T22:36:56.085+0000] {processor.py:840} INFO - DAG(s) 'youtube_english_video_pipeline' retrieved from /opt/airflow/dags/youtube_pipeline.py
[2026-09-18T22:36:56.135+0000] {logging_mixin.py:188} INFO - [2026-09-18T22:36:56.134+0000] {dag.py:3089} INFO - Sync 1 DAGs
[2026-09-18T22:36:56.191+0000] {processor.py:183} INFO - Processing /opt/airflow/dags/youtube_pipeline.py took 0.167 seconds
[2026-09-18T22:37:26.349+0000] {processor.py:161} INFO - Started process (PID=12085) to work on /opt/airflow/dags/youtube_pipeline.py
[2026-09-18T22:37:26.352+0000] {processor.py:830} INFO - Processing file /opt/airflow/dags/youtube_pipeline.py for tasks to queue
[2026-09-18T22:37:26.354+0000] {logging_mixin.py:188} INFO - [2026-09-18T22:37:26.354+0000] {dagbag.py:545} INFO - Filling up the DagBag from /opt/airflow/dags/youtube_pipeline.py
[2026-09-18T22:37:26.407+0000] {processor.py:840} INFO - DAG(s) 'youtube_english_video_pipeline' retrieved from /opt/airflow/dags/youtube_pipeline.py
[2026-09-18T22:37:26.462+0000] {logging_mixin.py:188} INFO - [2026-09-18T22:37:26.462+0000] {dag.py:3089} INFO - Sync 1 DAGs
[2026-09-18T22:37:26.511+0000] {processor.py:183} INFO - Processing /opt/airflow/dags/youtube_pipeline.py took 0.169 seconds
[2026-09-18T22:37:56.675+0000] {processor.py:161} INFO - Started process (PID=12090) to work on /opt/airflow/dags/youtube_pipeline.py
[2026-09-18T22:37:56.677+0000] {processor.py:830} INFO - Processing file /opt/airflow/dags/youtube_pipeline.py for tasks to queue
[2026-09-18T22:37:56.679+0000] {logging_mixin.py:188} INFO - [2026-09-18T22:37:56.679+0000] {dagbag.py:545} INFO - Filling up the DagBag from /opt/airflow/dags/youtube_pipeline.py
[2026-09-18T22:37:56.722+0000] {processor.py:840} INFO - DAG(s) 'youtube_english_video_pipeline' retrieved from /opt/airflow/dags/youtube_pipeline.py
[2026-09-18T22:37:56.773+0000] {logging_mixin.py:188} INFO - [2026-09-18T22:37:56.772+0000] {dag.py:3089} INFO - Sync 1 DAGs
[2026-09-18T22:37:56.821+0000] {processor.py:183} INFO - Processing /opt/airflow/dags/youtube_pipeline.py took 0.153 seconds
[2026-09-18T22:38:27.066+0000] {processor.py:161} INFO - Started process (PID=12095) to work on /opt/airflow/dags/youtube_pipeline.py
[2026-09-18T22:38:27.067+0000] {processor.py:830} INFO - Processing file /opt/airflow/dags/youtube_pipeline.py for tasks to queue
[2026-09-18T22:38:27.069+0000] {logging_mixin.py:188} INFO - [2026-09-18T22:38:27.069+0000] {dagbag.py:545} INFO - Filling up the DagBag from /opt/airflow/dags/youtube_pipeline.py
[2026-09-18T22:38:27.108+0000] {processor.py:840} INFO - DAG(s) 'youtube_english_video_pipeline' retrieved from /opt/airflow/dags/youtube_pipeline.py
[2026-09-18T22:38:27.167+0000] {logging_mixin.py:188} INFO - [2026-09-18T22:38:27.167+0000] {dag.py:3089} INFO - Sync 1 DAGs
[2026-09-18T22:38:27.214+0000] {processor.py:183} INFO - Processing /opt/airflow/dags/youtube_pipeline.py took 0.158 seconds
[2026-09-18T22:38:57.330+0000] {processor.py:161} INFO - Started process (PID=12100) to work on /opt/airflow/dags/youtube_pipeline.py
[2026-09-18T22:38:57.335+0000] {processor.py:830} INFO - Processing file /opt/airflow/dags/youtube_pipeline.py for tasks to queue
[2026-09-18T22:38:57.339+0000] {logging_mixin.py:188} INFO - [2026-09-18T22:38:57.339+0000] {dagbag.py:545} INFO - Filling up the DagBag from /opt/airflow/dags/youtube_pipeline.py
[2026-09-18T22:38:57.395+0000] {processor.py:840} INFO - DAG(s) 'youtube_english_video_pipeline' retrieved from /opt/airflow/dags/youtube_pipeline.py
[2026-09-18T22:38:57.443+0000] {logging_mixin.py:188} INFO - [2026-09-18T22:38:57.443+0000] {dag.py:3089} INFO - Sync 1 DAGs
[2026-09-18T22:38:57.496+0000] {processor.py:183} INFO - Processing /opt/airflow/dags/youtube_pipeline.py took 0.176 seconds
[2026-09-18T22:39:27.698+0000] {processor.py:161} INFO - Started process (PID=12105) to work on /opt/airflow/dags/youtube_pipeline.py
[2026-09-18T22:39:27.700+0000] {processor.py:830} INFO - Processing file /opt/airflow/dags/youtube_pipeline.py for tasks to queue
[2026-09-18T22:39:27.703+0000] {logging_mixin.py:188} INFO - [2026-09-18T22:39:27.702+0000] {dagbag.py:545} INFO - Filling up the DagBag from /opt/airflow/dags/youtube_pipeline.py
[2026-09-18T22:39:27.750+0000] {processor.py:840} INFO - DAG(s) 'youtube_english_video_pipeline' retrieved from /opt/airflow/dags/youtube_pipeline.py
[2026-09-18T22:39:27.808+0000] {logging_mixin.py:188} INFO - [2026-09-18T22:39:27.807+0000] {dag.py:3089} INFO - Sync 1 DAGs
[2026-09-18T22:39:27.849+0000] {processor.py:183} INFO - Processing /opt/airflow/dags/youtube_pipeline.py took 0.158 seconds
[2026-09-18T22:39:57.983+0000] {processor.py:161} INFO - Started process (PID=12110) to work on /opt/airflow/dags/youtube_pipeline.py
[2026-09-18T22:39:57.984+0000] {processor.py:830} INFO - Processing file /opt/airflow/dags/youtube_pipeline.py for tasks to queue
[2026-09-18T22:39:57.986+0000] {logging_mixin.py:188} INFO - [2026-09-18T22:39:57.986+0000] {dagbag.py:545} INFO - Filling up the DagBag from /opt/airflow/dags/youtube_pipeline.py
[2026-09-18T22:39:58.049+0000] {processor.py:840} INFO - DAG(s) 'youtube_english_video_pipeline' retrieved from /opt/airflow/dags/youtube_pipeline.py
[2026-09-18T22:39:58.105+0000] {logging_mixin.py:188} INFO - [2026-09-18T22:39:58.105+0000] {dag.py:3089} INFO - Sync 1 DAGs
[2026-09-18T22:39:58.148+0000] {processor.py:183} INFO - Processing /opt/airflow/dags/youtube_pipeline.py took 0.172 seconds
[2026-09-18T22:40:28.329+0000] {processor.py:161} INFO - Started process (PID=12139) to work on /opt/airflow/dags/youtube_pipeline.py
[2026-09-18T22:40:28.331+0000] {processor.py:830} INFO - Processing file /opt/airflow/dags/youtube_pipeline.py for tasks to queue
[2026-09-18T22:40:28.333+0000] {logging_mixin.py:188} INFO - [2026-09-18T22:40:28.333+0000] {dagbag.py:545} INFO - Filling up the DagBag from /opt/airflow/dags/youtube_pipeline.py
[2026-09-18T22:40:28.394+0000] {processor.py:840} INFO - DAG(s) 'youtube_english_video_pipeline' retrieved from /opt/airflow/dags/youtube_pipeline.py
[2026-09-18T22:40:28.444+0000] {logging_mixin.py:188} INFO - [2026-09-18T22:40:28.444+0000] {dag.py:3089} INFO - Sync 1 DAGs
[2026-09-18T22:40:28.499+0000] {processor.py:183} INFO - Processing /opt/airflow/dags/youtube_pipeline.py took 0.181 seconds
[2026-09-18T22:40:58.700+0000] {processor.py:161} INFO - Started process (PID=12159) to work on /opt/airflow/dags/youtube_pipeline.py
[2026-09-18T22:40:58.702+0000] {processor.py:830} INFO - Processing file /opt/airflow/dags/youtube_pipeline.py for tasks to queue
[2026-09-18T22:40:58.705+0000] {logging_mixin.py:188} INFO - [2026-09-18T22:40:58.705+0000] {dagbag.py:545} INFO - Filling up the DagBag from /opt/airflow/dags/youtube_pipeline.py
[2026-09-18T22:40:58.756+0000] {processor.py:840} INFO - DAG(s) 'youtube_english_video_pipeline' retrieved from /opt/airflow/dags/youtube_pipeline.py
[2026-09-18T22:40:58.816+0000] {logging_mixin.py:188} INFO - [2026-09-18T22:40:58.815+0000] {dag.py:3089} INFO - Sync 1 DAGs
[2026-09-18T22:40:58.875+0000] {processor.py:183} INFO - Processing /opt/airflow/dags/youtube_pipeline.py took 0.182 seconds
[2026-09-18T22:41:29.115+0000] {processor.py:161} INFO - Started process (PID=12165) to work on /opt/airflow/dags/youtube_pipeline.py
[2026-09-18T22:41:29.117+0000] {processor.py:830} INFO - Processing file /opt/airflow/dags/youtube_pipeline.py for tasks to queue
[2026-09-18T22:41:29.120+0000] {logging_mixin.py:188} INFO - [2026-09-18T22:41:29.120+0000] {dagbag.py:545} INFO - Filling up the DagBag from /opt/airflow/dags/youtube_pipeline.py
[2026-09-18T22:41:29.235+0000] {processor.py:840} INFO - DAG(s) 'youtube_english_video_pipeline' retrieved from /opt/airflow/dags/youtube_pipeline.py
[2026-09-18T22:41:29.285+0000] {logging_mixin.py:188} INFO - [2026-09-18T22:41:29.284+0000] {dag.py:3089} INFO - Sync 1 DAGs
[2026-09-18T22:41:29.345+0000] {processor.py:183} INFO - Processing /opt/airflow/dags/youtube_pipeline.py took 0.238 seconds
[2026-09-18T22:41:59.605+0000] {processor.py:161} INFO - Started process (PID=12170) to work on /opt/airflow/dags/youtube_pipeline.py
[2026-09-18T22:41:59.607+0000] {processor.py:830} INFO - Processing file /opt/airflow/dags/youtube_pipeline.py for tasks to queue
[2026-09-18T22:41:59.609+0000] {logging_mixin.py:188} INFO - [2026-09-18T22:41:59.609+0000] {dagbag.py:545} INFO - Filling up the DagBag from /opt/airflow/dags/youtube_pipeline.py
[2026-09-18T22:41:59.649+0000] {processor.py:840} INFO - DAG(s) 'youtube_english_video_pipeline' retrieved from /opt/airflow/dags/youtube_pipeline.py
[2026-09-18T22:41:59.706+0000] {logging_mixin.py:188} INFO - [2026-09-18T22:41:59.706+0000] {dag.py:3089} INFO - Sync 1 DAGs
[2026-09-18T22:41:59.753+0000] {processor.py:183} INFO - Processing /opt/airflow/dags/youtube_pipeline.py took 0.158 seconds
[2026-09-18T22:42:29.901+0000] {processor.py:161} INFO - Started process (PID=12175) to work on /opt/airflow/dags/youtube_pipeline.py
[2026-09-18T22:42:29.903+0000] {processor.py:830} INFO - Processing file /opt/airflow/dags/youtube_pipeline.py for tasks to queue
[2026-09-18T22:42:29.905+0000] {logging_mixin.py:188} INFO - [2026-09-18T22:42:29.905+0000] {dagbag.py:545} INFO - Filling up the DagBag from /opt/airflow/dags/youtube_pipeline.py
[2026-09-18T22:42:29.957+0000] {processor.py:840} INFO - DAG(s) 'youtube_english_video_pipeline' retrieved from /opt/airflow/dags/youtube_pipeline.py
[2026-09-18T22:42:30.018+0000] {logging_mixin.py:188} INFO - [2026-09-18T22:42:30.018+0000] {dag.py:3089} INFO - Sync 1 DAGs
[2026-09-18T22:42:30.077+0000] {processor.py:183} INFO - Processing /opt/airflow/dags/youtube_pipeline.py took 0.185 seconds
[2026-09-18T22:43:00.255+0000] {processor.py:161} INFO - Started process (PID=12180) to work on /opt/airflow/dags/youtube_pipeline.py
[2026-09-18T22:43:00.258+0000] {processor.py:830} INFO - Processing file /opt/airflow/dags/youtube_pipeline.py for tasks to queue
[2026-09-18T22:43:00.262+0000] {logging_mixin.py:188} INFO - [2026-09-18T22:43:00.261+0000] {dagbag.py:545} INFO - Filling up the DagBag from /opt/airflow/dags/youtube_pipeline.py
[2026-09-18T22:43:00.322+0000] {processor.py:840} INFO - DAG(s) 'youtube_english_video_pipeline' retrieved from /opt/airflow/dags/youtube_pipeline.py
[2026-09-18T22:43:00.384+0000] {logging_mixin.py:188} INFO - [2026-09-18T22:43:00.384+0000] {dag.py:3089} INFO - Sync 1 DAGs
[2026-09-18T22:43:00.440+0000] {processor.py:183} INFO - Processing /opt/airflow/dags/youtube_pipeline.py took 0.194 seconds
[2026-09-18T22:43:30.554+0000] {processor.py:161} INFO - Started process (PID=12185) to work on /opt/airflow/dags/youtube_pipeline.py
[2026-09-18T22:43:30.555+0000] {processor.py:830} INFO - Processing file /opt/airflow/dags/youtube_pipeline.py for tasks to queue
[2026-09-18T22:43:30.557+0000] {logging_mixin.py:188} INFO - [2026-09-18T22:43:30.557+0000] {dagbag.py:545} INFO - Filling up the DagBag from /opt/airflow/dags/youtube_pipeline.py
[2026-09-18T22:43:30.608+0000] {processor.py:840} INFO - DAG(s) 'youtube_english_video_pipeline' retrieved from /opt/airflow/dags/youtube_pipeline.py
[2026-09-18T22:43:30.656+0000] {logging_mixin.py:188} INFO - [2026-09-18T22:43:30.656+0000] {dag.py:3089} INFO - Sync 1 DAGs
[2026-09-18T22:43:30.705+0000] {processor.py:183} INFO - Processing /opt/airflow/dags/youtube_pipeline.py took 0.159 seconds
[2026-09-18T22:44:00.948+0000] {processor.py:161} INFO - Started process (PID=12190) to work on /opt/airflow/dags/youtube_pipeline.py
[2026-09-18T22:44:00.951+0000] {processor.py:830} INFO - Processing file /opt/airflow/dags/youtube_pipeline.py for tasks to queue
[2026-09-18T22:44:00.954+0000] {logging_mixin.py:188} INFO - [2026-09-18T22:44:00.953+0000] {dagbag.py:545} INFO - Filling up the DagBag from /opt/airflow/dags/youtube_pipeline.py
[2026-09-18T22:44:01.008+0000] {processor.py:840} INFO - DAG(s) 'youtube_english_video_pipeline' retrieved from /opt/airflow/dags/youtube_pipeline.py
[2026-09-18T22:44:01.060+0000] {logging_mixin.py:188} INFO - [2026-09-18T22:44:01.060+0000] {dag.py:3089} INFO - Sync 1 DAGs
[2026-09-18T22:44:01.097+0000] {processor.py:183} INFO - Processing /opt/airflow/dags/youtube_pipeline.py took 0.162 seconds
[2026-09-18T22:44:31.397+0000] {processor.py:161} INFO - Started process (PID=12195) to work on /opt/airflow/dags/youtube_pipeline.py
[2026-09-18T22:44:31.399+0000] {processor.py:830} INFO - Processing file /opt/airflow/dags/youtube_pipeline.py for tasks to queue
[2026-09-18T22:44:31.401+0000] {logging_mixin.py:188} INFO - [2026-09-18T22:44:31.400+0000] {dagbag.py:545} INFO - Filling up the DagBag from /opt/airflow/dags/youtube_pipeline.py
[2026-09-18T22:44:31.527+0000] {processor.py:840} INFO - DAG(s) 'youtube_english_video_pipeline' retrieved from /opt/airflow/dags/youtube_pipeline.py
[2026-09-18T22:44:31.582+0000] {logging_mixin.py:188} INFO - [2026-09-18T22:44:31.582+0000] {dag.py:3089} INFO - Sync 1 DAGs
[2026-09-18T22:44:31.650+0000] {processor.py:183} INFO - Processing /opt/airflow/dags/youtube_pipeline.py took 0.264 seconds
[2026-09-18T22:45:01.943+0000] {processor.py:161} INFO - Started process (PID=12200) to work on /opt/airflow/dags/youtube_pipeline.py
[2026-09-18T22:45:01.944+0000] {processor.py:830} INFO - Processing file /opt/airflow/dags/youtube_pipeline.py for tasks to queue
[2026-09-18T22:45:01.947+0000] {logging_mixin.py:188} INFO - [2026-09-18T22:45:01.946+0000] {dagbag.py:545} INFO - Filling up the DagBag from /opt/airflow/dags/youtube_pipeline.py
[2026-09-18T22:45:01.990+0000] {processor.py:840} INFO - DAG(s) 'youtube_english_video_pipeline' retrieved from /opt/airflow/dags/youtube_pipeline.py
[2026-09-18T22:45:02.048+0000] {logging_mixin.py:188} INFO - [2026-09-18T22:45:02.048+0000] {dag.py:3089} INFO - Sync 1 DAGs
[2026-09-18T22:45:02.088+0000] {processor.py:183} INFO - Processing /opt/airflow/dags/youtube_pipeline.py took 0.154 seconds
[2026-09-18T22:45:32.189+0000] {processor.py:161} INFO - Started process (PID=12205) to work on /opt/airflow/dags/youtube_pipeline.py
[2026-09-18T22:45:32.190+0000] {processor.py:830} INFO - Processing file /opt/airflow/dags/youtube_pipeline.py for tasks to queue
[2026-09-18T22:45:32.193+0000] {logging_mixin.py:188} INFO - [2026-09-18T22:45:32.193+0000] {dagbag.py:545} INFO - Filling up the DagBag from /opt/airflow/dags/youtube_pipeline.py
[2026-09-18T22:45:32.240+0000] {processor.py:840} INFO - DAG(s) 'youtube_english_video_pipeline' retrieved from /opt/airflow/dags/youtube_pipeline.py
[2026-09-18T22:45:32.297+0000] {logging_mixin.py:188} INFO - [2026-09-18T22:45:32.297+0000] {dag.py:3089} INFO - Sync 1 DAGs
[2026-09-18T22:45:32.334+0000] {processor.py:183} INFO - Processing /opt/airflow/dags/youtube_pipeline.py took 0.155 seconds
[2026-09-18T22:46:02.537+0000] {processor.py:161} INFO - Started process (PID=12212) to work on /opt/airflow/dags/youtube_pipeline.py
[2026-09-18T22:46:02.538+0000] {processor.py:830} INFO - Processing file /opt/airflow/dags/youtube_pipeline.py for tasks to queue
[2026-09-18T22:46:02.541+0000] {logging_mixin.py:188} INFO - [2026-09-18T22:46:02.540+0000] {dagbag.py:545} INFO - Filling up the DagBag from /opt/airflow/dags/youtube_pipeline.py
[2026-09-18T22:46:02.587+0000] {processor.py:840} INFO - DAG(s) 'youtube_english_video_pipeline' retrieved from /opt/airflow/dags/youtube_pipeline.py
[2026-09-18T22:46:02.634+0000] {logging_mixin.py:188} INFO - [2026-09-18T22:46:02.634+0000] {dag.py:3089} INFO - Sync 1 DAGs
[2026-09-18T22:46:02.677+0000] {processor.py:183} INFO - Processing /opt/airflow/dags/youtube_pipeline.py took 0.148 seconds
[2026-09-18T22:46:32.783+0000] {processor.py:161} INFO - Started process (PID=12253) to work on /opt/airflow/dags/youtube_pipeline.py
[2026-09-18T22:46:32.785+0000] {processor.py:830} INFO - Processing file /opt/airflow/dags/youtube_pipeline.py for tasks to queue
[2026-09-18T22:46:32.787+0000] {logging_mixin.py:188} INFO - [2026-09-18T22:46:32.787+0000] {dagbag.py:545} INFO - Filling up the DagBag from /opt/airflow/dags/youtube_pipeline.py
[2026-09-18T22:46:32.855+0000] {processor.py:840} INFO - DAG(s) 'youtube_english_video_pipeline' retrieved from /opt/airflow/dags/youtube_pipeline.py
[2026-09-18T22:46:32.919+0000] {logging_mixin.py:188} INFO - [2026-09-18T22:46:32.918+0000] {dag.py:3089} INFO - Sync 1 DAGs
[2026-09-18T22:46:32.974+0000] {processor.py:183} INFO - Processing /opt/airflow/dags/youtube_pipeline.py took 0.199 seconds
[2026-09-18T22:47:03.300+0000] {processor.py:161} INFO - Started process (PID=12260) to work on /opt/airflow/dags/youtube_pipeline.py
[2026-09-18T22:47:03.303+0000] {processor.py:830} INFO - Processing file /opt/airflow/dags/youtube_pipeline.py for tasks to queue
[2026-09-18T22:47:03.307+0000] {logging_mixin.py:188} INFO - [2026-09-18T22:47:03.307+0000] {dagbag.py:545} INFO - Filling up the DagBag from /opt/airflow/dags/youtube_pipeline.py
[2026-09-18T22:47:03.362+0000] {processor.py:840} INFO - DAG(s) 'youtube_english_video_pipeline' retrieved from /opt/airflow/dags/youtube_pipeline.py
[2026-09-18T22:47:03.432+0000] {logging_mixin.py:188} INFO - [2026-09-18T22:47:03.432+0000] {dag.py:3089} INFO - Sync 1 DAGs
[2026-09-18T22:47:03.481+0000] {processor.py:183} INFO - Processing /opt/airflow/dags/youtube_pipeline.py took 0.193 seconds
[2026-09-18T22:47:33.582+0000] {processor.py:161} INFO - Started process (PID=12265) to work on /opt/airflow/dags/youtube_pipeline.py
[2026-09-18T22:47:33.583+0000] {processor.py:830} INFO - Processing file /opt/airflow/dags/youtube_pipeline.py for tasks to queue
[2026-09-18T22:47:33.586+0000] {logging_mixin.py:188} INFO - [2026-09-18T22:47:33.586+0000] {dagbag.py:545} INFO - Filling up the DagBag from /opt/airflow/dags/youtube_pipeline.py
[2026-09-18T22:47:33.633+0000] {processor.py:840} INFO - DAG(s) 'youtube_english_video_pipeline' retrieved from /opt/airflow/dags/youtube_pipeline.py
[2026-09-18T22:47:33.691+0000] {logging_mixin.py:188} INFO - [2026-09-18T22:47:33.691+0000] {dag.py:3089} INFO - Sync 1 DAGs
[2026-09-18T22:47:33.725+0000] {logging_mixin.py:188} INFO - [2026-09-18T22:47:33.725+0000] {dag.py:3947} INFO - Setting next_dagrun for youtube_english_video_pipeline to 2026-09-18 12:00:00+00:00, run_after=2026-09-19 12:00:00+00:00
[2026-09-18T22:47:33.750+0000] {processor.py:183} INFO - Processing /opt/airflow/dags/youtube_pipeline.py took 0.178 seconds
[2026-09-18T22:48:03.982+0000] {processor.py:161} INFO - Started process (PID=12270) to work on /opt/airflow/dags/youtube_pipeline.py
[2026-09-18T22:48:03.984+0000] {processor.py:830} INFO - Processing file /opt/airflow/dags/youtube_pipeline.py for tasks to queue
[2026-09-18T22:48:03.987+0000] {logging_mixin.py:188} INFO - [2026-09-18T22:48:03.986+0000] {dagbag.py:545} INFO - Filling up the DagBag from /opt/airflow/dags/youtube_pipeline.py
[2026-09-18T22:48:04.026+0000] {processor.py:840} INFO - DAG(s) 'youtube_english_video_pipeline' retrieved from /opt/airflow/dags/youtube_pipeline.py
[2026-09-18T22:48:04.081+0000] {logging_mixin.py:188} INFO - [2026-09-18T22:48:04.081+0000] {dag.py:3089} INFO - Sync 1 DAGs
[2026-09-18T22:48:04.118+0000] {logging_mixin.py:188} INFO - [2026-09-18T22:48:04.117+0000] {dag.py:3947} INFO - Setting next_dagrun for youtube_english_video_pipeline to 2026-09-18 12:00:00+00:00, run_after=2026-09-19 12:00:00+00:00
[2026-09-18T22:48:04.145+0000] {processor.py:183} INFO - Processing /opt/airflow/dags/youtube_pipeline.py took 0.170 seconds
[2026-09-18T22:48:34.243+0000] {processor.py:161} INFO - Started process (PID=12275) to work on /opt/airflow/dags/youtube_pipeline.py
[2026-09-18T22:48:34.244+0000] {processor.py:830} INFO - Processing file /opt/airflow/dags/youtube_pipeline.py for tasks to queue
[2026-09-18T22:48:34.246+0000] {logging_mixin.py:188} INFO - [2026-09-18T22:48:34.246+0000] {dagbag.py:545} INFO - Filling up the DagBag from /opt/airflow/dags/youtube_pipeline.py
[2026-09-18T22:48:34.298+0000] {processor.py:840} INFO - DAG(s) 'youtube_english_video_pipeline' retrieved from /opt/airflow/dags/youtube_pipeline.py
[2026-09-18T22:48:34.355+0000] {logging_mixin.py:188} INFO - [2026-09-18T22:48:34.354+0000] {dag.py:3089} INFO - Sync 1 DAGs
[2026-09-18T22:48:34.388+0000] {logging_mixin.py:188} INFO - [2026-09-18T22:48:34.388+0000] {dag.py:3947} INFO - Setting next_dagrun for youtube_english_video_pipeline to 2026-09-18 12:00:00+00:00, run_after=2026-09-19 12:00:00+00:00
[2026-09-18T22:48:34.418+0000] {processor.py:183} INFO - Processing /opt/airflow/dags/youtube_pipeline.py took 0.183 seconds
[2026-09-18T22:49:04.697+0000] {processor.py:161} INFO - Started process (PID=12280) to work on /opt/airflow/dags/youtube_pipeline.py
[2026-09-18T22:49:04.698+0000] {processor.py:830} INFO - Processing file /opt/airflow/dags/youtube_pipeline.py for tasks to queue
[2026-09-18T22:49:04.702+0000] {logging_mixin.py:188} INFO - [2026-09-18T22:49:04.702+0000] {dagbag.py:545} INFO - Filling up the DagBag from /opt/airflow/dags/youtube_pipeline.py
[2026-09-18T22:49:04.745+0000] {processor.py:840} INFO - DAG(s) 'youtube_english_video_pipeline' retrieved from /opt/airflow/dags/youtube_pipeline.py
[2026-09-18T22:49:04.802+0000] {logging_mixin.py:188} INFO - [2026-09-18T22:49:04.801+0000] {dag.py:3089} INFO - Sync 1 DAGs
[2026-09-18T22:49:04.822+0000] {logging_mixin.py:188} INFO - [2026-09-18T22:49:04.822+0000] {dag.py:3947} INFO - Setting next_dagrun for youtube_english_video_pipeline to 2026-09-18 12:00:00+00:00, run_after=2026-09-19 12:00:00+00:00
[2026-09-18T22:49:04.842+0000] {processor.py:183} INFO - Processing /opt/airflow/dags/youtube_pipeline.py took 0.153 seconds
[2026-09-18T22:49:34.960+0000] {processor.py:161} INFO - Started process (PID=12285) to work on /opt/airflow/dags/youtube_pipeline.py
[2026-09-18T22:49:34.962+0000] {processor.py:830} INFO - Processing file /opt/airflow/dags/youtube_pipeline.py for tasks to queue
[2026-09-18T22:49:34.964+0000] {logging_mixin.py:188} INFO - [2026-09-18T22:49:34.964+0000] {dagbag.py:545} INFO - Filling up the DagBag from /opt/airflow/dags/youtube_pipeline.py
[2026-09-18T22:49:35.007+0000] {processor.py:840} INFO - DAG(s) 'youtube_english_video_pipeline' retrieved from /opt/airflow/dags/youtube_pipeline.py
[2026-09-18T22:49:35.054+0000] {logging_mixin.py:188} INFO - [2026-09-18T22:49:35.053+0000] {dag.py:3089} INFO - Sync 1 DAGs
[2026-09-18T22:49:35.075+0000] {logging_mixin.py:188} INFO - [2026-09-18T22:49:35.075+0000] {dag.py:3947} INFO - Setting next_dagrun for youtube_english_video_pipeline to 2026-09-18 12:00:00+00:00, run_after=2026-09-19 12:00:00+00:00
[2026-09-18T22:49:35.096+0000] {processor.py:183} INFO - Processing /opt/airflow/dags/youtube_pipeline.py took 0.147 seconds
[2026-09-18T22:50:05.310+0000] {processor.py:161} INFO - Started process (PID=12290) to work on /opt/airflow/dags/youtube_pipeline.py
[2026-09-18T22:50:05.312+0000] {processor.py:830} INFO - Processing file /opt/airflow/dags/youtube_pipeline.py for tasks to queue
[2026-09-18T22:50:05.314+0000] {logging_mixin.py:188} INFO - [2026-09-18T22:50:05.314+0000] {dagbag.py:545} INFO - Filling up the DagBag from /opt/airflow/dags/youtube_pipeline.py
[2026-09-18T22:50:05.357+0000] {processor.py:840} INFO - DAG(s) 'youtube_english_video_pipeline' retrieved from /opt/airflow/dags/youtube_pipeline.py
[2026-09-18T22:50:05.404+0000] {logging_mixin.py:188} INFO - [2026-09-18T22:50:05.404+0000] {dag.py:3089} INFO - Sync 1 DAGs
[2026-09-18T22:50:05.434+0000] {logging_mixin.py:188} INFO - [2026-09-18T22:50:05.433+0000] {dag.py:3947} INFO - Setting next_dagrun for youtube_english_video_pipeline to 2026-09-18 12:00:00+00:00, run_after=2026-09-19 12:00:00+00:00
[2026-09-18T22:50:05.459+0000] {processor.py:183} INFO - Processing /opt/airflow/dags/youtube_pipeline.py took 0.157 seconds
[2026-09-18T22:50:35.594+0000] {processor.py:161} INFO - Started process (PID=12295) to work on /opt/airflow/dags/youtube_pipeline.py
[2026-09-18T22:50:35.596+0000] {processor.py:830} INFO - Processing file /opt/airflow/dags/youtube_pipeline.py for tasks to queue
[2026-09-18T22:50:35.599+0000] {logging_mixin.py:188} INFO - [2026-09-18T22:50:35.599+0000] {dagbag.py:545} INFO - Filling up the DagBag from /opt/airflow/dags/youtube_pipeline.py
[2026-09-18T22:50:35.681+0000] {processor.py:840} INFO - DAG(s) 'youtube_english_video_pipeline' retrieved from /opt/airflow/dags/youtube_pipeline.py
[2026-09-18T22:50:35.748+0000] {logging_mixin.py:188} INFO - [2026-09-18T22:50:35.748+0000] {dag.py:3089} INFO - Sync 1 DAGs
[2026-09-18T22:50:35.776+0000] {logging_mixin.py:188} INFO - [2026-09-18T22:50:35.775+0000] {dag.py:3947} INFO - Setting next_dagrun for youtube_english_video_pipeline to 2026-09-18 12:00:00+00:00, run_after=2026-09-19 12:00:00+00:00
[2026-09-18T22:50:35.805+0000] {processor.py:183} INFO - Processing /opt/airflow/dags/youtube_pipeline.py took 0.221 seconds
[2026-09-18T22:51:05.931+0000] {processor.py:161} INFO - Started process (PID=12300) to work on /opt/airflow/dags/youtube_pipeline.py
[2026-09-18T22:51:05.932+0000] {processor.py:830} INFO - Processing file /opt/airflow/dags/youtube_pipeline.py for tasks to queue
[2026-09-18T22:51:05.935+0000] {logging_mixin.py:188} INFO - [2026-09-18T22:51:05.934+0000] {dagbag.py:545} INFO - Filling up the DagBag from /opt/airflow/dags/youtube_pipeline.py
[2026-09-18T22:51:05.985+0000] {processor.py:840} INFO - DAG(s) 'youtube_english_video_pipeline' retrieved from /opt/airflow/dags/youtube_pipeline.py
[2026-09-18T22:51:06.045+0000] {logging_mixin.py:188} INFO - [2026-09-18T22:51:06.044+0000] {dag.py:3089} INFO - Sync 1 DAGs
[2026-09-18T22:51:06.072+0000] {logging_mixin.py:188} INFO - [2026-09-18T22:51:06.071+0000] {dag.py:3947} INFO - Setting next_dagrun for youtube_english_video_pipeline to 2026-09-18 12:00:00+00:00, run_after=2026-09-19 12:00:00+00:00
[2026-09-18T22:51:06.097+0000] {processor.py:183} INFO - Processing /opt/airflow/dags/youtube_pipeline.py took 0.175 seconds
[2026-09-18T22:51:36.508+0000] {processor.py:161} INFO - Started process (PID=12305) to work on /opt/airflow/dags/youtube_pipeline.py
[2026-09-18T22:51:36.512+0000] {processor.py:830} INFO - Processing file /opt/airflow/dags/youtube_pipeline.py for tasks to queue
[2026-09-18T22:51:36.518+0000] {logging_mixin.py:188} INFO - [2026-09-18T22:51:36.518+0000] {dagbag.py:545} INFO - Filling up the DagBag from /opt/airflow/dags/youtube_pipeline.py
[2026-09-18T22:51:36.720+0000] {processor.py:840} INFO - DAG(s) 'youtube_english_video_pipeline' retrieved from /opt/airflow/dags/youtube_pipeline.py
[2026-09-18T22:51:36.773+0000] {logging_mixin.py:188} INFO - [2026-09-18T22:51:36.773+0000] {dag.py:3089} INFO - Sync 1 DAGs
[2026-09-18T22:51:36.795+0000] {logging_mixin.py:188} INFO - [2026-09-18T22:51:36.795+0000] {dag.py:3947} INFO - Setting next_dagrun for youtube_english_video_pipeline to 2026-09-18 12:00:00+00:00, run_after=2026-09-19 12:00:00+00:00
[2026-09-18T22:51:36.827+0000] {processor.py:183} INFO - Processing /opt/airflow/dags/youtube_pipeline.py took 0.331 seconds
[2026-09-18T22:52:07.200+0000] {processor.py:161} INFO - Started process (PID=12310) to work on /opt/airflow/dags/youtube_pipeline.py
[2026-09-18T22:52:07.202+0000] {processor.py:830} INFO - Processing file /opt/airflow/dags/youtube_pipeline.py for tasks to queue
[2026-09-18T22:52:07.204+0000] {logging_mixin.py:188} INFO - [2026-09-18T22:52:07.204+0000] {dagbag.py:545} INFO - Filling up the DagBag from /opt/airflow/dags/youtube_pipeline.py
[2026-09-18T22:52:07.262+0000] {processor.py:840} INFO - DAG(s) 'youtube_english_video_pipeline' retrieved from /opt/airflow/dags/youtube_pipeline.py
[2026-09-18T22:52:07.339+0000] {logging_mixin.py:188} INFO - [2026-09-18T22:52:07.339+0000] {dag.py:3089} INFO - Sync 1 DAGs
[2026-09-18T22:52:07.372+0000] {logging_mixin.py:188} INFO - [2026-09-18T22:52:07.372+0000] {dag.py:3947} INFO - Setting next_dagrun for youtube_english_video_pipeline to 2026-09-18 12:00:00+00:00, run_after=2026-09-19 12:00:00+00:00
[2026-09-18T22:52:07.406+0000] {processor.py:183} INFO - Processing /opt/airflow/dags/youtube_pipeline.py took 0.219 seconds
[2026-09-18T22:52:37.773+0000] {processor.py:161} INFO - Started process (PID=12315) to work on /opt/airflow/dags/youtube_pipeline.py
[2026-09-18T22:52:37.775+0000] {processor.py:830} INFO - Processing file /opt/airflow/dags/youtube_pipeline.py for tasks to queue
[2026-09-18T22:52:37.777+0000] {logging_mixin.py:188} INFO - [2026-09-18T22:52:37.777+0000] {dagbag.py:545} INFO - Filling up the DagBag from /opt/airflow/dags/youtube_pipeline.py
[2026-09-18T22:52:37.841+0000] {processor.py:840} INFO - DAG(s) 'youtube_english_video_pipeline' retrieved from /opt/airflow/dags/youtube_pipeline.py
[2026-09-18T22:52:37.908+0000] {logging_mixin.py:188} INFO - [2026-09-18T22:52:37.908+0000] {dag.py:3089} INFO - Sync 1 DAGs
[2026-09-18T22:52:37.934+0000] {logging_mixin.py:188} INFO - [2026-09-18T22:52:37.934+0000] {dag.py:3947} INFO - Setting next_dagrun for youtube_english_video_pipeline to 2026-09-18 12:00:00+00:00, run_after=2026-09-19 12:00:00+00:00
[2026-09-18T22:52:37.960+0000] {processor.py:183} INFO - Processing /opt/airflow/dags/youtube_pipeline.py took 0.197 seconds
[2026-09-18T22:53:08.029+0000] {processor.py:161} INFO - Started process (PID=12320) to work on /opt/airflow/dags/youtube_pipeline.py
[2026-09-18T22:53:08.030+0000] {processor.py:830} INFO - Processing file /opt/airflow/dags/youtube_pipeline.py for tasks to queue
[2026-09-18T22:53:08.032+0000] {logging_mixin.py:188} INFO - [2026-09-18T22:53:08.032+0000] {dagbag.py:545} INFO - Filling up the DagBag from /opt/airflow/dags/youtube_pipeline.py
[2026-09-18T22:53:08.073+0000] {processor.py:840} INFO - DAG(s) 'youtube_english_video_pipeline' retrieved from /opt/airflow/dags/youtube_pipeline.py
[2026-09-18T22:53:08.128+0000] {logging_mixin.py:188} INFO - [2026-09-18T22:53:08.128+0000] {dag.py:3089} INFO - Sync 1 DAGs
[2026-09-18T22:53:08.153+0000] {logging_mixin.py:188} INFO - [2026-09-18T22:53:08.153+0000] {dag.py:3947} INFO - Setting next_dagrun for youtube_english_video_pipeline to 2026-09-18 12:00:00+00:00, run_after=2026-09-19 12:00:00+00:00
[2026-09-18T22:53:08.177+0000] {processor.py:183} INFO - Processing /opt/airflow/dags/youtube_pipeline.py took 0.157 seconds
[2026-09-18T22:53:38.237+0000] {processor.py:161} INFO - Started process (PID=12325) to work on /opt/airflow/dags/youtube_pipeline.py
[2026-09-18T22:53:38.238+0000] {processor.py:830} INFO - Processing file /opt/airflow/dags/youtube_pipeline.py for tasks to queue
[2026-09-18T22:53:38.245+0000] {logging_mixin.py:188} INFO - [2026-09-18T22:53:38.244+0000] {dagbag.py:545} INFO - Filling up the DagBag from /opt/airflow/dags/youtube_pipeline.py
[2026-09-18T22:53:38.282+0000] {processor.py:840} INFO - DAG(s) 'youtube_english_video_pipeline' retrieved from /opt/airflow/dags/youtube_pipeline.py
[2026-09-18T22:53:38.336+0000] {logging_mixin.py:188} INFO - [2026-09-18T22:53:38.335+0000] {dag.py:3089} INFO - Sync 1 DAGs
[2026-09-18T22:53:38.363+0000] {logging_mixin.py:188} INFO - [2026-09-18T22:53:38.363+0000] {dag.py:3947} INFO - Setting next_dagrun for youtube_english_video_pipeline to 2026-09-18 12:00:00+00:00, run_after=2026-09-19 12:00:00+00:00
[2026-09-18T22:53:38.386+0000] {processor.py:183} INFO - Processing /opt/airflow/dags/youtube_pipeline.py took 0.156 seconds
[2026-09-18T22:54:08.681+0000] {processor.py:161} INFO - Started process (PID=12330) to work on /opt/airflow/dags/youtube_pipeline.py
[2026-09-18T22:54:08.682+0000] {processor.py:830} INFO - Processing file /opt/airflow/dags/youtube_pipeline.py for tasks to queue
[2026-09-18T22:54:08.686+0000] {logging_mixin.py:188} INFO - [2026-09-18T22:54:08.685+0000] {dagbag.py:545} INFO - Filling up the DagBag from /opt/airflow/dags/youtube_pipeline.py
[2026-09-18T22:54:08.726+0000] {processor.py:840} INFO - DAG(s) 'youtube_english_video_pipeline' retrieved from /opt/airflow/dags/youtube_pipeline.py
[2026-09-18T22:54:08.774+0000] {logging_mixin.py:188} INFO - [2026-09-18T22:54:08.773+0000] {dag.py:3089} INFO - Sync 1 DAGs
[2026-09-18T22:54:08.796+0000] {logging_mixin.py:188} INFO - [2026-09-18T22:54:08.796+0000] {dag.py:3947} INFO - Setting next_dagrun for youtube_english_video_pipeline to 2026-09-18 12:00:00+00:00, run_after=2026-09-19 12:00:00+00:00
[2026-09-18T22:54:08.830+0000] {processor.py:183} INFO - Processing /opt/airflow/dags/youtube_pipeline.py took 0.159 seconds
[2026-09-18T22:54:38.910+0000] {processor.py:161} INFO - Started process (PID=12335) to work on /opt/airflow/dags/youtube_pipeline.py
[2026-09-18T22:54:38.912+0000] {processor.py:830} INFO - Processing file /opt/airflow/dags/youtube_pipeline.py for tasks to queue
[2026-09-18T22:54:38.915+0000] {logging_mixin.py:188} INFO - [2026-09-18T22:54:38.914+0000] {dagbag.py:545} INFO - Filling up the DagBag from /opt/airflow/dags/youtube_pipeline.py
[2026-09-18T22:54:38.963+0000] {processor.py:840} INFO - DAG(s) 'youtube_english_video_pipeline' retrieved from /opt/airflow/dags/youtube_pipeline.py
[2026-09-18T22:54:39.017+0000] {logging_mixin.py:188} INFO - [2026-09-18T22:54:39.017+0000] {dag.py:3089} INFO - Sync 1 DAGs
[2026-09-18T22:54:39.040+0000] {logging_mixin.py:188} INFO - [2026-09-18T22:54:39.040+0000] {dag.py:3947} INFO - Setting next_dagrun for youtube_english_video_pipeline to 2026-09-18 12:00:00+00:00, run_after=2026-09-19 12:00:00+00:00
[2026-09-18T22:54:39.061+0000] {processor.py:183} INFO - Processing /opt/airflow/dags/youtube_pipeline.py took 0.158 seconds
[2026-09-18T22:55:09.327+0000] {processor.py:161} INFO - Started process (PID=12340) to work on /opt/airflow/dags/youtube_pipeline.py
[2026-09-18T22:55:09.328+0000] {processor.py:830} INFO - Processing file /opt/airflow/dags/youtube_pipeline.py for tasks to queue
[2026-09-18T22:55:09.332+0000] {logging_mixin.py:188} INFO - [2026-09-18T22:55:09.331+0000] {dagbag.py:545} INFO - Filling up the DagBag from /opt/airflow/dags/youtube_pipeline.py
[2026-09-18T22:55:09.382+0000] {processor.py:840} INFO - DAG(s) 'youtube_english_video_pipeline' retrieved from /opt/airflow/dags/youtube_pipeline.py
[2026-09-18T22:55:09.434+0000] {logging_mixin.py:188} INFO - [2026-09-18T22:55:09.434+0000] {dag.py:3089} INFO - Sync 1 DAGs
[2026-09-18T22:55:09.471+0000] {logging_mixin.py:188} INFO - [2026-09-18T22:55:09.471+0000] {dag.py:3947} INFO - Setting next_dagrun for youtube_english_video_pipeline to 2026-09-18 12:00:00+00:00, run_after=2026-09-19 12:00:00+00:00
[2026-09-18T22:55:09.499+0000] {processor.py:183} INFO - Processing /opt/airflow/dags/youtube_pipeline.py took 0.183 seconds
[2026-09-18T22:55:39.736+0000] {processor.py:161} INFO - Started process (PID=12345) to work on /opt/airflow/dags/youtube_pipeline.py
[2026-09-18T22:55:39.738+0000] {processor.py:830} INFO - Processing file /opt/airflow/dags/youtube_pipeline.py for tasks to queue
[2026-09-18T22:55:39.740+0000] {logging_mixin.py:188} INFO - [2026-09-18T22:55:39.740+0000] {dagbag.py:545} INFO - Filling up the DagBag from /opt/airflow/dags/youtube_pipeline.py
[2026-09-18T22:55:39.792+0000] {processor.py:840} INFO - DAG(s) 'youtube_english_video_pipeline' retrieved from /opt/airflow/dags/youtube_pipeline.py
[2026-09-18T22:55:39.847+0000] {logging_mixin.py:188} INFO - [2026-09-18T22:55:39.847+0000] {dag.py:3089} INFO - Sync 1 DAGs
[2026-09-18T22:55:39.883+0000] {logging_mixin.py:188} INFO - [2026-09-18T22:55:39.882+0000] {dag.py:3947} INFO - Setting next_dagrun for youtube_english_video_pipeline to 2026-09-18 12:00:00+00:00, run_after=2026-09-19 12:00:00+00:00
[2026-09-18T22:55:39.919+0000] {processor.py:183} INFO - Processing /opt/airflow/dags/youtube_pipeline.py took 0.193 seconds
[2026-09-18T22:56:10.671+0000] {processor.py:161} INFO - Started process (PID=12350) to work on /opt/airflow/dags/youtube_pipeline.py
[2026-09-18T22:56:10.687+0000] {processor.py:830} INFO - Processing file /opt/airflow/dags/youtube_pipeline.py for tasks to queue
[2026-09-18T22:56:10.706+0000] {logging_mixin.py:188} INFO - [2026-09-18T22:56:10.704+0000] {dagbag.py:545} INFO - Filling up the DagBag from /opt/airflow/dags/youtube_pipeline.py
[2026-09-18T22:56:10.992+0000] {processor.py:840} INFO - DAG(s) 'youtube_english_video_pipeline' retrieved from /opt/airflow/dags/youtube_pipeline.py
[2026-09-18T22:56:11.054+0000] {logging_mixin.py:188} INFO - [2026-09-18T22:56:11.053+0000] {dag.py:3089} INFO - Sync 1 DAGs
[2026-09-18T22:56:11.081+0000] {logging_mixin.py:188} INFO - [2026-09-18T22:56:11.081+0000] {dag.py:3947} INFO - Setting next_dagrun for youtube_english_video_pipeline to 2026-09-18 12:00:00+00:00, run_after=2026-09-19 12:00:00+00:00
[2026-09-18T22:56:11.144+0000] {processor.py:183} INFO - Processing /opt/airflow/dags/youtube_pipeline.py took 0.504 seconds
[2026-09-18T22:56:41.427+0000] {processor.py:161} INFO - Started process (PID=12355) to work on /opt/airflow/dags/youtube_pipeline.py
[2026-09-18T22:56:41.428+0000] {processor.py:830} INFO - Processing file /opt/airflow/dags/youtube_pipeline.py for tasks to queue
[2026-09-18T22:56:41.430+0000] {logging_mixin.py:188} INFO - [2026-09-18T22:56:41.430+0000] {dagbag.py:545} INFO - Filling up the DagBag from /opt/airflow/dags/youtube_pipeline.py
[2026-09-18T22:56:41.499+0000] {processor.py:840} INFO - DAG(s) 'youtube_english_video_pipeline' retrieved from /opt/airflow/dags/youtube_pipeline.py
[2026-09-18T22:56:41.562+0000] {logging_mixin.py:188} INFO - [2026-09-18T22:56:41.562+0000] {dag.py:3089} INFO - Sync 1 DAGs
[2026-09-18T22:56:41.589+0000] {logging_mixin.py:188} INFO - [2026-09-18T22:56:41.589+0000] {dag.py:3947} INFO - Setting next_dagrun for youtube_english_video_pipeline to 2026-09-18 12:00:00+00:00, run_after=2026-09-19 12:00:00+00:00
[2026-09-18T22:56:41.612+0000] {processor.py:183} INFO - Processing /opt/airflow/dags/youtube_pipeline.py took 0.195 seconds
[2026-09-18T22:57:11.909+0000] {processor.py:161} INFO - Started process (PID=12360) to work on /opt/airflow/dags/youtube_pipeline.py
[2026-09-18T22:57:11.914+0000] {processor.py:830} INFO - Processing file /opt/airflow/dags/youtube_pipeline.py for tasks to queue
[2026-09-18T22:57:11.923+0000] {logging_mixin.py:188} INFO - [2026-09-18T22:57:11.923+0000] {dagbag.py:545} INFO - Filling up the DagBag from /opt/airflow/dags/youtube_pipeline.py
[2026-09-18T22:57:12.109+0000] {processor.py:840} INFO - DAG(s) 'youtube_english_video_pipeline' retrieved from /opt/airflow/dags/youtube_pipeline.py
[2026-09-18T22:57:12.160+0000] {logging_mixin.py:188} INFO - [2026-09-18T22:57:12.160+0000] {dag.py:3089} INFO - Sync 1 DAGs
[2026-09-18T22:57:12.189+0000] {logging_mixin.py:188} INFO - [2026-09-18T22:57:12.189+0000] {dag.py:3947} INFO - Setting next_dagrun for youtube_english_video_pipeline to 2026-09-18 12:00:00+00:00, run_after=2026-09-19 12:00:00+00:00
[2026-09-18T22:57:12.222+0000] {processor.py:183} INFO - Processing /opt/airflow/dags/youtube_pipeline.py took 0.324 seconds
[2026-09-18T22:57:42.501+0000] {processor.py:161} INFO - Started process (PID=12365) to work on /opt/airflow/dags/youtube_pipeline.py
[2026-09-18T22:57:42.505+0000] {processor.py:830} INFO - Processing file /opt/airflow/dags/youtube_pipeline.py for tasks to queue
[2026-09-18T22:57:42.507+0000] {logging_mixin.py:188} INFO - [2026-09-18T22:57:42.507+0000] {dagbag.py:545} INFO - Filling up the DagBag from /opt/airflow/dags/youtube_pipeline.py
[2026-09-18T22:57:42.553+0000] {processor.py:840} INFO - DAG(s) 'youtube_english_video_pipeline' retrieved from /opt/airflow/dags/youtube_pipeline.py
[2026-09-18T22:57:42.603+0000] {logging_mixin.py:188} INFO - [2026-09-18T22:57:42.603+0000] {dag.py:3089} INFO - Sync 1 DAGs
[2026-09-18T22:57:42.626+0000] {logging_mixin.py:188} INFO - [2026-09-18T22:57:42.626+0000] {dag.py:3947} INFO - Setting next_dagrun for youtube_english_video_pipeline to 2026-09-18 12:00:00+00:00, run_after=2026-09-19 12:00:00+00:00
[2026-09-18T22:57:42.651+0000] {processor.py:183} INFO - Processing /opt/airflow/dags/youtube_pipeline.py took 0.159 seconds
[2026-09-18T22:58:12.716+0000] {processor.py:161} INFO - Started process (PID=12370) to work on /opt/airflow/dags/youtube_pipeline.py
[2026-09-18T22:58:12.718+0000] {processor.py:830} INFO - Processing file /opt/airflow/dags/youtube_pipeline.py for tasks to queue
[2026-09-18T22:58:12.721+0000] {logging_mixin.py:188} INFO - [2026-09-18T22:58:12.720+0000] {dagbag.py:545} INFO - Filling up the DagBag from /opt/airflow/dags/youtube_pipeline.py
[2026-09-18T22:58:12.767+0000] {processor.py:840} INFO - DAG(s) 'youtube_english_video_pipeline' retrieved from /opt/airflow/dags/youtube_pipeline.py
[2026-09-18T22:58:12.830+0000] {logging_mixin.py:188} INFO - [2026-09-18T22:58:12.830+0000] {dag.py:3089} INFO - Sync 1 DAGs
[2026-09-18T22:58:12.852+0000] {logging_mixin.py:188} INFO - [2026-09-18T22:58:12.852+0000] {dag.py:3947} INFO - Setting next_dagrun for youtube_english_video_pipeline to 2026-09-18 12:00:00+00:00, run_after=2026-09-19 12:00:00+00:00
[2026-09-18T22:58:12.879+0000] {processor.py:183} INFO - Processing /opt/airflow/dags/youtube_pipeline.py took 0.173 seconds
[2026-09-18T22:58:43.151+0000] {processor.py:161} INFO - Started process (PID=12375) to work on /opt/airflow/dags/youtube_pipeline.py
[2026-09-18T22:58:43.152+0000] {processor.py:830} INFO - Processing file /opt/airflow/dags/youtube_pipeline.py for tasks to queue
[2026-09-18T22:58:43.155+0000] {logging_mixin.py:188} INFO - [2026-09-18T22:58:43.155+0000] {dagbag.py:545} INFO - Filling up the DagBag from /opt/airflow/dags/youtube_pipeline.py
[2026-09-18T22:58:43.203+0000] {processor.py:840} INFO - DAG(s) 'youtube_english_video_pipeline' retrieved from /opt/airflow/dags/youtube_pipeline.py
[2026-09-18T22:58:43.248+0000] {logging_mixin.py:188} INFO - [2026-09-18T22:58:43.248+0000] {dag.py:3089} INFO - Sync 1 DAGs
[2026-09-18T22:58:43.269+0000] {logging_mixin.py:188} INFO - [2026-09-18T22:58:43.269+0000] {dag.py:3947} INFO - Setting next_dagrun for youtube_english_video_pipeline to 2026-09-18 12:00:00+00:00, run_after=2026-09-19 12:00:00+00:00
[2026-09-18T22:58:43.304+0000] {processor.py:183} INFO - Processing /opt/airflow/dags/youtube_pipeline.py took 0.162 seconds
[2026-09-18T22:59:13.398+0000] {processor.py:161} INFO - Started process (PID=12380) to work on /opt/airflow/dags/youtube_pipeline.py
[2026-09-18T22:59:13.400+0000] {processor.py:830} INFO - Processing file /opt/airflow/dags/youtube_pipeline.py for tasks to queue
[2026-09-18T22:59:13.402+0000] {logging_mixin.py:188} INFO - [2026-09-18T22:59:13.402+0000] {dagbag.py:545} INFO - Filling up the DagBag from /opt/airflow/dags/youtube_pipeline.py
[2026-09-18T22:59:13.451+0000] {processor.py:840} INFO - DAG(s) 'youtube_english_video_pipeline' retrieved from /opt/airflow/dags/youtube_pipeline.py
[2026-09-18T22:59:13.514+0000] {logging_mixin.py:188} INFO - [2026-09-18T22:59:13.513+0000] {dag.py:3089} INFO - Sync 1 DAGs
[2026-09-18T22:59:13.536+0000] {logging_mixin.py:188} INFO - [2026-09-18T22:59:13.536+0000] {dag.py:3947} INFO - Setting next_dagrun for youtube_english_video_pipeline to 2026-09-18 12:00:00+00:00, run_after=2026-09-19 12:00:00+00:00
[2026-09-18T22:59:13.563+0000] {processor.py:183} INFO - Processing /opt/airflow/dags/youtube_pipeline.py took 0.174 seconds
[2026-09-18T22:59:43.812+0000] {processor.py:161} INFO - Started process (PID=12385) to work on /opt/airflow/dags/youtube_pipeline.py
[2026-09-18T22:59:43.813+0000] {processor.py:830} INFO - Processing file /opt/airflow/dags/youtube_pipeline.py for tasks to queue
[2026-09-18T22:59:43.817+0000] {logging_mixin.py:188} INFO - [2026-09-18T22:59:43.816+0000] {dagbag.py:545} INFO - Filling up the DagBag from /opt/airflow/dags/youtube_pipeline.py
[2026-09-18T22:59:43.872+0000] {processor.py:840} INFO - DAG(s) 'youtube_english_video_pipeline' retrieved from /opt/airflow/dags/youtube_pipeline.py
[2026-09-18T22:59:43.940+0000] {logging_mixin.py:188} INFO - [2026-09-18T22:59:43.939+0000] {dag.py:3089} INFO - Sync 1 DAGs
[2026-09-18T22:59:43.966+0000] {logging_mixin.py:188} INFO - [2026-09-18T22:59:43.965+0000] {dag.py:3947} INFO - Setting next_dagrun for youtube_english_video_pipeline to 2026-09-18 12:00:00+00:00, run_after=2026-09-19 12:00:00+00:00
[2026-09-18T22:59:43.996+0000] {processor.py:183} INFO - Processing /opt/airflow/dags/youtube_pipeline.py took 0.192 seconds
[2026-09-18T23:00:14.073+0000] {processor.py:161} INFO - Started process (PID=12390) to work on /opt/airflow/dags/youtube_pipeline.py
[2026-09-18T23:00:14.075+0000] {processor.py:830} INFO - Processing file /opt/airflow/dags/youtube_pipeline.py for tasks to queue
[2026-09-18T23:00:14.077+0000] {logging_mixin.py:188} INFO - [2026-09-18T23:00:14.076+0000] {dagbag.py:545} INFO - Filling up the DagBag from /opt/airflow/dags/youtube_pipeline.py
[2026-09-18T23:00:14.111+0000] {processor.py:840} INFO - DAG(s) 'youtube_english_video_pipeline' retrieved from /opt/airflow/dags/youtube_pipeline.py
[2026-09-18T23:00:14.161+0000] {logging_mixin.py:188} INFO - [2026-09-18T23:00:14.161+0000] {dag.py:3089} INFO - Sync 1 DAGs
[2026-09-18T23:00:14.192+0000] {logging_mixin.py:188} INFO - [2026-09-18T23:00:14.191+0000] {dag.py:3947} INFO - Setting next_dagrun for youtube_english_video_pipeline to 2026-09-18 12:00:00+00:00, run_after=2026-09-19 12:00:00+00:00
[2026-09-18T23:00:14.225+0000] {processor.py:183} INFO - Processing /opt/airflow/dags/youtube_pipeline.py took 0.161 seconds
[2026-09-18T23:00:44.507+0000] {processor.py:161} INFO - Started process (PID=12395) to work on /opt/airflow/dags/youtube_pipeline.py
[2026-09-18T23:00:44.509+0000] {processor.py:830} INFO - Processing file /opt/airflow/dags/youtube_pipeline.py for tasks to queue
[2026-09-18T23:00:44.516+0000] {logging_mixin.py:188} INFO - [2026-09-18T23:00:44.515+0000] {dagbag.py:545} INFO - Filling up the DagBag from /opt/airflow/dags/youtube_pipeline.py
[2026-09-18T23:00:44.593+0000] {processor.py:840} INFO - DAG(s) 'youtube_english_video_pipeline' retrieved from /opt/airflow/dags/youtube_pipeline.py
[2026-09-18T23:00:44.670+0000] {logging_mixin.py:188} INFO - [2026-09-18T23:00:44.670+0000] {dag.py:3089} INFO - Sync 1 DAGs
[2026-09-18T23:00:44.699+0000] {logging_mixin.py:188} INFO - [2026-09-18T23:00:44.699+0000] {dag.py:3947} INFO - Setting next_dagrun for youtube_english_video_pipeline to 2026-09-18 12:00:00+00:00, run_after=2026-09-19 12:00:00+00:00
[2026-09-18T23:00:44.723+0000] {processor.py:183} INFO - Processing /opt/airflow/dags/youtube_pipeline.py took 0.227 seconds
[2026-09-18T23:01:14.948+0000] {processor.py:161} INFO - Started process (PID=12400) to work on /opt/airflow/dags/youtube_pipeline.py
[2026-09-18T23:01:14.949+0000] {processor.py:830} INFO - Processing file /opt/airflow/dags/youtube_pipeline.py for tasks to queue
[2026-09-18T23:01:14.952+0000] {logging_mixin.py:188} INFO - [2026-09-18T23:01:14.951+0000] {dagbag.py:545} INFO - Filling up the DagBag from /opt/airflow/dags/youtube_pipeline.py
[2026-09-18T23:01:14.989+0000] {processor.py:840} INFO - DAG(s) 'youtube_english_video_pipeline' retrieved from /opt/airflow/dags/youtube_pipeline.py
[2026-09-18T23:01:15.041+0000] {logging_mixin.py:188} INFO - [2026-09-18T23:01:15.041+0000] {dag.py:3089} INFO - Sync 1 DAGs
[2026-09-18T23:01:15.068+0000] {logging_mixin.py:188} INFO - [2026-09-18T23:01:15.068+0000] {dag.py:3947} INFO - Setting next_dagrun for youtube_english_video_pipeline to 2026-09-18 12:00:00+00:00, run_after=2026-09-19 12:00:00+00:00
[2026-09-18T23:01:15.091+0000] {processor.py:183} INFO - Processing /opt/airflow/dags/youtube_pipeline.py took 0.151 seconds
[2026-09-18T23:01:45.222+0000] {processor.py:161} INFO - Started process (PID=12405) to work on /opt/airflow/dags/youtube_pipeline.py
[2026-09-18T23:01:45.224+0000] {processor.py:830} INFO - Processing file /opt/airflow/dags/youtube_pipeline.py for tasks to queue
[2026-09-18T23:01:45.227+0000] {logging_mixin.py:188} INFO - [2026-09-18T23:01:45.226+0000] {dagbag.py:545} INFO - Filling up the DagBag from /opt/airflow/dags/youtube_pipeline.py
[2026-09-18T23:01:45.274+0000] {processor.py:840} INFO - DAG(s) 'youtube_english_video_pipeline' retrieved from /opt/airflow/dags/youtube_pipeline.py
[2026-09-18T23:01:45.321+0000] {logging_mixin.py:188} INFO - [2026-09-18T23:01:45.321+0000] {dag.py:3089} INFO - Sync 1 DAGs
[2026-09-18T23:01:45.341+0000] {logging_mixin.py:188} INFO - [2026-09-18T23:01:45.341+0000] {dag.py:3947} INFO - Setting next_dagrun for youtube_english_video_pipeline to 2026-09-18 12:00:00+00:00, run_after=2026-09-19 12:00:00+00:00
[2026-09-18T23:01:45.377+0000] {processor.py:183} INFO - Processing /opt/airflow/dags/youtube_pipeline.py took 0.163 seconds
[2026-09-18T23:02:15.678+0000] {processor.py:161} INFO - Started process (PID=12410) to work on /opt/airflow/dags/youtube_pipeline.py
[2026-09-18T23:02:15.679+0000] {processor.py:830} INFO - Processing file /opt/airflow/dags/youtube_pipeline.py for tasks to queue
[2026-09-18T23:02:15.681+0000] {logging_mixin.py:188} INFO - [2026-09-18T23:02:15.681+0000] {dagbag.py:545} INFO - Filling up the DagBag from /opt/airflow/dags/youtube_pipeline.py
[2026-09-18T23:02:15.728+0000] {processor.py:840} INFO - DAG(s) 'youtube_english_video_pipeline' retrieved from /opt/airflow/dags/youtube_pipeline.py
[2026-09-18T23:02:15.773+0000] {logging_mixin.py:188} INFO - [2026-09-18T23:02:15.773+0000] {dag.py:3089} INFO - Sync 1 DAGs
[2026-09-18T23:02:15.798+0000] {logging_mixin.py:188} INFO - [2026-09-18T23:02:15.798+0000] {dag.py:3947} INFO - Setting next_dagrun for youtube_english_video_pipeline to 2026-09-18 12:00:00+00:00, run_after=2026-09-19 12:00:00+00:00
[2026-09-18T23:02:15.820+0000] {processor.py:183} INFO - Processing /opt/airflow/dags/youtube_pipeline.py took 0.149 seconds
[2026-09-18T23:02:45.879+0000] {processor.py:161} INFO - Started process (PID=12415) to work on /opt/airflow/dags/youtube_pipeline.py
[2026-09-18T23:02:45.881+0000] {processor.py:830} INFO - Processing file /opt/airflow/dags/youtube_pipeline.py for tasks to queue
[2026-09-18T23:02:45.883+0000] {logging_mixin.py:188} INFO - [2026-09-18T23:02:45.883+0000] {dagbag.py:545} INFO - Filling up the DagBag from /opt/airflow/dags/youtube_pipeline.py
[2026-09-18T23:02:45.929+0000] {processor.py:840} INFO - DAG(s) 'youtube_english_video_pipeline' retrieved from /opt/airflow/dags/youtube_pipeline.py
[2026-09-18T23:02:45.982+0000] {logging_mixin.py:188} INFO - [2026-09-18T23:02:45.982+0000] {dag.py:3089} INFO - Sync 1 DAGs
[2026-09-18T23:02:46.010+0000] {logging_mixin.py:188} INFO - [2026-09-18T23:02:46.010+0000] {dag.py:3947} INFO - Setting next_dagrun for youtube_english_video_pipeline to 2026-09-18 12:00:00+00:00, run_after=2026-09-19 12:00:00+00:00
[2026-09-18T23:02:46.033+0000] {processor.py:183} INFO - Processing /opt/airflow/dags/youtube_pipeline.py took 0.162 seconds
[2026-09-18T23:03:16.250+0000] {processor.py:161} INFO - Started process (PID=12420) to work on /opt/airflow/dags/youtube_pipeline.py
[2026-09-18T23:03:16.251+0000] {processor.py:830} INFO - Processing file /opt/airflow/dags/youtube_pipeline.py for tasks to queue
[2026-09-18T23:03:16.253+0000] {logging_mixin.py:188} INFO - [2026-09-18T23:03:16.253+0000] {dagbag.py:545} INFO - Filling up the DagBag from /opt/airflow/dags/youtube_pipeline.py
[2026-09-18T23:03:16.303+0000] {processor.py:840} INFO - DAG(s) 'youtube_english_video_pipeline' retrieved from /opt/airflow/dags/youtube_pipeline.py
[2026-09-18T23:03:16.351+0000] {logging_mixin.py:188} INFO - [2026-09-18T23:03:16.351+0000] {dag.py:3089} INFO - Sync 1 DAGs
[2026-09-18T23:03:16.371+0000] {logging_mixin.py:188} INFO - [2026-09-18T23:03:16.371+0000] {dag.py:3947} INFO - Setting next_dagrun for youtube_english_video_pipeline to 2026-09-18 12:00:00+00:00, run_after=2026-09-19 12:00:00+00:00
[2026-09-18T23:03:16.393+0000] {processor.py:183} INFO - Processing /opt/airflow/dags/youtube_pipeline.py took 0.150 seconds
[2026-09-18T23:03:46.508+0000] {processor.py:161} INFO - Started process (PID=12425) to work on /opt/airflow/dags/youtube_pipeline.py
[2026-09-18T23:03:46.509+0000] {processor.py:830} INFO - Processing file /opt/airflow/dags/youtube_pipeline.py for tasks to queue
[2026-09-18T23:03:46.511+0000] {logging_mixin.py:188} INFO - [2026-09-18T23:03:46.511+0000] {dagbag.py:545} INFO - Filling up the DagBag from /opt/airflow/dags/youtube_pipeline.py
[2026-09-18T23:03:46.561+0000] {processor.py:840} INFO - DAG(s) 'youtube_english_video_pipeline' retrieved from /opt/airflow/dags/youtube_pipeline.py
[2026-09-18T23:03:46.609+0000] {logging_mixin.py:188} INFO - [2026-09-18T23:03:46.608+0000] {dag.py:3089} INFO - Sync 1 DAGs
[2026-09-18T23:03:46.629+0000] {logging_mixin.py:188} INFO - [2026-09-18T23:03:46.629+0000] {dag.py:3947} INFO - Setting next_dagrun for youtube_english_video_pipeline to 2026-09-18 12:00:00+00:00, run_after=2026-09-19 12:00:00+00:00
[2026-09-18T23:03:46.671+0000] {processor.py:183} INFO - Processing /opt/airflow/dags/youtube_pipeline.py took 0.171 seconds
[2026-09-18T23:04:16.872+0000] {processor.py:161} INFO - Started process (PID=12430) to work on /opt/airflow/dags/youtube_pipeline.py
[2026-09-18T23:04:16.873+0000] {processor.py:830} INFO - Processing file /opt/airflow/dags/youtube_pipeline.py for tasks to queue
[2026-09-18T23:04:16.875+0000] {logging_mixin.py:188} INFO - [2026-09-18T23:04:16.875+0000] {dagbag.py:545} INFO - Filling up the DagBag from /opt/airflow/dags/youtube_pipeline.py
[2026-09-18T23:04:16.919+0000] {processor.py:840} INFO - DAG(s) 'youtube_english_video_pipeline' retrieved from /opt/airflow/dags/youtube_pipeline.py
[2026-09-18T23:04:16.980+0000] {logging_mixin.py:188} INFO - [2026-09-18T23:04:16.980+0000] {dag.py:3089} INFO - Sync 1 DAGs
[2026-09-18T23:04:17.001+0000] {logging_mixin.py:188} INFO - [2026-09-18T23:04:17.001+0000] {dag.py:3947} INFO - Setting next_dagrun for youtube_english_video_pipeline to 2026-09-18 12:00:00+00:00, run_after=2026-09-19 12:00:00+00:00
[2026-09-18T23:04:17.044+0000] {processor.py:183} INFO - Processing /opt/airflow/dags/youtube_pipeline.py took 0.181 seconds
[2026-09-18T23:04:47.184+0000] {processor.py:161} INFO - Started process (PID=12435) to work on /opt/airflow/dags/youtube_pipeline.py
[2026-09-18T23:04:47.186+0000] {processor.py:830} INFO - Processing file /opt/airflow/dags/youtube_pipeline.py for tasks to queue
[2026-09-18T23:04:47.188+0000] {logging_mixin.py:188} INFO - [2026-09-18T23:04:47.188+0000] {dagbag.py:545} INFO - Filling up the DagBag from /opt/airflow/dags/youtube_pipeline.py
[2026-09-18T23:04:47.235+0000] {processor.py:840} INFO - DAG(s) 'youtube_english_video_pipeline' retrieved from /opt/airflow/dags/youtube_pipeline.py
[2026-09-18T23:04:47.284+0000] {logging_mixin.py:188} INFO - [2026-09-18T23:04:47.283+0000] {dag.py:3089} INFO - Sync 1 DAGs
[2026-09-18T23:04:47.315+0000] {logging_mixin.py:188} INFO - [2026-09-18T23:04:47.314+0000] {dag.py:3947} INFO - Setting next_dagrun for youtube_english_video_pipeline to 2026-09-18 12:00:00+00:00, run_after=2026-09-19 12:00:00+00:00
[2026-09-18T23:04:47.346+0000] {processor.py:183} INFO - Processing /opt/airflow/dags/youtube_pipeline.py took 0.171 seconds
[2026-09-18T23:05:17.569+0000] {processor.py:161} INFO - Started process (PID=12440) to work on /opt/airflow/dags/youtube_pipeline.py
[2026-09-18T23:05:17.570+0000] {processor.py:830} INFO - Processing file /opt/airflow/dags/youtube_pipeline.py for tasks to queue
[2026-09-18T23:05:17.573+0000] {logging_mixin.py:188} INFO - [2026-09-18T23:05:17.573+0000] {dagbag.py:545} INFO - Filling up the DagBag from /opt/airflow/dags/youtube_pipeline.py
[2026-09-18T23:05:17.636+0000] {processor.py:840} INFO - DAG(s) 'youtube_english_video_pipeline' retrieved from /opt/airflow/dags/youtube_pipeline.py
[2026-09-18T23:05:17.717+0000] {logging_mixin.py:188} INFO - [2026-09-18T23:05:17.717+0000] {dag.py:3089} INFO - Sync 1 DAGs
[2026-09-18T23:05:17.757+0000] {logging_mixin.py:188} INFO - [2026-09-18T23:05:17.757+0000] {dag.py:3947} INFO - Setting next_dagrun for youtube_english_video_pipeline to 2026-09-18 12:00:00+00:00, run_after=2026-09-19 12:00:00+00:00
[2026-09-18T23:05:17.788+0000] {processor.py:183} INFO - Processing /opt/airflow/dags/youtube_pipeline.py took 0.232 seconds
[2026-09-18T23:05:47.875+0000] {processor.py:161} INFO - Started process (PID=12445) to work on /opt/airflow/dags/youtube_pipeline.py
[2026-09-18T23:05:47.877+0000] {processor.py:830} INFO - Processing file /opt/airflow/dags/youtube_pipeline.py for tasks to queue
[2026-09-18T23:05:47.881+0000] {logging_mixin.py:188} INFO - [2026-09-18T23:05:47.880+0000] {dagbag.py:545} INFO - Filling up the DagBag from /opt/airflow/dags/youtube_pipeline.py
[2026-09-18T23:05:47.940+0000] {processor.py:840} INFO - DAG(s) 'youtube_english_video_pipeline' retrieved from /opt/airflow/dags/youtube_pipeline.py
[2026-09-18T23:05:48.006+0000] {logging_mixin.py:188} INFO - [2026-09-18T23:05:48.006+0000] {dag.py:3089} INFO - Sync 1 DAGs
[2026-09-18T23:05:48.036+0000] {logging_mixin.py:188} INFO - [2026-09-18T23:05:48.035+0000] {dag.py:3947} INFO - Setting next_dagrun for youtube_english_video_pipeline to 2026-09-18 12:00:00+00:00, run_after=2026-09-19 12:00:00+00:00
[2026-09-18T23:05:48.062+0000] {processor.py:183} INFO - Processing /opt/airflow/dags/youtube_pipeline.py took 0.199 seconds
[2026-09-18T23:06:18.342+0000] {processor.py:161} INFO - Started process (PID=12450) to work on /opt/airflow/dags/youtube_pipeline.py
[2026-09-18T23:06:18.344+0000] {processor.py:830} INFO - Processing file /opt/airflow/dags/youtube_pipeline.py for tasks to queue
[2026-09-18T23:06:18.348+0000] {logging_mixin.py:188} INFO - [2026-09-18T23:06:18.347+0000] {dagbag.py:545} INFO - Filling up the DagBag from /opt/airflow/dags/youtube_pipeline.py
[2026-09-18T23:06:18.417+0000] {processor.py:840} INFO - DAG(s) 'youtube_english_video_pipeline' retrieved from /opt/airflow/dags/youtube_pipeline.py
[2026-09-18T23:06:18.484+0000] {logging_mixin.py:188} INFO - [2026-09-18T23:06:18.484+0000] {dag.py:3089} INFO - Sync 1 DAGs
[2026-09-18T23:06:18.517+0000] {logging_mixin.py:188} INFO - [2026-09-18T23:06:18.517+0000] {dag.py:3947} INFO - Setting next_dagrun for youtube_english_video_pipeline to 2026-09-18 12:00:00+00:00, run_after=2026-09-19 12:00:00+00:00
[2026-09-18T23:06:18.567+0000] {processor.py:183} INFO - Processing /opt/airflow/dags/youtube_pipeline.py took 0.237 seconds
[2026-09-18T23:06:48.869+0000] {processor.py:161} INFO - Started process (PID=12455) to work on /opt/airflow/dags/youtube_pipeline.py
[2026-09-18T23:06:48.871+0000] {processor.py:830} INFO - Processing file /opt/airflow/dags/youtube_pipeline.py for tasks to queue
[2026-09-18T23:06:48.874+0000] {logging_mixin.py:188} INFO - [2026-09-18T23:06:48.874+0000] {dagbag.py:545} INFO - Filling up the DagBag from /opt/airflow/dags/youtube_pipeline.py
[2026-09-18T23:06:48.936+0000] {processor.py:840} INFO - DAG(s) 'youtube_english_video_pipeline' retrieved from /opt/airflow/dags/youtube_pipeline.py
[2026-09-18T23:06:48.993+0000] {logging_mixin.py:188} INFO - [2026-09-18T23:06:48.993+0000] {dag.py:3089} INFO - Sync 1 DAGs
[2026-09-18T23:06:49.020+0000] {logging_mixin.py:188} INFO - [2026-09-18T23:06:49.019+0000] {dag.py:3947} INFO - Setting next_dagrun for youtube_english_video_pipeline to 2026-09-18 12:00:00+00:00, run_after=2026-09-19 12:00:00+00:00
[2026-09-18T23:06:49.060+0000] {processor.py:183} INFO - Processing /opt/airflow/dags/youtube_pipeline.py took 0.201 seconds
[2026-09-18T23:07:19.236+0000] {processor.py:161} INFO - Started process (PID=12460) to work on /opt/airflow/dags/youtube_pipeline.py
[2026-09-18T23:07:19.238+0000] {processor.py:830} INFO - Processing file /opt/airflow/dags/youtube_pipeline.py for tasks to queue
[2026-09-18T23:07:19.241+0000] {logging_mixin.py:188} INFO - [2026-09-18T23:07:19.241+0000] {dagbag.py:545} INFO - Filling up the DagBag from /opt/airflow/dags/youtube_pipeline.py
[2026-09-18T23:07:19.296+0000] {processor.py:840} INFO - DAG(s) 'youtube_english_video_pipeline' retrieved from /opt/airflow/dags/youtube_pipeline.py
[2026-09-18T23:07:19.369+0000] {logging_mixin.py:188} INFO - [2026-09-18T23:07:19.369+0000] {dag.py:3089} INFO - Sync 1 DAGs
[2026-09-18T23:07:19.402+0000] {logging_mixin.py:188} INFO - [2026-09-18T23:07:19.401+0000] {dag.py:3947} INFO - Setting next_dagrun for youtube_english_video_pipeline to 2026-09-18 12:00:00+00:00, run_after=2026-09-19 12:00:00+00:00
[2026-09-18T23:07:19.439+0000] {processor.py:183} INFO - Processing /opt/airflow/dags/youtube_pipeline.py took 0.214 seconds
[2026-09-18T23:07:49.614+0000] {processor.py:161} INFO - Started process (PID=12465) to work on /opt/airflow/dags/youtube_pipeline.py
[2026-09-18T23:07:49.616+0000] {processor.py:830} INFO - Processing file /opt/airflow/dags/youtube_pipeline.py for tasks to queue
[2026-09-18T23:07:49.619+0000] {logging_mixin.py:188} INFO - [2026-09-18T23:07:49.619+0000] {dagbag.py:545} INFO - Filling up the DagBag from /opt/airflow/dags/youtube_pipeline.py
[2026-09-18T23:07:49.665+0000] {processor.py:840} INFO - DAG(s) 'youtube_english_video_pipeline' retrieved from /opt/airflow/dags/youtube_pipeline.py
[2026-09-18T23:07:49.734+0000] {logging_mixin.py:188} INFO - [2026-09-18T23:07:49.733+0000] {dag.py:3089} INFO - Sync 1 DAGs
[2026-09-18T23:07:49.768+0000] {logging_mixin.py:188} INFO - [2026-09-18T23:07:49.768+0000] {dag.py:3947} INFO - Setting next_dagrun for youtube_english_video_pipeline to 2026-09-18 12:00:00+00:00, run_after=2026-09-19 12:00:00+00:00
[2026-09-18T23:07:49.796+0000] {processor.py:183} INFO - Processing /opt/airflow/dags/youtube_pipeline.py took 0.191 seconds
[2026-09-18T23:08:20.030+0000] {processor.py:161} INFO - Started process (PID=12470) to work on /opt/airflow/dags/youtube_pipeline.py
[2026-09-18T23:08:20.032+0000] {processor.py:830} INFO - Processing file /opt/airflow/dags/youtube_pipeline.py for tasks to queue
[2026-09-18T23:08:20.035+0000] {logging_mixin.py:188} INFO - [2026-09-18T23:08:20.035+0000] {dagbag.py:545} INFO - Filling up the DagBag from /opt/airflow/dags/youtube_pipeline.py
[2026-09-18T23:08:20.100+0000] {processor.py:840} INFO - DAG(s) 'youtube_english_video_pipeline' retrieved from /opt/airflow/dags/youtube_pipeline.py
[2026-09-18T23:08:20.174+0000] {logging_mixin.py:188} INFO - [2026-09-18T23:08:20.174+0000] {dag.py:3089} INFO - Sync 1 DAGs
[2026-09-18T23:08:20.209+0000] {logging_mixin.py:188} INFO - [2026-09-18T23:08:20.209+0000] {dag.py:3947} INFO - Setting next_dagrun for youtube_english_video_pipeline to 2026-09-18 12:00:00+00:00, run_after=2026-09-19 12:00:00+00:00
[2026-09-18T23:08:20.242+0000] {processor.py:183} INFO - Processing /opt/airflow/dags/youtube_pipeline.py took 0.224 seconds
[2026-09-18T23:08:50.360+0000] {processor.py:161} INFO - Started process (PID=12475) to work on /opt/airflow/dags/youtube_pipeline.py
[2026-09-18T23:08:50.362+0000] {processor.py:830} INFO - Processing file /opt/airflow/dags/youtube_pipeline.py for tasks to queue
[2026-09-18T23:08:50.365+0000] {logging_mixin.py:188} INFO - [2026-09-18T23:08:50.364+0000] {dagbag.py:545} INFO - Filling up the DagBag from /opt/airflow/dags/youtube_pipeline.py
[2026-09-18T23:08:50.418+0000] {processor.py:840} INFO - DAG(s) 'youtube_english_video_pipeline' retrieved from /opt/airflow/dags/youtube_pipeline.py
[2026-09-18T23:08:50.487+0000] {logging_mixin.py:188} INFO - [2026-09-18T23:08:50.487+0000] {dag.py:3089} INFO - Sync 1 DAGs
[2026-09-18T23:08:50.517+0000] {logging_mixin.py:188} INFO - [2026-09-18T23:08:50.517+0000] {dag.py:3947} INFO - Setting next_dagrun for youtube_english_video_pipeline to 2026-09-18 12:00:00+00:00, run_after=2026-09-19 12:00:00+00:00
[2026-09-18T23:08:50.555+0000] {processor.py:183} INFO - Processing /opt/airflow/dags/youtube_pipeline.py took 0.205 seconds
[2026-09-18T23:09:20.785+0000] {processor.py:161} INFO - Started process (PID=12480) to work on /opt/airflow/dags/youtube_pipeline.py
[2026-09-18T23:09:20.787+0000] {processor.py:830} INFO - Processing file /opt/airflow/dags/youtube_pipeline.py for tasks to queue
[2026-09-18T23:09:20.790+0000] {logging_mixin.py:188} INFO - [2026-09-18T23:09:20.789+0000] {dagbag.py:545} INFO - Filling up the DagBag from /opt/airflow/dags/youtube_pipeline.py
[2026-09-18T23:09:20.848+0000] {processor.py:840} INFO - DAG(s) 'youtube_english_video_pipeline' retrieved from /opt/airflow/dags/youtube_pipeline.py
[2026-09-18T23:09:20.918+0000] {logging_mixin.py:188} INFO - [2026-09-18T23:09:20.917+0000] {dag.py:3089} INFO - Sync 1 DAGs
[2026-09-18T23:09:20.951+0000] {logging_mixin.py:188} INFO - [2026-09-18T23:09:20.951+0000] {dag.py:3947} INFO - Setting next_dagrun for youtube_english_video_pipeline to 2026-09-18 12:00:00+00:00, run_after=2026-09-19 12:00:00+00:00
[2026-09-18T23:09:20.981+0000] {processor.py:183} INFO - Processing /opt/airflow/dags/youtube_pipeline.py took 0.212 seconds
[2026-09-18T23:09:51.155+0000] {processor.py:161} INFO - Started process (PID=12485) to work on /opt/airflow/dags/youtube_pipeline.py
[2026-09-18T23:09:51.157+0000] {processor.py:830} INFO - Processing file /opt/airflow/dags/youtube_pipeline.py for tasks to queue
[2026-09-18T23:09:51.159+0000] {logging_mixin.py:188} INFO - [2026-09-18T23:09:51.159+0000] {dagbag.py:545} INFO - Filling up the DagBag from /opt/airflow/dags/youtube_pipeline.py
[2026-09-18T23:09:51.203+0000] {processor.py:840} INFO - DAG(s) 'youtube_english_video_pipeline' retrieved from /opt/airflow/dags/youtube_pipeline.py
[2026-09-18T23:09:51.262+0000] {logging_mixin.py:188} INFO - [2026-09-18T23:09:51.262+0000] {dag.py:3089} INFO - Sync 1 DAGs
[2026-09-18T23:09:51.289+0000] {logging_mixin.py:188} INFO - [2026-09-18T23:09:51.289+0000] {dag.py:3947} INFO - Setting next_dagrun for youtube_english_video_pipeline to 2026-09-18 12:00:00+00:00, run_after=2026-09-19 12:00:00+00:00
[2026-09-18T23:09:51.328+0000] {processor.py:183} INFO - Processing /opt/airflow/dags/youtube_pipeline.py took 0.182 seconds
[2026-09-18T23:10:21.509+0000] {processor.py:161} INFO - Started process (PID=12490) to work on /opt/airflow/dags/youtube_pipeline.py
[2026-09-18T23:10:21.511+0000] {processor.py:830} INFO - Processing file /opt/airflow/dags/youtube_pipeline.py for tasks to queue
[2026-09-18T23:10:21.516+0000] {logging_mixin.py:188} INFO - [2026-09-18T23:10:21.515+0000] {dagbag.py:545} INFO - Filling up the DagBag from /opt/airflow/dags/youtube_pipeline.py
[2026-09-18T23:10:21.571+0000] {processor.py:840} INFO - DAG(s) 'youtube_english_video_pipeline' retrieved from /opt/airflow/dags/youtube_pipeline.py
[2026-09-18T23:10:21.638+0000] {logging_mixin.py:188} INFO - [2026-09-18T23:10:21.637+0000] {dag.py:3089} INFO - Sync 1 DAGs
[2026-09-18T23:10:21.668+0000] {logging_mixin.py:188} INFO - [2026-09-18T23:10:21.668+0000] {dag.py:3947} INFO - Setting next_dagrun for youtube_english_video_pipeline to 2026-09-18 12:00:00+00:00, run_after=2026-09-19 12:00:00+00:00
[2026-09-18T23:10:21.698+0000] {processor.py:183} INFO - Processing /opt/airflow/dags/youtube_pipeline.py took 0.199 seconds
[2026-09-18T23:10:51.908+0000] {processor.py:161} INFO - Started process (PID=12495) to work on /opt/airflow/dags/youtube_pipeline.py
[2026-09-18T23:10:51.910+0000] {processor.py:830} INFO - Processing file /opt/airflow/dags/youtube_pipeline.py for tasks to queue
[2026-09-18T23:10:51.913+0000] {logging_mixin.py:188} INFO - [2026-09-18T23:10:51.913+0000] {dagbag.py:545} INFO - Filling up the DagBag from /opt/airflow/dags/youtube_pipeline.py
[2026-09-18T23:10:51.983+0000] {processor.py:840} INFO - DAG(s) 'youtube_english_video_pipeline' retrieved from /opt/airflow/dags/youtube_pipeline.py
[2026-09-18T23:10:52.044+0000] {logging_mixin.py:188} INFO - [2026-09-18T23:10:52.044+0000] {dag.py:3089} INFO - Sync 1 DAGs
[2026-09-18T23:10:52.077+0000] {logging_mixin.py:188} INFO - [2026-09-18T23:10:52.077+0000] {dag.py:3947} INFO - Setting next_dagrun for youtube_english_video_pipeline to 2026-09-18 12:00:00+00:00, run_after=2026-09-19 12:00:00+00:00
[2026-09-18T23:10:52.123+0000] {processor.py:183} INFO - Processing /opt/airflow/dags/youtube_pipeline.py took 0.226 seconds
[2026-09-18T23:11:22.255+0000] {processor.py:161} INFO - Started process (PID=12500) to work on /opt/airflow/dags/youtube_pipeline.py
[2026-09-18T23:11:22.257+0000] {processor.py:830} INFO - Processing file /opt/airflow/dags/youtube_pipeline.py for tasks to queue
[2026-09-18T23:11:22.260+0000] {logging_mixin.py:188} INFO - [2026-09-18T23:11:22.260+0000] {dagbag.py:545} INFO - Filling up the DagBag from /opt/airflow/dags/youtube_pipeline.py
[2026-09-18T23:11:22.323+0000] {processor.py:840} INFO - DAG(s) 'youtube_english_video_pipeline' retrieved from /opt/airflow/dags/youtube_pipeline.py
[2026-09-18T23:11:22.384+0000] {logging_mixin.py:188} INFO - [2026-09-18T23:11:22.384+0000] {dag.py:3089} INFO - Sync 1 DAGs
[2026-09-18T23:11:22.417+0000] {logging_mixin.py:188} INFO - [2026-09-18T23:11:22.417+0000] {dag.py:3947} INFO - Setting next_dagrun for youtube_english_video_pipeline to 2026-09-18 12:00:00+00:00, run_after=2026-09-19 12:00:00+00:00
[2026-09-18T23:11:22.450+0000] {processor.py:183} INFO - Processing /opt/airflow/dags/youtube_pipeline.py took 0.206 seconds
[2026-09-18T23:11:52.684+0000] {processor.py:161} INFO - Started process (PID=12505) to work on /opt/airflow/dags/youtube_pipeline.py
[2026-09-18T23:11:52.685+0000] {processor.py:830} INFO - Processing file /opt/airflow/dags/youtube_pipeline.py for tasks to queue
[2026-09-18T23:11:52.688+0000] {logging_mixin.py:188} INFO - [2026-09-18T23:11:52.688+0000] {dagbag.py:545} INFO - Filling up the DagBag from /opt/airflow/dags/youtube_pipeline.py
[2026-09-18T23:11:52.752+0000] {processor.py:840} INFO - DAG(s) 'youtube_english_video_pipeline' retrieved from /opt/airflow/dags/youtube_pipeline.py
[2026-09-18T23:11:52.812+0000] {logging_mixin.py:188} INFO - [2026-09-18T23:11:52.812+0000] {dag.py:3089} INFO - Sync 1 DAGs
[2026-09-18T23:11:52.843+0000] {logging_mixin.py:188} INFO - [2026-09-18T23:11:52.842+0000] {dag.py:3947} INFO - Setting next_dagrun for youtube_english_video_pipeline to 2026-09-18 12:00:00+00:00, run_after=2026-09-19 12:00:00+00:00
[2026-09-18T23:11:52.869+0000] {processor.py:183} INFO - Processing /opt/airflow/dags/youtube_pipeline.py took 0.194 seconds
[2026-09-18T23:12:22.966+0000] {processor.py:161} INFO - Started process (PID=12510) to work on /opt/airflow/dags/youtube_pipeline.py
[2026-09-18T23:12:22.968+0000] {processor.py:830} INFO - Processing file /opt/airflow/dags/youtube_pipeline.py for tasks to queue
[2026-09-18T23:12:22.971+0000] {logging_mixin.py:188} INFO - [2026-09-18T23:12:22.970+0000] {dagbag.py:545} INFO - Filling up the DagBag from /opt/airflow/dags/youtube_pipeline.py
[2026-09-18T23:12:23.029+0000] {processor.py:840} INFO - DAG(s) 'youtube_english_video_pipeline' retrieved from /opt/airflow/dags/youtube_pipeline.py
[2026-09-18T23:12:23.091+0000] {logging_mixin.py:188} INFO - [2026-09-18T23:12:23.091+0000] {dag.py:3089} INFO - Sync 1 DAGs
[2026-09-18T23:12:23.121+0000] {logging_mixin.py:188} INFO - [2026-09-18T23:12:23.121+0000] {dag.py:3947} INFO - Setting next_dagrun for youtube_english_video_pipeline to 2026-09-18 12:00:00+00:00, run_after=2026-09-19 12:00:00+00:00
[2026-09-18T23:12:23.148+0000] {processor.py:183} INFO - Processing /opt/airflow/dags/youtube_pipeline.py took 0.194 seconds
[2026-09-18T23:12:53.283+0000] {processor.py:161} INFO - Started process (PID=12515) to work on /opt/airflow/dags/youtube_pipeline.py
[2026-09-18T23:12:53.285+0000] {processor.py:830} INFO - Processing file /opt/airflow/dags/youtube_pipeline.py for tasks to queue
[2026-09-18T23:12:53.288+0000] {logging_mixin.py:188} INFO - [2026-09-18T23:12:53.288+0000] {dagbag.py:545} INFO - Filling up the DagBag from /opt/airflow/dags/youtube_pipeline.py
[2026-09-18T23:12:53.383+0000] {processor.py:840} INFO - DAG(s) 'youtube_english_video_pipeline' retrieved from /opt/airflow/dags/youtube_pipeline.py
[2026-09-18T23:12:53.463+0000] {logging_mixin.py:188} INFO - [2026-09-18T23:12:53.463+0000] {dag.py:3089} INFO - Sync 1 DAGs
[2026-09-18T23:12:53.495+0000] {logging_mixin.py:188} INFO - [2026-09-18T23:12:53.495+0000] {dag.py:3947} INFO - Setting next_dagrun for youtube_english_video_pipeline to 2026-09-18 12:00:00+00:00, run_after=2026-09-19 12:00:00+00:00
[2026-09-18T23:12:53.530+0000] {processor.py:183} INFO - Processing /opt/airflow/dags/youtube_pipeline.py took 0.262 seconds
[2026-09-18T23:13:23.704+0000] {processor.py:161} INFO - Started process (PID=12520) to work on /opt/airflow/dags/youtube_pipeline.py
[2026-09-18T23:13:23.706+0000] {processor.py:830} INFO - Processing file /opt/airflow/dags/youtube_pipeline.py for tasks to queue
[2026-09-18T23:13:23.710+0000] {logging_mixin.py:188} INFO - [2026-09-18T23:13:23.710+0000] {dagbag.py:545} INFO - Filling up the DagBag from /opt/airflow/dags/youtube_pipeline.py
[2026-09-18T23:13:23.780+0000] {processor.py:840} INFO - DAG(s) 'youtube_english_video_pipeline' retrieved from /opt/airflow/dags/youtube_pipeline.py
[2026-09-18T23:13:23.842+0000] {logging_mixin.py:188} INFO - [2026-09-18T23:13:23.842+0000] {dag.py:3089} INFO - Sync 1 DAGs
[2026-09-18T23:13:23.875+0000] {logging_mixin.py:188} INFO - [2026-09-18T23:13:23.875+0000] {dag.py:3947} INFO - Setting next_dagrun for youtube_english_video_pipeline to 2026-09-18 12:00:00+00:00, run_after=2026-09-19 12:00:00+00:00
[2026-09-18T23:13:23.907+0000] {processor.py:183} INFO - Processing /opt/airflow/dags/youtube_pipeline.py took 0.220 seconds
[2026-09-18T23:13:54.050+0000] {processor.py:161} INFO - Started process (PID=12525) to work on /opt/airflow/dags/youtube_pipeline.py
[2026-09-18T23:13:54.051+0000] {processor.py:830} INFO - Processing file /opt/airflow/dags/youtube_pipeline.py for tasks to queue
[2026-09-18T23:13:54.054+0000] {logging_mixin.py:188} INFO - [2026-09-18T23:13:54.053+0000] {dagbag.py:545} INFO - Filling up the DagBag from /opt/airflow/dags/youtube_pipeline.py
[2026-09-18T23:13:54.099+0000] {processor.py:840} INFO - DAG(s) 'youtube_english_video_pipeline' retrieved from /opt/airflow/dags/youtube_pipeline.py
[2026-09-18T23:13:54.159+0000] {logging_mixin.py:188} INFO - [2026-09-18T23:13:54.159+0000] {dag.py:3089} INFO - Sync 1 DAGs
[2026-09-18T23:13:54.193+0000] {logging_mixin.py:188} INFO - [2026-09-18T23:13:54.193+0000] {dag.py:3947} INFO - Setting next_dagrun for youtube_english_video_pipeline to 2026-09-18 12:00:00+00:00, run_after=2026-09-19 12:00:00+00:00
[2026-09-18T23:13:54.218+0000] {processor.py:183} INFO - Processing /opt/airflow/dags/youtube_pipeline.py took 0.178 seconds
[2026-09-18T23:14:24.419+0000] {processor.py:161} INFO - Started process (PID=12530) to work on /opt/airflow/dags/youtube_pipeline.py
[2026-09-18T23:14:24.421+0000] {processor.py:830} INFO - Processing file /opt/airflow/dags/youtube_pipeline.py for tasks to queue
[2026-09-18T23:14:24.423+0000] {logging_mixin.py:188} INFO - [2026-09-18T23:14:24.423+0000] {dagbag.py:545} INFO - Filling up the DagBag from /opt/airflow/dags/youtube_pipeline.py
[2026-09-18T23:14:24.481+0000] {processor.py:840} INFO - DAG(s) 'youtube_english_video_pipeline' retrieved from /opt/airflow/dags/youtube_pipeline.py
[2026-09-18T23:14:24.553+0000] {logging_mixin.py:188} INFO - [2026-09-18T23:14:24.553+0000] {dag.py:3089} INFO - Sync 1 DAGs
[2026-09-18T23:14:24.583+0000] {logging_mixin.py:188} INFO - [2026-09-18T23:14:24.583+0000] {dag.py:3947} INFO - Setting next_dagrun for youtube_english_video_pipeline to 2026-09-18 12:00:00+00:00, run_after=2026-09-19 12:00:00+00:00
[2026-09-18T23:14:24.612+0000] {processor.py:183} INFO - Processing /opt/airflow/dags/youtube_pipeline.py took 0.203 seconds
[2026-09-18T23:14:54.755+0000] {processor.py:161} INFO - Started process (PID=12535) to work on /opt/airflow/dags/youtube_pipeline.py
[2026-09-18T23:14:54.757+0000] {processor.py:830} INFO - Processing file /opt/airflow/dags/youtube_pipeline.py for tasks to queue
[2026-09-18T23:14:54.760+0000] {logging_mixin.py:188} INFO - [2026-09-18T23:14:54.760+0000] {dagbag.py:545} INFO - Filling up the DagBag from /opt/airflow/dags/youtube_pipeline.py
[2026-09-18T23:14:54.821+0000] {processor.py:840} INFO - DAG(s) 'youtube_english_video_pipeline' retrieved from /opt/airflow/dags/youtube_pipeline.py
[2026-09-18T23:14:54.890+0000] {logging_mixin.py:188} INFO - [2026-09-18T23:14:54.890+0000] {dag.py:3089} INFO - Sync 1 DAGs
[2026-09-18T23:14:54.917+0000] {logging_mixin.py:188} INFO - [2026-09-18T23:14:54.917+0000] {dag.py:3947} INFO - Setting next_dagrun for youtube_english_video_pipeline to 2026-09-18 12:00:00+00:00, run_after=2026-09-19 12:00:00+00:00
[2026-09-18T23:14:54.951+0000] {processor.py:183} INFO - Processing /opt/airflow/dags/youtube_pipeline.py took 0.205 seconds
[2026-09-18T23:15:25.641+0000] {processor.py:161} INFO - Started process (PID=12540) to work on /opt/airflow/dags/youtube_pipeline.py
[2026-09-18T23:15:25.648+0000] {processor.py:830} INFO - Processing file /opt/airflow/dags/youtube_pipeline.py for tasks to queue
[2026-09-18T23:15:25.652+0000] {logging_mixin.py:188} INFO - [2026-09-18T23:15:25.651+0000] {dagbag.py:545} INFO - Filling up the DagBag from /opt/airflow/dags/youtube_pipeline.py
[2026-09-18T23:15:25.970+0000] {processor.py:840} INFO - DAG(s) 'youtube_english_video_pipeline' retrieved from /opt/airflow/dags/youtube_pipeline.py
[2026-09-18T23:15:26.057+0000] {logging_mixin.py:188} INFO - [2026-09-18T23:15:26.056+0000] {dag.py:3089} INFO - Sync 1 DAGs
[2026-09-18T23:15:26.092+0000] {logging_mixin.py:188} INFO - [2026-09-18T23:15:26.091+0000] {dag.py:3947} INFO - Setting next_dagrun for youtube_english_video_pipeline to 2026-09-18 12:00:00+00:00, run_after=2026-09-19 12:00:00+00:00
[2026-09-18T23:15:26.124+0000] {processor.py:183} INFO - Processing /opt/airflow/dags/youtube_pipeline.py took 0.502 seconds
[2026-09-18T23:15:56.443+0000] {processor.py:161} INFO - Started process (PID=12545) to work on /opt/airflow/dags/youtube_pipeline.py
[2026-09-18T23:15:56.445+0000] {processor.py:830} INFO - Processing file /opt/airflow/dags/youtube_pipeline.py for tasks to queue
[2026-09-18T23:15:56.448+0000] {logging_mixin.py:188} INFO - [2026-09-18T23:15:56.448+0000] {dagbag.py:545} INFO - Filling up the DagBag from /opt/airflow/dags/youtube_pipeline.py
[2026-09-18T23:15:56.513+0000] {processor.py:840} INFO - DAG(s) 'youtube_english_video_pipeline' retrieved from /opt/airflow/dags/youtube_pipeline.py
[2026-09-18T23:15:56.599+0000] {logging_mixin.py:188} INFO - [2026-09-18T23:15:56.598+0000] {dag.py:3089} INFO - Sync 1 DAGs
[2026-09-18T23:15:56.629+0000] {logging_mixin.py:188} INFO - [2026-09-18T23:15:56.628+0000] {dag.py:3947} INFO - Setting next_dagrun for youtube_english_video_pipeline to 2026-09-18 12:00:00+00:00, run_after=2026-09-19 12:00:00+00:00
[2026-09-18T23:15:56.669+0000] {processor.py:183} INFO - Processing /opt/airflow/dags/youtube_pipeline.py took 0.237 seconds
[2026-09-18T23:16:27.016+0000] {processor.py:161} INFO - Started process (PID=12550) to work on /opt/airflow/dags/youtube_pipeline.py
[2026-09-18T23:16:27.019+0000] {processor.py:830} INFO - Processing file /opt/airflow/dags/youtube_pipeline.py for tasks to queue
[2026-09-18T23:16:27.023+0000] {logging_mixin.py:188} INFO - [2026-09-18T23:16:27.022+0000] {dagbag.py:545} INFO - Filling up the DagBag from /opt/airflow/dags/youtube_pipeline.py
[2026-09-18T23:16:27.091+0000] {processor.py:840} INFO - DAG(s) 'youtube_english_video_pipeline' retrieved from /opt/airflow/dags/youtube_pipeline.py
[2026-09-18T23:16:27.157+0000] {logging_mixin.py:188} INFO - [2026-09-18T23:16:27.157+0000] {dag.py:3089} INFO - Sync 1 DAGs
[2026-09-18T23:16:27.183+0000] {logging_mixin.py:188} INFO - [2026-09-18T23:16:27.183+0000] {dag.py:3947} INFO - Setting next_dagrun for youtube_english_video_pipeline to 2026-09-18 12:00:00+00:00, run_after=2026-09-19 12:00:00+00:00
[2026-09-18T23:16:27.227+0000] {processor.py:183} INFO - Processing /opt/airflow/dags/youtube_pipeline.py took 0.224 seconds
[2026-09-18T23:16:57.552+0000] {processor.py:161} INFO - Started process (PID=12555) to work on /opt/airflow/dags/youtube_pipeline.py
[2026-09-18T23:16:57.554+0000] {processor.py:830} INFO - Processing file /opt/airflow/dags/youtube_pipeline.py for tasks to queue
[2026-09-18T23:16:57.558+0000] {logging_mixin.py:188} INFO - [2026-09-18T23:16:57.557+0000] {dagbag.py:545} INFO - Filling up the DagBag from /opt/airflow/dags/youtube_pipeline.py
[2026-09-18T23:16:57.614+0000] {processor.py:840} INFO - DAG(s) 'youtube_english_video_pipeline' retrieved from /opt/airflow/dags/youtube_pipeline.py
[2026-09-18T23:16:57.688+0000] {logging_mixin.py:188} INFO - [2026-09-18T23:16:57.688+0000] {dag.py:3089} INFO - Sync 1 DAGs
[2026-09-18T23:16:57.717+0000] {logging_mixin.py:188} INFO - [2026-09-18T23:16:57.717+0000] {dag.py:3947} INFO - Setting next_dagrun for youtube_english_video_pipeline to 2026-09-18 12:00:00+00:00, run_after=2026-09-19 12:00:00+00:00
[2026-09-18T23:16:57.745+0000] {processor.py:183} INFO - Processing /opt/airflow/dags/youtube_pipeline.py took 0.206 seconds
[2026-09-18T23:17:27.939+0000] {processor.py:161} INFO - Started process (PID=12560) to work on /opt/airflow/dags/youtube_pipeline.py
[2026-09-18T23:17:27.941+0000] {processor.py:830} INFO - Processing file /opt/airflow/dags/youtube_pipeline.py for tasks to queue
[2026-09-18T23:17:27.944+0000] {logging_mixin.py:188} INFO - [2026-09-18T23:17:27.943+0000] {dagbag.py:545} INFO - Filling up the DagBag from /opt/airflow/dags/youtube_pipeline.py
[2026-09-18T23:17:28.007+0000] {processor.py:840} INFO - DAG(s) 'youtube_english_video_pipeline' retrieved from /opt/airflow/dags/youtube_pipeline.py
[2026-09-18T23:17:28.072+0000] {logging_mixin.py:188} INFO - [2026-09-18T23:17:28.072+0000] {dag.py:3089} INFO - Sync 1 DAGs
[2026-09-18T23:17:28.124+0000] {logging_mixin.py:188} INFO - [2026-09-18T23:17:28.124+0000] {dag.py:3947} INFO - Setting next_dagrun for youtube_english_video_pipeline to 2026-09-18 12:00:00+00:00, run_after=2026-09-19 12:00:00+00:00
[2026-09-18T23:17:28.191+0000] {processor.py:183} INFO - Processing /opt/airflow/dags/youtube_pipeline.py took 0.263 seconds
[2026-09-18T23:17:58.299+0000] {processor.py:161} INFO - Started process (PID=12565) to work on /opt/airflow/dags/youtube_pipeline.py
[2026-09-18T23:17:58.301+0000] {processor.py:830} INFO - Processing file /opt/airflow/dags/youtube_pipeline.py for tasks to queue
[2026-09-18T23:17:58.304+0000] {logging_mixin.py:188} INFO - [2026-09-18T23:17:58.304+0000] {dagbag.py:545} INFO - Filling up the DagBag from /opt/airflow/dags/youtube_pipeline.py
[2026-09-18T23:17:58.357+0000] {processor.py:840} INFO - DAG(s) 'youtube_english_video_pipeline' retrieved from /opt/airflow/dags/youtube_pipeline.py
[2026-09-18T23:17:58.429+0000] {logging_mixin.py:188} INFO - [2026-09-18T23:17:58.428+0000] {dag.py:3089} INFO - Sync 1 DAGs
[2026-09-18T23:17:58.461+0000] {logging_mixin.py:188} INFO - [2026-09-18T23:17:58.461+0000] {dag.py:3947} INFO - Setting next_dagrun for youtube_english_video_pipeline to 2026-09-18 12:00:00+00:00, run_after=2026-09-19 12:00:00+00:00
[2026-09-18T23:17:58.494+0000] {processor.py:183} INFO - Processing /opt/airflow/dags/youtube_pipeline.py took 0.207 seconds
[2026-09-18T23:18:28.758+0000] {processor.py:161} INFO - Started process (PID=12570) to work on /opt/airflow/dags/youtube_pipeline.py
[2026-09-18T23:18:28.761+0000] {processor.py:830} INFO - Processing file /opt/airflow/dags/youtube_pipeline.py for tasks to queue
[2026-09-18T23:18:28.764+0000] {logging_mixin.py:188} INFO - [2026-09-18T23:18:28.763+0000] {dagbag.py:545} INFO - Filling up the DagBag from /opt/airflow/dags/youtube_pipeline.py
[2026-09-18T23:18:28.837+0000] {processor.py:840} INFO - DAG(s) 'youtube_english_video_pipeline' retrieved from /opt/airflow/dags/youtube_pipeline.py
[2026-09-18T23:18:28.904+0000] {logging_mixin.py:188} INFO - [2026-09-18T23:18:28.903+0000] {dag.py:3089} INFO - Sync 1 DAGs
[2026-09-18T23:18:28.935+0000] {logging_mixin.py:188} INFO - [2026-09-18T23:18:28.935+0000] {dag.py:3947} INFO - Setting next_dagrun for youtube_english_video_pipeline to 2026-09-18 12:00:00+00:00, run_after=2026-09-19 12:00:00+00:00
[2026-09-18T23:18:28.978+0000] {processor.py:183} INFO - Processing /opt/airflow/dags/youtube_pipeline.py took 0.230 seconds
[2026-09-18T23:18:59.318+0000] {processor.py:161} INFO - Started process (PID=12575) to work on /opt/airflow/dags/youtube_pipeline.py
[2026-09-18T23:18:59.320+0000] {processor.py:830} INFO - Processing file /opt/airflow/dags/youtube_pipeline.py for tasks to queue
[2026-09-18T23:18:59.324+0000] {logging_mixin.py:188} INFO - [2026-09-18T23:18:59.323+0000] {dagbag.py:545} INFO - Filling up the DagBag from /opt/airflow/dags/youtube_pipeline.py
[2026-09-18T23:18:59.389+0000] {processor.py:840} INFO - DAG(s) 'youtube_english_video_pipeline' retrieved from /opt/airflow/dags/youtube_pipeline.py
[2026-09-18T23:18:59.467+0000] {logging_mixin.py:188} INFO - [2026-09-18T23:18:59.467+0000] {dag.py:3089} INFO - Sync 1 DAGs
[2026-09-18T23:18:59.498+0000] {logging_mixin.py:188} INFO - [2026-09-18T23:18:59.498+0000] {dag.py:3947} INFO - Setting next_dagrun for youtube_english_video_pipeline to 2026-09-18 12:00:00+00:00, run_after=2026-09-19 12:00:00+00:00
[2026-09-18T23:18:59.526+0000] {processor.py:183} INFO - Processing /opt/airflow/dags/youtube_pipeline.py took 0.220 seconds
[2026-09-18T23:19:30.080+0000] {processor.py:161} INFO - Started process (PID=12580) to work on /opt/airflow/dags/youtube_pipeline.py
[2026-09-18T23:19:30.084+0000] {processor.py:830} INFO - Processing file /opt/airflow/dags/youtube_pipeline.py for tasks to queue
[2026-09-18T23:19:30.087+0000] {logging_mixin.py:188} INFO - [2026-09-18T23:19:30.086+0000] {dagbag.py:545} INFO - Filling up the DagBag from /opt/airflow/dags/youtube_pipeline.py
[2026-09-18T23:19:30.207+0000] {processor.py:840} INFO - DAG(s) 'youtube_english_video_pipeline' retrieved from /opt/airflow/dags/youtube_pipeline.py
[2026-09-18T23:19:30.276+0000] {logging_mixin.py:188} INFO - [2026-09-18T23:19:30.276+0000] {dag.py:3089} INFO - Sync 1 DAGs
[2026-09-18T23:19:30.311+0000] {logging_mixin.py:188} INFO - [2026-09-18T23:19:30.311+0000] {dag.py:3947} INFO - Setting next_dagrun for youtube_english_video_pipeline to 2026-09-18 12:00:00+00:00, run_after=2026-09-19 12:00:00+00:00
[2026-09-18T23:19:30.350+0000] {processor.py:183} INFO - Processing /opt/airflow/dags/youtube_pipeline.py took 0.283 seconds
[2026-09-18T23:20:00.723+0000] {processor.py:161} INFO - Started process (PID=12585) to work on /opt/airflow/dags/youtube_pipeline.py
[2026-09-18T23:20:00.725+0000] {processor.py:830} INFO - Processing file /opt/airflow/dags/youtube_pipeline.py for tasks to queue
[2026-09-18T23:20:00.730+0000] {logging_mixin.py:188} INFO - [2026-09-18T23:20:00.729+0000] {dagbag.py:545} INFO - Filling up the DagBag from /opt/airflow/dags/youtube_pipeline.py
[2026-09-18T23:20:00.808+0000] {processor.py:840} INFO - DAG(s) 'youtube_english_video_pipeline' retrieved from /opt/airflow/dags/youtube_pipeline.py
[2026-09-18T23:20:00.875+0000] {logging_mixin.py:188} INFO - [2026-09-18T23:20:00.874+0000] {dag.py:3089} INFO - Sync 1 DAGs
[2026-09-18T23:20:00.914+0000] {logging_mixin.py:188} INFO - [2026-09-18T23:20:00.913+0000] {dag.py:3947} INFO - Setting next_dagrun for youtube_english_video_pipeline to 2026-09-18 12:00:00+00:00, run_after=2026-09-19 12:00:00+00:00
[2026-09-18T23:20:00.948+0000] {processor.py:183} INFO - Processing /opt/airflow/dags/youtube_pipeline.py took 0.238 seconds
[2026-09-18T23:20:31.302+0000] {processor.py:161} INFO - Started process (PID=12590) to work on /opt/airflow/dags/youtube_pipeline.py
[2026-09-18T23:20:31.304+0000] {processor.py:830} INFO - Processing file /opt/airflow/dags/youtube_pipeline.py for tasks to queue
[2026-09-18T23:20:31.307+0000] {logging_mixin.py:188} INFO - [2026-09-18T23:20:31.307+0000] {dagbag.py:545} INFO - Filling up the DagBag from /opt/airflow/dags/youtube_pipeline.py
[2026-09-18T23:20:31.396+0000] {processor.py:840} INFO - DAG(s) 'youtube_english_video_pipeline' retrieved from /opt/airflow/dags/youtube_pipeline.py
[2026-09-18T23:20:31.463+0000] {logging_mixin.py:188} INFO - [2026-09-18T23:20:31.463+0000] {dag.py:3089} INFO - Sync 1 DAGs
[2026-09-18T23:20:31.492+0000] {logging_mixin.py:188} INFO - [2026-09-18T23:20:31.491+0000] {dag.py:3947} INFO - Setting next_dagrun for youtube_english_video_pipeline to 2026-09-18 12:00:00+00:00, run_after=2026-09-19 12:00:00+00:00
[2026-09-18T23:20:31.518+0000] {processor.py:183} INFO - Processing /opt/airflow/dags/youtube_pipeline.py took 0.227 seconds
[2026-09-18T23:21:01.847+0000] {processor.py:161} INFO - Started process (PID=12595) to work on /opt/airflow/dags/youtube_pipeline.py
[2026-09-18T23:21:01.849+0000] {processor.py:830} INFO - Processing file /opt/airflow/dags/youtube_pipeline.py for tasks to queue
[2026-09-18T23:21:01.852+0000] {logging_mixin.py:188} INFO - [2026-09-18T23:21:01.852+0000] {dagbag.py:545} INFO - Filling up the DagBag from /opt/airflow/dags/youtube_pipeline.py
[2026-09-18T23:21:01.915+0000] {processor.py:840} INFO - DAG(s) 'youtube_english_video_pipeline' retrieved from /opt/airflow/dags/youtube_pipeline.py
[2026-09-18T23:21:01.988+0000] {logging_mixin.py:188} INFO - [2026-09-18T23:21:01.987+0000] {dag.py:3089} INFO - Sync 1 DAGs
[2026-09-18T23:21:02.022+0000] {logging_mixin.py:188} INFO - [2026-09-18T23:21:02.021+0000] {dag.py:3947} INFO - Setting next_dagrun for youtube_english_video_pipeline to 2026-09-18 12:00:00+00:00, run_after=2026-09-19 12:00:00+00:00
[2026-09-18T23:21:02.071+0000] {processor.py:183} INFO - Processing /opt/airflow/dags/youtube_pipeline.py took 0.236 seconds
[2026-09-18T23:21:32.352+0000] {processor.py:161} INFO - Started process (PID=12600) to work on /opt/airflow/dags/youtube_pipeline.py
[2026-09-18T23:21:32.353+0000] {processor.py:830} INFO - Processing file /opt/airflow/dags/youtube_pipeline.py for tasks to queue
[2026-09-18T23:21:32.357+0000] {logging_mixin.py:188} INFO - [2026-09-18T23:21:32.356+0000] {dagbag.py:545} INFO - Filling up the DagBag from /opt/airflow/dags/youtube_pipeline.py
[2026-09-18T23:21:32.411+0000] {processor.py:840} INFO - DAG(s) 'youtube_english_video_pipeline' retrieved from /opt/airflow/dags/youtube_pipeline.py
[2026-09-18T23:21:32.472+0000] {logging_mixin.py:188} INFO - [2026-09-18T23:21:32.472+0000] {dag.py:3089} INFO - Sync 1 DAGs
[2026-09-18T23:21:32.499+0000] {logging_mixin.py:188} INFO - [2026-09-18T23:21:32.499+0000] {dag.py:3947} INFO - Setting next_dagrun for youtube_english_video_pipeline to 2026-09-18 12:00:00+00:00, run_after=2026-09-19 12:00:00+00:00
[2026-09-18T23:21:32.522+0000] {processor.py:183} INFO - Processing /opt/airflow/dags/youtube_pipeline.py took 0.180 seconds
[2026-09-18T23:22:03.060+0000] {processor.py:161} INFO - Started process (PID=12605) to work on /opt/airflow/dags/youtube_pipeline.py
[2026-09-18T23:22:03.070+0000] {processor.py:830} INFO - Processing file /opt/airflow/dags/youtube_pipeline.py for tasks to queue
[2026-09-18T23:22:03.088+0000] {logging_mixin.py:188} INFO - [2026-09-18T23:22:03.087+0000] {dagbag.py:545} INFO - Filling up the DagBag from /opt/airflow/dags/youtube_pipeline.py
[2026-09-18T23:22:03.617+0000] {processor.py:840} INFO - DAG(s) 'youtube_english_video_pipeline' retrieved from /opt/airflow/dags/youtube_pipeline.py
[2026-09-18T23:22:03.697+0000] {logging_mixin.py:188} INFO - [2026-09-18T23:22:03.697+0000] {dag.py:3089} INFO - Sync 1 DAGs
[2026-09-18T23:22:03.733+0000] {logging_mixin.py:188} INFO - [2026-09-18T23:22:03.732+0000] {dag.py:3947} INFO - Setting next_dagrun for youtube_english_video_pipeline to 2026-09-18 12:00:00+00:00, run_after=2026-09-19 12:00:00+00:00
[2026-09-18T23:22:03.780+0000] {processor.py:183} INFO - Processing /opt/airflow/dags/youtube_pipeline.py took 0.737 seconds
[2026-09-18T23:22:34.414+0000] {processor.py:161} INFO - Started process (PID=12610) to work on /opt/airflow/dags/youtube_pipeline.py
[2026-09-18T23:22:34.416+0000] {processor.py:830} INFO - Processing file /opt/airflow/dags/youtube_pipeline.py for tasks to queue
[2026-09-18T23:22:34.419+0000] {logging_mixin.py:188} INFO - [2026-09-18T23:22:34.418+0000] {dagbag.py:545} INFO - Filling up the DagBag from /opt/airflow/dags/youtube_pipeline.py
[2026-09-18T23:22:34.507+0000] {processor.py:840} INFO - DAG(s) 'youtube_english_video_pipeline' retrieved from /opt/airflow/dags/youtube_pipeline.py
[2026-09-18T23:22:34.580+0000] {logging_mixin.py:188} INFO - [2026-09-18T23:22:34.580+0000] {dag.py:3089} INFO - Sync 1 DAGs
[2026-09-18T23:22:34.608+0000] {logging_mixin.py:188} INFO - [2026-09-18T23:22:34.608+0000] {dag.py:3947} INFO - Setting next_dagrun for youtube_english_video_pipeline to 2026-09-18 12:00:00+00:00, run_after=2026-09-19 12:00:00+00:00
[2026-09-18T23:22:34.649+0000] {processor.py:183} INFO - Processing /opt/airflow/dags/youtube_pipeline.py took 0.246 seconds
[2026-09-18T23:23:05.015+0000] {processor.py:161} INFO - Started process (PID=12615) to work on /opt/airflow/dags/youtube_pipeline.py
[2026-09-18T23:23:05.017+0000] {processor.py:830} INFO - Processing file /opt/airflow/dags/youtube_pipeline.py for tasks to queue
[2026-09-18T23:23:05.019+0000] {logging_mixin.py:188} INFO - [2026-09-18T23:23:05.019+0000] {dagbag.py:545} INFO - Filling up the DagBag from /opt/airflow/dags/youtube_pipeline.py
[2026-09-18T23:23:05.091+0000] {processor.py:840} INFO - DAG(s) 'youtube_english_video_pipeline' retrieved from /opt/airflow/dags/youtube_pipeline.py
[2026-09-18T23:23:05.149+0000] {logging_mixin.py:188} INFO - [2026-09-18T23:23:05.148+0000] {dag.py:3089} INFO - Sync 1 DAGs
[2026-09-18T23:23:05.179+0000] {logging_mixin.py:188} INFO - [2026-09-18T23:23:05.179+0000] {dag.py:3947} INFO - Setting next_dagrun for youtube_english_video_pipeline to 2026-09-18 12:00:00+00:00, run_after=2026-09-19 12:00:00+00:00
[2026-09-18T23:23:05.222+0000] {processor.py:183} INFO - Processing /opt/airflow/dags/youtube_pipeline.py took 0.219 seconds
[2026-09-18T23:23:35.468+0000] {processor.py:161} INFO - Started process (PID=12620) to work on /opt/airflow/dags/youtube_pipeline.py
[2026-09-18T23:23:35.470+0000] {processor.py:830} INFO - Processing file /opt/airflow/dags/youtube_pipeline.py for tasks to queue
[2026-09-18T23:23:35.473+0000] {logging_mixin.py:188} INFO - [2026-09-18T23:23:35.473+0000] {dagbag.py:545} INFO - Filling up the DagBag from /opt/airflow/dags/youtube_pipeline.py
[2026-09-18T23:23:35.582+0000] {processor.py:840} INFO - DAG(s) 'youtube_english_video_pipeline' retrieved from /opt/airflow/dags/youtube_pipeline.py
[2026-09-18T23:23:35.695+0000] {logging_mixin.py:188} INFO - [2026-09-18T23:23:35.694+0000] {dag.py:3089} INFO - Sync 1 DAGs
[2026-09-18T23:23:35.745+0000] {logging_mixin.py:188} INFO - [2026-09-18T23:23:35.744+0000] {dag.py:3947} INFO - Setting next_dagrun for youtube_english_video_pipeline to 2026-09-18 12:00:00+00:00, run_after=2026-09-19 12:00:00+00:00
[2026-09-18T23:23:35.784+0000] {processor.py:183} INFO - Processing /opt/airflow/dags/youtube_pipeline.py took 0.327 seconds
[2026-09-18T23:24:06.001+0000] {processor.py:161} INFO - Started process (PID=12625) to work on /opt/airflow/dags/youtube_pipeline.py
[2026-09-18T23:24:06.002+0000] {processor.py:830} INFO - Processing file /opt/airflow/dags/youtube_pipeline.py for tasks to queue
[2026-09-18T23:24:06.006+0000] {logging_mixin.py:188} INFO - [2026-09-18T23:24:06.005+0000] {dagbag.py:545} INFO - Filling up the DagBag from /opt/airflow/dags/youtube_pipeline.py
[2026-09-18T23:24:06.072+0000] {processor.py:840} INFO - DAG(s) 'youtube_english_video_pipeline' retrieved from /opt/airflow/dags/youtube_pipeline.py
[2026-09-18T23:24:06.138+0000] {logging_mixin.py:188} INFO - [2026-09-18T23:24:06.137+0000] {dag.py:3089} INFO - Sync 1 DAGs
[2026-09-18T23:24:06.167+0000] {logging_mixin.py:188} INFO - [2026-09-18T23:24:06.167+0000] {dag.py:3947} INFO - Setting next_dagrun for youtube_english_video_pipeline to 2026-09-18 12:00:00+00:00, run_after=2026-09-19 12:00:00+00:00
[2026-09-18T23:24:06.192+0000] {processor.py:183} INFO - Processing /opt/airflow/dags/youtube_pipeline.py took 0.204 seconds
[2026-09-18T23:24:36.332+0000] {processor.py:161} INFO - Started process (PID=12630) to work on /opt/airflow/dags/youtube_pipeline.py
[2026-09-18T23:24:36.333+0000] {processor.py:830} INFO - Processing file /opt/airflow/dags/youtube_pipeline.py for tasks to queue
[2026-09-18T23:24:36.336+0000] {logging_mixin.py:188} INFO - [2026-09-18T23:24:36.335+0000] {dagbag.py:545} INFO - Filling up the DagBag from /opt/airflow/dags/youtube_pipeline.py
[2026-09-18T23:24:36.395+0000] {processor.py:840} INFO - DAG(s) 'youtube_english_video_pipeline' retrieved from /opt/airflow/dags/youtube_pipeline.py
[2026-09-18T23:24:36.471+0000] {logging_mixin.py:188} INFO - [2026-09-18T23:24:36.471+0000] {dag.py:3089} INFO - Sync 1 DAGs
[2026-09-18T23:24:36.509+0000] {logging_mixin.py:188} INFO - [2026-09-18T23:24:36.508+0000] {dag.py:3947} INFO - Setting next_dagrun for youtube_english_video_pipeline to 2026-09-18 12:00:00+00:00, run_after=2026-09-19 12:00:00+00:00
[2026-09-18T23:24:36.549+0000] {processor.py:183} INFO - Processing /opt/airflow/dags/youtube_pipeline.py took 0.228 seconds
[2026-09-18T23:25:06.779+0000] {processor.py:161} INFO - Started process (PID=12635) to work on /opt/airflow/dags/youtube_pipeline.py
[2026-09-18T23:25:06.781+0000] {processor.py:830} INFO - Processing file /opt/airflow/dags/youtube_pipeline.py for tasks to queue
[2026-09-18T23:25:06.784+0000] {logging_mixin.py:188} INFO - [2026-09-18T23:25:06.784+0000] {dagbag.py:545} INFO - Filling up the DagBag from /opt/airflow/dags/youtube_pipeline.py
[2026-09-18T23:25:06.839+0000] {processor.py:840} INFO - DAG(s) 'youtube_english_video_pipeline' retrieved from /opt/airflow/dags/youtube_pipeline.py
[2026-09-18T23:25:06.910+0000] {logging_mixin.py:188} INFO - [2026-09-18T23:25:06.910+0000] {dag.py:3089} INFO - Sync 1 DAGs
[2026-09-18T23:25:06.939+0000] {logging_mixin.py:188} INFO - [2026-09-18T23:25:06.938+0000] {dag.py:3947} INFO - Setting next_dagrun for youtube_english_video_pipeline to 2026-09-18 12:00:00+00:00, run_after=2026-09-19 12:00:00+00:00
[2026-09-18T23:25:06.965+0000] {processor.py:183} INFO - Processing /opt/airflow/dags/youtube_pipeline.py took 0.195 seconds
[2026-09-18T23:25:37.156+0000] {processor.py:161} INFO - Started process (PID=12640) to work on /opt/airflow/dags/youtube_pipeline.py
[2026-09-18T23:25:37.159+0000] {processor.py:830} INFO - Processing file /opt/airflow/dags/youtube_pipeline.py for tasks to queue
[2026-09-18T23:25:37.163+0000] {logging_mixin.py:188} INFO - [2026-09-18T23:25:37.162+0000] {dagbag.py:545} INFO - Filling up the DagBag from /opt/airflow/dags/youtube_pipeline.py
[2026-09-18T23:25:37.220+0000] {processor.py:840} INFO - DAG(s) 'youtube_english_video_pipeline' retrieved from /opt/airflow/dags/youtube_pipeline.py
[2026-09-18T23:25:37.281+0000] {logging_mixin.py:188} INFO - [2026-09-18T23:25:37.281+0000] {dag.py:3089} INFO - Sync 1 DAGs
[2026-09-18T23:25:37.314+0000] {logging_mixin.py:188} INFO - [2026-09-18T23:25:37.314+0000] {dag.py:3947} INFO - Setting next_dagrun for youtube_english_video_pipeline to 2026-09-18 12:00:00+00:00, run_after=2026-09-19 12:00:00+00:00
[2026-09-18T23:25:37.349+0000] {processor.py:183} INFO - Processing /opt/airflow/dags/youtube_pipeline.py took 0.208 seconds
[2026-09-18T23:26:07.512+0000] {processor.py:161} INFO - Started process (PID=12645) to work on /opt/airflow/dags/youtube_pipeline.py
[2026-09-18T23:26:07.513+0000] {processor.py:830} INFO - Processing file /opt/airflow/dags/youtube_pipeline.py for tasks to queue
[2026-09-18T23:26:07.516+0000] {logging_mixin.py:188} INFO - [2026-09-18T23:26:07.516+0000] {dagbag.py:545} INFO - Filling up the DagBag from /opt/airflow/dags/youtube_pipeline.py
[2026-09-18T23:26:07.570+0000] {processor.py:840} INFO - DAG(s) 'youtube_english_video_pipeline' retrieved from /opt/airflow/dags/youtube_pipeline.py
[2026-09-18T23:26:07.642+0000] {logging_mixin.py:188} INFO - [2026-09-18T23:26:07.641+0000] {dag.py:3089} INFO - Sync 1 DAGs
[2026-09-18T23:26:07.669+0000] {logging_mixin.py:188} INFO - [2026-09-18T23:26:07.669+0000] {dag.py:3947} INFO - Setting next_dagrun for youtube_english_video_pipeline to 2026-09-18 12:00:00+00:00, run_after=2026-09-19 12:00:00+00:00
[2026-09-18T23:26:07.698+0000] {processor.py:183} INFO - Processing /opt/airflow/dags/youtube_pipeline.py took 0.196 seconds
[2026-09-18T23:26:37.909+0000] {processor.py:161} INFO - Started process (PID=12650) to work on /opt/airflow/dags/youtube_pipeline.py
[2026-09-18T23:26:37.912+0000] {processor.py:830} INFO - Processing file /opt/airflow/dags/youtube_pipeline.py for tasks to queue
[2026-09-18T23:26:37.916+0000] {logging_mixin.py:188} INFO - [2026-09-18T23:26:37.916+0000] {dagbag.py:545} INFO - Filling up the DagBag from /opt/airflow/dags/youtube_pipeline.py
[2026-09-18T23:26:37.980+0000] {processor.py:840} INFO - DAG(s) 'youtube_english_video_pipeline' retrieved from /opt/airflow/dags/youtube_pipeline.py
[2026-09-18T23:26:38.055+0000] {logging_mixin.py:188} INFO - [2026-09-18T23:26:38.054+0000] {dag.py:3089} INFO - Sync 1 DAGs
[2026-09-18T23:26:38.088+0000] {logging_mixin.py:188} INFO - [2026-09-18T23:26:38.088+0000] {dag.py:3947} INFO - Setting next_dagrun for youtube_english_video_pipeline to 2026-09-18 12:00:00+00:00, run_after=2026-09-19 12:00:00+00:00
[2026-09-18T23:26:38.119+0000] {processor.py:183} INFO - Processing /opt/airflow/dags/youtube_pipeline.py took 0.222 seconds
[2026-09-18T23:27:08.275+0000] {processor.py:161} INFO - Started process (PID=12655) to work on /opt/airflow/dags/youtube_pipeline.py
[2026-09-18T23:27:08.278+0000] {processor.py:830} INFO - Processing file /opt/airflow/dags/youtube_pipeline.py for tasks to queue
[2026-09-18T23:27:08.282+0000] {logging_mixin.py:188} INFO - [2026-09-18T23:27:08.281+0000] {dagbag.py:545} INFO - Filling up the DagBag from /opt/airflow/dags/youtube_pipeline.py
[2026-09-18T23:27:08.359+0000] {processor.py:840} INFO - DAG(s) 'youtube_english_video_pipeline' retrieved from /opt/airflow/dags/youtube_pipeline.py
[2026-09-18T23:27:08.419+0000] {logging_mixin.py:188} INFO - [2026-09-18T23:27:08.419+0000] {dag.py:3089} INFO - Sync 1 DAGs
[2026-09-18T23:27:08.454+0000] {logging_mixin.py:188} INFO - [2026-09-18T23:27:08.454+0000] {dag.py:3947} INFO - Setting next_dagrun for youtube_english_video_pipeline to 2026-09-18 12:00:00+00:00, run_after=2026-09-19 12:00:00+00:00
[2026-09-18T23:27:08.485+0000] {processor.py:183} INFO - Processing /opt/airflow/dags/youtube_pipeline.py took 0.237 seconds
[2026-09-18T23:27:38.709+0000] {processor.py:161} INFO - Started process (PID=12660) to work on /opt/airflow/dags/youtube_pipeline.py
[2026-09-18T23:27:38.711+0000] {processor.py:830} INFO - Processing file /opt/airflow/dags/youtube_pipeline.py for tasks to queue
[2026-09-18T23:27:38.714+0000] {logging_mixin.py:188} INFO - [2026-09-18T23:27:38.714+0000] {dagbag.py:545} INFO - Filling up the DagBag from /opt/airflow/dags/youtube_pipeline.py
[2026-09-18T23:27:38.784+0000] {processor.py:840} INFO - DAG(s) 'youtube_english_video_pipeline' retrieved from /opt/airflow/dags/youtube_pipeline.py
[2026-09-18T23:27:38.851+0000] {logging_mixin.py:188} INFO - [2026-09-18T23:27:38.850+0000] {dag.py:3089} INFO - Sync 1 DAGs
[2026-09-18T23:27:38.883+0000] {logging_mixin.py:188} INFO - [2026-09-18T23:27:38.883+0000] {dag.py:3947} INFO - Setting next_dagrun for youtube_english_video_pipeline to 2026-09-18 12:00:00+00:00, run_after=2026-09-19 12:00:00+00:00
[2026-09-18T23:27:38.911+0000] {processor.py:183} INFO - Processing /opt/airflow/dags/youtube_pipeline.py took 0.214 seconds
[2026-09-18T23:28:09.039+0000] {processor.py:161} INFO - Started process (PID=12665) to work on /opt/airflow/dags/youtube_pipeline.py
[2026-09-18T23:28:09.041+0000] {processor.py:830} INFO - Processing file /opt/airflow/dags/youtube_pipeline.py for tasks to queue
[2026-09-18T23:28:09.045+0000] {logging_mixin.py:188} INFO - [2026-09-18T23:28:09.044+0000] {dagbag.py:545} INFO - Filling up the DagBag from /opt/airflow/dags/youtube_pipeline.py
[2026-09-18T23:28:09.104+0000] {processor.py:840} INFO - DAG(s) 'youtube_english_video_pipeline' retrieved from /opt/airflow/dags/youtube_pipeline.py
[2026-09-18T23:28:09.165+0000] {logging_mixin.py:188} INFO - [2026-09-18T23:28:09.165+0000] {dag.py:3089} INFO - Sync 1 DAGs
[2026-09-18T23:28:09.194+0000] {logging_mixin.py:188} INFO - [2026-09-18T23:28:09.193+0000] {dag.py:3947} INFO - Setting next_dagrun for youtube_english_video_pipeline to 2026-09-18 12:00:00+00:00, run_after=2026-09-19 12:00:00+00:00
[2026-09-18T23:28:09.231+0000] {processor.py:183} INFO - Processing /opt/airflow/dags/youtube_pipeline.py took 0.206 seconds
[2026-09-18T23:28:39.513+0000] {processor.py:161} INFO - Started process (PID=12670) to work on /opt/airflow/dags/youtube_pipeline.py
[2026-09-18T23:28:39.516+0000] {processor.py:830} INFO - Processing file /opt/airflow/dags/youtube_pipeline.py for tasks to queue
[2026-09-18T23:28:39.518+0000] {logging_mixin.py:188} INFO - [2026-09-18T23:28:39.518+0000] {dagbag.py:545} INFO - Filling up the DagBag from /opt/airflow/dags/youtube_pipeline.py
[2026-09-18T23:28:39.612+0000] {processor.py:840} INFO - DAG(s) 'youtube_english_video_pipeline' retrieved from /opt/airflow/dags/youtube_pipeline.py
[2026-09-18T23:28:39.667+0000] {logging_mixin.py:188} INFO - [2026-09-18T23:28:39.667+0000] {dag.py:3089} INFO - Sync 1 DAGs
[2026-09-18T23:28:39.691+0000] {logging_mixin.py:188} INFO - [2026-09-18T23:28:39.691+0000] {dag.py:3947} INFO - Setting next_dagrun for youtube_english_video_pipeline to 2026-09-18 12:00:00+00:00, run_after=2026-09-19 12:00:00+00:00
[2026-09-18T23:28:41.992+0000] {processor.py:183} INFO - Processing /opt/airflow/dags/youtube_pipeline.py took 2.488 seconds
[2026-09-18T23:29:12.334+0000] {processor.py:161} INFO - Started process (PID=12675) to work on /opt/airflow/dags/youtube_pipeline.py
[2026-09-18T23:29:12.336+0000] {processor.py:830} INFO - Processing file /opt/airflow/dags/youtube_pipeline.py for tasks to queue
[2026-09-18T23:29:12.339+0000] {logging_mixin.py:188} INFO - [2026-09-18T23:29:12.339+0000] {dagbag.py:545} INFO - Filling up the DagBag from /opt/airflow/dags/youtube_pipeline.py
[2026-09-18T23:29:12.420+0000] {processor.py:840} INFO - DAG(s) 'youtube_english_video_pipeline' retrieved from /opt/airflow/dags/youtube_pipeline.py
[2026-09-18T23:29:12.487+0000] {logging_mixin.py:188} INFO - [2026-09-18T23:29:12.487+0000] {dag.py:3089} INFO - Sync 1 DAGs
[2026-09-18T23:29:12.519+0000] {logging_mixin.py:188} INFO - [2026-09-18T23:29:12.519+0000] {dag.py:3947} INFO - Setting next_dagrun for youtube_english_video_pipeline to 2026-09-18 12:00:00+00:00, run_after=2026-09-19 12:00:00+00:00
[2026-09-18T23:29:12.544+0000] {processor.py:183} INFO - Processing /opt/airflow/dags/youtube_pipeline.py took 0.220 seconds
[2026-09-18T23:29:42.867+0000] {processor.py:161} INFO - Started process (PID=12680) to work on /opt/airflow/dags/youtube_pipeline.py
[2026-09-18T23:29:42.869+0000] {processor.py:830} INFO - Processing file /opt/airflow/dags/youtube_pipeline.py for tasks to queue
[2026-09-18T23:29:42.871+0000] {logging_mixin.py:188} INFO - [2026-09-18T23:29:42.871+0000] {dagbag.py:545} INFO - Filling up the DagBag from /opt/airflow/dags/youtube_pipeline.py
[2026-09-18T23:29:42.931+0000] {processor.py:840} INFO - DAG(s) 'youtube_english_video_pipeline' retrieved from /opt/airflow/dags/youtube_pipeline.py
[2026-09-18T23:29:42.990+0000] {logging_mixin.py:188} INFO - [2026-09-18T23:29:42.990+0000] {dag.py:3089} INFO - Sync 1 DAGs
[2026-09-18T23:29:43.017+0000] {logging_mixin.py:188} INFO - [2026-09-18T23:29:43.017+0000] {dag.py:3947} INFO - Setting next_dagrun for youtube_english_video_pipeline to 2026-09-18 12:00:00+00:00, run_after=2026-09-19 12:00:00+00:00
[2026-09-18T23:29:43.044+0000] {processor.py:183} INFO - Processing /opt/airflow/dags/youtube_pipeline.py took 0.188 seconds
[2026-09-18T23:30:13.178+0000] {processor.py:161} INFO - Started process (PID=12685) to work on /opt/airflow/dags/youtube_pipeline.py
[2026-09-18T23:30:13.180+0000] {processor.py:830} INFO - Processing file /opt/airflow/dags/youtube_pipeline.py for tasks to queue
[2026-09-18T23:30:13.184+0000] {logging_mixin.py:188} INFO - [2026-09-18T23:30:13.183+0000] {dagbag.py:545} INFO - Filling up the DagBag from /opt/airflow/dags/youtube_pipeline.py
[2026-09-18T23:30:13.252+0000] {processor.py:840} INFO - DAG(s) 'youtube_english_video_pipeline' retrieved from /opt/airflow/dags/youtube_pipeline.py
[2026-09-18T23:30:13.330+0000] {logging_mixin.py:188} INFO - [2026-09-18T23:30:13.329+0000] {dag.py:3089} INFO - Sync 1 DAGs
[2026-09-18T23:30:13.366+0000] {logging_mixin.py:188} INFO - [2026-09-18T23:30:13.366+0000] {dag.py:3947} INFO - Setting next_dagrun for youtube_english_video_pipeline to 2026-09-18 12:00:00+00:00, run_after=2026-09-19 12:00:00+00:00
[2026-09-18T23:30:13.397+0000] {processor.py:183} INFO - Processing /opt/airflow/dags/youtube_pipeline.py took 0.233 seconds
[2026-09-18T23:30:43.629+0000] {processor.py:161} INFO - Started process (PID=12690) to work on /opt/airflow/dags/youtube_pipeline.py
[2026-09-18T23:30:43.631+0000] {processor.py:830} INFO - Processing file /opt/airflow/dags/youtube_pipeline.py for tasks to queue
[2026-09-18T23:30:43.633+0000] {logging_mixin.py:188} INFO - [2026-09-18T23:30:43.633+0000] {dagbag.py:545} INFO - Filling up the DagBag from /opt/airflow/dags/youtube_pipeline.py
[2026-09-18T23:30:43.698+0000] {processor.py:840} INFO - DAG(s) 'youtube_english_video_pipeline' retrieved from /opt/airflow/dags/youtube_pipeline.py
[2026-09-18T23:30:43.762+0000] {logging_mixin.py:188} INFO - [2026-09-18T23:30:43.762+0000] {dag.py:3089} INFO - Sync 1 DAGs
[2026-09-18T23:30:43.788+0000] {logging_mixin.py:188} INFO - [2026-09-18T23:30:43.788+0000] {dag.py:3947} INFO - Setting next_dagrun for youtube_english_video_pipeline to 2026-09-18 12:00:00+00:00, run_after=2026-09-19 12:00:00+00:00
[2026-09-18T23:30:44.037+0000] {processor.py:183} INFO - Processing /opt/airflow/dags/youtube_pipeline.py took 0.418 seconds
[2026-09-18T23:31:14.368+0000] {processor.py:161} INFO - Started process (PID=12695) to work on /opt/airflow/dags/youtube_pipeline.py
[2026-09-18T23:31:14.370+0000] {processor.py:830} INFO - Processing file /opt/airflow/dags/youtube_pipeline.py for tasks to queue
[2026-09-18T23:31:14.375+0000] {logging_mixin.py:188} INFO - [2026-09-18T23:31:14.374+0000] {dagbag.py:545} INFO - Filling up the DagBag from /opt/airflow/dags/youtube_pipeline.py
[2026-09-18T23:31:14.447+0000] {processor.py:840} INFO - DAG(s) 'youtube_english_video_pipeline' retrieved from /opt/airflow/dags/youtube_pipeline.py
[2026-09-18T23:31:14.538+0000] {logging_mixin.py:188} INFO - [2026-09-18T23:31:14.537+0000] {dag.py:3089} INFO - Sync 1 DAGs
[2026-09-18T23:31:14.607+0000] {logging_mixin.py:188} INFO - [2026-09-18T23:31:14.607+0000] {dag.py:3947} INFO - Setting next_dagrun for youtube_english_video_pipeline to 2026-09-18 12:00:00+00:00, run_after=2026-09-19 12:00:00+00:00
[2026-09-18T23:31:14.659+0000] {processor.py:183} INFO - Processing /opt/airflow/dags/youtube_pipeline.py took 0.305 seconds
[2026-09-18T23:31:44.992+0000] {processor.py:161} INFO - Started process (PID=12700) to work on /opt/airflow/dags/youtube_pipeline.py
[2026-09-18T23:31:44.994+0000] {processor.py:830} INFO - Processing file /opt/airflow/dags/youtube_pipeline.py for tasks to queue
[2026-09-18T23:31:44.997+0000] {logging_mixin.py:188} INFO - [2026-09-18T23:31:44.997+0000] {dagbag.py:545} INFO - Filling up the DagBag from /opt/airflow/dags/youtube_pipeline.py
[2026-09-18T23:31:45.060+0000] {processor.py:840} INFO - DAG(s) 'youtube_english_video_pipeline' retrieved from /opt/airflow/dags/youtube_pipeline.py
[2026-09-18T23:31:45.134+0000] {logging_mixin.py:188} INFO - [2026-09-18T23:31:45.134+0000] {dag.py:3089} INFO - Sync 1 DAGs
[2026-09-18T23:31:45.169+0000] {logging_mixin.py:188} INFO - [2026-09-18T23:31:45.169+0000] {dag.py:3947} INFO - Setting next_dagrun for youtube_english_video_pipeline to 2026-09-18 12:00:00+00:00, run_after=2026-09-19 12:00:00+00:00
[2026-09-18T23:31:45.203+0000] {processor.py:183} INFO - Processing /opt/airflow/dags/youtube_pipeline.py took 0.222 seconds
[2026-09-18T23:32:15.639+0000] {processor.py:161} INFO - Started process (PID=12705) to work on /opt/airflow/dags/youtube_pipeline.py
[2026-09-18T23:32:15.641+0000] {processor.py:830} INFO - Processing file /opt/airflow/dags/youtube_pipeline.py for tasks to queue
[2026-09-18T23:32:15.644+0000] {logging_mixin.py:188} INFO - [2026-09-18T23:32:15.644+0000] {dagbag.py:545} INFO - Filling up the DagBag from /opt/airflow/dags/youtube_pipeline.py
[2026-09-18T23:32:15.703+0000] {processor.py:840} INFO - DAG(s) 'youtube_english_video_pipeline' retrieved from /opt/airflow/dags/youtube_pipeline.py
[2026-09-18T23:32:15.779+0000] {logging_mixin.py:188} INFO - [2026-09-18T23:32:15.779+0000] {dag.py:3089} INFO - Sync 1 DAGs
[2026-09-18T23:32:15.811+0000] {logging_mixin.py:188} INFO - [2026-09-18T23:32:15.811+0000] {dag.py:3947} INFO - Setting next_dagrun for youtube_english_video_pipeline to 2026-09-18 12:00:00+00:00, run_after=2026-09-19 12:00:00+00:00
[2026-09-18T23:32:15.849+0000] {processor.py:183} INFO - Processing /opt/airflow/dags/youtube_pipeline.py took 0.222 seconds
[2026-09-18T23:32:46.200+0000] {processor.py:161} INFO - Started process (PID=12710) to work on /opt/airflow/dags/youtube_pipeline.py
[2026-09-18T23:32:46.203+0000] {processor.py:830} INFO - Processing file /opt/airflow/dags/youtube_pipeline.py for tasks to queue
[2026-09-18T23:32:46.207+0000] {logging_mixin.py:188} INFO - [2026-09-18T23:32:46.206+0000] {dagbag.py:545} INFO - Filling up the DagBag from /opt/airflow/dags/youtube_pipeline.py
[2026-09-18T23:32:46.287+0000] {processor.py:840} INFO - DAG(s) 'youtube_english_video_pipeline' retrieved from /opt/airflow/dags/youtube_pipeline.py
[2026-09-18T23:32:46.352+0000] {logging_mixin.py:188} INFO - [2026-09-18T23:32:46.352+0000] {dag.py:3089} INFO - Sync 1 DAGs
[2026-09-18T23:32:46.388+0000] {logging_mixin.py:188} INFO - [2026-09-18T23:32:46.388+0000] {dag.py:3947} INFO - Setting next_dagrun for youtube_english_video_pipeline to 2026-09-18 12:00:00+00:00, run_after=2026-09-19 12:00:00+00:00
[2026-09-18T23:32:46.613+0000] {processor.py:183} INFO - Processing /opt/airflow/dags/youtube_pipeline.py took 0.427 seconds
[2026-09-18T23:33:16.958+0000] {processor.py:161} INFO - Started process (PID=12715) to work on /opt/airflow/dags/youtube_pipeline.py
[2026-09-18T23:33:16.960+0000] {processor.py:830} INFO - Processing file /opt/airflow/dags/youtube_pipeline.py for tasks to queue
[2026-09-18T23:33:16.963+0000] {logging_mixin.py:188} INFO - [2026-09-18T23:33:16.963+0000] {dagbag.py:545} INFO - Filling up the DagBag from /opt/airflow/dags/youtube_pipeline.py
[2026-09-18T23:33:17.025+0000] {processor.py:840} INFO - DAG(s) 'youtube_english_video_pipeline' retrieved from /opt/airflow/dags/youtube_pipeline.py
[2026-09-18T23:33:17.088+0000] {logging_mixin.py:188} INFO - [2026-09-18T23:33:17.087+0000] {dag.py:3089} INFO - Sync 1 DAGs
[2026-09-18T23:33:17.114+0000] {logging_mixin.py:188} INFO - [2026-09-18T23:33:17.114+0000] {dag.py:3947} INFO - Setting next_dagrun for youtube_english_video_pipeline to 2026-09-18 12:00:00+00:00, run_after=2026-09-19 12:00:00+00:00
[2026-09-18T23:33:17.142+0000] {processor.py:183} INFO - Processing /opt/airflow/dags/youtube_pipeline.py took 0.194 seconds
[2026-09-18T23:33:47.461+0000] {processor.py:161} INFO - Started process (PID=12720) to work on /opt/airflow/dags/youtube_pipeline.py
[2026-09-18T23:33:47.463+0000] {processor.py:830} INFO - Processing file /opt/airflow/dags/youtube_pipeline.py for tasks to queue
[2026-09-18T23:33:47.467+0000] {logging_mixin.py:188} INFO - [2026-09-18T23:33:47.467+0000] {dagbag.py:545} INFO - Filling up the DagBag from /opt/airflow/dags/youtube_pipeline.py
[2026-09-18T23:33:47.549+0000] {processor.py:840} INFO - DAG(s) 'youtube_english_video_pipeline' retrieved from /opt/airflow/dags/youtube_pipeline.py
[2026-09-18T23:33:47.626+0000] {logging_mixin.py:188} INFO - [2026-09-18T23:33:47.625+0000] {dag.py:3089} INFO - Sync 1 DAGs
[2026-09-18T23:33:47.650+0000] {logging_mixin.py:188} INFO - [2026-09-18T23:33:47.650+0000] {dag.py:3947} INFO - Setting next_dagrun for youtube_english_video_pipeline to 2026-09-18 12:00:00+00:00, run_after=2026-09-19 12:00:00+00:00
[2026-09-18T23:33:47.675+0000] {processor.py:183} INFO - Processing /opt/airflow/dags/youtube_pipeline.py took 0.226 seconds
[2026-09-18T23:34:18.053+0000] {processor.py:161} INFO - Started process (PID=12725) to work on /opt/airflow/dags/youtube_pipeline.py
[2026-09-18T23:34:18.056+0000] {processor.py:830} INFO - Processing file /opt/airflow/dags/youtube_pipeline.py for tasks to queue
[2026-09-18T23:34:18.064+0000] {logging_mixin.py:188} INFO - [2026-09-18T23:34:18.063+0000] {dagbag.py:545} INFO - Filling up the DagBag from /opt/airflow/dags/youtube_pipeline.py
[2026-09-18T23:34:18.179+0000] {processor.py:840} INFO - DAG(s) 'youtube_english_video_pipeline' retrieved from /opt/airflow/dags/youtube_pipeline.py
[2026-09-18T23:34:18.277+0000] {logging_mixin.py:188} INFO - [2026-09-18T23:34:18.276+0000] {dag.py:3089} INFO - Sync 1 DAGs
[2026-09-18T23:34:18.310+0000] {logging_mixin.py:188} INFO - [2026-09-18T23:34:18.310+0000] {dag.py:3947} INFO - Setting next_dagrun for youtube_english_video_pipeline to 2026-09-18 12:00:00+00:00, run_after=2026-09-19 12:00:00+00:00
[2026-09-18T23:34:18.337+0000] {processor.py:183} INFO - Processing /opt/airflow/dags/youtube_pipeline.py took 0.302 seconds
[2026-09-18T23:34:48.670+0000] {processor.py:161} INFO - Started process (PID=12730) to work on /opt/airflow/dags/youtube_pipeline.py
[2026-09-18T23:34:48.685+0000] {processor.py:830} INFO - Processing file /opt/airflow/dags/youtube_pipeline.py for tasks to queue
[2026-09-18T23:34:48.708+0000] {logging_mixin.py:188} INFO - [2026-09-18T23:34:48.707+0000] {dagbag.py:545} INFO - Filling up the DagBag from /opt/airflow/dags/youtube_pipeline.py
[2026-09-18T23:34:48.758+0000] {processor.py:840} INFO - DAG(s) 'youtube_english_video_pipeline' retrieved from /opt/airflow/dags/youtube_pipeline.py
[2026-09-18T23:34:48.823+0000] {logging_mixin.py:188} INFO - [2026-09-18T23:34:48.822+0000] {dag.py:3089} INFO - Sync 1 DAGs
[2026-09-18T23:34:48.848+0000] {logging_mixin.py:188} INFO - [2026-09-18T23:34:48.848+0000] {dag.py:3947} INFO - Setting next_dagrun for youtube_english_video_pipeline to 2026-09-18 12:00:00+00:00, run_after=2026-09-19 12:00:00+00:00
[2026-09-18T23:34:49.072+0000] {processor.py:183} INFO - Processing /opt/airflow/dags/youtube_pipeline.py took 0.415 seconds
[2026-09-18T23:35:19.436+0000] {processor.py:161} INFO - Started process (PID=12735) to work on /opt/airflow/dags/youtube_pipeline.py
[2026-09-18T23:35:19.438+0000] {processor.py:830} INFO - Processing file /opt/airflow/dags/youtube_pipeline.py for tasks to queue
[2026-09-18T23:35:19.442+0000] {logging_mixin.py:188} INFO - [2026-09-18T23:35:19.441+0000] {dagbag.py:545} INFO - Filling up the DagBag from /opt/airflow/dags/youtube_pipeline.py
[2026-09-18T23:35:19.511+0000] {processor.py:840} INFO - DAG(s) 'youtube_english_video_pipeline' retrieved from /opt/airflow/dags/youtube_pipeline.py
[2026-09-18T23:35:19.585+0000] {logging_mixin.py:188} INFO - [2026-09-18T23:35:19.585+0000] {dag.py:3089} INFO - Sync 1 DAGs
[2026-09-18T23:35:19.782+0000] {logging_mixin.py:188} INFO - [2026-09-18T23:35:19.782+0000] {dag.py:3947} INFO - Setting next_dagrun for youtube_english_video_pipeline to 2026-09-18 12:00:00+00:00, run_after=2026-09-19 12:00:00+00:00
[2026-09-18T23:35:19.807+0000] {processor.py:183} INFO - Processing /opt/airflow/dags/youtube_pipeline.py took 0.387 seconds
[2026-09-18T23:35:50.182+0000] {processor.py:161} INFO - Started process (PID=12740) to work on /opt/airflow/dags/youtube_pipeline.py
[2026-09-18T23:35:50.184+0000] {processor.py:830} INFO - Processing file /opt/airflow/dags/youtube_pipeline.py for tasks to queue
[2026-09-18T23:35:50.187+0000] {logging_mixin.py:188} INFO - [2026-09-18T23:35:50.187+0000] {dagbag.py:545} INFO - Filling up the DagBag from /opt/airflow/dags/youtube_pipeline.py
[2026-09-18T23:35:50.256+0000] {processor.py:840} INFO - DAG(s) 'youtube_english_video_pipeline' retrieved from /opt/airflow/dags/youtube_pipeline.py
[2026-09-18T23:35:50.329+0000] {logging_mixin.py:188} INFO - [2026-09-18T23:35:50.328+0000] {dag.py:3089} INFO - Sync 1 DAGs
[2026-09-18T23:35:50.360+0000] {logging_mixin.py:188} INFO - [2026-09-18T23:35:50.359+0000] {dag.py:3947} INFO - Setting next_dagrun for youtube_english_video_pipeline to 2026-09-18 12:00:00+00:00, run_after=2026-09-19 12:00:00+00:00
[2026-09-18T23:35:50.391+0000] {processor.py:183} INFO - Processing /opt/airflow/dags/youtube_pipeline.py took 0.220 seconds
[2026-09-18T23:36:20.669+0000] {processor.py:161} INFO - Started process (PID=12745) to work on /opt/airflow/dags/youtube_pipeline.py
[2026-09-18T23:36:20.671+0000] {processor.py:830} INFO - Processing file /opt/airflow/dags/youtube_pipeline.py for tasks to queue
[2026-09-18T23:36:20.674+0000] {logging_mixin.py:188} INFO - [2026-09-18T23:36:20.673+0000] {dagbag.py:545} INFO - Filling up the DagBag from /opt/airflow/dags/youtube_pipeline.py
[2026-09-18T23:36:20.742+0000] {processor.py:840} INFO - DAG(s) 'youtube_english_video_pipeline' retrieved from /opt/airflow/dags/youtube_pipeline.py
[2026-09-18T23:36:20.812+0000] {logging_mixin.py:188} INFO - [2026-09-18T23:36:20.812+0000] {dag.py:3089} INFO - Sync 1 DAGs
[2026-09-18T23:36:20.846+0000] {logging_mixin.py:188} INFO - [2026-09-18T23:36:20.846+0000] {dag.py:3947} INFO - Setting next_dagrun for youtube_english_video_pipeline to 2026-09-18 12:00:00+00:00, run_after=2026-09-19 12:00:00+00:00
[2026-09-18T23:36:20.887+0000] {processor.py:183} INFO - Processing /opt/airflow/dags/youtube_pipeline.py took 0.229 seconds
[2026-09-18T23:36:51.223+0000] {processor.py:161} INFO - Started process (PID=12750) to work on /opt/airflow/dags/youtube_pipeline.py
[2026-09-18T23:36:51.225+0000] {processor.py:830} INFO - Processing file /opt/airflow/dags/youtube_pipeline.py for tasks to queue
[2026-09-18T23:36:51.228+0000] {logging_mixin.py:188} INFO - [2026-09-18T23:36:51.227+0000] {dagbag.py:545} INFO - Filling up the DagBag from /opt/airflow/dags/youtube_pipeline.py
[2026-09-18T23:36:51.298+0000] {processor.py:840} INFO - DAG(s) 'youtube_english_video_pipeline' retrieved from /opt/airflow/dags/youtube_pipeline.py
[2026-09-18T23:36:51.365+0000] {logging_mixin.py:188} INFO - [2026-09-18T23:36:51.365+0000] {dag.py:3089} INFO - Sync 1 DAGs
[2026-09-18T23:36:51.393+0000] {logging_mixin.py:188} INFO - [2026-09-18T23:36:51.392+0000] {dag.py:3947} INFO - Setting next_dagrun for youtube_english_video_pipeline to 2026-09-18 12:00:00+00:00, run_after=2026-09-19 12:00:00+00:00
[2026-09-18T23:36:51.597+0000] {processor.py:183} INFO - Processing /opt/airflow/dags/youtube_pipeline.py took 0.385 seconds
[2026-09-18T23:37:22.024+0000] {processor.py:161} INFO - Started process (PID=12755) to work on /opt/airflow/dags/youtube_pipeline.py
[2026-09-18T23:37:22.026+0000] {processor.py:830} INFO - Processing file /opt/airflow/dags/youtube_pipeline.py for tasks to queue
[2026-09-18T23:37:22.028+0000] {logging_mixin.py:188} INFO - [2026-09-18T23:37:22.028+0000] {dagbag.py:545} INFO - Filling up the DagBag from /opt/airflow/dags/youtube_pipeline.py
[2026-09-18T23:37:22.105+0000] {processor.py:840} INFO - DAG(s) 'youtube_english_video_pipeline' retrieved from /opt/airflow/dags/youtube_pipeline.py
[2026-09-18T23:37:22.186+0000] {logging_mixin.py:188} INFO - [2026-09-18T23:37:22.186+0000] {dag.py:3089} INFO - Sync 1 DAGs
[2026-09-18T23:37:22.418+0000] {logging_mixin.py:188} INFO - [2026-09-18T23:37:22.417+0000] {dag.py:3947} INFO - Setting next_dagrun for youtube_english_video_pipeline to 2026-09-18 12:00:00+00:00, run_after=2026-09-19 12:00:00+00:00
[2026-09-18T23:37:22.455+0000] {processor.py:183} INFO - Processing /opt/airflow/dags/youtube_pipeline.py took 0.441 seconds
[2026-09-18T23:37:52.740+0000] {processor.py:161} INFO - Started process (PID=12760) to work on /opt/airflow/dags/youtube_pipeline.py
[2026-09-18T23:37:52.743+0000] {processor.py:830} INFO - Processing file /opt/airflow/dags/youtube_pipeline.py for tasks to queue
[2026-09-18T23:37:52.750+0000] {logging_mixin.py:188} INFO - [2026-09-18T23:37:52.750+0000] {dagbag.py:545} INFO - Filling up the DagBag from /opt/airflow/dags/youtube_pipeline.py
[2026-09-18T23:37:52.797+0000] {processor.py:840} INFO - DAG(s) 'youtube_english_video_pipeline' retrieved from /opt/airflow/dags/youtube_pipeline.py
[2026-09-18T23:37:52.858+0000] {logging_mixin.py:188} INFO - [2026-09-18T23:37:52.857+0000] {dag.py:3089} INFO - Sync 1 DAGs
[2026-09-18T23:37:52.890+0000] {logging_mixin.py:188} INFO - [2026-09-18T23:37:52.890+0000] {dag.py:3947} INFO - Setting next_dagrun for youtube_english_video_pipeline to 2026-09-18 12:00:00+00:00, run_after=2026-09-19 12:00:00+00:00
[2026-09-18T23:37:52.921+0000] {processor.py:183} INFO - Processing /opt/airflow/dags/youtube_pipeline.py took 0.192 seconds
[2026-09-18T23:38:23.038+0000] {processor.py:161} INFO - Started process (PID=12765) to work on /opt/airflow/dags/youtube_pipeline.py
[2026-09-18T23:38:23.040+0000] {processor.py:830} INFO - Processing file /opt/airflow/dags/youtube_pipeline.py for tasks to queue
[2026-09-18T23:38:23.043+0000] {logging_mixin.py:188} INFO - [2026-09-18T23:38:23.043+0000] {dagbag.py:545} INFO - Filling up the DagBag from /opt/airflow/dags/youtube_pipeline.py
[2026-09-18T23:38:23.100+0000] {processor.py:840} INFO - DAG(s) 'youtube_english_video_pipeline' retrieved from /opt/airflow/dags/youtube_pipeline.py
[2026-09-18T23:38:23.171+0000] {logging_mixin.py:188} INFO - [2026-09-18T23:38:23.171+0000] {dag.py:3089} INFO - Sync 1 DAGs
[2026-09-18T23:38:23.210+0000] {logging_mixin.py:188} INFO - [2026-09-18T23:38:23.210+0000] {dag.py:3947} INFO - Setting next_dagrun for youtube_english_video_pipeline to 2026-09-18 12:00:00+00:00, run_after=2026-09-19 12:00:00+00:00
[2026-09-18T23:38:23.239+0000] {processor.py:183} INFO - Processing /opt/airflow/dags/youtube_pipeline.py took 0.210 seconds
[2026-09-18T23:38:53.476+0000] {processor.py:161} INFO - Started process (PID=12770) to work on /opt/airflow/dags/youtube_pipeline.py
[2026-09-18T23:38:53.481+0000] {processor.py:830} INFO - Processing file /opt/airflow/dags/youtube_pipeline.py for tasks to queue
[2026-09-18T23:38:53.486+0000] {logging_mixin.py:188} INFO - [2026-09-18T23:38:53.485+0000] {dagbag.py:545} INFO - Filling up the DagBag from /opt/airflow/dags/youtube_pipeline.py
[2026-09-18T23:38:53.593+0000] {processor.py:840} INFO - DAG(s) 'youtube_english_video_pipeline' retrieved from /opt/airflow/dags/youtube_pipeline.py
[2026-09-18T23:38:53.654+0000] {logging_mixin.py:188} INFO - [2026-09-18T23:38:53.654+0000] {dag.py:3089} INFO - Sync 1 DAGs
[2026-09-18T23:38:53.686+0000] {logging_mixin.py:188} INFO - [2026-09-18T23:38:53.686+0000] {dag.py:3947} INFO - Setting next_dagrun for youtube_english_video_pipeline to 2026-09-18 12:00:00+00:00, run_after=2026-09-19 12:00:00+00:00
[2026-09-18T23:38:53.877+0000] {processor.py:183} INFO - Processing /opt/airflow/dags/youtube_pipeline.py took 0.413 seconds
[2026-09-18T23:39:24.192+0000] {processor.py:161} INFO - Started process (PID=12775) to work on /opt/airflow/dags/youtube_pipeline.py
[2026-09-18T23:39:24.194+0000] {processor.py:830} INFO - Processing file /opt/airflow/dags/youtube_pipeline.py for tasks to queue
[2026-09-18T23:39:24.199+0000] {logging_mixin.py:188} INFO - [2026-09-18T23:39:24.198+0000] {dagbag.py:545} INFO - Filling up the DagBag from /opt/airflow/dags/youtube_pipeline.py
[2026-09-18T23:39:24.288+0000] {processor.py:840} INFO - DAG(s) 'youtube_english_video_pipeline' retrieved from /opt/airflow/dags/youtube_pipeline.py
[2026-09-18T23:39:24.354+0000] {logging_mixin.py:188} INFO - [2026-09-18T23:39:24.354+0000] {dag.py:3089} INFO - Sync 1 DAGs
[2026-09-18T23:39:24.567+0000] {logging_mixin.py:188} INFO - [2026-09-18T23:39:24.567+0000] {dag.py:3947} INFO - Setting next_dagrun for youtube_english_video_pipeline to 2026-09-18 12:00:00+00:00, run_after=2026-09-19 12:00:00+00:00
[2026-09-18T23:39:24.598+0000] {processor.py:183} INFO - Processing /opt/airflow/dags/youtube_pipeline.py took 0.417 seconds
[2026-09-18T23:39:54.905+0000] {processor.py:161} INFO - Started process (PID=12780) to work on /opt/airflow/dags/youtube_pipeline.py
[2026-09-18T23:39:54.908+0000] {processor.py:830} INFO - Processing file /opt/airflow/dags/youtube_pipeline.py for tasks to queue
[2026-09-18T23:39:54.913+0000] {logging_mixin.py:188} INFO - [2026-09-18T23:39:54.912+0000] {dagbag.py:545} INFO - Filling up the DagBag from /opt/airflow/dags/youtube_pipeline.py
[2026-09-18T23:39:54.986+0000] {processor.py:840} INFO - DAG(s) 'youtube_english_video_pipeline' retrieved from /opt/airflow/dags/youtube_pipeline.py
[2026-09-18T23:39:55.228+0000] {logging_mixin.py:188} INFO - [2026-09-18T23:39:55.227+0000] {dag.py:3089} INFO - Sync 1 DAGs
[2026-09-18T23:39:55.252+0000] {logging_mixin.py:188} INFO - [2026-09-18T23:39:55.252+0000] {dag.py:3947} INFO - Setting next_dagrun for youtube_english_video_pipeline to 2026-09-18 12:00:00+00:00, run_after=2026-09-19 12:00:00+00:00
[2026-09-18T23:39:55.284+0000] {processor.py:183} INFO - Processing /opt/airflow/dags/youtube_pipeline.py took 0.390 seconds
[2026-09-18T23:40:25.667+0000] {processor.py:161} INFO - Started process (PID=12785) to work on /opt/airflow/dags/youtube_pipeline.py
[2026-09-18T23:40:25.669+0000] {processor.py:830} INFO - Processing file /opt/airflow/dags/youtube_pipeline.py for tasks to queue
[2026-09-18T23:40:25.672+0000] {logging_mixin.py:188} INFO - [2026-09-18T23:40:25.671+0000] {dagbag.py:545} INFO - Filling up the DagBag from /opt/airflow/dags/youtube_pipeline.py
[2026-09-18T23:40:25.732+0000] {processor.py:840} INFO - DAG(s) 'youtube_english_video_pipeline' retrieved from /opt/airflow/dags/youtube_pipeline.py
[2026-09-18T23:40:25.826+0000] {logging_mixin.py:188} INFO - [2026-09-18T23:40:25.826+0000] {dag.py:3089} INFO - Sync 1 DAGs
[2026-09-18T23:40:25.867+0000] {logging_mixin.py:188} INFO - [2026-09-18T23:40:25.867+0000] {dag.py:3947} INFO - Setting next_dagrun for youtube_english_video_pipeline to 2026-09-18 12:00:00+00:00, run_after=2026-09-19 12:00:00+00:00
[2026-09-18T23:40:25.913+0000] {processor.py:183} INFO - Processing /opt/airflow/dags/youtube_pipeline.py took 0.259 seconds
[2026-09-18T23:40:56.239+0000] {processor.py:161} INFO - Started process (PID=12790) to work on /opt/airflow/dags/youtube_pipeline.py
[2026-09-18T23:40:56.241+0000] {processor.py:830} INFO - Processing file /opt/airflow/dags/youtube_pipeline.py for tasks to queue
[2026-09-18T23:40:56.244+0000] {logging_mixin.py:188} INFO - [2026-09-18T23:40:56.243+0000] {dagbag.py:545} INFO - Filling up the DagBag from /opt/airflow/dags/youtube_pipeline.py
[2026-09-18T23:40:56.297+0000] {processor.py:840} INFO - DAG(s) 'youtube_english_video_pipeline' retrieved from /opt/airflow/dags/youtube_pipeline.py
[2026-09-18T23:40:56.387+0000] {logging_mixin.py:188} INFO - [2026-09-18T23:40:56.386+0000] {dag.py:3089} INFO - Sync 1 DAGs
[2026-09-18T23:40:56.449+0000] {logging_mixin.py:188} INFO - [2026-09-18T23:40:56.448+0000] {dag.py:3947} INFO - Setting next_dagrun for youtube_english_video_pipeline to 2026-09-18 12:00:00+00:00, run_after=2026-09-19 12:00:00+00:00
[2026-09-18T23:40:56.703+0000] {processor.py:183} INFO - Processing /opt/airflow/dags/youtube_pipeline.py took 0.474 seconds
[2026-09-18T23:41:27.020+0000] {processor.py:161} INFO - Started process (PID=12795) to work on /opt/airflow/dags/youtube_pipeline.py
[2026-09-18T23:41:27.021+0000] {processor.py:830} INFO - Processing file /opt/airflow/dags/youtube_pipeline.py for tasks to queue
[2026-09-18T23:41:27.024+0000] {logging_mixin.py:188} INFO - [2026-09-18T23:41:27.023+0000] {dagbag.py:545} INFO - Filling up the DagBag from /opt/airflow/dags/youtube_pipeline.py
[2026-09-18T23:41:27.061+0000] {processor.py:840} INFO - DAG(s) 'youtube_english_video_pipeline' retrieved from /opt/airflow/dags/youtube_pipeline.py
[2026-09-18T23:41:27.118+0000] {logging_mixin.py:188} INFO - [2026-09-18T23:41:27.117+0000] {dag.py:3089} INFO - Sync 1 DAGs
[2026-09-18T23:41:27.313+0000] {logging_mixin.py:188} INFO - [2026-09-18T23:41:27.313+0000] {dag.py:3947} INFO - Setting next_dagrun for youtube_english_video_pipeline to 2026-09-18 12:00:00+00:00, run_after=2026-09-19 12:00:00+00:00
[2026-09-18T23:41:27.353+0000] {processor.py:183} INFO - Processing /opt/airflow/dags/youtube_pipeline.py took 0.343 seconds
[2026-09-18T23:41:57.634+0000] {processor.py:161} INFO - Started process (PID=12800) to work on /opt/airflow/dags/youtube_pipeline.py
[2026-09-18T23:41:57.635+0000] {processor.py:830} INFO - Processing file /opt/airflow/dags/youtube_pipeline.py for tasks to queue
[2026-09-18T23:41:57.637+0000] {logging_mixin.py:188} INFO - [2026-09-18T23:41:57.637+0000] {dagbag.py:545} INFO - Filling up the DagBag from /opt/airflow/dags/youtube_pipeline.py
[2026-09-18T23:41:57.672+0000] {processor.py:840} INFO - DAG(s) 'youtube_english_video_pipeline' retrieved from /opt/airflow/dags/youtube_pipeline.py
[2026-09-18T23:41:57.807+0000] {logging_mixin.py:188} INFO - [2026-09-18T23:41:57.807+0000] {dag.py:3089} INFO - Sync 1 DAGs
[2026-09-18T23:41:57.822+0000] {logging_mixin.py:188} INFO - [2026-09-18T23:41:57.822+0000] {dag.py:3947} INFO - Setting next_dagrun for youtube_english_video_pipeline to 2026-09-18 12:00:00+00:00, run_after=2026-09-19 12:00:00+00:00
[2026-09-18T23:41:57.843+0000] {processor.py:183} INFO - Processing /opt/airflow/dags/youtube_pipeline.py took 0.217 seconds
