[2026-09-21T00:12:00.847+0000] {processor.py:161} INFO - Started process (PID=99379) to work on /opt/airflow/dags/youtube_pipeline.py
[2026-09-21T00:12:00.911+0000] {processor.py:830} INFO - Processing file /opt/airflow/dags/youtube_pipeline.py for tasks to queue
[2026-09-21T00:12:00.985+0000] {logging_mixin.py:188} INFO - [2026-09-21T00:12:00.985+0000] {dagbag.py:545} INFO - Filling up the DagBag from /opt/airflow/dags/youtube_pipeline.py
[2026-09-21T00:12:05.477+0000] {processor.py:840} INFO - DAG(s) 'youtube_english_video_pipeline' retrieved from /opt/airflow/dags/youtube_pipeline.py
[2026-09-21T00:12:06.289+0000] {logging_mixin.py:188} INFO - [2026-09-21T00:12:06.288+0000] {dag.py:3089} INFO - Sync 1 DAGs
[2026-09-21T00:12:06.405+0000] {logging_mixin.py:188} INFO - [2026-09-21T00:12:06.405+0000] {dag.py:3947} INFO - Setting next_dagrun for youtube_english_video_pipeline to 2026-09-20 12:00:00+00:00, run_after=2026-09-21 12:00:00+00:00
[2026-09-21T00:12:06.683+0000] {processor.py:183} INFO - Processing /opt/airflow/dags/youtube_pipeline.py took 6.267 seconds
[2026-09-21T00:12:37.928+0000] {processor.py:161} INFO - Started process (PID=99384) to work on /opt/airflow/dags/youtube_pipeline.py
[2026-09-21T00:12:37.935+0000] {processor.py:830} INFO - Processing file /opt/airflow/dags/youtube_pipeline.py for tasks to queue
[2026-09-21T00:12:37.941+0000] {logging_mixin.py:188} INFO - [2026-09-21T00:12:37.940+0000] {dagbag.py:545} INFO - Filling up the DagBag from /opt/airflow/dags/youtube_pipeline.py
[2026-09-21T00:12:38.211+0000] {processor.py:840} INFO - DAG(s) 'youtube_english_video_pipeline' retrieved from /opt/airflow/dags/youtube_pipeline.py
[2026-09-21T00:12:38.286+0000] {logging_mixin.py:188} INFO - [2026-09-21T00:12:38.285+0000] {dag.py:3089} INFO - Sync 1 DAGs
[2026-09-21T00:12:38.325+0000] {logging_mixin.py:188} INFO - [2026-09-21T00:12:38.325+0000] {dag.py:3947} INFO - Setting next_dagrun for youtube_english_video_pipeline to 2026-09-20 12:00:00+00:00, run_after=2026-09-21 12:00:00+00:00
[2026-09-21T00:12:38.378+0000] {processor.py:183} INFO - Processing /opt/airflow/dags/youtube_pipeline.py took 0.495 seconds
[2026-09-21T00:13:09.482+0000] {processor.py:161} INFO - Started process (PID=99389) to work on /opt/airflow/dags/youtube_pipeline.py
[2026-09-21T00:13:09.495+0000] {processor.py:830} INFO - Processing file /opt/airflow/dags/youtube_pipeline.py for tasks to queue
[2026-09-21T00:13:09.506+0000] {logging_mixin.py:188} INFO - [2026-09-21T00:13:09.506+0000] {dagbag.py:545} INFO - Filling up the DagBag from /opt/airflow/dags/youtube_pipeline.py
[2026-09-21T00:13:09.893+0000] {processor.py:840} INFO - DAG(s) 'youtube_english_video_pipeline' retrieved from /opt/airflow/dags/youtube_pipeline.py
[2026-09-21T00:13:10.027+0000] {logging_mixin.py:188} INFO - [2026-09-21T00:13:10.027+0000] {dag.py:3089} INFO - Sync 1 DAGs
[2026-09-21T00:13:10.073+0000] {logging_mixin.py:188} INFO - [2026-09-21T00:13:10.072+0000] {dag.py:3947} INFO - Setting next_dagrun for youtube_english_video_pipeline to 2026-09-20 12:00:00+00:00, run_after=2026-09-21 12:00:00+00:00
[2026-09-21T00:13:10.144+0000] {processor.py:183} INFO - Processing /opt/airflow/dags/youtube_pipeline.py took 0.738 seconds
[2026-09-21T00:13:40.749+0000] {processor.py:161} INFO - Started process (PID=99394) to work on /opt/airflow/dags/youtube_pipeline.py
[2026-09-21T00:13:40.752+0000] {processor.py:830} INFO - Processing file /opt/airflow/dags/youtube_pipeline.py for tasks to queue
[2026-09-21T00:13:40.756+0000] {logging_mixin.py:188} INFO - [2026-09-21T00:13:40.755+0000] {dagbag.py:545} INFO - Filling up the DagBag from /opt/airflow/dags/youtube_pipeline.py
[2026-09-21T00:13:40.836+0000] {processor.py:840} INFO - DAG(s) 'youtube_english_video_pipeline' retrieved from /opt/airflow/dags/youtube_pipeline.py
[2026-09-21T00:13:40.907+0000] {logging_mixin.py:188} INFO - [2026-09-21T00:13:40.906+0000] {dag.py:3089} INFO - Sync 1 DAGs
[2026-09-21T00:13:40.937+0000] {logging_mixin.py:188} INFO - [2026-09-21T00:13:40.937+0000] {dag.py:3947} INFO - Setting next_dagrun for youtube_english_video_pipeline to 2026-09-20 12:00:00+00:00, run_after=2026-09-21 12:00:00+00:00
[2026-09-21T00:13:40.969+0000] {processor.py:183} INFO - Processing /opt/airflow/dags/youtube_pipeline.py took 0.243 seconds
[2026-09-21T00:14:11.319+0000] {processor.py:161} INFO - Started process (PID=99399) to work on /opt/airflow/dags/youtube_pipeline.py
[2026-09-21T00:14:11.321+0000] {processor.py:830} INFO - Processing file /opt/airflow/dags/youtube_pipeline.py for tasks to queue
[2026-09-21T00:14:11.325+0000] {logging_mixin.py:188} INFO - [2026-09-21T00:14:11.325+0000] {dagbag.py:545} INFO - Filling up the DagBag from /opt/airflow/dags/youtube_pipeline.py
[2026-09-21T00:14:11.390+0000] {processor.py:840} INFO - DAG(s) 'youtube_english_video_pipeline' retrieved from /opt/airflow/dags/youtube_pipeline.py
[2026-09-21T00:14:11.445+0000] {logging_mixin.py:188} INFO - [2026-09-21T00:14:11.444+0000] {dag.py:3089} INFO - Sync 1 DAGs
[2026-09-21T00:14:11.476+0000] {logging_mixin.py:188} INFO - [2026-09-21T00:14:11.475+0000] {dag.py:3947} INFO - Setting next_dagrun for youtube_english_video_pipeline to 2026-09-20 12:00:00+00:00, run_after=2026-09-21 12:00:00+00:00
[2026-09-21T00:14:11.509+0000] {processor.py:183} INFO - Processing /opt/airflow/dags/youtube_pipeline.py took 0.207 seconds
[2026-09-21T00:14:41.621+0000] {processor.py:161} INFO - Started process (PID=99404) to work on /opt/airflow/dags/youtube_pipeline.py
[2026-09-21T00:14:41.622+0000] {processor.py:830} INFO - Processing file /opt/airflow/dags/youtube_pipeline.py for tasks to queue
[2026-09-21T00:14:41.627+0000] {logging_mixin.py:188} INFO - [2026-09-21T00:14:41.626+0000] {dagbag.py:545} INFO - Filling up the DagBag from /opt/airflow/dags/youtube_pipeline.py
[2026-09-21T00:14:41.675+0000] {processor.py:840} INFO - DAG(s) 'youtube_english_video_pipeline' retrieved from /opt/airflow/dags/youtube_pipeline.py
[2026-09-21T00:14:41.739+0000] {logging_mixin.py:188} INFO - [2026-09-21T00:14:41.739+0000] {dag.py:3089} INFO - Sync 1 DAGs
[2026-09-21T00:14:41.765+0000] {logging_mixin.py:188} INFO - [2026-09-21T00:14:41.764+0000] {dag.py:3947} INFO - Setting next_dagrun for youtube_english_video_pipeline to 2026-09-20 12:00:00+00:00, run_after=2026-09-21 12:00:00+00:00
[2026-09-21T00:14:41.799+0000] {processor.py:183} INFO - Processing /opt/airflow/dags/youtube_pipeline.py took 0.191 seconds
[2026-09-21T00:15:12.087+0000] {processor.py:161} INFO - Started process (PID=99409) to work on /opt/airflow/dags/youtube_pipeline.py
[2026-09-21T00:15:12.089+0000] {processor.py:830} INFO - Processing file /opt/airflow/dags/youtube_pipeline.py for tasks to queue
[2026-09-21T00:15:12.092+0000] {logging_mixin.py:188} INFO - [2026-09-21T00:15:12.091+0000] {dagbag.py:545} INFO - Filling up the DagBag from /opt/airflow/dags/youtube_pipeline.py
[2026-09-21T00:15:12.160+0000] {processor.py:840} INFO - DAG(s) 'youtube_english_video_pipeline' retrieved from /opt/airflow/dags/youtube_pipeline.py
[2026-09-21T00:15:12.243+0000] {logging_mixin.py:188} INFO - [2026-09-21T00:15:12.243+0000] {dag.py:3089} INFO - Sync 1 DAGs
[2026-09-21T00:15:12.266+0000] {logging_mixin.py:188} INFO - [2026-09-21T00:15:12.266+0000] {dag.py:3947} INFO - Setting next_dagrun for youtube_english_video_pipeline to 2026-09-20 12:00:00+00:00, run_after=2026-09-21 12:00:00+00:00
[2026-09-21T00:15:12.289+0000] {processor.py:183} INFO - Processing /opt/airflow/dags/youtube_pipeline.py took 0.213 seconds
[2026-09-21T00:15:42.374+0000] {processor.py:161} INFO - Started process (PID=99414) to work on /opt/airflow/dags/youtube_pipeline.py
[2026-09-21T00:15:42.376+0000] {processor.py:830} INFO - Processing file /opt/airflow/dags/youtube_pipeline.py for tasks to queue
[2026-09-21T00:15:42.379+0000] {logging_mixin.py:188} INFO - [2026-09-21T00:15:42.378+0000] {dagbag.py:545} INFO - Filling up the DagBag from /opt/airflow/dags/youtube_pipeline.py
[2026-09-21T00:15:42.414+0000] {processor.py:840} INFO - DAG(s) 'youtube_english_video_pipeline' retrieved from /opt/airflow/dags/youtube_pipeline.py
[2026-09-21T00:15:42.470+0000] {logging_mixin.py:188} INFO - [2026-09-21T00:15:42.470+0000] {dag.py:3089} INFO - Sync 1 DAGs
[2026-09-21T00:15:42.508+0000] {logging_mixin.py:188} INFO - [2026-09-21T00:15:42.508+0000] {dag.py:3947} INFO - Setting next_dagrun for youtube_english_video_pipeline to 2026-09-20 12:00:00+00:00, run_after=2026-09-21 12:00:00+00:00
[2026-09-21T00:15:42.532+0000] {processor.py:183} INFO - Processing /opt/airflow/dags/youtube_pipeline.py took 0.171 seconds
[2026-09-21T00:16:13.176+0000] {processor.py:161} INFO - Started process (PID=99419) to work on /opt/airflow/dags/youtube_pipeline.py
[2026-09-21T00:16:13.179+0000] {processor.py:830} INFO - Processing file /opt/airflow/dags/youtube_pipeline.py for tasks to queue
[2026-09-21T00:16:13.184+0000] {logging_mixin.py:188} INFO - [2026-09-21T00:16:13.183+0000] {dagbag.py:545} INFO - Filling up the DagBag from /opt/airflow/dags/youtube_pipeline.py
[2026-09-21T00:16:13.314+0000] {processor.py:840} INFO - DAG(s) 'youtube_english_video_pipeline' retrieved from /opt/airflow/dags/youtube_pipeline.py
[2026-09-21T00:16:13.373+0000] {logging_mixin.py:188} INFO - [2026-09-21T00:16:13.373+0000] {dag.py:3089} INFO - Sync 1 DAGs
[2026-09-21T00:16:13.409+0000] {logging_mixin.py:188} INFO - [2026-09-21T00:16:13.408+0000] {dag.py:3947} INFO - Setting next_dagrun for youtube_english_video_pipeline to 2026-09-20 12:00:00+00:00, run_after=2026-09-21 12:00:00+00:00
[2026-09-21T00:16:13.446+0000] {processor.py:183} INFO - Processing /opt/airflow/dags/youtube_pipeline.py took 0.287 seconds
[2026-09-21T00:16:44.061+0000] {processor.py:161} INFO - Started process (PID=99424) to work on /opt/airflow/dags/youtube_pipeline.py
[2026-09-21T00:16:44.072+0000] {processor.py:830} INFO - Processing file /opt/airflow/dags/youtube_pipeline.py for tasks to queue
[2026-09-21T00:16:44.093+0000] {logging_mixin.py:188} INFO - [2026-09-21T00:16:44.091+0000] {dagbag.py:545} INFO - Filling up the DagBag from /opt/airflow/dags/youtube_pipeline.py
[2026-09-21T00:16:44.341+0000] {processor.py:840} INFO - DAG(s) 'youtube_english_video_pipeline' retrieved from /opt/airflow/dags/youtube_pipeline.py
[2026-09-21T00:16:44.424+0000] {logging_mixin.py:188} INFO - [2026-09-21T00:16:44.423+0000] {dag.py:3089} INFO - Sync 1 DAGs
[2026-09-21T00:16:44.472+0000] {logging_mixin.py:188} INFO - [2026-09-21T00:16:44.472+0000] {dag.py:3947} INFO - Setting next_dagrun for youtube_english_video_pipeline to 2026-09-20 12:00:00+00:00, run_after=2026-09-21 12:00:00+00:00
[2026-09-21T00:16:44.520+0000] {processor.py:183} INFO - Processing /opt/airflow/dags/youtube_pipeline.py took 0.537 seconds
[2026-09-21T00:17:15.094+0000] {processor.py:161} INFO - Started process (PID=99429) to work on /opt/airflow/dags/youtube_pipeline.py
[2026-09-21T00:17:15.095+0000] {processor.py:830} INFO - Processing file /opt/airflow/dags/youtube_pipeline.py for tasks to queue
[2026-09-21T00:17:15.099+0000] {logging_mixin.py:188} INFO - [2026-09-21T00:17:15.098+0000] {dagbag.py:545} INFO - Filling up the DagBag from /opt/airflow/dags/youtube_pipeline.py
[2026-09-21T00:17:15.145+0000] {processor.py:840} INFO - DAG(s) 'youtube_english_video_pipeline' retrieved from /opt/airflow/dags/youtube_pipeline.py
[2026-09-21T00:17:15.199+0000] {logging_mixin.py:188} INFO - [2026-09-21T00:17:15.199+0000] {dag.py:3089} INFO - Sync 1 DAGs
[2026-09-21T00:17:15.223+0000] {logging_mixin.py:188} INFO - [2026-09-21T00:17:15.223+0000] {dag.py:3947} INFO - Setting next_dagrun for youtube_english_video_pipeline to 2026-09-20 12:00:00+00:00, run_after=2026-09-21 12:00:00+00:00
[2026-09-21T00:17:15.253+0000] {processor.py:183} INFO - Processing /opt/airflow/dags/youtube_pipeline.py took 0.172 seconds
[2026-09-21T00:17:45.492+0000] {processor.py:161} INFO - Started process (PID=99434) to work on /opt/airflow/dags/youtube_pipeline.py
[2026-09-21T00:17:45.493+0000] {processor.py:830} INFO - Processing file /opt/airflow/dags/youtube_pipeline.py for tasks to queue
[2026-09-21T00:17:45.495+0000] {logging_mixin.py:188} INFO - [2026-09-21T00:17:45.495+0000] {dagbag.py:545} INFO - Filling up the DagBag from /opt/airflow/dags/youtube_pipeline.py
[2026-09-21T00:17:45.550+0000] {processor.py:840} INFO - DAG(s) 'youtube_english_video_pipeline' retrieved from /opt/airflow/dags/youtube_pipeline.py
[2026-09-21T00:17:45.608+0000] {logging_mixin.py:188} INFO - [2026-09-21T00:17:45.608+0000] {dag.py:3089} INFO - Sync 1 DAGs
[2026-09-21T00:17:45.636+0000] {logging_mixin.py:188} INFO - [2026-09-21T00:17:45.635+0000] {dag.py:3947} INFO - Setting next_dagrun for youtube_english_video_pipeline to 2026-09-20 12:00:00+00:00, run_after=2026-09-21 12:00:00+00:00
[2026-09-21T00:17:45.659+0000] {processor.py:183} INFO - Processing /opt/airflow/dags/youtube_pipeline.py took 0.179 seconds
[2026-09-21T00:18:15.999+0000] {processor.py:161} INFO - Started process (PID=99439) to work on /opt/airflow/dags/youtube_pipeline.py
[2026-09-21T00:18:16.001+0000] {processor.py:830} INFO - Processing file /opt/airflow/dags/youtube_pipeline.py for tasks to queue
[2026-09-21T00:18:16.006+0000] {logging_mixin.py:188} INFO - [2026-09-21T00:18:16.005+0000] {dagbag.py:545} INFO - Filling up the DagBag from /opt/airflow/dags/youtube_pipeline.py
[2026-09-21T00:18:16.118+0000] {processor.py:840} INFO - DAG(s) 'youtube_english_video_pipeline' retrieved from /opt/airflow/dags/youtube_pipeline.py
[2026-09-21T00:18:16.186+0000] {logging_mixin.py:188} INFO - [2026-09-21T00:18:16.185+0000] {dag.py:3089} INFO - Sync 1 DAGs
[2026-09-21T00:18:16.212+0000] {logging_mixin.py:188} INFO - [2026-09-21T00:18:16.212+0000] {dag.py:3947} INFO - Setting next_dagrun for youtube_english_video_pipeline to 2026-09-20 12:00:00+00:00, run_after=2026-09-21 12:00:00+00:00
[2026-09-21T00:18:16.249+0000] {processor.py:183} INFO - Processing /opt/airflow/dags/youtube_pipeline.py took 0.277 seconds
[2026-09-21T00:18:46.521+0000] {processor.py:161} INFO - Started process (PID=99444) to work on /opt/airflow/dags/youtube_pipeline.py
[2026-09-21T00:18:46.523+0000] {processor.py:830} INFO - Processing file /opt/airflow/dags/youtube_pipeline.py for tasks to queue
[2026-09-21T00:18:46.525+0000] {logging_mixin.py:188} INFO - [2026-09-21T00:18:46.525+0000] {dagbag.py:545} INFO - Filling up the DagBag from /opt/airflow/dags/youtube_pipeline.py
[2026-09-21T00:18:46.576+0000] {processor.py:840} INFO - DAG(s) 'youtube_english_video_pipeline' retrieved from /opt/airflow/dags/youtube_pipeline.py
[2026-09-21T00:18:46.621+0000] {logging_mixin.py:188} INFO - [2026-09-21T00:18:46.621+0000] {dag.py:3089} INFO - Sync 1 DAGs
[2026-09-21T00:18:46.641+0000] {logging_mixin.py:188} INFO - [2026-09-21T00:18:46.641+0000] {dag.py:3947} INFO - Setting next_dagrun for youtube_english_video_pipeline to 2026-09-20 12:00:00+00:00, run_after=2026-09-21 12:00:00+00:00
[2026-09-21T00:18:46.671+0000] {processor.py:183} INFO - Processing /opt/airflow/dags/youtube_pipeline.py took 0.165 seconds
[2026-09-21T00:19:16.743+0000] {processor.py:161} INFO - Started process (PID=99449) to work on /opt/airflow/dags/youtube_pipeline.py
[2026-09-21T00:19:16.745+0000] {processor.py:830} INFO - Processing file /opt/airflow/dags/youtube_pipeline.py for tasks to queue
[2026-09-21T00:19:16.747+0000] {logging_mixin.py:188} INFO - [2026-09-21T00:19:16.747+0000] {dagbag.py:545} INFO - Filling up the DagBag from /opt/airflow/dags/youtube_pipeline.py
[2026-09-21T00:19:16.783+0000] {processor.py:840} INFO - DAG(s) 'youtube_english_video_pipeline' retrieved from /opt/airflow/dags/youtube_pipeline.py
[2026-09-21T00:19:16.830+0000] {logging_mixin.py:188} INFO - [2026-09-21T00:19:16.829+0000] {dag.py:3089} INFO - Sync 1 DAGs
[2026-09-21T00:19:16.850+0000] {logging_mixin.py:188} INFO - [2026-09-21T00:19:16.850+0000] {dag.py:3947} INFO - Setting next_dagrun for youtube_english_video_pipeline to 2026-09-20 12:00:00+00:00, run_after=2026-09-21 12:00:00+00:00
[2026-09-21T00:19:16.879+0000] {processor.py:183} INFO - Processing /opt/airflow/dags/youtube_pipeline.py took 0.146 seconds
[2026-09-21T00:19:47.174+0000] {processor.py:161} INFO - Started process (PID=99454) to work on /opt/airflow/dags/youtube_pipeline.py
[2026-09-21T00:19:47.175+0000] {processor.py:830} INFO - Processing file /opt/airflow/dags/youtube_pipeline.py for tasks to queue
[2026-09-21T00:19:47.177+0000] {logging_mixin.py:188} INFO - [2026-09-21T00:19:47.177+0000] {dagbag.py:545} INFO - Filling up the DagBag from /opt/airflow/dags/youtube_pipeline.py
[2026-09-21T00:19:47.222+0000] {processor.py:840} INFO - DAG(s) 'youtube_english_video_pipeline' retrieved from /opt/airflow/dags/youtube_pipeline.py
[2026-09-21T00:19:47.291+0000] {logging_mixin.py:188} INFO - [2026-09-21T00:19:47.290+0000] {dag.py:3089} INFO - Sync 1 DAGs
[2026-09-21T00:19:47.320+0000] {logging_mixin.py:188} INFO - [2026-09-21T00:19:47.319+0000] {dag.py:3947} INFO - Setting next_dagrun for youtube_english_video_pipeline to 2026-09-20 12:00:00+00:00, run_after=2026-09-21 12:00:00+00:00
[2026-09-21T00:19:47.352+0000] {processor.py:183} INFO - Processing /opt/airflow/dags/youtube_pipeline.py took 0.188 seconds
[2026-09-21T00:20:17.620+0000] {processor.py:161} INFO - Started process (PID=99459) to work on /opt/airflow/dags/youtube_pipeline.py
[2026-09-21T00:20:17.621+0000] {processor.py:830} INFO - Processing file /opt/airflow/dags/youtube_pipeline.py for tasks to queue
[2026-09-21T00:20:17.623+0000] {logging_mixin.py:188} INFO - [2026-09-21T00:20:17.623+0000] {dagbag.py:545} INFO - Filling up the DagBag from /opt/airflow/dags/youtube_pipeline.py
[2026-09-21T00:20:17.668+0000] {processor.py:840} INFO - DAG(s) 'youtube_english_video_pipeline' retrieved from /opt/airflow/dags/youtube_pipeline.py
[2026-09-21T00:20:17.715+0000] {logging_mixin.py:188} INFO - [2026-09-21T00:20:17.715+0000] {dag.py:3089} INFO - Sync 1 DAGs
[2026-09-21T00:20:17.739+0000] {logging_mixin.py:188} INFO - [2026-09-21T00:20:17.738+0000] {dag.py:3947} INFO - Setting next_dagrun for youtube_english_video_pipeline to 2026-09-20 12:00:00+00:00, run_after=2026-09-21 12:00:00+00:00
[2026-09-21T00:20:17.761+0000] {processor.py:183} INFO - Processing /opt/airflow/dags/youtube_pipeline.py took 0.152 seconds
[2026-09-21T00:20:47.840+0000] {processor.py:161} INFO - Started process (PID=99464) to work on /opt/airflow/dags/youtube_pipeline.py
[2026-09-21T00:20:47.842+0000] {processor.py:830} INFO - Processing file /opt/airflow/dags/youtube_pipeline.py for tasks to queue
[2026-09-21T00:20:47.844+0000] {logging_mixin.py:188} INFO - [2026-09-21T00:20:47.844+0000] {dagbag.py:545} INFO - Filling up the DagBag from /opt/airflow/dags/youtube_pipeline.py
[2026-09-21T00:20:47.886+0000] {processor.py:840} INFO - DAG(s) 'youtube_english_video_pipeline' retrieved from /opt/airflow/dags/youtube_pipeline.py
[2026-09-21T00:20:47.945+0000] {logging_mixin.py:188} INFO - [2026-09-21T00:20:47.944+0000] {dag.py:3089} INFO - Sync 1 DAGs
[2026-09-21T00:20:47.965+0000] {logging_mixin.py:188} INFO - [2026-09-21T00:20:47.965+0000] {dag.py:3947} INFO - Setting next_dagrun for youtube_english_video_pipeline to 2026-09-20 12:00:00+00:00, run_after=2026-09-21 12:00:00+00:00
[2026-09-21T00:20:47.985+0000] {processor.py:183} INFO - Processing /opt/airflow/dags/youtube_pipeline.py took 0.156 seconds
[2026-09-21T00:21:18.260+0000] {processor.py:161} INFO - Started process (PID=99469) to work on /opt/airflow/dags/youtube_pipeline.py
[2026-09-21T00:21:18.262+0000] {processor.py:830} INFO - Processing file /opt/airflow/dags/youtube_pipeline.py for tasks to queue
[2026-09-21T00:21:18.264+0000] {logging_mixin.py:188} INFO - [2026-09-21T00:21:18.263+0000] {dagbag.py:545} INFO - Filling up the DagBag from /opt/airflow/dags/youtube_pipeline.py
[2026-09-21T00:21:18.310+0000] {processor.py:840} INFO - DAG(s) 'youtube_english_video_pipeline' retrieved from /opt/airflow/dags/youtube_pipeline.py
[2026-09-21T00:21:18.374+0000] {logging_mixin.py:188} INFO - [2026-09-21T00:21:18.373+0000] {dag.py:3089} INFO - Sync 1 DAGs
[2026-09-21T00:21:18.402+0000] {logging_mixin.py:188} INFO - [2026-09-21T00:21:18.401+0000] {dag.py:3947} INFO - Setting next_dagrun for youtube_english_video_pipeline to 2026-09-20 12:00:00+00:00, run_after=2026-09-21 12:00:00+00:00
[2026-09-21T00:21:18.429+0000] {processor.py:183} INFO - Processing /opt/airflow/dags/youtube_pipeline.py took 0.180 seconds
[2026-09-21T00:21:48.523+0000] {processor.py:161} INFO - Started process (PID=99474) to work on /opt/airflow/dags/youtube_pipeline.py
[2026-09-21T00:21:48.525+0000] {processor.py:830} INFO - Processing file /opt/airflow/dags/youtube_pipeline.py for tasks to queue
[2026-09-21T00:21:48.528+0000] {logging_mixin.py:188} INFO - [2026-09-21T00:21:48.527+0000] {dagbag.py:545} INFO - Filling up the DagBag from /opt/airflow/dags/youtube_pipeline.py
[2026-09-21T00:21:48.573+0000] {processor.py:840} INFO - DAG(s) 'youtube_english_video_pipeline' retrieved from /opt/airflow/dags/youtube_pipeline.py
[2026-09-21T00:21:48.620+0000] {logging_mixin.py:188} INFO - [2026-09-21T00:21:48.620+0000] {dag.py:3089} INFO - Sync 1 DAGs
[2026-09-21T00:21:48.643+0000] {logging_mixin.py:188} INFO - [2026-09-21T00:21:48.643+0000] {dag.py:3947} INFO - Setting next_dagrun for youtube_english_video_pipeline to 2026-09-20 12:00:00+00:00, run_after=2026-09-21 12:00:00+00:00
[2026-09-21T00:21:48.682+0000] {processor.py:183} INFO - Processing /opt/airflow/dags/youtube_pipeline.py took 0.177 seconds
[2026-09-21T00:22:18.984+0000] {processor.py:161} INFO - Started process (PID=99479) to work on /opt/airflow/dags/youtube_pipeline.py
[2026-09-21T00:22:18.985+0000] {processor.py:830} INFO - Processing file /opt/airflow/dags/youtube_pipeline.py for tasks to queue
[2026-09-21T00:22:18.987+0000] {logging_mixin.py:188} INFO - [2026-09-21T00:22:18.987+0000] {dagbag.py:545} INFO - Filling up the DagBag from /opt/airflow/dags/youtube_pipeline.py
[2026-09-21T00:22:19.026+0000] {processor.py:840} INFO - DAG(s) 'youtube_english_video_pipeline' retrieved from /opt/airflow/dags/youtube_pipeline.py
[2026-09-21T00:22:19.074+0000] {logging_mixin.py:188} INFO - [2026-09-21T00:22:19.074+0000] {dag.py:3089} INFO - Sync 1 DAGs
[2026-09-21T00:22:19.094+0000] {logging_mixin.py:188} INFO - [2026-09-21T00:22:19.094+0000] {dag.py:3947} INFO - Setting next_dagrun for youtube_english_video_pipeline to 2026-09-20 12:00:00+00:00, run_after=2026-09-21 12:00:00+00:00
[2026-09-21T00:22:19.116+0000] {processor.py:183} INFO - Processing /opt/airflow/dags/youtube_pipeline.py took 0.140 seconds
[2026-09-21T00:22:49.303+0000] {processor.py:161} INFO - Started process (PID=99484) to work on /opt/airflow/dags/youtube_pipeline.py
[2026-09-21T00:22:49.304+0000] {processor.py:830} INFO - Processing file /opt/airflow/dags/youtube_pipeline.py for tasks to queue
[2026-09-21T00:22:49.306+0000] {logging_mixin.py:188} INFO - [2026-09-21T00:22:49.306+0000] {dagbag.py:545} INFO - Filling up the DagBag from /opt/airflow/dags/youtube_pipeline.py
[2026-09-21T00:22:49.342+0000] {processor.py:840} INFO - DAG(s) 'youtube_english_video_pipeline' retrieved from /opt/airflow/dags/youtube_pipeline.py
[2026-09-21T00:22:49.390+0000] {logging_mixin.py:188} INFO - [2026-09-21T00:22:49.390+0000] {dag.py:3089} INFO - Sync 1 DAGs
[2026-09-21T00:22:49.414+0000] {logging_mixin.py:188} INFO - [2026-09-21T00:22:49.414+0000] {dag.py:3947} INFO - Setting next_dagrun for youtube_english_video_pipeline to 2026-09-20 12:00:00+00:00, run_after=2026-09-21 12:00:00+00:00
[2026-09-21T00:22:49.442+0000] {processor.py:183} INFO - Processing /opt/airflow/dags/youtube_pipeline.py took 0.152 seconds
[2026-09-21T00:23:19.661+0000] {processor.py:161} INFO - Started process (PID=99489) to work on /opt/airflow/dags/youtube_pipeline.py
[2026-09-21T00:23:19.663+0000] {processor.py:830} INFO - Processing file /opt/airflow/dags/youtube_pipeline.py for tasks to queue
[2026-09-21T00:23:19.665+0000] {logging_mixin.py:188} INFO - [2026-09-21T00:23:19.665+0000] {dagbag.py:545} INFO - Filling up the DagBag from /opt/airflow/dags/youtube_pipeline.py
[2026-09-21T00:23:19.713+0000] {processor.py:840} INFO - DAG(s) 'youtube_english_video_pipeline' retrieved from /opt/airflow/dags/youtube_pipeline.py
[2026-09-21T00:23:19.764+0000] {logging_mixin.py:188} INFO - [2026-09-21T00:23:19.763+0000] {dag.py:3089} INFO - Sync 1 DAGs
[2026-09-21T00:23:19.785+0000] {logging_mixin.py:188} INFO - [2026-09-21T00:23:19.785+0000] {dag.py:3947} INFO - Setting next_dagrun for youtube_english_video_pipeline to 2026-09-20 12:00:00+00:00, run_after=2026-09-21 12:00:00+00:00
[2026-09-21T00:23:19.805+0000] {processor.py:183} INFO - Processing /opt/airflow/dags/youtube_pipeline.py took 0.158 seconds
[2026-09-21T00:23:49.929+0000] {processor.py:161} INFO - Started process (PID=99494) to work on /opt/airflow/dags/youtube_pipeline.py
[2026-09-21T00:23:49.930+0000] {processor.py:830} INFO - Processing file /opt/airflow/dags/youtube_pipeline.py for tasks to queue
[2026-09-21T00:23:49.933+0000] {logging_mixin.py:188} INFO - [2026-09-21T00:23:49.933+0000] {dagbag.py:545} INFO - Filling up the DagBag from /opt/airflow/dags/youtube_pipeline.py
[2026-09-21T00:23:49.980+0000] {processor.py:840} INFO - DAG(s) 'youtube_english_video_pipeline' retrieved from /opt/airflow/dags/youtube_pipeline.py
[2026-09-21T00:23:50.039+0000] {logging_mixin.py:188} INFO - [2026-09-21T00:23:50.039+0000] {dag.py:3089} INFO - Sync 1 DAGs
[2026-09-21T00:23:50.064+0000] {logging_mixin.py:188} INFO - [2026-09-21T00:23:50.064+0000] {dag.py:3947} INFO - Setting next_dagrun for youtube_english_video_pipeline to 2026-09-20 12:00:00+00:00, run_after=2026-09-21 12:00:00+00:00
[2026-09-21T00:23:50.087+0000] {processor.py:183} INFO - Processing /opt/airflow/dags/youtube_pipeline.py took 0.170 seconds
[2026-09-21T00:24:20.299+0000] {processor.py:161} INFO - Started process (PID=99499) to work on /opt/airflow/dags/youtube_pipeline.py
[2026-09-21T00:24:20.300+0000] {processor.py:830} INFO - Processing file /opt/airflow/dags/youtube_pipeline.py for tasks to queue
[2026-09-21T00:24:20.303+0000] {logging_mixin.py:188} INFO - [2026-09-21T00:24:20.302+0000] {dagbag.py:545} INFO - Filling up the DagBag from /opt/airflow/dags/youtube_pipeline.py
[2026-09-21T00:24:20.356+0000] {processor.py:840} INFO - DAG(s) 'youtube_english_video_pipeline' retrieved from /opt/airflow/dags/youtube_pipeline.py
[2026-09-21T00:24:20.415+0000] {logging_mixin.py:188} INFO - [2026-09-21T00:24:20.414+0000] {dag.py:3089} INFO - Sync 1 DAGs
[2026-09-21T00:24:20.435+0000] {logging_mixin.py:188} INFO - [2026-09-21T00:24:20.435+0000] {dag.py:3947} INFO - Setting next_dagrun for youtube_english_video_pipeline to 2026-09-20 12:00:00+00:00, run_after=2026-09-21 12:00:00+00:00
[2026-09-21T00:24:20.458+0000] {processor.py:183} INFO - Processing /opt/airflow/dags/youtube_pipeline.py took 0.169 seconds
[2026-09-21T00:24:50.575+0000] {processor.py:161} INFO - Started process (PID=99504) to work on /opt/airflow/dags/youtube_pipeline.py
[2026-09-21T00:24:50.577+0000] {processor.py:830} INFO - Processing file /opt/airflow/dags/youtube_pipeline.py for tasks to queue
[2026-09-21T00:24:50.580+0000] {logging_mixin.py:188} INFO - [2026-09-21T00:24:50.579+0000] {dagbag.py:545} INFO - Filling up the DagBag from /opt/airflow/dags/youtube_pipeline.py
[2026-09-21T00:24:50.631+0000] {processor.py:840} INFO - DAG(s) 'youtube_english_video_pipeline' retrieved from /opt/airflow/dags/youtube_pipeline.py
[2026-09-21T00:24:50.690+0000] {logging_mixin.py:188} INFO - [2026-09-21T00:24:50.689+0000] {dag.py:3089} INFO - Sync 1 DAGs
[2026-09-21T00:24:50.714+0000] {logging_mixin.py:188} INFO - [2026-09-21T00:24:50.714+0000] {dag.py:3947} INFO - Setting next_dagrun for youtube_english_video_pipeline to 2026-09-20 12:00:00+00:00, run_after=2026-09-21 12:00:00+00:00
[2026-09-21T00:24:50.747+0000] {processor.py:183} INFO - Processing /opt/airflow/dags/youtube_pipeline.py took 0.183 seconds
[2026-09-21T00:25:20.956+0000] {processor.py:161} INFO - Started process (PID=99509) to work on /opt/airflow/dags/youtube_pipeline.py
[2026-09-21T00:25:20.957+0000] {processor.py:830} INFO - Processing file /opt/airflow/dags/youtube_pipeline.py for tasks to queue
[2026-09-21T00:25:20.960+0000] {logging_mixin.py:188} INFO - [2026-09-21T00:25:20.960+0000] {dagbag.py:545} INFO - Filling up the DagBag from /opt/airflow/dags/youtube_pipeline.py
[2026-09-21T00:25:21.011+0000] {processor.py:840} INFO - DAG(s) 'youtube_english_video_pipeline' retrieved from /opt/airflow/dags/youtube_pipeline.py
[2026-09-21T00:25:21.060+0000] {logging_mixin.py:188} INFO - [2026-09-21T00:25:21.060+0000] {dag.py:3089} INFO - Sync 1 DAGs
[2026-09-21T00:25:21.087+0000] {logging_mixin.py:188} INFO - [2026-09-21T00:25:21.087+0000] {dag.py:3947} INFO - Setting next_dagrun for youtube_english_video_pipeline to 2026-09-20 12:00:00+00:00, run_after=2026-09-21 12:00:00+00:00
[2026-09-21T00:25:21.121+0000] {processor.py:183} INFO - Processing /opt/airflow/dags/youtube_pipeline.py took 0.175 seconds
[2026-09-21T00:25:51.218+0000] {processor.py:161} INFO - Started process (PID=99514) to work on /opt/airflow/dags/youtube_pipeline.py
[2026-09-21T00:25:51.219+0000] {processor.py:830} INFO - Processing file /opt/airflow/dags/youtube_pipeline.py for tasks to queue
[2026-09-21T00:25:51.222+0000] {logging_mixin.py:188} INFO - [2026-09-21T00:25:51.221+0000] {dagbag.py:545} INFO - Filling up the DagBag from /opt/airflow/dags/youtube_pipeline.py
[2026-09-21T00:25:51.263+0000] {processor.py:840} INFO - DAG(s) 'youtube_english_video_pipeline' retrieved from /opt/airflow/dags/youtube_pipeline.py
[2026-09-21T00:25:51.330+0000] {logging_mixin.py:188} INFO - [2026-09-21T00:25:51.330+0000] {dag.py:3089} INFO - Sync 1 DAGs
[2026-09-21T00:25:51.358+0000] {logging_mixin.py:188} INFO - [2026-09-21T00:25:51.358+0000] {dag.py:3947} INFO - Setting next_dagrun for youtube_english_video_pipeline to 2026-09-20 12:00:00+00:00, run_after=2026-09-21 12:00:00+00:00
[2026-09-21T00:25:51.386+0000] {processor.py:183} INFO - Processing /opt/airflow/dags/youtube_pipeline.py took 0.177 seconds
[2026-09-21T00:26:21.582+0000] {processor.py:161} INFO - Started process (PID=99519) to work on /opt/airflow/dags/youtube_pipeline.py
[2026-09-21T00:26:21.584+0000] {processor.py:830} INFO - Processing file /opt/airflow/dags/youtube_pipeline.py for tasks to queue
[2026-09-21T00:26:21.586+0000] {logging_mixin.py:188} INFO - [2026-09-21T00:26:21.586+0000] {dagbag.py:545} INFO - Filling up the DagBag from /opt/airflow/dags/youtube_pipeline.py
[2026-09-21T00:26:21.639+0000] {processor.py:840} INFO - DAG(s) 'youtube_english_video_pipeline' retrieved from /opt/airflow/dags/youtube_pipeline.py
[2026-09-21T00:26:21.700+0000] {logging_mixin.py:188} INFO - [2026-09-21T00:26:21.699+0000] {dag.py:3089} INFO - Sync 1 DAGs
[2026-09-21T00:26:21.725+0000] {logging_mixin.py:188} INFO - [2026-09-21T00:26:21.725+0000] {dag.py:3947} INFO - Setting next_dagrun for youtube_english_video_pipeline to 2026-09-20 12:00:00+00:00, run_after=2026-09-21 12:00:00+00:00
[2026-09-21T00:26:21.750+0000] {processor.py:183} INFO - Processing /opt/airflow/dags/youtube_pipeline.py took 0.178 seconds
[2026-09-21T00:26:51.925+0000] {processor.py:161} INFO - Started process (PID=99524) to work on /opt/airflow/dags/youtube_pipeline.py
[2026-09-21T00:26:51.927+0000] {processor.py:830} INFO - Processing file /opt/airflow/dags/youtube_pipeline.py for tasks to queue
[2026-09-21T00:26:51.930+0000] {logging_mixin.py:188} INFO - [2026-09-21T00:26:51.929+0000] {dagbag.py:545} INFO - Filling up the DagBag from /opt/airflow/dags/youtube_pipeline.py
[2026-09-21T00:26:51.994+0000] {processor.py:840} INFO - DAG(s) 'youtube_english_video_pipeline' retrieved from /opt/airflow/dags/youtube_pipeline.py
[2026-09-21T00:26:52.055+0000] {logging_mixin.py:188} INFO - [2026-09-21T00:26:52.055+0000] {dag.py:3089} INFO - Sync 1 DAGs
[2026-09-21T00:26:52.093+0000] {logging_mixin.py:188} INFO - [2026-09-21T00:26:52.093+0000] {dag.py:3947} INFO - Setting next_dagrun for youtube_english_video_pipeline to 2026-09-20 12:00:00+00:00, run_after=2026-09-21 12:00:00+00:00
[2026-09-21T00:26:52.121+0000] {processor.py:183} INFO - Processing /opt/airflow/dags/youtube_pipeline.py took 0.212 seconds
[2026-09-21T00:27:22.329+0000] {processor.py:161} INFO - Started process (PID=99529) to work on /opt/airflow/dags/youtube_pipeline.py
[2026-09-21T00:27:22.330+0000] {processor.py:830} INFO - Processing file /opt/airflow/dags/youtube_pipeline.py for tasks to queue
[2026-09-21T00:27:22.333+0000] {logging_mixin.py:188} INFO - [2026-09-21T00:27:22.332+0000] {dagbag.py:545} INFO - Filling up the DagBag from /opt/airflow/dags/youtube_pipeline.py
[2026-09-21T00:27:22.382+0000] {processor.py:840} INFO - DAG(s) 'youtube_english_video_pipeline' retrieved from /opt/airflow/dags/youtube_pipeline.py
[2026-09-21T00:27:22.429+0000] {logging_mixin.py:188} INFO - [2026-09-21T00:27:22.428+0000] {dag.py:3089} INFO - Sync 1 DAGs
[2026-09-21T00:27:22.454+0000] {logging_mixin.py:188} INFO - [2026-09-21T00:27:22.453+0000] {dag.py:3947} INFO - Setting next_dagrun for youtube_english_video_pipeline to 2026-09-20 12:00:00+00:00, run_after=2026-09-21 12:00:00+00:00
[2026-09-21T00:27:22.486+0000] {processor.py:183} INFO - Processing /opt/airflow/dags/youtube_pipeline.py took 0.169 seconds
[2026-09-21T00:27:52.631+0000] {processor.py:161} INFO - Started process (PID=99534) to work on /opt/airflow/dags/youtube_pipeline.py
[2026-09-21T00:27:52.632+0000] {processor.py:830} INFO - Processing file /opt/airflow/dags/youtube_pipeline.py for tasks to queue
[2026-09-21T00:27:52.635+0000] {logging_mixin.py:188} INFO - [2026-09-21T00:27:52.634+0000] {dagbag.py:545} INFO - Filling up the DagBag from /opt/airflow/dags/youtube_pipeline.py
[2026-09-21T00:27:52.687+0000] {processor.py:840} INFO - DAG(s) 'youtube_english_video_pipeline' retrieved from /opt/airflow/dags/youtube_pipeline.py
[2026-09-21T00:27:52.740+0000] {logging_mixin.py:188} INFO - [2026-09-21T00:27:52.740+0000] {dag.py:3089} INFO - Sync 1 DAGs
[2026-09-21T00:27:52.777+0000] {logging_mixin.py:188} INFO - [2026-09-21T00:27:52.776+0000] {dag.py:3947} INFO - Setting next_dagrun for youtube_english_video_pipeline to 2026-09-20 12:00:00+00:00, run_after=2026-09-21 12:00:00+00:00
[2026-09-21T00:27:52.833+0000] {processor.py:183} INFO - Processing /opt/airflow/dags/youtube_pipeline.py took 0.213 seconds
[2026-09-21T00:28:22.973+0000] {processor.py:161} INFO - Started process (PID=99539) to work on /opt/airflow/dags/youtube_pipeline.py
[2026-09-21T00:28:22.975+0000] {processor.py:830} INFO - Processing file /opt/airflow/dags/youtube_pipeline.py for tasks to queue
[2026-09-21T00:28:22.978+0000] {logging_mixin.py:188} INFO - [2026-09-21T00:28:22.978+0000] {dagbag.py:545} INFO - Filling up the DagBag from /opt/airflow/dags/youtube_pipeline.py
[2026-09-21T00:28:23.023+0000] {processor.py:840} INFO - DAG(s) 'youtube_english_video_pipeline' retrieved from /opt/airflow/dags/youtube_pipeline.py
[2026-09-21T00:28:23.097+0000] {logging_mixin.py:188} INFO - [2026-09-21T00:28:23.096+0000] {dag.py:3089} INFO - Sync 1 DAGs
[2026-09-21T00:28:23.130+0000] {logging_mixin.py:188} INFO - [2026-09-21T00:28:23.130+0000] {dag.py:3947} INFO - Setting next_dagrun for youtube_english_video_pipeline to 2026-09-20 12:00:00+00:00, run_after=2026-09-21 12:00:00+00:00
[2026-09-21T00:28:23.152+0000] {processor.py:183} INFO - Processing /opt/airflow/dags/youtube_pipeline.py took 0.192 seconds
[2026-09-21T00:28:53.296+0000] {processor.py:161} INFO - Started process (PID=99544) to work on /opt/airflow/dags/youtube_pipeline.py
[2026-09-21T00:28:53.298+0000] {processor.py:830} INFO - Processing file /opt/airflow/dags/youtube_pipeline.py for tasks to queue
[2026-09-21T00:28:53.300+0000] {logging_mixin.py:188} INFO - [2026-09-21T00:28:53.300+0000] {dagbag.py:545} INFO - Filling up the DagBag from /opt/airflow/dags/youtube_pipeline.py
[2026-09-21T00:28:53.346+0000] {processor.py:840} INFO - DAG(s) 'youtube_english_video_pipeline' retrieved from /opt/airflow/dags/youtube_pipeline.py
[2026-09-21T00:28:53.392+0000] {logging_mixin.py:188} INFO - [2026-09-21T00:28:53.392+0000] {dag.py:3089} INFO - Sync 1 DAGs
[2026-09-21T00:28:53.417+0000] {logging_mixin.py:188} INFO - [2026-09-21T00:28:53.417+0000] {dag.py:3947} INFO - Setting next_dagrun for youtube_english_video_pipeline to 2026-09-20 12:00:00+00:00, run_after=2026-09-21 12:00:00+00:00
[2026-09-21T00:28:53.449+0000] {processor.py:183} INFO - Processing /opt/airflow/dags/youtube_pipeline.py took 0.163 seconds
[2026-09-21T00:29:23.687+0000] {processor.py:161} INFO - Started process (PID=99549) to work on /opt/airflow/dags/youtube_pipeline.py
[2026-09-21T00:29:23.689+0000] {processor.py:830} INFO - Processing file /opt/airflow/dags/youtube_pipeline.py for tasks to queue
[2026-09-21T00:29:23.693+0000] {logging_mixin.py:188} INFO - [2026-09-21T00:29:23.692+0000] {dagbag.py:545} INFO - Filling up the DagBag from /opt/airflow/dags/youtube_pipeline.py
[2026-09-21T00:29:23.749+0000] {processor.py:840} INFO - DAG(s) 'youtube_english_video_pipeline' retrieved from /opt/airflow/dags/youtube_pipeline.py
[2026-09-21T00:29:23.811+0000] {logging_mixin.py:188} INFO - [2026-09-21T00:29:23.810+0000] {dag.py:3089} INFO - Sync 1 DAGs
[2026-09-21T00:29:23.843+0000] {logging_mixin.py:188} INFO - [2026-09-21T00:29:23.843+0000] {dag.py:3947} INFO - Setting next_dagrun for youtube_english_video_pipeline to 2026-09-20 12:00:00+00:00, run_after=2026-09-21 12:00:00+00:00
[2026-09-21T00:29:23.879+0000] {processor.py:183} INFO - Processing /opt/airflow/dags/youtube_pipeline.py took 0.204 seconds
[2026-09-21T00:29:53.963+0000] {processor.py:161} INFO - Started process (PID=99554) to work on /opt/airflow/dags/youtube_pipeline.py
[2026-09-21T00:29:53.965+0000] {processor.py:830} INFO - Processing file /opt/airflow/dags/youtube_pipeline.py for tasks to queue
[2026-09-21T00:29:53.969+0000] {logging_mixin.py:188} INFO - [2026-09-21T00:29:53.968+0000] {dagbag.py:545} INFO - Filling up the DagBag from /opt/airflow/dags/youtube_pipeline.py
[2026-09-21T00:29:54.013+0000] {processor.py:840} INFO - DAG(s) 'youtube_english_video_pipeline' retrieved from /opt/airflow/dags/youtube_pipeline.py
[2026-09-21T00:29:54.097+0000] {logging_mixin.py:188} INFO - [2026-09-21T00:29:54.096+0000] {dag.py:3089} INFO - Sync 1 DAGs
[2026-09-21T00:29:54.128+0000] {logging_mixin.py:188} INFO - [2026-09-21T00:29:54.127+0000] {dag.py:3947} INFO - Setting next_dagrun for youtube_english_video_pipeline to 2026-09-20 12:00:00+00:00, run_after=2026-09-21 12:00:00+00:00
[2026-09-21T00:29:54.165+0000] {processor.py:183} INFO - Processing /opt/airflow/dags/youtube_pipeline.py took 0.213 seconds
[2026-09-21T00:30:24.459+0000] {processor.py:161} INFO - Started process (PID=99559) to work on /opt/airflow/dags/youtube_pipeline.py
[2026-09-21T00:30:24.462+0000] {processor.py:830} INFO - Processing file /opt/airflow/dags/youtube_pipeline.py for tasks to queue
[2026-09-21T00:30:24.466+0000] {logging_mixin.py:188} INFO - [2026-09-21T00:30:24.465+0000] {dagbag.py:545} INFO - Filling up the DagBag from /opt/airflow/dags/youtube_pipeline.py
[2026-09-21T00:30:24.549+0000] {processor.py:840} INFO - DAG(s) 'youtube_english_video_pipeline' retrieved from /opt/airflow/dags/youtube_pipeline.py
[2026-09-21T00:30:24.623+0000] {logging_mixin.py:188} INFO - [2026-09-21T00:30:24.623+0000] {dag.py:3089} INFO - Sync 1 DAGs
[2026-09-21T00:30:24.645+0000] {logging_mixin.py:188} INFO - [2026-09-21T00:30:24.645+0000] {dag.py:3947} INFO - Setting next_dagrun for youtube_english_video_pipeline to 2026-09-20 12:00:00+00:00, run_after=2026-09-21 12:00:00+00:00
[2026-09-21T00:30:24.685+0000] {processor.py:183} INFO - Processing /opt/airflow/dags/youtube_pipeline.py took 0.255 seconds
[2026-09-21T00:30:54.969+0000] {processor.py:161} INFO - Started process (PID=99564) to work on /opt/airflow/dags/youtube_pipeline.py
[2026-09-21T00:30:54.971+0000] {processor.py:830} INFO - Processing file /opt/airflow/dags/youtube_pipeline.py for tasks to queue
[2026-09-21T00:30:54.973+0000] {logging_mixin.py:188} INFO - [2026-09-21T00:30:54.973+0000] {dagbag.py:545} INFO - Filling up the DagBag from /opt/airflow/dags/youtube_pipeline.py
[2026-09-21T00:30:55.026+0000] {processor.py:840} INFO - DAG(s) 'youtube_english_video_pipeline' retrieved from /opt/airflow/dags/youtube_pipeline.py
[2026-09-21T00:30:55.074+0000] {logging_mixin.py:188} INFO - [2026-09-21T00:30:55.074+0000] {dag.py:3089} INFO - Sync 1 DAGs
[2026-09-21T00:30:55.098+0000] {logging_mixin.py:188} INFO - [2026-09-21T00:30:55.098+0000] {dag.py:3947} INFO - Setting next_dagrun for youtube_english_video_pipeline to 2026-09-20 12:00:00+00:00, run_after=2026-09-21 12:00:00+00:00
[2026-09-21T00:30:55.119+0000] {processor.py:183} INFO - Processing /opt/airflow/dags/youtube_pipeline.py took 0.161 seconds
[2026-09-21T00:31:25.405+0000] {processor.py:161} INFO - Started process (PID=99569) to work on /opt/airflow/dags/youtube_pipeline.py
[2026-09-21T00:31:25.407+0000] {processor.py:830} INFO - Processing file /opt/airflow/dags/youtube_pipeline.py for tasks to queue
[2026-09-21T00:31:25.409+0000] {logging_mixin.py:188} INFO - [2026-09-21T00:31:25.409+0000] {dagbag.py:545} INFO - Filling up the DagBag from /opt/airflow/dags/youtube_pipeline.py
[2026-09-21T00:31:25.464+0000] {processor.py:840} INFO - DAG(s) 'youtube_english_video_pipeline' retrieved from /opt/airflow/dags/youtube_pipeline.py
[2026-09-21T00:31:25.511+0000] {logging_mixin.py:188} INFO - [2026-09-21T00:31:25.511+0000] {dag.py:3089} INFO - Sync 1 DAGs
[2026-09-21T00:31:25.534+0000] {logging_mixin.py:188} INFO - [2026-09-21T00:31:25.534+0000] {dag.py:3947} INFO - Setting next_dagrun for youtube_english_video_pipeline to 2026-09-20 12:00:00+00:00, run_after=2026-09-21 12:00:00+00:00
[2026-09-21T00:31:25.565+0000] {processor.py:183} INFO - Processing /opt/airflow/dags/youtube_pipeline.py took 0.173 seconds
[2026-09-21T00:31:55.686+0000] {processor.py:161} INFO - Started process (PID=99574) to work on /opt/airflow/dags/youtube_pipeline.py
[2026-09-21T00:31:55.688+0000] {processor.py:830} INFO - Processing file /opt/airflow/dags/youtube_pipeline.py for tasks to queue
[2026-09-21T00:31:55.691+0000] {logging_mixin.py:188} INFO - [2026-09-21T00:31:55.690+0000] {dagbag.py:545} INFO - Filling up the DagBag from /opt/airflow/dags/youtube_pipeline.py
[2026-09-21T00:31:55.741+0000] {processor.py:840} INFO - DAG(s) 'youtube_english_video_pipeline' retrieved from /opt/airflow/dags/youtube_pipeline.py
[2026-09-21T00:31:55.795+0000] {logging_mixin.py:188} INFO - [2026-09-21T00:31:55.795+0000] {dag.py:3089} INFO - Sync 1 DAGs
[2026-09-21T00:31:55.819+0000] {logging_mixin.py:188} INFO - [2026-09-21T00:31:55.819+0000] {dag.py:3947} INFO - Setting next_dagrun for youtube_english_video_pipeline to 2026-09-20 12:00:00+00:00, run_after=2026-09-21 12:00:00+00:00
[2026-09-21T00:31:55.841+0000] {processor.py:183} INFO - Processing /opt/airflow/dags/youtube_pipeline.py took 0.168 seconds
[2026-09-21T00:32:26.075+0000] {processor.py:161} INFO - Started process (PID=99579) to work on /opt/airflow/dags/youtube_pipeline.py
[2026-09-21T00:32:26.076+0000] {processor.py:830} INFO - Processing file /opt/airflow/dags/youtube_pipeline.py for tasks to queue
[2026-09-21T00:32:26.079+0000] {logging_mixin.py:188} INFO - [2026-09-21T00:32:26.078+0000] {dagbag.py:545} INFO - Filling up the DagBag from /opt/airflow/dags/youtube_pipeline.py
[2026-09-21T00:32:26.134+0000] {processor.py:840} INFO - DAG(s) 'youtube_english_video_pipeline' retrieved from /opt/airflow/dags/youtube_pipeline.py
[2026-09-21T00:32:26.192+0000] {logging_mixin.py:188} INFO - [2026-09-21T00:32:26.192+0000] {dag.py:3089} INFO - Sync 1 DAGs
[2026-09-21T00:32:26.215+0000] {logging_mixin.py:188} INFO - [2026-09-21T00:32:26.215+0000] {dag.py:3947} INFO - Setting next_dagrun for youtube_english_video_pipeline to 2026-09-20 12:00:00+00:00, run_after=2026-09-21 12:00:00+00:00
[2026-09-21T00:32:26.238+0000] {processor.py:183} INFO - Processing /opt/airflow/dags/youtube_pipeline.py took 0.174 seconds
[2026-09-21T00:32:56.317+0000] {processor.py:161} INFO - Started process (PID=99584) to work on /opt/airflow/dags/youtube_pipeline.py
[2026-09-21T00:32:56.319+0000] {processor.py:830} INFO - Processing file /opt/airflow/dags/youtube_pipeline.py for tasks to queue
[2026-09-21T00:32:56.321+0000] {logging_mixin.py:188} INFO - [2026-09-21T00:32:56.321+0000] {dagbag.py:545} INFO - Filling up the DagBag from /opt/airflow/dags/youtube_pipeline.py
[2026-09-21T00:32:56.368+0000] {processor.py:840} INFO - DAG(s) 'youtube_english_video_pipeline' retrieved from /opt/airflow/dags/youtube_pipeline.py
[2026-09-21T00:32:56.418+0000] {logging_mixin.py:188} INFO - [2026-09-21T00:32:56.418+0000] {dag.py:3089} INFO - Sync 1 DAGs
[2026-09-21T00:32:56.443+0000] {logging_mixin.py:188} INFO - [2026-09-21T00:32:56.442+0000] {dag.py:3947} INFO - Setting next_dagrun for youtube_english_video_pipeline to 2026-09-20 12:00:00+00:00, run_after=2026-09-21 12:00:00+00:00
[2026-09-21T00:32:56.467+0000] {processor.py:183} INFO - Processing /opt/airflow/dags/youtube_pipeline.py took 0.160 seconds
[2026-09-21T00:33:26.708+0000] {processor.py:161} INFO - Started process (PID=99589) to work on /opt/airflow/dags/youtube_pipeline.py
[2026-09-21T00:33:26.709+0000] {processor.py:830} INFO - Processing file /opt/airflow/dags/youtube_pipeline.py for tasks to queue
[2026-09-21T00:33:26.711+0000] {logging_mixin.py:188} INFO - [2026-09-21T00:33:26.711+0000] {dagbag.py:545} INFO - Filling up the DagBag from /opt/airflow/dags/youtube_pipeline.py
[2026-09-21T00:33:26.767+0000] {processor.py:840} INFO - DAG(s) 'youtube_english_video_pipeline' retrieved from /opt/airflow/dags/youtube_pipeline.py
[2026-09-21T00:33:26.814+0000] {logging_mixin.py:188} INFO - [2026-09-21T00:33:26.814+0000] {dag.py:3089} INFO - Sync 1 DAGs
[2026-09-21T00:33:26.836+0000] {logging_mixin.py:188} INFO - [2026-09-21T00:33:26.836+0000] {dag.py:3947} INFO - Setting next_dagrun for youtube_english_video_pipeline to 2026-09-20 12:00:00+00:00, run_after=2026-09-21 12:00:00+00:00
[2026-09-21T00:33:26.858+0000] {processor.py:183} INFO - Processing /opt/airflow/dags/youtube_pipeline.py took 0.161 seconds
[2026-09-21T00:33:56.981+0000] {processor.py:161} INFO - Started process (PID=99594) to work on /opt/airflow/dags/youtube_pipeline.py
[2026-09-21T00:33:56.982+0000] {processor.py:830} INFO - Processing file /opt/airflow/dags/youtube_pipeline.py for tasks to queue
[2026-09-21T00:33:56.984+0000] {logging_mixin.py:188} INFO - [2026-09-21T00:33:56.984+0000] {dagbag.py:545} INFO - Filling up the DagBag from /opt/airflow/dags/youtube_pipeline.py
[2026-09-21T00:33:57.025+0000] {processor.py:840} INFO - DAG(s) 'youtube_english_video_pipeline' retrieved from /opt/airflow/dags/youtube_pipeline.py
[2026-09-21T00:33:57.075+0000] {logging_mixin.py:188} INFO - [2026-09-21T00:33:57.074+0000] {dag.py:3089} INFO - Sync 1 DAGs
[2026-09-21T00:33:57.096+0000] {logging_mixin.py:188} INFO - [2026-09-21T00:33:57.096+0000] {dag.py:3947} INFO - Setting next_dagrun for youtube_english_video_pipeline to 2026-09-20 12:00:00+00:00, run_after=2026-09-21 12:00:00+00:00
[2026-09-21T00:33:57.119+0000] {processor.py:183} INFO - Processing /opt/airflow/dags/youtube_pipeline.py took 0.151 seconds
[2026-09-21T00:34:27.375+0000] {processor.py:161} INFO - Started process (PID=99599) to work on /opt/airflow/dags/youtube_pipeline.py
[2026-09-21T00:34:27.376+0000] {processor.py:830} INFO - Processing file /opt/airflow/dags/youtube_pipeline.py for tasks to queue
[2026-09-21T00:34:27.378+0000] {logging_mixin.py:188} INFO - [2026-09-21T00:34:27.377+0000] {dagbag.py:545} INFO - Filling up the DagBag from /opt/airflow/dags/youtube_pipeline.py
[2026-09-21T00:34:27.420+0000] {processor.py:840} INFO - DAG(s) 'youtube_english_video_pipeline' retrieved from /opt/airflow/dags/youtube_pipeline.py
[2026-09-21T00:34:27.474+0000] {logging_mixin.py:188} INFO - [2026-09-21T00:34:27.474+0000] {dag.py:3089} INFO - Sync 1 DAGs
[2026-09-21T00:34:27.498+0000] {logging_mixin.py:188} INFO - [2026-09-21T00:34:27.498+0000] {dag.py:3947} INFO - Setting next_dagrun for youtube_english_video_pipeline to 2026-09-20 12:00:00+00:00, run_after=2026-09-21 12:00:00+00:00
[2026-09-21T00:34:27.522+0000] {processor.py:183} INFO - Processing /opt/airflow/dags/youtube_pipeline.py took 0.157 seconds
[2026-09-21T00:34:57.665+0000] {processor.py:161} INFO - Started process (PID=99604) to work on /opt/airflow/dags/youtube_pipeline.py
[2026-09-21T00:34:57.667+0000] {processor.py:830} INFO - Processing file /opt/airflow/dags/youtube_pipeline.py for tasks to queue
[2026-09-21T00:34:57.670+0000] {logging_mixin.py:188} INFO - [2026-09-21T00:34:57.670+0000] {dagbag.py:545} INFO - Filling up the DagBag from /opt/airflow/dags/youtube_pipeline.py
[2026-09-21T00:34:57.734+0000] {processor.py:840} INFO - DAG(s) 'youtube_english_video_pipeline' retrieved from /opt/airflow/dags/youtube_pipeline.py
[2026-09-21T00:34:57.796+0000] {logging_mixin.py:188} INFO - [2026-09-21T00:34:57.796+0000] {dag.py:3089} INFO - Sync 1 DAGs
[2026-09-21T00:34:57.823+0000] {logging_mixin.py:188} INFO - [2026-09-21T00:34:57.823+0000] {dag.py:3947} INFO - Setting next_dagrun for youtube_english_video_pipeline to 2026-09-20 12:00:00+00:00, run_after=2026-09-21 12:00:00+00:00
[2026-09-21T00:34:57.859+0000] {processor.py:183} INFO - Processing /opt/airflow/dags/youtube_pipeline.py took 0.225 seconds
[2026-09-21T00:35:28.874+0000] {processor.py:161} INFO - Started process (PID=99609) to work on /opt/airflow/dags/youtube_pipeline.py
[2026-09-21T00:35:28.886+0000] {processor.py:830} INFO - Processing file /opt/airflow/dags/youtube_pipeline.py for tasks to queue
[2026-09-21T00:35:28.898+0000] {logging_mixin.py:188} INFO - [2026-09-21T00:35:28.897+0000] {dagbag.py:545} INFO - Filling up the DagBag from /opt/airflow/dags/youtube_pipeline.py
[2026-09-21T00:35:29.160+0000] {processor.py:840} INFO - DAG(s) 'youtube_english_video_pipeline' retrieved from /opt/airflow/dags/youtube_pipeline.py
[2026-09-21T00:35:29.272+0000] {logging_mixin.py:188} INFO - [2026-09-21T00:35:29.272+0000] {dag.py:3089} INFO - Sync 1 DAGs
[2026-09-21T00:35:29.297+0000] {logging_mixin.py:188} INFO - [2026-09-21T00:35:29.297+0000] {dag.py:3947} INFO - Setting next_dagrun for youtube_english_video_pipeline to 2026-09-20 12:00:00+00:00, run_after=2026-09-21 12:00:00+00:00
[2026-09-21T00:35:29.326+0000] {processor.py:183} INFO - Processing /opt/airflow/dags/youtube_pipeline.py took 0.491 seconds
[2026-09-21T00:35:59.797+0000] {processor.py:161} INFO - Started process (PID=99614) to work on /opt/airflow/dags/youtube_pipeline.py
[2026-09-21T00:35:59.799+0000] {processor.py:830} INFO - Processing file /opt/airflow/dags/youtube_pipeline.py for tasks to queue
[2026-09-21T00:35:59.803+0000] {logging_mixin.py:188} INFO - [2026-09-21T00:35:59.803+0000] {dagbag.py:545} INFO - Filling up the DagBag from /opt/airflow/dags/youtube_pipeline.py
[2026-09-21T00:35:59.945+0000] {processor.py:840} INFO - DAG(s) 'youtube_english_video_pipeline' retrieved from /opt/airflow/dags/youtube_pipeline.py
[2026-09-21T00:36:00.055+0000] {logging_mixin.py:188} INFO - [2026-09-21T00:36:00.055+0000] {dag.py:3089} INFO - Sync 1 DAGs
[2026-09-21T00:36:00.088+0000] {logging_mixin.py:188} INFO - [2026-09-21T00:36:00.088+0000] {dag.py:3947} INFO - Setting next_dagrun for youtube_english_video_pipeline to 2026-09-20 12:00:00+00:00, run_after=2026-09-21 12:00:00+00:00
[2026-09-21T00:36:00.128+0000] {processor.py:183} INFO - Processing /opt/airflow/dags/youtube_pipeline.py took 0.358 seconds
[2026-09-21T00:36:30.337+0000] {processor.py:161} INFO - Started process (PID=99619) to work on /opt/airflow/dags/youtube_pipeline.py
[2026-09-21T00:36:30.339+0000] {processor.py:830} INFO - Processing file /opt/airflow/dags/youtube_pipeline.py for tasks to queue
[2026-09-21T00:36:30.343+0000] {logging_mixin.py:188} INFO - [2026-09-21T00:36:30.342+0000] {dagbag.py:545} INFO - Filling up the DagBag from /opt/airflow/dags/youtube_pipeline.py
[2026-09-21T00:36:30.396+0000] {processor.py:840} INFO - DAG(s) 'youtube_english_video_pipeline' retrieved from /opt/airflow/dags/youtube_pipeline.py
[2026-09-21T00:36:30.453+0000] {logging_mixin.py:188} INFO - [2026-09-21T00:36:30.453+0000] {dag.py:3089} INFO - Sync 1 DAGs
[2026-09-21T00:36:30.474+0000] {logging_mixin.py:188} INFO - [2026-09-21T00:36:30.474+0000] {dag.py:3947} INFO - Setting next_dagrun for youtube_english_video_pipeline to 2026-09-20 12:00:00+00:00, run_after=2026-09-21 12:00:00+00:00
[2026-09-21T00:36:30.495+0000] {processor.py:183} INFO - Processing /opt/airflow/dags/youtube_pipeline.py took 0.170 seconds
[2026-09-21T00:37:00.741+0000] {processor.py:161} INFO - Started process (PID=99624) to work on /opt/airflow/dags/youtube_pipeline.py
[2026-09-21T00:37:00.743+0000] {processor.py:830} INFO - Processing file /opt/airflow/dags/youtube_pipeline.py for tasks to queue
[2026-09-21T00:37:00.745+0000] {logging_mixin.py:188} INFO - [2026-09-21T00:37:00.745+0000] {dagbag.py:545} INFO - Filling up the DagBag from /opt/airflow/dags/youtube_pipeline.py
[2026-09-21T00:37:00.793+0000] {processor.py:840} INFO - DAG(s) 'youtube_english_video_pipeline' retrieved from /opt/airflow/dags/youtube_pipeline.py
[2026-09-21T00:37:00.847+0000] {logging_mixin.py:188} INFO - [2026-09-21T00:37:00.847+0000] {dag.py:3089} INFO - Sync 1 DAGs
[2026-09-21T00:37:00.874+0000] {logging_mixin.py:188} INFO - [2026-09-21T00:37:00.873+0000] {dag.py:3947} INFO - Setting next_dagrun for youtube_english_video_pipeline to 2026-09-20 12:00:00+00:00, run_after=2026-09-21 12:00:00+00:00
[2026-09-21T00:37:00.898+0000] {processor.py:183} INFO - Processing /opt/airflow/dags/youtube_pipeline.py took 0.169 seconds
[2026-09-21T00:37:31.034+0000] {processor.py:161} INFO - Started process (PID=99629) to work on /opt/airflow/dags/youtube_pipeline.py
[2026-09-21T00:37:31.036+0000] {processor.py:830} INFO - Processing file /opt/airflow/dags/youtube_pipeline.py for tasks to queue
[2026-09-21T00:37:31.039+0000] {logging_mixin.py:188} INFO - [2026-09-21T00:37:31.038+0000] {dagbag.py:545} INFO - Filling up the DagBag from /opt/airflow/dags/youtube_pipeline.py
[2026-09-21T00:37:31.094+0000] {processor.py:840} INFO - DAG(s) 'youtube_english_video_pipeline' retrieved from /opt/airflow/dags/youtube_pipeline.py
[2026-09-21T00:37:31.140+0000] {logging_mixin.py:188} INFO - [2026-09-21T00:37:31.140+0000] {dag.py:3089} INFO - Sync 1 DAGs
[2026-09-21T00:37:31.158+0000] {logging_mixin.py:188} INFO - [2026-09-21T00:37:31.158+0000] {dag.py:3947} INFO - Setting next_dagrun for youtube_english_video_pipeline to 2026-09-20 12:00:00+00:00, run_after=2026-09-21 12:00:00+00:00
[2026-09-21T00:37:31.186+0000] {processor.py:183} INFO - Processing /opt/airflow/dags/youtube_pipeline.py took 0.166 seconds
[2026-09-21T00:38:01.384+0000] {processor.py:161} INFO - Started process (PID=99634) to work on /opt/airflow/dags/youtube_pipeline.py
[2026-09-21T00:38:01.385+0000] {processor.py:830} INFO - Processing file /opt/airflow/dags/youtube_pipeline.py for tasks to queue
[2026-09-21T00:38:01.388+0000] {logging_mixin.py:188} INFO - [2026-09-21T00:38:01.387+0000] {dagbag.py:545} INFO - Filling up the DagBag from /opt/airflow/dags/youtube_pipeline.py
[2026-09-21T00:38:01.433+0000] {processor.py:840} INFO - DAG(s) 'youtube_english_video_pipeline' retrieved from /opt/airflow/dags/youtube_pipeline.py
[2026-09-21T00:38:01.493+0000] {logging_mixin.py:188} INFO - [2026-09-21T00:38:01.493+0000] {dag.py:3089} INFO - Sync 1 DAGs
[2026-09-21T00:38:01.517+0000] {logging_mixin.py:188} INFO - [2026-09-21T00:38:01.517+0000] {dag.py:3947} INFO - Setting next_dagrun for youtube_english_video_pipeline to 2026-09-20 12:00:00+00:00, run_after=2026-09-21 12:00:00+00:00
[2026-09-21T00:38:01.537+0000] {processor.py:183} INFO - Processing /opt/airflow/dags/youtube_pipeline.py took 0.165 seconds
[2026-09-21T00:38:31.637+0000] {processor.py:161} INFO - Started process (PID=99639) to work on /opt/airflow/dags/youtube_pipeline.py
[2026-09-21T00:38:31.638+0000] {processor.py:830} INFO - Processing file /opt/airflow/dags/youtube_pipeline.py for tasks to queue
[2026-09-21T00:38:31.640+0000] {logging_mixin.py:188} INFO - [2026-09-21T00:38:31.640+0000] {dagbag.py:545} INFO - Filling up the DagBag from /opt/airflow/dags/youtube_pipeline.py
[2026-09-21T00:38:31.681+0000] {processor.py:840} INFO - DAG(s) 'youtube_english_video_pipeline' retrieved from /opt/airflow/dags/youtube_pipeline.py
[2026-09-21T00:38:31.736+0000] {logging_mixin.py:188} INFO - [2026-09-21T00:38:31.735+0000] {dag.py:3089} INFO - Sync 1 DAGs
[2026-09-21T00:38:31.765+0000] {logging_mixin.py:188} INFO - [2026-09-21T00:38:31.765+0000] {dag.py:3947} INFO - Setting next_dagrun for youtube_english_video_pipeline to 2026-09-20 12:00:00+00:00, run_after=2026-09-21 12:00:00+00:00
[2026-09-21T00:38:31.799+0000] {processor.py:183} INFO - Processing /opt/airflow/dags/youtube_pipeline.py took 0.172 seconds
[2026-09-21T00:39:02.016+0000] {processor.py:161} INFO - Started process (PID=99644) to work on /opt/airflow/dags/youtube_pipeline.py
[2026-09-21T00:39:02.018+0000] {processor.py:830} INFO - Processing file /opt/airflow/dags/youtube_pipeline.py for tasks to queue
[2026-09-21T00:39:02.020+0000] {logging_mixin.py:188} INFO - [2026-09-21T00:39:02.020+0000] {dagbag.py:545} INFO - Filling up the DagBag from /opt/airflow/dags/youtube_pipeline.py
[2026-09-21T00:39:02.069+0000] {processor.py:840} INFO - DAG(s) 'youtube_english_video_pipeline' retrieved from /opt/airflow/dags/youtube_pipeline.py
[2026-09-21T00:39:02.116+0000] {logging_mixin.py:188} INFO - [2026-09-21T00:39:02.116+0000] {dag.py:3089} INFO - Sync 1 DAGs
[2026-09-21T00:39:02.137+0000] {logging_mixin.py:188} INFO - [2026-09-21T00:39:02.137+0000] {dag.py:3947} INFO - Setting next_dagrun for youtube_english_video_pipeline to 2026-09-20 12:00:00+00:00, run_after=2026-09-21 12:00:00+00:00
[2026-09-21T00:39:02.157+0000] {processor.py:183} INFO - Processing /opt/airflow/dags/youtube_pipeline.py took 0.150 seconds
[2026-09-21T00:39:32.272+0000] {processor.py:161} INFO - Started process (PID=99649) to work on /opt/airflow/dags/youtube_pipeline.py
[2026-09-21T00:39:32.274+0000] {processor.py:830} INFO - Processing file /opt/airflow/dags/youtube_pipeline.py for tasks to queue
[2026-09-21T00:39:32.276+0000] {logging_mixin.py:188} INFO - [2026-09-21T00:39:32.276+0000] {dagbag.py:545} INFO - Filling up the DagBag from /opt/airflow/dags/youtube_pipeline.py
[2026-09-21T00:39:32.326+0000] {processor.py:840} INFO - DAG(s) 'youtube_english_video_pipeline' retrieved from /opt/airflow/dags/youtube_pipeline.py
[2026-09-21T00:39:32.372+0000] {logging_mixin.py:188} INFO - [2026-09-21T00:39:32.372+0000] {dag.py:3089} INFO - Sync 1 DAGs
[2026-09-21T00:39:32.391+0000] {logging_mixin.py:188} INFO - [2026-09-21T00:39:32.391+0000] {dag.py:3947} INFO - Setting next_dagrun for youtube_english_video_pipeline to 2026-09-20 12:00:00+00:00, run_after=2026-09-21 12:00:00+00:00
[2026-09-21T00:39:32.420+0000] {processor.py:183} INFO - Processing /opt/airflow/dags/youtube_pipeline.py took 0.159 seconds
[2026-09-21T00:40:02.670+0000] {processor.py:161} INFO - Started process (PID=99654) to work on /opt/airflow/dags/youtube_pipeline.py
[2026-09-21T00:40:02.672+0000] {processor.py:830} INFO - Processing file /opt/airflow/dags/youtube_pipeline.py for tasks to queue
[2026-09-21T00:40:02.675+0000] {logging_mixin.py:188} INFO - [2026-09-21T00:40:02.675+0000] {dagbag.py:545} INFO - Filling up the DagBag from /opt/airflow/dags/youtube_pipeline.py
[2026-09-21T00:40:02.750+0000] {processor.py:840} INFO - DAG(s) 'youtube_english_video_pipeline' retrieved from /opt/airflow/dags/youtube_pipeline.py
[2026-09-21T00:40:02.802+0000] {logging_mixin.py:188} INFO - [2026-09-21T00:40:02.801+0000] {dag.py:3089} INFO - Sync 1 DAGs
[2026-09-21T00:40:02.824+0000] {logging_mixin.py:188} INFO - [2026-09-21T00:40:02.824+0000] {dag.py:3947} INFO - Setting next_dagrun for youtube_english_video_pipeline to 2026-09-20 12:00:00+00:00, run_after=2026-09-21 12:00:00+00:00
[2026-09-21T00:40:02.845+0000] {processor.py:183} INFO - Processing /opt/airflow/dags/youtube_pipeline.py took 0.193 seconds
[2026-09-21T00:40:33.223+0000] {processor.py:161} INFO - Started process (PID=99659) to work on /opt/airflow/dags/youtube_pipeline.py
[2026-09-21T00:40:33.224+0000] {processor.py:830} INFO - Processing file /opt/airflow/dags/youtube_pipeline.py for tasks to queue
[2026-09-21T00:40:33.227+0000] {logging_mixin.py:188} INFO - [2026-09-21T00:40:33.226+0000] {dagbag.py:545} INFO - Filling up the DagBag from /opt/airflow/dags/youtube_pipeline.py
[2026-09-21T00:40:33.274+0000] {processor.py:840} INFO - DAG(s) 'youtube_english_video_pipeline' retrieved from /opt/airflow/dags/youtube_pipeline.py
[2026-09-21T00:40:33.332+0000] {logging_mixin.py:188} INFO - [2026-09-21T00:40:33.332+0000] {dag.py:3089} INFO - Sync 1 DAGs
[2026-09-21T00:40:33.387+0000] {logging_mixin.py:188} INFO - [2026-09-21T00:40:33.386+0000] {dag.py:3947} INFO - Setting next_dagrun for youtube_english_video_pipeline to 2026-09-20 12:00:00+00:00, run_after=2026-09-21 12:00:00+00:00
[2026-09-21T00:40:33.433+0000] {processor.py:183} INFO - Processing /opt/airflow/dags/youtube_pipeline.py took 0.222 seconds
[2026-09-21T00:41:03.685+0000] {processor.py:161} INFO - Started process (PID=99664) to work on /opt/airflow/dags/youtube_pipeline.py
[2026-09-21T00:41:03.687+0000] {processor.py:830} INFO - Processing file /opt/airflow/dags/youtube_pipeline.py for tasks to queue
[2026-09-21T00:41:03.689+0000] {logging_mixin.py:188} INFO - [2026-09-21T00:41:03.688+0000] {dagbag.py:545} INFO - Filling up the DagBag from /opt/airflow/dags/youtube_pipeline.py
[2026-09-21T00:41:03.728+0000] {processor.py:840} INFO - DAG(s) 'youtube_english_video_pipeline' retrieved from /opt/airflow/dags/youtube_pipeline.py
[2026-09-21T00:41:03.773+0000] {logging_mixin.py:188} INFO - [2026-09-21T00:41:03.773+0000] {dag.py:3089} INFO - Sync 1 DAGs
[2026-09-21T00:41:03.794+0000] {logging_mixin.py:188} INFO - [2026-09-21T00:41:03.794+0000] {dag.py:3947} INFO - Setting next_dagrun for youtube_english_video_pipeline to 2026-09-20 12:00:00+00:00, run_after=2026-09-21 12:00:00+00:00
[2026-09-21T00:41:03.823+0000] {processor.py:183} INFO - Processing /opt/airflow/dags/youtube_pipeline.py took 0.147 seconds
[2026-09-21T00:41:33.945+0000] {processor.py:161} INFO - Started process (PID=99669) to work on /opt/airflow/dags/youtube_pipeline.py
[2026-09-21T00:41:33.948+0000] {processor.py:830} INFO - Processing file /opt/airflow/dags/youtube_pipeline.py for tasks to queue
[2026-09-21T00:41:33.952+0000] {logging_mixin.py:188} INFO - [2026-09-21T00:41:33.951+0000] {dagbag.py:545} INFO - Filling up the DagBag from /opt/airflow/dags/youtube_pipeline.py
[2026-09-21T00:41:34.051+0000] {processor.py:840} INFO - DAG(s) 'youtube_english_video_pipeline' retrieved from /opt/airflow/dags/youtube_pipeline.py
[2026-09-21T00:41:34.123+0000] {logging_mixin.py:188} INFO - [2026-09-21T00:41:34.122+0000] {dag.py:3089} INFO - Sync 1 DAGs
[2026-09-21T00:41:34.149+0000] {logging_mixin.py:188} INFO - [2026-09-21T00:41:34.149+0000] {dag.py:3947} INFO - Setting next_dagrun for youtube_english_video_pipeline to 2026-09-20 12:00:00+00:00, run_after=2026-09-21 12:00:00+00:00
[2026-09-21T00:41:34.198+0000] {processor.py:183} INFO - Processing /opt/airflow/dags/youtube_pipeline.py took 0.268 seconds
[2026-09-21T00:42:04.351+0000] {processor.py:161} INFO - Started process (PID=99674) to work on /opt/airflow/dags/youtube_pipeline.py
[2026-09-21T00:42:04.353+0000] {processor.py:830} INFO - Processing file /opt/airflow/dags/youtube_pipeline.py for tasks to queue
[2026-09-21T00:42:04.356+0000] {logging_mixin.py:188} INFO - [2026-09-21T00:42:04.355+0000] {dagbag.py:545} INFO - Filling up the DagBag from /opt/airflow/dags/youtube_pipeline.py
[2026-09-21T00:42:04.393+0000] {processor.py:840} INFO - DAG(s) 'youtube_english_video_pipeline' retrieved from /opt/airflow/dags/youtube_pipeline.py
[2026-09-21T00:42:04.449+0000] {logging_mixin.py:188} INFO - [2026-09-21T00:42:04.449+0000] {dag.py:3089} INFO - Sync 1 DAGs
[2026-09-21T00:42:04.472+0000] {logging_mixin.py:188} INFO - [2026-09-21T00:42:04.472+0000] {dag.py:3947} INFO - Setting next_dagrun for youtube_english_video_pipeline to 2026-09-20 12:00:00+00:00, run_after=2026-09-21 12:00:00+00:00
[2026-09-21T00:42:04.496+0000] {processor.py:183} INFO - Processing /opt/airflow/dags/youtube_pipeline.py took 0.156 seconds
[2026-09-21T00:42:34.692+0000] {processor.py:161} INFO - Started process (PID=99679) to work on /opt/airflow/dags/youtube_pipeline.py
[2026-09-21T00:42:34.694+0000] {processor.py:830} INFO - Processing file /opt/airflow/dags/youtube_pipeline.py for tasks to queue
[2026-09-21T00:42:34.697+0000] {logging_mixin.py:188} INFO - [2026-09-21T00:42:34.696+0000] {dagbag.py:545} INFO - Filling up the DagBag from /opt/airflow/dags/youtube_pipeline.py
[2026-09-21T00:42:34.746+0000] {processor.py:840} INFO - DAG(s) 'youtube_english_video_pipeline' retrieved from /opt/airflow/dags/youtube_pipeline.py
[2026-09-21T00:42:34.805+0000] {logging_mixin.py:188} INFO - [2026-09-21T00:42:34.805+0000] {dag.py:3089} INFO - Sync 1 DAGs
[2026-09-21T00:42:34.830+0000] {logging_mixin.py:188} INFO - [2026-09-21T00:42:34.829+0000] {dag.py:3947} INFO - Setting next_dagrun for youtube_english_video_pipeline to 2026-09-20 12:00:00+00:00, run_after=2026-09-21 12:00:00+00:00
[2026-09-21T00:42:34.855+0000] {processor.py:183} INFO - Processing /opt/airflow/dags/youtube_pipeline.py took 0.176 seconds
[2026-09-21T00:43:04.965+0000] {processor.py:161} INFO - Started process (PID=99684) to work on /opt/airflow/dags/youtube_pipeline.py
[2026-09-21T00:43:04.967+0000] {processor.py:830} INFO - Processing file /opt/airflow/dags/youtube_pipeline.py for tasks to queue
[2026-09-21T00:43:04.969+0000] {logging_mixin.py:188} INFO - [2026-09-21T00:43:04.969+0000] {dagbag.py:545} INFO - Filling up the DagBag from /opt/airflow/dags/youtube_pipeline.py
[2026-09-21T00:43:05.003+0000] {processor.py:840} INFO - DAG(s) 'youtube_english_video_pipeline' retrieved from /opt/airflow/dags/youtube_pipeline.py
[2026-09-21T00:43:05.058+0000] {logging_mixin.py:188} INFO - [2026-09-21T00:43:05.058+0000] {dag.py:3089} INFO - Sync 1 DAGs
[2026-09-21T00:43:05.080+0000] {logging_mixin.py:188} INFO - [2026-09-21T00:43:05.080+0000] {dag.py:3947} INFO - Setting next_dagrun for youtube_english_video_pipeline to 2026-09-20 12:00:00+00:00, run_after=2026-09-21 12:00:00+00:00
[2026-09-21T00:43:05.099+0000] {processor.py:183} INFO - Processing /opt/airflow/dags/youtube_pipeline.py took 0.144 seconds
[2026-09-21T00:43:35.336+0000] {processor.py:161} INFO - Started process (PID=99689) to work on /opt/airflow/dags/youtube_pipeline.py
[2026-09-21T00:43:35.338+0000] {processor.py:830} INFO - Processing file /opt/airflow/dags/youtube_pipeline.py for tasks to queue
[2026-09-21T00:43:35.341+0000] {logging_mixin.py:188} INFO - [2026-09-21T00:43:35.340+0000] {dagbag.py:545} INFO - Filling up the DagBag from /opt/airflow/dags/youtube_pipeline.py
[2026-09-21T00:43:35.386+0000] {processor.py:840} INFO - DAG(s) 'youtube_english_video_pipeline' retrieved from /opt/airflow/dags/youtube_pipeline.py
[2026-09-21T00:43:35.439+0000] {logging_mixin.py:188} INFO - [2026-09-21T00:43:35.439+0000] {dag.py:3089} INFO - Sync 1 DAGs
[2026-09-21T00:43:35.461+0000] {logging_mixin.py:188} INFO - [2026-09-21T00:43:35.461+0000] {dag.py:3947} INFO - Setting next_dagrun for youtube_english_video_pipeline to 2026-09-20 12:00:00+00:00, run_after=2026-09-21 12:00:00+00:00
[2026-09-21T00:43:35.495+0000] {processor.py:183} INFO - Processing /opt/airflow/dags/youtube_pipeline.py took 0.173 seconds
[2026-09-21T00:44:06.384+0000] {processor.py:161} INFO - Started process (PID=99694) to work on /opt/airflow/dags/youtube_pipeline.py
[2026-09-21T00:44:06.388+0000] {processor.py:830} INFO - Processing file /opt/airflow/dags/youtube_pipeline.py for tasks to queue
[2026-09-21T00:44:06.391+0000] {logging_mixin.py:188} INFO - [2026-09-21T00:44:06.390+0000] {dagbag.py:545} INFO - Filling up the DagBag from /opt/airflow/dags/youtube_pipeline.py
[2026-09-21T00:44:06.437+0000] {processor.py:840} INFO - DAG(s) 'youtube_english_video_pipeline' retrieved from /opt/airflow/dags/youtube_pipeline.py
[2026-09-21T00:44:06.496+0000] {logging_mixin.py:188} INFO - [2026-09-21T00:44:06.496+0000] {dag.py:3089} INFO - Sync 1 DAGs
[2026-09-21T00:44:06.530+0000] {logging_mixin.py:188} INFO - [2026-09-21T00:44:06.529+0000] {dag.py:3947} INFO - Setting next_dagrun for youtube_english_video_pipeline to 2026-09-20 12:00:00+00:00, run_after=2026-09-21 12:00:00+00:00
[2026-09-21T00:44:06.559+0000] {processor.py:183} INFO - Processing /opt/airflow/dags/youtube_pipeline.py took 0.190 seconds
[2026-09-21T00:44:36.863+0000] {processor.py:161} INFO - Started process (PID=99699) to work on /opt/airflow/dags/youtube_pipeline.py
[2026-09-21T00:44:36.864+0000] {processor.py:830} INFO - Processing file /opt/airflow/dags/youtube_pipeline.py for tasks to queue
[2026-09-21T00:44:36.868+0000] {logging_mixin.py:188} INFO - [2026-09-21T00:44:36.867+0000] {dagbag.py:545} INFO - Filling up the DagBag from /opt/airflow/dags/youtube_pipeline.py
[2026-09-21T00:44:36.924+0000] {processor.py:840} INFO - DAG(s) 'youtube_english_video_pipeline' retrieved from /opt/airflow/dags/youtube_pipeline.py
[2026-09-21T00:44:36.981+0000] {logging_mixin.py:188} INFO - [2026-09-21T00:44:36.980+0000] {dag.py:3089} INFO - Sync 1 DAGs
[2026-09-21T00:44:37.006+0000] {logging_mixin.py:188} INFO - [2026-09-21T00:44:37.006+0000] {dag.py:3947} INFO - Setting next_dagrun for youtube_english_video_pipeline to 2026-09-20 12:00:00+00:00, run_after=2026-09-21 12:00:00+00:00
[2026-09-21T00:44:37.030+0000] {processor.py:183} INFO - Processing /opt/airflow/dags/youtube_pipeline.py took 0.183 seconds
[2026-09-21T00:45:07.295+0000] {processor.py:161} INFO - Started process (PID=99704) to work on /opt/airflow/dags/youtube_pipeline.py
[2026-09-21T00:45:07.296+0000] {processor.py:830} INFO - Processing file /opt/airflow/dags/youtube_pipeline.py for tasks to queue
[2026-09-21T00:45:07.298+0000] {logging_mixin.py:188} INFO - [2026-09-21T00:45:07.298+0000] {dagbag.py:545} INFO - Filling up the DagBag from /opt/airflow/dags/youtube_pipeline.py
[2026-09-21T00:45:07.330+0000] {processor.py:840} INFO - DAG(s) 'youtube_english_video_pipeline' retrieved from /opt/airflow/dags/youtube_pipeline.py
[2026-09-21T00:45:07.374+0000] {logging_mixin.py:188} INFO - [2026-09-21T00:45:07.374+0000] {dag.py:3089} INFO - Sync 1 DAGs
[2026-09-21T00:45:07.401+0000] {logging_mixin.py:188} INFO - [2026-09-21T00:45:07.401+0000] {dag.py:3947} INFO - Setting next_dagrun for youtube_english_video_pipeline to 2026-09-20 12:00:00+00:00, run_after=2026-09-21 12:00:00+00:00
[2026-09-21T00:45:07.425+0000] {processor.py:183} INFO - Processing /opt/airflow/dags/youtube_pipeline.py took 0.139 seconds
[2026-09-21T00:45:37.492+0000] {processor.py:161} INFO - Started process (PID=99709) to work on /opt/airflow/dags/youtube_pipeline.py
[2026-09-21T00:45:37.493+0000] {processor.py:830} INFO - Processing file /opt/airflow/dags/youtube_pipeline.py for tasks to queue
[2026-09-21T00:45:37.496+0000] {logging_mixin.py:188} INFO - [2026-09-21T00:45:37.496+0000] {dagbag.py:545} INFO - Filling up the DagBag from /opt/airflow/dags/youtube_pipeline.py
[2026-09-21T00:45:37.540+0000] {processor.py:840} INFO - DAG(s) 'youtube_english_video_pipeline' retrieved from /opt/airflow/dags/youtube_pipeline.py
[2026-09-21T00:45:37.596+0000] {logging_mixin.py:188} INFO - [2026-09-21T00:45:37.596+0000] {dag.py:3089} INFO - Sync 1 DAGs
[2026-09-21T00:45:37.619+0000] {logging_mixin.py:188} INFO - [2026-09-21T00:45:37.619+0000] {dag.py:3947} INFO - Setting next_dagrun for youtube_english_video_pipeline to 2026-09-20 12:00:00+00:00, run_after=2026-09-21 12:00:00+00:00
[2026-09-21T00:45:37.643+0000] {processor.py:183} INFO - Processing /opt/airflow/dags/youtube_pipeline.py took 0.162 seconds
[2026-09-21T00:46:07.926+0000] {processor.py:161} INFO - Started process (PID=99714) to work on /opt/airflow/dags/youtube_pipeline.py
[2026-09-21T00:46:07.928+0000] {processor.py:830} INFO - Processing file /opt/airflow/dags/youtube_pipeline.py for tasks to queue
[2026-09-21T00:46:07.931+0000] {logging_mixin.py:188} INFO - [2026-09-21T00:46:07.931+0000] {dagbag.py:545} INFO - Filling up the DagBag from /opt/airflow/dags/youtube_pipeline.py
[2026-09-21T00:46:08.046+0000] {processor.py:840} INFO - DAG(s) 'youtube_english_video_pipeline' retrieved from /opt/airflow/dags/youtube_pipeline.py
[2026-09-21T00:46:08.110+0000] {logging_mixin.py:188} INFO - [2026-09-21T00:46:08.109+0000] {dag.py:3089} INFO - Sync 1 DAGs
[2026-09-21T00:46:08.142+0000] {logging_mixin.py:188} INFO - [2026-09-21T00:46:08.141+0000] {dag.py:3947} INFO - Setting next_dagrun for youtube_english_video_pipeline to 2026-09-20 12:00:00+00:00, run_after=2026-09-21 12:00:00+00:00
[2026-09-21T00:46:08.168+0000] {processor.py:183} INFO - Processing /opt/airflow/dags/youtube_pipeline.py took 0.254 seconds
[2026-09-21T00:46:38.449+0000] {processor.py:161} INFO - Started process (PID=99719) to work on /opt/airflow/dags/youtube_pipeline.py
[2026-09-21T00:46:38.450+0000] {processor.py:830} INFO - Processing file /opt/airflow/dags/youtube_pipeline.py for tasks to queue
[2026-09-21T00:46:38.456+0000] {logging_mixin.py:188} INFO - [2026-09-21T00:46:38.455+0000] {dagbag.py:545} INFO - Filling up the DagBag from /opt/airflow/dags/youtube_pipeline.py
[2026-09-21T00:46:38.503+0000] {processor.py:840} INFO - DAG(s) 'youtube_english_video_pipeline' retrieved from /opt/airflow/dags/youtube_pipeline.py
[2026-09-21T00:46:38.554+0000] {logging_mixin.py:188} INFO - [2026-09-21T00:46:38.554+0000] {dag.py:3089} INFO - Sync 1 DAGs
[2026-09-21T00:46:38.579+0000] {logging_mixin.py:188} INFO - [2026-09-21T00:46:38.579+0000] {dag.py:3947} INFO - Setting next_dagrun for youtube_english_video_pipeline to 2026-09-20 12:00:00+00:00, run_after=2026-09-21 12:00:00+00:00
[2026-09-21T00:46:38.603+0000] {processor.py:183} INFO - Processing /opt/airflow/dags/youtube_pipeline.py took 0.171 seconds
[2026-09-21T00:47:08.723+0000] {processor.py:161} INFO - Started process (PID=99724) to work on /opt/airflow/dags/youtube_pipeline.py
[2026-09-21T00:47:08.725+0000] {processor.py:830} INFO - Processing file /opt/airflow/dags/youtube_pipeline.py for tasks to queue
[2026-09-21T00:47:08.727+0000] {logging_mixin.py:188} INFO - [2026-09-21T00:47:08.727+0000] {dagbag.py:545} INFO - Filling up the DagBag from /opt/airflow/dags/youtube_pipeline.py
[2026-09-21T00:47:08.769+0000] {processor.py:840} INFO - DAG(s) 'youtube_english_video_pipeline' retrieved from /opt/airflow/dags/youtube_pipeline.py
[2026-09-21T00:47:08.825+0000] {logging_mixin.py:188} INFO - [2026-09-21T00:47:08.824+0000] {dag.py:3089} INFO - Sync 1 DAGs
[2026-09-21T00:47:08.851+0000] {logging_mixin.py:188} INFO - [2026-09-21T00:47:08.850+0000] {dag.py:3947} INFO - Setting next_dagrun for youtube_english_video_pipeline to 2026-09-20 12:00:00+00:00, run_after=2026-09-21 12:00:00+00:00
[2026-09-21T00:47:08.880+0000] {processor.py:183} INFO - Processing /opt/airflow/dags/youtube_pipeline.py took 0.168 seconds
[2026-09-21T00:47:39.152+0000] {processor.py:161} INFO - Started process (PID=99729) to work on /opt/airflow/dags/youtube_pipeline.py
[2026-09-21T00:47:39.153+0000] {processor.py:830} INFO - Processing file /opt/airflow/dags/youtube_pipeline.py for tasks to queue
[2026-09-21T00:47:39.157+0000] {logging_mixin.py:188} INFO - [2026-09-21T00:47:39.156+0000] {dagbag.py:545} INFO - Filling up the DagBag from /opt/airflow/dags/youtube_pipeline.py
[2026-09-21T00:47:39.241+0000] {processor.py:840} INFO - DAG(s) 'youtube_english_video_pipeline' retrieved from /opt/airflow/dags/youtube_pipeline.py
[2026-09-21T00:47:39.304+0000] {logging_mixin.py:188} INFO - [2026-09-21T00:47:39.304+0000] {dag.py:3089} INFO - Sync 1 DAGs
[2026-09-21T00:47:39.329+0000] {logging_mixin.py:188} INFO - [2026-09-21T00:47:39.329+0000] {dag.py:3947} INFO - Setting next_dagrun for youtube_english_video_pipeline to 2026-09-20 12:00:00+00:00, run_after=2026-09-21 12:00:00+00:00
[2026-09-21T00:47:39.354+0000] {processor.py:183} INFO - Processing /opt/airflow/dags/youtube_pipeline.py took 0.222 seconds
[2026-09-21T00:48:09.653+0000] {processor.py:161} INFO - Started process (PID=99734) to work on /opt/airflow/dags/youtube_pipeline.py
[2026-09-21T00:48:09.655+0000] {processor.py:830} INFO - Processing file /opt/airflow/dags/youtube_pipeline.py for tasks to queue
[2026-09-21T00:48:09.660+0000] {logging_mixin.py:188} INFO - [2026-09-21T00:48:09.659+0000] {dagbag.py:545} INFO - Filling up the DagBag from /opt/airflow/dags/youtube_pipeline.py
[2026-09-21T00:48:09.762+0000] {processor.py:840} INFO - DAG(s) 'youtube_english_video_pipeline' retrieved from /opt/airflow/dags/youtube_pipeline.py
[2026-09-21T00:48:09.838+0000] {logging_mixin.py:188} INFO - [2026-09-21T00:48:09.837+0000] {dag.py:3089} INFO - Sync 1 DAGs
[2026-09-21T00:48:09.868+0000] {logging_mixin.py:188} INFO - [2026-09-21T00:48:09.868+0000] {dag.py:3947} INFO - Setting next_dagrun for youtube_english_video_pipeline to 2026-09-20 12:00:00+00:00, run_after=2026-09-21 12:00:00+00:00
[2026-09-21T00:48:09.910+0000] {processor.py:183} INFO - Processing /opt/airflow/dags/youtube_pipeline.py took 0.274 seconds
[2026-09-21T00:48:40.261+0000] {processor.py:161} INFO - Started process (PID=99739) to work on /opt/airflow/dags/youtube_pipeline.py
[2026-09-21T00:48:40.263+0000] {processor.py:830} INFO - Processing file /opt/airflow/dags/youtube_pipeline.py for tasks to queue
[2026-09-21T00:48:40.265+0000] {logging_mixin.py:188} INFO - [2026-09-21T00:48:40.265+0000] {dagbag.py:545} INFO - Filling up the DagBag from /opt/airflow/dags/youtube_pipeline.py
[2026-09-21T00:48:40.314+0000] {processor.py:840} INFO - DAG(s) 'youtube_english_video_pipeline' retrieved from /opt/airflow/dags/youtube_pipeline.py
[2026-09-21T00:48:40.375+0000] {logging_mixin.py:188} INFO - [2026-09-21T00:48:40.375+0000] {dag.py:3089} INFO - Sync 1 DAGs
[2026-09-21T00:48:40.399+0000] {logging_mixin.py:188} INFO - [2026-09-21T00:48:40.399+0000] {dag.py:3947} INFO - Setting next_dagrun for youtube_english_video_pipeline to 2026-09-20 12:00:00+00:00, run_after=2026-09-21 12:00:00+00:00
[2026-09-21T00:48:40.430+0000] {processor.py:183} INFO - Processing /opt/airflow/dags/youtube_pipeline.py took 0.180 seconds
[2026-09-21T00:49:10.707+0000] {processor.py:161} INFO - Started process (PID=99744) to work on /opt/airflow/dags/youtube_pipeline.py
[2026-09-21T00:49:10.709+0000] {processor.py:830} INFO - Processing file /opt/airflow/dags/youtube_pipeline.py for tasks to queue
[2026-09-21T00:49:10.711+0000] {logging_mixin.py:188} INFO - [2026-09-21T00:49:10.711+0000] {dagbag.py:545} INFO - Filling up the DagBag from /opt/airflow/dags/youtube_pipeline.py
[2026-09-21T00:49:10.757+0000] {processor.py:840} INFO - DAG(s) 'youtube_english_video_pipeline' retrieved from /opt/airflow/dags/youtube_pipeline.py
[2026-09-21T00:49:10.806+0000] {logging_mixin.py:188} INFO - [2026-09-21T00:49:10.805+0000] {dag.py:3089} INFO - Sync 1 DAGs
[2026-09-21T00:49:10.830+0000] {logging_mixin.py:188} INFO - [2026-09-21T00:49:10.830+0000] {dag.py:3947} INFO - Setting next_dagrun for youtube_english_video_pipeline to 2026-09-20 12:00:00+00:00, run_after=2026-09-21 12:00:00+00:00
[2026-09-21T00:49:10.853+0000] {processor.py:183} INFO - Processing /opt/airflow/dags/youtube_pipeline.py took 0.159 seconds
[2026-09-21T00:49:40.941+0000] {processor.py:161} INFO - Started process (PID=99749) to work on /opt/airflow/dags/youtube_pipeline.py
[2026-09-21T00:49:40.942+0000] {processor.py:830} INFO - Processing file /opt/airflow/dags/youtube_pipeline.py for tasks to queue
[2026-09-21T00:49:40.944+0000] {logging_mixin.py:188} INFO - [2026-09-21T00:49:40.944+0000] {dagbag.py:545} INFO - Filling up the DagBag from /opt/airflow/dags/youtube_pipeline.py
[2026-09-21T00:49:40.979+0000] {processor.py:840} INFO - DAG(s) 'youtube_english_video_pipeline' retrieved from /opt/airflow/dags/youtube_pipeline.py
[2026-09-21T00:49:41.027+0000] {logging_mixin.py:188} INFO - [2026-09-21T00:49:41.027+0000] {dag.py:3089} INFO - Sync 1 DAGs
[2026-09-21T00:49:41.050+0000] {logging_mixin.py:188} INFO - [2026-09-21T00:49:41.050+0000] {dag.py:3947} INFO - Setting next_dagrun for youtube_english_video_pipeline to 2026-09-20 12:00:00+00:00, run_after=2026-09-21 12:00:00+00:00
[2026-09-21T00:49:41.074+0000] {processor.py:183} INFO - Processing /opt/airflow/dags/youtube_pipeline.py took 0.143 seconds
[2026-09-21T00:50:11.396+0000] {processor.py:161} INFO - Started process (PID=99754) to work on /opt/airflow/dags/youtube_pipeline.py
[2026-09-21T00:50:11.401+0000] {processor.py:830} INFO - Processing file /opt/airflow/dags/youtube_pipeline.py for tasks to queue
[2026-09-21T00:50:11.403+0000] {logging_mixin.py:188} INFO - [2026-09-21T00:50:11.403+0000] {dagbag.py:545} INFO - Filling up the DagBag from /opt/airflow/dags/youtube_pipeline.py
[2026-09-21T00:50:11.529+0000] {processor.py:840} INFO - DAG(s) 'youtube_english_video_pipeline' retrieved from /opt/airflow/dags/youtube_pipeline.py
[2026-09-21T00:50:11.606+0000] {logging_mixin.py:188} INFO - [2026-09-21T00:50:11.606+0000] {dag.py:3089} INFO - Sync 1 DAGs
[2026-09-21T00:50:11.647+0000] {logging_mixin.py:188} INFO - [2026-09-21T00:50:11.647+0000] {dag.py:3947} INFO - Setting next_dagrun for youtube_english_video_pipeline to 2026-09-20 12:00:00+00:00, run_after=2026-09-21 12:00:00+00:00
[2026-09-21T00:50:11.695+0000] {processor.py:183} INFO - Processing /opt/airflow/dags/youtube_pipeline.py took 0.323 seconds
[2026-09-21T00:50:42.250+0000] {processor.py:161} INFO - Started process (PID=99759) to work on /opt/airflow/dags/youtube_pipeline.py
[2026-09-21T00:50:42.252+0000] {processor.py:830} INFO - Processing file /opt/airflow/dags/youtube_pipeline.py for tasks to queue
[2026-09-21T00:50:42.258+0000] {logging_mixin.py:188} INFO - [2026-09-21T00:50:42.257+0000] {dagbag.py:545} INFO - Filling up the DagBag from /opt/airflow/dags/youtube_pipeline.py
[2026-09-21T00:50:42.359+0000] {processor.py:840} INFO - DAG(s) 'youtube_english_video_pipeline' retrieved from /opt/airflow/dags/youtube_pipeline.py
[2026-09-21T00:50:42.419+0000] {logging_mixin.py:188} INFO - [2026-09-21T00:50:42.418+0000] {dag.py:3089} INFO - Sync 1 DAGs
[2026-09-21T00:50:42.452+0000] {logging_mixin.py:188} INFO - [2026-09-21T00:50:42.451+0000] {dag.py:3947} INFO - Setting next_dagrun for youtube_english_video_pipeline to 2026-09-20 12:00:00+00:00, run_after=2026-09-21 12:00:00+00:00
[2026-09-21T00:50:42.486+0000] {processor.py:183} INFO - Processing /opt/airflow/dags/youtube_pipeline.py took 0.263 seconds
[2026-09-21T00:51:12.801+0000] {processor.py:161} INFO - Started process (PID=99764) to work on /opt/airflow/dags/youtube_pipeline.py
[2026-09-21T00:51:12.803+0000] {processor.py:830} INFO - Processing file /opt/airflow/dags/youtube_pipeline.py for tasks to queue
[2026-09-21T00:51:12.806+0000] {logging_mixin.py:188} INFO - [2026-09-21T00:51:12.806+0000] {dagbag.py:545} INFO - Filling up the DagBag from /opt/airflow/dags/youtube_pipeline.py
[2026-09-21T00:51:12.859+0000] {processor.py:840} INFO - DAG(s) 'youtube_english_video_pipeline' retrieved from /opt/airflow/dags/youtube_pipeline.py
[2026-09-21T00:51:12.920+0000] {logging_mixin.py:188} INFO - [2026-09-21T00:51:12.920+0000] {dag.py:3089} INFO - Sync 1 DAGs
[2026-09-21T00:51:12.946+0000] {logging_mixin.py:188} INFO - [2026-09-21T00:51:12.945+0000] {dag.py:3947} INFO - Setting next_dagrun for youtube_english_video_pipeline to 2026-09-20 12:00:00+00:00, run_after=2026-09-21 12:00:00+00:00
[2026-09-21T00:51:12.972+0000] {processor.py:183} INFO - Processing /opt/airflow/dags/youtube_pipeline.py took 0.186 seconds
[2026-09-21T00:51:43.318+0000] {processor.py:161} INFO - Started process (PID=99769) to work on /opt/airflow/dags/youtube_pipeline.py
[2026-09-21T00:51:43.321+0000] {processor.py:830} INFO - Processing file /opt/airflow/dags/youtube_pipeline.py for tasks to queue
[2026-09-21T00:51:43.324+0000] {logging_mixin.py:188} INFO - [2026-09-21T00:51:43.324+0000] {dagbag.py:545} INFO - Filling up the DagBag from /opt/airflow/dags/youtube_pipeline.py
[2026-09-21T00:51:43.403+0000] {processor.py:840} INFO - DAG(s) 'youtube_english_video_pipeline' retrieved from /opt/airflow/dags/youtube_pipeline.py
[2026-09-21T00:51:43.460+0000] {logging_mixin.py:188} INFO - [2026-09-21T00:51:43.460+0000] {dag.py:3089} INFO - Sync 1 DAGs
[2026-09-21T00:51:43.489+0000] {logging_mixin.py:188} INFO - [2026-09-21T00:51:43.488+0000] {dag.py:3947} INFO - Setting next_dagrun for youtube_english_video_pipeline to 2026-09-20 12:00:00+00:00, run_after=2026-09-21 12:00:00+00:00
[2026-09-21T00:51:43.518+0000] {processor.py:183} INFO - Processing /opt/airflow/dags/youtube_pipeline.py took 0.222 seconds
[2026-09-21T00:52:13.987+0000] {processor.py:161} INFO - Started process (PID=99774) to work on /opt/airflow/dags/youtube_pipeline.py
[2026-09-21T00:52:13.989+0000] {processor.py:830} INFO - Processing file /opt/airflow/dags/youtube_pipeline.py for tasks to queue
[2026-09-21T00:52:13.992+0000] {logging_mixin.py:188} INFO - [2026-09-21T00:52:13.991+0000] {dagbag.py:545} INFO - Filling up the DagBag from /opt/airflow/dags/youtube_pipeline.py
[2026-09-21T00:52:14.043+0000] {processor.py:840} INFO - DAG(s) 'youtube_english_video_pipeline' retrieved from /opt/airflow/dags/youtube_pipeline.py
[2026-09-21T00:52:14.115+0000] {logging_mixin.py:188} INFO - [2026-09-21T00:52:14.115+0000] {dag.py:3089} INFO - Sync 1 DAGs
[2026-09-21T00:52:14.151+0000] {logging_mixin.py:188} INFO - [2026-09-21T00:52:14.150+0000] {dag.py:3947} INFO - Setting next_dagrun for youtube_english_video_pipeline to 2026-09-20 12:00:00+00:00, run_after=2026-09-21 12:00:00+00:00
[2026-09-21T00:52:14.183+0000] {processor.py:183} INFO - Processing /opt/airflow/dags/youtube_pipeline.py took 0.213 seconds
[2026-09-21T00:52:44.549+0000] {processor.py:161} INFO - Started process (PID=99779) to work on /opt/airflow/dags/youtube_pipeline.py
[2026-09-21T00:52:44.551+0000] {processor.py:830} INFO - Processing file /opt/airflow/dags/youtube_pipeline.py for tasks to queue
[2026-09-21T00:52:44.553+0000] {logging_mixin.py:188} INFO - [2026-09-21T00:52:44.553+0000] {dagbag.py:545} INFO - Filling up the DagBag from /opt/airflow/dags/youtube_pipeline.py
[2026-09-21T00:52:44.607+0000] {processor.py:840} INFO - DAG(s) 'youtube_english_video_pipeline' retrieved from /opt/airflow/dags/youtube_pipeline.py
[2026-09-21T00:52:44.667+0000] {logging_mixin.py:188} INFO - [2026-09-21T00:52:44.666+0000] {dag.py:3089} INFO - Sync 1 DAGs
[2026-09-21T00:52:44.692+0000] {logging_mixin.py:188} INFO - [2026-09-21T00:52:44.692+0000] {dag.py:3947} INFO - Setting next_dagrun for youtube_english_video_pipeline to 2026-09-20 12:00:00+00:00, run_after=2026-09-21 12:00:00+00:00
[2026-09-21T00:52:44.724+0000] {processor.py:183} INFO - Processing /opt/airflow/dags/youtube_pipeline.py took 0.191 seconds
[2026-09-21T00:53:14.830+0000] {processor.py:161} INFO - Started process (PID=99784) to work on /opt/airflow/dags/youtube_pipeline.py
[2026-09-21T00:53:14.832+0000] {processor.py:830} INFO - Processing file /opt/airflow/dags/youtube_pipeline.py for tasks to queue
[2026-09-21T00:53:14.834+0000] {logging_mixin.py:188} INFO - [2026-09-21T00:53:14.834+0000] {dagbag.py:545} INFO - Filling up the DagBag from /opt/airflow/dags/youtube_pipeline.py
[2026-09-21T00:53:14.881+0000] {processor.py:840} INFO - DAG(s) 'youtube_english_video_pipeline' retrieved from /opt/airflow/dags/youtube_pipeline.py
[2026-09-21T00:53:14.932+0000] {logging_mixin.py:188} INFO - [2026-09-21T00:53:14.932+0000] {dag.py:3089} INFO - Sync 1 DAGs
[2026-09-21T00:53:14.957+0000] {logging_mixin.py:188} INFO - [2026-09-21T00:53:14.957+0000] {dag.py:3947} INFO - Setting next_dagrun for youtube_english_video_pipeline to 2026-09-20 12:00:00+00:00, run_after=2026-09-21 12:00:00+00:00
[2026-09-21T00:53:14.976+0000] {processor.py:183} INFO - Processing /opt/airflow/dags/youtube_pipeline.py took 0.160 seconds
[2026-09-21T00:53:45.234+0000] {processor.py:161} INFO - Started process (PID=99789) to work on /opt/airflow/dags/youtube_pipeline.py
[2026-09-21T00:53:45.236+0000] {processor.py:830} INFO - Processing file /opt/airflow/dags/youtube_pipeline.py for tasks to queue
[2026-09-21T00:53:45.239+0000] {logging_mixin.py:188} INFO - [2026-09-21T00:53:45.238+0000] {dagbag.py:545} INFO - Filling up the DagBag from /opt/airflow/dags/youtube_pipeline.py
[2026-09-21T00:53:45.275+0000] {processor.py:840} INFO - DAG(s) 'youtube_english_video_pipeline' retrieved from /opt/airflow/dags/youtube_pipeline.py
[2026-09-21T00:53:45.339+0000] {logging_mixin.py:188} INFO - [2026-09-21T00:53:45.339+0000] {dag.py:3089} INFO - Sync 1 DAGs
[2026-09-21T00:53:45.366+0000] {logging_mixin.py:188} INFO - [2026-09-21T00:53:45.366+0000] {dag.py:3947} INFO - Setting next_dagrun for youtube_english_video_pipeline to 2026-09-20 12:00:00+00:00, run_after=2026-09-21 12:00:00+00:00
[2026-09-21T00:53:45.393+0000] {processor.py:183} INFO - Processing /opt/airflow/dags/youtube_pipeline.py took 0.170 seconds
[2026-09-21T00:54:15.647+0000] {processor.py:161} INFO - Started process (PID=99794) to work on /opt/airflow/dags/youtube_pipeline.py
[2026-09-21T00:54:15.651+0000] {processor.py:830} INFO - Processing file /opt/airflow/dags/youtube_pipeline.py for tasks to queue
[2026-09-21T00:54:15.659+0000] {logging_mixin.py:188} INFO - [2026-09-21T00:54:15.658+0000] {dagbag.py:545} INFO - Filling up the DagBag from /opt/airflow/dags/youtube_pipeline.py
[2026-09-21T00:54:15.766+0000] {processor.py:840} INFO - DAG(s) 'youtube_english_video_pipeline' retrieved from /opt/airflow/dags/youtube_pipeline.py
[2026-09-21T00:54:15.851+0000] {logging_mixin.py:188} INFO - [2026-09-21T00:54:15.851+0000] {dag.py:3089} INFO - Sync 1 DAGs
[2026-09-21T00:54:15.896+0000] {logging_mixin.py:188} INFO - [2026-09-21T00:54:15.896+0000] {dag.py:3947} INFO - Setting next_dagrun for youtube_english_video_pipeline to 2026-09-20 12:00:00+00:00, run_after=2026-09-21 12:00:00+00:00
[2026-09-21T00:54:15.941+0000] {processor.py:183} INFO - Processing /opt/airflow/dags/youtube_pipeline.py took 0.326 seconds
[2026-09-21T00:54:46.280+0000] {processor.py:161} INFO - Started process (PID=99799) to work on /opt/airflow/dags/youtube_pipeline.py
[2026-09-21T00:54:46.282+0000] {processor.py:830} INFO - Processing file /opt/airflow/dags/youtube_pipeline.py for tasks to queue
[2026-09-21T00:54:46.284+0000] {logging_mixin.py:188} INFO - [2026-09-21T00:54:46.284+0000] {dagbag.py:545} INFO - Filling up the DagBag from /opt/airflow/dags/youtube_pipeline.py
[2026-09-21T00:54:46.334+0000] {processor.py:840} INFO - DAG(s) 'youtube_english_video_pipeline' retrieved from /opt/airflow/dags/youtube_pipeline.py
[2026-09-21T00:54:46.385+0000] {logging_mixin.py:188} INFO - [2026-09-21T00:54:46.384+0000] {dag.py:3089} INFO - Sync 1 DAGs
[2026-09-21T00:54:46.414+0000] {logging_mixin.py:188} INFO - [2026-09-21T00:54:46.414+0000] {dag.py:3947} INFO - Setting next_dagrun for youtube_english_video_pipeline to 2026-09-20 12:00:00+00:00, run_after=2026-09-21 12:00:00+00:00
[2026-09-21T00:54:46.442+0000] {processor.py:183} INFO - Processing /opt/airflow/dags/youtube_pipeline.py took 0.174 seconds
[2026-09-21T00:55:16.614+0000] {processor.py:161} INFO - Started process (PID=99804) to work on /opt/airflow/dags/youtube_pipeline.py
[2026-09-21T00:55:16.616+0000] {processor.py:830} INFO - Processing file /opt/airflow/dags/youtube_pipeline.py for tasks to queue
[2026-09-21T00:55:16.618+0000] {logging_mixin.py:188} INFO - [2026-09-21T00:55:16.618+0000] {dagbag.py:545} INFO - Filling up the DagBag from /opt/airflow/dags/youtube_pipeline.py
[2026-09-21T00:55:16.678+0000] {processor.py:840} INFO - DAG(s) 'youtube_english_video_pipeline' retrieved from /opt/airflow/dags/youtube_pipeline.py
[2026-09-21T00:55:16.730+0000] {logging_mixin.py:188} INFO - [2026-09-21T00:55:16.730+0000] {dag.py:3089} INFO - Sync 1 DAGs
[2026-09-21T00:55:16.756+0000] {logging_mixin.py:188} INFO - [2026-09-21T00:55:16.755+0000] {dag.py:3947} INFO - Setting next_dagrun for youtube_english_video_pipeline to 2026-09-20 12:00:00+00:00, run_after=2026-09-21 12:00:00+00:00
[2026-09-21T00:55:16.805+0000] {processor.py:183} INFO - Processing /opt/airflow/dags/youtube_pipeline.py took 0.202 seconds
[2026-09-21T00:55:47.021+0000] {processor.py:161} INFO - Started process (PID=99809) to work on /opt/airflow/dags/youtube_pipeline.py
[2026-09-21T00:55:47.022+0000] {processor.py:830} INFO - Processing file /opt/airflow/dags/youtube_pipeline.py for tasks to queue
[2026-09-21T00:55:47.024+0000] {logging_mixin.py:188} INFO - [2026-09-21T00:55:47.024+0000] {dagbag.py:545} INFO - Filling up the DagBag from /opt/airflow/dags/youtube_pipeline.py
[2026-09-21T00:55:47.070+0000] {processor.py:840} INFO - DAG(s) 'youtube_english_video_pipeline' retrieved from /opt/airflow/dags/youtube_pipeline.py
[2026-09-21T00:55:47.126+0000] {logging_mixin.py:188} INFO - [2026-09-21T00:55:47.126+0000] {dag.py:3089} INFO - Sync 1 DAGs
[2026-09-21T00:55:47.153+0000] {logging_mixin.py:188} INFO - [2026-09-21T00:55:47.153+0000] {dag.py:3947} INFO - Setting next_dagrun for youtube_english_video_pipeline to 2026-09-20 12:00:00+00:00, run_after=2026-09-21 12:00:00+00:00
[2026-09-21T00:55:47.189+0000] {processor.py:183} INFO - Processing /opt/airflow/dags/youtube_pipeline.py took 0.181 seconds
[2026-09-21T00:56:17.518+0000] {processor.py:161} INFO - Started process (PID=99814) to work on /opt/airflow/dags/youtube_pipeline.py
[2026-09-21T00:56:17.531+0000] {processor.py:830} INFO - Processing file /opt/airflow/dags/youtube_pipeline.py for tasks to queue
[2026-09-21T00:56:17.541+0000] {logging_mixin.py:188} INFO - [2026-09-21T00:56:17.541+0000] {dagbag.py:545} INFO - Filling up the DagBag from /opt/airflow/dags/youtube_pipeline.py
[2026-09-21T00:56:17.774+0000] {processor.py:840} INFO - DAG(s) 'youtube_english_video_pipeline' retrieved from /opt/airflow/dags/youtube_pipeline.py
[2026-09-21T00:56:17.853+0000] {logging_mixin.py:188} INFO - [2026-09-21T00:56:17.853+0000] {dag.py:3089} INFO - Sync 1 DAGs
[2026-09-21T00:56:17.884+0000] {logging_mixin.py:188} INFO - [2026-09-21T00:56:17.884+0000] {dag.py:3947} INFO - Setting next_dagrun for youtube_english_video_pipeline to 2026-09-20 12:00:00+00:00, run_after=2026-09-21 12:00:00+00:00
[2026-09-21T00:56:17.919+0000] {processor.py:183} INFO - Processing /opt/airflow/dags/youtube_pipeline.py took 0.436 seconds
[2026-09-21T00:56:48.385+0000] {processor.py:161} INFO - Started process (PID=99819) to work on /opt/airflow/dags/youtube_pipeline.py
[2026-09-21T00:56:48.389+0000] {processor.py:830} INFO - Processing file /opt/airflow/dags/youtube_pipeline.py for tasks to queue
[2026-09-21T00:56:48.394+0000] {logging_mixin.py:188} INFO - [2026-09-21T00:56:48.393+0000] {dagbag.py:545} INFO - Filling up the DagBag from /opt/airflow/dags/youtube_pipeline.py
[2026-09-21T00:56:48.448+0000] {processor.py:840} INFO - DAG(s) 'youtube_english_video_pipeline' retrieved from /opt/airflow/dags/youtube_pipeline.py
[2026-09-21T00:56:48.502+0000] {logging_mixin.py:188} INFO - [2026-09-21T00:56:48.502+0000] {dag.py:3089} INFO - Sync 1 DAGs
[2026-09-21T00:56:48.526+0000] {logging_mixin.py:188} INFO - [2026-09-21T00:56:48.526+0000] {dag.py:3947} INFO - Setting next_dagrun for youtube_english_video_pipeline to 2026-09-20 12:00:00+00:00, run_after=2026-09-21 12:00:00+00:00
[2026-09-21T00:56:48.562+0000] {processor.py:183} INFO - Processing /opt/airflow/dags/youtube_pipeline.py took 0.215 seconds
[2026-09-21T00:57:19.002+0000] {processor.py:161} INFO - Started process (PID=99824) to work on /opt/airflow/dags/youtube_pipeline.py
[2026-09-21T00:57:19.003+0000] {processor.py:830} INFO - Processing file /opt/airflow/dags/youtube_pipeline.py for tasks to queue
[2026-09-21T00:57:19.007+0000] {logging_mixin.py:188} INFO - [2026-09-21T00:57:19.007+0000] {dagbag.py:545} INFO - Filling up the DagBag from /opt/airflow/dags/youtube_pipeline.py
[2026-09-21T00:57:19.051+0000] {processor.py:840} INFO - DAG(s) 'youtube_english_video_pipeline' retrieved from /opt/airflow/dags/youtube_pipeline.py
[2026-09-21T00:57:19.098+0000] {logging_mixin.py:188} INFO - [2026-09-21T00:57:19.098+0000] {dag.py:3089} INFO - Sync 1 DAGs
[2026-09-21T00:57:19.124+0000] {logging_mixin.py:188} INFO - [2026-09-21T00:57:19.124+0000] {dag.py:3947} INFO - Setting next_dagrun for youtube_english_video_pipeline to 2026-09-20 12:00:00+00:00, run_after=2026-09-21 12:00:00+00:00
[2026-09-21T00:57:19.149+0000] {processor.py:183} INFO - Processing /opt/airflow/dags/youtube_pipeline.py took 0.158 seconds
[2026-09-21T00:57:49.356+0000] {processor.py:161} INFO - Started process (PID=99829) to work on /opt/airflow/dags/youtube_pipeline.py
[2026-09-21T00:57:49.359+0000] {processor.py:830} INFO - Processing file /opt/airflow/dags/youtube_pipeline.py for tasks to queue
[2026-09-21T00:57:49.363+0000] {logging_mixin.py:188} INFO - [2026-09-21T00:57:49.363+0000] {dagbag.py:545} INFO - Filling up the DagBag from /opt/airflow/dags/youtube_pipeline.py
[2026-09-21T00:57:49.459+0000] {processor.py:840} INFO - DAG(s) 'youtube_english_video_pipeline' retrieved from /opt/airflow/dags/youtube_pipeline.py
[2026-09-21T00:57:49.523+0000] {logging_mixin.py:188} INFO - [2026-09-21T00:57:49.523+0000] {dag.py:3089} INFO - Sync 1 DAGs
[2026-09-21T00:57:49.550+0000] {logging_mixin.py:188} INFO - [2026-09-21T00:57:49.549+0000] {dag.py:3947} INFO - Setting next_dagrun for youtube_english_video_pipeline to 2026-09-20 12:00:00+00:00, run_after=2026-09-21 12:00:00+00:00
[2026-09-21T00:57:49.590+0000] {processor.py:183} INFO - Processing /opt/airflow/dags/youtube_pipeline.py took 0.256 seconds
[2026-09-21T00:58:19.918+0000] {processor.py:161} INFO - Started process (PID=99834) to work on /opt/airflow/dags/youtube_pipeline.py
[2026-09-21T00:58:19.920+0000] {processor.py:830} INFO - Processing file /opt/airflow/dags/youtube_pipeline.py for tasks to queue
[2026-09-21T00:58:19.923+0000] {logging_mixin.py:188} INFO - [2026-09-21T00:58:19.922+0000] {dagbag.py:545} INFO - Filling up the DagBag from /opt/airflow/dags/youtube_pipeline.py
[2026-09-21T00:58:19.968+0000] {processor.py:840} INFO - DAG(s) 'youtube_english_video_pipeline' retrieved from /opt/airflow/dags/youtube_pipeline.py
[2026-09-21T00:58:20.028+0000] {logging_mixin.py:188} INFO - [2026-09-21T00:58:20.028+0000] {dag.py:3089} INFO - Sync 1 DAGs
[2026-09-21T00:58:20.054+0000] {logging_mixin.py:188} INFO - [2026-09-21T00:58:20.054+0000] {dag.py:3947} INFO - Setting next_dagrun for youtube_english_video_pipeline to 2026-09-20 12:00:00+00:00, run_after=2026-09-21 12:00:00+00:00
[2026-09-21T00:58:20.082+0000] {processor.py:183} INFO - Processing /opt/airflow/dags/youtube_pipeline.py took 0.174 seconds
[2026-09-21T00:58:50.230+0000] {processor.py:161} INFO - Started process (PID=99839) to work on /opt/airflow/dags/youtube_pipeline.py
[2026-09-21T00:58:50.231+0000] {processor.py:830} INFO - Processing file /opt/airflow/dags/youtube_pipeline.py for tasks to queue
[2026-09-21T00:58:50.234+0000] {logging_mixin.py:188} INFO - [2026-09-21T00:58:50.234+0000] {dagbag.py:545} INFO - Filling up the DagBag from /opt/airflow/dags/youtube_pipeline.py
[2026-09-21T00:58:50.288+0000] {processor.py:840} INFO - DAG(s) 'youtube_english_video_pipeline' retrieved from /opt/airflow/dags/youtube_pipeline.py
[2026-09-21T00:58:50.342+0000] {logging_mixin.py:188} INFO - [2026-09-21T00:58:50.342+0000] {dag.py:3089} INFO - Sync 1 DAGs
[2026-09-21T00:58:50.363+0000] {logging_mixin.py:188} INFO - [2026-09-21T00:58:50.362+0000] {dag.py:3947} INFO - Setting next_dagrun for youtube_english_video_pipeline to 2026-09-20 12:00:00+00:00, run_after=2026-09-21 12:00:00+00:00
[2026-09-21T00:58:50.383+0000] {processor.py:183} INFO - Processing /opt/airflow/dags/youtube_pipeline.py took 0.167 seconds
[2026-09-21T00:59:20.606+0000] {processor.py:161} INFO - Started process (PID=99844) to work on /opt/airflow/dags/youtube_pipeline.py
[2026-09-21T00:59:20.608+0000] {processor.py:830} INFO - Processing file /opt/airflow/dags/youtube_pipeline.py for tasks to queue
[2026-09-21T00:59:20.610+0000] {logging_mixin.py:188} INFO - [2026-09-21T00:59:20.610+0000] {dagbag.py:545} INFO - Filling up the DagBag from /opt/airflow/dags/youtube_pipeline.py
[2026-09-21T00:59:20.655+0000] {processor.py:840} INFO - DAG(s) 'youtube_english_video_pipeline' retrieved from /opt/airflow/dags/youtube_pipeline.py
[2026-09-21T00:59:20.703+0000] {logging_mixin.py:188} INFO - [2026-09-21T00:59:20.703+0000] {dag.py:3089} INFO - Sync 1 DAGs
[2026-09-21T00:59:20.725+0000] {logging_mixin.py:188} INFO - [2026-09-21T00:59:20.725+0000] {dag.py:3947} INFO - Setting next_dagrun for youtube_english_video_pipeline to 2026-09-20 12:00:00+00:00, run_after=2026-09-21 12:00:00+00:00
[2026-09-21T00:59:20.751+0000] {processor.py:183} INFO - Processing /opt/airflow/dags/youtube_pipeline.py took 0.156 seconds
[2026-09-21T00:59:50.857+0000] {processor.py:161} INFO - Started process (PID=99849) to work on /opt/airflow/dags/youtube_pipeline.py
[2026-09-21T00:59:50.859+0000] {processor.py:830} INFO - Processing file /opt/airflow/dags/youtube_pipeline.py for tasks to queue
[2026-09-21T00:59:50.862+0000] {logging_mixin.py:188} INFO - [2026-09-21T00:59:50.862+0000] {dagbag.py:545} INFO - Filling up the DagBag from /opt/airflow/dags/youtube_pipeline.py
[2026-09-21T00:59:50.918+0000] {processor.py:840} INFO - DAG(s) 'youtube_english_video_pipeline' retrieved from /opt/airflow/dags/youtube_pipeline.py
[2026-09-21T00:59:50.989+0000] {logging_mixin.py:188} INFO - [2026-09-21T00:59:50.989+0000] {dag.py:3089} INFO - Sync 1 DAGs
[2026-09-21T00:59:51.015+0000] {logging_mixin.py:188} INFO - [2026-09-21T00:59:51.015+0000] {dag.py:3947} INFO - Setting next_dagrun for youtube_english_video_pipeline to 2026-09-20 12:00:00+00:00, run_after=2026-09-21 12:00:00+00:00
[2026-09-21T00:59:51.037+0000] {processor.py:183} INFO - Processing /opt/airflow/dags/youtube_pipeline.py took 0.195 seconds
[2026-09-21T01:00:21.277+0000] {processor.py:161} INFO - Started process (PID=99854) to work on /opt/airflow/dags/youtube_pipeline.py
[2026-09-21T01:00:21.279+0000] {processor.py:830} INFO - Processing file /opt/airflow/dags/youtube_pipeline.py for tasks to queue
[2026-09-21T01:00:21.281+0000] {logging_mixin.py:188} INFO - [2026-09-21T01:00:21.280+0000] {dagbag.py:545} INFO - Filling up the DagBag from /opt/airflow/dags/youtube_pipeline.py
[2026-09-21T01:00:21.327+0000] {processor.py:840} INFO - DAG(s) 'youtube_english_video_pipeline' retrieved from /opt/airflow/dags/youtube_pipeline.py
[2026-09-21T01:00:21.343+0000] {logging_mixin.py:188} INFO - [2026-09-21T01:00:21.343+0000] {dag.py:3089} INFO - Sync 1 DAGs
[2026-09-21T01:00:21.369+0000] {logging_mixin.py:188} INFO - [2026-09-21T01:00:21.368+0000] {dag.py:3947} INFO - Setting next_dagrun for youtube_english_video_pipeline to 2026-09-20 12:00:00+00:00, run_after=2026-09-21 12:00:00+00:00
[2026-09-21T01:00:21.392+0000] {processor.py:183} INFO - Processing /opt/airflow/dags/youtube_pipeline.py took 0.126 seconds
[2026-09-21T01:00:51.487+0000] {processor.py:161} INFO - Started process (PID=99859) to work on /opt/airflow/dags/youtube_pipeline.py
[2026-09-21T01:00:51.488+0000] {processor.py:830} INFO - Processing file /opt/airflow/dags/youtube_pipeline.py for tasks to queue
[2026-09-21T01:00:51.491+0000] {logging_mixin.py:188} INFO - [2026-09-21T01:00:51.490+0000] {dagbag.py:545} INFO - Filling up the DagBag from /opt/airflow/dags/youtube_pipeline.py
[2026-09-21T01:00:51.532+0000] {processor.py:840} INFO - DAG(s) 'youtube_english_video_pipeline' retrieved from /opt/airflow/dags/youtube_pipeline.py
[2026-09-21T01:00:52.024+0000] {logging_mixin.py:188} INFO - [2026-09-21T01:00:52.024+0000] {dag.py:3089} INFO - Sync 1 DAGs
[2026-09-21T01:00:52.045+0000] {logging_mixin.py:188} INFO - [2026-09-21T01:00:52.045+0000] {dag.py:3947} INFO - Setting next_dagrun for youtube_english_video_pipeline to 2026-09-20 12:00:00+00:00, run_after=2026-09-21 12:00:00+00:00
[2026-09-21T01:00:52.072+0000] {processor.py:183} INFO - Processing /opt/airflow/dags/youtube_pipeline.py took 0.598 seconds
[2026-09-21T01:01:22.388+0000] {processor.py:161} INFO - Started process (PID=421) to work on /opt/airflow/dags/youtube_pipeline.py
[2026-09-21T01:01:22.389+0000] {processor.py:830} INFO - Processing file /opt/airflow/dags/youtube_pipeline.py for tasks to queue
[2026-09-21T01:01:22.392+0000] {logging_mixin.py:188} INFO - [2026-09-21T01:01:22.392+0000] {dagbag.py:545} INFO - Filling up the DagBag from /opt/airflow/dags/youtube_pipeline.py
[2026-09-21T01:01:22.435+0000] {processor.py:840} INFO - DAG(s) 'youtube_english_video_pipeline' retrieved from /opt/airflow/dags/youtube_pipeline.py
[2026-09-21T01:01:22.499+0000] {logging_mixin.py:188} INFO - [2026-09-21T01:01:22.499+0000] {dag.py:3089} INFO - Sync 1 DAGs
[2026-09-21T01:01:22.552+0000] {processor.py:183} INFO - Processing /opt/airflow/dags/youtube_pipeline.py took 0.177 seconds
[2026-09-21T01:01:52.819+0000] {processor.py:161} INFO - Started process (PID=1183) to work on /opt/airflow/dags/youtube_pipeline.py
[2026-09-21T01:01:52.821+0000] {processor.py:830} INFO - Processing file /opt/airflow/dags/youtube_pipeline.py for tasks to queue
[2026-09-21T01:01:52.824+0000] {logging_mixin.py:188} INFO - [2026-09-21T01:01:52.823+0000] {dagbag.py:545} INFO - Filling up the DagBag from /opt/airflow/dags/youtube_pipeline.py
[2026-09-21T01:01:52.885+0000] {processor.py:840} INFO - DAG(s) 'youtube_english_video_pipeline' retrieved from /opt/airflow/dags/youtube_pipeline.py
[2026-09-21T01:01:52.970+0000] {logging_mixin.py:188} INFO - [2026-09-21T01:01:52.969+0000] {dag.py:3089} INFO - Sync 1 DAGs
[2026-09-21T01:01:53.021+0000] {processor.py:183} INFO - Processing /opt/airflow/dags/youtube_pipeline.py took 0.216 seconds
[2026-09-21T01:02:23.152+0000] {processor.py:161} INFO - Started process (PID=2094) to work on /opt/airflow/dags/youtube_pipeline.py
[2026-09-21T01:02:23.154+0000] {processor.py:830} INFO - Processing file /opt/airflow/dags/youtube_pipeline.py for tasks to queue
[2026-09-21T01:02:23.158+0000] {logging_mixin.py:188} INFO - [2026-09-21T01:02:23.157+0000] {dagbag.py:545} INFO - Filling up the DagBag from /opt/airflow/dags/youtube_pipeline.py
[2026-09-21T01:02:23.223+0000] {processor.py:840} INFO - DAG(s) 'youtube_english_video_pipeline' retrieved from /opt/airflow/dags/youtube_pipeline.py
[2026-09-21T01:02:23.282+0000] {logging_mixin.py:188} INFO - [2026-09-21T01:02:23.282+0000] {dag.py:3089} INFO - Sync 1 DAGs
[2026-09-21T01:02:23.337+0000] {processor.py:183} INFO - Processing /opt/airflow/dags/youtube_pipeline.py took 0.198 seconds
[2026-09-21T01:02:53.545+0000] {processor.py:161} INFO - Started process (PID=3005) to work on /opt/airflow/dags/youtube_pipeline.py
[2026-09-21T01:02:53.548+0000] {processor.py:830} INFO - Processing file /opt/airflow/dags/youtube_pipeline.py for tasks to queue
[2026-09-21T01:02:53.552+0000] {logging_mixin.py:188} INFO - [2026-09-21T01:02:53.552+0000] {dagbag.py:545} INFO - Filling up the DagBag from /opt/airflow/dags/youtube_pipeline.py
[2026-09-21T01:02:53.608+0000] {processor.py:840} INFO - DAG(s) 'youtube_english_video_pipeline' retrieved from /opt/airflow/dags/youtube_pipeline.py
[2026-09-21T01:02:53.658+0000] {logging_mixin.py:188} INFO - [2026-09-21T01:02:53.658+0000] {dag.py:3089} INFO - Sync 1 DAGs
[2026-09-21T01:02:53.709+0000] {processor.py:183} INFO - Processing /opt/airflow/dags/youtube_pipeline.py took 0.185 seconds
[2026-09-21T01:03:23.852+0000] {processor.py:161} INFO - Started process (PID=3542) to work on /opt/airflow/dags/youtube_pipeline.py
[2026-09-21T01:03:23.854+0000] {processor.py:830} INFO - Processing file /opt/airflow/dags/youtube_pipeline.py for tasks to queue
[2026-09-21T01:03:23.857+0000] {logging_mixin.py:188} INFO - [2026-09-21T01:03:23.857+0000] {dagbag.py:545} INFO - Filling up the DagBag from /opt/airflow/dags/youtube_pipeline.py
[2026-09-21T01:03:23.936+0000] {processor.py:840} INFO - DAG(s) 'youtube_english_video_pipeline' retrieved from /opt/airflow/dags/youtube_pipeline.py
[2026-09-21T01:03:24.008+0000] {logging_mixin.py:188} INFO - [2026-09-21T01:03:24.007+0000] {dag.py:3089} INFO - Sync 1 DAGs
[2026-09-21T01:03:24.077+0000] {processor.py:183} INFO - Processing /opt/airflow/dags/youtube_pipeline.py took 0.239 seconds
[2026-09-21T01:03:54.260+0000] {processor.py:161} INFO - Started process (PID=3570) to work on /opt/airflow/dags/youtube_pipeline.py
[2026-09-21T01:03:54.262+0000] {processor.py:830} INFO - Processing file /opt/airflow/dags/youtube_pipeline.py for tasks to queue
[2026-09-21T01:03:54.264+0000] {logging_mixin.py:188} INFO - [2026-09-21T01:03:54.264+0000] {dagbag.py:545} INFO - Filling up the DagBag from /opt/airflow/dags/youtube_pipeline.py
[2026-09-21T01:03:54.312+0000] {processor.py:840} INFO - DAG(s) 'youtube_english_video_pipeline' retrieved from /opt/airflow/dags/youtube_pipeline.py
[2026-09-21T01:03:54.370+0000] {logging_mixin.py:188} INFO - [2026-09-21T01:03:54.370+0000] {dag.py:3089} INFO - Sync 1 DAGs
[2026-09-21T01:03:54.436+0000] {processor.py:183} INFO - Processing /opt/airflow/dags/youtube_pipeline.py took 0.189 seconds
[2026-09-21T01:04:24.637+0000] {processor.py:161} INFO - Started process (PID=4135) to work on /opt/airflow/dags/youtube_pipeline.py
[2026-09-21T01:04:24.640+0000] {processor.py:830} INFO - Processing file /opt/airflow/dags/youtube_pipeline.py for tasks to queue
[2026-09-21T01:04:24.645+0000] {logging_mixin.py:188} INFO - [2026-09-21T01:04:24.644+0000] {dagbag.py:545} INFO - Filling up the DagBag from /opt/airflow/dags/youtube_pipeline.py
[2026-09-21T01:04:24.697+0000] {processor.py:840} INFO - DAG(s) 'youtube_english_video_pipeline' retrieved from /opt/airflow/dags/youtube_pipeline.py
[2026-09-21T01:04:24.769+0000] {logging_mixin.py:188} INFO - [2026-09-21T01:04:24.768+0000] {dag.py:3089} INFO - Sync 1 DAGs
[2026-09-21T01:04:24.835+0000] {processor.py:183} INFO - Processing /opt/airflow/dags/youtube_pipeline.py took 0.212 seconds
[2026-09-21T01:04:54.984+0000] {processor.py:161} INFO - Started process (PID=5046) to work on /opt/airflow/dags/youtube_pipeline.py
[2026-09-21T01:04:54.986+0000] {processor.py:830} INFO - Processing file /opt/airflow/dags/youtube_pipeline.py for tasks to queue
[2026-09-21T01:04:54.989+0000] {logging_mixin.py:188} INFO - [2026-09-21T01:04:54.989+0000] {dagbag.py:545} INFO - Filling up the DagBag from /opt/airflow/dags/youtube_pipeline.py
[2026-09-21T01:04:55.043+0000] {processor.py:840} INFO - DAG(s) 'youtube_english_video_pipeline' retrieved from /opt/airflow/dags/youtube_pipeline.py
[2026-09-21T01:04:55.098+0000] {logging_mixin.py:188} INFO - [2026-09-21T01:04:55.098+0000] {dag.py:3089} INFO - Sync 1 DAGs
[2026-09-21T01:04:55.142+0000] {processor.py:183} INFO - Processing /opt/airflow/dags/youtube_pipeline.py took 0.169 seconds
[2026-09-21T01:05:25.354+0000] {processor.py:161} INFO - Started process (PID=5957) to work on /opt/airflow/dags/youtube_pipeline.py
[2026-09-21T01:05:25.356+0000] {processor.py:830} INFO - Processing file /opt/airflow/dags/youtube_pipeline.py for tasks to queue
[2026-09-21T01:05:25.358+0000] {logging_mixin.py:188} INFO - [2026-09-21T01:05:25.358+0000] {dagbag.py:545} INFO - Filling up the DagBag from /opt/airflow/dags/youtube_pipeline.py
[2026-09-21T01:05:25.406+0000] {processor.py:840} INFO - DAG(s) 'youtube_english_video_pipeline' retrieved from /opt/airflow/dags/youtube_pipeline.py
[2026-09-21T01:05:25.463+0000] {logging_mixin.py:188} INFO - [2026-09-21T01:05:25.463+0000] {dag.py:3089} INFO - Sync 1 DAGs
[2026-09-21T01:05:25.511+0000] {processor.py:183} INFO - Processing /opt/airflow/dags/youtube_pipeline.py took 0.168 seconds
[2026-09-21T01:05:55.690+0000] {processor.py:161} INFO - Started process (PID=6868) to work on /opt/airflow/dags/youtube_pipeline.py
[2026-09-21T01:05:55.691+0000] {processor.py:830} INFO - Processing file /opt/airflow/dags/youtube_pipeline.py for tasks to queue
[2026-09-21T01:05:55.693+0000] {logging_mixin.py:188} INFO - [2026-09-21T01:05:55.693+0000] {dagbag.py:545} INFO - Filling up the DagBag from /opt/airflow/dags/youtube_pipeline.py
[2026-09-21T01:05:55.733+0000] {processor.py:840} INFO - DAG(s) 'youtube_english_video_pipeline' retrieved from /opt/airflow/dags/youtube_pipeline.py
[2026-09-21T01:05:55.790+0000] {logging_mixin.py:188} INFO - [2026-09-21T01:05:55.790+0000] {dag.py:3089} INFO - Sync 1 DAGs
[2026-09-21T01:05:55.830+0000] {processor.py:183} INFO - Processing /opt/airflow/dags/youtube_pipeline.py took 0.150 seconds
[2026-09-21T01:06:26.068+0000] {processor.py:161} INFO - Started process (PID=6952) to work on /opt/airflow/dags/youtube_pipeline.py
[2026-09-21T01:06:26.070+0000] {processor.py:830} INFO - Processing file /opt/airflow/dags/youtube_pipeline.py for tasks to queue
[2026-09-21T01:06:26.075+0000] {logging_mixin.py:188} INFO - [2026-09-21T01:06:26.074+0000] {dagbag.py:545} INFO - Filling up the DagBag from /opt/airflow/dags/youtube_pipeline.py
[2026-09-21T01:06:26.114+0000] {processor.py:840} INFO - DAG(s) 'youtube_english_video_pipeline' retrieved from /opt/airflow/dags/youtube_pipeline.py
[2026-09-21T01:06:26.159+0000] {logging_mixin.py:188} INFO - [2026-09-21T01:06:26.159+0000] {dag.py:3089} INFO - Sync 1 DAGs
[2026-09-21T01:06:26.202+0000] {processor.py:183} INFO - Processing /opt/airflow/dags/youtube_pipeline.py took 0.153 seconds
[2026-09-21T01:06:56.377+0000] {processor.py:161} INFO - Started process (PID=7236) to work on /opt/airflow/dags/youtube_pipeline.py
[2026-09-21T01:06:56.379+0000] {processor.py:830} INFO - Processing file /opt/airflow/dags/youtube_pipeline.py for tasks to queue
[2026-09-21T01:06:56.382+0000] {logging_mixin.py:188} INFO - [2026-09-21T01:06:56.381+0000] {dagbag.py:545} INFO - Filling up the DagBag from /opt/airflow/dags/youtube_pipeline.py
[2026-09-21T01:06:56.444+0000] {processor.py:840} INFO - DAG(s) 'youtube_english_video_pipeline' retrieved from /opt/airflow/dags/youtube_pipeline.py
[2026-09-21T01:06:56.493+0000] {logging_mixin.py:188} INFO - [2026-09-21T01:06:56.493+0000] {dag.py:3089} INFO - Sync 1 DAGs
[2026-09-21T01:06:56.538+0000] {processor.py:183} INFO - Processing /opt/airflow/dags/youtube_pipeline.py took 0.179 seconds
[2026-09-21T01:07:26.856+0000] {processor.py:161} INFO - Started process (PID=7998) to work on /opt/airflow/dags/youtube_pipeline.py
[2026-09-21T01:07:26.858+0000] {processor.py:830} INFO - Processing file /opt/airflow/dags/youtube_pipeline.py for tasks to queue
[2026-09-21T01:07:26.862+0000] {logging_mixin.py:188} INFO - [2026-09-21T01:07:26.861+0000] {dagbag.py:545} INFO - Filling up the DagBag from /opt/airflow/dags/youtube_pipeline.py
[2026-09-21T01:07:26.910+0000] {processor.py:840} INFO - DAG(s) 'youtube_english_video_pipeline' retrieved from /opt/airflow/dags/youtube_pipeline.py
[2026-09-21T01:07:26.966+0000] {logging_mixin.py:188} INFO - [2026-09-21T01:07:26.966+0000] {dag.py:3089} INFO - Sync 1 DAGs
[2026-09-21T01:07:27.022+0000] {processor.py:183} INFO - Processing /opt/airflow/dags/youtube_pipeline.py took 0.179 seconds
[2026-09-21T01:07:57.315+0000] {processor.py:161} INFO - Started process (PID=8758) to work on /opt/airflow/dags/youtube_pipeline.py
[2026-09-21T01:07:57.317+0000] {processor.py:830} INFO - Processing file /opt/airflow/dags/youtube_pipeline.py for tasks to queue
[2026-09-21T01:07:57.320+0000] {logging_mixin.py:188} INFO - [2026-09-21T01:07:57.319+0000] {dagbag.py:545} INFO - Filling up the DagBag from /opt/airflow/dags/youtube_pipeline.py
[2026-09-21T01:07:57.368+0000] {processor.py:840} INFO - DAG(s) 'youtube_english_video_pipeline' retrieved from /opt/airflow/dags/youtube_pipeline.py
[2026-09-21T01:07:57.432+0000] {logging_mixin.py:188} INFO - [2026-09-21T01:07:57.432+0000] {dag.py:3089} INFO - Sync 1 DAGs
[2026-09-21T01:07:57.499+0000] {processor.py:183} INFO - Processing /opt/airflow/dags/youtube_pipeline.py took 0.198 seconds
[2026-09-21T01:08:27.746+0000] {processor.py:161} INFO - Started process (PID=9542) to work on /opt/airflow/dags/youtube_pipeline.py
[2026-09-21T01:08:27.749+0000] {processor.py:830} INFO - Processing file /opt/airflow/dags/youtube_pipeline.py for tasks to queue
[2026-09-21T01:08:27.751+0000] {logging_mixin.py:188} INFO - [2026-09-21T01:08:27.751+0000] {dagbag.py:545} INFO - Filling up the DagBag from /opt/airflow/dags/youtube_pipeline.py
[2026-09-21T01:08:27.798+0000] {processor.py:840} INFO - DAG(s) 'youtube_english_video_pipeline' retrieved from /opt/airflow/dags/youtube_pipeline.py
[2026-09-21T01:08:27.866+0000] {logging_mixin.py:188} INFO - [2026-09-21T01:08:27.865+0000] {dag.py:3089} INFO - Sync 1 DAGs
[2026-09-21T01:08:27.917+0000] {processor.py:183} INFO - Processing /opt/airflow/dags/youtube_pipeline.py took 0.183 seconds
[2026-09-21T01:08:58.109+0000] {processor.py:161} INFO - Started process (PID=10055) to work on /opt/airflow/dags/youtube_pipeline.py
[2026-09-21T01:08:58.112+0000] {processor.py:830} INFO - Processing file /opt/airflow/dags/youtube_pipeline.py for tasks to queue
[2026-09-21T01:08:58.116+0000] {logging_mixin.py:188} INFO - [2026-09-21T01:08:58.115+0000] {dagbag.py:545} INFO - Filling up the DagBag from /opt/airflow/dags/youtube_pipeline.py
[2026-09-21T01:08:58.185+0000] {processor.py:840} INFO - DAG(s) 'youtube_english_video_pipeline' retrieved from /opt/airflow/dags/youtube_pipeline.py
[2026-09-21T01:08:58.265+0000] {logging_mixin.py:188} INFO - [2026-09-21T01:08:58.265+0000] {dag.py:3089} INFO - Sync 1 DAGs
[2026-09-21T01:08:58.326+0000] {processor.py:183} INFO - Processing /opt/airflow/dags/youtube_pipeline.py took 0.241 seconds
[2026-09-21T01:09:28.496+0000] {processor.py:161} INFO - Started process (PID=10081) to work on /opt/airflow/dags/youtube_pipeline.py
[2026-09-21T01:09:28.497+0000] {processor.py:830} INFO - Processing file /opt/airflow/dags/youtube_pipeline.py for tasks to queue
[2026-09-21T01:09:28.502+0000] {logging_mixin.py:188} INFO - [2026-09-21T01:09:28.501+0000] {dagbag.py:545} INFO - Filling up the DagBag from /opt/airflow/dags/youtube_pipeline.py
[2026-09-21T01:09:28.551+0000] {processor.py:840} INFO - DAG(s) 'youtube_english_video_pipeline' retrieved from /opt/airflow/dags/youtube_pipeline.py
[2026-09-21T01:09:28.607+0000] {logging_mixin.py:188} INFO - [2026-09-21T01:09:28.607+0000] {dag.py:3089} INFO - Sync 1 DAGs
[2026-09-21T01:09:28.660+0000] {processor.py:183} INFO - Processing /opt/airflow/dags/youtube_pipeline.py took 0.178 seconds
[2026-09-21T01:09:58.842+0000] {processor.py:161} INFO - Started process (PID=10086) to work on /opt/airflow/dags/youtube_pipeline.py
[2026-09-21T01:09:58.844+0000] {processor.py:830} INFO - Processing file /opt/airflow/dags/youtube_pipeline.py for tasks to queue
[2026-09-21T01:09:58.846+0000] {logging_mixin.py:188} INFO - [2026-09-21T01:09:58.846+0000] {dagbag.py:545} INFO - Filling up the DagBag from /opt/airflow/dags/youtube_pipeline.py
[2026-09-21T01:09:58.905+0000] {processor.py:840} INFO - DAG(s) 'youtube_english_video_pipeline' retrieved from /opt/airflow/dags/youtube_pipeline.py
[2026-09-21T01:09:58.954+0000] {logging_mixin.py:188} INFO - [2026-09-21T01:09:58.954+0000] {dag.py:3089} INFO - Sync 1 DAGs
[2026-09-21T01:09:59.006+0000] {processor.py:183} INFO - Processing /opt/airflow/dags/youtube_pipeline.py took 0.178 seconds
[2026-09-21T01:10:29.179+0000] {processor.py:161} INFO - Started process (PID=10091) to work on /opt/airflow/dags/youtube_pipeline.py
[2026-09-21T01:10:29.180+0000] {processor.py:830} INFO - Processing file /opt/airflow/dags/youtube_pipeline.py for tasks to queue
[2026-09-21T01:10:29.183+0000] {logging_mixin.py:188} INFO - [2026-09-21T01:10:29.182+0000] {dagbag.py:545} INFO - Filling up the DagBag from /opt/airflow/dags/youtube_pipeline.py
[2026-09-21T01:10:29.238+0000] {processor.py:840} INFO - DAG(s) 'youtube_english_video_pipeline' retrieved from /opt/airflow/dags/youtube_pipeline.py
[2026-09-21T01:10:29.281+0000] {logging_mixin.py:188} INFO - [2026-09-21T01:10:29.281+0000] {dag.py:3089} INFO - Sync 1 DAGs
[2026-09-21T01:10:29.327+0000] {processor.py:183} INFO - Processing /opt/airflow/dags/youtube_pipeline.py took 0.160 seconds
[2026-09-21T01:10:59.696+0000] {processor.py:161} INFO - Started process (PID=10096) to work on /opt/airflow/dags/youtube_pipeline.py
[2026-09-21T01:10:59.698+0000] {processor.py:830} INFO - Processing file /opt/airflow/dags/youtube_pipeline.py for tasks to queue
[2026-09-21T01:10:59.701+0000] {logging_mixin.py:188} INFO - [2026-09-21T01:10:59.701+0000] {dagbag.py:545} INFO - Filling up the DagBag from /opt/airflow/dags/youtube_pipeline.py
[2026-09-21T01:10:59.804+0000] {processor.py:840} INFO - DAG(s) 'youtube_english_video_pipeline' retrieved from /opt/airflow/dags/youtube_pipeline.py
[2026-09-21T01:10:59.926+0000] {logging_mixin.py:188} INFO - [2026-09-21T01:10:59.926+0000] {dag.py:3089} INFO - Sync 1 DAGs
[2026-09-21T01:11:00.036+0000] {processor.py:183} INFO - Processing /opt/airflow/dags/youtube_pipeline.py took 0.368 seconds
[2026-09-21T01:11:30.547+0000] {processor.py:161} INFO - Started process (PID=10101) to work on /opt/airflow/dags/youtube_pipeline.py
[2026-09-21T01:11:30.556+0000] {processor.py:830} INFO - Processing file /opt/airflow/dags/youtube_pipeline.py for tasks to queue
[2026-09-21T01:11:30.563+0000] {logging_mixin.py:188} INFO - [2026-09-21T01:11:30.562+0000] {dagbag.py:545} INFO - Filling up the DagBag from /opt/airflow/dags/youtube_pipeline.py
[2026-09-21T01:11:30.755+0000] {processor.py:840} INFO - DAG(s) 'youtube_english_video_pipeline' retrieved from /opt/airflow/dags/youtube_pipeline.py
[2026-09-21T01:11:30.836+0000] {logging_mixin.py:188} INFO - [2026-09-21T01:11:30.835+0000] {dag.py:3089} INFO - Sync 1 DAGs
[2026-09-21T01:11:30.912+0000] {processor.py:183} INFO - Processing /opt/airflow/dags/youtube_pipeline.py took 0.391 seconds
[2026-09-21T01:12:01.372+0000] {processor.py:161} INFO - Started process (PID=10106) to work on /opt/airflow/dags/youtube_pipeline.py
[2026-09-21T01:12:01.375+0000] {processor.py:830} INFO - Processing file /opt/airflow/dags/youtube_pipeline.py for tasks to queue
[2026-09-21T01:12:01.379+0000] {logging_mixin.py:188} INFO - [2026-09-21T01:12:01.378+0000] {dagbag.py:545} INFO - Filling up the DagBag from /opt/airflow/dags/youtube_pipeline.py
[2026-09-21T01:12:01.451+0000] {processor.py:840} INFO - DAG(s) 'youtube_english_video_pipeline' retrieved from /opt/airflow/dags/youtube_pipeline.py
[2026-09-21T01:12:01.514+0000] {logging_mixin.py:188} INFO - [2026-09-21T01:12:01.513+0000] {dag.py:3089} INFO - Sync 1 DAGs
[2026-09-21T01:12:01.562+0000] {processor.py:183} INFO - Processing /opt/airflow/dags/youtube_pipeline.py took 0.219 seconds
[2026-09-21T01:12:31.878+0000] {processor.py:161} INFO - Started process (PID=10111) to work on /opt/airflow/dags/youtube_pipeline.py
[2026-09-21T01:12:31.879+0000] {processor.py:830} INFO - Processing file /opt/airflow/dags/youtube_pipeline.py for tasks to queue
[2026-09-21T01:12:31.881+0000] {logging_mixin.py:188} INFO - [2026-09-21T01:12:31.881+0000] {dagbag.py:545} INFO - Filling up the DagBag from /opt/airflow/dags/youtube_pipeline.py
[2026-09-21T01:12:31.931+0000] {processor.py:840} INFO - DAG(s) 'youtube_english_video_pipeline' retrieved from /opt/airflow/dags/youtube_pipeline.py
[2026-09-21T01:12:31.982+0000] {logging_mixin.py:188} INFO - [2026-09-21T01:12:31.981+0000] {dag.py:3089} INFO - Sync 1 DAGs
[2026-09-21T01:12:32.033+0000] {processor.py:183} INFO - Processing /opt/airflow/dags/youtube_pipeline.py took 0.167 seconds
[2026-09-21T01:13:02.097+0000] {processor.py:161} INFO - Started process (PID=10116) to work on /opt/airflow/dags/youtube_pipeline.py
[2026-09-21T01:13:02.099+0000] {processor.py:830} INFO - Processing file /opt/airflow/dags/youtube_pipeline.py for tasks to queue
[2026-09-21T01:13:02.102+0000] {logging_mixin.py:188} INFO - [2026-09-21T01:13:02.102+0000] {dagbag.py:545} INFO - Filling up the DagBag from /opt/airflow/dags/youtube_pipeline.py
[2026-09-21T01:13:02.148+0000] {processor.py:840} INFO - DAG(s) 'youtube_english_video_pipeline' retrieved from /opt/airflow/dags/youtube_pipeline.py
[2026-09-21T01:13:02.206+0000] {logging_mixin.py:188} INFO - [2026-09-21T01:13:02.206+0000] {dag.py:3089} INFO - Sync 1 DAGs
[2026-09-21T01:13:02.249+0000] {processor.py:183} INFO - Processing /opt/airflow/dags/youtube_pipeline.py took 0.164 seconds
[2026-09-21T01:13:32.577+0000] {processor.py:161} INFO - Started process (PID=10121) to work on /opt/airflow/dags/youtube_pipeline.py
[2026-09-21T01:13:32.580+0000] {processor.py:830} INFO - Processing file /opt/airflow/dags/youtube_pipeline.py for tasks to queue
[2026-09-21T01:13:32.587+0000] {logging_mixin.py:188} INFO - [2026-09-21T01:13:32.586+0000] {dagbag.py:545} INFO - Filling up the DagBag from /opt/airflow/dags/youtube_pipeline.py
[2026-09-21T01:13:32.654+0000] {processor.py:840} INFO - DAG(s) 'youtube_english_video_pipeline' retrieved from /opt/airflow/dags/youtube_pipeline.py
[2026-09-21T01:13:32.722+0000] {logging_mixin.py:188} INFO - [2026-09-21T01:13:32.722+0000] {dag.py:3089} INFO - Sync 1 DAGs
[2026-09-21T01:13:32.786+0000] {processor.py:183} INFO - Processing /opt/airflow/dags/youtube_pipeline.py took 0.227 seconds
[2026-09-21T01:14:03.075+0000] {processor.py:161} INFO - Started process (PID=10126) to work on /opt/airflow/dags/youtube_pipeline.py
[2026-09-21T01:14:03.076+0000] {processor.py:830} INFO - Processing file /opt/airflow/dags/youtube_pipeline.py for tasks to queue
[2026-09-21T01:14:03.079+0000] {logging_mixin.py:188} INFO - [2026-09-21T01:14:03.078+0000] {dagbag.py:545} INFO - Filling up the DagBag from /opt/airflow/dags/youtube_pipeline.py
[2026-09-21T01:14:03.269+0000] {processor.py:840} INFO - DAG(s) 'youtube_english_video_pipeline' retrieved from /opt/airflow/dags/youtube_pipeline.py
[2026-09-21T01:14:03.341+0000] {logging_mixin.py:188} INFO - [2026-09-21T01:14:03.340+0000] {dag.py:3089} INFO - Sync 1 DAGs
[2026-09-21T01:14:03.388+0000] {processor.py:183} INFO - Processing /opt/airflow/dags/youtube_pipeline.py took 0.340 seconds
[2026-09-21T01:14:33.731+0000] {processor.py:161} INFO - Started process (PID=10131) to work on /opt/airflow/dags/youtube_pipeline.py
[2026-09-21T01:14:33.733+0000] {processor.py:830} INFO - Processing file /opt/airflow/dags/youtube_pipeline.py for tasks to queue
[2026-09-21T01:14:33.736+0000] {logging_mixin.py:188} INFO - [2026-09-21T01:14:33.735+0000] {dagbag.py:545} INFO - Filling up the DagBag from /opt/airflow/dags/youtube_pipeline.py
[2026-09-21T01:14:33.818+0000] {processor.py:840} INFO - DAG(s) 'youtube_english_video_pipeline' retrieved from /opt/airflow/dags/youtube_pipeline.py
[2026-09-21T01:14:33.876+0000] {logging_mixin.py:188} INFO - [2026-09-21T01:14:33.876+0000] {dag.py:3089} INFO - Sync 1 DAGs
[2026-09-21T01:14:33.924+0000] {processor.py:183} INFO - Processing /opt/airflow/dags/youtube_pipeline.py took 0.209 seconds
[2026-09-21T01:15:04.170+0000] {processor.py:161} INFO - Started process (PID=10136) to work on /opt/airflow/dags/youtube_pipeline.py
[2026-09-21T01:15:04.172+0000] {processor.py:830} INFO - Processing file /opt/airflow/dags/youtube_pipeline.py for tasks to queue
[2026-09-21T01:15:04.175+0000] {logging_mixin.py:188} INFO - [2026-09-21T01:15:04.174+0000] {dagbag.py:545} INFO - Filling up the DagBag from /opt/airflow/dags/youtube_pipeline.py
[2026-09-21T01:15:04.215+0000] {processor.py:840} INFO - DAG(s) 'youtube_english_video_pipeline' retrieved from /opt/airflow/dags/youtube_pipeline.py
[2026-09-21T01:15:04.262+0000] {logging_mixin.py:188} INFO - [2026-09-21T01:15:04.262+0000] {dag.py:3089} INFO - Sync 1 DAGs
[2026-09-21T01:15:04.313+0000] {processor.py:183} INFO - Processing /opt/airflow/dags/youtube_pipeline.py took 0.154 seconds
[2026-09-21T01:15:34.425+0000] {processor.py:161} INFO - Started process (PID=10141) to work on /opt/airflow/dags/youtube_pipeline.py
[2026-09-21T01:15:34.426+0000] {processor.py:830} INFO - Processing file /opt/airflow/dags/youtube_pipeline.py for tasks to queue
[2026-09-21T01:15:34.430+0000] {logging_mixin.py:188} INFO - [2026-09-21T01:15:34.429+0000] {dagbag.py:545} INFO - Filling up the DagBag from /opt/airflow/dags/youtube_pipeline.py
[2026-09-21T01:15:34.490+0000] {processor.py:840} INFO - DAG(s) 'youtube_english_video_pipeline' retrieved from /opt/airflow/dags/youtube_pipeline.py
[2026-09-21T01:15:34.559+0000] {logging_mixin.py:188} INFO - [2026-09-21T01:15:34.559+0000] {dag.py:3089} INFO - Sync 1 DAGs
[2026-09-21T01:15:34.612+0000] {processor.py:183} INFO - Processing /opt/airflow/dags/youtube_pipeline.py took 0.205 seconds
[2026-09-21T01:16:04.909+0000] {processor.py:161} INFO - Started process (PID=10146) to work on /opt/airflow/dags/youtube_pipeline.py
[2026-09-21T01:16:04.912+0000] {processor.py:830} INFO - Processing file /opt/airflow/dags/youtube_pipeline.py for tasks to queue
[2026-09-21T01:16:04.914+0000] {logging_mixin.py:188} INFO - [2026-09-21T01:16:04.914+0000] {dagbag.py:545} INFO - Filling up the DagBag from /opt/airflow/dags/youtube_pipeline.py
[2026-09-21T01:16:04.972+0000] {processor.py:840} INFO - DAG(s) 'youtube_english_video_pipeline' retrieved from /opt/airflow/dags/youtube_pipeline.py
[2026-09-21T01:16:05.074+0000] {logging_mixin.py:188} INFO - [2026-09-21T01:16:05.074+0000] {dag.py:3089} INFO - Sync 1 DAGs
[2026-09-21T01:16:05.150+0000] {processor.py:183} INFO - Processing /opt/airflow/dags/youtube_pipeline.py took 0.255 seconds
[2026-09-21T01:16:35.430+0000] {processor.py:161} INFO - Started process (PID=10151) to work on /opt/airflow/dags/youtube_pipeline.py
[2026-09-21T01:16:35.432+0000] {processor.py:830} INFO - Processing file /opt/airflow/dags/youtube_pipeline.py for tasks to queue
[2026-09-21T01:16:35.434+0000] {logging_mixin.py:188} INFO - [2026-09-21T01:16:35.434+0000] {dagbag.py:545} INFO - Filling up the DagBag from /opt/airflow/dags/youtube_pipeline.py
[2026-09-21T01:16:35.469+0000] {processor.py:840} INFO - DAG(s) 'youtube_english_video_pipeline' retrieved from /opt/airflow/dags/youtube_pipeline.py
[2026-09-21T01:16:35.521+0000] {logging_mixin.py:188} INFO - [2026-09-21T01:16:35.521+0000] {dag.py:3089} INFO - Sync 1 DAGs
[2026-09-21T01:16:35.563+0000] {processor.py:183} INFO - Processing /opt/airflow/dags/youtube_pipeline.py took 0.144 seconds
[2026-09-21T01:17:05.676+0000] {processor.py:161} INFO - Started process (PID=10156) to work on /opt/airflow/dags/youtube_pipeline.py
[2026-09-21T01:17:05.677+0000] {processor.py:830} INFO - Processing file /opt/airflow/dags/youtube_pipeline.py for tasks to queue
[2026-09-21T01:17:05.680+0000] {logging_mixin.py:188} INFO - [2026-09-21T01:17:05.680+0000] {dagbag.py:545} INFO - Filling up the DagBag from /opt/airflow/dags/youtube_pipeline.py
[2026-09-21T01:17:05.729+0000] {processor.py:840} INFO - DAG(s) 'youtube_english_video_pipeline' retrieved from /opt/airflow/dags/youtube_pipeline.py
[2026-09-21T01:17:05.773+0000] {logging_mixin.py:188} INFO - [2026-09-21T01:17:05.773+0000] {dag.py:3089} INFO - Sync 1 DAGs
[2026-09-21T01:17:05.818+0000] {processor.py:183} INFO - Processing /opt/airflow/dags/youtube_pipeline.py took 0.153 seconds
[2026-09-21T01:17:35.908+0000] {processor.py:161} INFO - Started process (PID=10161) to work on /opt/airflow/dags/youtube_pipeline.py
[2026-09-21T01:17:35.910+0000] {processor.py:830} INFO - Processing file /opt/airflow/dags/youtube_pipeline.py for tasks to queue
[2026-09-21T01:17:35.913+0000] {logging_mixin.py:188} INFO - [2026-09-21T01:17:35.912+0000] {dagbag.py:545} INFO - Filling up the DagBag from /opt/airflow/dags/youtube_pipeline.py
[2026-09-21T01:17:35.952+0000] {processor.py:840} INFO - DAG(s) 'youtube_english_video_pipeline' retrieved from /opt/airflow/dags/youtube_pipeline.py
[2026-09-21T01:17:36.014+0000] {logging_mixin.py:188} INFO - [2026-09-21T01:17:36.013+0000] {dag.py:3089} INFO - Sync 1 DAGs
[2026-09-21T01:17:36.065+0000] {processor.py:183} INFO - Processing /opt/airflow/dags/youtube_pipeline.py took 0.168 seconds
[2026-09-21T01:18:06.289+0000] {processor.py:161} INFO - Started process (PID=10166) to work on /opt/airflow/dags/youtube_pipeline.py
[2026-09-21T01:18:06.290+0000] {processor.py:830} INFO - Processing file /opt/airflow/dags/youtube_pipeline.py for tasks to queue
[2026-09-21T01:18:06.293+0000] {logging_mixin.py:188} INFO - [2026-09-21T01:18:06.293+0000] {dagbag.py:545} INFO - Filling up the DagBag from /opt/airflow/dags/youtube_pipeline.py
[2026-09-21T01:18:06.330+0000] {processor.py:840} INFO - DAG(s) 'youtube_english_video_pipeline' retrieved from /opt/airflow/dags/youtube_pipeline.py
[2026-09-21T01:18:06.377+0000] {logging_mixin.py:188} INFO - [2026-09-21T01:18:06.377+0000] {dag.py:3089} INFO - Sync 1 DAGs
[2026-09-21T01:18:06.423+0000] {processor.py:183} INFO - Processing /opt/airflow/dags/youtube_pipeline.py took 0.142 seconds
[2026-09-21T01:18:36.530+0000] {processor.py:161} INFO - Started process (PID=10171) to work on /opt/airflow/dags/youtube_pipeline.py
[2026-09-21T01:18:36.532+0000] {processor.py:830} INFO - Processing file /opt/airflow/dags/youtube_pipeline.py for tasks to queue
[2026-09-21T01:18:36.534+0000] {logging_mixin.py:188} INFO - [2026-09-21T01:18:36.533+0000] {dagbag.py:545} INFO - Filling up the DagBag from /opt/airflow/dags/youtube_pipeline.py
[2026-09-21T01:18:36.568+0000] {processor.py:840} INFO - DAG(s) 'youtube_english_video_pipeline' retrieved from /opt/airflow/dags/youtube_pipeline.py
[2026-09-21T01:18:36.614+0000] {logging_mixin.py:188} INFO - [2026-09-21T01:18:36.614+0000] {dag.py:3089} INFO - Sync 1 DAGs
[2026-09-21T01:18:36.660+0000] {processor.py:183} INFO - Processing /opt/airflow/dags/youtube_pipeline.py took 0.139 seconds
[2026-09-21T01:19:06.860+0000] {processor.py:161} INFO - Started process (PID=10176) to work on /opt/airflow/dags/youtube_pipeline.py
[2026-09-21T01:19:06.862+0000] {processor.py:830} INFO - Processing file /opt/airflow/dags/youtube_pipeline.py for tasks to queue
[2026-09-21T01:19:06.864+0000] {logging_mixin.py:188} INFO - [2026-09-21T01:19:06.864+0000] {dagbag.py:545} INFO - Filling up the DagBag from /opt/airflow/dags/youtube_pipeline.py
[2026-09-21T01:19:06.912+0000] {processor.py:840} INFO - DAG(s) 'youtube_english_video_pipeline' retrieved from /opt/airflow/dags/youtube_pipeline.py
[2026-09-21T01:19:06.965+0000] {logging_mixin.py:188} INFO - [2026-09-21T01:19:06.965+0000] {dag.py:3089} INFO - Sync 1 DAGs
[2026-09-21T01:19:07.003+0000] {processor.py:183} INFO - Processing /opt/airflow/dags/youtube_pipeline.py took 0.154 seconds
[2026-09-21T01:19:37.144+0000] {processor.py:161} INFO - Started process (PID=10181) to work on /opt/airflow/dags/youtube_pipeline.py
[2026-09-21T01:19:37.146+0000] {processor.py:830} INFO - Processing file /opt/airflow/dags/youtube_pipeline.py for tasks to queue
[2026-09-21T01:19:37.149+0000] {logging_mixin.py:188} INFO - [2026-09-21T01:19:37.148+0000] {dagbag.py:545} INFO - Filling up the DagBag from /opt/airflow/dags/youtube_pipeline.py
[2026-09-21T01:19:37.191+0000] {processor.py:840} INFO - DAG(s) 'youtube_english_video_pipeline' retrieved from /opt/airflow/dags/youtube_pipeline.py
[2026-09-21T01:19:37.255+0000] {logging_mixin.py:188} INFO - [2026-09-21T01:19:37.255+0000] {dag.py:3089} INFO - Sync 1 DAGs
[2026-09-21T01:19:37.303+0000] {processor.py:183} INFO - Processing /opt/airflow/dags/youtube_pipeline.py took 0.173 seconds
[2026-09-21T01:20:07.502+0000] {processor.py:161} INFO - Started process (PID=10186) to work on /opt/airflow/dags/youtube_pipeline.py
[2026-09-21T01:20:07.504+0000] {processor.py:830} INFO - Processing file /opt/airflow/dags/youtube_pipeline.py for tasks to queue
[2026-09-21T01:20:07.506+0000] {logging_mixin.py:188} INFO - [2026-09-21T01:20:07.506+0000] {dagbag.py:545} INFO - Filling up the DagBag from /opt/airflow/dags/youtube_pipeline.py
[2026-09-21T01:20:07.557+0000] {processor.py:840} INFO - DAG(s) 'youtube_english_video_pipeline' retrieved from /opt/airflow/dags/youtube_pipeline.py
[2026-09-21T01:20:07.602+0000] {logging_mixin.py:188} INFO - [2026-09-21T01:20:07.602+0000] {dag.py:3089} INFO - Sync 1 DAGs
[2026-09-21T01:20:07.642+0000] {processor.py:183} INFO - Processing /opt/airflow/dags/youtube_pipeline.py took 0.152 seconds
[2026-09-21T01:20:37.747+0000] {processor.py:161} INFO - Started process (PID=10191) to work on /opt/airflow/dags/youtube_pipeline.py
[2026-09-21T01:20:37.748+0000] {processor.py:830} INFO - Processing file /opt/airflow/dags/youtube_pipeline.py for tasks to queue
[2026-09-21T01:20:37.750+0000] {logging_mixin.py:188} INFO - [2026-09-21T01:20:37.750+0000] {dagbag.py:545} INFO - Filling up the DagBag from /opt/airflow/dags/youtube_pipeline.py
[2026-09-21T01:20:37.791+0000] {processor.py:840} INFO - DAG(s) 'youtube_english_video_pipeline' retrieved from /opt/airflow/dags/youtube_pipeline.py
[2026-09-21T01:20:37.839+0000] {logging_mixin.py:188} INFO - [2026-09-21T01:20:37.839+0000] {dag.py:3089} INFO - Sync 1 DAGs
[2026-09-21T01:20:37.890+0000] {processor.py:183} INFO - Processing /opt/airflow/dags/youtube_pipeline.py took 0.152 seconds
[2026-09-21T01:21:08.100+0000] {processor.py:161} INFO - Started process (PID=10196) to work on /opt/airflow/dags/youtube_pipeline.py
[2026-09-21T01:21:08.102+0000] {processor.py:830} INFO - Processing file /opt/airflow/dags/youtube_pipeline.py for tasks to queue
[2026-09-21T01:21:08.105+0000] {logging_mixin.py:188} INFO - [2026-09-21T01:21:08.105+0000] {dagbag.py:545} INFO - Filling up the DagBag from /opt/airflow/dags/youtube_pipeline.py
[2026-09-21T01:21:08.155+0000] {processor.py:840} INFO - DAG(s) 'youtube_english_video_pipeline' retrieved from /opt/airflow/dags/youtube_pipeline.py
[2026-09-21T01:21:08.215+0000] {logging_mixin.py:188} INFO - [2026-09-21T01:21:08.215+0000] {dag.py:3089} INFO - Sync 1 DAGs
[2026-09-21T01:21:08.269+0000] {processor.py:183} INFO - Processing /opt/airflow/dags/youtube_pipeline.py took 0.180 seconds
[2026-09-21T01:21:38.374+0000] {processor.py:161} INFO - Started process (PID=10201) to work on /opt/airflow/dags/youtube_pipeline.py
[2026-09-21T01:21:38.376+0000] {processor.py:830} INFO - Processing file /opt/airflow/dags/youtube_pipeline.py for tasks to queue
[2026-09-21T01:21:38.379+0000] {logging_mixin.py:188} INFO - [2026-09-21T01:21:38.378+0000] {dagbag.py:545} INFO - Filling up the DagBag from /opt/airflow/dags/youtube_pipeline.py
[2026-09-21T01:21:38.435+0000] {processor.py:840} INFO - DAG(s) 'youtube_english_video_pipeline' retrieved from /opt/airflow/dags/youtube_pipeline.py
[2026-09-21T01:21:38.479+0000] {logging_mixin.py:188} INFO - [2026-09-21T01:21:38.479+0000] {dag.py:3089} INFO - Sync 1 DAGs
[2026-09-21T01:21:38.518+0000] {processor.py:183} INFO - Processing /opt/airflow/dags/youtube_pipeline.py took 0.160 seconds
[2026-09-21T01:22:08.813+0000] {processor.py:161} INFO - Started process (PID=10206) to work on /opt/airflow/dags/youtube_pipeline.py
[2026-09-21T01:22:08.815+0000] {processor.py:830} INFO - Processing file /opt/airflow/dags/youtube_pipeline.py for tasks to queue
[2026-09-21T01:22:08.819+0000] {logging_mixin.py:188} INFO - [2026-09-21T01:22:08.818+0000] {dagbag.py:545} INFO - Filling up the DagBag from /opt/airflow/dags/youtube_pipeline.py
[2026-09-21T01:22:08.872+0000] {processor.py:840} INFO - DAG(s) 'youtube_english_video_pipeline' retrieved from /opt/airflow/dags/youtube_pipeline.py
[2026-09-21T01:22:08.928+0000] {logging_mixin.py:188} INFO - [2026-09-21T01:22:08.928+0000] {dag.py:3089} INFO - Sync 1 DAGs
[2026-09-21T01:22:08.975+0000] {processor.py:183} INFO - Processing /opt/airflow/dags/youtube_pipeline.py took 0.178 seconds
[2026-09-21T01:22:39.092+0000] {processor.py:161} INFO - Started process (PID=10211) to work on /opt/airflow/dags/youtube_pipeline.py
[2026-09-21T01:22:39.093+0000] {processor.py:830} INFO - Processing file /opt/airflow/dags/youtube_pipeline.py for tasks to queue
[2026-09-21T01:22:39.096+0000] {logging_mixin.py:188} INFO - [2026-09-21T01:22:39.096+0000] {dagbag.py:545} INFO - Filling up the DagBag from /opt/airflow/dags/youtube_pipeline.py
[2026-09-21T01:22:39.143+0000] {processor.py:840} INFO - DAG(s) 'youtube_english_video_pipeline' retrieved from /opt/airflow/dags/youtube_pipeline.py
[2026-09-21T01:22:39.186+0000] {logging_mixin.py:188} INFO - [2026-09-21T01:22:39.186+0000] {dag.py:3089} INFO - Sync 1 DAGs
[2026-09-21T01:22:39.234+0000] {processor.py:183} INFO - Processing /opt/airflow/dags/youtube_pipeline.py took 0.154 seconds
[2026-09-21T01:23:09.485+0000] {processor.py:161} INFO - Started process (PID=10216) to work on /opt/airflow/dags/youtube_pipeline.py
[2026-09-21T01:23:09.487+0000] {processor.py:830} INFO - Processing file /opt/airflow/dags/youtube_pipeline.py for tasks to queue
[2026-09-21T01:23:09.489+0000] {logging_mixin.py:188} INFO - [2026-09-21T01:23:09.489+0000] {dagbag.py:545} INFO - Filling up the DagBag from /opt/airflow/dags/youtube_pipeline.py
[2026-09-21T01:23:09.537+0000] {processor.py:840} INFO - DAG(s) 'youtube_english_video_pipeline' retrieved from /opt/airflow/dags/youtube_pipeline.py
[2026-09-21T01:23:09.583+0000] {logging_mixin.py:188} INFO - [2026-09-21T01:23:09.583+0000] {dag.py:3089} INFO - Sync 1 DAGs
[2026-09-21T01:23:09.634+0000] {processor.py:183} INFO - Processing /opt/airflow/dags/youtube_pipeline.py took 0.161 seconds
[2026-09-21T01:23:39.730+0000] {processor.py:161} INFO - Started process (PID=10221) to work on /opt/airflow/dags/youtube_pipeline.py
[2026-09-21T01:23:39.732+0000] {processor.py:830} INFO - Processing file /opt/airflow/dags/youtube_pipeline.py for tasks to queue
[2026-09-21T01:23:39.735+0000] {logging_mixin.py:188} INFO - [2026-09-21T01:23:39.734+0000] {dagbag.py:545} INFO - Filling up the DagBag from /opt/airflow/dags/youtube_pipeline.py
[2026-09-21T01:23:39.784+0000] {processor.py:840} INFO - DAG(s) 'youtube_english_video_pipeline' retrieved from /opt/airflow/dags/youtube_pipeline.py
[2026-09-21T01:23:39.832+0000] {logging_mixin.py:188} INFO - [2026-09-21T01:23:39.832+0000] {dag.py:3089} INFO - Sync 1 DAGs
[2026-09-21T01:23:39.867+0000] {processor.py:183} INFO - Processing /opt/airflow/dags/youtube_pipeline.py took 0.149 seconds
[2026-09-21T01:24:10.127+0000] {processor.py:161} INFO - Started process (PID=10226) to work on /opt/airflow/dags/youtube_pipeline.py
[2026-09-21T01:24:10.129+0000] {processor.py:830} INFO - Processing file /opt/airflow/dags/youtube_pipeline.py for tasks to queue
[2026-09-21T01:24:10.133+0000] {logging_mixin.py:188} INFO - [2026-09-21T01:24:10.132+0000] {dagbag.py:545} INFO - Filling up the DagBag from /opt/airflow/dags/youtube_pipeline.py
[2026-09-21T01:24:10.185+0000] {processor.py:840} INFO - DAG(s) 'youtube_english_video_pipeline' retrieved from /opt/airflow/dags/youtube_pipeline.py
[2026-09-21T01:24:10.233+0000] {logging_mixin.py:188} INFO - [2026-09-21T01:24:10.232+0000] {dag.py:3089} INFO - Sync 1 DAGs
[2026-09-21T01:24:10.289+0000] {processor.py:183} INFO - Processing /opt/airflow/dags/youtube_pipeline.py took 0.176 seconds
[2026-09-21T01:24:40.406+0000] {processor.py:161} INFO - Started process (PID=10231) to work on /opt/airflow/dags/youtube_pipeline.py
[2026-09-21T01:24:40.407+0000] {processor.py:830} INFO - Processing file /opt/airflow/dags/youtube_pipeline.py for tasks to queue
[2026-09-21T01:24:40.409+0000] {logging_mixin.py:188} INFO - [2026-09-21T01:24:40.409+0000] {dagbag.py:545} INFO - Filling up the DagBag from /opt/airflow/dags/youtube_pipeline.py
[2026-09-21T01:24:40.453+0000] {processor.py:840} INFO - DAG(s) 'youtube_english_video_pipeline' retrieved from /opt/airflow/dags/youtube_pipeline.py
[2026-09-21T01:24:40.503+0000] {logging_mixin.py:188} INFO - [2026-09-21T01:24:40.503+0000] {dag.py:3089} INFO - Sync 1 DAGs
[2026-09-21T01:24:40.550+0000] {processor.py:183} INFO - Processing /opt/airflow/dags/youtube_pipeline.py took 0.156 seconds
[2026-09-21T01:25:10.783+0000] {processor.py:161} INFO - Started process (PID=10236) to work on /opt/airflow/dags/youtube_pipeline.py
[2026-09-21T01:25:10.784+0000] {processor.py:830} INFO - Processing file /opt/airflow/dags/youtube_pipeline.py for tasks to queue
[2026-09-21T01:25:10.787+0000] {logging_mixin.py:188} INFO - [2026-09-21T01:25:10.786+0000] {dagbag.py:545} INFO - Filling up the DagBag from /opt/airflow/dags/youtube_pipeline.py
[2026-09-21T01:25:10.844+0000] {processor.py:840} INFO - DAG(s) 'youtube_english_video_pipeline' retrieved from /opt/airflow/dags/youtube_pipeline.py
[2026-09-21T01:25:10.900+0000] {logging_mixin.py:188} INFO - [2026-09-21T01:25:10.900+0000] {dag.py:3089} INFO - Sync 1 DAGs
[2026-09-21T01:25:10.942+0000] {processor.py:183} INFO - Processing /opt/airflow/dags/youtube_pipeline.py took 0.171 seconds
[2026-09-21T01:25:41.169+0000] {processor.py:161} INFO - Started process (PID=10241) to work on /opt/airflow/dags/youtube_pipeline.py
[2026-09-21T01:25:41.170+0000] {processor.py:830} INFO - Processing file /opt/airflow/dags/youtube_pipeline.py for tasks to queue
[2026-09-21T01:25:41.172+0000] {logging_mixin.py:188} INFO - [2026-09-21T01:25:41.172+0000] {dagbag.py:545} INFO - Filling up the DagBag from /opt/airflow/dags/youtube_pipeline.py
[2026-09-21T01:25:41.207+0000] {processor.py:840} INFO - DAG(s) 'youtube_english_video_pipeline' retrieved from /opt/airflow/dags/youtube_pipeline.py
[2026-09-21T01:25:41.254+0000] {logging_mixin.py:188} INFO - [2026-09-21T01:25:41.253+0000] {dag.py:3089} INFO - Sync 1 DAGs
[2026-09-21T01:25:41.300+0000] {processor.py:183} INFO - Processing /opt/airflow/dags/youtube_pipeline.py took 0.141 seconds
[2026-09-21T01:26:11.392+0000] {processor.py:161} INFO - Started process (PID=10246) to work on /opt/airflow/dags/youtube_pipeline.py
[2026-09-21T01:26:11.393+0000] {processor.py:830} INFO - Processing file /opt/airflow/dags/youtube_pipeline.py for tasks to queue
[2026-09-21T01:26:11.396+0000] {logging_mixin.py:188} INFO - [2026-09-21T01:26:11.396+0000] {dagbag.py:545} INFO - Filling up the DagBag from /opt/airflow/dags/youtube_pipeline.py
[2026-09-21T01:26:11.433+0000] {processor.py:840} INFO - DAG(s) 'youtube_english_video_pipeline' retrieved from /opt/airflow/dags/youtube_pipeline.py
[2026-09-21T01:26:11.485+0000] {logging_mixin.py:188} INFO - [2026-09-21T01:26:11.485+0000] {dag.py:3089} INFO - Sync 1 DAGs
[2026-09-21T01:26:11.527+0000] {processor.py:183} INFO - Processing /opt/airflow/dags/youtube_pipeline.py took 0.146 seconds
[2026-09-21T01:26:41.896+0000] {processor.py:161} INFO - Started process (PID=10251) to work on /opt/airflow/dags/youtube_pipeline.py
[2026-09-21T01:26:41.898+0000] {processor.py:830} INFO - Processing file /opt/airflow/dags/youtube_pipeline.py for tasks to queue
[2026-09-21T01:26:41.902+0000] {logging_mixin.py:188} INFO - [2026-09-21T01:26:41.902+0000] {dagbag.py:545} INFO - Filling up the DagBag from /opt/airflow/dags/youtube_pipeline.py
[2026-09-21T01:26:42.074+0000] {processor.py:840} INFO - DAG(s) 'youtube_english_video_pipeline' retrieved from /opt/airflow/dags/youtube_pipeline.py
[2026-09-21T01:26:42.126+0000] {logging_mixin.py:188} INFO - [2026-09-21T01:26:42.126+0000] {dag.py:3089} INFO - Sync 1 DAGs
[2026-09-21T01:26:42.177+0000] {processor.py:183} INFO - Processing /opt/airflow/dags/youtube_pipeline.py took 0.306 seconds
[2026-09-21T01:27:12.447+0000] {processor.py:161} INFO - Started process (PID=10256) to work on /opt/airflow/dags/youtube_pipeline.py
[2026-09-21T01:27:12.448+0000] {processor.py:830} INFO - Processing file /opt/airflow/dags/youtube_pipeline.py for tasks to queue
[2026-09-21T01:27:12.451+0000] {logging_mixin.py:188} INFO - [2026-09-21T01:27:12.451+0000] {dagbag.py:545} INFO - Filling up the DagBag from /opt/airflow/dags/youtube_pipeline.py
[2026-09-21T01:27:12.505+0000] {processor.py:840} INFO - DAG(s) 'youtube_english_video_pipeline' retrieved from /opt/airflow/dags/youtube_pipeline.py
[2026-09-21T01:27:12.570+0000] {logging_mixin.py:188} INFO - [2026-09-21T01:27:12.570+0000] {dag.py:3089} INFO - Sync 1 DAGs
[2026-09-21T01:27:12.620+0000] {processor.py:183} INFO - Processing /opt/airflow/dags/youtube_pipeline.py took 0.183 seconds
[2026-09-21T01:27:42.866+0000] {processor.py:161} INFO - Started process (PID=10261) to work on /opt/airflow/dags/youtube_pipeline.py
[2026-09-21T01:27:42.868+0000] {processor.py:830} INFO - Processing file /opt/airflow/dags/youtube_pipeline.py for tasks to queue
[2026-09-21T01:27:42.870+0000] {logging_mixin.py:188} INFO - [2026-09-21T01:27:42.870+0000] {dagbag.py:545} INFO - Filling up the DagBag from /opt/airflow/dags/youtube_pipeline.py
[2026-09-21T01:27:42.917+0000] {processor.py:840} INFO - DAG(s) 'youtube_english_video_pipeline' retrieved from /opt/airflow/dags/youtube_pipeline.py
[2026-09-21T01:27:42.968+0000] {logging_mixin.py:188} INFO - [2026-09-21T01:27:42.968+0000] {dag.py:3089} INFO - Sync 1 DAGs
[2026-09-21T01:27:43.025+0000] {processor.py:183} INFO - Processing /opt/airflow/dags/youtube_pipeline.py took 0.170 seconds
[2026-09-21T01:28:13.137+0000] {processor.py:161} INFO - Started process (PID=10266) to work on /opt/airflow/dags/youtube_pipeline.py
[2026-09-21T01:28:13.138+0000] {processor.py:830} INFO - Processing file /opt/airflow/dags/youtube_pipeline.py for tasks to queue
[2026-09-21T01:28:13.141+0000] {logging_mixin.py:188} INFO - [2026-09-21T01:28:13.140+0000] {dagbag.py:545} INFO - Filling up the DagBag from /opt/airflow/dags/youtube_pipeline.py
[2026-09-21T01:28:13.185+0000] {processor.py:840} INFO - DAG(s) 'youtube_english_video_pipeline' retrieved from /opt/airflow/dags/youtube_pipeline.py
[2026-09-21T01:28:13.230+0000] {logging_mixin.py:188} INFO - [2026-09-21T01:28:13.229+0000] {dag.py:3089} INFO - Sync 1 DAGs
[2026-09-21T01:28:13.275+0000] {processor.py:183} INFO - Processing /opt/airflow/dags/youtube_pipeline.py took 0.150 seconds
[2026-09-21T01:28:43.510+0000] {processor.py:161} INFO - Started process (PID=10271) to work on /opt/airflow/dags/youtube_pipeline.py
[2026-09-21T01:28:43.512+0000] {processor.py:830} INFO - Processing file /opt/airflow/dags/youtube_pipeline.py for tasks to queue
[2026-09-21T01:28:43.514+0000] {logging_mixin.py:188} INFO - [2026-09-21T01:28:43.513+0000] {dagbag.py:545} INFO - Filling up the DagBag from /opt/airflow/dags/youtube_pipeline.py
[2026-09-21T01:28:43.544+0000] {processor.py:840} INFO - DAG(s) 'youtube_english_video_pipeline' retrieved from /opt/airflow/dags/youtube_pipeline.py
[2026-09-21T01:28:43.594+0000] {logging_mixin.py:188} INFO - [2026-09-21T01:28:43.593+0000] {dag.py:3089} INFO - Sync 1 DAGs
[2026-09-21T01:28:43.650+0000] {processor.py:183} INFO - Processing /opt/airflow/dags/youtube_pipeline.py took 0.147 seconds
[2026-09-21T01:29:13.800+0000] {processor.py:161} INFO - Started process (PID=10276) to work on /opt/airflow/dags/youtube_pipeline.py
[2026-09-21T01:29:13.802+0000] {processor.py:830} INFO - Processing file /opt/airflow/dags/youtube_pipeline.py for tasks to queue
[2026-09-21T01:29:13.804+0000] {logging_mixin.py:188} INFO - [2026-09-21T01:29:13.804+0000] {dagbag.py:545} INFO - Filling up the DagBag from /opt/airflow/dags/youtube_pipeline.py
[2026-09-21T01:29:13.845+0000] {processor.py:840} INFO - DAG(s) 'youtube_english_video_pipeline' retrieved from /opt/airflow/dags/youtube_pipeline.py
[2026-09-21T01:29:13.894+0000] {logging_mixin.py:188} INFO - [2026-09-21T01:29:13.893+0000] {dag.py:3089} INFO - Sync 1 DAGs
[2026-09-21T01:29:13.929+0000] {processor.py:183} INFO - Processing /opt/airflow/dags/youtube_pipeline.py took 0.140 seconds
[2026-09-21T01:29:44.116+0000] {processor.py:161} INFO - Started process (PID=10281) to work on /opt/airflow/dags/youtube_pipeline.py
[2026-09-21T01:29:44.117+0000] {processor.py:830} INFO - Processing file /opt/airflow/dags/youtube_pipeline.py for tasks to queue
[2026-09-21T01:29:44.120+0000] {logging_mixin.py:188} INFO - [2026-09-21T01:29:44.119+0000] {dagbag.py:545} INFO - Filling up the DagBag from /opt/airflow/dags/youtube_pipeline.py
[2026-09-21T01:29:44.155+0000] {processor.py:840} INFO - DAG(s) 'youtube_english_video_pipeline' retrieved from /opt/airflow/dags/youtube_pipeline.py
[2026-09-21T01:29:44.213+0000] {logging_mixin.py:188} INFO - [2026-09-21T01:29:44.213+0000] {dag.py:3089} INFO - Sync 1 DAGs
[2026-09-21T01:29:44.254+0000] {processor.py:183} INFO - Processing /opt/airflow/dags/youtube_pipeline.py took 0.149 seconds
[2026-09-21T01:30:14.434+0000] {processor.py:161} INFO - Started process (PID=10286) to work on /opt/airflow/dags/youtube_pipeline.py
[2026-09-21T01:30:14.437+0000] {processor.py:830} INFO - Processing file /opt/airflow/dags/youtube_pipeline.py for tasks to queue
[2026-09-21T01:30:14.440+0000] {logging_mixin.py:188} INFO - [2026-09-21T01:30:14.440+0000] {dagbag.py:545} INFO - Filling up the DagBag from /opt/airflow/dags/youtube_pipeline.py
[2026-09-21T01:30:14.485+0000] {processor.py:840} INFO - DAG(s) 'youtube_english_video_pipeline' retrieved from /opt/airflow/dags/youtube_pipeline.py
[2026-09-21T01:30:14.537+0000] {logging_mixin.py:188} INFO - [2026-09-21T01:30:14.536+0000] {dag.py:3089} INFO - Sync 1 DAGs
[2026-09-21T01:30:14.581+0000] {processor.py:183} INFO - Processing /opt/airflow/dags/youtube_pipeline.py took 0.159 seconds
[2026-09-21T01:30:44.809+0000] {processor.py:161} INFO - Started process (PID=10291) to work on /opt/airflow/dags/youtube_pipeline.py
[2026-09-21T01:30:44.811+0000] {processor.py:830} INFO - Processing file /opt/airflow/dags/youtube_pipeline.py for tasks to queue
[2026-09-21T01:30:44.815+0000] {logging_mixin.py:188} INFO - [2026-09-21T01:30:44.815+0000] {dagbag.py:545} INFO - Filling up the DagBag from /opt/airflow/dags/youtube_pipeline.py
[2026-09-21T01:30:44.898+0000] {processor.py:840} INFO - DAG(s) 'youtube_english_video_pipeline' retrieved from /opt/airflow/dags/youtube_pipeline.py
[2026-09-21T01:30:44.956+0000] {logging_mixin.py:188} INFO - [2026-09-21T01:30:44.956+0000] {dag.py:3089} INFO - Sync 1 DAGs
[2026-09-21T01:30:45.013+0000] {processor.py:183} INFO - Processing /opt/airflow/dags/youtube_pipeline.py took 0.220 seconds
[2026-09-21T01:31:15.287+0000] {processor.py:161} INFO - Started process (PID=10296) to work on /opt/airflow/dags/youtube_pipeline.py
[2026-09-21T01:31:15.289+0000] {processor.py:830} INFO - Processing file /opt/airflow/dags/youtube_pipeline.py for tasks to queue
[2026-09-21T01:31:15.291+0000] {logging_mixin.py:188} INFO - [2026-09-21T01:31:15.291+0000] {dagbag.py:545} INFO - Filling up the DagBag from /opt/airflow/dags/youtube_pipeline.py
[2026-09-21T01:31:15.340+0000] {processor.py:840} INFO - DAG(s) 'youtube_english_video_pipeline' retrieved from /opt/airflow/dags/youtube_pipeline.py
[2026-09-21T01:31:15.391+0000] {logging_mixin.py:188} INFO - [2026-09-21T01:31:15.390+0000] {dag.py:3089} INFO - Sync 1 DAGs
[2026-09-21T01:31:15.432+0000] {processor.py:183} INFO - Processing /opt/airflow/dags/youtube_pipeline.py took 0.156 seconds
[2026-09-21T01:31:45.523+0000] {processor.py:161} INFO - Started process (PID=10301) to work on /opt/airflow/dags/youtube_pipeline.py
[2026-09-21T01:31:45.525+0000] {processor.py:830} INFO - Processing file /opt/airflow/dags/youtube_pipeline.py for tasks to queue
[2026-09-21T01:31:45.527+0000] {logging_mixin.py:188} INFO - [2026-09-21T01:31:45.527+0000] {dagbag.py:545} INFO - Filling up the DagBag from /opt/airflow/dags/youtube_pipeline.py
[2026-09-21T01:31:45.573+0000] {processor.py:840} INFO - DAG(s) 'youtube_english_video_pipeline' retrieved from /opt/airflow/dags/youtube_pipeline.py
[2026-09-21T01:31:45.623+0000] {logging_mixin.py:188} INFO - [2026-09-21T01:31:45.622+0000] {dag.py:3089} INFO - Sync 1 DAGs
[2026-09-21T01:31:45.673+0000] {processor.py:183} INFO - Processing /opt/airflow/dags/youtube_pipeline.py took 0.162 seconds
[2026-09-21T01:32:16.042+0000] {processor.py:161} INFO - Started process (PID=10306) to work on /opt/airflow/dags/youtube_pipeline.py
[2026-09-21T01:32:16.044+0000] {processor.py:830} INFO - Processing file /opt/airflow/dags/youtube_pipeline.py for tasks to queue
[2026-09-21T01:32:16.046+0000] {logging_mixin.py:188} INFO - [2026-09-21T01:32:16.046+0000] {dagbag.py:545} INFO - Filling up the DagBag from /opt/airflow/dags/youtube_pipeline.py
[2026-09-21T01:32:16.094+0000] {processor.py:840} INFO - DAG(s) 'youtube_english_video_pipeline' retrieved from /opt/airflow/dags/youtube_pipeline.py
[2026-09-21T01:32:16.149+0000] {logging_mixin.py:188} INFO - [2026-09-21T01:32:16.149+0000] {dag.py:3089} INFO - Sync 1 DAGs
[2026-09-21T01:32:16.201+0000] {processor.py:183} INFO - Processing /opt/airflow/dags/youtube_pipeline.py took 0.176 seconds
[2026-09-21T01:32:46.375+0000] {processor.py:161} INFO - Started process (PID=10311) to work on /opt/airflow/dags/youtube_pipeline.py
[2026-09-21T01:32:46.377+0000] {processor.py:830} INFO - Processing file /opt/airflow/dags/youtube_pipeline.py for tasks to queue
[2026-09-21T01:32:46.379+0000] {logging_mixin.py:188} INFO - [2026-09-21T01:32:46.379+0000] {dagbag.py:545} INFO - Filling up the DagBag from /opt/airflow/dags/youtube_pipeline.py
[2026-09-21T01:32:46.418+0000] {processor.py:840} INFO - DAG(s) 'youtube_english_video_pipeline' retrieved from /opt/airflow/dags/youtube_pipeline.py
[2026-09-21T01:32:46.470+0000] {logging_mixin.py:188} INFO - [2026-09-21T01:32:46.470+0000] {dag.py:3089} INFO - Sync 1 DAGs
[2026-09-21T01:32:46.512+0000] {processor.py:183} INFO - Processing /opt/airflow/dags/youtube_pipeline.py took 0.150 seconds
[2026-09-21T01:33:16.624+0000] {processor.py:161} INFO - Started process (PID=10316) to work on /opt/airflow/dags/youtube_pipeline.py
[2026-09-21T01:33:16.626+0000] {processor.py:830} INFO - Processing file /opt/airflow/dags/youtube_pipeline.py for tasks to queue
[2026-09-21T01:33:16.628+0000] {logging_mixin.py:188} INFO - [2026-09-21T01:33:16.628+0000] {dagbag.py:545} INFO - Filling up the DagBag from /opt/airflow/dags/youtube_pipeline.py
[2026-09-21T01:33:16.683+0000] {processor.py:840} INFO - DAG(s) 'youtube_english_video_pipeline' retrieved from /opt/airflow/dags/youtube_pipeline.py
[2026-09-21T01:33:16.740+0000] {logging_mixin.py:188} INFO - [2026-09-21T01:33:16.739+0000] {dag.py:3089} INFO - Sync 1 DAGs
[2026-09-21T01:33:16.786+0000] {processor.py:183} INFO - Processing /opt/airflow/dags/youtube_pipeline.py took 0.174 seconds
[2026-09-21T01:33:47.109+0000] {processor.py:161} INFO - Started process (PID=10321) to work on /opt/airflow/dags/youtube_pipeline.py
[2026-09-21T01:33:47.115+0000] {processor.py:830} INFO - Processing file /opt/airflow/dags/youtube_pipeline.py for tasks to queue
[2026-09-21T01:33:47.117+0000] {logging_mixin.py:188} INFO - [2026-09-21T01:33:47.117+0000] {dagbag.py:545} INFO - Filling up the DagBag from /opt/airflow/dags/youtube_pipeline.py
[2026-09-21T01:33:47.213+0000] {processor.py:840} INFO - DAG(s) 'youtube_english_video_pipeline' retrieved from /opt/airflow/dags/youtube_pipeline.py
[2026-09-21T01:33:47.278+0000] {logging_mixin.py:188} INFO - [2026-09-21T01:33:47.278+0000] {dag.py:3089} INFO - Sync 1 DAGs
[2026-09-21T01:33:47.336+0000] {processor.py:183} INFO - Processing /opt/airflow/dags/youtube_pipeline.py took 0.251 seconds
[2026-09-21T01:34:17.667+0000] {processor.py:161} INFO - Started process (PID=10326) to work on /opt/airflow/dags/youtube_pipeline.py
[2026-09-21T01:34:17.668+0000] {processor.py:830} INFO - Processing file /opt/airflow/dags/youtube_pipeline.py for tasks to queue
[2026-09-21T01:34:17.670+0000] {logging_mixin.py:188} INFO - [2026-09-21T01:34:17.670+0000] {dagbag.py:545} INFO - Filling up the DagBag from /opt/airflow/dags/youtube_pipeline.py
[2026-09-21T01:34:17.717+0000] {processor.py:840} INFO - DAG(s) 'youtube_english_video_pipeline' retrieved from /opt/airflow/dags/youtube_pipeline.py
[2026-09-21T01:34:17.764+0000] {logging_mixin.py:188} INFO - [2026-09-21T01:34:17.763+0000] {dag.py:3089} INFO - Sync 1 DAGs
[2026-09-21T01:34:17.802+0000] {processor.py:183} INFO - Processing /opt/airflow/dags/youtube_pipeline.py took 0.147 seconds
[2026-09-21T01:34:47.945+0000] {processor.py:161} INFO - Started process (PID=10331) to work on /opt/airflow/dags/youtube_pipeline.py
[2026-09-21T01:34:47.947+0000] {processor.py:830} INFO - Processing file /opt/airflow/dags/youtube_pipeline.py for tasks to queue
[2026-09-21T01:34:47.950+0000] {logging_mixin.py:188} INFO - [2026-09-21T01:34:47.949+0000] {dagbag.py:545} INFO - Filling up the DagBag from /opt/airflow/dags/youtube_pipeline.py
[2026-09-21T01:34:48.005+0000] {processor.py:840} INFO - DAG(s) 'youtube_english_video_pipeline' retrieved from /opt/airflow/dags/youtube_pipeline.py
[2026-09-21T01:34:48.060+0000] {logging_mixin.py:188} INFO - [2026-09-21T01:34:48.059+0000] {dag.py:3089} INFO - Sync 1 DAGs
[2026-09-21T01:34:48.098+0000] {processor.py:183} INFO - Processing /opt/airflow/dags/youtube_pipeline.py took 0.168 seconds
[2026-09-21T01:35:18.291+0000] {processor.py:161} INFO - Started process (PID=10336) to work on /opt/airflow/dags/youtube_pipeline.py
[2026-09-21T01:35:18.293+0000] {processor.py:830} INFO - Processing file /opt/airflow/dags/youtube_pipeline.py for tasks to queue
[2026-09-21T01:35:18.295+0000] {logging_mixin.py:188} INFO - [2026-09-21T01:35:18.294+0000] {dagbag.py:545} INFO - Filling up the DagBag from /opt/airflow/dags/youtube_pipeline.py
[2026-09-21T01:35:18.344+0000] {processor.py:840} INFO - DAG(s) 'youtube_english_video_pipeline' retrieved from /opt/airflow/dags/youtube_pipeline.py
[2026-09-21T01:35:18.386+0000] {logging_mixin.py:188} INFO - [2026-09-21T01:35:18.386+0000] {dag.py:3089} INFO - Sync 1 DAGs
[2026-09-21T01:35:18.432+0000] {processor.py:183} INFO - Processing /opt/airflow/dags/youtube_pipeline.py took 0.152 seconds
[2026-09-21T01:35:48.733+0000] {processor.py:161} INFO - Started process (PID=10341) to work on /opt/airflow/dags/youtube_pipeline.py
[2026-09-21T01:35:48.736+0000] {processor.py:830} INFO - Processing file /opt/airflow/dags/youtube_pipeline.py for tasks to queue
[2026-09-21T01:35:48.739+0000] {logging_mixin.py:188} INFO - [2026-09-21T01:35:48.739+0000] {dagbag.py:545} INFO - Filling up the DagBag from /opt/airflow/dags/youtube_pipeline.py
[2026-09-21T01:35:48.806+0000] {processor.py:840} INFO - DAG(s) 'youtube_english_video_pipeline' retrieved from /opt/airflow/dags/youtube_pipeline.py
[2026-09-21T01:35:48.898+0000] {logging_mixin.py:188} INFO - [2026-09-21T01:35:48.898+0000] {dag.py:3089} INFO - Sync 1 DAGs
[2026-09-21T01:35:48.988+0000] {processor.py:183} INFO - Processing /opt/airflow/dags/youtube_pipeline.py took 0.281 seconds
[2026-09-21T01:36:19.294+0000] {processor.py:161} INFO - Started process (PID=10346) to work on /opt/airflow/dags/youtube_pipeline.py
[2026-09-21T01:36:19.296+0000] {processor.py:830} INFO - Processing file /opt/airflow/dags/youtube_pipeline.py for tasks to queue
[2026-09-21T01:36:19.299+0000] {logging_mixin.py:188} INFO - [2026-09-21T01:36:19.298+0000] {dagbag.py:545} INFO - Filling up the DagBag from /opt/airflow/dags/youtube_pipeline.py
[2026-09-21T01:36:19.349+0000] {processor.py:840} INFO - DAG(s) 'youtube_english_video_pipeline' retrieved from /opt/airflow/dags/youtube_pipeline.py
[2026-09-21T01:36:19.409+0000] {logging_mixin.py:188} INFO - [2026-09-21T01:36:19.409+0000] {dag.py:3089} INFO - Sync 1 DAGs
[2026-09-21T01:36:19.465+0000] {processor.py:183} INFO - Processing /opt/airflow/dags/youtube_pipeline.py took 0.183 seconds
[2026-09-21T01:36:49.563+0000] {processor.py:161} INFO - Started process (PID=10351) to work on /opt/airflow/dags/youtube_pipeline.py
[2026-09-21T01:36:49.565+0000] {processor.py:830} INFO - Processing file /opt/airflow/dags/youtube_pipeline.py for tasks to queue
[2026-09-21T01:36:49.568+0000] {logging_mixin.py:188} INFO - [2026-09-21T01:36:49.568+0000] {dagbag.py:545} INFO - Filling up the DagBag from /opt/airflow/dags/youtube_pipeline.py
[2026-09-21T01:36:49.634+0000] {processor.py:840} INFO - DAG(s) 'youtube_english_video_pipeline' retrieved from /opt/airflow/dags/youtube_pipeline.py
[2026-09-21T01:36:49.715+0000] {logging_mixin.py:188} INFO - [2026-09-21T01:36:49.714+0000] {dag.py:3089} INFO - Sync 1 DAGs
[2026-09-21T01:36:49.773+0000] {processor.py:183} INFO - Processing /opt/airflow/dags/youtube_pipeline.py took 0.224 seconds
[2026-09-21T01:37:20.099+0000] {processor.py:161} INFO - Started process (PID=10356) to work on /opt/airflow/dags/youtube_pipeline.py
[2026-09-21T01:37:20.101+0000] {processor.py:830} INFO - Processing file /opt/airflow/dags/youtube_pipeline.py for tasks to queue
[2026-09-21T01:37:20.104+0000] {logging_mixin.py:188} INFO - [2026-09-21T01:37:20.103+0000] {dagbag.py:545} INFO - Filling up the DagBag from /opt/airflow/dags/youtube_pipeline.py
[2026-09-21T01:37:20.167+0000] {processor.py:840} INFO - DAG(s) 'youtube_english_video_pipeline' retrieved from /opt/airflow/dags/youtube_pipeline.py
[2026-09-21T01:37:20.240+0000] {logging_mixin.py:188} INFO - [2026-09-21T01:37:20.240+0000] {dag.py:3089} INFO - Sync 1 DAGs
[2026-09-21T01:37:20.291+0000] {processor.py:183} INFO - Processing /opt/airflow/dags/youtube_pipeline.py took 0.203 seconds
[2026-09-21T01:37:50.596+0000] {processor.py:161} INFO - Started process (PID=10361) to work on /opt/airflow/dags/youtube_pipeline.py
[2026-09-21T01:37:50.598+0000] {processor.py:830} INFO - Processing file /opt/airflow/dags/youtube_pipeline.py for tasks to queue
[2026-09-21T01:37:50.602+0000] {logging_mixin.py:188} INFO - [2026-09-21T01:37:50.601+0000] {dagbag.py:545} INFO - Filling up the DagBag from /opt/airflow/dags/youtube_pipeline.py
[2026-09-21T01:37:50.681+0000] {processor.py:840} INFO - DAG(s) 'youtube_english_video_pipeline' retrieved from /opt/airflow/dags/youtube_pipeline.py
[2026-09-21T01:37:50.747+0000] {logging_mixin.py:188} INFO - [2026-09-21T01:37:50.747+0000] {dag.py:3089} INFO - Sync 1 DAGs
[2026-09-21T01:37:50.801+0000] {processor.py:183} INFO - Processing /opt/airflow/dags/youtube_pipeline.py took 0.223 seconds
[2026-09-21T01:38:21.093+0000] {processor.py:161} INFO - Started process (PID=10366) to work on /opt/airflow/dags/youtube_pipeline.py
[2026-09-21T01:38:21.094+0000] {processor.py:830} INFO - Processing file /opt/airflow/dags/youtube_pipeline.py for tasks to queue
[2026-09-21T01:38:21.098+0000] {logging_mixin.py:188} INFO - [2026-09-21T01:38:21.097+0000] {dagbag.py:545} INFO - Filling up the DagBag from /opt/airflow/dags/youtube_pipeline.py
[2026-09-21T01:38:21.152+0000] {processor.py:840} INFO - DAG(s) 'youtube_english_video_pipeline' retrieved from /opt/airflow/dags/youtube_pipeline.py
[2026-09-21T01:38:21.212+0000] {logging_mixin.py:188} INFO - [2026-09-21T01:38:21.211+0000] {dag.py:3089} INFO - Sync 1 DAGs
[2026-09-21T01:38:21.269+0000] {processor.py:183} INFO - Processing /opt/airflow/dags/youtube_pipeline.py took 0.190 seconds
[2026-09-21T01:38:51.368+0000] {processor.py:161} INFO - Started process (PID=10371) to work on /opt/airflow/dags/youtube_pipeline.py
[2026-09-21T01:38:51.370+0000] {processor.py:830} INFO - Processing file /opt/airflow/dags/youtube_pipeline.py for tasks to queue
[2026-09-21T01:38:51.375+0000] {logging_mixin.py:188} INFO - [2026-09-21T01:38:51.373+0000] {dagbag.py:545} INFO - Filling up the DagBag from /opt/airflow/dags/youtube_pipeline.py
[2026-09-21T01:38:51.443+0000] {processor.py:840} INFO - DAG(s) 'youtube_english_video_pipeline' retrieved from /opt/airflow/dags/youtube_pipeline.py
[2026-09-21T01:38:51.518+0000] {logging_mixin.py:188} INFO - [2026-09-21T01:38:51.518+0000] {dag.py:3089} INFO - Sync 1 DAGs
[2026-09-21T01:38:51.579+0000] {processor.py:183} INFO - Processing /opt/airflow/dags/youtube_pipeline.py took 0.229 seconds
[2026-09-21T01:39:21.846+0000] {processor.py:161} INFO - Started process (PID=10376) to work on /opt/airflow/dags/youtube_pipeline.py
[2026-09-21T01:39:21.848+0000] {processor.py:830} INFO - Processing file /opt/airflow/dags/youtube_pipeline.py for tasks to queue
[2026-09-21T01:39:21.852+0000] {logging_mixin.py:188} INFO - [2026-09-21T01:39:21.851+0000] {dagbag.py:545} INFO - Filling up the DagBag from /opt/airflow/dags/youtube_pipeline.py
[2026-09-21T01:39:21.919+0000] {processor.py:840} INFO - DAG(s) 'youtube_english_video_pipeline' retrieved from /opt/airflow/dags/youtube_pipeline.py
[2026-09-21T01:39:21.995+0000] {logging_mixin.py:188} INFO - [2026-09-21T01:39:21.995+0000] {dag.py:3089} INFO - Sync 1 DAGs
[2026-09-21T01:39:22.056+0000] {processor.py:183} INFO - Processing /opt/airflow/dags/youtube_pipeline.py took 0.228 seconds
[2026-09-21T01:39:52.361+0000] {processor.py:161} INFO - Started process (PID=10381) to work on /opt/airflow/dags/youtube_pipeline.py
[2026-09-21T01:39:52.363+0000] {processor.py:830} INFO - Processing file /opt/airflow/dags/youtube_pipeline.py for tasks to queue
[2026-09-21T01:39:52.366+0000] {logging_mixin.py:188} INFO - [2026-09-21T01:39:52.366+0000] {dagbag.py:545} INFO - Filling up the DagBag from /opt/airflow/dags/youtube_pipeline.py
[2026-09-21T01:39:52.422+0000] {processor.py:840} INFO - DAG(s) 'youtube_english_video_pipeline' retrieved from /opt/airflow/dags/youtube_pipeline.py
[2026-09-21T01:39:52.485+0000] {logging_mixin.py:188} INFO - [2026-09-21T01:39:52.485+0000] {dag.py:3089} INFO - Sync 1 DAGs
[2026-09-21T01:39:52.560+0000] {processor.py:183} INFO - Processing /opt/airflow/dags/youtube_pipeline.py took 0.216 seconds
[2026-09-21T01:40:22.906+0000] {processor.py:161} INFO - Started process (PID=10386) to work on /opt/airflow/dags/youtube_pipeline.py
[2026-09-21T01:40:22.909+0000] {processor.py:830} INFO - Processing file /opt/airflow/dags/youtube_pipeline.py for tasks to queue
[2026-09-21T01:40:22.914+0000] {logging_mixin.py:188} INFO - [2026-09-21T01:40:22.913+0000] {dagbag.py:545} INFO - Filling up the DagBag from /opt/airflow/dags/youtube_pipeline.py
[2026-09-21T01:40:22.978+0000] {processor.py:840} INFO - DAG(s) 'youtube_english_video_pipeline' retrieved from /opt/airflow/dags/youtube_pipeline.py
[2026-09-21T01:40:23.055+0000] {logging_mixin.py:188} INFO - [2026-09-21T01:40:23.054+0000] {dag.py:3089} INFO - Sync 1 DAGs
[2026-09-21T01:40:23.116+0000] {processor.py:183} INFO - Processing /opt/airflow/dags/youtube_pipeline.py took 0.233 seconds
[2026-09-21T01:40:53.248+0000] {processor.py:161} INFO - Started process (PID=10391) to work on /opt/airflow/dags/youtube_pipeline.py
[2026-09-21T01:40:53.251+0000] {processor.py:830} INFO - Processing file /opt/airflow/dags/youtube_pipeline.py for tasks to queue
[2026-09-21T01:40:53.254+0000] {logging_mixin.py:188} INFO - [2026-09-21T01:40:53.253+0000] {dagbag.py:545} INFO - Filling up the DagBag from /opt/airflow/dags/youtube_pipeline.py
[2026-09-21T01:40:53.326+0000] {processor.py:840} INFO - DAG(s) 'youtube_english_video_pipeline' retrieved from /opt/airflow/dags/youtube_pipeline.py
[2026-09-21T01:40:53.405+0000] {logging_mixin.py:188} INFO - [2026-09-21T01:40:53.404+0000] {dag.py:3089} INFO - Sync 1 DAGs
[2026-09-21T01:40:53.459+0000] {processor.py:183} INFO - Processing /opt/airflow/dags/youtube_pipeline.py took 0.231 seconds
[2026-09-21T01:41:23.708+0000] {processor.py:161} INFO - Started process (PID=10396) to work on /opt/airflow/dags/youtube_pipeline.py
[2026-09-21T01:41:23.710+0000] {processor.py:830} INFO - Processing file /opt/airflow/dags/youtube_pipeline.py for tasks to queue
[2026-09-21T01:41:23.715+0000] {logging_mixin.py:188} INFO - [2026-09-21T01:41:23.714+0000] {dagbag.py:545} INFO - Filling up the DagBag from /opt/airflow/dags/youtube_pipeline.py
[2026-09-21T01:41:23.794+0000] {processor.py:840} INFO - DAG(s) 'youtube_english_video_pipeline' retrieved from /opt/airflow/dags/youtube_pipeline.py
[2026-09-21T01:41:23.895+0000] {logging_mixin.py:188} INFO - [2026-09-21T01:41:23.895+0000] {dag.py:3089} INFO - Sync 1 DAGs
[2026-09-21T01:41:23.984+0000] {processor.py:183} INFO - Processing /opt/airflow/dags/youtube_pipeline.py took 0.296 seconds
[2026-09-21T01:41:54.381+0000] {processor.py:161} INFO - Started process (PID=10401) to work on /opt/airflow/dags/youtube_pipeline.py
[2026-09-21T01:41:54.383+0000] {processor.py:830} INFO - Processing file /opt/airflow/dags/youtube_pipeline.py for tasks to queue
[2026-09-21T01:41:54.396+0000] {logging_mixin.py:188} INFO - [2026-09-21T01:41:54.396+0000] {dagbag.py:545} INFO - Filling up the DagBag from /opt/airflow/dags/youtube_pipeline.py
[2026-09-21T01:41:54.458+0000] {processor.py:840} INFO - DAG(s) 'youtube_english_video_pipeline' retrieved from /opt/airflow/dags/youtube_pipeline.py
[2026-09-21T01:41:54.526+0000] {logging_mixin.py:188} INFO - [2026-09-21T01:41:54.526+0000] {dag.py:3089} INFO - Sync 1 DAGs
[2026-09-21T01:41:54.585+0000] {processor.py:183} INFO - Processing /opt/airflow/dags/youtube_pipeline.py took 0.221 seconds
[2026-09-21T01:42:24.743+0000] {processor.py:161} INFO - Started process (PID=10406) to work on /opt/airflow/dags/youtube_pipeline.py
[2026-09-21T01:42:24.745+0000] {processor.py:830} INFO - Processing file /opt/airflow/dags/youtube_pipeline.py for tasks to queue
[2026-09-21T01:42:24.749+0000] {logging_mixin.py:188} INFO - [2026-09-21T01:42:24.748+0000] {dagbag.py:545} INFO - Filling up the DagBag from /opt/airflow/dags/youtube_pipeline.py
[2026-09-21T01:42:24.816+0000] {processor.py:840} INFO - DAG(s) 'youtube_english_video_pipeline' retrieved from /opt/airflow/dags/youtube_pipeline.py
[2026-09-21T01:42:24.875+0000] {logging_mixin.py:188} INFO - [2026-09-21T01:42:24.875+0000] {dag.py:3089} INFO - Sync 1 DAGs
[2026-09-21T01:42:24.930+0000] {processor.py:183} INFO - Processing /opt/airflow/dags/youtube_pipeline.py took 0.201 seconds
[2026-09-21T01:42:55.136+0000] {processor.py:161} INFO - Started process (PID=10411) to work on /opt/airflow/dags/youtube_pipeline.py
[2026-09-21T01:42:55.138+0000] {processor.py:830} INFO - Processing file /opt/airflow/dags/youtube_pipeline.py for tasks to queue
[2026-09-21T01:42:55.140+0000] {logging_mixin.py:188} INFO - [2026-09-21T01:42:55.140+0000] {dagbag.py:545} INFO - Filling up the DagBag from /opt/airflow/dags/youtube_pipeline.py
[2026-09-21T01:42:55.188+0000] {processor.py:840} INFO - DAG(s) 'youtube_english_video_pipeline' retrieved from /opt/airflow/dags/youtube_pipeline.py
[2026-09-21T01:42:55.249+0000] {logging_mixin.py:188} INFO - [2026-09-21T01:42:55.249+0000] {dag.py:3089} INFO - Sync 1 DAGs
[2026-09-21T01:42:55.312+0000] {processor.py:183} INFO - Processing /opt/airflow/dags/youtube_pipeline.py took 0.189 seconds
[2026-09-21T01:43:25.558+0000] {processor.py:161} INFO - Started process (PID=10416) to work on /opt/airflow/dags/youtube_pipeline.py
[2026-09-21T01:43:25.560+0000] {processor.py:830} INFO - Processing file /opt/airflow/dags/youtube_pipeline.py for tasks to queue
[2026-09-21T01:43:25.564+0000] {logging_mixin.py:188} INFO - [2026-09-21T01:43:25.563+0000] {dagbag.py:545} INFO - Filling up the DagBag from /opt/airflow/dags/youtube_pipeline.py
[2026-09-21T01:43:25.639+0000] {processor.py:840} INFO - DAG(s) 'youtube_english_video_pipeline' retrieved from /opt/airflow/dags/youtube_pipeline.py
[2026-09-21T01:43:25.709+0000] {logging_mixin.py:188} INFO - [2026-09-21T01:43:25.709+0000] {dag.py:3089} INFO - Sync 1 DAGs
[2026-09-21T01:43:25.789+0000] {processor.py:183} INFO - Processing /opt/airflow/dags/youtube_pipeline.py took 0.250 seconds
[2026-09-21T01:43:55.955+0000] {processor.py:161} INFO - Started process (PID=10421) to work on /opt/airflow/dags/youtube_pipeline.py
[2026-09-21T01:43:55.958+0000] {processor.py:830} INFO - Processing file /opt/airflow/dags/youtube_pipeline.py for tasks to queue
[2026-09-21T01:43:55.962+0000] {logging_mixin.py:188} INFO - [2026-09-21T01:43:55.961+0000] {dagbag.py:545} INFO - Filling up the DagBag from /opt/airflow/dags/youtube_pipeline.py
[2026-09-21T01:43:56.036+0000] {processor.py:840} INFO - DAG(s) 'youtube_english_video_pipeline' retrieved from /opt/airflow/dags/youtube_pipeline.py
[2026-09-21T01:43:56.095+0000] {logging_mixin.py:188} INFO - [2026-09-21T01:43:56.095+0000] {dag.py:3089} INFO - Sync 1 DAGs
[2026-09-21T01:43:56.151+0000] {processor.py:183} INFO - Processing /opt/airflow/dags/youtube_pipeline.py took 0.213 seconds
[2026-09-21T01:44:26.411+0000] {processor.py:161} INFO - Started process (PID=10426) to work on /opt/airflow/dags/youtube_pipeline.py
[2026-09-21T01:44:26.413+0000] {processor.py:830} INFO - Processing file /opt/airflow/dags/youtube_pipeline.py for tasks to queue
[2026-09-21T01:44:26.416+0000] {logging_mixin.py:188} INFO - [2026-09-21T01:44:26.415+0000] {dagbag.py:545} INFO - Filling up the DagBag from /opt/airflow/dags/youtube_pipeline.py
[2026-09-21T01:44:26.467+0000] {processor.py:840} INFO - DAG(s) 'youtube_english_video_pipeline' retrieved from /opt/airflow/dags/youtube_pipeline.py
[2026-09-21T01:44:26.536+0000] {logging_mixin.py:188} INFO - [2026-09-21T01:44:26.535+0000] {dag.py:3089} INFO - Sync 1 DAGs
[2026-09-21T01:44:26.597+0000] {processor.py:183} INFO - Processing /opt/airflow/dags/youtube_pipeline.py took 0.205 seconds
[2026-09-21T01:44:56.792+0000] {processor.py:161} INFO - Started process (PID=10431) to work on /opt/airflow/dags/youtube_pipeline.py
[2026-09-21T01:44:56.794+0000] {processor.py:830} INFO - Processing file /opt/airflow/dags/youtube_pipeline.py for tasks to queue
[2026-09-21T01:44:56.797+0000] {logging_mixin.py:188} INFO - [2026-09-21T01:44:56.797+0000] {dagbag.py:545} INFO - Filling up the DagBag from /opt/airflow/dags/youtube_pipeline.py
[2026-09-21T01:44:56.868+0000] {processor.py:840} INFO - DAG(s) 'youtube_english_video_pipeline' retrieved from /opt/airflow/dags/youtube_pipeline.py
[2026-09-21T01:44:56.975+0000] {logging_mixin.py:188} INFO - [2026-09-21T01:44:56.974+0000] {dag.py:3089} INFO - Sync 1 DAGs
[2026-09-21T01:44:57.039+0000] {processor.py:183} INFO - Processing /opt/airflow/dags/youtube_pipeline.py took 0.264 seconds
[2026-09-21T01:45:27.240+0000] {processor.py:161} INFO - Started process (PID=10436) to work on /opt/airflow/dags/youtube_pipeline.py
[2026-09-21T01:45:27.242+0000] {processor.py:830} INFO - Processing file /opt/airflow/dags/youtube_pipeline.py for tasks to queue
[2026-09-21T01:45:27.245+0000] {logging_mixin.py:188} INFO - [2026-09-21T01:45:27.244+0000] {dagbag.py:545} INFO - Filling up the DagBag from /opt/airflow/dags/youtube_pipeline.py
[2026-09-21T01:45:27.305+0000] {processor.py:840} INFO - DAG(s) 'youtube_english_video_pipeline' retrieved from /opt/airflow/dags/youtube_pipeline.py
[2026-09-21T01:45:27.375+0000] {logging_mixin.py:188} INFO - [2026-09-21T01:45:27.375+0000] {dag.py:3089} INFO - Sync 1 DAGs
[2026-09-21T01:45:27.427+0000] {processor.py:183} INFO - Processing /opt/airflow/dags/youtube_pipeline.py took 0.202 seconds
[2026-09-21T01:45:57.649+0000] {processor.py:161} INFO - Started process (PID=10441) to work on /opt/airflow/dags/youtube_pipeline.py
[2026-09-21T01:45:57.651+0000] {processor.py:830} INFO - Processing file /opt/airflow/dags/youtube_pipeline.py for tasks to queue
[2026-09-21T01:45:57.655+0000] {logging_mixin.py:188} INFO - [2026-09-21T01:45:57.654+0000] {dagbag.py:545} INFO - Filling up the DagBag from /opt/airflow/dags/youtube_pipeline.py
[2026-09-21T01:45:57.729+0000] {processor.py:840} INFO - DAG(s) 'youtube_english_video_pipeline' retrieved from /opt/airflow/dags/youtube_pipeline.py
[2026-09-21T01:45:57.797+0000] {logging_mixin.py:188} INFO - [2026-09-21T01:45:57.796+0000] {dag.py:3089} INFO - Sync 1 DAGs
[2026-09-21T01:45:57.873+0000] {processor.py:183} INFO - Processing /opt/airflow/dags/youtube_pipeline.py took 0.243 seconds
[2026-09-21T01:46:28.009+0000] {processor.py:161} INFO - Started process (PID=10446) to work on /opt/airflow/dags/youtube_pipeline.py
[2026-09-21T01:46:28.011+0000] {processor.py:830} INFO - Processing file /opt/airflow/dags/youtube_pipeline.py for tasks to queue
[2026-09-21T01:46:28.014+0000] {logging_mixin.py:188} INFO - [2026-09-21T01:46:28.014+0000] {dagbag.py:545} INFO - Filling up the DagBag from /opt/airflow/dags/youtube_pipeline.py
[2026-09-21T01:46:28.095+0000] {processor.py:840} INFO - DAG(s) 'youtube_english_video_pipeline' retrieved from /opt/airflow/dags/youtube_pipeline.py
[2026-09-21T01:46:28.169+0000] {logging_mixin.py:188} INFO - [2026-09-21T01:46:28.169+0000] {dag.py:3089} INFO - Sync 1 DAGs
[2026-09-21T01:46:28.217+0000] {processor.py:183} INFO - Processing /opt/airflow/dags/youtube_pipeline.py took 0.225 seconds
[2026-09-21T01:46:58.476+0000] {processor.py:161} INFO - Started process (PID=10451) to work on /opt/airflow/dags/youtube_pipeline.py
[2026-09-21T01:46:58.478+0000] {processor.py:830} INFO - Processing file /opt/airflow/dags/youtube_pipeline.py for tasks to queue
[2026-09-21T01:46:58.482+0000] {logging_mixin.py:188} INFO - [2026-09-21T01:46:58.482+0000] {dagbag.py:545} INFO - Filling up the DagBag from /opt/airflow/dags/youtube_pipeline.py
[2026-09-21T01:46:58.548+0000] {processor.py:840} INFO - DAG(s) 'youtube_english_video_pipeline' retrieved from /opt/airflow/dags/youtube_pipeline.py
[2026-09-21T01:46:58.611+0000] {logging_mixin.py:188} INFO - [2026-09-21T01:46:58.610+0000] {dag.py:3089} INFO - Sync 1 DAGs
[2026-09-21T01:46:58.665+0000] {processor.py:183} INFO - Processing /opt/airflow/dags/youtube_pipeline.py took 0.206 seconds
[2026-09-21T01:47:28.901+0000] {processor.py:161} INFO - Started process (PID=10456) to work on /opt/airflow/dags/youtube_pipeline.py
[2026-09-21T01:47:28.903+0000] {processor.py:830} INFO - Processing file /opt/airflow/dags/youtube_pipeline.py for tasks to queue
[2026-09-21T01:47:28.906+0000] {logging_mixin.py:188} INFO - [2026-09-21T01:47:28.906+0000] {dagbag.py:545} INFO - Filling up the DagBag from /opt/airflow/dags/youtube_pipeline.py
[2026-09-21T01:47:28.983+0000] {processor.py:840} INFO - DAG(s) 'youtube_english_video_pipeline' retrieved from /opt/airflow/dags/youtube_pipeline.py
[2026-09-21T01:47:29.050+0000] {logging_mixin.py:188} INFO - [2026-09-21T01:47:29.049+0000] {dag.py:3089} INFO - Sync 1 DAGs
[2026-09-21T01:47:29.112+0000] {processor.py:183} INFO - Processing /opt/airflow/dags/youtube_pipeline.py took 0.232 seconds
[2026-09-21T01:47:59.204+0000] {processor.py:161} INFO - Started process (PID=10461) to work on /opt/airflow/dags/youtube_pipeline.py
[2026-09-21T01:47:59.205+0000] {processor.py:830} INFO - Processing file /opt/airflow/dags/youtube_pipeline.py for tasks to queue
[2026-09-21T01:47:59.209+0000] {logging_mixin.py:188} INFO - [2026-09-21T01:47:59.208+0000] {dagbag.py:545} INFO - Filling up the DagBag from /opt/airflow/dags/youtube_pipeline.py
[2026-09-21T01:47:59.264+0000] {processor.py:840} INFO - DAG(s) 'youtube_english_video_pipeline' retrieved from /opt/airflow/dags/youtube_pipeline.py
[2026-09-21T01:47:59.330+0000] {logging_mixin.py:188} INFO - [2026-09-21T01:47:59.330+0000] {dag.py:3089} INFO - Sync 1 DAGs
[2026-09-21T01:47:59.413+0000] {processor.py:183} INFO - Processing /opt/airflow/dags/youtube_pipeline.py took 0.225 seconds
[2026-09-21T01:48:29.673+0000] {processor.py:161} INFO - Started process (PID=10466) to work on /opt/airflow/dags/youtube_pipeline.py
[2026-09-21T01:48:29.675+0000] {processor.py:830} INFO - Processing file /opt/airflow/dags/youtube_pipeline.py for tasks to queue
[2026-09-21T01:48:29.679+0000] {logging_mixin.py:188} INFO - [2026-09-21T01:48:29.678+0000] {dagbag.py:545} INFO - Filling up the DagBag from /opt/airflow/dags/youtube_pipeline.py
[2026-09-21T01:48:29.743+0000] {processor.py:840} INFO - DAG(s) 'youtube_english_video_pipeline' retrieved from /opt/airflow/dags/youtube_pipeline.py
[2026-09-21T01:48:29.827+0000] {logging_mixin.py:188} INFO - [2026-09-21T01:48:29.826+0000] {dag.py:3089} INFO - Sync 1 DAGs
[2026-09-21T01:48:29.892+0000] {processor.py:183} INFO - Processing /opt/airflow/dags/youtube_pipeline.py took 0.233 seconds
[2026-09-21T01:49:00.224+0000] {processor.py:161} INFO - Started process (PID=10471) to work on /opt/airflow/dags/youtube_pipeline.py
[2026-09-21T01:49:00.226+0000] {processor.py:830} INFO - Processing file /opt/airflow/dags/youtube_pipeline.py for tasks to queue
[2026-09-21T01:49:00.230+0000] {logging_mixin.py:188} INFO - [2026-09-21T01:49:00.229+0000] {dagbag.py:545} INFO - Filling up the DagBag from /opt/airflow/dags/youtube_pipeline.py
[2026-09-21T01:49:00.295+0000] {processor.py:840} INFO - DAG(s) 'youtube_english_video_pipeline' retrieved from /opt/airflow/dags/youtube_pipeline.py
[2026-09-21T01:49:00.371+0000] {logging_mixin.py:188} INFO - [2026-09-21T01:49:00.371+0000] {dag.py:3089} INFO - Sync 1 DAGs
[2026-09-21T01:49:00.433+0000] {processor.py:183} INFO - Processing /opt/airflow/dags/youtube_pipeline.py took 0.227 seconds
[2026-09-21T01:49:30.745+0000] {processor.py:161} INFO - Started process (PID=10476) to work on /opt/airflow/dags/youtube_pipeline.py
[2026-09-21T01:49:30.746+0000] {processor.py:830} INFO - Processing file /opt/airflow/dags/youtube_pipeline.py for tasks to queue
[2026-09-21T01:49:30.750+0000] {logging_mixin.py:188} INFO - [2026-09-21T01:49:30.749+0000] {dagbag.py:545} INFO - Filling up the DagBag from /opt/airflow/dags/youtube_pipeline.py
[2026-09-21T01:49:30.801+0000] {processor.py:840} INFO - DAG(s) 'youtube_english_video_pipeline' retrieved from /opt/airflow/dags/youtube_pipeline.py
[2026-09-21T01:49:30.865+0000] {logging_mixin.py:188} INFO - [2026-09-21T01:49:30.864+0000] {dag.py:3089} INFO - Sync 1 DAGs
[2026-09-21T01:49:30.925+0000] {processor.py:183} INFO - Processing /opt/airflow/dags/youtube_pipeline.py took 0.196 seconds
[2026-09-21T01:50:01.021+0000] {processor.py:161} INFO - Started process (PID=10481) to work on /opt/airflow/dags/youtube_pipeline.py
[2026-09-21T01:50:01.023+0000] {processor.py:830} INFO - Processing file /opt/airflow/dags/youtube_pipeline.py for tasks to queue
[2026-09-21T01:50:01.026+0000] {logging_mixin.py:188} INFO - [2026-09-21T01:50:01.026+0000] {dagbag.py:545} INFO - Filling up the DagBag from /opt/airflow/dags/youtube_pipeline.py
[2026-09-21T01:50:01.096+0000] {processor.py:840} INFO - DAG(s) 'youtube_english_video_pipeline' retrieved from /opt/airflow/dags/youtube_pipeline.py
[2026-09-21T01:50:01.157+0000] {logging_mixin.py:188} INFO - [2026-09-21T01:50:01.157+0000] {dag.py:3089} INFO - Sync 1 DAGs
[2026-09-21T01:50:01.231+0000] {processor.py:183} INFO - Processing /opt/airflow/dags/youtube_pipeline.py took 0.228 seconds
[2026-09-21T01:50:31.496+0000] {processor.py:161} INFO - Started process (PID=10486) to work on /opt/airflow/dags/youtube_pipeline.py
[2026-09-21T01:50:31.498+0000] {processor.py:830} INFO - Processing file /opt/airflow/dags/youtube_pipeline.py for tasks to queue
[2026-09-21T01:50:31.501+0000] {logging_mixin.py:188} INFO - [2026-09-21T01:50:31.501+0000] {dagbag.py:545} INFO - Filling up the DagBag from /opt/airflow/dags/youtube_pipeline.py
[2026-09-21T01:50:31.563+0000] {processor.py:840} INFO - DAG(s) 'youtube_english_video_pipeline' retrieved from /opt/airflow/dags/youtube_pipeline.py
[2026-09-21T01:50:31.624+0000] {logging_mixin.py:188} INFO - [2026-09-21T01:50:31.624+0000] {dag.py:3089} INFO - Sync 1 DAGs
[2026-09-21T01:50:31.676+0000] {processor.py:183} INFO - Processing /opt/airflow/dags/youtube_pipeline.py took 0.196 seconds
[2026-09-21T01:51:01.791+0000] {processor.py:161} INFO - Started process (PID=10491) to work on /opt/airflow/dags/youtube_pipeline.py
[2026-09-21T01:51:01.792+0000] {processor.py:830} INFO - Processing file /opt/airflow/dags/youtube_pipeline.py for tasks to queue
[2026-09-21T01:51:01.795+0000] {logging_mixin.py:188} INFO - [2026-09-21T01:51:01.795+0000] {dagbag.py:545} INFO - Filling up the DagBag from /opt/airflow/dags/youtube_pipeline.py
[2026-09-21T01:51:01.860+0000] {processor.py:840} INFO - DAG(s) 'youtube_english_video_pipeline' retrieved from /opt/airflow/dags/youtube_pipeline.py
[2026-09-21T01:51:01.932+0000] {logging_mixin.py:188} INFO - [2026-09-21T01:51:01.932+0000] {dag.py:3089} INFO - Sync 1 DAGs
[2026-09-21T01:51:01.990+0000] {processor.py:183} INFO - Processing /opt/airflow/dags/youtube_pipeline.py took 0.216 seconds
[2026-09-21T01:51:32.240+0000] {processor.py:161} INFO - Started process (PID=10496) to work on /opt/airflow/dags/youtube_pipeline.py
[2026-09-21T01:51:32.241+0000] {processor.py:830} INFO - Processing file /opt/airflow/dags/youtube_pipeline.py for tasks to queue
[2026-09-21T01:51:32.244+0000] {logging_mixin.py:188} INFO - [2026-09-21T01:51:32.244+0000] {dagbag.py:545} INFO - Filling up the DagBag from /opt/airflow/dags/youtube_pipeline.py
[2026-09-21T01:51:32.305+0000] {processor.py:840} INFO - DAG(s) 'youtube_english_video_pipeline' retrieved from /opt/airflow/dags/youtube_pipeline.py
[2026-09-21T01:51:32.386+0000] {logging_mixin.py:188} INFO - [2026-09-21T01:51:32.386+0000] {dag.py:3089} INFO - Sync 1 DAGs
[2026-09-21T01:51:32.455+0000] {processor.py:183} INFO - Processing /opt/airflow/dags/youtube_pipeline.py took 0.227 seconds
[2026-09-21T01:52:02.549+0000] {processor.py:161} INFO - Started process (PID=10501) to work on /opt/airflow/dags/youtube_pipeline.py
[2026-09-21T01:52:02.551+0000] {processor.py:830} INFO - Processing file /opt/airflow/dags/youtube_pipeline.py for tasks to queue
[2026-09-21T01:52:02.555+0000] {logging_mixin.py:188} INFO - [2026-09-21T01:52:02.554+0000] {dagbag.py:545} INFO - Filling up the DagBag from /opt/airflow/dags/youtube_pipeline.py
[2026-09-21T01:52:02.610+0000] {processor.py:840} INFO - DAG(s) 'youtube_english_video_pipeline' retrieved from /opt/airflow/dags/youtube_pipeline.py
[2026-09-21T01:52:02.693+0000] {logging_mixin.py:188} INFO - [2026-09-21T01:52:02.692+0000] {dag.py:3089} INFO - Sync 1 DAGs
[2026-09-21T01:52:02.754+0000] {processor.py:183} INFO - Processing /opt/airflow/dags/youtube_pipeline.py took 0.222 seconds
[2026-09-21T01:52:33.154+0000] {processor.py:161} INFO - Started process (PID=10506) to work on /opt/airflow/dags/youtube_pipeline.py
[2026-09-21T01:52:33.161+0000] {processor.py:830} INFO - Processing file /opt/airflow/dags/youtube_pipeline.py for tasks to queue
[2026-09-21T01:52:33.172+0000] {logging_mixin.py:188} INFO - [2026-09-21T01:52:33.172+0000] {dagbag.py:545} INFO - Filling up the DagBag from /opt/airflow/dags/youtube_pipeline.py
[2026-09-21T01:52:33.319+0000] {processor.py:840} INFO - DAG(s) 'youtube_english_video_pipeline' retrieved from /opt/airflow/dags/youtube_pipeline.py
[2026-09-21T01:52:33.404+0000] {logging_mixin.py:188} INFO - [2026-09-21T01:52:33.404+0000] {dag.py:3089} INFO - Sync 1 DAGs
[2026-09-21T01:52:33.465+0000] {processor.py:183} INFO - Processing /opt/airflow/dags/youtube_pipeline.py took 0.346 seconds
[2026-09-21T01:53:03.800+0000] {processor.py:161} INFO - Started process (PID=10511) to work on /opt/airflow/dags/youtube_pipeline.py
[2026-09-21T01:53:03.802+0000] {processor.py:830} INFO - Processing file /opt/airflow/dags/youtube_pipeline.py for tasks to queue
[2026-09-21T01:53:03.806+0000] {logging_mixin.py:188} INFO - [2026-09-21T01:53:03.805+0000] {dagbag.py:545} INFO - Filling up the DagBag from /opt/airflow/dags/youtube_pipeline.py
[2026-09-21T01:53:03.858+0000] {processor.py:840} INFO - DAG(s) 'youtube_english_video_pipeline' retrieved from /opt/airflow/dags/youtube_pipeline.py
[2026-09-21T01:53:03.931+0000] {logging_mixin.py:188} INFO - [2026-09-21T01:53:03.931+0000] {dag.py:3089} INFO - Sync 1 DAGs
[2026-09-21T01:53:03.995+0000] {processor.py:183} INFO - Processing /opt/airflow/dags/youtube_pipeline.py took 0.211 seconds
[2026-09-21T01:53:34.340+0000] {processor.py:161} INFO - Started process (PID=10516) to work on /opt/airflow/dags/youtube_pipeline.py
[2026-09-21T01:53:34.343+0000] {processor.py:830} INFO - Processing file /opt/airflow/dags/youtube_pipeline.py for tasks to queue
[2026-09-21T01:53:34.347+0000] {logging_mixin.py:188} INFO - [2026-09-21T01:53:34.346+0000] {dagbag.py:545} INFO - Filling up the DagBag from /opt/airflow/dags/youtube_pipeline.py
[2026-09-21T01:53:34.413+0000] {processor.py:840} INFO - DAG(s) 'youtube_english_video_pipeline' retrieved from /opt/airflow/dags/youtube_pipeline.py
[2026-09-21T01:53:34.490+0000] {logging_mixin.py:188} INFO - [2026-09-21T01:53:34.490+0000] {dag.py:3089} INFO - Sync 1 DAGs
[2026-09-21T01:53:34.560+0000] {processor.py:183} INFO - Processing /opt/airflow/dags/youtube_pipeline.py took 0.243 seconds
[2026-09-21T01:54:04.964+0000] {processor.py:161} INFO - Started process (PID=10521) to work on /opt/airflow/dags/youtube_pipeline.py
[2026-09-21T01:54:04.968+0000] {processor.py:830} INFO - Processing file /opt/airflow/dags/youtube_pipeline.py for tasks to queue
[2026-09-21T01:54:04.976+0000] {logging_mixin.py:188} INFO - [2026-09-21T01:54:04.975+0000] {dagbag.py:545} INFO - Filling up the DagBag from /opt/airflow/dags/youtube_pipeline.py
[2026-09-21T01:54:05.154+0000] {processor.py:840} INFO - DAG(s) 'youtube_english_video_pipeline' retrieved from /opt/airflow/dags/youtube_pipeline.py
[2026-09-21T01:54:05.258+0000] {logging_mixin.py:188} INFO - [2026-09-21T01:54:05.258+0000] {dag.py:3089} INFO - Sync 1 DAGs
[2026-09-21T01:54:05.324+0000] {processor.py:183} INFO - Processing /opt/airflow/dags/youtube_pipeline.py took 0.410 seconds
[2026-09-21T01:54:35.743+0000] {processor.py:161} INFO - Started process (PID=10526) to work on /opt/airflow/dags/youtube_pipeline.py
[2026-09-21T01:54:35.744+0000] {processor.py:830} INFO - Processing file /opt/airflow/dags/youtube_pipeline.py for tasks to queue
[2026-09-21T01:54:35.748+0000] {logging_mixin.py:188} INFO - [2026-09-21T01:54:35.747+0000] {dagbag.py:545} INFO - Filling up the DagBag from /opt/airflow/dags/youtube_pipeline.py
[2026-09-21T01:54:35.817+0000] {processor.py:840} INFO - DAG(s) 'youtube_english_video_pipeline' retrieved from /opt/airflow/dags/youtube_pipeline.py
[2026-09-21T01:54:35.911+0000] {logging_mixin.py:188} INFO - [2026-09-21T01:54:35.910+0000] {dag.py:3089} INFO - Sync 1 DAGs
[2026-09-21T01:54:35.975+0000] {processor.py:183} INFO - Processing /opt/airflow/dags/youtube_pipeline.py took 0.249 seconds
[2026-09-21T01:55:06.317+0000] {processor.py:161} INFO - Started process (PID=10531) to work on /opt/airflow/dags/youtube_pipeline.py
[2026-09-21T01:55:06.319+0000] {processor.py:830} INFO - Processing file /opt/airflow/dags/youtube_pipeline.py for tasks to queue
[2026-09-21T01:55:06.322+0000] {logging_mixin.py:188} INFO - [2026-09-21T01:55:06.322+0000] {dagbag.py:545} INFO - Filling up the DagBag from /opt/airflow/dags/youtube_pipeline.py
[2026-09-21T01:55:06.395+0000] {processor.py:840} INFO - DAG(s) 'youtube_english_video_pipeline' retrieved from /opt/airflow/dags/youtube_pipeline.py
[2026-09-21T01:55:06.503+0000] {logging_mixin.py:188} INFO - [2026-09-21T01:55:06.503+0000] {dag.py:3089} INFO - Sync 1 DAGs
[2026-09-21T01:55:06.577+0000] {processor.py:183} INFO - Processing /opt/airflow/dags/youtube_pipeline.py took 0.279 seconds
[2026-09-21T01:55:37.054+0000] {processor.py:161} INFO - Started process (PID=10536) to work on /opt/airflow/dags/youtube_pipeline.py
[2026-09-21T01:55:37.056+0000] {processor.py:830} INFO - Processing file /opt/airflow/dags/youtube_pipeline.py for tasks to queue
[2026-09-21T01:55:37.061+0000] {logging_mixin.py:188} INFO - [2026-09-21T01:55:37.061+0000] {dagbag.py:545} INFO - Filling up the DagBag from /opt/airflow/dags/youtube_pipeline.py
[2026-09-21T01:55:37.185+0000] {processor.py:840} INFO - DAG(s) 'youtube_english_video_pipeline' retrieved from /opt/airflow/dags/youtube_pipeline.py
[2026-09-21T01:55:37.255+0000] {logging_mixin.py:188} INFO - [2026-09-21T01:55:37.255+0000] {dag.py:3089} INFO - Sync 1 DAGs
[2026-09-21T01:55:37.309+0000] {processor.py:183} INFO - Processing /opt/airflow/dags/youtube_pipeline.py took 0.271 seconds
[2026-09-21T01:56:07.681+0000] {processor.py:161} INFO - Started process (PID=10541) to work on /opt/airflow/dags/youtube_pipeline.py
[2026-09-21T01:56:07.684+0000] {processor.py:830} INFO - Processing file /opt/airflow/dags/youtube_pipeline.py for tasks to queue
[2026-09-21T01:56:07.689+0000] {logging_mixin.py:188} INFO - [2026-09-21T01:56:07.688+0000] {dagbag.py:545} INFO - Filling up the DagBag from /opt/airflow/dags/youtube_pipeline.py
[2026-09-21T01:56:07.775+0000] {processor.py:840} INFO - DAG(s) 'youtube_english_video_pipeline' retrieved from /opt/airflow/dags/youtube_pipeline.py
[2026-09-21T01:56:07.839+0000] {logging_mixin.py:188} INFO - [2026-09-21T01:56:07.839+0000] {dag.py:3089} INFO - Sync 1 DAGs
[2026-09-21T01:56:07.888+0000] {processor.py:183} INFO - Processing /opt/airflow/dags/youtube_pipeline.py took 0.232 seconds
[2026-09-21T01:56:38.178+0000] {processor.py:161} INFO - Started process (PID=10546) to work on /opt/airflow/dags/youtube_pipeline.py
[2026-09-21T01:56:38.180+0000] {processor.py:830} INFO - Processing file /opt/airflow/dags/youtube_pipeline.py for tasks to queue
[2026-09-21T01:56:38.182+0000] {logging_mixin.py:188} INFO - [2026-09-21T01:56:38.182+0000] {dagbag.py:545} INFO - Filling up the DagBag from /opt/airflow/dags/youtube_pipeline.py
[2026-09-21T01:56:38.232+0000] {processor.py:840} INFO - DAG(s) 'youtube_english_video_pipeline' retrieved from /opt/airflow/dags/youtube_pipeline.py
[2026-09-21T01:56:38.316+0000] {logging_mixin.py:188} INFO - [2026-09-21T01:56:38.316+0000] {dag.py:3089} INFO - Sync 1 DAGs
[2026-09-21T01:56:38.392+0000] {processor.py:183} INFO - Processing /opt/airflow/dags/youtube_pipeline.py took 0.232 seconds
[2026-09-21T01:57:08.587+0000] {processor.py:161} INFO - Started process (PID=10551) to work on /opt/airflow/dags/youtube_pipeline.py
[2026-09-21T01:57:08.589+0000] {processor.py:830} INFO - Processing file /opt/airflow/dags/youtube_pipeline.py for tasks to queue
[2026-09-21T01:57:08.593+0000] {logging_mixin.py:188} INFO - [2026-09-21T01:57:08.593+0000] {dagbag.py:545} INFO - Filling up the DagBag from /opt/airflow/dags/youtube_pipeline.py
[2026-09-21T01:57:08.676+0000] {processor.py:840} INFO - DAG(s) 'youtube_english_video_pipeline' retrieved from /opt/airflow/dags/youtube_pipeline.py
[2026-09-21T01:57:08.751+0000] {logging_mixin.py:188} INFO - [2026-09-21T01:57:08.751+0000] {dag.py:3089} INFO - Sync 1 DAGs
[2026-09-21T01:57:08.802+0000] {processor.py:183} INFO - Processing /opt/airflow/dags/youtube_pipeline.py took 0.237 seconds
[2026-09-21T01:57:38.931+0000] {processor.py:161} INFO - Started process (PID=10556) to work on /opt/airflow/dags/youtube_pipeline.py
[2026-09-21T01:57:38.933+0000] {processor.py:830} INFO - Processing file /opt/airflow/dags/youtube_pipeline.py for tasks to queue
[2026-09-21T01:57:38.936+0000] {logging_mixin.py:188} INFO - [2026-09-21T01:57:38.936+0000] {dagbag.py:545} INFO - Filling up the DagBag from /opt/airflow/dags/youtube_pipeline.py
[2026-09-21T01:57:38.988+0000] {processor.py:840} INFO - DAG(s) 'youtube_english_video_pipeline' retrieved from /opt/airflow/dags/youtube_pipeline.py
[2026-09-21T01:57:39.065+0000] {logging_mixin.py:188} INFO - [2026-09-21T01:57:39.064+0000] {dag.py:3089} INFO - Sync 1 DAGs
[2026-09-21T01:57:39.130+0000] {processor.py:183} INFO - Processing /opt/airflow/dags/youtube_pipeline.py took 0.212 seconds
[2026-09-21T01:58:09.381+0000] {processor.py:161} INFO - Started process (PID=10561) to work on /opt/airflow/dags/youtube_pipeline.py
[2026-09-21T01:58:09.384+0000] {processor.py:830} INFO - Processing file /opt/airflow/dags/youtube_pipeline.py for tasks to queue
[2026-09-21T01:58:09.387+0000] {logging_mixin.py:188} INFO - [2026-09-21T01:58:09.387+0000] {dagbag.py:545} INFO - Filling up the DagBag from /opt/airflow/dags/youtube_pipeline.py
[2026-09-21T01:58:09.457+0000] {processor.py:840} INFO - DAG(s) 'youtube_english_video_pipeline' retrieved from /opt/airflow/dags/youtube_pipeline.py
[2026-09-21T01:58:09.519+0000] {logging_mixin.py:188} INFO - [2026-09-21T01:58:09.519+0000] {dag.py:3089} INFO - Sync 1 DAGs
[2026-09-21T01:58:09.584+0000] {processor.py:183} INFO - Processing /opt/airflow/dags/youtube_pipeline.py took 0.219 seconds
[2026-09-21T01:58:39.680+0000] {processor.py:161} INFO - Started process (PID=10566) to work on /opt/airflow/dags/youtube_pipeline.py
[2026-09-21T01:58:39.682+0000] {processor.py:830} INFO - Processing file /opt/airflow/dags/youtube_pipeline.py for tasks to queue
[2026-09-21T01:58:39.688+0000] {logging_mixin.py:188} INFO - [2026-09-21T01:58:39.687+0000] {dagbag.py:545} INFO - Filling up the DagBag from /opt/airflow/dags/youtube_pipeline.py
[2026-09-21T01:58:39.757+0000] {processor.py:840} INFO - DAG(s) 'youtube_english_video_pipeline' retrieved from /opt/airflow/dags/youtube_pipeline.py
[2026-09-21T01:58:39.837+0000] {logging_mixin.py:188} INFO - [2026-09-21T01:58:39.837+0000] {dag.py:3089} INFO - Sync 1 DAGs
[2026-09-21T01:58:39.894+0000] {processor.py:183} INFO - Processing /opt/airflow/dags/youtube_pipeline.py took 0.232 seconds
[2026-09-21T01:59:10.135+0000] {processor.py:161} INFO - Started process (PID=10571) to work on /opt/airflow/dags/youtube_pipeline.py
[2026-09-21T01:59:10.137+0000] {processor.py:830} INFO - Processing file /opt/airflow/dags/youtube_pipeline.py for tasks to queue
[2026-09-21T01:59:10.141+0000] {logging_mixin.py:188} INFO - [2026-09-21T01:59:10.140+0000] {dagbag.py:545} INFO - Filling up the DagBag from /opt/airflow/dags/youtube_pipeline.py
[2026-09-21T01:59:10.206+0000] {processor.py:840} INFO - DAG(s) 'youtube_english_video_pipeline' retrieved from /opt/airflow/dags/youtube_pipeline.py
[2026-09-21T01:59:10.269+0000] {logging_mixin.py:188} INFO - [2026-09-21T01:59:10.268+0000] {dag.py:3089} INFO - Sync 1 DAGs
[2026-09-21T01:59:10.323+0000] {processor.py:183} INFO - Processing /opt/airflow/dags/youtube_pipeline.py took 0.205 seconds
[2026-09-21T01:59:40.544+0000] {processor.py:161} INFO - Started process (PID=10576) to work on /opt/airflow/dags/youtube_pipeline.py
[2026-09-21T01:59:40.546+0000] {processor.py:830} INFO - Processing file /opt/airflow/dags/youtube_pipeline.py for tasks to queue
[2026-09-21T01:59:40.549+0000] {logging_mixin.py:188} INFO - [2026-09-21T01:59:40.549+0000] {dagbag.py:545} INFO - Filling up the DagBag from /opt/airflow/dags/youtube_pipeline.py
[2026-09-21T01:59:40.622+0000] {processor.py:840} INFO - DAG(s) 'youtube_english_video_pipeline' retrieved from /opt/airflow/dags/youtube_pipeline.py
[2026-09-21T01:59:40.687+0000] {logging_mixin.py:188} INFO - [2026-09-21T01:59:40.687+0000] {dag.py:3089} INFO - Sync 1 DAGs
[2026-09-21T01:59:40.743+0000] {processor.py:183} INFO - Processing /opt/airflow/dags/youtube_pipeline.py took 0.213 seconds
[2026-09-21T02:00:10.914+0000] {processor.py:161} INFO - Started process (PID=10581) to work on /opt/airflow/dags/youtube_pipeline.py
[2026-09-21T02:00:10.917+0000] {processor.py:830} INFO - Processing file /opt/airflow/dags/youtube_pipeline.py for tasks to queue
[2026-09-21T02:00:10.920+0000] {logging_mixin.py:188} INFO - [2026-09-21T02:00:10.919+0000] {dagbag.py:545} INFO - Filling up the DagBag from /opt/airflow/dags/youtube_pipeline.py
[2026-09-21T02:00:10.989+0000] {processor.py:840} INFO - DAG(s) 'youtube_english_video_pipeline' retrieved from /opt/airflow/dags/youtube_pipeline.py
[2026-09-21T02:00:11.050+0000] {logging_mixin.py:188} INFO - [2026-09-21T02:00:11.050+0000] {dag.py:3089} INFO - Sync 1 DAGs
[2026-09-21T02:00:11.126+0000] {processor.py:183} INFO - Processing /opt/airflow/dags/youtube_pipeline.py took 0.228 seconds
[2026-09-21T02:00:41.274+0000] {processor.py:161} INFO - Started process (PID=10586) to work on /opt/airflow/dags/youtube_pipeline.py
[2026-09-21T02:00:41.275+0000] {processor.py:830} INFO - Processing file /opt/airflow/dags/youtube_pipeline.py for tasks to queue
[2026-09-21T02:00:41.279+0000] {logging_mixin.py:188} INFO - [2026-09-21T02:00:41.278+0000] {dagbag.py:545} INFO - Filling up the DagBag from /opt/airflow/dags/youtube_pipeline.py
[2026-09-21T02:00:41.332+0000] {processor.py:840} INFO - DAG(s) 'youtube_english_video_pipeline' retrieved from /opt/airflow/dags/youtube_pipeline.py
[2026-09-21T02:00:41.410+0000] {logging_mixin.py:188} INFO - [2026-09-21T02:00:41.410+0000] {dag.py:3089} INFO - Sync 1 DAGs
[2026-09-21T02:00:41.461+0000] {processor.py:183} INFO - Processing /opt/airflow/dags/youtube_pipeline.py took 0.200 seconds
[2026-09-21T02:01:11.753+0000] {processor.py:161} INFO - Started process (PID=10591) to work on /opt/airflow/dags/youtube_pipeline.py
[2026-09-21T02:01:11.756+0000] {processor.py:830} INFO - Processing file /opt/airflow/dags/youtube_pipeline.py for tasks to queue
[2026-09-21T02:01:11.760+0000] {logging_mixin.py:188} INFO - [2026-09-21T02:01:11.760+0000] {dagbag.py:545} INFO - Filling up the DagBag from /opt/airflow/dags/youtube_pipeline.py
[2026-09-21T02:01:11.847+0000] {processor.py:840} INFO - DAG(s) 'youtube_english_video_pipeline' retrieved from /opt/airflow/dags/youtube_pipeline.py
[2026-09-21T02:01:11.931+0000] {logging_mixin.py:188} INFO - [2026-09-21T02:01:11.931+0000] {dag.py:3089} INFO - Sync 1 DAGs
[2026-09-21T02:01:11.997+0000] {processor.py:183} INFO - Processing /opt/airflow/dags/youtube_pipeline.py took 0.264 seconds
[2026-09-21T02:01:42.301+0000] {processor.py:161} INFO - Started process (PID=10596) to work on /opt/airflow/dags/youtube_pipeline.py
[2026-09-21T02:01:42.303+0000] {processor.py:830} INFO - Processing file /opt/airflow/dags/youtube_pipeline.py for tasks to queue
[2026-09-21T02:01:42.306+0000] {logging_mixin.py:188} INFO - [2026-09-21T02:01:42.305+0000] {dagbag.py:545} INFO - Filling up the DagBag from /opt/airflow/dags/youtube_pipeline.py
[2026-09-21T02:01:42.387+0000] {processor.py:840} INFO - DAG(s) 'youtube_english_video_pipeline' retrieved from /opt/airflow/dags/youtube_pipeline.py
[2026-09-21T02:01:42.455+0000] {logging_mixin.py:188} INFO - [2026-09-21T02:01:42.455+0000] {dag.py:3089} INFO - Sync 1 DAGs
[2026-09-21T02:01:42.522+0000] {processor.py:183} INFO - Processing /opt/airflow/dags/youtube_pipeline.py took 0.234 seconds
[2026-09-21T02:02:12.685+0000] {processor.py:161} INFO - Started process (PID=10601) to work on /opt/airflow/dags/youtube_pipeline.py
[2026-09-21T02:02:12.687+0000] {processor.py:830} INFO - Processing file /opt/airflow/dags/youtube_pipeline.py for tasks to queue
[2026-09-21T02:02:12.691+0000] {logging_mixin.py:188} INFO - [2026-09-21T02:02:12.690+0000] {dagbag.py:545} INFO - Filling up the DagBag from /opt/airflow/dags/youtube_pipeline.py
[2026-09-21T02:02:12.754+0000] {processor.py:840} INFO - DAG(s) 'youtube_english_video_pipeline' retrieved from /opt/airflow/dags/youtube_pipeline.py
[2026-09-21T02:02:12.823+0000] {logging_mixin.py:188} INFO - [2026-09-21T02:02:12.823+0000] {dag.py:3089} INFO - Sync 1 DAGs
[2026-09-21T02:02:12.893+0000] {processor.py:183} INFO - Processing /opt/airflow/dags/youtube_pipeline.py took 0.225 seconds
[2026-09-21T02:02:43.106+0000] {processor.py:161} INFO - Started process (PID=10606) to work on /opt/airflow/dags/youtube_pipeline.py
[2026-09-21T02:02:43.119+0000] {processor.py:830} INFO - Processing file /opt/airflow/dags/youtube_pipeline.py for tasks to queue
[2026-09-21T02:02:43.124+0000] {logging_mixin.py:188} INFO - [2026-09-21T02:02:43.123+0000] {dagbag.py:545} INFO - Filling up the DagBag from /opt/airflow/dags/youtube_pipeline.py
[2026-09-21T02:02:43.226+0000] {processor.py:840} INFO - DAG(s) 'youtube_english_video_pipeline' retrieved from /opt/airflow/dags/youtube_pipeline.py
[2026-09-21T02:02:43.321+0000] {logging_mixin.py:188} INFO - [2026-09-21T02:02:43.321+0000] {dag.py:3089} INFO - Sync 1 DAGs
[2026-09-21T02:02:43.431+0000] {processor.py:183} INFO - Processing /opt/airflow/dags/youtube_pipeline.py took 0.351 seconds
[2026-09-21T02:03:13.761+0000] {processor.py:161} INFO - Started process (PID=10611) to work on /opt/airflow/dags/youtube_pipeline.py
[2026-09-21T02:03:13.763+0000] {processor.py:830} INFO - Processing file /opt/airflow/dags/youtube_pipeline.py for tasks to queue
[2026-09-21T02:03:13.766+0000] {logging_mixin.py:188} INFO - [2026-09-21T02:03:13.765+0000] {dagbag.py:545} INFO - Filling up the DagBag from /opt/airflow/dags/youtube_pipeline.py
[2026-09-21T02:03:13.827+0000] {processor.py:840} INFO - DAG(s) 'youtube_english_video_pipeline' retrieved from /opt/airflow/dags/youtube_pipeline.py
[2026-09-21T02:03:13.886+0000] {logging_mixin.py:188} INFO - [2026-09-21T02:03:13.885+0000] {dag.py:3089} INFO - Sync 1 DAGs
[2026-09-21T02:03:13.938+0000] {processor.py:183} INFO - Processing /opt/airflow/dags/youtube_pipeline.py took 0.192 seconds
[2026-09-21T02:03:44.123+0000] {processor.py:161} INFO - Started process (PID=10616) to work on /opt/airflow/dags/youtube_pipeline.py
[2026-09-21T02:03:44.125+0000] {processor.py:830} INFO - Processing file /opt/airflow/dags/youtube_pipeline.py for tasks to queue
[2026-09-21T02:03:44.128+0000] {logging_mixin.py:188} INFO - [2026-09-21T02:03:44.128+0000] {dagbag.py:545} INFO - Filling up the DagBag from /opt/airflow/dags/youtube_pipeline.py
[2026-09-21T02:03:44.255+0000] {processor.py:840} INFO - DAG(s) 'youtube_english_video_pipeline' retrieved from /opt/airflow/dags/youtube_pipeline.py
[2026-09-21T02:03:44.360+0000] {logging_mixin.py:188} INFO - [2026-09-21T02:03:44.359+0000] {dag.py:3089} INFO - Sync 1 DAGs
[2026-09-21T02:03:44.452+0000] {processor.py:183} INFO - Processing /opt/airflow/dags/youtube_pipeline.py took 0.349 seconds
[2026-09-21T02:04:14.779+0000] {processor.py:161} INFO - Started process (PID=10621) to work on /opt/airflow/dags/youtube_pipeline.py
[2026-09-21T02:04:14.781+0000] {processor.py:830} INFO - Processing file /opt/airflow/dags/youtube_pipeline.py for tasks to queue
[2026-09-21T02:04:14.783+0000] {logging_mixin.py:188} INFO - [2026-09-21T02:04:14.783+0000] {dagbag.py:545} INFO - Filling up the DagBag from /opt/airflow/dags/youtube_pipeline.py
[2026-09-21T02:04:14.848+0000] {processor.py:840} INFO - DAG(s) 'youtube_english_video_pipeline' retrieved from /opt/airflow/dags/youtube_pipeline.py
[2026-09-21T02:04:14.912+0000] {logging_mixin.py:188} INFO - [2026-09-21T02:04:14.912+0000] {dag.py:3089} INFO - Sync 1 DAGs
[2026-09-21T02:04:14.971+0000] {processor.py:183} INFO - Processing /opt/airflow/dags/youtube_pipeline.py took 0.205 seconds
[2026-09-21T02:04:45.269+0000] {processor.py:161} INFO - Started process (PID=10626) to work on /opt/airflow/dags/youtube_pipeline.py
[2026-09-21T02:04:45.271+0000] {processor.py:830} INFO - Processing file /opt/airflow/dags/youtube_pipeline.py for tasks to queue
[2026-09-21T02:04:45.274+0000] {logging_mixin.py:188} INFO - [2026-09-21T02:04:45.274+0000] {dagbag.py:545} INFO - Filling up the DagBag from /opt/airflow/dags/youtube_pipeline.py
[2026-09-21T02:04:45.341+0000] {processor.py:840} INFO - DAG(s) 'youtube_english_video_pipeline' retrieved from /opt/airflow/dags/youtube_pipeline.py
[2026-09-21T02:04:45.408+0000] {logging_mixin.py:188} INFO - [2026-09-21T02:04:45.408+0000] {dag.py:3089} INFO - Sync 1 DAGs
[2026-09-21T02:04:45.473+0000] {processor.py:183} INFO - Processing /opt/airflow/dags/youtube_pipeline.py took 0.218 seconds
[2026-09-21T02:05:15.583+0000] {processor.py:161} INFO - Started process (PID=10631) to work on /opt/airflow/dags/youtube_pipeline.py
[2026-09-21T02:05:15.585+0000] {processor.py:830} INFO - Processing file /opt/airflow/dags/youtube_pipeline.py for tasks to queue
[2026-09-21T02:05:15.588+0000] {logging_mixin.py:188} INFO - [2026-09-21T02:05:15.588+0000] {dagbag.py:545} INFO - Filling up the DagBag from /opt/airflow/dags/youtube_pipeline.py
[2026-09-21T02:05:15.649+0000] {processor.py:840} INFO - DAG(s) 'youtube_english_video_pipeline' retrieved from /opt/airflow/dags/youtube_pipeline.py
[2026-09-21T02:05:15.732+0000] {logging_mixin.py:188} INFO - [2026-09-21T02:05:15.731+0000] {dag.py:3089} INFO - Sync 1 DAGs
[2026-09-21T02:05:15.796+0000] {processor.py:183} INFO - Processing /opt/airflow/dags/youtube_pipeline.py took 0.226 seconds
[2026-09-21T02:05:45.991+0000] {processor.py:161} INFO - Started process (PID=10636) to work on /opt/airflow/dags/youtube_pipeline.py
[2026-09-21T02:05:45.993+0000] {processor.py:830} INFO - Processing file /opt/airflow/dags/youtube_pipeline.py for tasks to queue
[2026-09-21T02:05:45.995+0000] {logging_mixin.py:188} INFO - [2026-09-21T02:05:45.995+0000] {dagbag.py:545} INFO - Filling up the DagBag from /opt/airflow/dags/youtube_pipeline.py
[2026-09-21T02:05:46.051+0000] {processor.py:840} INFO - DAG(s) 'youtube_english_video_pipeline' retrieved from /opt/airflow/dags/youtube_pipeline.py
[2026-09-21T02:05:46.122+0000] {logging_mixin.py:188} INFO - [2026-09-21T02:05:46.122+0000] {dag.py:3089} INFO - Sync 1 DAGs
[2026-09-21T02:05:46.173+0000] {processor.py:183} INFO - Processing /opt/airflow/dags/youtube_pipeline.py took 0.197 seconds
[2026-09-21T02:06:16.367+0000] {processor.py:161} INFO - Started process (PID=10641) to work on /opt/airflow/dags/youtube_pipeline.py
[2026-09-21T02:06:16.369+0000] {processor.py:830} INFO - Processing file /opt/airflow/dags/youtube_pipeline.py for tasks to queue
[2026-09-21T02:06:16.371+0000] {logging_mixin.py:188} INFO - [2026-09-21T02:06:16.371+0000] {dagbag.py:545} INFO - Filling up the DagBag from /opt/airflow/dags/youtube_pipeline.py
[2026-09-21T02:06:16.432+0000] {processor.py:840} INFO - DAG(s) 'youtube_english_video_pipeline' retrieved from /opt/airflow/dags/youtube_pipeline.py
[2026-09-21T02:06:16.496+0000] {logging_mixin.py:188} INFO - [2026-09-21T02:06:16.496+0000] {dag.py:3089} INFO - Sync 1 DAGs
[2026-09-21T02:06:16.555+0000] {processor.py:183} INFO - Processing /opt/airflow/dags/youtube_pipeline.py took 0.202 seconds
[2026-09-21T02:06:46.727+0000] {processor.py:161} INFO - Started process (PID=10646) to work on /opt/airflow/dags/youtube_pipeline.py
[2026-09-21T02:06:46.729+0000] {processor.py:830} INFO - Processing file /opt/airflow/dags/youtube_pipeline.py for tasks to queue
[2026-09-21T02:06:46.731+0000] {logging_mixin.py:188} INFO - [2026-09-21T02:06:46.731+0000] {dagbag.py:545} INFO - Filling up the DagBag from /opt/airflow/dags/youtube_pipeline.py
[2026-09-21T02:06:46.809+0000] {processor.py:840} INFO - DAG(s) 'youtube_english_video_pipeline' retrieved from /opt/airflow/dags/youtube_pipeline.py
[2026-09-21T02:06:46.897+0000] {logging_mixin.py:188} INFO - [2026-09-21T02:06:46.896+0000] {dag.py:3089} INFO - Sync 1 DAGs
[2026-09-21T02:06:46.964+0000] {processor.py:183} INFO - Processing /opt/airflow/dags/youtube_pipeline.py took 0.252 seconds
[2026-09-21T02:07:17.200+0000] {processor.py:161} INFO - Started process (PID=10651) to work on /opt/airflow/dags/youtube_pipeline.py
[2026-09-21T02:07:17.203+0000] {processor.py:830} INFO - Processing file /opt/airflow/dags/youtube_pipeline.py for tasks to queue
[2026-09-21T02:07:17.206+0000] {logging_mixin.py:188} INFO - [2026-09-21T02:07:17.206+0000] {dagbag.py:545} INFO - Filling up the DagBag from /opt/airflow/dags/youtube_pipeline.py
[2026-09-21T02:07:17.267+0000] {processor.py:840} INFO - DAG(s) 'youtube_english_video_pipeline' retrieved from /opt/airflow/dags/youtube_pipeline.py
[2026-09-21T02:07:17.339+0000] {logging_mixin.py:188} INFO - [2026-09-21T02:07:17.339+0000] {dag.py:3089} INFO - Sync 1 DAGs
[2026-09-21T02:07:17.416+0000] {processor.py:183} INFO - Processing /opt/airflow/dags/youtube_pipeline.py took 0.230 seconds
[2026-09-21T02:07:47.576+0000] {processor.py:161} INFO - Started process (PID=10656) to work on /opt/airflow/dags/youtube_pipeline.py
[2026-09-21T02:07:47.581+0000] {processor.py:830} INFO - Processing file /opt/airflow/dags/youtube_pipeline.py for tasks to queue
[2026-09-21T02:07:47.587+0000] {logging_mixin.py:188} INFO - [2026-09-21T02:07:47.586+0000] {dagbag.py:545} INFO - Filling up the DagBag from /opt/airflow/dags/youtube_pipeline.py
[2026-09-21T02:07:47.668+0000] {processor.py:840} INFO - DAG(s) 'youtube_english_video_pipeline' retrieved from /opt/airflow/dags/youtube_pipeline.py
[2026-09-21T02:07:47.726+0000] {logging_mixin.py:188} INFO - [2026-09-21T02:07:47.725+0000] {dag.py:3089} INFO - Sync 1 DAGs
[2026-09-21T02:07:47.786+0000] {processor.py:183} INFO - Processing /opt/airflow/dags/youtube_pipeline.py took 0.238 seconds
[2026-09-21T02:08:17.970+0000] {processor.py:161} INFO - Started process (PID=10661) to work on /opt/airflow/dags/youtube_pipeline.py
[2026-09-21T02:08:17.972+0000] {processor.py:830} INFO - Processing file /opt/airflow/dags/youtube_pipeline.py for tasks to queue
[2026-09-21T02:08:17.975+0000] {logging_mixin.py:188} INFO - [2026-09-21T02:08:17.974+0000] {dagbag.py:545} INFO - Filling up the DagBag from /opt/airflow/dags/youtube_pipeline.py
[2026-09-21T02:08:18.035+0000] {processor.py:840} INFO - DAG(s) 'youtube_english_video_pipeline' retrieved from /opt/airflow/dags/youtube_pipeline.py
[2026-09-21T02:08:18.104+0000] {logging_mixin.py:188} INFO - [2026-09-21T02:08:18.104+0000] {dag.py:3089} INFO - Sync 1 DAGs
[2026-09-21T02:08:18.156+0000] {processor.py:183} INFO - Processing /opt/airflow/dags/youtube_pipeline.py took 0.203 seconds
[2026-09-21T02:08:48.355+0000] {processor.py:161} INFO - Started process (PID=10666) to work on /opt/airflow/dags/youtube_pipeline.py
[2026-09-21T02:08:48.357+0000] {processor.py:830} INFO - Processing file /opt/airflow/dags/youtube_pipeline.py for tasks to queue
[2026-09-21T02:08:48.361+0000] {logging_mixin.py:188} INFO - [2026-09-21T02:08:48.360+0000] {dagbag.py:545} INFO - Filling up the DagBag from /opt/airflow/dags/youtube_pipeline.py
[2026-09-21T02:08:48.417+0000] {processor.py:840} INFO - DAG(s) 'youtube_english_video_pipeline' retrieved from /opt/airflow/dags/youtube_pipeline.py
[2026-09-21T02:08:48.498+0000] {logging_mixin.py:188} INFO - [2026-09-21T02:08:48.498+0000] {dag.py:3089} INFO - Sync 1 DAGs
[2026-09-21T02:08:48.571+0000] {processor.py:183} INFO - Processing /opt/airflow/dags/youtube_pipeline.py took 0.232 seconds
[2026-09-21T02:09:18.888+0000] {processor.py:161} INFO - Started process (PID=10671) to work on /opt/airflow/dags/youtube_pipeline.py
[2026-09-21T02:09:18.890+0000] {processor.py:830} INFO - Processing file /opt/airflow/dags/youtube_pipeline.py for tasks to queue
[2026-09-21T02:09:18.893+0000] {logging_mixin.py:188} INFO - [2026-09-21T02:09:18.893+0000] {dagbag.py:545} INFO - Filling up the DagBag from /opt/airflow/dags/youtube_pipeline.py
[2026-09-21T02:09:18.967+0000] {processor.py:840} INFO - DAG(s) 'youtube_english_video_pipeline' retrieved from /opt/airflow/dags/youtube_pipeline.py
[2026-09-21T02:09:19.031+0000] {logging_mixin.py:188} INFO - [2026-09-21T02:09:19.031+0000] {dag.py:3089} INFO - Sync 1 DAGs
[2026-09-21T02:09:19.069+0000] {processor.py:183} INFO - Processing /opt/airflow/dags/youtube_pipeline.py took 0.201 seconds
[2026-09-21T02:09:49.320+0000] {processor.py:161} INFO - Started process (PID=10676) to work on /opt/airflow/dags/youtube_pipeline.py
[2026-09-21T02:09:49.321+0000] {processor.py:830} INFO - Processing file /opt/airflow/dags/youtube_pipeline.py for tasks to queue
[2026-09-21T02:09:49.323+0000] {logging_mixin.py:188} INFO - [2026-09-21T02:09:49.323+0000] {dagbag.py:545} INFO - Filling up the DagBag from /opt/airflow/dags/youtube_pipeline.py
[2026-09-21T02:09:49.360+0000] {processor.py:840} INFO - DAG(s) 'youtube_english_video_pipeline' retrieved from /opt/airflow/dags/youtube_pipeline.py
[2026-09-21T02:09:49.398+0000] {logging_mixin.py:188} INFO - [2026-09-21T02:09:49.398+0000] {dag.py:3089} INFO - Sync 1 DAGs
[2026-09-21T02:09:49.426+0000] {processor.py:183} INFO - Processing /opt/airflow/dags/youtube_pipeline.py took 0.114 seconds
[2026-09-21T02:10:19.567+0000] {processor.py:161} INFO - Started process (PID=10681) to work on /opt/airflow/dags/youtube_pipeline.py
[2026-09-21T02:10:19.568+0000] {processor.py:830} INFO - Processing file /opt/airflow/dags/youtube_pipeline.py for tasks to queue
[2026-09-21T02:10:19.572+0000] {logging_mixin.py:188} INFO - [2026-09-21T02:10:19.571+0000] {dagbag.py:545} INFO - Filling up the DagBag from /opt/airflow/dags/youtube_pipeline.py
[2026-09-21T02:10:19.640+0000] {processor.py:840} INFO - DAG(s) 'youtube_english_video_pipeline' retrieved from /opt/airflow/dags/youtube_pipeline.py
[2026-09-21T02:10:19.686+0000] {logging_mixin.py:188} INFO - [2026-09-21T02:10:19.685+0000] {dag.py:3089} INFO - Sync 1 DAGs
[2026-09-21T02:10:19.724+0000] {processor.py:183} INFO - Processing /opt/airflow/dags/youtube_pipeline.py took 0.168 seconds
[2026-09-21T02:10:49.896+0000] {processor.py:161} INFO - Started process (PID=10686) to work on /opt/airflow/dags/youtube_pipeline.py
[2026-09-21T02:10:49.897+0000] {processor.py:830} INFO - Processing file /opt/airflow/dags/youtube_pipeline.py for tasks to queue
[2026-09-21T02:10:49.899+0000] {logging_mixin.py:188} INFO - [2026-09-21T02:10:49.899+0000] {dagbag.py:545} INFO - Filling up the DagBag from /opt/airflow/dags/youtube_pipeline.py
[2026-09-21T02:10:49.934+0000] {processor.py:840} INFO - DAG(s) 'youtube_english_video_pipeline' retrieved from /opt/airflow/dags/youtube_pipeline.py
[2026-09-21T02:10:49.967+0000] {logging_mixin.py:188} INFO - [2026-09-21T02:10:49.967+0000] {dag.py:3089} INFO - Sync 1 DAGs
[2026-09-21T02:10:50.004+0000] {processor.py:183} INFO - Processing /opt/airflow/dags/youtube_pipeline.py took 0.120 seconds
[2026-09-21T02:11:20.276+0000] {processor.py:161} INFO - Started process (PID=10691) to work on /opt/airflow/dags/youtube_pipeline.py
[2026-09-21T02:11:20.278+0000] {processor.py:830} INFO - Processing file /opt/airflow/dags/youtube_pipeline.py for tasks to queue
[2026-09-21T02:11:20.280+0000] {logging_mixin.py:188} INFO - [2026-09-21T02:11:20.280+0000] {dagbag.py:545} INFO - Filling up the DagBag from /opt/airflow/dags/youtube_pipeline.py
[2026-09-21T02:11:20.316+0000] {processor.py:840} INFO - DAG(s) 'youtube_english_video_pipeline' retrieved from /opt/airflow/dags/youtube_pipeline.py
[2026-09-21T02:11:20.354+0000] {logging_mixin.py:188} INFO - [2026-09-21T02:11:20.354+0000] {dag.py:3089} INFO - Sync 1 DAGs
[2026-09-21T02:11:20.384+0000] {processor.py:183} INFO - Processing /opt/airflow/dags/youtube_pipeline.py took 0.118 seconds
[2026-09-21T02:11:50.524+0000] {processor.py:161} INFO - Started process (PID=10696) to work on /opt/airflow/dags/youtube_pipeline.py
[2026-09-21T02:11:50.525+0000] {processor.py:830} INFO - Processing file /opt/airflow/dags/youtube_pipeline.py for tasks to queue
[2026-09-21T02:11:50.527+0000] {logging_mixin.py:188} INFO - [2026-09-21T02:11:50.526+0000] {dagbag.py:545} INFO - Filling up the DagBag from /opt/airflow/dags/youtube_pipeline.py
[2026-09-21T02:11:50.568+0000] {processor.py:840} INFO - DAG(s) 'youtube_english_video_pipeline' retrieved from /opt/airflow/dags/youtube_pipeline.py
[2026-09-21T02:11:50.613+0000] {logging_mixin.py:188} INFO - [2026-09-21T02:11:50.613+0000] {dag.py:3089} INFO - Sync 1 DAGs
[2026-09-21T02:11:50.672+0000] {processor.py:183} INFO - Processing /opt/airflow/dags/youtube_pipeline.py took 0.158 seconds
[2026-09-21T02:12:21.106+0000] {processor.py:161} INFO - Started process (PID=10701) to work on /opt/airflow/dags/youtube_pipeline.py
[2026-09-21T02:12:21.109+0000] {processor.py:830} INFO - Processing file /opt/airflow/dags/youtube_pipeline.py for tasks to queue
[2026-09-21T02:12:21.111+0000] {logging_mixin.py:188} INFO - [2026-09-21T02:12:21.111+0000] {dagbag.py:545} INFO - Filling up the DagBag from /opt/airflow/dags/youtube_pipeline.py
[2026-09-21T02:12:21.134+0000] {processor.py:840} INFO - DAG(s) 'youtube_english_video_pipeline' retrieved from /opt/airflow/dags/youtube_pipeline.py
[2026-09-21T02:12:21.196+0000] {logging_mixin.py:188} INFO - [2026-09-21T02:12:21.196+0000] {dag.py:3089} INFO - Sync 1 DAGs
[2026-09-21T02:12:21.234+0000] {processor.py:183} INFO - Processing /opt/airflow/dags/youtube_pipeline.py took 0.167 seconds
[2026-09-21T02:12:51.291+0000] {processor.py:161} INFO - Started process (PID=10706) to work on /opt/airflow/dags/youtube_pipeline.py
[2026-09-21T02:12:51.292+0000] {processor.py:830} INFO - Processing file /opt/airflow/dags/youtube_pipeline.py for tasks to queue
[2026-09-21T02:12:51.294+0000] {logging_mixin.py:188} INFO - [2026-09-21T02:12:51.294+0000] {dagbag.py:545} INFO - Filling up the DagBag from /opt/airflow/dags/youtube_pipeline.py
[2026-09-21T02:12:51.325+0000] {processor.py:840} INFO - DAG(s) 'youtube_english_video_pipeline' retrieved from /opt/airflow/dags/youtube_pipeline.py
[2026-09-21T02:12:51.357+0000] {logging_mixin.py:188} INFO - [2026-09-21T02:12:51.357+0000] {dag.py:3089} INFO - Sync 1 DAGs
[2026-09-21T02:12:51.383+0000] {processor.py:183} INFO - Processing /opt/airflow/dags/youtube_pipeline.py took 0.102 seconds
[2026-09-21T02:13:21.492+0000] {processor.py:161} INFO - Started process (PID=10711) to work on /opt/airflow/dags/youtube_pipeline.py
[2026-09-21T02:13:21.493+0000] {processor.py:830} INFO - Processing file /opt/airflow/dags/youtube_pipeline.py for tasks to queue
[2026-09-21T02:13:21.494+0000] {logging_mixin.py:188} INFO - [2026-09-21T02:13:21.494+0000] {dagbag.py:545} INFO - Filling up the DagBag from /opt/airflow/dags/youtube_pipeline.py
[2026-09-21T02:13:21.514+0000] {processor.py:840} INFO - DAG(s) 'youtube_english_video_pipeline' retrieved from /opt/airflow/dags/youtube_pipeline.py
[2026-09-21T02:13:21.543+0000] {logging_mixin.py:188} INFO - [2026-09-21T02:13:21.543+0000] {dag.py:3089} INFO - Sync 1 DAGs
[2026-09-21T02:13:21.570+0000] {processor.py:183} INFO - Processing /opt/airflow/dags/youtube_pipeline.py took 0.084 seconds
[2026-09-21T02:13:51.751+0000] {processor.py:161} INFO - Started process (PID=10716) to work on /opt/airflow/dags/youtube_pipeline.py
[2026-09-21T02:13:51.752+0000] {processor.py:830} INFO - Processing file /opt/airflow/dags/youtube_pipeline.py for tasks to queue
[2026-09-21T02:13:51.755+0000] {logging_mixin.py:188} INFO - [2026-09-21T02:13:51.754+0000] {dagbag.py:545} INFO - Filling up the DagBag from /opt/airflow/dags/youtube_pipeline.py
[2026-09-21T02:13:51.783+0000] {processor.py:840} INFO - DAG(s) 'youtube_english_video_pipeline' retrieved from /opt/airflow/dags/youtube_pipeline.py
[2026-09-21T02:13:51.813+0000] {logging_mixin.py:188} INFO - [2026-09-21T02:13:51.812+0000] {dag.py:3089} INFO - Sync 1 DAGs
[2026-09-21T02:13:51.837+0000] {processor.py:183} INFO - Processing /opt/airflow/dags/youtube_pipeline.py took 0.092 seconds
[2026-09-21T02:14:22.050+0000] {processor.py:161} INFO - Started process (PID=10721) to work on /opt/airflow/dags/youtube_pipeline.py
[2026-09-21T02:14:22.051+0000] {processor.py:830} INFO - Processing file /opt/airflow/dags/youtube_pipeline.py for tasks to queue
[2026-09-21T02:14:22.052+0000] {logging_mixin.py:188} INFO - [2026-09-21T02:14:22.052+0000] {dagbag.py:545} INFO - Filling up the DagBag from /opt/airflow/dags/youtube_pipeline.py
[2026-09-21T02:14:22.074+0000] {processor.py:840} INFO - DAG(s) 'youtube_english_video_pipeline' retrieved from /opt/airflow/dags/youtube_pipeline.py
[2026-09-21T02:14:22.102+0000] {logging_mixin.py:188} INFO - [2026-09-21T02:14:22.102+0000] {dag.py:3089} INFO - Sync 1 DAGs
[2026-09-21T02:14:22.127+0000] {processor.py:183} INFO - Processing /opt/airflow/dags/youtube_pipeline.py took 0.084 seconds
[2026-09-21T02:14:52.270+0000] {processor.py:161} INFO - Started process (PID=10726) to work on /opt/airflow/dags/youtube_pipeline.py
[2026-09-21T02:14:52.271+0000] {processor.py:830} INFO - Processing file /opt/airflow/dags/youtube_pipeline.py for tasks to queue
[2026-09-21T02:14:52.273+0000] {logging_mixin.py:188} INFO - [2026-09-21T02:14:52.273+0000] {dagbag.py:545} INFO - Filling up the DagBag from /opt/airflow/dags/youtube_pipeline.py
[2026-09-21T02:14:52.296+0000] {processor.py:840} INFO - DAG(s) 'youtube_english_video_pipeline' retrieved from /opt/airflow/dags/youtube_pipeline.py
[2026-09-21T02:14:52.326+0000] {logging_mixin.py:188} INFO - [2026-09-21T02:14:52.326+0000] {dag.py:3089} INFO - Sync 1 DAGs
[2026-09-21T02:14:52.353+0000] {processor.py:183} INFO - Processing /opt/airflow/dags/youtube_pipeline.py took 0.089 seconds
[2026-09-21T02:15:22.568+0000] {processor.py:161} INFO - Started process (PID=10731) to work on /opt/airflow/dags/youtube_pipeline.py
[2026-09-21T02:15:22.569+0000] {processor.py:830} INFO - Processing file /opt/airflow/dags/youtube_pipeline.py for tasks to queue
[2026-09-21T02:15:22.571+0000] {logging_mixin.py:188} INFO - [2026-09-21T02:15:22.571+0000] {dagbag.py:545} INFO - Filling up the DagBag from /opt/airflow/dags/youtube_pipeline.py
[2026-09-21T02:15:22.615+0000] {processor.py:840} INFO - DAG(s) 'youtube_english_video_pipeline' retrieved from /opt/airflow/dags/youtube_pipeline.py
[2026-09-21T02:15:22.651+0000] {logging_mixin.py:188} INFO - [2026-09-21T02:15:22.651+0000] {dag.py:3089} INFO - Sync 1 DAGs
[2026-09-21T02:15:22.681+0000] {processor.py:183} INFO - Processing /opt/airflow/dags/youtube_pipeline.py took 0.122 seconds
[2026-09-21T02:15:52.827+0000] {processor.py:161} INFO - Started process (PID=10736) to work on /opt/airflow/dags/youtube_pipeline.py
[2026-09-21T02:15:52.828+0000] {processor.py:830} INFO - Processing file /opt/airflow/dags/youtube_pipeline.py for tasks to queue
[2026-09-21T02:15:52.830+0000] {logging_mixin.py:188} INFO - [2026-09-21T02:15:52.830+0000] {dagbag.py:545} INFO - Filling up the DagBag from /opt/airflow/dags/youtube_pipeline.py
[2026-09-21T02:15:52.852+0000] {processor.py:840} INFO - DAG(s) 'youtube_english_video_pipeline' retrieved from /opt/airflow/dags/youtube_pipeline.py
[2026-09-21T02:15:52.881+0000] {logging_mixin.py:188} INFO - [2026-09-21T02:15:52.881+0000] {dag.py:3089} INFO - Sync 1 DAGs
[2026-09-21T02:15:52.911+0000] {processor.py:183} INFO - Processing /opt/airflow/dags/youtube_pipeline.py took 0.090 seconds
[2026-09-21T02:16:23.165+0000] {processor.py:161} INFO - Started process (PID=10741) to work on /opt/airflow/dags/youtube_pipeline.py
[2026-09-21T02:16:23.166+0000] {processor.py:830} INFO - Processing file /opt/airflow/dags/youtube_pipeline.py for tasks to queue
[2026-09-21T02:16:23.168+0000] {logging_mixin.py:188} INFO - [2026-09-21T02:16:23.168+0000] {dagbag.py:545} INFO - Filling up the DagBag from /opt/airflow/dags/youtube_pipeline.py
[2026-09-21T02:16:23.202+0000] {processor.py:840} INFO - DAG(s) 'youtube_english_video_pipeline' retrieved from /opt/airflow/dags/youtube_pipeline.py
[2026-09-21T02:16:23.249+0000] {logging_mixin.py:188} INFO - [2026-09-21T02:16:23.249+0000] {dag.py:3089} INFO - Sync 1 DAGs
[2026-09-21T02:16:23.298+0000] {processor.py:183} INFO - Processing /opt/airflow/dags/youtube_pipeline.py took 0.142 seconds
[2026-09-21T02:16:53.379+0000] {processor.py:161} INFO - Started process (PID=10746) to work on /opt/airflow/dags/youtube_pipeline.py
[2026-09-21T02:16:53.381+0000] {processor.py:830} INFO - Processing file /opt/airflow/dags/youtube_pipeline.py for tasks to queue
[2026-09-21T02:16:53.383+0000] {logging_mixin.py:188} INFO - [2026-09-21T02:16:53.383+0000] {dagbag.py:545} INFO - Filling up the DagBag from /opt/airflow/dags/youtube_pipeline.py
[2026-09-21T02:16:53.425+0000] {processor.py:840} INFO - DAG(s) 'youtube_english_video_pipeline' retrieved from /opt/airflow/dags/youtube_pipeline.py
[2026-09-21T02:16:53.470+0000] {logging_mixin.py:188} INFO - [2026-09-21T02:16:53.470+0000] {dag.py:3089} INFO - Sync 1 DAGs
[2026-09-21T02:16:53.514+0000] {processor.py:183} INFO - Processing /opt/airflow/dags/youtube_pipeline.py took 0.147 seconds
[2026-09-21T02:17:23.797+0000] {processor.py:161} INFO - Started process (PID=10751) to work on /opt/airflow/dags/youtube_pipeline.py
[2026-09-21T02:17:23.798+0000] {processor.py:830} INFO - Processing file /opt/airflow/dags/youtube_pipeline.py for tasks to queue
[2026-09-21T02:17:23.799+0000] {logging_mixin.py:188} INFO - [2026-09-21T02:17:23.799+0000] {dagbag.py:545} INFO - Filling up the DagBag from /opt/airflow/dags/youtube_pipeline.py
[2026-09-21T02:17:23.823+0000] {processor.py:840} INFO - DAG(s) 'youtube_english_video_pipeline' retrieved from /opt/airflow/dags/youtube_pipeline.py
[2026-09-21T02:17:23.871+0000] {logging_mixin.py:188} INFO - [2026-09-21T02:17:23.871+0000] {dag.py:3089} INFO - Sync 1 DAGs
[2026-09-21T02:17:23.909+0000] {processor.py:183} INFO - Processing /opt/airflow/dags/youtube_pipeline.py took 0.120 seconds
[2026-09-21T02:17:54.016+0000] {processor.py:161} INFO - Started process (PID=10756) to work on /opt/airflow/dags/youtube_pipeline.py
[2026-09-21T02:17:54.017+0000] {processor.py:830} INFO - Processing file /opt/airflow/dags/youtube_pipeline.py for tasks to queue
[2026-09-21T02:17:54.019+0000] {logging_mixin.py:188} INFO - [2026-09-21T02:17:54.019+0000] {dagbag.py:545} INFO - Filling up the DagBag from /opt/airflow/dags/youtube_pipeline.py
[2026-09-21T02:17:54.042+0000] {processor.py:840} INFO - DAG(s) 'youtube_english_video_pipeline' retrieved from /opt/airflow/dags/youtube_pipeline.py
[2026-09-21T02:17:54.079+0000] {logging_mixin.py:188} INFO - [2026-09-21T02:17:54.078+0000] {dag.py:3089} INFO - Sync 1 DAGs
[2026-09-21T02:17:54.106+0000] {processor.py:183} INFO - Processing /opt/airflow/dags/youtube_pipeline.py took 0.096 seconds
[2026-09-21T02:18:24.221+0000] {processor.py:161} INFO - Started process (PID=10761) to work on /opt/airflow/dags/youtube_pipeline.py
[2026-09-21T02:18:24.223+0000] {processor.py:830} INFO - Processing file /opt/airflow/dags/youtube_pipeline.py for tasks to queue
[2026-09-21T02:18:24.224+0000] {logging_mixin.py:188} INFO - [2026-09-21T02:18:24.224+0000] {dagbag.py:545} INFO - Filling up the DagBag from /opt/airflow/dags/youtube_pipeline.py
[2026-09-21T02:18:24.249+0000] {processor.py:840} INFO - DAG(s) 'youtube_english_video_pipeline' retrieved from /opt/airflow/dags/youtube_pipeline.py
[2026-09-21T02:18:24.285+0000] {logging_mixin.py:188} INFO - [2026-09-21T02:18:24.285+0000] {dag.py:3089} INFO - Sync 1 DAGs
[2026-09-21T02:18:24.312+0000] {processor.py:183} INFO - Processing /opt/airflow/dags/youtube_pipeline.py took 0.100 seconds
[2026-09-21T02:18:54.534+0000] {processor.py:161} INFO - Started process (PID=10766) to work on /opt/airflow/dags/youtube_pipeline.py
[2026-09-21T02:18:54.535+0000] {processor.py:830} INFO - Processing file /opt/airflow/dags/youtube_pipeline.py for tasks to queue
[2026-09-21T02:18:54.537+0000] {logging_mixin.py:188} INFO - [2026-09-21T02:18:54.537+0000] {dagbag.py:545} INFO - Filling up the DagBag from /opt/airflow/dags/youtube_pipeline.py
[2026-09-21T02:18:54.584+0000] {processor.py:840} INFO - DAG(s) 'youtube_english_video_pipeline' retrieved from /opt/airflow/dags/youtube_pipeline.py
[2026-09-21T02:18:54.649+0000] {logging_mixin.py:188} INFO - [2026-09-21T02:18:54.649+0000] {dag.py:3089} INFO - Sync 1 DAGs
[2026-09-21T02:18:54.712+0000] {processor.py:183} INFO - Processing /opt/airflow/dags/youtube_pipeline.py took 0.187 seconds
[2026-09-21T02:19:24.942+0000] {processor.py:161} INFO - Started process (PID=10771) to work on /opt/airflow/dags/youtube_pipeline.py
[2026-09-21T02:19:24.943+0000] {processor.py:830} INFO - Processing file /opt/airflow/dags/youtube_pipeline.py for tasks to queue
[2026-09-21T02:19:24.945+0000] {logging_mixin.py:188} INFO - [2026-09-21T02:19:24.945+0000] {dagbag.py:545} INFO - Filling up the DagBag from /opt/airflow/dags/youtube_pipeline.py
[2026-09-21T02:19:24.978+0000] {processor.py:840} INFO - DAG(s) 'youtube_english_video_pipeline' retrieved from /opt/airflow/dags/youtube_pipeline.py
[2026-09-21T02:19:25.009+0000] {logging_mixin.py:188} INFO - [2026-09-21T02:19:25.009+0000] {dag.py:3089} INFO - Sync 1 DAGs
[2026-09-21T02:19:25.044+0000] {processor.py:183} INFO - Processing /opt/airflow/dags/youtube_pipeline.py took 0.109 seconds
[2026-09-21T02:19:55.253+0000] {processor.py:161} INFO - Started process (PID=10776) to work on /opt/airflow/dags/youtube_pipeline.py
[2026-09-21T02:19:55.255+0000] {processor.py:830} INFO - Processing file /opt/airflow/dags/youtube_pipeline.py for tasks to queue
[2026-09-21T02:19:55.258+0000] {logging_mixin.py:188} INFO - [2026-09-21T02:19:55.257+0000] {dagbag.py:545} INFO - Filling up the DagBag from /opt/airflow/dags/youtube_pipeline.py
[2026-09-21T02:19:55.308+0000] {processor.py:840} INFO - DAG(s) 'youtube_english_video_pipeline' retrieved from /opt/airflow/dags/youtube_pipeline.py
[2026-09-21T02:19:55.359+0000] {logging_mixin.py:188} INFO - [2026-09-21T02:19:55.359+0000] {dag.py:3089} INFO - Sync 1 DAGs
[2026-09-21T02:19:55.399+0000] {processor.py:183} INFO - Processing /opt/airflow/dags/youtube_pipeline.py took 0.160 seconds
[2026-09-21T02:20:25.464+0000] {processor.py:161} INFO - Started process (PID=10781) to work on /opt/airflow/dags/youtube_pipeline.py
[2026-09-21T02:20:25.465+0000] {processor.py:830} INFO - Processing file /opt/airflow/dags/youtube_pipeline.py for tasks to queue
[2026-09-21T02:20:25.466+0000] {logging_mixin.py:188} INFO - [2026-09-21T02:20:25.466+0000] {dagbag.py:545} INFO - Filling up the DagBag from /opt/airflow/dags/youtube_pipeline.py
[2026-09-21T02:20:25.485+0000] {processor.py:840} INFO - DAG(s) 'youtube_english_video_pipeline' retrieved from /opt/airflow/dags/youtube_pipeline.py
[2026-09-21T02:20:25.516+0000] {logging_mixin.py:188} INFO - [2026-09-21T02:20:25.516+0000] {dag.py:3089} INFO - Sync 1 DAGs
[2026-09-21T02:20:25.545+0000] {processor.py:183} INFO - Processing /opt/airflow/dags/youtube_pipeline.py took 0.087 seconds
[2026-09-21T02:20:55.960+0000] {processor.py:161} INFO - Started process (PID=10786) to work on /opt/airflow/dags/youtube_pipeline.py
[2026-09-21T02:20:55.965+0000] {processor.py:830} INFO - Processing file /opt/airflow/dags/youtube_pipeline.py for tasks to queue
[2026-09-21T02:20:55.974+0000] {logging_mixin.py:188} INFO - [2026-09-21T02:20:55.974+0000] {dagbag.py:545} INFO - Filling up the DagBag from /opt/airflow/dags/youtube_pipeline.py
[2026-09-21T02:20:56.139+0000] {processor.py:840} INFO - DAG(s) 'youtube_english_video_pipeline' retrieved from /opt/airflow/dags/youtube_pipeline.py
[2026-09-21T02:20:56.178+0000] {logging_mixin.py:188} INFO - [2026-09-21T02:20:56.178+0000] {dag.py:3089} INFO - Sync 1 DAGs
[2026-09-21T02:20:56.209+0000] {processor.py:183} INFO - Processing /opt/airflow/dags/youtube_pipeline.py took 0.291 seconds
[2026-09-21T02:21:26.449+0000] {processor.py:161} INFO - Started process (PID=10791) to work on /opt/airflow/dags/youtube_pipeline.py
[2026-09-21T02:21:26.450+0000] {processor.py:830} INFO - Processing file /opt/airflow/dags/youtube_pipeline.py for tasks to queue
[2026-09-21T02:21:26.451+0000] {logging_mixin.py:188} INFO - [2026-09-21T02:21:26.451+0000] {dagbag.py:545} INFO - Filling up the DagBag from /opt/airflow/dags/youtube_pipeline.py
[2026-09-21T02:21:26.471+0000] {processor.py:840} INFO - DAG(s) 'youtube_english_video_pipeline' retrieved from /opt/airflow/dags/youtube_pipeline.py
[2026-09-21T02:21:26.502+0000] {logging_mixin.py:188} INFO - [2026-09-21T02:21:26.502+0000] {dag.py:3089} INFO - Sync 1 DAGs
[2026-09-21T02:21:26.529+0000] {processor.py:183} INFO - Processing /opt/airflow/dags/youtube_pipeline.py took 0.087 seconds
[2026-09-21T02:21:56.628+0000] {processor.py:161} INFO - Started process (PID=10796) to work on /opt/airflow/dags/youtube_pipeline.py
[2026-09-21T02:21:56.629+0000] {processor.py:830} INFO - Processing file /opt/airflow/dags/youtube_pipeline.py for tasks to queue
[2026-09-21T02:21:56.630+0000] {logging_mixin.py:188} INFO - [2026-09-21T02:21:56.630+0000] {dagbag.py:545} INFO - Filling up the DagBag from /opt/airflow/dags/youtube_pipeline.py
[2026-09-21T02:21:56.650+0000] {processor.py:840} INFO - DAG(s) 'youtube_english_video_pipeline' retrieved from /opt/airflow/dags/youtube_pipeline.py
[2026-09-21T02:21:56.679+0000] {logging_mixin.py:188} INFO - [2026-09-21T02:21:56.678+0000] {dag.py:3089} INFO - Sync 1 DAGs
[2026-09-21T02:21:56.713+0000] {processor.py:183} INFO - Processing /opt/airflow/dags/youtube_pipeline.py took 0.092 seconds
[2026-09-21T02:22:27.066+0000] {processor.py:161} INFO - Started process (PID=10801) to work on /opt/airflow/dags/youtube_pipeline.py
[2026-09-21T02:22:27.067+0000] {processor.py:830} INFO - Processing file /opt/airflow/dags/youtube_pipeline.py for tasks to queue
[2026-09-21T02:22:27.069+0000] {logging_mixin.py:188} INFO - [2026-09-21T02:22:27.069+0000] {dagbag.py:545} INFO - Filling up the DagBag from /opt/airflow/dags/youtube_pipeline.py
[2026-09-21T02:22:27.089+0000] {processor.py:840} INFO - DAG(s) 'youtube_english_video_pipeline' retrieved from /opt/airflow/dags/youtube_pipeline.py
[2026-09-21T02:22:27.119+0000] {logging_mixin.py:188} INFO - [2026-09-21T02:22:27.119+0000] {dag.py:3089} INFO - Sync 1 DAGs
[2026-09-21T02:22:27.147+0000] {processor.py:183} INFO - Processing /opt/airflow/dags/youtube_pipeline.py took 0.086 seconds
[2026-09-21T02:22:57.338+0000] {processor.py:161} INFO - Started process (PID=10806) to work on /opt/airflow/dags/youtube_pipeline.py
[2026-09-21T02:22:57.339+0000] {processor.py:830} INFO - Processing file /opt/airflow/dags/youtube_pipeline.py for tasks to queue
[2026-09-21T02:22:57.340+0000] {logging_mixin.py:188} INFO - [2026-09-21T02:22:57.340+0000] {dagbag.py:545} INFO - Filling up the DagBag from /opt/airflow/dags/youtube_pipeline.py
[2026-09-21T02:22:57.359+0000] {processor.py:840} INFO - DAG(s) 'youtube_english_video_pipeline' retrieved from /opt/airflow/dags/youtube_pipeline.py
[2026-09-21T02:22:57.390+0000] {logging_mixin.py:188} INFO - [2026-09-21T02:22:57.390+0000] {dag.py:3089} INFO - Sync 1 DAGs
[2026-09-21T02:22:57.417+0000] {processor.py:183} INFO - Processing /opt/airflow/dags/youtube_pipeline.py took 0.085 seconds
[2026-09-21T02:23:27.608+0000] {processor.py:161} INFO - Started process (PID=10811) to work on /opt/airflow/dags/youtube_pipeline.py
[2026-09-21T02:23:27.608+0000] {processor.py:830} INFO - Processing file /opt/airflow/dags/youtube_pipeline.py for tasks to queue
[2026-09-21T02:23:27.610+0000] {logging_mixin.py:188} INFO - [2026-09-21T02:23:27.610+0000] {dagbag.py:545} INFO - Filling up the DagBag from /opt/airflow/dags/youtube_pipeline.py
[2026-09-21T02:23:27.630+0000] {processor.py:840} INFO - DAG(s) 'youtube_english_video_pipeline' retrieved from /opt/airflow/dags/youtube_pipeline.py
[2026-09-21T02:23:27.662+0000] {logging_mixin.py:188} INFO - [2026-09-21T02:23:27.662+0000] {dag.py:3089} INFO - Sync 1 DAGs
[2026-09-21T02:23:27.692+0000] {processor.py:183} INFO - Processing /opt/airflow/dags/youtube_pipeline.py took 0.091 seconds
[2026-09-21T02:23:57.870+0000] {processor.py:161} INFO - Started process (PID=10816) to work on /opt/airflow/dags/youtube_pipeline.py
[2026-09-21T02:23:57.871+0000] {processor.py:830} INFO - Processing file /opt/airflow/dags/youtube_pipeline.py for tasks to queue
[2026-09-21T02:23:57.873+0000] {logging_mixin.py:188} INFO - [2026-09-21T02:23:57.873+0000] {dagbag.py:545} INFO - Filling up the DagBag from /opt/airflow/dags/youtube_pipeline.py
[2026-09-21T02:23:57.910+0000] {processor.py:840} INFO - DAG(s) 'youtube_english_video_pipeline' retrieved from /opt/airflow/dags/youtube_pipeline.py
[2026-09-21T02:23:57.944+0000] {logging_mixin.py:188} INFO - [2026-09-21T02:23:57.943+0000] {dag.py:3089} INFO - Sync 1 DAGs
[2026-09-21T02:23:57.973+0000] {processor.py:183} INFO - Processing /opt/airflow/dags/youtube_pipeline.py took 0.119 seconds
[2026-09-21T02:24:28.154+0000] {processor.py:161} INFO - Started process (PID=10821) to work on /opt/airflow/dags/youtube_pipeline.py
[2026-09-21T02:24:28.154+0000] {processor.py:830} INFO - Processing file /opt/airflow/dags/youtube_pipeline.py for tasks to queue
[2026-09-21T02:24:28.156+0000] {logging_mixin.py:188} INFO - [2026-09-21T02:24:28.156+0000] {dagbag.py:545} INFO - Filling up the DagBag from /opt/airflow/dags/youtube_pipeline.py
[2026-09-21T02:24:28.175+0000] {processor.py:840} INFO - DAG(s) 'youtube_english_video_pipeline' retrieved from /opt/airflow/dags/youtube_pipeline.py
[2026-09-21T02:24:28.206+0000] {logging_mixin.py:188} INFO - [2026-09-21T02:24:28.205+0000] {dag.py:3089} INFO - Sync 1 DAGs
[2026-09-21T02:24:28.239+0000] {processor.py:183} INFO - Processing /opt/airflow/dags/youtube_pipeline.py took 0.092 seconds
[2026-09-21T02:24:58.447+0000] {processor.py:161} INFO - Started process (PID=10826) to work on /opt/airflow/dags/youtube_pipeline.py
[2026-09-21T02:24:58.448+0000] {processor.py:830} INFO - Processing file /opt/airflow/dags/youtube_pipeline.py for tasks to queue
[2026-09-21T02:24:58.450+0000] {logging_mixin.py:188} INFO - [2026-09-21T02:24:58.450+0000] {dagbag.py:545} INFO - Filling up the DagBag from /opt/airflow/dags/youtube_pipeline.py
[2026-09-21T02:24:58.486+0000] {processor.py:840} INFO - DAG(s) 'youtube_english_video_pipeline' retrieved from /opt/airflow/dags/youtube_pipeline.py
[2026-09-21T02:24:58.529+0000] {logging_mixin.py:188} INFO - [2026-09-21T02:24:58.529+0000] {dag.py:3089} INFO - Sync 1 DAGs
[2026-09-21T02:24:58.566+0000] {processor.py:183} INFO - Processing /opt/airflow/dags/youtube_pipeline.py took 0.126 seconds
[2026-09-21T02:25:28.700+0000] {processor.py:161} INFO - Started process (PID=10831) to work on /opt/airflow/dags/youtube_pipeline.py
[2026-09-21T02:25:28.702+0000] {processor.py:830} INFO - Processing file /opt/airflow/dags/youtube_pipeline.py for tasks to queue
[2026-09-21T02:25:28.703+0000] {logging_mixin.py:188} INFO - [2026-09-21T02:25:28.703+0000] {dagbag.py:545} INFO - Filling up the DagBag from /opt/airflow/dags/youtube_pipeline.py
[2026-09-21T02:25:28.738+0000] {processor.py:840} INFO - DAG(s) 'youtube_english_video_pipeline' retrieved from /opt/airflow/dags/youtube_pipeline.py
[2026-09-21T02:25:28.775+0000] {logging_mixin.py:188} INFO - [2026-09-21T02:25:28.775+0000] {dag.py:3089} INFO - Sync 1 DAGs
[2026-09-21T02:25:28.808+0000] {processor.py:183} INFO - Processing /opt/airflow/dags/youtube_pipeline.py took 0.117 seconds
[2026-09-21T02:25:59.039+0000] {processor.py:161} INFO - Started process (PID=10836) to work on /opt/airflow/dags/youtube_pipeline.py
[2026-09-21T02:25:59.040+0000] {processor.py:830} INFO - Processing file /opt/airflow/dags/youtube_pipeline.py for tasks to queue
[2026-09-21T02:25:59.042+0000] {logging_mixin.py:188} INFO - [2026-09-21T02:25:59.041+0000] {dagbag.py:545} INFO - Filling up the DagBag from /opt/airflow/dags/youtube_pipeline.py
[2026-09-21T02:25:59.061+0000] {processor.py:840} INFO - DAG(s) 'youtube_english_video_pipeline' retrieved from /opt/airflow/dags/youtube_pipeline.py
[2026-09-21T02:25:59.090+0000] {logging_mixin.py:188} INFO - [2026-09-21T02:25:59.090+0000] {dag.py:3089} INFO - Sync 1 DAGs
[2026-09-21T02:25:59.114+0000] {processor.py:183} INFO - Processing /opt/airflow/dags/youtube_pipeline.py took 0.082 seconds
[2026-09-21T02:26:29.256+0000] {processor.py:161} INFO - Started process (PID=10841) to work on /opt/airflow/dags/youtube_pipeline.py
[2026-09-21T02:26:29.257+0000] {processor.py:830} INFO - Processing file /opt/airflow/dags/youtube_pipeline.py for tasks to queue
[2026-09-21T02:26:29.258+0000] {logging_mixin.py:188} INFO - [2026-09-21T02:26:29.258+0000] {dagbag.py:545} INFO - Filling up the DagBag from /opt/airflow/dags/youtube_pipeline.py
[2026-09-21T02:26:29.280+0000] {processor.py:840} INFO - DAG(s) 'youtube_english_video_pipeline' retrieved from /opt/airflow/dags/youtube_pipeline.py
[2026-09-21T02:26:29.312+0000] {logging_mixin.py:188} INFO - [2026-09-21T02:26:29.312+0000] {dag.py:3089} INFO - Sync 1 DAGs
[2026-09-21T02:26:29.340+0000] {processor.py:183} INFO - Processing /opt/airflow/dags/youtube_pipeline.py took 0.090 seconds
[2026-09-21T02:26:59.586+0000] {processor.py:161} INFO - Started process (PID=10846) to work on /opt/airflow/dags/youtube_pipeline.py
[2026-09-21T02:26:59.587+0000] {processor.py:830} INFO - Processing file /opt/airflow/dags/youtube_pipeline.py for tasks to queue
[2026-09-21T02:26:59.589+0000] {logging_mixin.py:188} INFO - [2026-09-21T02:26:59.589+0000] {dagbag.py:545} INFO - Filling up the DagBag from /opt/airflow/dags/youtube_pipeline.py
[2026-09-21T02:26:59.619+0000] {processor.py:840} INFO - DAG(s) 'youtube_english_video_pipeline' retrieved from /opt/airflow/dags/youtube_pipeline.py
[2026-09-21T02:26:59.651+0000] {logging_mixin.py:188} INFO - [2026-09-21T02:26:59.651+0000] {dag.py:3089} INFO - Sync 1 DAGs
[2026-09-21T02:26:59.679+0000] {processor.py:183} INFO - Processing /opt/airflow/dags/youtube_pipeline.py took 0.101 seconds
[2026-09-21T02:27:29.854+0000] {processor.py:161} INFO - Started process (PID=10851) to work on /opt/airflow/dags/youtube_pipeline.py
[2026-09-21T02:27:29.855+0000] {processor.py:830} INFO - Processing file /opt/airflow/dags/youtube_pipeline.py for tasks to queue
[2026-09-21T02:27:29.857+0000] {logging_mixin.py:188} INFO - [2026-09-21T02:27:29.857+0000] {dagbag.py:545} INFO - Filling up the DagBag from /opt/airflow/dags/youtube_pipeline.py
[2026-09-21T02:27:29.885+0000] {processor.py:840} INFO - DAG(s) 'youtube_english_video_pipeline' retrieved from /opt/airflow/dags/youtube_pipeline.py
[2026-09-21T02:27:29.920+0000] {logging_mixin.py:188} INFO - [2026-09-21T02:27:29.920+0000] {dag.py:3089} INFO - Sync 1 DAGs
[2026-09-21T02:27:29.957+0000] {processor.py:183} INFO - Processing /opt/airflow/dags/youtube_pipeline.py took 0.110 seconds
[2026-09-21T02:28:00.092+0000] {processor.py:161} INFO - Started process (PID=10856) to work on /opt/airflow/dags/youtube_pipeline.py
[2026-09-21T02:28:00.093+0000] {processor.py:830} INFO - Processing file /opt/airflow/dags/youtube_pipeline.py for tasks to queue
[2026-09-21T02:28:00.095+0000] {logging_mixin.py:188} INFO - [2026-09-21T02:28:00.095+0000] {dagbag.py:545} INFO - Filling up the DagBag from /opt/airflow/dags/youtube_pipeline.py
[2026-09-21T02:28:00.123+0000] {processor.py:840} INFO - DAG(s) 'youtube_english_video_pipeline' retrieved from /opt/airflow/dags/youtube_pipeline.py
[2026-09-21T02:28:00.163+0000] {logging_mixin.py:188} INFO - [2026-09-21T02:28:00.162+0000] {dag.py:3089} INFO - Sync 1 DAGs
[2026-09-21T02:28:00.195+0000] {processor.py:183} INFO - Processing /opt/airflow/dags/youtube_pipeline.py took 0.111 seconds
[2026-09-21T02:28:30.263+0000] {processor.py:161} INFO - Started process (PID=10861) to work on /opt/airflow/dags/youtube_pipeline.py
[2026-09-21T02:28:30.264+0000] {processor.py:830} INFO - Processing file /opt/airflow/dags/youtube_pipeline.py for tasks to queue
[2026-09-21T02:28:30.265+0000] {logging_mixin.py:188} INFO - [2026-09-21T02:28:30.265+0000] {dagbag.py:545} INFO - Filling up the DagBag from /opt/airflow/dags/youtube_pipeline.py
[2026-09-21T02:28:30.290+0000] {processor.py:840} INFO - DAG(s) 'youtube_english_video_pipeline' retrieved from /opt/airflow/dags/youtube_pipeline.py
[2026-09-21T02:28:30.326+0000] {logging_mixin.py:188} INFO - [2026-09-21T02:28:30.326+0000] {dag.py:3089} INFO - Sync 1 DAGs
[2026-09-21T02:28:30.366+0000] {processor.py:183} INFO - Processing /opt/airflow/dags/youtube_pipeline.py took 0.110 seconds
[2026-09-21T02:29:00.722+0000] {processor.py:161} INFO - Started process (PID=10866) to work on /opt/airflow/dags/youtube_pipeline.py
[2026-09-21T02:29:00.727+0000] {processor.py:830} INFO - Processing file /opt/airflow/dags/youtube_pipeline.py for tasks to queue
[2026-09-21T02:29:00.734+0000] {logging_mixin.py:188} INFO - [2026-09-21T02:29:00.733+0000] {dagbag.py:545} INFO - Filling up the DagBag from /opt/airflow/dags/youtube_pipeline.py
[2026-09-21T02:29:00.832+0000] {processor.py:840} INFO - DAG(s) 'youtube_english_video_pipeline' retrieved from /opt/airflow/dags/youtube_pipeline.py
[2026-09-21T02:29:00.874+0000] {logging_mixin.py:188} INFO - [2026-09-21T02:29:00.874+0000] {dag.py:3089} INFO - Sync 1 DAGs
[2026-09-21T02:29:00.902+0000] {processor.py:183} INFO - Processing /opt/airflow/dags/youtube_pipeline.py took 0.216 seconds
[2026-09-21T02:29:31.128+0000] {processor.py:161} INFO - Started process (PID=10871) to work on /opt/airflow/dags/youtube_pipeline.py
[2026-09-21T02:29:31.129+0000] {processor.py:830} INFO - Processing file /opt/airflow/dags/youtube_pipeline.py for tasks to queue
[2026-09-21T02:29:31.131+0000] {logging_mixin.py:188} INFO - [2026-09-21T02:29:31.131+0000] {dagbag.py:545} INFO - Filling up the DagBag from /opt/airflow/dags/youtube_pipeline.py
[2026-09-21T02:29:31.159+0000] {processor.py:840} INFO - DAG(s) 'youtube_english_video_pipeline' retrieved from /opt/airflow/dags/youtube_pipeline.py
[2026-09-21T02:29:31.192+0000] {logging_mixin.py:188} INFO - [2026-09-21T02:29:31.192+0000] {dag.py:3089} INFO - Sync 1 DAGs
[2026-09-21T02:29:31.219+0000] {processor.py:183} INFO - Processing /opt/airflow/dags/youtube_pipeline.py took 0.098 seconds
[2026-09-21T02:30:01.450+0000] {processor.py:161} INFO - Started process (PID=10876) to work on /opt/airflow/dags/youtube_pipeline.py
[2026-09-21T02:30:01.451+0000] {processor.py:830} INFO - Processing file /opt/airflow/dags/youtube_pipeline.py for tasks to queue
[2026-09-21T02:30:01.454+0000] {logging_mixin.py:188} INFO - [2026-09-21T02:30:01.454+0000] {dagbag.py:545} INFO - Filling up the DagBag from /opt/airflow/dags/youtube_pipeline.py
[2026-09-21T02:30:01.511+0000] {processor.py:840} INFO - DAG(s) 'youtube_english_video_pipeline' retrieved from /opt/airflow/dags/youtube_pipeline.py
[2026-09-21T02:30:01.556+0000] {logging_mixin.py:188} INFO - [2026-09-21T02:30:01.556+0000] {dag.py:3089} INFO - Sync 1 DAGs
[2026-09-21T02:30:01.593+0000] {processor.py:183} INFO - Processing /opt/airflow/dags/youtube_pipeline.py took 0.157 seconds
[2026-09-21T02:30:31.681+0000] {processor.py:161} INFO - Started process (PID=10881) to work on /opt/airflow/dags/youtube_pipeline.py
[2026-09-21T02:30:31.682+0000] {processor.py:830} INFO - Processing file /opt/airflow/dags/youtube_pipeline.py for tasks to queue
[2026-09-21T02:30:31.683+0000] {logging_mixin.py:188} INFO - [2026-09-21T02:30:31.683+0000] {dagbag.py:545} INFO - Filling up the DagBag from /opt/airflow/dags/youtube_pipeline.py
[2026-09-21T02:30:31.711+0000] {processor.py:840} INFO - DAG(s) 'youtube_english_video_pipeline' retrieved from /opt/airflow/dags/youtube_pipeline.py
[2026-09-21T02:30:31.747+0000] {logging_mixin.py:188} INFO - [2026-09-21T02:30:31.747+0000] {dag.py:3089} INFO - Sync 1 DAGs
[2026-09-21T02:30:31.775+0000] {processor.py:183} INFO - Processing /opt/airflow/dags/youtube_pipeline.py took 0.103 seconds
[2026-09-21T02:31:01.889+0000] {processor.py:161} INFO - Started process (PID=10886) to work on /opt/airflow/dags/youtube_pipeline.py
[2026-09-21T02:31:01.890+0000] {processor.py:830} INFO - Processing file /opt/airflow/dags/youtube_pipeline.py for tasks to queue
[2026-09-21T02:31:01.892+0000] {logging_mixin.py:188} INFO - [2026-09-21T02:31:01.891+0000] {dagbag.py:545} INFO - Filling up the DagBag from /opt/airflow/dags/youtube_pipeline.py
[2026-09-21T02:31:01.914+0000] {processor.py:840} INFO - DAG(s) 'youtube_english_video_pipeline' retrieved from /opt/airflow/dags/youtube_pipeline.py
[2026-09-21T02:31:01.949+0000] {logging_mixin.py:188} INFO - [2026-09-21T02:31:01.949+0000] {dag.py:3089} INFO - Sync 1 DAGs
[2026-09-21T02:31:01.979+0000] {processor.py:183} INFO - Processing /opt/airflow/dags/youtube_pipeline.py took 0.097 seconds
[2026-09-21T02:31:32.251+0000] {processor.py:161} INFO - Started process (PID=10891) to work on /opt/airflow/dags/youtube_pipeline.py
[2026-09-21T02:31:32.252+0000] {processor.py:830} INFO - Processing file /opt/airflow/dags/youtube_pipeline.py for tasks to queue
[2026-09-21T02:31:32.254+0000] {logging_mixin.py:188} INFO - [2026-09-21T02:31:32.254+0000] {dagbag.py:545} INFO - Filling up the DagBag from /opt/airflow/dags/youtube_pipeline.py
[2026-09-21T02:31:32.289+0000] {processor.py:840} INFO - DAG(s) 'youtube_english_video_pipeline' retrieved from /opt/airflow/dags/youtube_pipeline.py
[2026-09-21T02:31:32.325+0000] {logging_mixin.py:188} INFO - [2026-09-21T02:31:32.325+0000] {dag.py:3089} INFO - Sync 1 DAGs
[2026-09-21T02:31:32.355+0000] {processor.py:183} INFO - Processing /opt/airflow/dags/youtube_pipeline.py took 0.111 seconds
[2026-09-21T02:32:02.502+0000] {processor.py:161} INFO - Started process (PID=10896) to work on /opt/airflow/dags/youtube_pipeline.py
[2026-09-21T02:32:02.503+0000] {processor.py:830} INFO - Processing file /opt/airflow/dags/youtube_pipeline.py for tasks to queue
[2026-09-21T02:32:02.505+0000] {logging_mixin.py:188} INFO - [2026-09-21T02:32:02.505+0000] {dagbag.py:545} INFO - Filling up the DagBag from /opt/airflow/dags/youtube_pipeline.py
[2026-09-21T02:32:02.560+0000] {processor.py:840} INFO - DAG(s) 'youtube_english_video_pipeline' retrieved from /opt/airflow/dags/youtube_pipeline.py
[2026-09-21T02:32:02.603+0000] {logging_mixin.py:188} INFO - [2026-09-21T02:32:02.603+0000] {dag.py:3089} INFO - Sync 1 DAGs
[2026-09-21T02:32:02.633+0000] {processor.py:183} INFO - Processing /opt/airflow/dags/youtube_pipeline.py took 0.139 seconds
[2026-09-21T02:32:32.779+0000] {processor.py:161} INFO - Started process (PID=10901) to work on /opt/airflow/dags/youtube_pipeline.py
[2026-09-21T02:32:32.780+0000] {processor.py:830} INFO - Processing file /opt/airflow/dags/youtube_pipeline.py for tasks to queue
[2026-09-21T02:32:32.782+0000] {logging_mixin.py:188} INFO - [2026-09-21T02:32:32.782+0000] {dagbag.py:545} INFO - Filling up the DagBag from /opt/airflow/dags/youtube_pipeline.py
[2026-09-21T02:32:32.805+0000] {processor.py:840} INFO - DAG(s) 'youtube_english_video_pipeline' retrieved from /opt/airflow/dags/youtube_pipeline.py
[2026-09-21T02:32:32.843+0000] {logging_mixin.py:188} INFO - [2026-09-21T02:32:32.843+0000] {dag.py:3089} INFO - Sync 1 DAGs
[2026-09-21T02:32:32.872+0000] {processor.py:183} INFO - Processing /opt/airflow/dags/youtube_pipeline.py took 0.099 seconds
[2026-09-21T02:33:03.136+0000] {processor.py:161} INFO - Started process (PID=10906) to work on /opt/airflow/dags/youtube_pipeline.py
[2026-09-21T02:33:03.136+0000] {processor.py:830} INFO - Processing file /opt/airflow/dags/youtube_pipeline.py for tasks to queue
[2026-09-21T02:33:03.138+0000] {logging_mixin.py:188} INFO - [2026-09-21T02:33:03.138+0000] {dagbag.py:545} INFO - Filling up the DagBag from /opt/airflow/dags/youtube_pipeline.py
[2026-09-21T02:33:03.160+0000] {processor.py:840} INFO - DAG(s) 'youtube_english_video_pipeline' retrieved from /opt/airflow/dags/youtube_pipeline.py
[2026-09-21T02:33:03.193+0000] {logging_mixin.py:188} INFO - [2026-09-21T02:33:03.193+0000] {dag.py:3089} INFO - Sync 1 DAGs
[2026-09-21T02:33:03.222+0000] {processor.py:183} INFO - Processing /opt/airflow/dags/youtube_pipeline.py took 0.093 seconds
[2026-09-21T02:33:33.395+0000] {processor.py:161} INFO - Started process (PID=10911) to work on /opt/airflow/dags/youtube_pipeline.py
[2026-09-21T02:33:33.396+0000] {processor.py:830} INFO - Processing file /opt/airflow/dags/youtube_pipeline.py for tasks to queue
[2026-09-21T02:33:33.397+0000] {logging_mixin.py:188} INFO - [2026-09-21T02:33:33.397+0000] {dagbag.py:545} INFO - Filling up the DagBag from /opt/airflow/dags/youtube_pipeline.py
[2026-09-21T02:33:33.418+0000] {processor.py:840} INFO - DAG(s) 'youtube_english_video_pipeline' retrieved from /opt/airflow/dags/youtube_pipeline.py
[2026-09-21T02:33:33.450+0000] {logging_mixin.py:188} INFO - [2026-09-21T02:33:33.450+0000] {dag.py:3089} INFO - Sync 1 DAGs
[2026-09-21T02:33:33.478+0000] {processor.py:183} INFO - Processing /opt/airflow/dags/youtube_pipeline.py took 0.089 seconds
[2026-09-21T02:34:03.656+0000] {processor.py:161} INFO - Started process (PID=10916) to work on /opt/airflow/dags/youtube_pipeline.py
[2026-09-21T02:34:03.657+0000] {processor.py:830} INFO - Processing file /opt/airflow/dags/youtube_pipeline.py for tasks to queue
[2026-09-21T02:34:03.658+0000] {logging_mixin.py:188} INFO - [2026-09-21T02:34:03.658+0000] {dagbag.py:545} INFO - Filling up the DagBag from /opt/airflow/dags/youtube_pipeline.py
[2026-09-21T02:34:03.678+0000] {processor.py:840} INFO - DAG(s) 'youtube_english_video_pipeline' retrieved from /opt/airflow/dags/youtube_pipeline.py
[2026-09-21T02:34:03.711+0000] {logging_mixin.py:188} INFO - [2026-09-21T02:34:03.711+0000] {dag.py:3089} INFO - Sync 1 DAGs
[2026-09-21T02:34:03.743+0000] {processor.py:183} INFO - Processing /opt/airflow/dags/youtube_pipeline.py took 0.094 seconds
[2026-09-21T02:34:33.999+0000] {processor.py:161} INFO - Started process (PID=10921) to work on /opt/airflow/dags/youtube_pipeline.py
[2026-09-21T02:34:34.002+0000] {processor.py:830} INFO - Processing file /opt/airflow/dags/youtube_pipeline.py for tasks to queue
[2026-09-21T02:34:34.005+0000] {logging_mixin.py:188} INFO - [2026-09-21T02:34:34.004+0000] {dagbag.py:545} INFO - Filling up the DagBag from /opt/airflow/dags/youtube_pipeline.py
[2026-09-21T02:34:34.131+0000] {processor.py:840} INFO - DAG(s) 'youtube_english_video_pipeline' retrieved from /opt/airflow/dags/youtube_pipeline.py
[2026-09-21T02:34:34.177+0000] {logging_mixin.py:188} INFO - [2026-09-21T02:34:34.177+0000] {dag.py:3089} INFO - Sync 1 DAGs
[2026-09-21T02:34:34.217+0000] {processor.py:183} INFO - Processing /opt/airflow/dags/youtube_pipeline.py took 0.250 seconds
[2026-09-21T02:35:04.525+0000] {processor.py:161} INFO - Started process (PID=10926) to work on /opt/airflow/dags/youtube_pipeline.py
[2026-09-21T02:35:04.526+0000] {processor.py:830} INFO - Processing file /opt/airflow/dags/youtube_pipeline.py for tasks to queue
[2026-09-21T02:35:04.528+0000] {logging_mixin.py:188} INFO - [2026-09-21T02:35:04.527+0000] {dagbag.py:545} INFO - Filling up the DagBag from /opt/airflow/dags/youtube_pipeline.py
[2026-09-21T02:35:04.548+0000] {processor.py:840} INFO - DAG(s) 'youtube_english_video_pipeline' retrieved from /opt/airflow/dags/youtube_pipeline.py
[2026-09-21T02:35:04.577+0000] {logging_mixin.py:188} INFO - [2026-09-21T02:35:04.577+0000] {dag.py:3089} INFO - Sync 1 DAGs
[2026-09-21T02:35:04.608+0000] {processor.py:183} INFO - Processing /opt/airflow/dags/youtube_pipeline.py took 0.088 seconds
[2026-09-21T02:35:34.818+0000] {processor.py:161} INFO - Started process (PID=10931) to work on /opt/airflow/dags/youtube_pipeline.py
[2026-09-21T02:35:34.819+0000] {processor.py:830} INFO - Processing file /opt/airflow/dags/youtube_pipeline.py for tasks to queue
[2026-09-21T02:35:34.821+0000] {logging_mixin.py:188} INFO - [2026-09-21T02:35:34.820+0000] {dagbag.py:545} INFO - Filling up the DagBag from /opt/airflow/dags/youtube_pipeline.py
[2026-09-21T02:35:34.861+0000] {processor.py:840} INFO - DAG(s) 'youtube_english_video_pipeline' retrieved from /opt/airflow/dags/youtube_pipeline.py
[2026-09-21T02:35:34.899+0000] {logging_mixin.py:188} INFO - [2026-09-21T02:35:34.899+0000] {dag.py:3089} INFO - Sync 1 DAGs
[2026-09-21T02:35:34.930+0000] {processor.py:183} INFO - Processing /opt/airflow/dags/youtube_pipeline.py took 0.124 seconds
[2026-09-21T02:36:05.104+0000] {processor.py:161} INFO - Started process (PID=10936) to work on /opt/airflow/dags/youtube_pipeline.py
[2026-09-21T02:36:05.105+0000] {processor.py:830} INFO - Processing file /opt/airflow/dags/youtube_pipeline.py for tasks to queue
[2026-09-21T02:36:05.108+0000] {logging_mixin.py:188} INFO - [2026-09-21T02:36:05.107+0000] {dagbag.py:545} INFO - Filling up the DagBag from /opt/airflow/dags/youtube_pipeline.py
[2026-09-21T02:36:05.133+0000] {processor.py:840} INFO - DAG(s) 'youtube_english_video_pipeline' retrieved from /opt/airflow/dags/youtube_pipeline.py
[2026-09-21T02:36:05.172+0000] {logging_mixin.py:188} INFO - [2026-09-21T02:36:05.172+0000] {dag.py:3089} INFO - Sync 1 DAGs
[2026-09-21T02:36:05.204+0000] {processor.py:183} INFO - Processing /opt/airflow/dags/youtube_pipeline.py took 0.108 seconds
[2026-09-21T02:36:35.318+0000] {processor.py:161} INFO - Started process (PID=10941) to work on /opt/airflow/dags/youtube_pipeline.py
[2026-09-21T02:36:35.319+0000] {processor.py:830} INFO - Processing file /opt/airflow/dags/youtube_pipeline.py for tasks to queue
[2026-09-21T02:36:35.321+0000] {logging_mixin.py:188} INFO - [2026-09-21T02:36:35.321+0000] {dagbag.py:545} INFO - Filling up the DagBag from /opt/airflow/dags/youtube_pipeline.py
[2026-09-21T02:36:35.338+0000] {processor.py:840} INFO - DAG(s) 'youtube_english_video_pipeline' retrieved from /opt/airflow/dags/youtube_pipeline.py
[2026-09-21T02:36:35.371+0000] {logging_mixin.py:188} INFO - [2026-09-21T02:36:35.371+0000] {dag.py:3089} INFO - Sync 1 DAGs
[2026-09-21T02:36:35.399+0000] {processor.py:183} INFO - Processing /opt/airflow/dags/youtube_pipeline.py took 0.086 seconds
[2026-09-21T02:37:05.655+0000] {processor.py:161} INFO - Started process (PID=10946) to work on /opt/airflow/dags/youtube_pipeline.py
[2026-09-21T02:37:05.656+0000] {processor.py:830} INFO - Processing file /opt/airflow/dags/youtube_pipeline.py for tasks to queue
[2026-09-21T02:37:05.658+0000] {logging_mixin.py:188} INFO - [2026-09-21T02:37:05.658+0000] {dagbag.py:545} INFO - Filling up the DagBag from /opt/airflow/dags/youtube_pipeline.py
[2026-09-21T02:37:05.682+0000] {processor.py:840} INFO - DAG(s) 'youtube_english_video_pipeline' retrieved from /opt/airflow/dags/youtube_pipeline.py
[2026-09-21T02:37:05.717+0000] {logging_mixin.py:188} INFO - [2026-09-21T02:37:05.716+0000] {dag.py:3089} INFO - Sync 1 DAGs
[2026-09-21T02:37:05.755+0000] {processor.py:183} INFO - Processing /opt/airflow/dags/youtube_pipeline.py took 0.109 seconds
[2026-09-21T02:37:35.878+0000] {processor.py:161} INFO - Started process (PID=10951) to work on /opt/airflow/dags/youtube_pipeline.py
[2026-09-21T02:37:35.879+0000] {processor.py:830} INFO - Processing file /opt/airflow/dags/youtube_pipeline.py for tasks to queue
[2026-09-21T02:37:35.880+0000] {logging_mixin.py:188} INFO - [2026-09-21T02:37:35.880+0000] {dagbag.py:545} INFO - Filling up the DagBag from /opt/airflow/dags/youtube_pipeline.py
[2026-09-21T02:37:35.900+0000] {processor.py:840} INFO - DAG(s) 'youtube_english_video_pipeline' retrieved from /opt/airflow/dags/youtube_pipeline.py
[2026-09-21T02:37:35.930+0000] {logging_mixin.py:188} INFO - [2026-09-21T02:37:35.930+0000] {dag.py:3089} INFO - Sync 1 DAGs
[2026-09-21T02:37:35.958+0000] {processor.py:183} INFO - Processing /opt/airflow/dags/youtube_pipeline.py took 0.086 seconds
[2026-09-21T02:38:06.347+0000] {processor.py:161} INFO - Started process (PID=10956) to work on /opt/airflow/dags/youtube_pipeline.py
[2026-09-21T02:38:06.349+0000] {processor.py:830} INFO - Processing file /opt/airflow/dags/youtube_pipeline.py for tasks to queue
[2026-09-21T02:38:06.354+0000] {logging_mixin.py:188} INFO - [2026-09-21T02:38:06.353+0000] {dagbag.py:545} INFO - Filling up the DagBag from /opt/airflow/dags/youtube_pipeline.py
[2026-09-21T02:38:06.563+0000] {processor.py:840} INFO - DAG(s) 'youtube_english_video_pipeline' retrieved from /opt/airflow/dags/youtube_pipeline.py
[2026-09-21T02:38:06.616+0000] {logging_mixin.py:188} INFO - [2026-09-21T02:38:06.616+0000] {dag.py:3089} INFO - Sync 1 DAGs
[2026-09-21T02:38:06.657+0000] {processor.py:183} INFO - Processing /opt/airflow/dags/youtube_pipeline.py took 0.345 seconds
[2026-09-21T02:38:36.867+0000] {processor.py:161} INFO - Started process (PID=10961) to work on /opt/airflow/dags/youtube_pipeline.py
[2026-09-21T02:38:36.867+0000] {processor.py:830} INFO - Processing file /opt/airflow/dags/youtube_pipeline.py for tasks to queue
[2026-09-21T02:38:36.869+0000] {logging_mixin.py:188} INFO - [2026-09-21T02:38:36.869+0000] {dagbag.py:545} INFO - Filling up the DagBag from /opt/airflow/dags/youtube_pipeline.py
[2026-09-21T02:38:36.887+0000] {processor.py:840} INFO - DAG(s) 'youtube_english_video_pipeline' retrieved from /opt/airflow/dags/youtube_pipeline.py
[2026-09-21T02:38:36.919+0000] {logging_mixin.py:188} INFO - [2026-09-21T02:38:36.919+0000] {dag.py:3089} INFO - Sync 1 DAGs
[2026-09-21T02:38:36.947+0000] {processor.py:183} INFO - Processing /opt/airflow/dags/youtube_pipeline.py took 0.086 seconds
[2026-09-21T02:39:07.158+0000] {processor.py:161} INFO - Started process (PID=10966) to work on /opt/airflow/dags/youtube_pipeline.py
[2026-09-21T02:39:07.160+0000] {processor.py:830} INFO - Processing file /opt/airflow/dags/youtube_pipeline.py for tasks to queue
[2026-09-21T02:39:07.163+0000] {logging_mixin.py:188} INFO - [2026-09-21T02:39:07.163+0000] {dagbag.py:545} INFO - Filling up the DagBag from /opt/airflow/dags/youtube_pipeline.py
[2026-09-21T02:39:07.215+0000] {processor.py:840} INFO - DAG(s) 'youtube_english_video_pipeline' retrieved from /opt/airflow/dags/youtube_pipeline.py
[2026-09-21T02:39:07.249+0000] {logging_mixin.py:188} INFO - [2026-09-21T02:39:07.249+0000] {dag.py:3089} INFO - Sync 1 DAGs
[2026-09-21T02:39:07.284+0000] {processor.py:183} INFO - Processing /opt/airflow/dags/youtube_pipeline.py took 0.144 seconds
[2026-09-21T02:39:37.544+0000] {processor.py:161} INFO - Started process (PID=10971) to work on /opt/airflow/dags/youtube_pipeline.py
[2026-09-21T02:39:37.546+0000] {processor.py:830} INFO - Processing file /opt/airflow/dags/youtube_pipeline.py for tasks to queue
[2026-09-21T02:39:37.549+0000] {logging_mixin.py:188} INFO - [2026-09-21T02:39:37.548+0000] {dagbag.py:545} INFO - Filling up the DagBag from /opt/airflow/dags/youtube_pipeline.py
[2026-09-21T02:39:37.574+0000] {processor.py:840} INFO - DAG(s) 'youtube_english_video_pipeline' retrieved from /opt/airflow/dags/youtube_pipeline.py
[2026-09-21T02:39:37.603+0000] {logging_mixin.py:188} INFO - [2026-09-21T02:39:37.603+0000] {dag.py:3089} INFO - Sync 1 DAGs
[2026-09-21T02:39:37.630+0000] {processor.py:183} INFO - Processing /opt/airflow/dags/youtube_pipeline.py took 0.100 seconds
[2026-09-21T02:40:07.763+0000] {processor.py:161} INFO - Started process (PID=10976) to work on /opt/airflow/dags/youtube_pipeline.py
[2026-09-21T02:40:07.764+0000] {processor.py:830} INFO - Processing file /opt/airflow/dags/youtube_pipeline.py for tasks to queue
[2026-09-21T02:40:07.765+0000] {logging_mixin.py:188} INFO - [2026-09-21T02:40:07.765+0000] {dagbag.py:545} INFO - Filling up the DagBag from /opt/airflow/dags/youtube_pipeline.py
[2026-09-21T02:40:07.789+0000] {processor.py:840} INFO - DAG(s) 'youtube_english_video_pipeline' retrieved from /opt/airflow/dags/youtube_pipeline.py
[2026-09-21T02:40:07.822+0000] {logging_mixin.py:188} INFO - [2026-09-21T02:40:07.822+0000] {dag.py:3089} INFO - Sync 1 DAGs
[2026-09-21T02:40:07.857+0000] {processor.py:183} INFO - Processing /opt/airflow/dags/youtube_pipeline.py took 0.101 seconds
[2026-09-21T02:40:38.054+0000] {processor.py:161} INFO - Started process (PID=10981) to work on /opt/airflow/dags/youtube_pipeline.py
[2026-09-21T02:40:38.055+0000] {processor.py:830} INFO - Processing file /opt/airflow/dags/youtube_pipeline.py for tasks to queue
[2026-09-21T02:40:38.058+0000] {logging_mixin.py:188} INFO - [2026-09-21T02:40:38.058+0000] {dagbag.py:545} INFO - Filling up the DagBag from /opt/airflow/dags/youtube_pipeline.py
[2026-09-21T02:40:38.077+0000] {processor.py:840} INFO - DAG(s) 'youtube_english_video_pipeline' retrieved from /opt/airflow/dags/youtube_pipeline.py
[2026-09-21T02:40:38.107+0000] {logging_mixin.py:188} INFO - [2026-09-21T02:40:38.107+0000] {dag.py:3089} INFO - Sync 1 DAGs
[2026-09-21T02:40:38.139+0000] {processor.py:183} INFO - Processing /opt/airflow/dags/youtube_pipeline.py took 0.091 seconds
[2026-09-21T02:41:08.335+0000] {processor.py:161} INFO - Started process (PID=10986) to work on /opt/airflow/dags/youtube_pipeline.py
[2026-09-21T02:41:08.336+0000] {processor.py:830} INFO - Processing file /opt/airflow/dags/youtube_pipeline.py for tasks to queue
[2026-09-21T02:41:08.338+0000] {logging_mixin.py:188} INFO - [2026-09-21T02:41:08.337+0000] {dagbag.py:545} INFO - Filling up the DagBag from /opt/airflow/dags/youtube_pipeline.py
[2026-09-21T02:41:08.357+0000] {processor.py:840} INFO - DAG(s) 'youtube_english_video_pipeline' retrieved from /opt/airflow/dags/youtube_pipeline.py
[2026-09-21T02:41:08.391+0000] {logging_mixin.py:188} INFO - [2026-09-21T02:41:08.391+0000] {dag.py:3089} INFO - Sync 1 DAGs
[2026-09-21T02:41:08.421+0000] {processor.py:183} INFO - Processing /opt/airflow/dags/youtube_pipeline.py took 0.091 seconds
[2026-09-21T02:41:38.561+0000] {processor.py:161} INFO - Started process (PID=10991) to work on /opt/airflow/dags/youtube_pipeline.py
[2026-09-21T02:41:38.562+0000] {processor.py:830} INFO - Processing file /opt/airflow/dags/youtube_pipeline.py for tasks to queue
[2026-09-21T02:41:38.563+0000] {logging_mixin.py:188} INFO - [2026-09-21T02:41:38.563+0000] {dagbag.py:545} INFO - Filling up the DagBag from /opt/airflow/dags/youtube_pipeline.py
[2026-09-21T02:41:38.591+0000] {processor.py:840} INFO - DAG(s) 'youtube_english_video_pipeline' retrieved from /opt/airflow/dags/youtube_pipeline.py
[2026-09-21T02:41:38.620+0000] {logging_mixin.py:188} INFO - [2026-09-21T02:41:38.620+0000] {dag.py:3089} INFO - Sync 1 DAGs
[2026-09-21T02:41:38.647+0000] {processor.py:183} INFO - Processing /opt/airflow/dags/youtube_pipeline.py took 0.092 seconds
[2026-09-21T02:42:08.892+0000] {processor.py:161} INFO - Started process (PID=10996) to work on /opt/airflow/dags/youtube_pipeline.py
[2026-09-21T02:42:08.893+0000] {processor.py:830} INFO - Processing file /opt/airflow/dags/youtube_pipeline.py for tasks to queue
[2026-09-21T02:42:08.895+0000] {logging_mixin.py:188} INFO - [2026-09-21T02:42:08.895+0000] {dagbag.py:545} INFO - Filling up the DagBag from /opt/airflow/dags/youtube_pipeline.py
[2026-09-21T02:42:08.919+0000] {processor.py:840} INFO - DAG(s) 'youtube_english_video_pipeline' retrieved from /opt/airflow/dags/youtube_pipeline.py
[2026-09-21T02:42:08.962+0000] {logging_mixin.py:188} INFO - [2026-09-21T02:42:08.961+0000] {dag.py:3089} INFO - Sync 1 DAGs
[2026-09-21T02:42:08.994+0000] {processor.py:183} INFO - Processing /opt/airflow/dags/youtube_pipeline.py took 0.110 seconds
[2026-09-21T02:42:39.244+0000] {processor.py:161} INFO - Started process (PID=11001) to work on /opt/airflow/dags/youtube_pipeline.py
[2026-09-21T02:42:39.246+0000] {processor.py:830} INFO - Processing file /opt/airflow/dags/youtube_pipeline.py for tasks to queue
[2026-09-21T02:42:39.249+0000] {logging_mixin.py:188} INFO - [2026-09-21T02:42:39.249+0000] {dagbag.py:545} INFO - Filling up the DagBag from /opt/airflow/dags/youtube_pipeline.py
[2026-09-21T02:42:39.287+0000] {processor.py:840} INFO - DAG(s) 'youtube_english_video_pipeline' retrieved from /opt/airflow/dags/youtube_pipeline.py
[2026-09-21T02:42:39.322+0000] {logging_mixin.py:188} INFO - [2026-09-21T02:42:39.321+0000] {dag.py:3089} INFO - Sync 1 DAGs
[2026-09-21T02:42:39.361+0000] {processor.py:183} INFO - Processing /opt/airflow/dags/youtube_pipeline.py took 0.135 seconds
[2026-09-21T02:43:09.432+0000] {processor.py:161} INFO - Started process (PID=11006) to work on /opt/airflow/dags/youtube_pipeline.py
[2026-09-21T02:43:09.434+0000] {processor.py:830} INFO - Processing file /opt/airflow/dags/youtube_pipeline.py for tasks to queue
[2026-09-21T02:43:09.436+0000] {logging_mixin.py:188} INFO - [2026-09-21T02:43:09.436+0000] {dagbag.py:545} INFO - Filling up the DagBag from /opt/airflow/dags/youtube_pipeline.py
[2026-09-21T02:43:09.468+0000] {processor.py:840} INFO - DAG(s) 'youtube_english_video_pipeline' retrieved from /opt/airflow/dags/youtube_pipeline.py
[2026-09-21T02:43:09.509+0000] {logging_mixin.py:188} INFO - [2026-09-21T02:43:09.509+0000] {dag.py:3089} INFO - Sync 1 DAGs
[2026-09-21T02:43:09.541+0000] {processor.py:183} INFO - Processing /opt/airflow/dags/youtube_pipeline.py took 0.123 seconds
[2026-09-21T02:43:39.642+0000] {processor.py:161} INFO - Started process (PID=11011) to work on /opt/airflow/dags/youtube_pipeline.py
[2026-09-21T02:43:39.643+0000] {processor.py:830} INFO - Processing file /opt/airflow/dags/youtube_pipeline.py for tasks to queue
[2026-09-21T02:43:39.645+0000] {logging_mixin.py:188} INFO - [2026-09-21T02:43:39.645+0000] {dagbag.py:545} INFO - Filling up the DagBag from /opt/airflow/dags/youtube_pipeline.py
[2026-09-21T02:43:39.667+0000] {processor.py:840} INFO - DAG(s) 'youtube_english_video_pipeline' retrieved from /opt/airflow/dags/youtube_pipeline.py
[2026-09-21T02:43:39.700+0000] {logging_mixin.py:188} INFO - [2026-09-21T02:43:39.700+0000] {dag.py:3089} INFO - Sync 1 DAGs
[2026-09-21T02:43:39.727+0000] {processor.py:183} INFO - Processing /opt/airflow/dags/youtube_pipeline.py took 0.091 seconds
[2026-09-21T02:44:09.954+0000] {processor.py:161} INFO - Started process (PID=11016) to work on /opt/airflow/dags/youtube_pipeline.py
[2026-09-21T02:44:09.956+0000] {processor.py:830} INFO - Processing file /opt/airflow/dags/youtube_pipeline.py for tasks to queue
[2026-09-21T02:44:09.957+0000] {logging_mixin.py:188} INFO - [2026-09-21T02:44:09.957+0000] {dagbag.py:545} INFO - Filling up the DagBag from /opt/airflow/dags/youtube_pipeline.py
[2026-09-21T02:44:09.993+0000] {processor.py:840} INFO - DAG(s) 'youtube_english_video_pipeline' retrieved from /opt/airflow/dags/youtube_pipeline.py
[2026-09-21T02:44:10.026+0000] {logging_mixin.py:188} INFO - [2026-09-21T02:44:10.026+0000] {dag.py:3089} INFO - Sync 1 DAGs
[2026-09-21T02:44:10.056+0000] {processor.py:183} INFO - Processing /opt/airflow/dags/youtube_pipeline.py took 0.110 seconds
[2026-09-21T02:44:40.157+0000] {processor.py:161} INFO - Started process (PID=11021) to work on /opt/airflow/dags/youtube_pipeline.py
[2026-09-21T02:44:40.158+0000] {processor.py:830} INFO - Processing file /opt/airflow/dags/youtube_pipeline.py for tasks to queue
[2026-09-21T02:44:40.160+0000] {logging_mixin.py:188} INFO - [2026-09-21T02:44:40.160+0000] {dagbag.py:545} INFO - Filling up the DagBag from /opt/airflow/dags/youtube_pipeline.py
[2026-09-21T02:44:40.195+0000] {processor.py:840} INFO - DAG(s) 'youtube_english_video_pipeline' retrieved from /opt/airflow/dags/youtube_pipeline.py
[2026-09-21T02:44:40.238+0000] {logging_mixin.py:188} INFO - [2026-09-21T02:44:40.238+0000] {dag.py:3089} INFO - Sync 1 DAGs
[2026-09-21T02:44:40.273+0000] {processor.py:183} INFO - Processing /opt/airflow/dags/youtube_pipeline.py took 0.126 seconds
[2026-09-21T02:45:10.598+0000] {processor.py:161} INFO - Started process (PID=11026) to work on /opt/airflow/dags/youtube_pipeline.py
[2026-09-21T02:45:10.599+0000] {processor.py:830} INFO - Processing file /opt/airflow/dags/youtube_pipeline.py for tasks to queue
[2026-09-21T02:45:10.600+0000] {logging_mixin.py:188} INFO - [2026-09-21T02:45:10.600+0000] {dagbag.py:545} INFO - Filling up the DagBag from /opt/airflow/dags/youtube_pipeline.py
[2026-09-21T02:45:10.632+0000] {processor.py:840} INFO - DAG(s) 'youtube_english_video_pipeline' retrieved from /opt/airflow/dags/youtube_pipeline.py
[2026-09-21T02:45:10.662+0000] {logging_mixin.py:188} INFO - [2026-09-21T02:45:10.662+0000] {dag.py:3089} INFO - Sync 1 DAGs
[2026-09-21T02:45:10.689+0000] {processor.py:183} INFO - Processing /opt/airflow/dags/youtube_pipeline.py took 0.100 seconds
[2026-09-21T02:45:40.781+0000] {processor.py:161} INFO - Started process (PID=11031) to work on /opt/airflow/dags/youtube_pipeline.py
[2026-09-21T02:45:40.782+0000] {processor.py:830} INFO - Processing file /opt/airflow/dags/youtube_pipeline.py for tasks to queue
[2026-09-21T02:45:40.784+0000] {logging_mixin.py:188} INFO - [2026-09-21T02:45:40.784+0000] {dagbag.py:545} INFO - Filling up the DagBag from /opt/airflow/dags/youtube_pipeline.py
[2026-09-21T02:45:40.814+0000] {processor.py:840} INFO - DAG(s) 'youtube_english_video_pipeline' retrieved from /opt/airflow/dags/youtube_pipeline.py
[2026-09-21T02:45:40.844+0000] {logging_mixin.py:188} INFO - [2026-09-21T02:45:40.844+0000] {dag.py:3089} INFO - Sync 1 DAGs
[2026-09-21T02:45:40.871+0000] {processor.py:183} INFO - Processing /opt/airflow/dags/youtube_pipeline.py took 0.099 seconds
[2026-09-21T02:46:11.117+0000] {processor.py:161} INFO - Started process (PID=11036) to work on /opt/airflow/dags/youtube_pipeline.py
[2026-09-21T02:46:11.119+0000] {processor.py:830} INFO - Processing file /opt/airflow/dags/youtube_pipeline.py for tasks to queue
[2026-09-21T02:46:11.121+0000] {logging_mixin.py:188} INFO - [2026-09-21T02:46:11.121+0000] {dagbag.py:545} INFO - Filling up the DagBag from /opt/airflow/dags/youtube_pipeline.py
[2026-09-21T02:46:11.158+0000] {processor.py:840} INFO - DAG(s) 'youtube_english_video_pipeline' retrieved from /opt/airflow/dags/youtube_pipeline.py
[2026-09-21T02:46:11.200+0000] {logging_mixin.py:188} INFO - [2026-09-21T02:46:11.200+0000] {dag.py:3089} INFO - Sync 1 DAGs
[2026-09-21T02:46:11.239+0000] {processor.py:183} INFO - Processing /opt/airflow/dags/youtube_pipeline.py took 0.131 seconds
[2026-09-21T02:46:41.318+0000] {processor.py:161} INFO - Started process (PID=11041) to work on /opt/airflow/dags/youtube_pipeline.py
[2026-09-21T02:46:41.319+0000] {processor.py:830} INFO - Processing file /opt/airflow/dags/youtube_pipeline.py for tasks to queue
[2026-09-21T02:46:41.321+0000] {logging_mixin.py:188} INFO - [2026-09-21T02:46:41.320+0000] {dagbag.py:545} INFO - Filling up the DagBag from /opt/airflow/dags/youtube_pipeline.py
[2026-09-21T02:46:41.340+0000] {processor.py:840} INFO - DAG(s) 'youtube_english_video_pipeline' retrieved from /opt/airflow/dags/youtube_pipeline.py
[2026-09-21T02:46:41.371+0000] {logging_mixin.py:188} INFO - [2026-09-21T02:46:41.371+0000] {dag.py:3089} INFO - Sync 1 DAGs
[2026-09-21T02:46:41.399+0000] {processor.py:183} INFO - Processing /opt/airflow/dags/youtube_pipeline.py took 0.087 seconds
[2026-09-21T02:47:11.653+0000] {processor.py:161} INFO - Started process (PID=11046) to work on /opt/airflow/dags/youtube_pipeline.py
[2026-09-21T02:47:11.656+0000] {processor.py:830} INFO - Processing file /opt/airflow/dags/youtube_pipeline.py for tasks to queue
[2026-09-21T02:47:11.659+0000] {logging_mixin.py:188} INFO - [2026-09-21T02:47:11.659+0000] {dagbag.py:545} INFO - Filling up the DagBag from /opt/airflow/dags/youtube_pipeline.py
[2026-09-21T02:47:11.716+0000] {processor.py:840} INFO - DAG(s) 'youtube_english_video_pipeline' retrieved from /opt/airflow/dags/youtube_pipeline.py
[2026-09-21T02:47:11.771+0000] {logging_mixin.py:188} INFO - [2026-09-21T02:47:11.771+0000] {dag.py:3089} INFO - Sync 1 DAGs
[2026-09-21T02:47:11.816+0000] {processor.py:183} INFO - Processing /opt/airflow/dags/youtube_pipeline.py took 0.182 seconds
[2026-09-21T02:47:42.032+0000] {processor.py:161} INFO - Started process (PID=11051) to work on /opt/airflow/dags/youtube_pipeline.py
[2026-09-21T02:47:42.033+0000] {processor.py:830} INFO - Processing file /opt/airflow/dags/youtube_pipeline.py for tasks to queue
[2026-09-21T02:47:42.035+0000] {logging_mixin.py:188} INFO - [2026-09-21T02:47:42.034+0000] {dagbag.py:545} INFO - Filling up the DagBag from /opt/airflow/dags/youtube_pipeline.py
[2026-09-21T02:47:42.054+0000] {processor.py:840} INFO - DAG(s) 'youtube_english_video_pipeline' retrieved from /opt/airflow/dags/youtube_pipeline.py
[2026-09-21T02:47:42.083+0000] {logging_mixin.py:188} INFO - [2026-09-21T02:47:42.083+0000] {dag.py:3089} INFO - Sync 1 DAGs
[2026-09-21T02:47:42.110+0000] {processor.py:183} INFO - Processing /opt/airflow/dags/youtube_pipeline.py took 0.085 seconds
[2026-09-21T02:48:12.267+0000] {processor.py:161} INFO - Started process (PID=11056) to work on /opt/airflow/dags/youtube_pipeline.py
[2026-09-21T02:48:12.269+0000] {processor.py:830} INFO - Processing file /opt/airflow/dags/youtube_pipeline.py for tasks to queue
[2026-09-21T02:48:12.271+0000] {logging_mixin.py:188} INFO - [2026-09-21T02:48:12.270+0000] {dagbag.py:545} INFO - Filling up the DagBag from /opt/airflow/dags/youtube_pipeline.py
[2026-09-21T02:48:12.292+0000] {processor.py:840} INFO - DAG(s) 'youtube_english_video_pipeline' retrieved from /opt/airflow/dags/youtube_pipeline.py
[2026-09-21T02:48:12.322+0000] {logging_mixin.py:188} INFO - [2026-09-21T02:48:12.322+0000] {dag.py:3089} INFO - Sync 1 DAGs
[2026-09-21T02:48:12.347+0000] {processor.py:183} INFO - Processing /opt/airflow/dags/youtube_pipeline.py took 0.090 seconds
[2026-09-21T02:48:42.557+0000] {processor.py:161} INFO - Started process (PID=11061) to work on /opt/airflow/dags/youtube_pipeline.py
[2026-09-21T02:48:42.558+0000] {processor.py:830} INFO - Processing file /opt/airflow/dags/youtube_pipeline.py for tasks to queue
[2026-09-21T02:48:42.559+0000] {logging_mixin.py:188} INFO - [2026-09-21T02:48:42.559+0000] {dagbag.py:545} INFO - Filling up the DagBag from /opt/airflow/dags/youtube_pipeline.py
[2026-09-21T02:48:42.581+0000] {processor.py:840} INFO - DAG(s) 'youtube_english_video_pipeline' retrieved from /opt/airflow/dags/youtube_pipeline.py
[2026-09-21T02:48:42.610+0000] {logging_mixin.py:188} INFO - [2026-09-21T02:48:42.610+0000] {dag.py:3089} INFO - Sync 1 DAGs
[2026-09-21T02:48:42.638+0000] {processor.py:183} INFO - Processing /opt/airflow/dags/youtube_pipeline.py took 0.086 seconds
[2026-09-21T02:49:12.857+0000] {processor.py:161} INFO - Started process (PID=11066) to work on /opt/airflow/dags/youtube_pipeline.py
[2026-09-21T02:49:12.864+0000] {processor.py:830} INFO - Processing file /opt/airflow/dags/youtube_pipeline.py for tasks to queue
[2026-09-21T02:49:12.866+0000] {logging_mixin.py:188} INFO - [2026-09-21T02:49:12.865+0000] {dagbag.py:545} INFO - Filling up the DagBag from /opt/airflow/dags/youtube_pipeline.py
[2026-09-21T02:49:12.889+0000] {processor.py:840} INFO - DAG(s) 'youtube_english_video_pipeline' retrieved from /opt/airflow/dags/youtube_pipeline.py
[2026-09-21T02:49:12.919+0000] {logging_mixin.py:188} INFO - [2026-09-21T02:49:12.919+0000] {dag.py:3089} INFO - Sync 1 DAGs
[2026-09-21T02:49:12.947+0000] {processor.py:183} INFO - Processing /opt/airflow/dags/youtube_pipeline.py took 0.103 seconds
[2026-09-21T02:49:43.175+0000] {processor.py:161} INFO - Started process (PID=11071) to work on /opt/airflow/dags/youtube_pipeline.py
[2026-09-21T02:49:43.176+0000] {processor.py:830} INFO - Processing file /opt/airflow/dags/youtube_pipeline.py for tasks to queue
[2026-09-21T02:49:43.177+0000] {logging_mixin.py:188} INFO - [2026-09-21T02:49:43.177+0000] {dagbag.py:545} INFO - Filling up the DagBag from /opt/airflow/dags/youtube_pipeline.py
[2026-09-21T02:49:43.196+0000] {processor.py:840} INFO - DAG(s) 'youtube_english_video_pipeline' retrieved from /opt/airflow/dags/youtube_pipeline.py
[2026-09-21T02:49:43.224+0000] {logging_mixin.py:188} INFO - [2026-09-21T02:49:43.224+0000] {dag.py:3089} INFO - Sync 1 DAGs
[2026-09-21T02:49:43.249+0000] {processor.py:183} INFO - Processing /opt/airflow/dags/youtube_pipeline.py took 0.080 seconds
[2026-09-21T02:50:13.378+0000] {processor.py:161} INFO - Started process (PID=11076) to work on /opt/airflow/dags/youtube_pipeline.py
[2026-09-21T02:50:13.379+0000] {processor.py:830} INFO - Processing file /opt/airflow/dags/youtube_pipeline.py for tasks to queue
[2026-09-21T02:50:13.381+0000] {logging_mixin.py:188} INFO - [2026-09-21T02:50:13.381+0000] {dagbag.py:545} INFO - Filling up the DagBag from /opt/airflow/dags/youtube_pipeline.py
[2026-09-21T02:50:13.403+0000] {processor.py:840} INFO - DAG(s) 'youtube_english_video_pipeline' retrieved from /opt/airflow/dags/youtube_pipeline.py
[2026-09-21T02:50:13.447+0000] {logging_mixin.py:188} INFO - [2026-09-21T02:50:13.447+0000] {dag.py:3089} INFO - Sync 1 DAGs
[2026-09-21T02:50:13.475+0000] {processor.py:183} INFO - Processing /opt/airflow/dags/youtube_pipeline.py took 0.104 seconds
[2026-09-21T02:50:43.691+0000] {processor.py:161} INFO - Started process (PID=11081) to work on /opt/airflow/dags/youtube_pipeline.py
[2026-09-21T02:50:43.692+0000] {processor.py:830} INFO - Processing file /opt/airflow/dags/youtube_pipeline.py for tasks to queue
[2026-09-21T02:50:43.693+0000] {logging_mixin.py:188} INFO - [2026-09-21T02:50:43.693+0000] {dagbag.py:545} INFO - Filling up the DagBag from /opt/airflow/dags/youtube_pipeline.py
[2026-09-21T02:50:43.716+0000] {processor.py:840} INFO - DAG(s) 'youtube_english_video_pipeline' retrieved from /opt/airflow/dags/youtube_pipeline.py
[2026-09-21T02:50:43.746+0000] {logging_mixin.py:188} INFO - [2026-09-21T02:50:43.745+0000] {dag.py:3089} INFO - Sync 1 DAGs
[2026-09-21T02:50:43.771+0000] {processor.py:183} INFO - Processing /opt/airflow/dags/youtube_pipeline.py took 0.086 seconds
[2026-09-21T02:51:13.902+0000] {processor.py:161} INFO - Started process (PID=11086) to work on /opt/airflow/dags/youtube_pipeline.py
[2026-09-21T02:51:13.903+0000] {processor.py:830} INFO - Processing file /opt/airflow/dags/youtube_pipeline.py for tasks to queue
[2026-09-21T02:51:13.905+0000] {logging_mixin.py:188} INFO - [2026-09-21T02:51:13.905+0000] {dagbag.py:545} INFO - Filling up the DagBag from /opt/airflow/dags/youtube_pipeline.py
[2026-09-21T02:51:13.924+0000] {processor.py:840} INFO - DAG(s) 'youtube_english_video_pipeline' retrieved from /opt/airflow/dags/youtube_pipeline.py
[2026-09-21T02:51:13.953+0000] {logging_mixin.py:188} INFO - [2026-09-21T02:51:13.953+0000] {dag.py:3089} INFO - Sync 1 DAGs
[2026-09-21T02:51:13.988+0000] {processor.py:183} INFO - Processing /opt/airflow/dags/youtube_pipeline.py took 0.091 seconds
[2026-09-21T02:51:44.249+0000] {processor.py:161} INFO - Started process (PID=11091) to work on /opt/airflow/dags/youtube_pipeline.py
[2026-09-21T02:51:44.251+0000] {processor.py:830} INFO - Processing file /opt/airflow/dags/youtube_pipeline.py for tasks to queue
[2026-09-21T02:51:44.254+0000] {logging_mixin.py:188} INFO - [2026-09-21T02:51:44.253+0000] {dagbag.py:545} INFO - Filling up the DagBag from /opt/airflow/dags/youtube_pipeline.py
[2026-09-21T02:51:44.308+0000] {processor.py:840} INFO - DAG(s) 'youtube_english_video_pipeline' retrieved from /opt/airflow/dags/youtube_pipeline.py
[2026-09-21T02:51:44.366+0000] {logging_mixin.py:188} INFO - [2026-09-21T02:51:44.366+0000] {dag.py:3089} INFO - Sync 1 DAGs
[2026-09-21T02:51:44.434+0000] {processor.py:183} INFO - Processing /opt/airflow/dags/youtube_pipeline.py took 0.201 seconds
[2026-09-21T02:52:14.803+0000] {processor.py:161} INFO - Started process (PID=11096) to work on /opt/airflow/dags/youtube_pipeline.py
[2026-09-21T02:52:14.804+0000] {processor.py:830} INFO - Processing file /opt/airflow/dags/youtube_pipeline.py for tasks to queue
[2026-09-21T02:52:14.806+0000] {logging_mixin.py:188} INFO - [2026-09-21T02:52:14.805+0000] {dagbag.py:545} INFO - Filling up the DagBag from /opt/airflow/dags/youtube_pipeline.py
[2026-09-21T02:52:14.840+0000] {processor.py:840} INFO - DAG(s) 'youtube_english_video_pipeline' retrieved from /opt/airflow/dags/youtube_pipeline.py
[2026-09-21T02:52:14.881+0000] {logging_mixin.py:188} INFO - [2026-09-21T02:52:14.881+0000] {dag.py:3089} INFO - Sync 1 DAGs
[2026-09-21T02:52:14.908+0000] {processor.py:183} INFO - Processing /opt/airflow/dags/youtube_pipeline.py took 0.113 seconds
[2026-09-21T02:52:44.978+0000] {processor.py:161} INFO - Started process (PID=11101) to work on /opt/airflow/dags/youtube_pipeline.py
[2026-09-21T02:52:44.979+0000] {processor.py:830} INFO - Processing file /opt/airflow/dags/youtube_pipeline.py for tasks to queue
[2026-09-21T02:52:44.981+0000] {logging_mixin.py:188} INFO - [2026-09-21T02:52:44.981+0000] {dagbag.py:545} INFO - Filling up the DagBag from /opt/airflow/dags/youtube_pipeline.py
[2026-09-21T02:52:45.006+0000] {processor.py:840} INFO - DAG(s) 'youtube_english_video_pipeline' retrieved from /opt/airflow/dags/youtube_pipeline.py
[2026-09-21T02:52:45.043+0000] {logging_mixin.py:188} INFO - [2026-09-21T02:52:45.043+0000] {dag.py:3089} INFO - Sync 1 DAGs
[2026-09-21T02:52:47.700+0000] {processor.py:183} INFO - Processing /opt/airflow/dags/youtube_pipeline.py took 2.731 seconds
[2026-09-21T02:53:17.924+0000] {processor.py:161} INFO - Started process (PID=11106) to work on /opt/airflow/dags/youtube_pipeline.py
[2026-09-21T02:53:17.925+0000] {processor.py:830} INFO - Processing file /opt/airflow/dags/youtube_pipeline.py for tasks to queue
[2026-09-21T02:53:17.926+0000] {logging_mixin.py:188} INFO - [2026-09-21T02:53:17.926+0000] {dagbag.py:545} INFO - Filling up the DagBag from /opt/airflow/dags/youtube_pipeline.py
[2026-09-21T02:53:17.944+0000] {processor.py:840} INFO - DAG(s) 'youtube_english_video_pipeline' retrieved from /opt/airflow/dags/youtube_pipeline.py
[2026-09-21T02:53:17.973+0000] {logging_mixin.py:188} INFO - [2026-09-21T02:53:17.973+0000] {dag.py:3089} INFO - Sync 1 DAGs
[2026-09-21T02:53:17.999+0000] {processor.py:183} INFO - Processing /opt/airflow/dags/youtube_pipeline.py took 0.082 seconds
[2026-09-21T02:53:48.157+0000] {processor.py:161} INFO - Started process (PID=11111) to work on /opt/airflow/dags/youtube_pipeline.py
[2026-09-21T02:53:48.158+0000] {processor.py:830} INFO - Processing file /opt/airflow/dags/youtube_pipeline.py for tasks to queue
[2026-09-21T02:53:48.160+0000] {logging_mixin.py:188} INFO - [2026-09-21T02:53:48.160+0000] {dagbag.py:545} INFO - Filling up the DagBag from /opt/airflow/dags/youtube_pipeline.py
[2026-09-21T02:53:48.181+0000] {processor.py:840} INFO - DAG(s) 'youtube_english_video_pipeline' retrieved from /opt/airflow/dags/youtube_pipeline.py
[2026-09-21T02:53:48.215+0000] {logging_mixin.py:188} INFO - [2026-09-21T02:53:48.214+0000] {dag.py:3089} INFO - Sync 1 DAGs
[2026-09-21T02:53:48.248+0000] {processor.py:183} INFO - Processing /opt/airflow/dags/youtube_pipeline.py took 0.097 seconds
[2026-09-21T02:54:18.383+0000] {processor.py:161} INFO - Started process (PID=11116) to work on /opt/airflow/dags/youtube_pipeline.py
[2026-09-21T02:54:18.384+0000] {processor.py:830} INFO - Processing file /opt/airflow/dags/youtube_pipeline.py for tasks to queue
[2026-09-21T02:54:18.385+0000] {logging_mixin.py:188} INFO - [2026-09-21T02:54:18.385+0000] {dagbag.py:545} INFO - Filling up the DagBag from /opt/airflow/dags/youtube_pipeline.py
[2026-09-21T02:54:18.408+0000] {processor.py:840} INFO - DAG(s) 'youtube_english_video_pipeline' retrieved from /opt/airflow/dags/youtube_pipeline.py
[2026-09-21T02:54:18.445+0000] {logging_mixin.py:188} INFO - [2026-09-21T02:54:18.445+0000] {dag.py:3089} INFO - Sync 1 DAGs
[2026-09-21T02:54:18.478+0000] {processor.py:183} INFO - Processing /opt/airflow/dags/youtube_pipeline.py took 0.102 seconds
[2026-09-21T02:54:48.636+0000] {processor.py:161} INFO - Started process (PID=11121) to work on /opt/airflow/dags/youtube_pipeline.py
[2026-09-21T02:54:48.637+0000] {processor.py:830} INFO - Processing file /opt/airflow/dags/youtube_pipeline.py for tasks to queue
[2026-09-21T02:54:48.638+0000] {logging_mixin.py:188} INFO - [2026-09-21T02:54:48.638+0000] {dagbag.py:545} INFO - Filling up the DagBag from /opt/airflow/dags/youtube_pipeline.py
[2026-09-21T02:54:48.662+0000] {processor.py:840} INFO - DAG(s) 'youtube_english_video_pipeline' retrieved from /opt/airflow/dags/youtube_pipeline.py
[2026-09-21T02:54:48.691+0000] {logging_mixin.py:188} INFO - [2026-09-21T02:54:48.691+0000] {dag.py:3089} INFO - Sync 1 DAGs
[2026-09-21T02:54:48.718+0000] {processor.py:183} INFO - Processing /opt/airflow/dags/youtube_pipeline.py took 0.091 seconds
[2026-09-21T02:55:18.968+0000] {processor.py:161} INFO - Started process (PID=11126) to work on /opt/airflow/dags/youtube_pipeline.py
[2026-09-21T02:55:18.970+0000] {processor.py:830} INFO - Processing file /opt/airflow/dags/youtube_pipeline.py for tasks to queue
[2026-09-21T02:55:18.972+0000] {logging_mixin.py:188} INFO - [2026-09-21T02:55:18.972+0000] {dagbag.py:545} INFO - Filling up the DagBag from /opt/airflow/dags/youtube_pipeline.py
[2026-09-21T02:55:19.009+0000] {processor.py:840} INFO - DAG(s) 'youtube_english_video_pipeline' retrieved from /opt/airflow/dags/youtube_pipeline.py
[2026-09-21T02:55:19.050+0000] {logging_mixin.py:188} INFO - [2026-09-21T02:55:19.050+0000] {dag.py:3089} INFO - Sync 1 DAGs
[2026-09-21T02:55:19.087+0000] {processor.py:183} INFO - Processing /opt/airflow/dags/youtube_pipeline.py took 0.129 seconds
[2026-09-21T02:55:49.154+0000] {processor.py:161} INFO - Started process (PID=11131) to work on /opt/airflow/dags/youtube_pipeline.py
[2026-09-21T02:55:49.155+0000] {processor.py:830} INFO - Processing file /opt/airflow/dags/youtube_pipeline.py for tasks to queue
[2026-09-21T02:55:49.157+0000] {logging_mixin.py:188} INFO - [2026-09-21T02:55:49.157+0000] {dagbag.py:545} INFO - Filling up the DagBag from /opt/airflow/dags/youtube_pipeline.py
[2026-09-21T02:55:49.176+0000] {processor.py:840} INFO - DAG(s) 'youtube_english_video_pipeline' retrieved from /opt/airflow/dags/youtube_pipeline.py
[2026-09-21T02:55:49.217+0000] {logging_mixin.py:188} INFO - [2026-09-21T02:55:49.217+0000] {dag.py:3089} INFO - Sync 1 DAGs
[2026-09-21T02:55:49.246+0000] {processor.py:183} INFO - Processing /opt/airflow/dags/youtube_pipeline.py took 0.097 seconds
[2026-09-21T02:56:19.420+0000] {processor.py:161} INFO - Started process (PID=11136) to work on /opt/airflow/dags/youtube_pipeline.py
[2026-09-21T02:56:19.422+0000] {processor.py:830} INFO - Processing file /opt/airflow/dags/youtube_pipeline.py for tasks to queue
[2026-09-21T02:56:19.424+0000] {logging_mixin.py:188} INFO - [2026-09-21T02:56:19.424+0000] {dagbag.py:545} INFO - Filling up the DagBag from /opt/airflow/dags/youtube_pipeline.py
[2026-09-21T02:56:19.459+0000] {processor.py:840} INFO - DAG(s) 'youtube_english_video_pipeline' retrieved from /opt/airflow/dags/youtube_pipeline.py
[2026-09-21T02:56:19.492+0000] {logging_mixin.py:188} INFO - [2026-09-21T02:56:19.492+0000] {dag.py:3089} INFO - Sync 1 DAGs
[2026-09-21T02:56:19.523+0000] {processor.py:183} INFO - Processing /opt/airflow/dags/youtube_pipeline.py took 0.115 seconds
[2026-09-21T02:56:49.674+0000] {processor.py:161} INFO - Started process (PID=11141) to work on /opt/airflow/dags/youtube_pipeline.py
[2026-09-21T02:56:49.675+0000] {processor.py:830} INFO - Processing file /opt/airflow/dags/youtube_pipeline.py for tasks to queue
[2026-09-21T02:56:49.676+0000] {logging_mixin.py:188} INFO - [2026-09-21T02:56:49.676+0000] {dagbag.py:545} INFO - Filling up the DagBag from /opt/airflow/dags/youtube_pipeline.py
[2026-09-21T02:56:49.711+0000] {processor.py:840} INFO - DAG(s) 'youtube_english_video_pipeline' retrieved from /opt/airflow/dags/youtube_pipeline.py
[2026-09-21T02:56:49.749+0000] {logging_mixin.py:188} INFO - [2026-09-21T02:56:49.749+0000] {dag.py:3089} INFO - Sync 1 DAGs
[2026-09-21T02:56:49.786+0000] {processor.py:183} INFO - Processing /opt/airflow/dags/youtube_pipeline.py took 0.121 seconds
[2026-09-21T02:57:19.982+0000] {processor.py:161} INFO - Started process (PID=11146) to work on /opt/airflow/dags/youtube_pipeline.py
[2026-09-21T02:57:19.983+0000] {processor.py:830} INFO - Processing file /opt/airflow/dags/youtube_pipeline.py for tasks to queue
[2026-09-21T02:57:19.985+0000] {logging_mixin.py:188} INFO - [2026-09-21T02:57:19.985+0000] {dagbag.py:545} INFO - Filling up the DagBag from /opt/airflow/dags/youtube_pipeline.py
[2026-09-21T02:57:20.017+0000] {processor.py:840} INFO - DAG(s) 'youtube_english_video_pipeline' retrieved from /opt/airflow/dags/youtube_pipeline.py
[2026-09-21T02:57:20.054+0000] {logging_mixin.py:188} INFO - [2026-09-21T02:57:20.054+0000] {dag.py:3089} INFO - Sync 1 DAGs
[2026-09-21T02:57:20.091+0000] {processor.py:183} INFO - Processing /opt/airflow/dags/youtube_pipeline.py took 0.118 seconds
[2026-09-21T02:57:50.207+0000] {processor.py:161} INFO - Started process (PID=11151) to work on /opt/airflow/dags/youtube_pipeline.py
[2026-09-21T02:57:50.208+0000] {processor.py:830} INFO - Processing file /opt/airflow/dags/youtube_pipeline.py for tasks to queue
[2026-09-21T02:57:50.210+0000] {logging_mixin.py:188} INFO - [2026-09-21T02:57:50.210+0000] {dagbag.py:545} INFO - Filling up the DagBag from /opt/airflow/dags/youtube_pipeline.py
[2026-09-21T02:57:50.243+0000] {processor.py:840} INFO - DAG(s) 'youtube_english_video_pipeline' retrieved from /opt/airflow/dags/youtube_pipeline.py
[2026-09-21T02:57:50.277+0000] {logging_mixin.py:188} INFO - [2026-09-21T02:57:50.277+0000] {dag.py:3089} INFO - Sync 1 DAGs
[2026-09-21T02:57:50.310+0000] {processor.py:183} INFO - Processing /opt/airflow/dags/youtube_pipeline.py took 0.112 seconds
[2026-09-21T02:58:20.375+0000] {processor.py:161} INFO - Started process (PID=11156) to work on /opt/airflow/dags/youtube_pipeline.py
[2026-09-21T02:58:20.376+0000] {processor.py:830} INFO - Processing file /opt/airflow/dags/youtube_pipeline.py for tasks to queue
[2026-09-21T02:58:20.378+0000] {logging_mixin.py:188} INFO - [2026-09-21T02:58:20.377+0000] {dagbag.py:545} INFO - Filling up the DagBag from /opt/airflow/dags/youtube_pipeline.py
[2026-09-21T02:58:20.398+0000] {processor.py:840} INFO - DAG(s) 'youtube_english_video_pipeline' retrieved from /opt/airflow/dags/youtube_pipeline.py
[2026-09-21T02:58:20.428+0000] {logging_mixin.py:188} INFO - [2026-09-21T02:58:20.428+0000] {dag.py:3089} INFO - Sync 1 DAGs
[2026-09-21T02:58:20.457+0000] {processor.py:183} INFO - Processing /opt/airflow/dags/youtube_pipeline.py took 0.088 seconds
[2026-09-21T02:58:50.703+0000] {processor.py:161} INFO - Started process (PID=11161) to work on /opt/airflow/dags/youtube_pipeline.py
[2026-09-21T02:58:50.704+0000] {processor.py:830} INFO - Processing file /opt/airflow/dags/youtube_pipeline.py for tasks to queue
[2026-09-21T02:58:50.705+0000] {logging_mixin.py:188} INFO - [2026-09-21T02:58:50.705+0000] {dagbag.py:545} INFO - Filling up the DagBag from /opt/airflow/dags/youtube_pipeline.py
[2026-09-21T02:58:50.724+0000] {processor.py:840} INFO - DAG(s) 'youtube_english_video_pipeline' retrieved from /opt/airflow/dags/youtube_pipeline.py
[2026-09-21T02:58:50.753+0000] {logging_mixin.py:188} INFO - [2026-09-21T02:58:50.753+0000] {dag.py:3089} INFO - Sync 1 DAGs
[2026-09-21T02:58:50.779+0000] {processor.py:183} INFO - Processing /opt/airflow/dags/youtube_pipeline.py took 0.088 seconds
[2026-09-21T02:59:20.921+0000] {processor.py:161} INFO - Started process (PID=11166) to work on /opt/airflow/dags/youtube_pipeline.py
[2026-09-21T02:59:20.922+0000] {processor.py:830} INFO - Processing file /opt/airflow/dags/youtube_pipeline.py for tasks to queue
[2026-09-21T02:59:20.924+0000] {logging_mixin.py:188} INFO - [2026-09-21T02:59:20.924+0000] {dagbag.py:545} INFO - Filling up the DagBag from /opt/airflow/dags/youtube_pipeline.py
[2026-09-21T02:59:20.970+0000] {processor.py:840} INFO - DAG(s) 'youtube_english_video_pipeline' retrieved from /opt/airflow/dags/youtube_pipeline.py
[2026-09-21T02:59:21.000+0000] {logging_mixin.py:188} INFO - [2026-09-21T02:59:20.999+0000] {dag.py:3089} INFO - Sync 1 DAGs
[2026-09-21T02:59:21.184+0000] {processor.py:183} INFO - Processing /opt/airflow/dags/youtube_pipeline.py took 0.272 seconds
[2026-09-21T02:59:51.285+0000] {processor.py:161} INFO - Started process (PID=11171) to work on /opt/airflow/dags/youtube_pipeline.py
[2026-09-21T02:59:51.286+0000] {processor.py:830} INFO - Processing file /opt/airflow/dags/youtube_pipeline.py for tasks to queue
[2026-09-21T02:59:51.287+0000] {logging_mixin.py:188} INFO - [2026-09-21T02:59:51.287+0000] {dagbag.py:545} INFO - Filling up the DagBag from /opt/airflow/dags/youtube_pipeline.py
[2026-09-21T02:59:51.313+0000] {processor.py:840} INFO - DAG(s) 'youtube_english_video_pipeline' retrieved from /opt/airflow/dags/youtube_pipeline.py
[2026-09-21T02:59:51.345+0000] {logging_mixin.py:188} INFO - [2026-09-21T02:59:51.345+0000] {dag.py:3089} INFO - Sync 1 DAGs
[2026-09-21T02:59:51.370+0000] {processor.py:183} INFO - Processing /opt/airflow/dags/youtube_pipeline.py took 0.093 seconds
[2026-09-21T03:00:21.487+0000] {processor.py:161} INFO - Started process (PID=11176) to work on /opt/airflow/dags/youtube_pipeline.py
[2026-09-21T03:00:21.488+0000] {processor.py:830} INFO - Processing file /opt/airflow/dags/youtube_pipeline.py for tasks to queue
[2026-09-21T03:00:21.489+0000] {logging_mixin.py:188} INFO - [2026-09-21T03:00:21.489+0000] {dagbag.py:545} INFO - Filling up the DagBag from /opt/airflow/dags/youtube_pipeline.py
[2026-09-21T03:00:21.513+0000] {processor.py:840} INFO - DAG(s) 'youtube_english_video_pipeline' retrieved from /opt/airflow/dags/youtube_pipeline.py
[2026-09-21T03:00:21.544+0000] {logging_mixin.py:188} INFO - [2026-09-21T03:00:21.544+0000] {dag.py:3089} INFO - Sync 1 DAGs
[2026-09-21T03:00:21.571+0000] {processor.py:183} INFO - Processing /opt/airflow/dags/youtube_pipeline.py took 0.091 seconds
[2026-09-21T03:00:51.877+0000] {processor.py:161} INFO - Started process (PID=11181) to work on /opt/airflow/dags/youtube_pipeline.py
[2026-09-21T03:00:51.880+0000] {processor.py:830} INFO - Processing file /opt/airflow/dags/youtube_pipeline.py for tasks to queue
[2026-09-21T03:00:51.883+0000] {logging_mixin.py:188} INFO - [2026-09-21T03:00:51.882+0000] {dagbag.py:545} INFO - Filling up the DagBag from /opt/airflow/dags/youtube_pipeline.py
[2026-09-21T03:00:51.968+0000] {processor.py:840} INFO - DAG(s) 'youtube_english_video_pipeline' retrieved from /opt/airflow/dags/youtube_pipeline.py
[2026-09-21T03:00:52.017+0000] {logging_mixin.py:188} INFO - [2026-09-21T03:00:52.017+0000] {dag.py:3089} INFO - Sync 1 DAGs
[2026-09-21T03:00:52.050+0000] {processor.py:183} INFO - Processing /opt/airflow/dags/youtube_pipeline.py took 0.187 seconds
[2026-09-21T03:01:22.282+0000] {processor.py:161} INFO - Started process (PID=11186) to work on /opt/airflow/dags/youtube_pipeline.py
[2026-09-21T03:01:22.283+0000] {processor.py:830} INFO - Processing file /opt/airflow/dags/youtube_pipeline.py for tasks to queue
[2026-09-21T03:01:22.285+0000] {logging_mixin.py:188} INFO - [2026-09-21T03:01:22.285+0000] {dagbag.py:545} INFO - Filling up the DagBag from /opt/airflow/dags/youtube_pipeline.py
[2026-09-21T03:01:22.306+0000] {processor.py:840} INFO - DAG(s) 'youtube_english_video_pipeline' retrieved from /opt/airflow/dags/youtube_pipeline.py
[2026-09-21T03:01:22.339+0000] {logging_mixin.py:188} INFO - [2026-09-21T03:01:22.339+0000] {dag.py:3089} INFO - Sync 1 DAGs
[2026-09-21T03:01:22.479+0000] {processor.py:183} INFO - Processing /opt/airflow/dags/youtube_pipeline.py took 0.202 seconds
[2026-09-21T03:01:52.673+0000] {processor.py:161} INFO - Started process (PID=11191) to work on /opt/airflow/dags/youtube_pipeline.py
[2026-09-21T03:01:52.674+0000] {processor.py:830} INFO - Processing file /opt/airflow/dags/youtube_pipeline.py for tasks to queue
[2026-09-21T03:01:52.676+0000] {logging_mixin.py:188} INFO - [2026-09-21T03:01:52.675+0000] {dagbag.py:545} INFO - Filling up the DagBag from /opt/airflow/dags/youtube_pipeline.py
[2026-09-21T03:01:52.699+0000] {processor.py:840} INFO - DAG(s) 'youtube_english_video_pipeline' retrieved from /opt/airflow/dags/youtube_pipeline.py
[2026-09-21T03:01:52.740+0000] {logging_mixin.py:188} INFO - [2026-09-21T03:01:52.740+0000] {dag.py:3089} INFO - Sync 1 DAGs
[2026-09-21T03:01:52.776+0000] {processor.py:183} INFO - Processing /opt/airflow/dags/youtube_pipeline.py took 0.111 seconds
[2026-09-21T03:02:22.884+0000] {processor.py:161} INFO - Started process (PID=11196) to work on /opt/airflow/dags/youtube_pipeline.py
[2026-09-21T03:02:22.884+0000] {processor.py:830} INFO - Processing file /opt/airflow/dags/youtube_pipeline.py for tasks to queue
[2026-09-21T03:02:22.886+0000] {logging_mixin.py:188} INFO - [2026-09-21T03:02:22.886+0000] {dagbag.py:545} INFO - Filling up the DagBag from /opt/airflow/dags/youtube_pipeline.py
[2026-09-21T03:02:22.912+0000] {processor.py:840} INFO - DAG(s) 'youtube_english_video_pipeline' retrieved from /opt/airflow/dags/youtube_pipeline.py
[2026-09-21T03:02:22.948+0000] {logging_mixin.py:188} INFO - [2026-09-21T03:02:22.948+0000] {dag.py:3089} INFO - Sync 1 DAGs
[2026-09-21T03:02:22.986+0000] {processor.py:183} INFO - Processing /opt/airflow/dags/youtube_pipeline.py took 0.113 seconds
[2026-09-21T03:02:53.118+0000] {processor.py:161} INFO - Started process (PID=11201) to work on /opt/airflow/dags/youtube_pipeline.py
[2026-09-21T03:02:53.119+0000] {processor.py:830} INFO - Processing file /opt/airflow/dags/youtube_pipeline.py for tasks to queue
[2026-09-21T03:02:53.121+0000] {logging_mixin.py:188} INFO - [2026-09-21T03:02:53.121+0000] {dagbag.py:545} INFO - Filling up the DagBag from /opt/airflow/dags/youtube_pipeline.py
[2026-09-21T03:02:53.143+0000] {processor.py:840} INFO - DAG(s) 'youtube_english_video_pipeline' retrieved from /opt/airflow/dags/youtube_pipeline.py
[2026-09-21T03:02:53.177+0000] {logging_mixin.py:188} INFO - [2026-09-21T03:02:53.177+0000] {dag.py:3089} INFO - Sync 1 DAGs
[2026-09-21T03:02:53.208+0000] {processor.py:183} INFO - Processing /opt/airflow/dags/youtube_pipeline.py took 0.095 seconds
[2026-09-21T03:03:23.471+0000] {processor.py:161} INFO - Started process (PID=11206) to work on /opt/airflow/dags/youtube_pipeline.py
[2026-09-21T03:03:23.472+0000] {processor.py:830} INFO - Processing file /opt/airflow/dags/youtube_pipeline.py for tasks to queue
[2026-09-21T03:03:23.473+0000] {logging_mixin.py:188} INFO - [2026-09-21T03:03:23.473+0000] {dagbag.py:545} INFO - Filling up the DagBag from /opt/airflow/dags/youtube_pipeline.py
[2026-09-21T03:03:23.493+0000] {processor.py:840} INFO - DAG(s) 'youtube_english_video_pipeline' retrieved from /opt/airflow/dags/youtube_pipeline.py
[2026-09-21T03:03:23.524+0000] {logging_mixin.py:188} INFO - [2026-09-21T03:03:23.524+0000] {dag.py:3089} INFO - Sync 1 DAGs
[2026-09-21T03:03:23.660+0000] {processor.py:183} INFO - Processing /opt/airflow/dags/youtube_pipeline.py took 0.195 seconds
[2026-09-21T03:03:53.877+0000] {processor.py:161} INFO - Started process (PID=11211) to work on /opt/airflow/dags/youtube_pipeline.py
[2026-09-21T03:03:53.878+0000] {processor.py:830} INFO - Processing file /opt/airflow/dags/youtube_pipeline.py for tasks to queue
[2026-09-21T03:03:53.879+0000] {logging_mixin.py:188} INFO - [2026-09-21T03:03:53.879+0000] {dagbag.py:545} INFO - Filling up the DagBag from /opt/airflow/dags/youtube_pipeline.py
[2026-09-21T03:03:53.898+0000] {processor.py:840} INFO - DAG(s) 'youtube_english_video_pipeline' retrieved from /opt/airflow/dags/youtube_pipeline.py
[2026-09-21T03:03:53.933+0000] {logging_mixin.py:188} INFO - [2026-09-21T03:03:53.932+0000] {dag.py:3089} INFO - Sync 1 DAGs
[2026-09-21T03:03:53.961+0000] {processor.py:183} INFO - Processing /opt/airflow/dags/youtube_pipeline.py took 0.090 seconds
[2026-09-21T03:04:24.109+0000] {processor.py:161} INFO - Started process (PID=11216) to work on /opt/airflow/dags/youtube_pipeline.py
[2026-09-21T03:04:24.110+0000] {processor.py:830} INFO - Processing file /opt/airflow/dags/youtube_pipeline.py for tasks to queue
[2026-09-21T03:04:24.111+0000] {logging_mixin.py:188} INFO - [2026-09-21T03:04:24.111+0000] {dagbag.py:545} INFO - Filling up the DagBag from /opt/airflow/dags/youtube_pipeline.py
[2026-09-21T03:04:24.135+0000] {processor.py:840} INFO - DAG(s) 'youtube_english_video_pipeline' retrieved from /opt/airflow/dags/youtube_pipeline.py
[2026-09-21T03:04:24.167+0000] {logging_mixin.py:188} INFO - [2026-09-21T03:04:24.167+0000] {dag.py:3089} INFO - Sync 1 DAGs
[2026-09-21T03:04:24.197+0000] {processor.py:183} INFO - Processing /opt/airflow/dags/youtube_pipeline.py took 0.095 seconds
[2026-09-21T03:04:54.396+0000] {processor.py:161} INFO - Started process (PID=11221) to work on /opt/airflow/dags/youtube_pipeline.py
[2026-09-21T03:04:54.398+0000] {processor.py:830} INFO - Processing file /opt/airflow/dags/youtube_pipeline.py for tasks to queue
[2026-09-21T03:04:54.399+0000] {logging_mixin.py:188} INFO - [2026-09-21T03:04:54.399+0000] {dagbag.py:545} INFO - Filling up the DagBag from /opt/airflow/dags/youtube_pipeline.py
[2026-09-21T03:04:54.420+0000] {processor.py:840} INFO - DAG(s) 'youtube_english_video_pipeline' retrieved from /opt/airflow/dags/youtube_pipeline.py
[2026-09-21T03:04:54.453+0000] {logging_mixin.py:188} INFO - [2026-09-21T03:04:54.452+0000] {dag.py:3089} INFO - Sync 1 DAGs
[2026-09-21T03:04:54.484+0000] {processor.py:183} INFO - Processing /opt/airflow/dags/youtube_pipeline.py took 0.093 seconds
[2026-09-21T03:05:24.678+0000] {processor.py:161} INFO - Started process (PID=11226) to work on /opt/airflow/dags/youtube_pipeline.py
[2026-09-21T03:05:24.687+0000] {processor.py:830} INFO - Processing file /opt/airflow/dags/youtube_pipeline.py for tasks to queue
[2026-09-21T03:05:24.696+0000] {logging_mixin.py:188} INFO - [2026-09-21T03:05:24.695+0000] {dagbag.py:545} INFO - Filling up the DagBag from /opt/airflow/dags/youtube_pipeline.py
[2026-09-21T03:05:24.995+0000] {processor.py:840} INFO - DAG(s) 'youtube_english_video_pipeline' retrieved from /opt/airflow/dags/youtube_pipeline.py
[2026-09-21T03:05:25.182+0000] {logging_mixin.py:188} INFO - [2026-09-21T03:05:25.182+0000] {dag.py:3089} INFO - Sync 1 DAGs
[2026-09-21T03:05:25.492+0000] {processor.py:183} INFO - Processing /opt/airflow/dags/youtube_pipeline.py took 0.839 seconds
[2026-09-21T03:05:55.734+0000] {processor.py:161} INFO - Started process (PID=11231) to work on /opt/airflow/dags/youtube_pipeline.py
[2026-09-21T03:05:55.735+0000] {processor.py:830} INFO - Processing file /opt/airflow/dags/youtube_pipeline.py for tasks to queue
[2026-09-21T03:05:55.736+0000] {logging_mixin.py:188} INFO - [2026-09-21T03:05:55.736+0000] {dagbag.py:545} INFO - Filling up the DagBag from /opt/airflow/dags/youtube_pipeline.py
[2026-09-21T03:05:55.755+0000] {processor.py:840} INFO - DAG(s) 'youtube_english_video_pipeline' retrieved from /opt/airflow/dags/youtube_pipeline.py
[2026-09-21T03:05:55.785+0000] {logging_mixin.py:188} INFO - [2026-09-21T03:05:55.785+0000] {dag.py:3089} INFO - Sync 1 DAGs
[2026-09-21T03:05:55.812+0000] {processor.py:183} INFO - Processing /opt/airflow/dags/youtube_pipeline.py took 0.084 seconds
[2026-09-21T03:06:25.939+0000] {processor.py:161} INFO - Started process (PID=11236) to work on /opt/airflow/dags/youtube_pipeline.py
[2026-09-21T03:06:25.940+0000] {processor.py:830} INFO - Processing file /opt/airflow/dags/youtube_pipeline.py for tasks to queue
[2026-09-21T03:06:25.941+0000] {logging_mixin.py:188} INFO - [2026-09-21T03:06:25.941+0000] {dagbag.py:545} INFO - Filling up the DagBag from /opt/airflow/dags/youtube_pipeline.py
[2026-09-21T03:06:25.964+0000] {processor.py:840} INFO - DAG(s) 'youtube_english_video_pipeline' retrieved from /opt/airflow/dags/youtube_pipeline.py
[2026-09-21T03:06:25.995+0000] {logging_mixin.py:188} INFO - [2026-09-21T03:06:25.995+0000] {dag.py:3089} INFO - Sync 1 DAGs
[2026-09-21T03:06:26.023+0000] {processor.py:183} INFO - Processing /opt/airflow/dags/youtube_pipeline.py took 0.091 seconds
[2026-09-21T03:06:56.221+0000] {processor.py:161} INFO - Started process (PID=11241) to work on /opt/airflow/dags/youtube_pipeline.py
[2026-09-21T03:06:56.222+0000] {processor.py:830} INFO - Processing file /opt/airflow/dags/youtube_pipeline.py for tasks to queue
[2026-09-21T03:06:56.223+0000] {logging_mixin.py:188} INFO - [2026-09-21T03:06:56.223+0000] {dagbag.py:545} INFO - Filling up the DagBag from /opt/airflow/dags/youtube_pipeline.py
[2026-09-21T03:06:56.245+0000] {processor.py:840} INFO - DAG(s) 'youtube_english_video_pipeline' retrieved from /opt/airflow/dags/youtube_pipeline.py
[2026-09-21T03:06:56.276+0000] {logging_mixin.py:188} INFO - [2026-09-21T03:06:56.276+0000] {dag.py:3089} INFO - Sync 1 DAGs
[2026-09-21T03:06:56.322+0000] {processor.py:183} INFO - Processing /opt/airflow/dags/youtube_pipeline.py took 0.108 seconds
[2026-09-21T03:07:26.587+0000] {processor.py:161} INFO - Started process (PID=11246) to work on /opt/airflow/dags/youtube_pipeline.py
[2026-09-21T03:07:26.588+0000] {processor.py:830} INFO - Processing file /opt/airflow/dags/youtube_pipeline.py for tasks to queue
[2026-09-21T03:07:26.589+0000] {logging_mixin.py:188} INFO - [2026-09-21T03:07:26.589+0000] {dagbag.py:545} INFO - Filling up the DagBag from /opt/airflow/dags/youtube_pipeline.py
[2026-09-21T03:07:26.629+0000] {processor.py:840} INFO - DAG(s) 'youtube_english_video_pipeline' retrieved from /opt/airflow/dags/youtube_pipeline.py
[2026-09-21T03:07:26.672+0000] {logging_mixin.py:188} INFO - [2026-09-21T03:07:26.671+0000] {dag.py:3089} INFO - Sync 1 DAGs
[2026-09-21T03:07:26.845+0000] {processor.py:183} INFO - Processing /opt/airflow/dags/youtube_pipeline.py took 0.266 seconds
[2026-09-21T03:07:57.063+0000] {processor.py:161} INFO - Started process (PID=11251) to work on /opt/airflow/dags/youtube_pipeline.py
[2026-09-21T03:07:57.064+0000] {processor.py:830} INFO - Processing file /opt/airflow/dags/youtube_pipeline.py for tasks to queue
[2026-09-21T03:07:57.065+0000] {logging_mixin.py:188} INFO - [2026-09-21T03:07:57.065+0000] {dagbag.py:545} INFO - Filling up the DagBag from /opt/airflow/dags/youtube_pipeline.py
[2026-09-21T03:07:57.091+0000] {processor.py:840} INFO - DAG(s) 'youtube_english_video_pipeline' retrieved from /opt/airflow/dags/youtube_pipeline.py
[2026-09-21T03:07:57.132+0000] {logging_mixin.py:188} INFO - [2026-09-21T03:07:57.132+0000] {dag.py:3089} INFO - Sync 1 DAGs
[2026-09-21T03:07:57.167+0000] {processor.py:183} INFO - Processing /opt/airflow/dags/youtube_pipeline.py took 0.110 seconds
[2026-09-21T03:08:27.254+0000] {processor.py:161} INFO - Started process (PID=11256) to work on /opt/airflow/dags/youtube_pipeline.py
[2026-09-21T03:08:27.255+0000] {processor.py:830} INFO - Processing file /opt/airflow/dags/youtube_pipeline.py for tasks to queue
[2026-09-21T03:08:27.256+0000] {logging_mixin.py:188} INFO - [2026-09-21T03:08:27.256+0000] {dagbag.py:545} INFO - Filling up the DagBag from /opt/airflow/dags/youtube_pipeline.py
[2026-09-21T03:08:27.285+0000] {processor.py:840} INFO - DAG(s) 'youtube_english_video_pipeline' retrieved from /opt/airflow/dags/youtube_pipeline.py
[2026-09-21T03:08:27.318+0000] {logging_mixin.py:188} INFO - [2026-09-21T03:08:27.318+0000] {dag.py:3089} INFO - Sync 1 DAGs
[2026-09-21T03:08:27.350+0000] {processor.py:183} INFO - Processing /opt/airflow/dags/youtube_pipeline.py took 0.103 seconds
[2026-09-21T03:08:57.534+0000] {processor.py:161} INFO - Started process (PID=11261) to work on /opt/airflow/dags/youtube_pipeline.py
[2026-09-21T03:08:57.535+0000] {processor.py:830} INFO - Processing file /opt/airflow/dags/youtube_pipeline.py for tasks to queue
[2026-09-21T03:08:57.536+0000] {logging_mixin.py:188} INFO - [2026-09-21T03:08:57.536+0000] {dagbag.py:545} INFO - Filling up the DagBag from /opt/airflow/dags/youtube_pipeline.py
[2026-09-21T03:08:57.581+0000] {processor.py:840} INFO - DAG(s) 'youtube_english_video_pipeline' retrieved from /opt/airflow/dags/youtube_pipeline.py
[2026-09-21T03:08:57.610+0000] {logging_mixin.py:188} INFO - [2026-09-21T03:08:57.610+0000] {dag.py:3089} INFO - Sync 1 DAGs
[2026-09-21T03:08:57.636+0000] {processor.py:183} INFO - Processing /opt/airflow/dags/youtube_pipeline.py took 0.110 seconds
[2026-09-21T03:09:27.760+0000] {processor.py:161} INFO - Started process (PID=11266) to work on /opt/airflow/dags/youtube_pipeline.py
[2026-09-21T03:09:27.761+0000] {processor.py:830} INFO - Processing file /opt/airflow/dags/youtube_pipeline.py for tasks to queue
[2026-09-21T03:09:27.762+0000] {logging_mixin.py:188} INFO - [2026-09-21T03:09:27.762+0000] {dagbag.py:545} INFO - Filling up the DagBag from /opt/airflow/dags/youtube_pipeline.py
[2026-09-21T03:09:27.781+0000] {processor.py:840} INFO - DAG(s) 'youtube_english_video_pipeline' retrieved from /opt/airflow/dags/youtube_pipeline.py
[2026-09-21T03:09:27.811+0000] {logging_mixin.py:188} INFO - [2026-09-21T03:09:27.811+0000] {dag.py:3089} INFO - Sync 1 DAGs
[2026-09-21T03:09:27.938+0000] {processor.py:183} INFO - Processing /opt/airflow/dags/youtube_pipeline.py took 0.184 seconds
[2026-09-21T03:09:58.027+0000] {processor.py:161} INFO - Started process (PID=11271) to work on /opt/airflow/dags/youtube_pipeline.py
[2026-09-21T03:09:58.028+0000] {processor.py:830} INFO - Processing file /opt/airflow/dags/youtube_pipeline.py for tasks to queue
[2026-09-21T03:09:58.030+0000] {logging_mixin.py:188} INFO - [2026-09-21T03:09:58.030+0000] {dagbag.py:545} INFO - Filling up the DagBag from /opt/airflow/dags/youtube_pipeline.py
[2026-09-21T03:09:58.069+0000] {processor.py:840} INFO - DAG(s) 'youtube_english_video_pipeline' retrieved from /opt/airflow/dags/youtube_pipeline.py
[2026-09-21T03:09:58.105+0000] {logging_mixin.py:188} INFO - [2026-09-21T03:09:58.105+0000] {dag.py:3089} INFO - Sync 1 DAGs
[2026-09-21T03:09:58.138+0000] {processor.py:183} INFO - Processing /opt/airflow/dags/youtube_pipeline.py took 0.125 seconds
[2026-09-21T03:10:28.382+0000] {processor.py:161} INFO - Started process (PID=11276) to work on /opt/airflow/dags/youtube_pipeline.py
[2026-09-21T03:10:28.385+0000] {processor.py:830} INFO - Processing file /opt/airflow/dags/youtube_pipeline.py for tasks to queue
[2026-09-21T03:10:28.386+0000] {logging_mixin.py:188} INFO - [2026-09-21T03:10:28.386+0000] {dagbag.py:545} INFO - Filling up the DagBag from /opt/airflow/dags/youtube_pipeline.py
[2026-09-21T03:10:28.428+0000] {processor.py:840} INFO - DAG(s) 'youtube_english_video_pipeline' retrieved from /opt/airflow/dags/youtube_pipeline.py
[2026-09-21T03:10:28.468+0000] {logging_mixin.py:188} INFO - [2026-09-21T03:10:28.467+0000] {dag.py:3089} INFO - Sync 1 DAGs
[2026-09-21T03:10:28.505+0000] {processor.py:183} INFO - Processing /opt/airflow/dags/youtube_pipeline.py took 0.134 seconds
[2026-09-21T03:10:58.595+0000] {processor.py:161} INFO - Started process (PID=11281) to work on /opt/airflow/dags/youtube_pipeline.py
[2026-09-21T03:10:58.596+0000] {processor.py:830} INFO - Processing file /opt/airflow/dags/youtube_pipeline.py for tasks to queue
[2026-09-21T03:10:58.597+0000] {logging_mixin.py:188} INFO - [2026-09-21T03:10:58.597+0000] {dagbag.py:545} INFO - Filling up the DagBag from /opt/airflow/dags/youtube_pipeline.py
[2026-09-21T03:10:58.624+0000] {processor.py:840} INFO - DAG(s) 'youtube_english_video_pipeline' retrieved from /opt/airflow/dags/youtube_pipeline.py
[2026-09-21T03:10:58.662+0000] {logging_mixin.py:188} INFO - [2026-09-21T03:10:58.662+0000] {dag.py:3089} INFO - Sync 1 DAGs
[2026-09-21T03:10:58.692+0000] {processor.py:183} INFO - Processing /opt/airflow/dags/youtube_pipeline.py took 0.103 seconds
[2026-09-21T03:11:28.948+0000] {processor.py:161} INFO - Started process (PID=11286) to work on /opt/airflow/dags/youtube_pipeline.py
[2026-09-21T03:11:28.949+0000] {processor.py:830} INFO - Processing file /opt/airflow/dags/youtube_pipeline.py for tasks to queue
[2026-09-21T03:11:28.950+0000] {logging_mixin.py:188} INFO - [2026-09-21T03:11:28.950+0000] {dagbag.py:545} INFO - Filling up the DagBag from /opt/airflow/dags/youtube_pipeline.py
[2026-09-21T03:11:28.988+0000] {processor.py:840} INFO - DAG(s) 'youtube_english_video_pipeline' retrieved from /opt/airflow/dags/youtube_pipeline.py
[2026-09-21T03:11:29.059+0000] {logging_mixin.py:188} INFO - [2026-09-21T03:11:29.059+0000] {dag.py:3089} INFO - Sync 1 DAGs
[2026-09-21T03:11:29.189+0000] {processor.py:183} INFO - Processing /opt/airflow/dags/youtube_pipeline.py took 0.251 seconds
[2026-09-21T03:12:00.008+0000] {processor.py:161} INFO - Started process (PID=11291) to work on /opt/airflow/dags/youtube_pipeline.py
[2026-09-21T03:12:00.023+0000] {processor.py:830} INFO - Processing file /opt/airflow/dags/youtube_pipeline.py for tasks to queue
[2026-09-21T03:12:00.031+0000] {logging_mixin.py:188} INFO - [2026-09-21T03:12:00.031+0000] {dagbag.py:545} INFO - Filling up the DagBag from /opt/airflow/dags/youtube_pipeline.py
[2026-09-21T03:12:00.413+0000] {processor.py:840} INFO - DAG(s) 'youtube_english_video_pipeline' retrieved from /opt/airflow/dags/youtube_pipeline.py
[2026-09-21T03:12:00.490+0000] {logging_mixin.py:188} INFO - [2026-09-21T03:12:00.489+0000] {dag.py:3089} INFO - Sync 1 DAGs
[2026-09-21T03:12:00.754+0000] {processor.py:183} INFO - Processing /opt/airflow/dags/youtube_pipeline.py took 0.783 seconds
[2026-09-21T03:12:31.369+0000] {processor.py:161} INFO - Started process (PID=11296) to work on /opt/airflow/dags/youtube_pipeline.py
[2026-09-21T03:12:31.372+0000] {processor.py:830} INFO - Processing file /opt/airflow/dags/youtube_pipeline.py for tasks to queue
[2026-09-21T03:12:31.375+0000] {logging_mixin.py:188} INFO - [2026-09-21T03:12:31.374+0000] {dagbag.py:545} INFO - Filling up the DagBag from /opt/airflow/dags/youtube_pipeline.py
[2026-09-21T03:12:31.430+0000] {processor.py:840} INFO - DAG(s) 'youtube_english_video_pipeline' retrieved from /opt/airflow/dags/youtube_pipeline.py
[2026-09-21T03:12:31.493+0000] {logging_mixin.py:188} INFO - [2026-09-21T03:12:31.492+0000] {dag.py:3089} INFO - Sync 1 DAGs
[2026-09-21T03:12:31.540+0000] {processor.py:183} INFO - Processing /opt/airflow/dags/youtube_pipeline.py took 0.189 seconds
[2026-09-21T03:13:01.698+0000] {processor.py:161} INFO - Started process (PID=11301) to work on /opt/airflow/dags/youtube_pipeline.py
[2026-09-21T03:13:01.699+0000] {processor.py:830} INFO - Processing file /opt/airflow/dags/youtube_pipeline.py for tasks to queue
[2026-09-21T03:13:01.702+0000] {logging_mixin.py:188} INFO - [2026-09-21T03:13:01.701+0000] {dagbag.py:545} INFO - Filling up the DagBag from /opt/airflow/dags/youtube_pipeline.py
[2026-09-21T03:13:01.750+0000] {processor.py:840} INFO - DAG(s) 'youtube_english_video_pipeline' retrieved from /opt/airflow/dags/youtube_pipeline.py
[2026-09-21T03:13:01.809+0000] {logging_mixin.py:188} INFO - [2026-09-21T03:13:01.808+0000] {dag.py:3089} INFO - Sync 1 DAGs
[2026-09-21T03:13:01.851+0000] {processor.py:183} INFO - Processing /opt/airflow/dags/youtube_pipeline.py took 0.164 seconds
[2026-09-21T03:13:32.062+0000] {processor.py:161} INFO - Started process (PID=11306) to work on /opt/airflow/dags/youtube_pipeline.py
[2026-09-21T03:13:32.063+0000] {processor.py:830} INFO - Processing file /opt/airflow/dags/youtube_pipeline.py for tasks to queue
[2026-09-21T03:13:32.066+0000] {logging_mixin.py:188} INFO - [2026-09-21T03:13:32.065+0000] {dagbag.py:545} INFO - Filling up the DagBag from /opt/airflow/dags/youtube_pipeline.py
[2026-09-21T03:13:32.112+0000] {processor.py:840} INFO - DAG(s) 'youtube_english_video_pipeline' retrieved from /opt/airflow/dags/youtube_pipeline.py
[2026-09-21T03:13:32.160+0000] {logging_mixin.py:188} INFO - [2026-09-21T03:13:32.160+0000] {dag.py:3089} INFO - Sync 1 DAGs
[2026-09-21T03:13:32.199+0000] {processor.py:183} INFO - Processing /opt/airflow/dags/youtube_pipeline.py took 0.149 seconds
[2026-09-21T03:14:02.306+0000] {processor.py:161} INFO - Started process (PID=11311) to work on /opt/airflow/dags/youtube_pipeline.py
[2026-09-21T03:14:02.307+0000] {processor.py:830} INFO - Processing file /opt/airflow/dags/youtube_pipeline.py for tasks to queue
[2026-09-21T03:14:02.309+0000] {logging_mixin.py:188} INFO - [2026-09-21T03:14:02.309+0000] {dagbag.py:545} INFO - Filling up the DagBag from /opt/airflow/dags/youtube_pipeline.py
[2026-09-21T03:14:02.357+0000] {processor.py:840} INFO - DAG(s) 'youtube_english_video_pipeline' retrieved from /opt/airflow/dags/youtube_pipeline.py
[2026-09-21T03:14:02.417+0000] {logging_mixin.py:188} INFO - [2026-09-21T03:14:02.416+0000] {dag.py:3089} INFO - Sync 1 DAGs
[2026-09-21T03:14:02.619+0000] {processor.py:183} INFO - Processing /opt/airflow/dags/youtube_pipeline.py took 0.325 seconds
[2026-09-21T03:14:33.070+0000] {processor.py:161} INFO - Started process (PID=11316) to work on /opt/airflow/dags/youtube_pipeline.py
[2026-09-21T03:14:33.073+0000] {processor.py:830} INFO - Processing file /opt/airflow/dags/youtube_pipeline.py for tasks to queue
[2026-09-21T03:14:33.078+0000] {logging_mixin.py:188} INFO - [2026-09-21T03:14:33.077+0000] {dagbag.py:545} INFO - Filling up the DagBag from /opt/airflow/dags/youtube_pipeline.py
[2026-09-21T03:14:33.241+0000] {processor.py:840} INFO - DAG(s) 'youtube_english_video_pipeline' retrieved from /opt/airflow/dags/youtube_pipeline.py
[2026-09-21T03:14:33.320+0000] {logging_mixin.py:188} INFO - [2026-09-21T03:14:33.320+0000] {dag.py:3089} INFO - Sync 1 DAGs
[2026-09-21T03:14:33.376+0000] {processor.py:183} INFO - Processing /opt/airflow/dags/youtube_pipeline.py took 0.347 seconds
[2026-09-21T03:15:03.652+0000] {processor.py:161} INFO - Started process (PID=11321) to work on /opt/airflow/dags/youtube_pipeline.py
[2026-09-21T03:15:03.654+0000] {processor.py:830} INFO - Processing file /opt/airflow/dags/youtube_pipeline.py for tasks to queue
[2026-09-21T03:15:03.656+0000] {logging_mixin.py:188} INFO - [2026-09-21T03:15:03.656+0000] {dagbag.py:545} INFO - Filling up the DagBag from /opt/airflow/dags/youtube_pipeline.py
[2026-09-21T03:15:03.709+0000] {processor.py:840} INFO - DAG(s) 'youtube_english_video_pipeline' retrieved from /opt/airflow/dags/youtube_pipeline.py
[2026-09-21T03:15:03.761+0000] {logging_mixin.py:188} INFO - [2026-09-21T03:15:03.761+0000] {dag.py:3089} INFO - Sync 1 DAGs
[2026-09-21T03:15:03.810+0000] {processor.py:183} INFO - Processing /opt/airflow/dags/youtube_pipeline.py took 0.169 seconds
[2026-09-21T03:15:33.877+0000] {processor.py:161} INFO - Started process (PID=11326) to work on /opt/airflow/dags/youtube_pipeline.py
[2026-09-21T03:15:33.879+0000] {processor.py:830} INFO - Processing file /opt/airflow/dags/youtube_pipeline.py for tasks to queue
[2026-09-21T03:15:33.881+0000] {logging_mixin.py:188} INFO - [2026-09-21T03:15:33.881+0000] {dagbag.py:545} INFO - Filling up the DagBag from /opt/airflow/dags/youtube_pipeline.py
[2026-09-21T03:15:33.923+0000] {processor.py:840} INFO - DAG(s) 'youtube_english_video_pipeline' retrieved from /opt/airflow/dags/youtube_pipeline.py
[2026-09-21T03:15:33.968+0000] {logging_mixin.py:188} INFO - [2026-09-21T03:15:33.968+0000] {dag.py:3089} INFO - Sync 1 DAGs
[2026-09-21T03:15:34.008+0000] {processor.py:183} INFO - Processing /opt/airflow/dags/youtube_pipeline.py took 0.141 seconds
[2026-09-21T03:16:04.293+0000] {processor.py:161} INFO - Started process (PID=11331) to work on /opt/airflow/dags/youtube_pipeline.py
[2026-09-21T03:16:04.294+0000] {processor.py:830} INFO - Processing file /opt/airflow/dags/youtube_pipeline.py for tasks to queue
[2026-09-21T03:16:04.296+0000] {logging_mixin.py:188} INFO - [2026-09-21T03:16:04.296+0000] {dagbag.py:545} INFO - Filling up the DagBag from /opt/airflow/dags/youtube_pipeline.py
[2026-09-21T03:16:04.345+0000] {processor.py:840} INFO - DAG(s) 'youtube_english_video_pipeline' retrieved from /opt/airflow/dags/youtube_pipeline.py
[2026-09-21T03:16:04.398+0000] {logging_mixin.py:188} INFO - [2026-09-21T03:16:04.398+0000] {dag.py:3089} INFO - Sync 1 DAGs
[2026-09-21T03:16:04.610+0000] {processor.py:183} INFO - Processing /opt/airflow/dags/youtube_pipeline.py took 0.329 seconds
[2026-09-21T03:31:16.430+0000] {processor.py:161} INFO - Started process (PID=11336) to work on /opt/airflow/dags/youtube_pipeline.py
[2026-09-21T03:31:16.586+0000] {processor.py:830} INFO - Processing file /opt/airflow/dags/youtube_pipeline.py for tasks to queue
[2026-09-21T03:31:16.734+0000] {logging_mixin.py:188} INFO - [2026-09-21T03:31:16.734+0000] {dagbag.py:545} INFO - Filling up the DagBag from /opt/airflow/dags/youtube_pipeline.py
[2026-09-21T03:31:17.669+0000] {processor.py:840} INFO - DAG(s) 'youtube_english_video_pipeline' retrieved from /opt/airflow/dags/youtube_pipeline.py
[2026-09-21T03:31:17.908+0000] {logging_mixin.py:188} INFO - [2026-09-21T03:31:17.908+0000] {dag.py:3089} INFO - Sync 1 DAGs
[2026-09-21T03:31:18.144+0000] {processor.py:183} INFO - Processing /opt/airflow/dags/youtube_pipeline.py took 2.122 seconds
[2026-09-21T03:31:48.326+0000] {processor.py:161} INFO - Started process (PID=11341) to work on /opt/airflow/dags/youtube_pipeline.py
[2026-09-21T03:31:48.328+0000] {processor.py:830} INFO - Processing file /opt/airflow/dags/youtube_pipeline.py for tasks to queue
[2026-09-21T03:31:48.332+0000] {logging_mixin.py:188} INFO - [2026-09-21T03:31:48.331+0000] {dagbag.py:545} INFO - Filling up the DagBag from /opt/airflow/dags/youtube_pipeline.py
[2026-09-21T03:31:48.391+0000] {processor.py:840} INFO - DAG(s) 'youtube_english_video_pipeline' retrieved from /opt/airflow/dags/youtube_pipeline.py
[2026-09-21T03:31:48.454+0000] {logging_mixin.py:188} INFO - [2026-09-21T03:31:48.454+0000] {dag.py:3089} INFO - Sync 1 DAGs
[2026-09-21T03:31:48.514+0000] {processor.py:183} INFO - Processing /opt/airflow/dags/youtube_pipeline.py took 0.201 seconds
[2026-09-21T03:32:18.792+0000] {processor.py:161} INFO - Started process (PID=11346) to work on /opt/airflow/dags/youtube_pipeline.py
[2026-09-21T03:32:18.793+0000] {processor.py:830} INFO - Processing file /opt/airflow/dags/youtube_pipeline.py for tasks to queue
[2026-09-21T03:32:18.795+0000] {logging_mixin.py:188} INFO - [2026-09-21T03:32:18.795+0000] {dagbag.py:545} INFO - Filling up the DagBag from /opt/airflow/dags/youtube_pipeline.py
[2026-09-21T03:32:18.845+0000] {processor.py:840} INFO - DAG(s) 'youtube_english_video_pipeline' retrieved from /opt/airflow/dags/youtube_pipeline.py
[2026-09-21T03:32:18.891+0000] {logging_mixin.py:188} INFO - [2026-09-21T03:32:18.891+0000] {dag.py:3089} INFO - Sync 1 DAGs
[2026-09-21T03:32:18.929+0000] {processor.py:183} INFO - Processing /opt/airflow/dags/youtube_pipeline.py took 0.148 seconds
[2026-09-21T03:32:49.173+0000] {processor.py:161} INFO - Started process (PID=11351) to work on /opt/airflow/dags/youtube_pipeline.py
[2026-09-21T03:32:49.177+0000] {processor.py:830} INFO - Processing file /opt/airflow/dags/youtube_pipeline.py for tasks to queue
[2026-09-21T03:32:49.183+0000] {logging_mixin.py:188} INFO - [2026-09-21T03:32:49.183+0000] {dagbag.py:545} INFO - Filling up the DagBag from /opt/airflow/dags/youtube_pipeline.py
[2026-09-21T03:32:49.321+0000] {processor.py:840} INFO - DAG(s) 'youtube_english_video_pipeline' retrieved from /opt/airflow/dags/youtube_pipeline.py
[2026-09-21T03:32:49.394+0000] {logging_mixin.py:188} INFO - [2026-09-21T03:32:49.394+0000] {dag.py:3089} INFO - Sync 1 DAGs
[2026-09-21T03:32:49.473+0000] {processor.py:183} INFO - Processing /opt/airflow/dags/youtube_pipeline.py took 0.327 seconds
[2026-09-21T03:33:19.767+0000] {processor.py:161} INFO - Started process (PID=11356) to work on /opt/airflow/dags/youtube_pipeline.py
[2026-09-21T03:33:19.768+0000] {processor.py:830} INFO - Processing file /opt/airflow/dags/youtube_pipeline.py for tasks to queue
[2026-09-21T03:33:19.771+0000] {logging_mixin.py:188} INFO - [2026-09-21T03:33:19.771+0000] {dagbag.py:545} INFO - Filling up the DagBag from /opt/airflow/dags/youtube_pipeline.py
[2026-09-21T03:33:19.812+0000] {processor.py:840} INFO - DAG(s) 'youtube_english_video_pipeline' retrieved from /opt/airflow/dags/youtube_pipeline.py
[2026-09-21T03:33:19.865+0000] {logging_mixin.py:188} INFO - [2026-09-21T03:33:19.865+0000] {dag.py:3089} INFO - Sync 1 DAGs
[2026-09-21T03:33:20.047+0000] {processor.py:183} INFO - Processing /opt/airflow/dags/youtube_pipeline.py took 0.295 seconds
[2026-09-21T03:33:50.326+0000] {processor.py:161} INFO - Started process (PID=11361) to work on /opt/airflow/dags/youtube_pipeline.py
[2026-09-21T03:33:50.328+0000] {processor.py:830} INFO - Processing file /opt/airflow/dags/youtube_pipeline.py for tasks to queue
[2026-09-21T03:33:50.330+0000] {logging_mixin.py:188} INFO - [2026-09-21T03:33:50.330+0000] {dagbag.py:545} INFO - Filling up the DagBag from /opt/airflow/dags/youtube_pipeline.py
[2026-09-21T03:33:50.371+0000] {processor.py:840} INFO - DAG(s) 'youtube_english_video_pipeline' retrieved from /opt/airflow/dags/youtube_pipeline.py
[2026-09-21T03:33:50.566+0000] {logging_mixin.py:188} INFO - [2026-09-21T03:33:50.566+0000] {dag.py:3089} INFO - Sync 1 DAGs
[2026-09-21T03:33:50.604+0000] {processor.py:183} INFO - Processing /opt/airflow/dags/youtube_pipeline.py took 0.290 seconds
[2026-09-21T03:34:20.899+0000] {processor.py:161} INFO - Started process (PID=11366) to work on /opt/airflow/dags/youtube_pipeline.py
[2026-09-21T03:34:20.901+0000] {processor.py:830} INFO - Processing file /opt/airflow/dags/youtube_pipeline.py for tasks to queue
[2026-09-21T03:34:20.903+0000] {logging_mixin.py:188} INFO - [2026-09-21T03:34:20.903+0000] {dagbag.py:545} INFO - Filling up the DagBag from /opt/airflow/dags/youtube_pipeline.py
[2026-09-21T03:34:20.945+0000] {processor.py:840} INFO - DAG(s) 'youtube_english_video_pipeline' retrieved from /opt/airflow/dags/youtube_pipeline.py
[2026-09-21T03:34:20.988+0000] {logging_mixin.py:188} INFO - [2026-09-21T03:34:20.987+0000] {dag.py:3089} INFO - Sync 1 DAGs
[2026-09-21T03:34:21.030+0000] {processor.py:183} INFO - Processing /opt/airflow/dags/youtube_pipeline.py took 0.142 seconds
[2026-09-21T03:34:51.167+0000] {processor.py:161} INFO - Started process (PID=11371) to work on /opt/airflow/dags/youtube_pipeline.py
[2026-09-21T03:34:51.168+0000] {processor.py:830} INFO - Processing file /opt/airflow/dags/youtube_pipeline.py for tasks to queue
[2026-09-21T03:34:51.172+0000] {logging_mixin.py:188} INFO - [2026-09-21T03:34:51.171+0000] {dagbag.py:545} INFO - Filling up the DagBag from /opt/airflow/dags/youtube_pipeline.py
[2026-09-21T03:34:51.225+0000] {processor.py:840} INFO - DAG(s) 'youtube_english_video_pipeline' retrieved from /opt/airflow/dags/youtube_pipeline.py
[2026-09-21T03:34:51.288+0000] {logging_mixin.py:188} INFO - [2026-09-21T03:34:51.288+0000] {dag.py:3089} INFO - Sync 1 DAGs
[2026-09-21T03:34:51.348+0000] {processor.py:183} INFO - Processing /opt/airflow/dags/youtube_pipeline.py took 0.198 seconds
[2026-09-21T03:35:21.527+0000] {processor.py:161} INFO - Started process (PID=11376) to work on /opt/airflow/dags/youtube_pipeline.py
[2026-09-21T03:35:21.528+0000] {processor.py:830} INFO - Processing file /opt/airflow/dags/youtube_pipeline.py for tasks to queue
[2026-09-21T03:35:21.531+0000] {logging_mixin.py:188} INFO - [2026-09-21T03:35:21.530+0000] {dagbag.py:545} INFO - Filling up the DagBag from /opt/airflow/dags/youtube_pipeline.py
[2026-09-21T03:35:21.565+0000] {processor.py:840} INFO - DAG(s) 'youtube_english_video_pipeline' retrieved from /opt/airflow/dags/youtube_pipeline.py
[2026-09-21T03:35:21.615+0000] {logging_mixin.py:188} INFO - [2026-09-21T03:35:21.615+0000] {dag.py:3089} INFO - Sync 1 DAGs
[2026-09-21T03:35:21.789+0000] {processor.py:183} INFO - Processing /opt/airflow/dags/youtube_pipeline.py took 0.274 seconds
[2026-09-21T03:35:52.057+0000] {processor.py:161} INFO - Started process (PID=11381) to work on /opt/airflow/dags/youtube_pipeline.py
[2026-09-21T03:35:52.059+0000] {processor.py:830} INFO - Processing file /opt/airflow/dags/youtube_pipeline.py for tasks to queue
[2026-09-21T03:35:52.061+0000] {logging_mixin.py:188} INFO - [2026-09-21T03:35:52.060+0000] {dagbag.py:545} INFO - Filling up the DagBag from /opt/airflow/dags/youtube_pipeline.py
[2026-09-21T03:35:52.113+0000] {processor.py:840} INFO - DAG(s) 'youtube_english_video_pipeline' retrieved from /opt/airflow/dags/youtube_pipeline.py
[2026-09-21T03:35:52.177+0000] {logging_mixin.py:188} INFO - [2026-09-21T03:35:52.177+0000] {dag.py:3089} INFO - Sync 1 DAGs
[2026-09-21T03:35:52.421+0000] {processor.py:183} INFO - Processing /opt/airflow/dags/youtube_pipeline.py took 0.375 seconds
[2026-09-21T03:36:22.770+0000] {processor.py:161} INFO - Started process (PID=11386) to work on /opt/airflow/dags/youtube_pipeline.py
[2026-09-21T03:36:22.772+0000] {processor.py:830} INFO - Processing file /opt/airflow/dags/youtube_pipeline.py for tasks to queue
[2026-09-21T03:36:22.775+0000] {logging_mixin.py:188} INFO - [2026-09-21T03:36:22.775+0000] {dagbag.py:545} INFO - Filling up the DagBag from /opt/airflow/dags/youtube_pipeline.py
[2026-09-21T03:36:22.819+0000] {processor.py:840} INFO - DAG(s) 'youtube_english_video_pipeline' retrieved from /opt/airflow/dags/youtube_pipeline.py
[2026-09-21T03:36:22.861+0000] {logging_mixin.py:188} INFO - [2026-09-21T03:36:22.861+0000] {dag.py:3089} INFO - Sync 1 DAGs
[2026-09-21T03:36:22.900+0000] {processor.py:183} INFO - Processing /opt/airflow/dags/youtube_pipeline.py took 0.143 seconds
[2026-09-21T03:36:53.017+0000] {processor.py:161} INFO - Started process (PID=11391) to work on /opt/airflow/dags/youtube_pipeline.py
[2026-09-21T03:36:53.019+0000] {processor.py:830} INFO - Processing file /opt/airflow/dags/youtube_pipeline.py for tasks to queue
[2026-09-21T03:36:53.021+0000] {logging_mixin.py:188} INFO - [2026-09-21T03:36:53.021+0000] {dagbag.py:545} INFO - Filling up the DagBag from /opt/airflow/dags/youtube_pipeline.py
[2026-09-21T03:36:53.067+0000] {processor.py:840} INFO - DAG(s) 'youtube_english_video_pipeline' retrieved from /opt/airflow/dags/youtube_pipeline.py
[2026-09-21T03:36:53.113+0000] {logging_mixin.py:188} INFO - [2026-09-21T03:36:53.113+0000] {dag.py:3089} INFO - Sync 1 DAGs
[2026-09-21T03:36:53.163+0000] {processor.py:183} INFO - Processing /opt/airflow/dags/youtube_pipeline.py took 0.157 seconds
[2026-09-21T03:37:23.438+0000] {processor.py:161} INFO - Started process (PID=11396) to work on /opt/airflow/dags/youtube_pipeline.py
[2026-09-21T03:37:23.440+0000] {processor.py:830} INFO - Processing file /opt/airflow/dags/youtube_pipeline.py for tasks to queue
[2026-09-21T03:37:23.442+0000] {logging_mixin.py:188} INFO - [2026-09-21T03:37:23.442+0000] {dagbag.py:545} INFO - Filling up the DagBag from /opt/airflow/dags/youtube_pipeline.py
[2026-09-21T03:37:23.480+0000] {processor.py:840} INFO - DAG(s) 'youtube_english_video_pipeline' retrieved from /opt/airflow/dags/youtube_pipeline.py
[2026-09-21T03:37:23.533+0000] {logging_mixin.py:188} INFO - [2026-09-21T03:37:23.532+0000] {dag.py:3089} INFO - Sync 1 DAGs
[2026-09-21T03:37:23.693+0000] {processor.py:183} INFO - Processing /opt/airflow/dags/youtube_pipeline.py took 0.265 seconds
[2026-09-21T03:37:53.952+0000] {processor.py:161} INFO - Started process (PID=11401) to work on /opt/airflow/dags/youtube_pipeline.py
[2026-09-21T03:37:53.954+0000] {processor.py:830} INFO - Processing file /opt/airflow/dags/youtube_pipeline.py for tasks to queue
[2026-09-21T03:37:53.957+0000] {logging_mixin.py:188} INFO - [2026-09-21T03:37:53.957+0000] {dagbag.py:545} INFO - Filling up the DagBag from /opt/airflow/dags/youtube_pipeline.py
[2026-09-21T03:37:54.001+0000] {processor.py:840} INFO - DAG(s) 'youtube_english_video_pipeline' retrieved from /opt/airflow/dags/youtube_pipeline.py
[2026-09-21T03:37:54.064+0000] {logging_mixin.py:188} INFO - [2026-09-21T03:37:54.063+0000] {dag.py:3089} INFO - Sync 1 DAGs
[2026-09-21T03:37:54.264+0000] {processor.py:183} INFO - Processing /opt/airflow/dags/youtube_pipeline.py took 0.324 seconds
[2026-09-21T03:38:24.676+0000] {processor.py:161} INFO - Started process (PID=11406) to work on /opt/airflow/dags/youtube_pipeline.py
[2026-09-21T03:38:24.680+0000] {processor.py:830} INFO - Processing file /opt/airflow/dags/youtube_pipeline.py for tasks to queue
[2026-09-21T03:38:24.683+0000] {logging_mixin.py:188} INFO - [2026-09-21T03:38:24.683+0000] {dagbag.py:545} INFO - Filling up the DagBag from /opt/airflow/dags/youtube_pipeline.py
[2026-09-21T03:38:24.818+0000] {processor.py:840} INFO - DAG(s) 'youtube_english_video_pipeline' retrieved from /opt/airflow/dags/youtube_pipeline.py
[2026-09-21T03:38:25.031+0000] {logging_mixin.py:188} INFO - [2026-09-21T03:38:25.031+0000] {dag.py:3089} INFO - Sync 1 DAGs
[2026-09-21T03:38:25.072+0000] {processor.py:183} INFO - Processing /opt/airflow/dags/youtube_pipeline.py took 0.417 seconds
[2026-09-21T03:38:55.364+0000] {processor.py:161} INFO - Started process (PID=11411) to work on /opt/airflow/dags/youtube_pipeline.py
[2026-09-21T03:38:55.366+0000] {processor.py:830} INFO - Processing file /opt/airflow/dags/youtube_pipeline.py for tasks to queue
[2026-09-21T03:38:55.368+0000] {logging_mixin.py:188} INFO - [2026-09-21T03:38:55.368+0000] {dagbag.py:545} INFO - Filling up the DagBag from /opt/airflow/dags/youtube_pipeline.py
[2026-09-21T03:38:55.405+0000] {processor.py:840} INFO - DAG(s) 'youtube_english_video_pipeline' retrieved from /opt/airflow/dags/youtube_pipeline.py
[2026-09-21T03:38:55.451+0000] {logging_mixin.py:188} INFO - [2026-09-21T03:38:55.450+0000] {dag.py:3089} INFO - Sync 1 DAGs
[2026-09-21T03:38:55.494+0000] {processor.py:183} INFO - Processing /opt/airflow/dags/youtube_pipeline.py took 0.140 seconds
[2026-09-21T03:39:25.575+0000] {processor.py:161} INFO - Started process (PID=11416) to work on /opt/airflow/dags/youtube_pipeline.py
[2026-09-21T03:39:25.577+0000] {processor.py:830} INFO - Processing file /opt/airflow/dags/youtube_pipeline.py for tasks to queue
[2026-09-21T03:39:25.579+0000] {logging_mixin.py:188} INFO - [2026-09-21T03:39:25.579+0000] {dagbag.py:545} INFO - Filling up the DagBag from /opt/airflow/dags/youtube_pipeline.py
[2026-09-21T03:39:25.627+0000] {processor.py:840} INFO - DAG(s) 'youtube_english_video_pipeline' retrieved from /opt/airflow/dags/youtube_pipeline.py
[2026-09-21T03:39:25.676+0000] {logging_mixin.py:188} INFO - [2026-09-21T03:39:25.676+0000] {dag.py:3089} INFO - Sync 1 DAGs
[2026-09-21T03:39:25.716+0000] {processor.py:183} INFO - Processing /opt/airflow/dags/youtube_pipeline.py took 0.150 seconds
[2026-09-21T03:39:56.022+0000] {processor.py:161} INFO - Started process (PID=11421) to work on /opt/airflow/dags/youtube_pipeline.py
[2026-09-21T03:39:56.023+0000] {processor.py:830} INFO - Processing file /opt/airflow/dags/youtube_pipeline.py for tasks to queue
[2026-09-21T03:39:56.026+0000] {logging_mixin.py:188} INFO - [2026-09-21T03:39:56.026+0000] {dagbag.py:545} INFO - Filling up the DagBag from /opt/airflow/dags/youtube_pipeline.py
[2026-09-21T03:39:56.067+0000] {processor.py:840} INFO - DAG(s) 'youtube_english_video_pipeline' retrieved from /opt/airflow/dags/youtube_pipeline.py
[2026-09-21T03:39:56.137+0000] {logging_mixin.py:188} INFO - [2026-09-21T03:39:56.137+0000] {dag.py:3089} INFO - Sync 1 DAGs
[2026-09-21T03:39:56.344+0000] {processor.py:183} INFO - Processing /opt/airflow/dags/youtube_pipeline.py took 0.339 seconds
[2026-09-21T03:40:26.609+0000] {processor.py:161} INFO - Started process (PID=11426) to work on /opt/airflow/dags/youtube_pipeline.py
[2026-09-21T03:40:26.611+0000] {processor.py:830} INFO - Processing file /opt/airflow/dags/youtube_pipeline.py for tasks to queue
[2026-09-21T03:40:26.613+0000] {logging_mixin.py:188} INFO - [2026-09-21T03:40:26.612+0000] {dagbag.py:545} INFO - Filling up the DagBag from /opt/airflow/dags/youtube_pipeline.py
[2026-09-21T03:40:26.648+0000] {processor.py:840} INFO - DAG(s) 'youtube_english_video_pipeline' retrieved from /opt/airflow/dags/youtube_pipeline.py
[2026-09-21T03:40:26.837+0000] {logging_mixin.py:188} INFO - [2026-09-21T03:40:26.836+0000] {dag.py:3089} INFO - Sync 1 DAGs
[2026-09-21T03:40:26.879+0000] {processor.py:183} INFO - Processing /opt/airflow/dags/youtube_pipeline.py took 0.282 seconds
[2026-09-21T03:40:57.280+0000] {processor.py:161} INFO - Started process (PID=11431) to work on /opt/airflow/dags/youtube_pipeline.py
[2026-09-21T03:40:57.287+0000] {processor.py:830} INFO - Processing file /opt/airflow/dags/youtube_pipeline.py for tasks to queue
[2026-09-21T03:40:57.293+0000] {logging_mixin.py:188} INFO - [2026-09-21T03:40:57.292+0000] {dagbag.py:545} INFO - Filling up the DagBag from /opt/airflow/dags/youtube_pipeline.py
[2026-09-21T03:40:57.499+0000] {processor.py:840} INFO - DAG(s) 'youtube_english_video_pipeline' retrieved from /opt/airflow/dags/youtube_pipeline.py
[2026-09-21T03:40:57.606+0000] {logging_mixin.py:188} INFO - [2026-09-21T03:40:57.606+0000] {dag.py:3089} INFO - Sync 1 DAGs
[2026-09-21T03:40:57.651+0000] {processor.py:183} INFO - Processing /opt/airflow/dags/youtube_pipeline.py took 0.441 seconds
[2026-09-21T03:41:28.019+0000] {processor.py:161} INFO - Started process (PID=11436) to work on /opt/airflow/dags/youtube_pipeline.py
[2026-09-21T03:41:28.020+0000] {processor.py:830} INFO - Processing file /opt/airflow/dags/youtube_pipeline.py for tasks to queue
[2026-09-21T03:41:28.024+0000] {logging_mixin.py:188} INFO - [2026-09-21T03:41:28.024+0000] {dagbag.py:545} INFO - Filling up the DagBag from /opt/airflow/dags/youtube_pipeline.py
[2026-09-21T03:41:28.064+0000] {processor.py:840} INFO - DAG(s) 'youtube_english_video_pipeline' retrieved from /opt/airflow/dags/youtube_pipeline.py
[2026-09-21T03:41:28.124+0000] {logging_mixin.py:188} INFO - [2026-09-21T03:41:28.124+0000] {dag.py:3089} INFO - Sync 1 DAGs
[2026-09-21T03:41:28.166+0000] {processor.py:183} INFO - Processing /opt/airflow/dags/youtube_pipeline.py took 0.159 seconds
[2026-09-21T03:41:58.238+0000] {processor.py:161} INFO - Started process (PID=11441) to work on /opt/airflow/dags/youtube_pipeline.py
[2026-09-21T03:41:58.239+0000] {processor.py:830} INFO - Processing file /opt/airflow/dags/youtube_pipeline.py for tasks to queue
[2026-09-21T03:41:58.242+0000] {logging_mixin.py:188} INFO - [2026-09-21T03:41:58.241+0000] {dagbag.py:545} INFO - Filling up the DagBag from /opt/airflow/dags/youtube_pipeline.py
[2026-09-21T03:41:58.286+0000] {processor.py:840} INFO - DAG(s) 'youtube_english_video_pipeline' retrieved from /opt/airflow/dags/youtube_pipeline.py
[2026-09-21T03:41:58.344+0000] {logging_mixin.py:188} INFO - [2026-09-21T03:41:58.344+0000] {dag.py:3089} INFO - Sync 1 DAGs
[2026-09-21T03:41:58.554+0000] {processor.py:183} INFO - Processing /opt/airflow/dags/youtube_pipeline.py took 0.324 seconds
[2026-09-21T03:42:28.625+0000] {processor.py:161} INFO - Started process (PID=11446) to work on /opt/airflow/dags/youtube_pipeline.py
[2026-09-21T03:42:28.626+0000] {processor.py:830} INFO - Processing file /opt/airflow/dags/youtube_pipeline.py for tasks to queue
[2026-09-21T03:42:28.628+0000] {logging_mixin.py:188} INFO - [2026-09-21T03:42:28.628+0000] {dagbag.py:545} INFO - Filling up the DagBag from /opt/airflow/dags/youtube_pipeline.py
[2026-09-21T03:42:28.688+0000] {processor.py:840} INFO - DAG(s) 'youtube_english_video_pipeline' retrieved from /opt/airflow/dags/youtube_pipeline.py
[2026-09-21T03:42:28.890+0000] {logging_mixin.py:188} INFO - [2026-09-21T03:42:28.890+0000] {dag.py:3089} INFO - Sync 1 DAGs
[2026-09-21T03:42:28.932+0000] {processor.py:183} INFO - Processing /opt/airflow/dags/youtube_pipeline.py took 0.316 seconds
[2026-09-21T03:42:59.028+0000] {processor.py:161} INFO - Started process (PID=11451) to work on /opt/airflow/dags/youtube_pipeline.py
[2026-09-21T03:42:59.029+0000] {processor.py:830} INFO - Processing file /opt/airflow/dags/youtube_pipeline.py for tasks to queue
[2026-09-21T03:42:59.032+0000] {logging_mixin.py:188} INFO - [2026-09-21T03:42:59.032+0000] {dagbag.py:545} INFO - Filling up the DagBag from /opt/airflow/dags/youtube_pipeline.py
[2026-09-21T03:42:59.219+0000] {processor.py:840} INFO - DAG(s) 'youtube_english_video_pipeline' retrieved from /opt/airflow/dags/youtube_pipeline.py
[2026-09-21T03:42:59.276+0000] {logging_mixin.py:188} INFO - [2026-09-21T03:42:59.276+0000] {dag.py:3089} INFO - Sync 1 DAGs
[2026-09-21T03:42:59.314+0000] {processor.py:183} INFO - Processing /opt/airflow/dags/youtube_pipeline.py took 0.299 seconds
[2026-09-21T03:43:29.422+0000] {processor.py:161} INFO - Started process (PID=11456) to work on /opt/airflow/dags/youtube_pipeline.py
[2026-09-21T03:43:29.424+0000] {processor.py:830} INFO - Processing file /opt/airflow/dags/youtube_pipeline.py for tasks to queue
[2026-09-21T03:43:29.427+0000] {logging_mixin.py:188} INFO - [2026-09-21T03:43:29.427+0000] {dagbag.py:545} INFO - Filling up the DagBag from /opt/airflow/dags/youtube_pipeline.py
[2026-09-21T03:43:29.479+0000] {processor.py:840} INFO - DAG(s) 'youtube_english_video_pipeline' retrieved from /opt/airflow/dags/youtube_pipeline.py
[2026-09-21T03:43:29.531+0000] {logging_mixin.py:188} INFO - [2026-09-21T03:43:29.531+0000] {dag.py:3089} INFO - Sync 1 DAGs
[2026-09-21T03:43:29.574+0000] {processor.py:183} INFO - Processing /opt/airflow/dags/youtube_pipeline.py took 0.166 seconds
[2026-09-21T03:43:59.870+0000] {processor.py:161} INFO - Started process (PID=11461) to work on /opt/airflow/dags/youtube_pipeline.py
[2026-09-21T03:43:59.877+0000] {processor.py:830} INFO - Processing file /opt/airflow/dags/youtube_pipeline.py for tasks to queue
[2026-09-21T03:43:59.880+0000] {logging_mixin.py:188} INFO - [2026-09-21T03:43:59.880+0000] {dagbag.py:545} INFO - Filling up the DagBag from /opt/airflow/dags/youtube_pipeline.py
[2026-09-21T03:44:00.028+0000] {processor.py:840} INFO - DAG(s) 'youtube_english_video_pipeline' retrieved from /opt/airflow/dags/youtube_pipeline.py
[2026-09-21T03:44:00.108+0000] {logging_mixin.py:188} INFO - [2026-09-21T03:44:00.108+0000] {dag.py:3089} INFO - Sync 1 DAGs
[2026-09-21T03:44:00.320+0000] {processor.py:183} INFO - Processing /opt/airflow/dags/youtube_pipeline.py took 0.478 seconds
[2026-09-21T03:44:30.591+0000] {processor.py:161} INFO - Started process (PID=11466) to work on /opt/airflow/dags/youtube_pipeline.py
[2026-09-21T03:44:30.592+0000] {processor.py:830} INFO - Processing file /opt/airflow/dags/youtube_pipeline.py for tasks to queue
[2026-09-21T03:44:30.595+0000] {logging_mixin.py:188} INFO - [2026-09-21T03:44:30.594+0000] {dagbag.py:545} INFO - Filling up the DagBag from /opt/airflow/dags/youtube_pipeline.py
[2026-09-21T03:44:30.634+0000] {processor.py:840} INFO - DAG(s) 'youtube_english_video_pipeline' retrieved from /opt/airflow/dags/youtube_pipeline.py
[2026-09-21T03:44:30.828+0000] {logging_mixin.py:188} INFO - [2026-09-21T03:44:30.828+0000] {dag.py:3089} INFO - Sync 1 DAGs
[2026-09-21T03:44:30.867+0000] {processor.py:183} INFO - Processing /opt/airflow/dags/youtube_pipeline.py took 0.286 seconds
[2026-09-21T03:45:01.134+0000] {processor.py:161} INFO - Started process (PID=11471) to work on /opt/airflow/dags/youtube_pipeline.py
[2026-09-21T03:45:01.136+0000] {processor.py:830} INFO - Processing file /opt/airflow/dags/youtube_pipeline.py for tasks to queue
[2026-09-21T03:45:01.138+0000] {logging_mixin.py:188} INFO - [2026-09-21T03:45:01.138+0000] {dagbag.py:545} INFO - Filling up the DagBag from /opt/airflow/dags/youtube_pipeline.py
[2026-09-21T03:45:01.314+0000] {processor.py:840} INFO - DAG(s) 'youtube_english_video_pipeline' retrieved from /opt/airflow/dags/youtube_pipeline.py
[2026-09-21T03:45:01.355+0000] {logging_mixin.py:188} INFO - [2026-09-21T03:45:01.355+0000] {dag.py:3089} INFO - Sync 1 DAGs
[2026-09-21T03:45:01.392+0000] {processor.py:183} INFO - Processing /opt/airflow/dags/youtube_pipeline.py took 0.268 seconds
[2026-09-21T03:45:31.681+0000] {processor.py:161} INFO - Started process (PID=11476) to work on /opt/airflow/dags/youtube_pipeline.py
[2026-09-21T03:45:31.682+0000] {processor.py:830} INFO - Processing file /opt/airflow/dags/youtube_pipeline.py for tasks to queue
[2026-09-21T03:45:31.684+0000] {logging_mixin.py:188} INFO - [2026-09-21T03:45:31.683+0000] {dagbag.py:545} INFO - Filling up the DagBag from /opt/airflow/dags/youtube_pipeline.py
[2026-09-21T03:45:31.717+0000] {processor.py:840} INFO - DAG(s) 'youtube_english_video_pipeline' retrieved from /opt/airflow/dags/youtube_pipeline.py
[2026-09-21T03:45:31.775+0000] {logging_mixin.py:188} INFO - [2026-09-21T03:45:31.775+0000] {dag.py:3089} INFO - Sync 1 DAGs
[2026-09-21T03:45:31.815+0000] {processor.py:183} INFO - Processing /opt/airflow/dags/youtube_pipeline.py took 0.142 seconds
[2026-09-21T03:46:01.914+0000] {processor.py:161} INFO - Started process (PID=11481) to work on /opt/airflow/dags/youtube_pipeline.py
[2026-09-21T03:46:01.915+0000] {processor.py:830} INFO - Processing file /opt/airflow/dags/youtube_pipeline.py for tasks to queue
[2026-09-21T03:46:01.917+0000] {logging_mixin.py:188} INFO - [2026-09-21T03:46:01.917+0000] {dagbag.py:545} INFO - Filling up the DagBag from /opt/airflow/dags/youtube_pipeline.py
[2026-09-21T03:46:01.954+0000] {processor.py:840} INFO - DAG(s) 'youtube_english_video_pipeline' retrieved from /opt/airflow/dags/youtube_pipeline.py
[2026-09-21T03:46:02.011+0000] {logging_mixin.py:188} INFO - [2026-09-21T03:46:02.011+0000] {dag.py:3089} INFO - Sync 1 DAGs
[2026-09-21T03:46:02.191+0000] {processor.py:183} INFO - Processing /opt/airflow/dags/youtube_pipeline.py took 0.286 seconds
[2026-09-21T03:46:32.356+0000] {processor.py:161} INFO - Started process (PID=11486) to work on /opt/airflow/dags/youtube_pipeline.py
[2026-09-21T03:46:32.358+0000] {processor.py:830} INFO - Processing file /opt/airflow/dags/youtube_pipeline.py for tasks to queue
[2026-09-21T03:46:32.361+0000] {logging_mixin.py:188} INFO - [2026-09-21T03:46:32.361+0000] {dagbag.py:545} INFO - Filling up the DagBag from /opt/airflow/dags/youtube_pipeline.py
[2026-09-21T03:46:32.405+0000] {processor.py:840} INFO - DAG(s) 'youtube_english_video_pipeline' retrieved from /opt/airflow/dags/youtube_pipeline.py
[2026-09-21T03:46:32.604+0000] {logging_mixin.py:188} INFO - [2026-09-21T03:46:32.604+0000] {dag.py:3089} INFO - Sync 1 DAGs
[2026-09-21T03:46:32.657+0000] {processor.py:183} INFO - Processing /opt/airflow/dags/youtube_pipeline.py took 0.312 seconds
[2026-09-21T03:47:02.934+0000] {processor.py:161} INFO - Started process (PID=11491) to work on /opt/airflow/dags/youtube_pipeline.py
[2026-09-21T03:47:02.935+0000] {processor.py:830} INFO - Processing file /opt/airflow/dags/youtube_pipeline.py for tasks to queue
[2026-09-21T03:47:02.938+0000] {logging_mixin.py:188} INFO - [2026-09-21T03:47:02.938+0000] {dagbag.py:545} INFO - Filling up the DagBag from /opt/airflow/dags/youtube_pipeline.py
[2026-09-21T03:47:03.171+0000] {processor.py:840} INFO - DAG(s) 'youtube_english_video_pipeline' retrieved from /opt/airflow/dags/youtube_pipeline.py
[2026-09-21T03:47:03.230+0000] {logging_mixin.py:188} INFO - [2026-09-21T03:47:03.229+0000] {dag.py:3089} INFO - Sync 1 DAGs
[2026-09-21T03:47:03.286+0000] {processor.py:183} INFO - Processing /opt/airflow/dags/youtube_pipeline.py took 0.366 seconds
[2026-09-21T03:47:33.586+0000] {processor.py:161} INFO - Started process (PID=11496) to work on /opt/airflow/dags/youtube_pipeline.py
[2026-09-21T03:47:33.587+0000] {processor.py:830} INFO - Processing file /opt/airflow/dags/youtube_pipeline.py for tasks to queue
[2026-09-21T03:47:33.589+0000] {logging_mixin.py:188} INFO - [2026-09-21T03:47:33.589+0000] {dagbag.py:545} INFO - Filling up the DagBag from /opt/airflow/dags/youtube_pipeline.py
[2026-09-21T03:47:33.636+0000] {processor.py:840} INFO - DAG(s) 'youtube_english_video_pipeline' retrieved from /opt/airflow/dags/youtube_pipeline.py
[2026-09-21T03:47:33.686+0000] {logging_mixin.py:188} INFO - [2026-09-21T03:47:33.685+0000] {dag.py:3089} INFO - Sync 1 DAGs
[2026-09-21T03:47:33.739+0000] {processor.py:183} INFO - Processing /opt/airflow/dags/youtube_pipeline.py took 0.165 seconds
[2026-09-21T03:48:03.825+0000] {processor.py:161} INFO - Started process (PID=11501) to work on /opt/airflow/dags/youtube_pipeline.py
[2026-09-21T03:48:03.828+0000] {processor.py:830} INFO - Processing file /opt/airflow/dags/youtube_pipeline.py for tasks to queue
[2026-09-21T03:48:03.830+0000] {logging_mixin.py:188} INFO - [2026-09-21T03:48:03.830+0000] {dagbag.py:545} INFO - Filling up the DagBag from /opt/airflow/dags/youtube_pipeline.py
[2026-09-21T03:48:03.875+0000] {processor.py:840} INFO - DAG(s) 'youtube_english_video_pipeline' retrieved from /opt/airflow/dags/youtube_pipeline.py
[2026-09-21T03:48:03.937+0000] {logging_mixin.py:188} INFO - [2026-09-21T03:48:03.937+0000] {dag.py:3089} INFO - Sync 1 DAGs
[2026-09-21T03:48:04.142+0000] {processor.py:183} INFO - Processing /opt/airflow/dags/youtube_pipeline.py took 0.330 seconds
[2026-09-21T03:48:34.245+0000] {processor.py:161} INFO - Started process (PID=11506) to work on /opt/airflow/dags/youtube_pipeline.py
[2026-09-21T03:48:34.247+0000] {processor.py:830} INFO - Processing file /opt/airflow/dags/youtube_pipeline.py for tasks to queue
[2026-09-21T03:48:34.249+0000] {logging_mixin.py:188} INFO - [2026-09-21T03:48:34.249+0000] {dagbag.py:545} INFO - Filling up the DagBag from /opt/airflow/dags/youtube_pipeline.py
[2026-09-21T03:48:34.304+0000] {processor.py:840} INFO - DAG(s) 'youtube_english_video_pipeline' retrieved from /opt/airflow/dags/youtube_pipeline.py
[2026-09-21T03:48:34.522+0000] {logging_mixin.py:188} INFO - [2026-09-21T03:48:34.522+0000] {dag.py:3089} INFO - Sync 1 DAGs
[2026-09-21T03:48:34.563+0000] {processor.py:183} INFO - Processing /opt/airflow/dags/youtube_pipeline.py took 0.329 seconds
[2026-09-21T03:49:05.037+0000] {processor.py:161} INFO - Started process (PID=11511) to work on /opt/airflow/dags/youtube_pipeline.py
[2026-09-21T03:49:05.059+0000] {processor.py:830} INFO - Processing file /opt/airflow/dags/youtube_pipeline.py for tasks to queue
[2026-09-21T03:49:05.101+0000] {logging_mixin.py:188} INFO - [2026-09-21T03:49:05.099+0000] {dagbag.py:545} INFO - Filling up the DagBag from /opt/airflow/dags/youtube_pipeline.py
[2026-09-21T03:49:07.234+0000] {processor.py:840} INFO - DAG(s) 'youtube_english_video_pipeline' retrieved from /opt/airflow/dags/youtube_pipeline.py
[2026-09-21T03:49:07.960+0000] {logging_mixin.py:188} INFO - [2026-09-21T03:49:07.959+0000] {dag.py:3089} INFO - Sync 1 DAGs
[2026-09-21T03:49:08.121+0000] {processor.py:183} INFO - Processing /opt/airflow/dags/youtube_pipeline.py took 3.155 seconds
[2026-09-21T05:53:04.826+0000] {processor.py:161} INFO - Started process (PID=202) to work on /opt/airflow/dags/youtube_pipeline.py
[2026-09-21T05:53:04.827+0000] {processor.py:830} INFO - Processing file /opt/airflow/dags/youtube_pipeline.py for tasks to queue
[2026-09-21T05:53:04.829+0000] {logging_mixin.py:188} INFO - [2026-09-21T05:53:04.828+0000] {dagbag.py:545} INFO - Filling up the DagBag from /opt/airflow/dags/youtube_pipeline.py
[2026-09-21T05:53:04.857+0000] {processor.py:840} INFO - DAG(s) 'youtube_english_video_pipeline' retrieved from /opt/airflow/dags/youtube_pipeline.py
[2026-09-21T05:53:04.883+0000] {logging_mixin.py:188} INFO - [2026-09-21T05:53:04.883+0000] {dag.py:3089} INFO - Sync 1 DAGs
[2026-09-21T05:53:04.916+0000] {processor.py:183} INFO - Processing /opt/airflow/dags/youtube_pipeline.py took 0.095 seconds
[2026-09-21T05:53:35.067+0000] {processor.py:161} INFO - Started process (PID=207) to work on /opt/airflow/dags/youtube_pipeline.py
[2026-09-21T05:53:35.068+0000] {processor.py:830} INFO - Processing file /opt/airflow/dags/youtube_pipeline.py for tasks to queue
[2026-09-21T05:53:35.070+0000] {logging_mixin.py:188} INFO - [2026-09-21T05:53:35.070+0000] {dagbag.py:545} INFO - Filling up the DagBag from /opt/airflow/dags/youtube_pipeline.py
[2026-09-21T05:53:35.093+0000] {processor.py:840} INFO - DAG(s) 'youtube_english_video_pipeline' retrieved from /opt/airflow/dags/youtube_pipeline.py
[2026-09-21T05:53:35.420+0000] {logging_mixin.py:188} INFO - [2026-09-21T05:53:35.420+0000] {dag.py:3089} INFO - Sync 1 DAGs
[2026-09-21T05:53:35.451+0000] {processor.py:183} INFO - Processing /opt/airflow/dags/youtube_pipeline.py took 0.390 seconds
[2026-09-21T05:54:05.739+0000] {processor.py:161} INFO - Started process (PID=468) to work on /opt/airflow/dags/youtube_pipeline.py
[2026-09-21T05:54:05.741+0000] {processor.py:830} INFO - Processing file /opt/airflow/dags/youtube_pipeline.py for tasks to queue
[2026-09-21T05:54:05.742+0000] {logging_mixin.py:188} INFO - [2026-09-21T05:54:05.742+0000] {dagbag.py:545} INFO - Filling up the DagBag from /opt/airflow/dags/youtube_pipeline.py
[2026-09-21T05:54:05.766+0000] {processor.py:840} INFO - DAG(s) 'youtube_english_video_pipeline' retrieved from /opt/airflow/dags/youtube_pipeline.py
[2026-09-21T05:54:05.796+0000] {logging_mixin.py:188} INFO - [2026-09-21T05:54:05.796+0000] {dag.py:3089} INFO - Sync 1 DAGs
[2026-09-21T05:54:05.824+0000] {processor.py:183} INFO - Processing /opt/airflow/dags/youtube_pipeline.py took 0.091 seconds
[2026-09-21T05:54:35.913+0000] {processor.py:161} INFO - Started process (PID=1038) to work on /opt/airflow/dags/youtube_pipeline.py
[2026-09-21T05:54:35.914+0000] {processor.py:830} INFO - Processing file /opt/airflow/dags/youtube_pipeline.py for tasks to queue
[2026-09-21T05:54:35.915+0000] {logging_mixin.py:188} INFO - [2026-09-21T05:54:35.915+0000] {dagbag.py:545} INFO - Filling up the DagBag from /opt/airflow/dags/youtube_pipeline.py
[2026-09-21T05:54:35.937+0000] {processor.py:840} INFO - DAG(s) 'youtube_english_video_pipeline' retrieved from /opt/airflow/dags/youtube_pipeline.py
[2026-09-21T05:54:35.976+0000] {logging_mixin.py:188} INFO - [2026-09-21T05:54:35.976+0000] {dag.py:3089} INFO - Sync 1 DAGs
[2026-09-21T05:54:36.112+0000] {processor.py:183} INFO - Processing /opt/airflow/dags/youtube_pipeline.py took 0.203 seconds
[2026-09-21T05:55:06.248+0000] {processor.py:161} INFO - Started process (PID=2246) to work on /opt/airflow/dags/youtube_pipeline.py
[2026-09-21T05:55:06.249+0000] {processor.py:830} INFO - Processing file /opt/airflow/dags/youtube_pipeline.py for tasks to queue
[2026-09-21T05:55:06.253+0000] {logging_mixin.py:188} INFO - [2026-09-21T05:55:06.253+0000] {dagbag.py:545} INFO - Filling up the DagBag from /opt/airflow/dags/youtube_pipeline.py
[2026-09-21T05:55:06.305+0000] {processor.py:840} INFO - DAG(s) 'youtube_english_video_pipeline' retrieved from /opt/airflow/dags/youtube_pipeline.py
[2026-09-21T05:55:06.365+0000] {logging_mixin.py:188} INFO - [2026-09-21T05:55:06.364+0000] {dag.py:3089} INFO - Sync 1 DAGs
[2026-09-21T05:55:06.626+0000] {processor.py:183} INFO - Processing /opt/airflow/dags/youtube_pipeline.py took 0.388 seconds
[2026-09-21T05:55:36.804+0000] {processor.py:161} INFO - Started process (PID=3309) to work on /opt/airflow/dags/youtube_pipeline.py
[2026-09-21T05:55:36.805+0000] {processor.py:830} INFO - Processing file /opt/airflow/dags/youtube_pipeline.py for tasks to queue
[2026-09-21T05:55:36.806+0000] {logging_mixin.py:188} INFO - [2026-09-21T05:55:36.806+0000] {dagbag.py:545} INFO - Filling up the DagBag from /opt/airflow/dags/youtube_pipeline.py
[2026-09-21T05:55:36.827+0000] {processor.py:840} INFO - DAG(s) 'youtube_english_video_pipeline' retrieved from /opt/airflow/dags/youtube_pipeline.py
[2026-09-21T05:55:36.967+0000] {logging_mixin.py:188} INFO - [2026-09-21T05:55:36.967+0000] {dag.py:3089} INFO - Sync 1 DAGs
[2026-09-21T05:55:36.993+0000] {processor.py:183} INFO - Processing /opt/airflow/dags/youtube_pipeline.py took 0.195 seconds
[2026-09-21T05:56:07.298+0000] {processor.py:161} INFO - Started process (PID=3845) to work on /opt/airflow/dags/youtube_pipeline.py
[2026-09-21T05:56:07.300+0000] {processor.py:830} INFO - Processing file /opt/airflow/dags/youtube_pipeline.py for tasks to queue
[2026-09-21T05:56:07.305+0000] {logging_mixin.py:188} INFO - [2026-09-21T05:56:07.304+0000] {dagbag.py:545} INFO - Filling up the DagBag from /opt/airflow/dags/youtube_pipeline.py
[2026-09-21T05:56:07.628+0000] {processor.py:840} INFO - DAG(s) 'youtube_english_video_pipeline' retrieved from /opt/airflow/dags/youtube_pipeline.py
[2026-09-21T05:56:07.695+0000] {logging_mixin.py:188} INFO - [2026-09-21T05:56:07.694+0000] {dag.py:3089} INFO - Sync 1 DAGs
[2026-09-21T05:56:07.774+0000] {processor.py:183} INFO - Processing /opt/airflow/dags/youtube_pipeline.py took 0.492 seconds
[2026-09-21T05:56:38.136+0000] {processor.py:161} INFO - Started process (PID=3871) to work on /opt/airflow/dags/youtube_pipeline.py
[2026-09-21T05:56:38.137+0000] {processor.py:830} INFO - Processing file /opt/airflow/dags/youtube_pipeline.py for tasks to queue
[2026-09-21T05:56:38.140+0000] {logging_mixin.py:188} INFO - [2026-09-21T05:56:38.139+0000] {dagbag.py:545} INFO - Filling up the DagBag from /opt/airflow/dags/youtube_pipeline.py
[2026-09-21T05:56:38.163+0000] {processor.py:840} INFO - DAG(s) 'youtube_english_video_pipeline' retrieved from /opt/airflow/dags/youtube_pipeline.py
[2026-09-21T05:56:38.196+0000] {logging_mixin.py:188} INFO - [2026-09-21T05:56:38.196+0000] {dag.py:3089} INFO - Sync 1 DAGs
[2026-09-21T05:56:38.225+0000] {processor.py:183} INFO - Processing /opt/airflow/dags/youtube_pipeline.py took 0.094 seconds
[2026-09-21T05:57:08.408+0000] {processor.py:161} INFO - Started process (PID=3876) to work on /opt/airflow/dags/youtube_pipeline.py
[2026-09-21T05:57:08.411+0000] {processor.py:830} INFO - Processing file /opt/airflow/dags/youtube_pipeline.py for tasks to queue
[2026-09-21T05:57:08.415+0000] {logging_mixin.py:188} INFO - [2026-09-21T05:57:08.415+0000] {dagbag.py:545} INFO - Filling up the DagBag from /opt/airflow/dags/youtube_pipeline.py
[2026-09-21T05:57:08.494+0000] {processor.py:840} INFO - DAG(s) 'youtube_english_video_pipeline' retrieved from /opt/airflow/dags/youtube_pipeline.py
[2026-09-21T05:57:08.528+0000] {logging_mixin.py:188} INFO - [2026-09-21T05:57:08.527+0000] {dag.py:3089} INFO - Sync 1 DAGs
[2026-09-21T05:57:08.567+0000] {processor.py:183} INFO - Processing /opt/airflow/dags/youtube_pipeline.py took 0.168 seconds
[2026-09-21T05:57:38.691+0000] {processor.py:161} INFO - Started process (PID=3881) to work on /opt/airflow/dags/youtube_pipeline.py
[2026-09-21T05:57:38.692+0000] {processor.py:830} INFO - Processing file /opt/airflow/dags/youtube_pipeline.py for tasks to queue
[2026-09-21T05:57:38.694+0000] {logging_mixin.py:188} INFO - [2026-09-21T05:57:38.693+0000] {dagbag.py:545} INFO - Filling up the DagBag from /opt/airflow/dags/youtube_pipeline.py
[2026-09-21T05:57:38.728+0000] {processor.py:840} INFO - DAG(s) 'youtube_english_video_pipeline' retrieved from /opt/airflow/dags/youtube_pipeline.py
[2026-09-21T05:57:38.762+0000] {logging_mixin.py:188} INFO - [2026-09-21T05:57:38.762+0000] {dag.py:3089} INFO - Sync 1 DAGs
[2026-09-21T05:57:38.791+0000] {processor.py:183} INFO - Processing /opt/airflow/dags/youtube_pipeline.py took 0.105 seconds
[2026-09-21T05:58:09.091+0000] {processor.py:161} INFO - Started process (PID=3886) to work on /opt/airflow/dags/youtube_pipeline.py
[2026-09-21T05:58:09.091+0000] {processor.py:830} INFO - Processing file /opt/airflow/dags/youtube_pipeline.py for tasks to queue
[2026-09-21T05:58:09.093+0000] {logging_mixin.py:188} INFO - [2026-09-21T05:58:09.093+0000] {dagbag.py:545} INFO - Filling up the DagBag from /opt/airflow/dags/youtube_pipeline.py
[2026-09-21T05:58:09.119+0000] {processor.py:840} INFO - DAG(s) 'youtube_english_video_pipeline' retrieved from /opt/airflow/dags/youtube_pipeline.py
[2026-09-21T05:58:09.149+0000] {logging_mixin.py:188} INFO - [2026-09-21T05:58:09.149+0000] {dag.py:3089} INFO - Sync 1 DAGs
[2026-09-21T05:58:09.178+0000] {processor.py:183} INFO - Processing /opt/airflow/dags/youtube_pipeline.py took 0.092 seconds
[2026-09-21T05:58:39.378+0000] {processor.py:161} INFO - Started process (PID=3891) to work on /opt/airflow/dags/youtube_pipeline.py
[2026-09-21T05:58:39.379+0000] {processor.py:830} INFO - Processing file /opt/airflow/dags/youtube_pipeline.py for tasks to queue
[2026-09-21T05:58:39.382+0000] {logging_mixin.py:188} INFO - [2026-09-21T05:58:39.381+0000] {dagbag.py:545} INFO - Filling up the DagBag from /opt/airflow/dags/youtube_pipeline.py
[2026-09-21T05:58:39.420+0000] {processor.py:840} INFO - DAG(s) 'youtube_english_video_pipeline' retrieved from /opt/airflow/dags/youtube_pipeline.py
[2026-09-21T05:58:39.452+0000] {logging_mixin.py:188} INFO - [2026-09-21T05:58:39.452+0000] {dag.py:3089} INFO - Sync 1 DAGs
[2026-09-21T05:58:39.482+0000] {processor.py:183} INFO - Processing /opt/airflow/dags/youtube_pipeline.py took 0.112 seconds
[2026-09-21T05:59:09.617+0000] {processor.py:161} INFO - Started process (PID=3896) to work on /opt/airflow/dags/youtube_pipeline.py
[2026-09-21T05:59:09.618+0000] {processor.py:830} INFO - Processing file /opt/airflow/dags/youtube_pipeline.py for tasks to queue
[2026-09-21T05:59:09.620+0000] {logging_mixin.py:188} INFO - [2026-09-21T05:59:09.620+0000] {dagbag.py:545} INFO - Filling up the DagBag from /opt/airflow/dags/youtube_pipeline.py
[2026-09-21T05:59:09.643+0000] {processor.py:840} INFO - DAG(s) 'youtube_english_video_pipeline' retrieved from /opt/airflow/dags/youtube_pipeline.py
[2026-09-21T05:59:09.677+0000] {logging_mixin.py:188} INFO - [2026-09-21T05:59:09.676+0000] {dag.py:3089} INFO - Sync 1 DAGs
[2026-09-21T05:59:09.706+0000] {processor.py:183} INFO - Processing /opt/airflow/dags/youtube_pipeline.py took 0.094 seconds
[2026-09-21T05:59:39.953+0000] {processor.py:161} INFO - Started process (PID=3901) to work on /opt/airflow/dags/youtube_pipeline.py
[2026-09-21T05:59:39.954+0000] {processor.py:830} INFO - Processing file /opt/airflow/dags/youtube_pipeline.py for tasks to queue
[2026-09-21T05:59:39.955+0000] {logging_mixin.py:188} INFO - [2026-09-21T05:59:39.955+0000] {dagbag.py:545} INFO - Filling up the DagBag from /opt/airflow/dags/youtube_pipeline.py
[2026-09-21T05:59:39.973+0000] {processor.py:840} INFO - DAG(s) 'youtube_english_video_pipeline' retrieved from /opt/airflow/dags/youtube_pipeline.py
[2026-09-21T05:59:40.003+0000] {logging_mixin.py:188} INFO - [2026-09-21T05:59:40.003+0000] {dag.py:3089} INFO - Sync 1 DAGs
[2026-09-21T05:59:40.029+0000] {processor.py:183} INFO - Processing /opt/airflow/dags/youtube_pipeline.py took 0.080 seconds
[2026-09-21T06:00:10.252+0000] {processor.py:161} INFO - Started process (PID=3906) to work on /opt/airflow/dags/youtube_pipeline.py
[2026-09-21T06:00:10.253+0000] {processor.py:830} INFO - Processing file /opt/airflow/dags/youtube_pipeline.py for tasks to queue
[2026-09-21T06:00:10.255+0000] {logging_mixin.py:188} INFO - [2026-09-21T06:00:10.254+0000] {dagbag.py:545} INFO - Filling up the DagBag from /opt/airflow/dags/youtube_pipeline.py
[2026-09-21T06:00:10.274+0000] {processor.py:840} INFO - DAG(s) 'youtube_english_video_pipeline' retrieved from /opt/airflow/dags/youtube_pipeline.py
[2026-09-21T06:00:10.303+0000] {logging_mixin.py:188} INFO - [2026-09-21T06:00:10.303+0000] {dag.py:3089} INFO - Sync 1 DAGs
[2026-09-21T06:00:10.341+0000] {processor.py:183} INFO - Processing /opt/airflow/dags/youtube_pipeline.py took 0.097 seconds
[2026-09-21T06:00:40.688+0000] {processor.py:161} INFO - Started process (PID=3911) to work on /opt/airflow/dags/youtube_pipeline.py
[2026-09-21T06:00:40.696+0000] {processor.py:830} INFO - Processing file /opt/airflow/dags/youtube_pipeline.py for tasks to queue
[2026-09-21T06:00:40.701+0000] {logging_mixin.py:188} INFO - [2026-09-21T06:00:40.700+0000] {dagbag.py:545} INFO - Filling up the DagBag from /opt/airflow/dags/youtube_pipeline.py
[2026-09-21T06:00:40.886+0000] {processor.py:840} INFO - DAG(s) 'youtube_english_video_pipeline' retrieved from /opt/airflow/dags/youtube_pipeline.py
[2026-09-21T06:00:40.939+0000] {logging_mixin.py:188} INFO - [2026-09-21T06:00:40.938+0000] {dag.py:3089} INFO - Sync 1 DAGs
[2026-09-21T06:00:40.972+0000] {processor.py:183} INFO - Processing /opt/airflow/dags/youtube_pipeline.py took 0.298 seconds
[2026-09-21T06:01:11.232+0000] {processor.py:161} INFO - Started process (PID=3916) to work on /opt/airflow/dags/youtube_pipeline.py
[2026-09-21T06:01:11.233+0000] {processor.py:830} INFO - Processing file /opt/airflow/dags/youtube_pipeline.py for tasks to queue
[2026-09-21T06:01:11.235+0000] {logging_mixin.py:188} INFO - [2026-09-21T06:01:11.235+0000] {dagbag.py:545} INFO - Filling up the DagBag from /opt/airflow/dags/youtube_pipeline.py
[2026-09-21T06:01:11.253+0000] {processor.py:840} INFO - DAG(s) 'youtube_english_video_pipeline' retrieved from /opt/airflow/dags/youtube_pipeline.py
[2026-09-21T06:01:11.281+0000] {logging_mixin.py:188} INFO - [2026-09-21T06:01:11.280+0000] {dag.py:3089} INFO - Sync 1 DAGs
[2026-09-21T06:01:11.317+0000] {processor.py:183} INFO - Processing /opt/airflow/dags/youtube_pipeline.py took 0.089 seconds
[2026-09-21T06:01:41.437+0000] {processor.py:161} INFO - Started process (PID=4853) to work on /opt/airflow/dags/youtube_pipeline.py
[2026-09-21T06:01:41.438+0000] {processor.py:830} INFO - Processing file /opt/airflow/dags/youtube_pipeline.py for tasks to queue
[2026-09-21T06:01:41.440+0000] {logging_mixin.py:188} INFO - [2026-09-21T06:01:41.440+0000] {dagbag.py:545} INFO - Filling up the DagBag from /opt/airflow/dags/youtube_pipeline.py
[2026-09-21T06:01:41.476+0000] {processor.py:840} INFO - DAG(s) 'youtube_english_video_pipeline' retrieved from /opt/airflow/dags/youtube_pipeline.py
[2026-09-21T06:01:41.518+0000] {logging_mixin.py:188} INFO - [2026-09-21T06:01:41.518+0000] {dag.py:3089} INFO - Sync 1 DAGs
[2026-09-21T06:01:41.557+0000] {processor.py:183} INFO - Processing /opt/airflow/dags/youtube_pipeline.py took 0.128 seconds
[2026-09-21T06:02:11.715+0000] {processor.py:161} INFO - Started process (PID=6045) to work on /opt/airflow/dags/youtube_pipeline.py
[2026-09-21T06:02:11.716+0000] {processor.py:830} INFO - Processing file /opt/airflow/dags/youtube_pipeline.py for tasks to queue
[2026-09-21T06:02:11.718+0000] {logging_mixin.py:188} INFO - [2026-09-21T06:02:11.718+0000] {dagbag.py:545} INFO - Filling up the DagBag from /opt/airflow/dags/youtube_pipeline.py
[2026-09-21T06:02:11.757+0000] {processor.py:840} INFO - DAG(s) 'youtube_english_video_pipeline' retrieved from /opt/airflow/dags/youtube_pipeline.py
[2026-09-21T06:02:11.789+0000] {logging_mixin.py:188} INFO - [2026-09-21T06:02:11.789+0000] {dag.py:3089} INFO - Sync 1 DAGs
[2026-09-21T06:02:11.823+0000] {processor.py:183} INFO - Processing /opt/airflow/dags/youtube_pipeline.py took 0.113 seconds
[2026-09-21T06:02:42.011+0000] {processor.py:161} INFO - Started process (PID=7032) to work on /opt/airflow/dags/youtube_pipeline.py
[2026-09-21T06:02:42.015+0000] {processor.py:830} INFO - Processing file /opt/airflow/dags/youtube_pipeline.py for tasks to queue
[2026-09-21T06:02:42.018+0000] {logging_mixin.py:188} INFO - [2026-09-21T06:02:42.017+0000] {dagbag.py:545} INFO - Filling up the DagBag from /opt/airflow/dags/youtube_pipeline.py
[2026-09-21T06:02:42.108+0000] {processor.py:840} INFO - DAG(s) 'youtube_english_video_pipeline' retrieved from /opt/airflow/dags/youtube_pipeline.py
[2026-09-21T06:02:42.209+0000] {logging_mixin.py:188} INFO - [2026-09-21T06:02:42.209+0000] {dag.py:3089} INFO - Sync 1 DAGs
[2026-09-21T06:02:42.299+0000] {processor.py:183} INFO - Processing /opt/airflow/dags/youtube_pipeline.py took 0.315 seconds
[2026-09-21T06:03:12.349+0000] {processor.py:161} INFO - Started process (PID=7058) to work on /opt/airflow/dags/youtube_pipeline.py
[2026-09-21T06:03:12.350+0000] {processor.py:830} INFO - Processing file /opt/airflow/dags/youtube_pipeline.py for tasks to queue
[2026-09-21T06:03:12.351+0000] {logging_mixin.py:188} INFO - [2026-09-21T06:03:12.351+0000] {dagbag.py:545} INFO - Filling up the DagBag from /opt/airflow/dags/youtube_pipeline.py
[2026-09-21T06:03:12.371+0000] {processor.py:840} INFO - DAG(s) 'youtube_english_video_pipeline' retrieved from /opt/airflow/dags/youtube_pipeline.py
[2026-09-21T06:03:12.399+0000] {logging_mixin.py:188} INFO - [2026-09-21T06:03:12.399+0000] {dag.py:3089} INFO - Sync 1 DAGs
[2026-09-21T06:03:12.425+0000] {processor.py:183} INFO - Processing /opt/airflow/dags/youtube_pipeline.py took 0.082 seconds
[2026-09-21T06:03:42.624+0000] {processor.py:161} INFO - Started process (PID=7063) to work on /opt/airflow/dags/youtube_pipeline.py
[2026-09-21T06:03:42.625+0000] {processor.py:830} INFO - Processing file /opt/airflow/dags/youtube_pipeline.py for tasks to queue
[2026-09-21T06:03:42.627+0000] {logging_mixin.py:188} INFO - [2026-09-21T06:03:42.626+0000] {dagbag.py:545} INFO - Filling up the DagBag from /opt/airflow/dags/youtube_pipeline.py
[2026-09-21T06:03:42.651+0000] {processor.py:840} INFO - DAG(s) 'youtube_english_video_pipeline' retrieved from /opt/airflow/dags/youtube_pipeline.py
[2026-09-21T06:03:42.681+0000] {logging_mixin.py:188} INFO - [2026-09-21T06:03:42.680+0000] {dag.py:3089} INFO - Sync 1 DAGs
[2026-09-21T06:03:42.717+0000] {processor.py:183} INFO - Processing /opt/airflow/dags/youtube_pipeline.py took 0.097 seconds
[2026-09-21T06:04:12.986+0000] {processor.py:161} INFO - Started process (PID=7068) to work on /opt/airflow/dags/youtube_pipeline.py
[2026-09-21T06:04:12.987+0000] {processor.py:830} INFO - Processing file /opt/airflow/dags/youtube_pipeline.py for tasks to queue
[2026-09-21T06:04:12.988+0000] {logging_mixin.py:188} INFO - [2026-09-21T06:04:12.988+0000] {dagbag.py:545} INFO - Filling up the DagBag from /opt/airflow/dags/youtube_pipeline.py
[2026-09-21T06:04:13.007+0000] {processor.py:840} INFO - DAG(s) 'youtube_english_video_pipeline' retrieved from /opt/airflow/dags/youtube_pipeline.py
[2026-09-21T06:04:13.036+0000] {logging_mixin.py:188} INFO - [2026-09-21T06:04:13.036+0000] {dag.py:3089} INFO - Sync 1 DAGs
[2026-09-21T06:04:13.074+0000] {processor.py:183} INFO - Processing /opt/airflow/dags/youtube_pipeline.py took 0.092 seconds
[2026-09-21T06:04:43.226+0000] {processor.py:161} INFO - Started process (PID=7073) to work on /opt/airflow/dags/youtube_pipeline.py
[2026-09-21T06:04:43.227+0000] {processor.py:830} INFO - Processing file /opt/airflow/dags/youtube_pipeline.py for tasks to queue
[2026-09-21T06:04:43.229+0000] {logging_mixin.py:188} INFO - [2026-09-21T06:04:43.228+0000] {dagbag.py:545} INFO - Filling up the DagBag from /opt/airflow/dags/youtube_pipeline.py
[2026-09-21T06:04:43.246+0000] {processor.py:840} INFO - DAG(s) 'youtube_english_video_pipeline' retrieved from /opt/airflow/dags/youtube_pipeline.py
[2026-09-21T06:04:43.277+0000] {logging_mixin.py:188} INFO - [2026-09-21T06:04:43.277+0000] {dag.py:3089} INFO - Sync 1 DAGs
[2026-09-21T06:04:43.306+0000] {processor.py:183} INFO - Processing /opt/airflow/dags/youtube_pipeline.py took 0.084 seconds
[2026-09-21T06:05:13.496+0000] {processor.py:161} INFO - Started process (PID=7078) to work on /opt/airflow/dags/youtube_pipeline.py
[2026-09-21T06:05:13.497+0000] {processor.py:830} INFO - Processing file /opt/airflow/dags/youtube_pipeline.py for tasks to queue
[2026-09-21T06:05:13.498+0000] {logging_mixin.py:188} INFO - [2026-09-21T06:05:13.498+0000] {dagbag.py:545} INFO - Filling up the DagBag from /opt/airflow/dags/youtube_pipeline.py
[2026-09-21T06:05:13.523+0000] {processor.py:840} INFO - DAG(s) 'youtube_english_video_pipeline' retrieved from /opt/airflow/dags/youtube_pipeline.py
[2026-09-21T06:05:13.553+0000] {logging_mixin.py:188} INFO - [2026-09-21T06:05:13.553+0000] {dag.py:3089} INFO - Sync 1 DAGs
[2026-09-21T06:05:13.580+0000] {processor.py:183} INFO - Processing /opt/airflow/dags/youtube_pipeline.py took 0.089 seconds
[2026-09-21T06:06:18.556+0000] {processor.py:161} INFO - Started process (PID=7083) to work on /opt/airflow/dags/youtube_pipeline.py
[2026-09-21T06:06:18.558+0000] {processor.py:830} INFO - Processing file /opt/airflow/dags/youtube_pipeline.py for tasks to queue
[2026-09-21T06:06:18.562+0000] {logging_mixin.py:188} INFO - [2026-09-21T06:06:18.561+0000] {dagbag.py:545} INFO - Filling up the DagBag from /opt/airflow/dags/youtube_pipeline.py
[2026-09-21T06:06:18.666+0000] {processor.py:840} INFO - DAG(s) 'youtube_english_video_pipeline' retrieved from /opt/airflow/dags/youtube_pipeline.py
[2026-09-21T06:06:18.722+0000] {logging_mixin.py:188} INFO - [2026-09-21T06:06:18.722+0000] {dag.py:3089} INFO - Sync 1 DAGs
[2026-09-21T06:06:18.783+0000] {processor.py:183} INFO - Processing /opt/airflow/dags/youtube_pipeline.py took 0.248 seconds
[2026-09-21T06:06:49.535+0000] {processor.py:161} INFO - Started process (PID=7088) to work on /opt/airflow/dags/youtube_pipeline.py
[2026-09-21T06:06:49.537+0000] {processor.py:830} INFO - Processing file /opt/airflow/dags/youtube_pipeline.py for tasks to queue
[2026-09-21T06:06:49.540+0000] {logging_mixin.py:188} INFO - [2026-09-21T06:06:49.539+0000] {dagbag.py:545} INFO - Filling up the DagBag from /opt/airflow/dags/youtube_pipeline.py
[2026-09-21T06:06:49.593+0000] {processor.py:840} INFO - DAG(s) 'youtube_english_video_pipeline' retrieved from /opt/airflow/dags/youtube_pipeline.py
[2026-09-21T06:06:49.662+0000] {logging_mixin.py:188} INFO - [2026-09-21T06:06:49.662+0000] {dag.py:3089} INFO - Sync 1 DAGs
[2026-09-21T06:06:49.721+0000] {processor.py:183} INFO - Processing /opt/airflow/dags/youtube_pipeline.py took 0.196 seconds
[2026-09-21T06:07:19.893+0000] {processor.py:161} INFO - Started process (PID=7093) to work on /opt/airflow/dags/youtube_pipeline.py
[2026-09-21T06:07:19.895+0000] {processor.py:830} INFO - Processing file /opt/airflow/dags/youtube_pipeline.py for tasks to queue
[2026-09-21T06:07:19.899+0000] {logging_mixin.py:188} INFO - [2026-09-21T06:07:19.898+0000] {dagbag.py:545} INFO - Filling up the DagBag from /opt/airflow/dags/youtube_pipeline.py
[2026-09-21T06:07:19.990+0000] {processor.py:840} INFO - DAG(s) 'youtube_english_video_pipeline' retrieved from /opt/airflow/dags/youtube_pipeline.py
[2026-09-21T06:07:20.033+0000] {logging_mixin.py:188} INFO - [2026-09-21T06:07:20.033+0000] {dag.py:3089} INFO - Sync 1 DAGs
[2026-09-21T06:07:20.073+0000] {processor.py:183} INFO - Processing /opt/airflow/dags/youtube_pipeline.py took 0.194 seconds
[2026-09-21T06:07:50.497+0000] {processor.py:161} INFO - Started process (PID=7098) to work on /opt/airflow/dags/youtube_pipeline.py
[2026-09-21T06:07:50.502+0000] {processor.py:830} INFO - Processing file /opt/airflow/dags/youtube_pipeline.py for tasks to queue
[2026-09-21T06:07:50.507+0000] {logging_mixin.py:188} INFO - [2026-09-21T06:07:50.506+0000] {dagbag.py:545} INFO - Filling up the DagBag from /opt/airflow/dags/youtube_pipeline.py
[2026-09-21T06:07:50.656+0000] {processor.py:840} INFO - DAG(s) 'youtube_english_video_pipeline' retrieved from /opt/airflow/dags/youtube_pipeline.py
[2026-09-21T06:07:50.704+0000] {logging_mixin.py:188} INFO - [2026-09-21T06:07:50.704+0000] {dag.py:3089} INFO - Sync 1 DAGs
[2026-09-21T06:07:50.748+0000] {processor.py:183} INFO - Processing /opt/airflow/dags/youtube_pipeline.py took 0.267 seconds
[2026-09-21T06:08:21.029+0000] {processor.py:161} INFO - Started process (PID=7563) to work on /opt/airflow/dags/youtube_pipeline.py
[2026-09-21T06:08:21.032+0000] {processor.py:830} INFO - Processing file /opt/airflow/dags/youtube_pipeline.py for tasks to queue
[2026-09-21T06:08:21.036+0000] {logging_mixin.py:188} INFO - [2026-09-21T06:08:21.035+0000] {dagbag.py:545} INFO - Filling up the DagBag from /opt/airflow/dags/youtube_pipeline.py
[2026-09-21T06:08:21.113+0000] {processor.py:840} INFO - DAG(s) 'youtube_english_video_pipeline' retrieved from /opt/airflow/dags/youtube_pipeline.py
[2026-09-21T06:08:21.179+0000] {logging_mixin.py:188} INFO - [2026-09-21T06:08:21.178+0000] {dag.py:3089} INFO - Sync 1 DAGs
[2026-09-21T06:08:21.222+0000] {processor.py:183} INFO - Processing /opt/airflow/dags/youtube_pipeline.py took 0.201 seconds
[2026-09-21T06:08:51.305+0000] {processor.py:161} INFO - Started process (PID=8620) to work on /opt/airflow/dags/youtube_pipeline.py
[2026-09-21T06:08:51.306+0000] {processor.py:830} INFO - Processing file /opt/airflow/dags/youtube_pipeline.py for tasks to queue
[2026-09-21T06:08:51.309+0000] {logging_mixin.py:188} INFO - [2026-09-21T06:08:51.309+0000] {dagbag.py:545} INFO - Filling up the DagBag from /opt/airflow/dags/youtube_pipeline.py
[2026-09-21T06:08:51.356+0000] {processor.py:840} INFO - DAG(s) 'youtube_english_video_pipeline' retrieved from /opt/airflow/dags/youtube_pipeline.py
[2026-09-21T06:08:51.404+0000] {logging_mixin.py:188} INFO - [2026-09-21T06:08:51.404+0000] {dag.py:3089} INFO - Sync 1 DAGs
[2026-09-21T06:08:51.444+0000] {processor.py:183} INFO - Processing /opt/airflow/dags/youtube_pipeline.py took 0.147 seconds
[2026-09-21T06:09:21.752+0000] {processor.py:161} INFO - Started process (PID=9383) to work on /opt/airflow/dags/youtube_pipeline.py
[2026-09-21T06:09:21.754+0000] {processor.py:830} INFO - Processing file /opt/airflow/dags/youtube_pipeline.py for tasks to queue
[2026-09-21T06:09:21.757+0000] {logging_mixin.py:188} INFO - [2026-09-21T06:09:21.757+0000] {dagbag.py:545} INFO - Filling up the DagBag from /opt/airflow/dags/youtube_pipeline.py
[2026-09-21T06:09:21.825+0000] {processor.py:840} INFO - DAG(s) 'youtube_english_video_pipeline' retrieved from /opt/airflow/dags/youtube_pipeline.py
[2026-09-21T06:09:21.875+0000] {logging_mixin.py:188} INFO - [2026-09-21T06:09:21.874+0000] {dag.py:3089} INFO - Sync 1 DAGs
[2026-09-21T06:09:21.926+0000] {processor.py:183} INFO - Processing /opt/airflow/dags/youtube_pipeline.py took 0.186 seconds
[2026-09-21T06:09:52.137+0000] {processor.py:161} INFO - Started process (PID=10219) to work on /opt/airflow/dags/youtube_pipeline.py
[2026-09-21T06:09:52.139+0000] {processor.py:830} INFO - Processing file /opt/airflow/dags/youtube_pipeline.py for tasks to queue
[2026-09-21T06:09:52.144+0000] {logging_mixin.py:188} INFO - [2026-09-21T06:09:52.143+0000] {dagbag.py:545} INFO - Filling up the DagBag from /opt/airflow/dags/youtube_pipeline.py
[2026-09-21T06:09:52.265+0000] {processor.py:840} INFO - DAG(s) 'youtube_english_video_pipeline' retrieved from /opt/airflow/dags/youtube_pipeline.py
[2026-09-21T06:09:52.384+0000] {logging_mixin.py:188} INFO - [2026-09-21T06:09:52.383+0000] {dag.py:3089} INFO - Sync 1 DAGs
[2026-09-21T06:09:52.475+0000] {processor.py:183} INFO - Processing /opt/airflow/dags/youtube_pipeline.py took 0.356 seconds
[2026-09-21T06:10:22.791+0000] {processor.py:161} INFO - Started process (PID=10245) to work on /opt/airflow/dags/youtube_pipeline.py
[2026-09-21T06:10:22.793+0000] {processor.py:830} INFO - Processing file /opt/airflow/dags/youtube_pipeline.py for tasks to queue
[2026-09-21T06:10:22.795+0000] {logging_mixin.py:188} INFO - [2026-09-21T06:10:22.794+0000] {dagbag.py:545} INFO - Filling up the DagBag from /opt/airflow/dags/youtube_pipeline.py
[2026-09-21T06:10:22.841+0000] {processor.py:840} INFO - DAG(s) 'youtube_english_video_pipeline' retrieved from /opt/airflow/dags/youtube_pipeline.py
[2026-09-21T06:10:22.890+0000] {logging_mixin.py:188} INFO - [2026-09-21T06:10:22.890+0000] {dag.py:3089} INFO - Sync 1 DAGs
[2026-09-21T06:10:22.932+0000] {processor.py:183} INFO - Processing /opt/airflow/dags/youtube_pipeline.py took 0.149 seconds
[2026-09-21T06:10:53.146+0000] {processor.py:161} INFO - Started process (PID=10250) to work on /opt/airflow/dags/youtube_pipeline.py
[2026-09-21T06:10:53.149+0000] {processor.py:830} INFO - Processing file /opt/airflow/dags/youtube_pipeline.py for tasks to queue
[2026-09-21T06:10:53.154+0000] {logging_mixin.py:188} INFO - [2026-09-21T06:10:53.153+0000] {dagbag.py:545} INFO - Filling up the DagBag from /opt/airflow/dags/youtube_pipeline.py
[2026-09-21T06:10:53.335+0000] {processor.py:840} INFO - DAG(s) 'youtube_english_video_pipeline' retrieved from /opt/airflow/dags/youtube_pipeline.py
[2026-09-21T06:10:53.434+0000] {logging_mixin.py:188} INFO - [2026-09-21T06:10:53.434+0000] {dag.py:3089} INFO - Sync 1 DAGs
[2026-09-21T06:10:53.497+0000] {processor.py:183} INFO - Processing /opt/airflow/dags/youtube_pipeline.py took 0.366 seconds
[2026-09-21T06:11:23.761+0000] {processor.py:161} INFO - Started process (PID=10255) to work on /opt/airflow/dags/youtube_pipeline.py
[2026-09-21T06:11:23.764+0000] {processor.py:830} INFO - Processing file /opt/airflow/dags/youtube_pipeline.py for tasks to queue
[2026-09-21T06:11:23.771+0000] {logging_mixin.py:188} INFO - [2026-09-21T06:11:23.770+0000] {dagbag.py:545} INFO - Filling up the DagBag from /opt/airflow/dags/youtube_pipeline.py
[2026-09-21T06:11:23.912+0000] {processor.py:840} INFO - DAG(s) 'youtube_english_video_pipeline' retrieved from /opt/airflow/dags/youtube_pipeline.py
[2026-09-21T06:11:24.010+0000] {logging_mixin.py:188} INFO - [2026-09-21T06:11:24.010+0000] {dag.py:3089} INFO - Sync 1 DAGs
[2026-09-21T06:11:24.061+0000] {logging_mixin.py:188} INFO - [2026-09-21T06:11:24.061+0000] {dag.py:3947} INFO - Setting next_dagrun for youtube_english_video_pipeline to 2026-09-20 12:00:00+00:00, run_after=2026-09-21 12:00:00+00:00
[2026-09-21T06:11:24.118+0000] {processor.py:183} INFO - Processing /opt/airflow/dags/youtube_pipeline.py took 0.374 seconds
[2026-09-21T06:11:54.590+0000] {processor.py:161} INFO - Started process (PID=10260) to work on /opt/airflow/dags/youtube_pipeline.py
[2026-09-21T06:11:54.594+0000] {processor.py:830} INFO - Processing file /opt/airflow/dags/youtube_pipeline.py for tasks to queue
[2026-09-21T06:11:54.599+0000] {logging_mixin.py:188} INFO - [2026-09-21T06:11:54.598+0000] {dagbag.py:545} INFO - Filling up the DagBag from /opt/airflow/dags/youtube_pipeline.py
[2026-09-21T06:11:54.818+0000] {processor.py:840} INFO - DAG(s) 'youtube_english_video_pipeline' retrieved from /opt/airflow/dags/youtube_pipeline.py
[2026-09-21T06:11:54.866+0000] {logging_mixin.py:188} INFO - [2026-09-21T06:11:54.866+0000] {dag.py:3089} INFO - Sync 1 DAGs
[2026-09-21T06:11:54.891+0000] {logging_mixin.py:188} INFO - [2026-09-21T06:11:54.891+0000] {dag.py:3947} INFO - Setting next_dagrun for youtube_english_video_pipeline to 2026-09-20 12:00:00+00:00, run_after=2026-09-21 12:00:00+00:00
[2026-09-21T06:11:54.933+0000] {processor.py:183} INFO - Processing /opt/airflow/dags/youtube_pipeline.py took 0.363 seconds
[2026-09-21T06:12:25.488+0000] {processor.py:161} INFO - Started process (PID=10265) to work on /opt/airflow/dags/youtube_pipeline.py
[2026-09-21T06:12:25.495+0000] {processor.py:830} INFO - Processing file /opt/airflow/dags/youtube_pipeline.py for tasks to queue
[2026-09-21T06:12:25.501+0000] {logging_mixin.py:188} INFO - [2026-09-21T06:12:25.500+0000] {dagbag.py:545} INFO - Filling up the DagBag from /opt/airflow/dags/youtube_pipeline.py
[2026-09-21T06:12:25.636+0000] {processor.py:840} INFO - DAG(s) 'youtube_english_video_pipeline' retrieved from /opt/airflow/dags/youtube_pipeline.py
[2026-09-21T06:12:25.682+0000] {logging_mixin.py:188} INFO - [2026-09-21T06:12:25.682+0000] {dag.py:3089} INFO - Sync 1 DAGs
[2026-09-21T06:12:25.708+0000] {logging_mixin.py:188} INFO - [2026-09-21T06:12:25.707+0000] {dag.py:3947} INFO - Setting next_dagrun for youtube_english_video_pipeline to 2026-09-20 12:00:00+00:00, run_after=2026-09-21 12:00:00+00:00
[2026-09-21T06:12:25.733+0000] {processor.py:183} INFO - Processing /opt/airflow/dags/youtube_pipeline.py took 0.260 seconds
[2026-09-21T06:12:56.062+0000] {processor.py:161} INFO - Started process (PID=10270) to work on /opt/airflow/dags/youtube_pipeline.py
[2026-09-21T06:12:56.064+0000] {processor.py:830} INFO - Processing file /opt/airflow/dags/youtube_pipeline.py for tasks to queue
[2026-09-21T06:12:56.066+0000] {logging_mixin.py:188} INFO - [2026-09-21T06:12:56.066+0000] {dagbag.py:545} INFO - Filling up the DagBag from /opt/airflow/dags/youtube_pipeline.py
[2026-09-21T06:12:56.123+0000] {processor.py:840} INFO - DAG(s) 'youtube_english_video_pipeline' retrieved from /opt/airflow/dags/youtube_pipeline.py
[2026-09-21T06:12:56.178+0000] {logging_mixin.py:188} INFO - [2026-09-21T06:12:56.178+0000] {dag.py:3089} INFO - Sync 1 DAGs
[2026-09-21T06:12:56.201+0000] {logging_mixin.py:188} INFO - [2026-09-21T06:12:56.200+0000] {dag.py:3947} INFO - Setting next_dagrun for youtube_english_video_pipeline to 2026-09-20 12:00:00+00:00, run_after=2026-09-21 12:00:00+00:00
[2026-09-21T06:12:56.220+0000] {processor.py:183} INFO - Processing /opt/airflow/dags/youtube_pipeline.py took 0.166 seconds
[2026-09-21T06:13:26.441+0000] {processor.py:161} INFO - Started process (PID=10275) to work on /opt/airflow/dags/youtube_pipeline.py
[2026-09-21T06:13:26.442+0000] {processor.py:830} INFO - Processing file /opt/airflow/dags/youtube_pipeline.py for tasks to queue
[2026-09-21T06:13:26.444+0000] {logging_mixin.py:188} INFO - [2026-09-21T06:13:26.444+0000] {dagbag.py:545} INFO - Filling up the DagBag from /opt/airflow/dags/youtube_pipeline.py
[2026-09-21T06:13:26.487+0000] {processor.py:840} INFO - DAG(s) 'youtube_english_video_pipeline' retrieved from /opt/airflow/dags/youtube_pipeline.py
[2026-09-21T06:13:26.532+0000] {logging_mixin.py:188} INFO - [2026-09-21T06:13:26.532+0000] {dag.py:3089} INFO - Sync 1 DAGs
[2026-09-21T06:13:26.555+0000] {logging_mixin.py:188} INFO - [2026-09-21T06:13:26.554+0000] {dag.py:3947} INFO - Setting next_dagrun for youtube_english_video_pipeline to 2026-09-20 12:00:00+00:00, run_after=2026-09-21 12:00:00+00:00
[2026-09-21T06:13:26.578+0000] {processor.py:183} INFO - Processing /opt/airflow/dags/youtube_pipeline.py took 0.144 seconds
[2026-09-21T06:13:56.743+0000] {processor.py:161} INFO - Started process (PID=10280) to work on /opt/airflow/dags/youtube_pipeline.py
[2026-09-21T06:13:56.744+0000] {processor.py:830} INFO - Processing file /opt/airflow/dags/youtube_pipeline.py for tasks to queue
[2026-09-21T06:13:56.747+0000] {logging_mixin.py:188} INFO - [2026-09-21T06:13:56.746+0000] {dagbag.py:545} INFO - Filling up the DagBag from /opt/airflow/dags/youtube_pipeline.py
[2026-09-21T06:13:56.800+0000] {processor.py:840} INFO - DAG(s) 'youtube_english_video_pipeline' retrieved from /opt/airflow/dags/youtube_pipeline.py
[2026-09-21T06:13:56.844+0000] {logging_mixin.py:188} INFO - [2026-09-21T06:13:56.844+0000] {dag.py:3089} INFO - Sync 1 DAGs
[2026-09-21T06:13:56.865+0000] {logging_mixin.py:188} INFO - [2026-09-21T06:13:56.864+0000] {dag.py:3947} INFO - Setting next_dagrun for youtube_english_video_pipeline to 2026-09-20 12:00:00+00:00, run_after=2026-09-21 12:00:00+00:00
[2026-09-21T06:13:56.896+0000] {processor.py:183} INFO - Processing /opt/airflow/dags/youtube_pipeline.py took 0.162 seconds
[2026-09-21T06:14:27.154+0000] {processor.py:161} INFO - Started process (PID=10285) to work on /opt/airflow/dags/youtube_pipeline.py
[2026-09-21T06:14:27.155+0000] {processor.py:830} INFO - Processing file /opt/airflow/dags/youtube_pipeline.py for tasks to queue
[2026-09-21T06:14:27.157+0000] {logging_mixin.py:188} INFO - [2026-09-21T06:14:27.157+0000] {dagbag.py:545} INFO - Filling up the DagBag from /opt/airflow/dags/youtube_pipeline.py
[2026-09-21T06:14:27.211+0000] {processor.py:840} INFO - DAG(s) 'youtube_english_video_pipeline' retrieved from /opt/airflow/dags/youtube_pipeline.py
[2026-09-21T06:14:27.256+0000] {logging_mixin.py:188} INFO - [2026-09-21T06:14:27.256+0000] {dag.py:3089} INFO - Sync 1 DAGs
[2026-09-21T06:14:27.275+0000] {logging_mixin.py:188} INFO - [2026-09-21T06:14:27.275+0000] {dag.py:3947} INFO - Setting next_dagrun for youtube_english_video_pipeline to 2026-09-20 12:00:00+00:00, run_after=2026-09-21 12:00:00+00:00
[2026-09-21T06:14:27.302+0000] {processor.py:183} INFO - Processing /opt/airflow/dags/youtube_pipeline.py took 0.156 seconds
[2026-09-21T06:22:38.988+0000] {processor.py:161} INFO - Started process (PID=10290) to work on /opt/airflow/dags/youtube_pipeline.py
[2026-09-21T06:22:38.991+0000] {processor.py:830} INFO - Processing file /opt/airflow/dags/youtube_pipeline.py for tasks to queue
[2026-09-21T06:22:38.996+0000] {logging_mixin.py:188} INFO - [2026-09-21T06:22:38.995+0000] {dagbag.py:545} INFO - Filling up the DagBag from /opt/airflow/dags/youtube_pipeline.py
[2026-09-21T06:22:39.107+0000] {processor.py:840} INFO - DAG(s) 'youtube_english_video_pipeline' retrieved from /opt/airflow/dags/youtube_pipeline.py
[2026-09-21T06:22:39.185+0000] {logging_mixin.py:188} INFO - [2026-09-21T06:22:39.185+0000] {dag.py:3089} INFO - Sync 1 DAGs
[2026-09-21T06:22:39.219+0000] {logging_mixin.py:188} INFO - [2026-09-21T06:22:39.219+0000] {dag.py:3947} INFO - Setting next_dagrun for youtube_english_video_pipeline to 2026-09-20 12:00:00+00:00, run_after=2026-09-21 12:00:00+00:00
[2026-09-21T06:22:39.254+0000] {processor.py:183} INFO - Processing /opt/airflow/dags/youtube_pipeline.py took 0.285 seconds
[2026-09-21T06:23:09.562+0000] {processor.py:161} INFO - Started process (PID=10295) to work on /opt/airflow/dags/youtube_pipeline.py
[2026-09-21T06:23:09.564+0000] {processor.py:830} INFO - Processing file /opt/airflow/dags/youtube_pipeline.py for tasks to queue
[2026-09-21T06:23:09.566+0000] {logging_mixin.py:188} INFO - [2026-09-21T06:23:09.566+0000] {dagbag.py:545} INFO - Filling up the DagBag from /opt/airflow/dags/youtube_pipeline.py
[2026-09-21T06:23:09.619+0000] {processor.py:840} INFO - DAG(s) 'youtube_english_video_pipeline' retrieved from /opt/airflow/dags/youtube_pipeline.py
[2026-09-21T06:23:09.665+0000] {logging_mixin.py:188} INFO - [2026-09-21T06:23:09.664+0000] {dag.py:3089} INFO - Sync 1 DAGs
[2026-09-21T06:23:09.688+0000] {logging_mixin.py:188} INFO - [2026-09-21T06:23:09.688+0000] {dag.py:3947} INFO - Setting next_dagrun for youtube_english_video_pipeline to 2026-09-20 12:00:00+00:00, run_after=2026-09-21 12:00:00+00:00
[2026-09-21T06:23:09.709+0000] {processor.py:183} INFO - Processing /opt/airflow/dags/youtube_pipeline.py took 0.154 seconds
[2026-09-21T06:23:39.840+0000] {processor.py:161} INFO - Started process (PID=10300) to work on /opt/airflow/dags/youtube_pipeline.py
[2026-09-21T06:23:39.841+0000] {processor.py:830} INFO - Processing file /opt/airflow/dags/youtube_pipeline.py for tasks to queue
[2026-09-21T06:23:39.843+0000] {logging_mixin.py:188} INFO - [2026-09-21T06:23:39.843+0000] {dagbag.py:545} INFO - Filling up the DagBag from /opt/airflow/dags/youtube_pipeline.py
[2026-09-21T06:23:39.894+0000] {processor.py:840} INFO - DAG(s) 'youtube_english_video_pipeline' retrieved from /opt/airflow/dags/youtube_pipeline.py
[2026-09-21T06:23:39.954+0000] {logging_mixin.py:188} INFO - [2026-09-21T06:23:39.954+0000] {dag.py:3089} INFO - Sync 1 DAGs
[2026-09-21T06:23:39.978+0000] {logging_mixin.py:188} INFO - [2026-09-21T06:23:39.978+0000] {dag.py:3947} INFO - Setting next_dagrun for youtube_english_video_pipeline to 2026-09-20 12:00:00+00:00, run_after=2026-09-21 12:00:00+00:00
[2026-09-21T06:23:40.004+0000] {processor.py:183} INFO - Processing /opt/airflow/dags/youtube_pipeline.py took 0.172 seconds
[2026-09-21T06:24:10.278+0000] {processor.py:161} INFO - Started process (PID=10305) to work on /opt/airflow/dags/youtube_pipeline.py
[2026-09-21T06:24:10.279+0000] {processor.py:830} INFO - Processing file /opt/airflow/dags/youtube_pipeline.py for tasks to queue
[2026-09-21T06:24:10.282+0000] {logging_mixin.py:188} INFO - [2026-09-21T06:24:10.281+0000] {dagbag.py:545} INFO - Filling up the DagBag from /opt/airflow/dags/youtube_pipeline.py
[2026-09-21T06:24:10.330+0000] {processor.py:840} INFO - DAG(s) 'youtube_english_video_pipeline' retrieved from /opt/airflow/dags/youtube_pipeline.py
[2026-09-21T06:24:10.402+0000] {logging_mixin.py:188} INFO - [2026-09-21T06:24:10.401+0000] {dag.py:3089} INFO - Sync 1 DAGs
[2026-09-21T06:24:10.424+0000] {logging_mixin.py:188} INFO - [2026-09-21T06:24:10.424+0000] {dag.py:3947} INFO - Setting next_dagrun for youtube_english_video_pipeline to 2026-09-20 12:00:00+00:00, run_after=2026-09-21 12:00:00+00:00
[2026-09-21T06:24:10.449+0000] {processor.py:183} INFO - Processing /opt/airflow/dags/youtube_pipeline.py took 0.179 seconds
[2026-09-21T06:24:40.592+0000] {processor.py:161} INFO - Started process (PID=10310) to work on /opt/airflow/dags/youtube_pipeline.py
[2026-09-21T06:24:40.593+0000] {processor.py:830} INFO - Processing file /opt/airflow/dags/youtube_pipeline.py for tasks to queue
[2026-09-21T06:24:40.595+0000] {logging_mixin.py:188} INFO - [2026-09-21T06:24:40.595+0000] {dagbag.py:545} INFO - Filling up the DagBag from /opt/airflow/dags/youtube_pipeline.py
[2026-09-21T06:24:40.642+0000] {processor.py:840} INFO - DAG(s) 'youtube_english_video_pipeline' retrieved from /opt/airflow/dags/youtube_pipeline.py
[2026-09-21T06:24:40.685+0000] {logging_mixin.py:188} INFO - [2026-09-21T06:24:40.684+0000] {dag.py:3089} INFO - Sync 1 DAGs
[2026-09-21T06:24:40.710+0000] {logging_mixin.py:188} INFO - [2026-09-21T06:24:40.709+0000] {dag.py:3947} INFO - Setting next_dagrun for youtube_english_video_pipeline to 2026-09-20 12:00:00+00:00, run_after=2026-09-21 12:00:00+00:00
[2026-09-21T06:24:40.731+0000] {processor.py:183} INFO - Processing /opt/airflow/dags/youtube_pipeline.py took 0.148 seconds
[2026-09-21T06:25:10.992+0000] {processor.py:161} INFO - Started process (PID=10315) to work on /opt/airflow/dags/youtube_pipeline.py
[2026-09-21T06:25:10.993+0000] {processor.py:830} INFO - Processing file /opt/airflow/dags/youtube_pipeline.py for tasks to queue
[2026-09-21T06:25:10.996+0000] {logging_mixin.py:188} INFO - [2026-09-21T06:25:10.995+0000] {dagbag.py:545} INFO - Filling up the DagBag from /opt/airflow/dags/youtube_pipeline.py
[2026-09-21T06:25:11.036+0000] {processor.py:840} INFO - DAG(s) 'youtube_english_video_pipeline' retrieved from /opt/airflow/dags/youtube_pipeline.py
[2026-09-21T06:25:11.080+0000] {logging_mixin.py:188} INFO - [2026-09-21T06:25:11.080+0000] {dag.py:3089} INFO - Sync 1 DAGs
[2026-09-21T06:25:11.106+0000] {logging_mixin.py:188} INFO - [2026-09-21T06:25:11.106+0000] {dag.py:3947} INFO - Setting next_dagrun for youtube_english_video_pipeline to 2026-09-20 12:00:00+00:00, run_after=2026-09-21 12:00:00+00:00
[2026-09-21T06:25:11.143+0000] {processor.py:183} INFO - Processing /opt/airflow/dags/youtube_pipeline.py took 0.157 seconds
[2026-09-21T06:25:41.293+0000] {processor.py:161} INFO - Started process (PID=10320) to work on /opt/airflow/dags/youtube_pipeline.py
[2026-09-21T06:25:41.295+0000] {processor.py:830} INFO - Processing file /opt/airflow/dags/youtube_pipeline.py for tasks to queue
[2026-09-21T06:25:41.297+0000] {logging_mixin.py:188} INFO - [2026-09-21T06:25:41.297+0000] {dagbag.py:545} INFO - Filling up the DagBag from /opt/airflow/dags/youtube_pipeline.py
[2026-09-21T06:25:41.337+0000] {processor.py:840} INFO - DAG(s) 'youtube_english_video_pipeline' retrieved from /opt/airflow/dags/youtube_pipeline.py
[2026-09-21T06:25:41.381+0000] {logging_mixin.py:188} INFO - [2026-09-21T06:25:41.381+0000] {dag.py:3089} INFO - Sync 1 DAGs
[2026-09-21T06:25:41.402+0000] {logging_mixin.py:188} INFO - [2026-09-21T06:25:41.402+0000] {dag.py:3947} INFO - Setting next_dagrun for youtube_english_video_pipeline to 2026-09-20 12:00:00+00:00, run_after=2026-09-21 12:00:00+00:00
[2026-09-21T06:25:41.422+0000] {processor.py:183} INFO - Processing /opt/airflow/dags/youtube_pipeline.py took 0.137 seconds
[2026-09-21T06:26:11.688+0000] {processor.py:161} INFO - Started process (PID=10325) to work on /opt/airflow/dags/youtube_pipeline.py
[2026-09-21T06:26:11.690+0000] {processor.py:830} INFO - Processing file /opt/airflow/dags/youtube_pipeline.py for tasks to queue
[2026-09-21T06:26:11.692+0000] {logging_mixin.py:188} INFO - [2026-09-21T06:26:11.691+0000] {dagbag.py:545} INFO - Filling up the DagBag from /opt/airflow/dags/youtube_pipeline.py
[2026-09-21T06:26:11.737+0000] {processor.py:840} INFO - DAG(s) 'youtube_english_video_pipeline' retrieved from /opt/airflow/dags/youtube_pipeline.py
[2026-09-21T06:26:11.781+0000] {logging_mixin.py:188} INFO - [2026-09-21T06:26:11.780+0000] {dag.py:3089} INFO - Sync 1 DAGs
[2026-09-21T06:26:11.800+0000] {logging_mixin.py:188} INFO - [2026-09-21T06:26:11.800+0000] {dag.py:3947} INFO - Setting next_dagrun for youtube_english_video_pipeline to 2026-09-20 12:00:00+00:00, run_after=2026-09-21 12:00:00+00:00
[2026-09-21T06:26:11.830+0000] {processor.py:183} INFO - Processing /opt/airflow/dags/youtube_pipeline.py took 0.148 seconds
[2026-09-21T06:26:41.955+0000] {processor.py:161} INFO - Started process (PID=10330) to work on /opt/airflow/dags/youtube_pipeline.py
[2026-09-21T06:26:41.956+0000] {processor.py:830} INFO - Processing file /opt/airflow/dags/youtube_pipeline.py for tasks to queue
[2026-09-21T06:26:41.959+0000] {logging_mixin.py:188} INFO - [2026-09-21T06:26:41.959+0000] {dagbag.py:545} INFO - Filling up the DagBag from /opt/airflow/dags/youtube_pipeline.py
[2026-09-21T06:26:42.010+0000] {processor.py:840} INFO - DAG(s) 'youtube_english_video_pipeline' retrieved from /opt/airflow/dags/youtube_pipeline.py
[2026-09-21T06:26:42.068+0000] {logging_mixin.py:188} INFO - [2026-09-21T06:26:42.067+0000] {dag.py:3089} INFO - Sync 1 DAGs
[2026-09-21T06:26:42.095+0000] {logging_mixin.py:188} INFO - [2026-09-21T06:26:42.095+0000] {dag.py:3947} INFO - Setting next_dagrun for youtube_english_video_pipeline to 2026-09-20 12:00:00+00:00, run_after=2026-09-21 12:00:00+00:00
[2026-09-21T06:26:42.118+0000] {processor.py:183} INFO - Processing /opt/airflow/dags/youtube_pipeline.py took 0.172 seconds
[2026-09-21T06:27:12.365+0000] {processor.py:161} INFO - Started process (PID=10335) to work on /opt/airflow/dags/youtube_pipeline.py
[2026-09-21T06:27:12.366+0000] {processor.py:830} INFO - Processing file /opt/airflow/dags/youtube_pipeline.py for tasks to queue
[2026-09-21T06:27:12.369+0000] {logging_mixin.py:188} INFO - [2026-09-21T06:27:12.368+0000] {dagbag.py:545} INFO - Filling up the DagBag from /opt/airflow/dags/youtube_pipeline.py
[2026-09-21T06:27:12.419+0000] {processor.py:840} INFO - DAG(s) 'youtube_english_video_pipeline' retrieved from /opt/airflow/dags/youtube_pipeline.py
[2026-09-21T06:27:12.475+0000] {logging_mixin.py:188} INFO - [2026-09-21T06:27:12.474+0000] {dag.py:3089} INFO - Sync 1 DAGs
[2026-09-21T06:27:12.497+0000] {logging_mixin.py:188} INFO - [2026-09-21T06:27:12.497+0000] {dag.py:3947} INFO - Setting next_dagrun for youtube_english_video_pipeline to 2026-09-20 12:00:00+00:00, run_after=2026-09-21 12:00:00+00:00
[2026-09-21T06:27:12.518+0000] {processor.py:183} INFO - Processing /opt/airflow/dags/youtube_pipeline.py took 0.160 seconds
[2026-09-21T06:27:42.670+0000] {processor.py:161} INFO - Started process (PID=10340) to work on /opt/airflow/dags/youtube_pipeline.py
[2026-09-21T06:27:42.671+0000] {processor.py:830} INFO - Processing file /opt/airflow/dags/youtube_pipeline.py for tasks to queue
[2026-09-21T06:27:42.673+0000] {logging_mixin.py:188} INFO - [2026-09-21T06:27:42.673+0000] {dagbag.py:545} INFO - Filling up the DagBag from /opt/airflow/dags/youtube_pipeline.py
[2026-09-21T06:27:42.719+0000] {processor.py:840} INFO - DAG(s) 'youtube_english_video_pipeline' retrieved from /opt/airflow/dags/youtube_pipeline.py
[2026-09-21T06:27:42.763+0000] {logging_mixin.py:188} INFO - [2026-09-21T06:27:42.763+0000] {dag.py:3089} INFO - Sync 1 DAGs
[2026-09-21T06:27:42.786+0000] {logging_mixin.py:188} INFO - [2026-09-21T06:27:42.786+0000] {dag.py:3947} INFO - Setting next_dagrun for youtube_english_video_pipeline to 2026-09-20 12:00:00+00:00, run_after=2026-09-21 12:00:00+00:00
[2026-09-21T06:27:42.809+0000] {processor.py:183} INFO - Processing /opt/airflow/dags/youtube_pipeline.py took 0.146 seconds
[2026-09-21T06:28:12.953+0000] {processor.py:161} INFO - Started process (PID=10345) to work on /opt/airflow/dags/youtube_pipeline.py
[2026-09-21T06:28:12.954+0000] {processor.py:830} INFO - Processing file /opt/airflow/dags/youtube_pipeline.py for tasks to queue
[2026-09-21T06:28:12.957+0000] {logging_mixin.py:188} INFO - [2026-09-21T06:28:12.956+0000] {dagbag.py:545} INFO - Filling up the DagBag from /opt/airflow/dags/youtube_pipeline.py
[2026-09-21T06:28:12.995+0000] {processor.py:840} INFO - DAG(s) 'youtube_english_video_pipeline' retrieved from /opt/airflow/dags/youtube_pipeline.py
[2026-09-21T06:28:13.040+0000] {logging_mixin.py:188} INFO - [2026-09-21T06:28:13.039+0000] {dag.py:3089} INFO - Sync 1 DAGs
[2026-09-21T06:28:13.061+0000] {logging_mixin.py:188} INFO - [2026-09-21T06:28:13.061+0000] {dag.py:3947} INFO - Setting next_dagrun for youtube_english_video_pipeline to 2026-09-20 12:00:00+00:00, run_after=2026-09-21 12:00:00+00:00
[2026-09-21T06:28:13.082+0000] {processor.py:183} INFO - Processing /opt/airflow/dags/youtube_pipeline.py took 0.139 seconds
[2026-09-21T06:28:43.356+0000] {processor.py:161} INFO - Started process (PID=10350) to work on /opt/airflow/dags/youtube_pipeline.py
[2026-09-21T06:28:43.357+0000] {processor.py:830} INFO - Processing file /opt/airflow/dags/youtube_pipeline.py for tasks to queue
[2026-09-21T06:28:43.360+0000] {logging_mixin.py:188} INFO - [2026-09-21T06:28:43.359+0000] {dagbag.py:545} INFO - Filling up the DagBag from /opt/airflow/dags/youtube_pipeline.py
[2026-09-21T06:28:43.433+0000] {processor.py:840} INFO - DAG(s) 'youtube_english_video_pipeline' retrieved from /opt/airflow/dags/youtube_pipeline.py
[2026-09-21T06:28:43.509+0000] {logging_mixin.py:188} INFO - [2026-09-21T06:28:43.509+0000] {dag.py:3089} INFO - Sync 1 DAGs
[2026-09-21T06:28:43.533+0000] {logging_mixin.py:188} INFO - [2026-09-21T06:28:43.533+0000] {dag.py:3947} INFO - Setting next_dagrun for youtube_english_video_pipeline to 2026-09-20 12:00:00+00:00, run_after=2026-09-21 12:00:00+00:00
[2026-09-21T06:28:43.556+0000] {processor.py:183} INFO - Processing /opt/airflow/dags/youtube_pipeline.py took 0.207 seconds
[2026-09-21T06:29:13.639+0000] {processor.py:161} INFO - Started process (PID=10355) to work on /opt/airflow/dags/youtube_pipeline.py
[2026-09-21T06:29:13.640+0000] {processor.py:830} INFO - Processing file /opt/airflow/dags/youtube_pipeline.py for tasks to queue
[2026-09-21T06:29:13.643+0000] {logging_mixin.py:188} INFO - [2026-09-21T06:29:13.643+0000] {dagbag.py:545} INFO - Filling up the DagBag from /opt/airflow/dags/youtube_pipeline.py
[2026-09-21T06:29:13.688+0000] {processor.py:840} INFO - DAG(s) 'youtube_english_video_pipeline' retrieved from /opt/airflow/dags/youtube_pipeline.py
[2026-09-21T06:29:13.748+0000] {logging_mixin.py:188} INFO - [2026-09-21T06:29:13.747+0000] {dag.py:3089} INFO - Sync 1 DAGs
[2026-09-21T06:29:13.773+0000] {logging_mixin.py:188} INFO - [2026-09-21T06:29:13.773+0000] {dag.py:3947} INFO - Setting next_dagrun for youtube_english_video_pipeline to 2026-09-20 12:00:00+00:00, run_after=2026-09-21 12:00:00+00:00
[2026-09-21T06:29:13.791+0000] {processor.py:183} INFO - Processing /opt/airflow/dags/youtube_pipeline.py took 0.163 seconds
[2026-09-21T06:29:44.096+0000] {processor.py:161} INFO - Started process (PID=10360) to work on /opt/airflow/dags/youtube_pipeline.py
[2026-09-21T06:29:44.097+0000] {processor.py:830} INFO - Processing file /opt/airflow/dags/youtube_pipeline.py for tasks to queue
[2026-09-21T06:29:44.099+0000] {logging_mixin.py:188} INFO - [2026-09-21T06:29:44.099+0000] {dagbag.py:545} INFO - Filling up the DagBag from /opt/airflow/dags/youtube_pipeline.py
[2026-09-21T06:29:44.150+0000] {processor.py:840} INFO - DAG(s) 'youtube_english_video_pipeline' retrieved from /opt/airflow/dags/youtube_pipeline.py
[2026-09-21T06:29:44.198+0000] {logging_mixin.py:188} INFO - [2026-09-21T06:29:44.198+0000] {dag.py:3089} INFO - Sync 1 DAGs
[2026-09-21T06:29:44.220+0000] {logging_mixin.py:188} INFO - [2026-09-21T06:29:44.220+0000] {dag.py:3947} INFO - Setting next_dagrun for youtube_english_video_pipeline to 2026-09-20 12:00:00+00:00, run_after=2026-09-21 12:00:00+00:00
[2026-09-21T06:29:44.241+0000] {processor.py:183} INFO - Processing /opt/airflow/dags/youtube_pipeline.py took 0.152 seconds
[2026-09-21T06:30:14.373+0000] {processor.py:161} INFO - Started process (PID=10365) to work on /opt/airflow/dags/youtube_pipeline.py
[2026-09-21T06:30:14.374+0000] {processor.py:830} INFO - Processing file /opt/airflow/dags/youtube_pipeline.py for tasks to queue
[2026-09-21T06:30:14.378+0000] {logging_mixin.py:188} INFO - [2026-09-21T06:30:14.377+0000] {dagbag.py:545} INFO - Filling up the DagBag from /opt/airflow/dags/youtube_pipeline.py
[2026-09-21T06:30:14.426+0000] {processor.py:840} INFO - DAG(s) 'youtube_english_video_pipeline' retrieved from /opt/airflow/dags/youtube_pipeline.py
[2026-09-21T06:30:14.482+0000] {logging_mixin.py:188} INFO - [2026-09-21T06:30:14.481+0000] {dag.py:3089} INFO - Sync 1 DAGs
[2026-09-21T06:30:14.504+0000] {logging_mixin.py:188} INFO - [2026-09-21T06:30:14.504+0000] {dag.py:3947} INFO - Setting next_dagrun for youtube_english_video_pipeline to 2026-09-20 12:00:00+00:00, run_after=2026-09-21 12:00:00+00:00
[2026-09-21T06:30:14.524+0000] {processor.py:183} INFO - Processing /opt/airflow/dags/youtube_pipeline.py took 0.160 seconds
[2026-09-21T06:30:44.815+0000] {processor.py:161} INFO - Started process (PID=10370) to work on /opt/airflow/dags/youtube_pipeline.py
[2026-09-21T06:30:44.816+0000] {processor.py:830} INFO - Processing file /opt/airflow/dags/youtube_pipeline.py for tasks to queue
[2026-09-21T06:30:44.818+0000] {logging_mixin.py:188} INFO - [2026-09-21T06:30:44.818+0000] {dagbag.py:545} INFO - Filling up the DagBag from /opt/airflow/dags/youtube_pipeline.py
[2026-09-21T06:30:44.869+0000] {processor.py:840} INFO - DAG(s) 'youtube_english_video_pipeline' retrieved from /opt/airflow/dags/youtube_pipeline.py
[2026-09-21T06:30:44.913+0000] {logging_mixin.py:188} INFO - [2026-09-21T06:30:44.913+0000] {dag.py:3089} INFO - Sync 1 DAGs
[2026-09-21T06:30:44.937+0000] {logging_mixin.py:188} INFO - [2026-09-21T06:30:44.937+0000] {dag.py:3947} INFO - Setting next_dagrun for youtube_english_video_pipeline to 2026-09-20 12:00:00+00:00, run_after=2026-09-21 12:00:00+00:00
[2026-09-21T06:30:44.960+0000] {processor.py:183} INFO - Processing /opt/airflow/dags/youtube_pipeline.py took 0.152 seconds
[2026-09-21T06:31:15.079+0000] {processor.py:161} INFO - Started process (PID=10375) to work on /opt/airflow/dags/youtube_pipeline.py
[2026-09-21T06:31:15.081+0000] {processor.py:830} INFO - Processing file /opt/airflow/dags/youtube_pipeline.py for tasks to queue
[2026-09-21T06:31:15.083+0000] {logging_mixin.py:188} INFO - [2026-09-21T06:31:15.082+0000] {dagbag.py:545} INFO - Filling up the DagBag from /opt/airflow/dags/youtube_pipeline.py
[2026-09-21T06:31:15.124+0000] {processor.py:840} INFO - DAG(s) 'youtube_english_video_pipeline' retrieved from /opt/airflow/dags/youtube_pipeline.py
[2026-09-21T06:31:15.170+0000] {logging_mixin.py:188} INFO - [2026-09-21T06:31:15.170+0000] {dag.py:3089} INFO - Sync 1 DAGs
[2026-09-21T06:31:15.202+0000] {logging_mixin.py:188} INFO - [2026-09-21T06:31:15.202+0000] {dag.py:3947} INFO - Setting next_dagrun for youtube_english_video_pipeline to 2026-09-20 12:00:00+00:00, run_after=2026-09-21 12:00:00+00:00
[2026-09-21T06:31:15.221+0000] {processor.py:183} INFO - Processing /opt/airflow/dags/youtube_pipeline.py took 0.148 seconds
[2026-09-21T06:31:45.528+0000] {processor.py:161} INFO - Started process (PID=10380) to work on /opt/airflow/dags/youtube_pipeline.py
[2026-09-21T06:31:45.529+0000] {processor.py:830} INFO - Processing file /opt/airflow/dags/youtube_pipeline.py for tasks to queue
[2026-09-21T06:31:45.531+0000] {logging_mixin.py:188} INFO - [2026-09-21T06:31:45.531+0000] {dagbag.py:545} INFO - Filling up the DagBag from /opt/airflow/dags/youtube_pipeline.py
[2026-09-21T06:31:45.580+0000] {processor.py:840} INFO - DAG(s) 'youtube_english_video_pipeline' retrieved from /opt/airflow/dags/youtube_pipeline.py
[2026-09-21T06:31:45.632+0000] {logging_mixin.py:188} INFO - [2026-09-21T06:31:45.632+0000] {dag.py:3089} INFO - Sync 1 DAGs
[2026-09-21T06:31:45.653+0000] {logging_mixin.py:188} INFO - [2026-09-21T06:31:45.653+0000] {dag.py:3947} INFO - Setting next_dagrun for youtube_english_video_pipeline to 2026-09-20 12:00:00+00:00, run_after=2026-09-21 12:00:00+00:00
[2026-09-21T06:31:45.672+0000] {processor.py:183} INFO - Processing /opt/airflow/dags/youtube_pipeline.py took 0.150 seconds
[2026-09-21T06:32:15.809+0000] {processor.py:161} INFO - Started process (PID=10385) to work on /opt/airflow/dags/youtube_pipeline.py
[2026-09-21T06:32:15.810+0000] {processor.py:830} INFO - Processing file /opt/airflow/dags/youtube_pipeline.py for tasks to queue
[2026-09-21T06:32:15.813+0000] {logging_mixin.py:188} INFO - [2026-09-21T06:32:15.812+0000] {dagbag.py:545} INFO - Filling up the DagBag from /opt/airflow/dags/youtube_pipeline.py
[2026-09-21T06:32:15.858+0000] {processor.py:840} INFO - DAG(s) 'youtube_english_video_pipeline' retrieved from /opt/airflow/dags/youtube_pipeline.py
[2026-09-21T06:32:15.902+0000] {logging_mixin.py:188} INFO - [2026-09-21T06:32:15.902+0000] {dag.py:3089} INFO - Sync 1 DAGs
[2026-09-21T06:32:15.924+0000] {logging_mixin.py:188} INFO - [2026-09-21T06:32:15.924+0000] {dag.py:3947} INFO - Setting next_dagrun for youtube_english_video_pipeline to 2026-09-20 12:00:00+00:00, run_after=2026-09-21 12:00:00+00:00
[2026-09-21T06:32:15.945+0000] {processor.py:183} INFO - Processing /opt/airflow/dags/youtube_pipeline.py took 0.144 seconds
[2026-09-21T06:32:46.328+0000] {processor.py:161} INFO - Started process (PID=10390) to work on /opt/airflow/dags/youtube_pipeline.py
[2026-09-21T06:32:46.329+0000] {processor.py:830} INFO - Processing file /opt/airflow/dags/youtube_pipeline.py for tasks to queue
[2026-09-21T06:32:46.332+0000] {logging_mixin.py:188} INFO - [2026-09-21T06:32:46.332+0000] {dagbag.py:545} INFO - Filling up the DagBag from /opt/airflow/dags/youtube_pipeline.py
[2026-09-21T06:32:46.395+0000] {processor.py:840} INFO - DAG(s) 'youtube_english_video_pipeline' retrieved from /opt/airflow/dags/youtube_pipeline.py
[2026-09-21T06:32:46.439+0000] {logging_mixin.py:188} INFO - [2026-09-21T06:32:46.439+0000] {dag.py:3089} INFO - Sync 1 DAGs
[2026-09-21T06:32:46.467+0000] {logging_mixin.py:188} INFO - [2026-09-21T06:32:46.467+0000] {dag.py:3947} INFO - Setting next_dagrun for youtube_english_video_pipeline to 2026-09-20 12:00:00+00:00, run_after=2026-09-21 12:00:00+00:00
[2026-09-21T06:32:46.492+0000] {processor.py:183} INFO - Processing /opt/airflow/dags/youtube_pipeline.py took 0.172 seconds
[2026-09-21T06:33:16.600+0000] {processor.py:161} INFO - Started process (PID=10395) to work on /opt/airflow/dags/youtube_pipeline.py
[2026-09-21T06:33:16.601+0000] {processor.py:830} INFO - Processing file /opt/airflow/dags/youtube_pipeline.py for tasks to queue
[2026-09-21T06:33:16.604+0000] {logging_mixin.py:188} INFO - [2026-09-21T06:33:16.603+0000] {dagbag.py:545} INFO - Filling up the DagBag from /opt/airflow/dags/youtube_pipeline.py
[2026-09-21T06:33:16.647+0000] {processor.py:840} INFO - DAG(s) 'youtube_english_video_pipeline' retrieved from /opt/airflow/dags/youtube_pipeline.py
[2026-09-21T06:33:16.697+0000] {logging_mixin.py:188} INFO - [2026-09-21T06:33:16.696+0000] {dag.py:3089} INFO - Sync 1 DAGs
[2026-09-21T06:33:16.727+0000] {logging_mixin.py:188} INFO - [2026-09-21T06:33:16.727+0000] {dag.py:3947} INFO - Setting next_dagrun for youtube_english_video_pipeline to 2026-09-20 12:00:00+00:00, run_after=2026-09-21 12:00:00+00:00
[2026-09-21T06:33:16.760+0000] {processor.py:183} INFO - Processing /opt/airflow/dags/youtube_pipeline.py took 0.170 seconds
[2026-09-21T06:33:47.048+0000] {processor.py:161} INFO - Started process (PID=10400) to work on /opt/airflow/dags/youtube_pipeline.py
[2026-09-21T06:33:47.050+0000] {processor.py:830} INFO - Processing file /opt/airflow/dags/youtube_pipeline.py for tasks to queue
[2026-09-21T06:33:47.053+0000] {logging_mixin.py:188} INFO - [2026-09-21T06:33:47.053+0000] {dagbag.py:545} INFO - Filling up the DagBag from /opt/airflow/dags/youtube_pipeline.py
[2026-09-21T06:33:47.105+0000] {processor.py:840} INFO - DAG(s) 'youtube_english_video_pipeline' retrieved from /opt/airflow/dags/youtube_pipeline.py
[2026-09-21T06:33:47.150+0000] {logging_mixin.py:188} INFO - [2026-09-21T06:33:47.150+0000] {dag.py:3089} INFO - Sync 1 DAGs
[2026-09-21T06:33:47.172+0000] {logging_mixin.py:188} INFO - [2026-09-21T06:33:47.172+0000] {dag.py:3947} INFO - Setting next_dagrun for youtube_english_video_pipeline to 2026-09-20 12:00:00+00:00, run_after=2026-09-21 12:00:00+00:00
[2026-09-21T06:33:47.206+0000] {processor.py:183} INFO - Processing /opt/airflow/dags/youtube_pipeline.py took 0.167 seconds
[2026-09-21T06:34:17.332+0000] {processor.py:161} INFO - Started process (PID=10405) to work on /opt/airflow/dags/youtube_pipeline.py
[2026-09-21T06:34:17.333+0000] {processor.py:830} INFO - Processing file /opt/airflow/dags/youtube_pipeline.py for tasks to queue
[2026-09-21T06:34:17.336+0000] {logging_mixin.py:188} INFO - [2026-09-21T06:34:17.335+0000] {dagbag.py:545} INFO - Filling up the DagBag from /opt/airflow/dags/youtube_pipeline.py
[2026-09-21T06:34:17.384+0000] {processor.py:840} INFO - DAG(s) 'youtube_english_video_pipeline' retrieved from /opt/airflow/dags/youtube_pipeline.py
[2026-09-21T06:34:17.430+0000] {logging_mixin.py:188} INFO - [2026-09-21T06:34:17.429+0000] {dag.py:3089} INFO - Sync 1 DAGs
[2026-09-21T06:34:17.452+0000] {logging_mixin.py:188} INFO - [2026-09-21T06:34:17.452+0000] {dag.py:3947} INFO - Setting next_dagrun for youtube_english_video_pipeline to 2026-09-20 12:00:00+00:00, run_after=2026-09-21 12:00:00+00:00
[2026-09-21T06:34:17.481+0000] {processor.py:183} INFO - Processing /opt/airflow/dags/youtube_pipeline.py took 0.158 seconds
[2026-09-21T06:34:47.765+0000] {processor.py:161} INFO - Started process (PID=10410) to work on /opt/airflow/dags/youtube_pipeline.py
[2026-09-21T06:34:47.767+0000] {processor.py:830} INFO - Processing file /opt/airflow/dags/youtube_pipeline.py for tasks to queue
[2026-09-21T06:34:47.770+0000] {logging_mixin.py:188} INFO - [2026-09-21T06:34:47.770+0000] {dagbag.py:545} INFO - Filling up the DagBag from /opt/airflow/dags/youtube_pipeline.py
[2026-09-21T06:34:47.832+0000] {processor.py:840} INFO - DAG(s) 'youtube_english_video_pipeline' retrieved from /opt/airflow/dags/youtube_pipeline.py
[2026-09-21T06:34:47.879+0000] {logging_mixin.py:188} INFO - [2026-09-21T06:34:47.879+0000] {dag.py:3089} INFO - Sync 1 DAGs
[2026-09-21T06:34:47.904+0000] {logging_mixin.py:188} INFO - [2026-09-21T06:34:47.904+0000] {dag.py:3947} INFO - Setting next_dagrun for youtube_english_video_pipeline to 2026-09-20 12:00:00+00:00, run_after=2026-09-21 12:00:00+00:00
[2026-09-21T06:34:47.940+0000] {processor.py:183} INFO - Processing /opt/airflow/dags/youtube_pipeline.py took 0.183 seconds
[2026-09-21T06:35:18.039+0000] {processor.py:161} INFO - Started process (PID=10415) to work on /opt/airflow/dags/youtube_pipeline.py
[2026-09-21T06:35:18.040+0000] {processor.py:830} INFO - Processing file /opt/airflow/dags/youtube_pipeline.py for tasks to queue
[2026-09-21T06:35:18.042+0000] {logging_mixin.py:188} INFO - [2026-09-21T06:35:18.041+0000] {dagbag.py:545} INFO - Filling up the DagBag from /opt/airflow/dags/youtube_pipeline.py
[2026-09-21T06:35:18.090+0000] {processor.py:840} INFO - DAG(s) 'youtube_english_video_pipeline' retrieved from /opt/airflow/dags/youtube_pipeline.py
[2026-09-21T06:35:18.149+0000] {logging_mixin.py:188} INFO - [2026-09-21T06:35:18.149+0000] {dag.py:3089} INFO - Sync 1 DAGs
[2026-09-21T06:35:18.168+0000] {logging_mixin.py:188} INFO - [2026-09-21T06:35:18.168+0000] {dag.py:3947} INFO - Setting next_dagrun for youtube_english_video_pipeline to 2026-09-20 12:00:00+00:00, run_after=2026-09-21 12:00:00+00:00
[2026-09-21T06:35:18.189+0000] {processor.py:183} INFO - Processing /opt/airflow/dags/youtube_pipeline.py took 0.157 seconds
[2026-09-21T06:35:48.479+0000] {processor.py:161} INFO - Started process (PID=10420) to work on /opt/airflow/dags/youtube_pipeline.py
[2026-09-21T06:35:48.480+0000] {processor.py:830} INFO - Processing file /opt/airflow/dags/youtube_pipeline.py for tasks to queue
[2026-09-21T06:35:48.482+0000] {logging_mixin.py:188} INFO - [2026-09-21T06:35:48.482+0000] {dagbag.py:545} INFO - Filling up the DagBag from /opt/airflow/dags/youtube_pipeline.py
[2026-09-21T06:35:48.526+0000] {processor.py:840} INFO - DAG(s) 'youtube_english_video_pipeline' retrieved from /opt/airflow/dags/youtube_pipeline.py
[2026-09-21T06:35:48.572+0000] {logging_mixin.py:188} INFO - [2026-09-21T06:35:48.572+0000] {dag.py:3089} INFO - Sync 1 DAGs
[2026-09-21T06:35:48.594+0000] {logging_mixin.py:188} INFO - [2026-09-21T06:35:48.594+0000] {dag.py:3947} INFO - Setting next_dagrun for youtube_english_video_pipeline to 2026-09-20 12:00:00+00:00, run_after=2026-09-21 12:00:00+00:00
[2026-09-21T06:35:48.634+0000] {processor.py:183} INFO - Processing /opt/airflow/dags/youtube_pipeline.py took 0.163 seconds
[2026-09-21T06:36:18.790+0000] {processor.py:161} INFO - Started process (PID=10425) to work on /opt/airflow/dags/youtube_pipeline.py
[2026-09-21T06:36:18.791+0000] {processor.py:830} INFO - Processing file /opt/airflow/dags/youtube_pipeline.py for tasks to queue
[2026-09-21T06:36:18.794+0000] {logging_mixin.py:188} INFO - [2026-09-21T06:36:18.794+0000] {dagbag.py:545} INFO - Filling up the DagBag from /opt/airflow/dags/youtube_pipeline.py
[2026-09-21T06:36:18.849+0000] {processor.py:840} INFO - DAG(s) 'youtube_english_video_pipeline' retrieved from /opt/airflow/dags/youtube_pipeline.py
[2026-09-21T06:36:18.896+0000] {logging_mixin.py:188} INFO - [2026-09-21T06:36:18.896+0000] {dag.py:3089} INFO - Sync 1 DAGs
[2026-09-21T06:36:18.917+0000] {logging_mixin.py:188} INFO - [2026-09-21T06:36:18.917+0000] {dag.py:3947} INFO - Setting next_dagrun for youtube_english_video_pipeline to 2026-09-20 12:00:00+00:00, run_after=2026-09-21 12:00:00+00:00
[2026-09-21T06:36:18.945+0000] {processor.py:183} INFO - Processing /opt/airflow/dags/youtube_pipeline.py took 0.166 seconds
[2026-09-21T06:36:49.234+0000] {processor.py:161} INFO - Started process (PID=10430) to work on /opt/airflow/dags/youtube_pipeline.py
[2026-09-21T06:36:49.236+0000] {processor.py:830} INFO - Processing file /opt/airflow/dags/youtube_pipeline.py for tasks to queue
[2026-09-21T06:36:49.239+0000] {logging_mixin.py:188} INFO - [2026-09-21T06:36:49.239+0000] {dagbag.py:545} INFO - Filling up the DagBag from /opt/airflow/dags/youtube_pipeline.py
[2026-09-21T06:36:49.290+0000] {processor.py:840} INFO - DAG(s) 'youtube_english_video_pipeline' retrieved from /opt/airflow/dags/youtube_pipeline.py
[2026-09-21T06:36:49.332+0000] {logging_mixin.py:188} INFO - [2026-09-21T06:36:49.331+0000] {dag.py:3089} INFO - Sync 1 DAGs
[2026-09-21T06:36:49.352+0000] {logging_mixin.py:188} INFO - [2026-09-21T06:36:49.352+0000] {dag.py:3947} INFO - Setting next_dagrun for youtube_english_video_pipeline to 2026-09-20 12:00:00+00:00, run_after=2026-09-21 12:00:00+00:00
[2026-09-21T06:36:49.388+0000] {processor.py:183} INFO - Processing /opt/airflow/dags/youtube_pipeline.py took 0.162 seconds
[2026-09-21T06:37:19.519+0000] {processor.py:161} INFO - Started process (PID=10435) to work on /opt/airflow/dags/youtube_pipeline.py
[2026-09-21T06:37:19.521+0000] {processor.py:830} INFO - Processing file /opt/airflow/dags/youtube_pipeline.py for tasks to queue
[2026-09-21T06:37:19.523+0000] {logging_mixin.py:188} INFO - [2026-09-21T06:37:19.523+0000] {dagbag.py:545} INFO - Filling up the DagBag from /opt/airflow/dags/youtube_pipeline.py
[2026-09-21T06:37:19.578+0000] {processor.py:840} INFO - DAG(s) 'youtube_english_video_pipeline' retrieved from /opt/airflow/dags/youtube_pipeline.py
[2026-09-21T06:37:19.627+0000] {logging_mixin.py:188} INFO - [2026-09-21T06:37:19.627+0000] {dag.py:3089} INFO - Sync 1 DAGs
[2026-09-21T06:37:19.650+0000] {logging_mixin.py:188} INFO - [2026-09-21T06:37:19.650+0000] {dag.py:3947} INFO - Setting next_dagrun for youtube_english_video_pipeline to 2026-09-20 12:00:00+00:00, run_after=2026-09-21 12:00:00+00:00
[2026-09-21T06:37:19.679+0000] {processor.py:183} INFO - Processing /opt/airflow/dags/youtube_pipeline.py took 0.167 seconds
[2026-09-21T06:37:50.006+0000] {processor.py:161} INFO - Started process (PID=10440) to work on /opt/airflow/dags/youtube_pipeline.py
[2026-09-21T06:37:50.008+0000] {processor.py:830} INFO - Processing file /opt/airflow/dags/youtube_pipeline.py for tasks to queue
[2026-09-21T06:37:50.010+0000] {logging_mixin.py:188} INFO - [2026-09-21T06:37:50.010+0000] {dagbag.py:545} INFO - Filling up the DagBag from /opt/airflow/dags/youtube_pipeline.py
[2026-09-21T06:37:50.056+0000] {processor.py:840} INFO - DAG(s) 'youtube_english_video_pipeline' retrieved from /opt/airflow/dags/youtube_pipeline.py
[2026-09-21T06:37:50.100+0000] {logging_mixin.py:188} INFO - [2026-09-21T06:37:50.099+0000] {dag.py:3089} INFO - Sync 1 DAGs
[2026-09-21T06:37:50.118+0000] {logging_mixin.py:188} INFO - [2026-09-21T06:37:50.118+0000] {dag.py:3947} INFO - Setting next_dagrun for youtube_english_video_pipeline to 2026-09-20 12:00:00+00:00, run_after=2026-09-21 12:00:00+00:00
[2026-09-21T06:37:50.138+0000] {processor.py:183} INFO - Processing /opt/airflow/dags/youtube_pipeline.py took 0.139 seconds
[2026-09-21T06:38:20.310+0000] {processor.py:161} INFO - Started process (PID=10445) to work on /opt/airflow/dags/youtube_pipeline.py
[2026-09-21T06:38:20.312+0000] {processor.py:830} INFO - Processing file /opt/airflow/dags/youtube_pipeline.py for tasks to queue
[2026-09-21T06:38:20.315+0000] {logging_mixin.py:188} INFO - [2026-09-21T06:38:20.314+0000] {dagbag.py:545} INFO - Filling up the DagBag from /opt/airflow/dags/youtube_pipeline.py
[2026-09-21T06:38:20.361+0000] {processor.py:840} INFO - DAG(s) 'youtube_english_video_pipeline' retrieved from /opt/airflow/dags/youtube_pipeline.py
[2026-09-21T06:38:20.405+0000] {logging_mixin.py:188} INFO - [2026-09-21T06:38:20.405+0000] {dag.py:3089} INFO - Sync 1 DAGs
[2026-09-21T06:38:20.430+0000] {logging_mixin.py:188} INFO - [2026-09-21T06:38:20.429+0000] {dag.py:3947} INFO - Setting next_dagrun for youtube_english_video_pipeline to 2026-09-20 12:00:00+00:00, run_after=2026-09-21 12:00:00+00:00
[2026-09-21T06:38:20.447+0000] {processor.py:183} INFO - Processing /opt/airflow/dags/youtube_pipeline.py took 0.143 seconds
[2026-09-21T06:38:50.691+0000] {processor.py:161} INFO - Started process (PID=10450) to work on /opt/airflow/dags/youtube_pipeline.py
[2026-09-21T06:38:50.692+0000] {processor.py:830} INFO - Processing file /opt/airflow/dags/youtube_pipeline.py for tasks to queue
[2026-09-21T06:38:50.695+0000] {logging_mixin.py:188} INFO - [2026-09-21T06:38:50.694+0000] {dagbag.py:545} INFO - Filling up the DagBag from /opt/airflow/dags/youtube_pipeline.py
[2026-09-21T06:38:50.738+0000] {processor.py:840} INFO - DAG(s) 'youtube_english_video_pipeline' retrieved from /opt/airflow/dags/youtube_pipeline.py
[2026-09-21T06:38:50.782+0000] {logging_mixin.py:188} INFO - [2026-09-21T06:38:50.782+0000] {dag.py:3089} INFO - Sync 1 DAGs
[2026-09-21T06:38:50.804+0000] {logging_mixin.py:188} INFO - [2026-09-21T06:38:50.803+0000] {dag.py:3947} INFO - Setting next_dagrun for youtube_english_video_pipeline to 2026-09-20 12:00:00+00:00, run_after=2026-09-21 12:00:00+00:00
[2026-09-21T06:38:50.823+0000] {processor.py:183} INFO - Processing /opt/airflow/dags/youtube_pipeline.py took 0.141 seconds
[2026-09-21T06:39:21.035+0000] {processor.py:161} INFO - Started process (PID=10455) to work on /opt/airflow/dags/youtube_pipeline.py
[2026-09-21T06:39:21.036+0000] {processor.py:830} INFO - Processing file /opt/airflow/dags/youtube_pipeline.py for tasks to queue
[2026-09-21T06:39:21.039+0000] {logging_mixin.py:188} INFO - [2026-09-21T06:39:21.038+0000] {dagbag.py:545} INFO - Filling up the DagBag from /opt/airflow/dags/youtube_pipeline.py
[2026-09-21T06:39:21.087+0000] {processor.py:840} INFO - DAG(s) 'youtube_english_video_pipeline' retrieved from /opt/airflow/dags/youtube_pipeline.py
[2026-09-21T06:39:21.133+0000] {logging_mixin.py:188} INFO - [2026-09-21T06:39:21.132+0000] {dag.py:3089} INFO - Sync 1 DAGs
[2026-09-21T06:39:21.153+0000] {logging_mixin.py:188} INFO - [2026-09-21T06:39:21.153+0000] {dag.py:3947} INFO - Setting next_dagrun for youtube_english_video_pipeline to 2026-09-20 12:00:00+00:00, run_after=2026-09-21 12:00:00+00:00
[2026-09-21T06:39:21.187+0000] {processor.py:183} INFO - Processing /opt/airflow/dags/youtube_pipeline.py took 0.160 seconds
[2026-09-21T06:39:51.446+0000] {processor.py:161} INFO - Started process (PID=10460) to work on /opt/airflow/dags/youtube_pipeline.py
[2026-09-21T06:39:51.447+0000] {processor.py:830} INFO - Processing file /opt/airflow/dags/youtube_pipeline.py for tasks to queue
[2026-09-21T06:39:51.449+0000] {logging_mixin.py:188} INFO - [2026-09-21T06:39:51.449+0000] {dagbag.py:545} INFO - Filling up the DagBag from /opt/airflow/dags/youtube_pipeline.py
[2026-09-21T06:39:51.501+0000] {processor.py:840} INFO - DAG(s) 'youtube_english_video_pipeline' retrieved from /opt/airflow/dags/youtube_pipeline.py
[2026-09-21T06:39:51.546+0000] {logging_mixin.py:188} INFO - [2026-09-21T06:39:51.546+0000] {dag.py:3089} INFO - Sync 1 DAGs
[2026-09-21T06:39:51.571+0000] {logging_mixin.py:188} INFO - [2026-09-21T06:39:51.571+0000] {dag.py:3947} INFO - Setting next_dagrun for youtube_english_video_pipeline to 2026-09-20 12:00:00+00:00, run_after=2026-09-21 12:00:00+00:00
[2026-09-21T06:39:51.601+0000] {processor.py:183} INFO - Processing /opt/airflow/dags/youtube_pipeline.py took 0.162 seconds
[2026-09-21T06:40:21.740+0000] {processor.py:161} INFO - Started process (PID=10465) to work on /opt/airflow/dags/youtube_pipeline.py
[2026-09-21T06:40:21.742+0000] {processor.py:830} INFO - Processing file /opt/airflow/dags/youtube_pipeline.py for tasks to queue
[2026-09-21T06:40:21.744+0000] {logging_mixin.py:188} INFO - [2026-09-21T06:40:21.743+0000] {dagbag.py:545} INFO - Filling up the DagBag from /opt/airflow/dags/youtube_pipeline.py
[2026-09-21T06:40:21.783+0000] {processor.py:840} INFO - DAG(s) 'youtube_english_video_pipeline' retrieved from /opt/airflow/dags/youtube_pipeline.py
[2026-09-21T06:40:21.832+0000] {logging_mixin.py:188} INFO - [2026-09-21T06:40:21.832+0000] {dag.py:3089} INFO - Sync 1 DAGs
[2026-09-21T06:40:21.854+0000] {logging_mixin.py:188} INFO - [2026-09-21T06:40:21.854+0000] {dag.py:3947} INFO - Setting next_dagrun for youtube_english_video_pipeline to 2026-09-20 12:00:00+00:00, run_after=2026-09-21 12:00:00+00:00
[2026-09-21T06:40:21.881+0000] {processor.py:183} INFO - Processing /opt/airflow/dags/youtube_pipeline.py took 0.148 seconds
[2026-09-21T06:40:52.138+0000] {processor.py:161} INFO - Started process (PID=10470) to work on /opt/airflow/dags/youtube_pipeline.py
[2026-09-21T06:40:52.139+0000] {processor.py:830} INFO - Processing file /opt/airflow/dags/youtube_pipeline.py for tasks to queue
[2026-09-21T06:40:52.142+0000] {logging_mixin.py:188} INFO - [2026-09-21T06:40:52.141+0000] {dagbag.py:545} INFO - Filling up the DagBag from /opt/airflow/dags/youtube_pipeline.py
[2026-09-21T06:40:52.191+0000] {processor.py:840} INFO - DAG(s) 'youtube_english_video_pipeline' retrieved from /opt/airflow/dags/youtube_pipeline.py
[2026-09-21T06:40:52.238+0000] {logging_mixin.py:188} INFO - [2026-09-21T06:40:52.238+0000] {dag.py:3089} INFO - Sync 1 DAGs
[2026-09-21T06:40:52.260+0000] {logging_mixin.py:188} INFO - [2026-09-21T06:40:52.260+0000] {dag.py:3947} INFO - Setting next_dagrun for youtube_english_video_pipeline to 2026-09-20 12:00:00+00:00, run_after=2026-09-21 12:00:00+00:00
[2026-09-21T06:40:52.282+0000] {processor.py:183} INFO - Processing /opt/airflow/dags/youtube_pipeline.py took 0.151 seconds
[2026-09-21T06:41:22.421+0000] {processor.py:161} INFO - Started process (PID=10475) to work on /opt/airflow/dags/youtube_pipeline.py
[2026-09-21T06:41:22.422+0000] {processor.py:830} INFO - Processing file /opt/airflow/dags/youtube_pipeline.py for tasks to queue
[2026-09-21T06:41:22.424+0000] {logging_mixin.py:188} INFO - [2026-09-21T06:41:22.424+0000] {dagbag.py:545} INFO - Filling up the DagBag from /opt/airflow/dags/youtube_pipeline.py
[2026-09-21T06:41:22.465+0000] {processor.py:840} INFO - DAG(s) 'youtube_english_video_pipeline' retrieved from /opt/airflow/dags/youtube_pipeline.py
[2026-09-21T06:41:22.518+0000] {logging_mixin.py:188} INFO - [2026-09-21T06:41:22.518+0000] {dag.py:3089} INFO - Sync 1 DAGs
[2026-09-21T06:41:22.541+0000] {logging_mixin.py:188} INFO - [2026-09-21T06:41:22.541+0000] {dag.py:3947} INFO - Setting next_dagrun for youtube_english_video_pipeline to 2026-09-20 12:00:00+00:00, run_after=2026-09-21 12:00:00+00:00
[2026-09-21T06:41:22.561+0000] {processor.py:183} INFO - Processing /opt/airflow/dags/youtube_pipeline.py took 0.147 seconds
[2026-09-21T06:41:52.854+0000] {processor.py:161} INFO - Started process (PID=10480) to work on /opt/airflow/dags/youtube_pipeline.py
[2026-09-21T06:41:52.855+0000] {processor.py:830} INFO - Processing file /opt/airflow/dags/youtube_pipeline.py for tasks to queue
[2026-09-21T06:41:52.857+0000] {logging_mixin.py:188} INFO - [2026-09-21T06:41:52.857+0000] {dagbag.py:545} INFO - Filling up the DagBag from /opt/airflow/dags/youtube_pipeline.py
[2026-09-21T06:41:52.901+0000] {processor.py:840} INFO - DAG(s) 'youtube_english_video_pipeline' retrieved from /opt/airflow/dags/youtube_pipeline.py
[2026-09-21T06:41:52.943+0000] {logging_mixin.py:188} INFO - [2026-09-21T06:41:52.943+0000] {dag.py:3089} INFO - Sync 1 DAGs
[2026-09-21T06:41:52.964+0000] {logging_mixin.py:188} INFO - [2026-09-21T06:41:52.964+0000] {dag.py:3947} INFO - Setting next_dagrun for youtube_english_video_pipeline to 2026-09-20 12:00:00+00:00, run_after=2026-09-21 12:00:00+00:00
[2026-09-21T06:41:52.987+0000] {processor.py:183} INFO - Processing /opt/airflow/dags/youtube_pipeline.py took 0.140 seconds
[2026-09-21T06:42:23.130+0000] {processor.py:161} INFO - Started process (PID=10485) to work on /opt/airflow/dags/youtube_pipeline.py
[2026-09-21T06:42:23.132+0000] {processor.py:830} INFO - Processing file /opt/airflow/dags/youtube_pipeline.py for tasks to queue
[2026-09-21T06:42:23.134+0000] {logging_mixin.py:188} INFO - [2026-09-21T06:42:23.134+0000] {dagbag.py:545} INFO - Filling up the DagBag from /opt/airflow/dags/youtube_pipeline.py
[2026-09-21T06:42:23.176+0000] {processor.py:840} INFO - DAG(s) 'youtube_english_video_pipeline' retrieved from /opt/airflow/dags/youtube_pipeline.py
[2026-09-21T06:42:23.235+0000] {logging_mixin.py:188} INFO - [2026-09-21T06:42:23.235+0000] {dag.py:3089} INFO - Sync 1 DAGs
[2026-09-21T06:42:23.261+0000] {logging_mixin.py:188} INFO - [2026-09-21T06:42:23.261+0000] {dag.py:3947} INFO - Setting next_dagrun for youtube_english_video_pipeline to 2026-09-20 12:00:00+00:00, run_after=2026-09-21 12:00:00+00:00
[2026-09-21T06:42:23.286+0000] {processor.py:183} INFO - Processing /opt/airflow/dags/youtube_pipeline.py took 0.165 seconds
[2026-09-21T06:42:53.625+0000] {processor.py:161} INFO - Started process (PID=10490) to work on /opt/airflow/dags/youtube_pipeline.py
[2026-09-21T06:42:53.626+0000] {processor.py:830} INFO - Processing file /opt/airflow/dags/youtube_pipeline.py for tasks to queue
[2026-09-21T06:42:53.630+0000] {logging_mixin.py:188} INFO - [2026-09-21T06:42:53.629+0000] {dagbag.py:545} INFO - Filling up the DagBag from /opt/airflow/dags/youtube_pipeline.py
[2026-09-21T06:42:53.683+0000] {processor.py:840} INFO - DAG(s) 'youtube_english_video_pipeline' retrieved from /opt/airflow/dags/youtube_pipeline.py
[2026-09-21T06:42:53.735+0000] {logging_mixin.py:188} INFO - [2026-09-21T06:42:53.734+0000] {dag.py:3089} INFO - Sync 1 DAGs
[2026-09-21T06:42:53.754+0000] {logging_mixin.py:188} INFO - [2026-09-21T06:42:53.754+0000] {dag.py:3947} INFO - Setting next_dagrun for youtube_english_video_pipeline to 2026-09-20 12:00:00+00:00, run_after=2026-09-21 12:00:00+00:00
[2026-09-21T06:42:53.777+0000] {processor.py:183} INFO - Processing /opt/airflow/dags/youtube_pipeline.py took 0.160 seconds
[2026-09-21T06:43:23.893+0000] {processor.py:161} INFO - Started process (PID=10495) to work on /opt/airflow/dags/youtube_pipeline.py
[2026-09-21T06:43:23.894+0000] {processor.py:830} INFO - Processing file /opt/airflow/dags/youtube_pipeline.py for tasks to queue
[2026-09-21T06:43:23.897+0000] {logging_mixin.py:188} INFO - [2026-09-21T06:43:23.897+0000] {dagbag.py:545} INFO - Filling up the DagBag from /opt/airflow/dags/youtube_pipeline.py
[2026-09-21T06:43:23.950+0000] {processor.py:840} INFO - DAG(s) 'youtube_english_video_pipeline' retrieved from /opt/airflow/dags/youtube_pipeline.py
[2026-09-21T06:43:24.017+0000] {logging_mixin.py:188} INFO - [2026-09-21T06:43:24.017+0000] {dag.py:3089} INFO - Sync 1 DAGs
[2026-09-21T06:43:24.040+0000] {logging_mixin.py:188} INFO - [2026-09-21T06:43:24.040+0000] {dag.py:3947} INFO - Setting next_dagrun for youtube_english_video_pipeline to 2026-09-20 12:00:00+00:00, run_after=2026-09-21 12:00:00+00:00
[2026-09-21T06:43:24.061+0000] {processor.py:183} INFO - Processing /opt/airflow/dags/youtube_pipeline.py took 0.177 seconds
[2026-09-21T06:43:54.367+0000] {processor.py:161} INFO - Started process (PID=10500) to work on /opt/airflow/dags/youtube_pipeline.py
[2026-09-21T06:43:54.369+0000] {processor.py:830} INFO - Processing file /opt/airflow/dags/youtube_pipeline.py for tasks to queue
[2026-09-21T06:43:54.371+0000] {logging_mixin.py:188} INFO - [2026-09-21T06:43:54.371+0000] {dagbag.py:545} INFO - Filling up the DagBag from /opt/airflow/dags/youtube_pipeline.py
[2026-09-21T06:43:54.405+0000] {processor.py:840} INFO - DAG(s) 'youtube_english_video_pipeline' retrieved from /opt/airflow/dags/youtube_pipeline.py
[2026-09-21T06:43:54.460+0000] {logging_mixin.py:188} INFO - [2026-09-21T06:43:54.460+0000] {dag.py:3089} INFO - Sync 1 DAGs
[2026-09-21T06:43:54.498+0000] {logging_mixin.py:188} INFO - [2026-09-21T06:43:54.498+0000] {dag.py:3947} INFO - Setting next_dagrun for youtube_english_video_pipeline to 2026-09-20 12:00:00+00:00, run_after=2026-09-21 12:00:00+00:00
[2026-09-21T06:43:54.525+0000] {processor.py:183} INFO - Processing /opt/airflow/dags/youtube_pipeline.py took 0.167 seconds
[2026-09-21T06:44:24.633+0000] {processor.py:161} INFO - Started process (PID=10505) to work on /opt/airflow/dags/youtube_pipeline.py
[2026-09-21T06:44:24.634+0000] {processor.py:830} INFO - Processing file /opt/airflow/dags/youtube_pipeline.py for tasks to queue
[2026-09-21T06:44:24.637+0000] {logging_mixin.py:188} INFO - [2026-09-21T06:44:24.636+0000] {dagbag.py:545} INFO - Filling up the DagBag from /opt/airflow/dags/youtube_pipeline.py
[2026-09-21T06:44:24.686+0000] {processor.py:840} INFO - DAG(s) 'youtube_english_video_pipeline' retrieved from /opt/airflow/dags/youtube_pipeline.py
[2026-09-21T06:44:24.738+0000] {logging_mixin.py:188} INFO - [2026-09-21T06:44:24.738+0000] {dag.py:3089} INFO - Sync 1 DAGs
[2026-09-21T06:44:24.762+0000] {logging_mixin.py:188} INFO - [2026-09-21T06:44:24.762+0000] {dag.py:3947} INFO - Setting next_dagrun for youtube_english_video_pipeline to 2026-09-20 12:00:00+00:00, run_after=2026-09-21 12:00:00+00:00
[2026-09-21T06:44:24.793+0000] {processor.py:183} INFO - Processing /opt/airflow/dags/youtube_pipeline.py took 0.167 seconds
[2026-09-21T06:44:55.076+0000] {processor.py:161} INFO - Started process (PID=10510) to work on /opt/airflow/dags/youtube_pipeline.py
[2026-09-21T06:44:55.077+0000] {processor.py:830} INFO - Processing file /opt/airflow/dags/youtube_pipeline.py for tasks to queue
[2026-09-21T06:44:55.079+0000] {logging_mixin.py:188} INFO - [2026-09-21T06:44:55.079+0000] {dagbag.py:545} INFO - Filling up the DagBag from /opt/airflow/dags/youtube_pipeline.py
[2026-09-21T06:44:55.135+0000] {processor.py:840} INFO - DAG(s) 'youtube_english_video_pipeline' retrieved from /opt/airflow/dags/youtube_pipeline.py
[2026-09-21T06:44:55.180+0000] {logging_mixin.py:188} INFO - [2026-09-21T06:44:55.179+0000] {dag.py:3089} INFO - Sync 1 DAGs
[2026-09-21T06:44:55.200+0000] {logging_mixin.py:188} INFO - [2026-09-21T06:44:55.200+0000] {dag.py:3947} INFO - Setting next_dagrun for youtube_english_video_pipeline to 2026-09-20 12:00:00+00:00, run_after=2026-09-21 12:00:00+00:00
[2026-09-21T06:44:55.232+0000] {processor.py:183} INFO - Processing /opt/airflow/dags/youtube_pipeline.py took 0.163 seconds
[2026-09-21T06:45:25.375+0000] {processor.py:161} INFO - Started process (PID=10515) to work on /opt/airflow/dags/youtube_pipeline.py
[2026-09-21T06:45:25.376+0000] {processor.py:830} INFO - Processing file /opt/airflow/dags/youtube_pipeline.py for tasks to queue
[2026-09-21T06:45:25.378+0000] {logging_mixin.py:188} INFO - [2026-09-21T06:45:25.378+0000] {dagbag.py:545} INFO - Filling up the DagBag from /opt/airflow/dags/youtube_pipeline.py
[2026-09-21T06:45:25.425+0000] {processor.py:840} INFO - DAG(s) 'youtube_english_video_pipeline' retrieved from /opt/airflow/dags/youtube_pipeline.py
[2026-09-21T06:45:25.481+0000] {logging_mixin.py:188} INFO - [2026-09-21T06:45:25.481+0000] {dag.py:3089} INFO - Sync 1 DAGs
[2026-09-21T06:45:25.507+0000] {logging_mixin.py:188} INFO - [2026-09-21T06:45:25.506+0000] {dag.py:3947} INFO - Setting next_dagrun for youtube_english_video_pipeline to 2026-09-20 12:00:00+00:00, run_after=2026-09-21 12:00:00+00:00
[2026-09-21T06:45:25.539+0000] {processor.py:183} INFO - Processing /opt/airflow/dags/youtube_pipeline.py took 0.173 seconds
[2026-09-21T06:45:55.781+0000] {processor.py:161} INFO - Started process (PID=10520) to work on /opt/airflow/dags/youtube_pipeline.py
[2026-09-21T06:45:55.782+0000] {processor.py:830} INFO - Processing file /opt/airflow/dags/youtube_pipeline.py for tasks to queue
[2026-09-21T06:45:55.784+0000] {logging_mixin.py:188} INFO - [2026-09-21T06:45:55.784+0000] {dagbag.py:545} INFO - Filling up the DagBag from /opt/airflow/dags/youtube_pipeline.py
[2026-09-21T06:45:55.838+0000] {processor.py:840} INFO - DAG(s) 'youtube_english_video_pipeline' retrieved from /opt/airflow/dags/youtube_pipeline.py
[2026-09-21T06:45:55.893+0000] {logging_mixin.py:188} INFO - [2026-09-21T06:45:55.893+0000] {dag.py:3089} INFO - Sync 1 DAGs
[2026-09-21T06:45:55.917+0000] {logging_mixin.py:188} INFO - [2026-09-21T06:45:55.916+0000] {dag.py:3947} INFO - Setting next_dagrun for youtube_english_video_pipeline to 2026-09-20 12:00:00+00:00, run_after=2026-09-21 12:00:00+00:00
[2026-09-21T06:45:55.941+0000] {processor.py:183} INFO - Processing /opt/airflow/dags/youtube_pipeline.py took 0.169 seconds
[2026-09-21T06:46:26.108+0000] {processor.py:161} INFO - Started process (PID=10525) to work on /opt/airflow/dags/youtube_pipeline.py
[2026-09-21T06:46:26.110+0000] {processor.py:830} INFO - Processing file /opt/airflow/dags/youtube_pipeline.py for tasks to queue
[2026-09-21T06:46:26.112+0000] {logging_mixin.py:188} INFO - [2026-09-21T06:46:26.111+0000] {dagbag.py:545} INFO - Filling up the DagBag from /opt/airflow/dags/youtube_pipeline.py
[2026-09-21T06:46:26.166+0000] {processor.py:840} INFO - DAG(s) 'youtube_english_video_pipeline' retrieved from /opt/airflow/dags/youtube_pipeline.py
[2026-09-21T06:46:26.219+0000] {logging_mixin.py:188} INFO - [2026-09-21T06:46:26.218+0000] {dag.py:3089} INFO - Sync 1 DAGs
[2026-09-21T06:46:26.241+0000] {logging_mixin.py:188} INFO - [2026-09-21T06:46:26.241+0000] {dag.py:3947} INFO - Setting next_dagrun for youtube_english_video_pipeline to 2026-09-20 12:00:00+00:00, run_after=2026-09-21 12:00:00+00:00
[2026-09-21T06:46:26.262+0000] {processor.py:183} INFO - Processing /opt/airflow/dags/youtube_pipeline.py took 0.161 seconds
[2026-09-21T06:46:56.497+0000] {processor.py:161} INFO - Started process (PID=10530) to work on /opt/airflow/dags/youtube_pipeline.py
[2026-09-21T06:46:56.498+0000] {processor.py:830} INFO - Processing file /opt/airflow/dags/youtube_pipeline.py for tasks to queue
[2026-09-21T06:46:56.501+0000] {logging_mixin.py:188} INFO - [2026-09-21T06:46:56.501+0000] {dagbag.py:545} INFO - Filling up the DagBag from /opt/airflow/dags/youtube_pipeline.py
[2026-09-21T06:46:56.550+0000] {processor.py:840} INFO - DAG(s) 'youtube_english_video_pipeline' retrieved from /opt/airflow/dags/youtube_pipeline.py
[2026-09-21T06:46:56.591+0000] {logging_mixin.py:188} INFO - [2026-09-21T06:46:56.591+0000] {dag.py:3089} INFO - Sync 1 DAGs
[2026-09-21T06:46:56.615+0000] {logging_mixin.py:188} INFO - [2026-09-21T06:46:56.615+0000] {dag.py:3947} INFO - Setting next_dagrun for youtube_english_video_pipeline to 2026-09-20 12:00:00+00:00, run_after=2026-09-21 12:00:00+00:00
[2026-09-21T06:46:56.648+0000] {processor.py:183} INFO - Processing /opt/airflow/dags/youtube_pipeline.py took 0.160 seconds
[2026-09-21T06:47:26.790+0000] {processor.py:161} INFO - Started process (PID=10535) to work on /opt/airflow/dags/youtube_pipeline.py
[2026-09-21T06:47:26.791+0000] {processor.py:830} INFO - Processing file /opt/airflow/dags/youtube_pipeline.py for tasks to queue
[2026-09-21T06:47:26.793+0000] {logging_mixin.py:188} INFO - [2026-09-21T06:47:26.793+0000] {dagbag.py:545} INFO - Filling up the DagBag from /opt/airflow/dags/youtube_pipeline.py
[2026-09-21T06:47:26.846+0000] {processor.py:840} INFO - DAG(s) 'youtube_english_video_pipeline' retrieved from /opt/airflow/dags/youtube_pipeline.py
[2026-09-21T06:47:26.889+0000] {logging_mixin.py:188} INFO - [2026-09-21T06:47:26.889+0000] {dag.py:3089} INFO - Sync 1 DAGs
[2026-09-21T06:47:26.911+0000] {logging_mixin.py:188} INFO - [2026-09-21T06:47:26.911+0000] {dag.py:3947} INFO - Setting next_dagrun for youtube_english_video_pipeline to 2026-09-20 12:00:00+00:00, run_after=2026-09-21 12:00:00+00:00
[2026-09-21T06:47:26.944+0000] {processor.py:183} INFO - Processing /opt/airflow/dags/youtube_pipeline.py took 0.161 seconds
[2026-09-21T06:47:57.313+0000] {processor.py:161} INFO - Started process (PID=10540) to work on /opt/airflow/dags/youtube_pipeline.py
[2026-09-21T06:47:57.316+0000] {processor.py:830} INFO - Processing file /opt/airflow/dags/youtube_pipeline.py for tasks to queue
[2026-09-21T06:47:57.322+0000] {logging_mixin.py:188} INFO - [2026-09-21T06:47:57.321+0000] {dagbag.py:545} INFO - Filling up the DagBag from /opt/airflow/dags/youtube_pipeline.py
[2026-09-21T06:47:57.410+0000] {processor.py:840} INFO - DAG(s) 'youtube_english_video_pipeline' retrieved from /opt/airflow/dags/youtube_pipeline.py
[2026-09-21T06:47:57.459+0000] {logging_mixin.py:188} INFO - [2026-09-21T06:47:57.458+0000] {dag.py:3089} INFO - Sync 1 DAGs
[2026-09-21T06:47:57.481+0000] {logging_mixin.py:188} INFO - [2026-09-21T06:47:57.481+0000] {dag.py:3947} INFO - Setting next_dagrun for youtube_english_video_pipeline to 2026-09-20 12:00:00+00:00, run_after=2026-09-21 12:00:00+00:00
[2026-09-21T06:47:57.506+0000] {processor.py:183} INFO - Processing /opt/airflow/dags/youtube_pipeline.py took 0.208 seconds
[2026-09-21T06:48:27.797+0000] {processor.py:161} INFO - Started process (PID=10545) to work on /opt/airflow/dags/youtube_pipeline.py
[2026-09-21T06:48:27.798+0000] {processor.py:830} INFO - Processing file /opt/airflow/dags/youtube_pipeline.py for tasks to queue
[2026-09-21T06:48:27.801+0000] {logging_mixin.py:188} INFO - [2026-09-21T06:48:27.800+0000] {dagbag.py:545} INFO - Filling up the DagBag from /opt/airflow/dags/youtube_pipeline.py
[2026-09-21T06:48:27.843+0000] {processor.py:840} INFO - DAG(s) 'youtube_english_video_pipeline' retrieved from /opt/airflow/dags/youtube_pipeline.py
[2026-09-21T06:48:27.890+0000] {logging_mixin.py:188} INFO - [2026-09-21T06:48:27.889+0000] {dag.py:3089} INFO - Sync 1 DAGs
[2026-09-21T06:48:27.912+0000] {logging_mixin.py:188} INFO - [2026-09-21T06:48:27.912+0000] {dag.py:3947} INFO - Setting next_dagrun for youtube_english_video_pipeline to 2026-09-20 12:00:00+00:00, run_after=2026-09-21 12:00:00+00:00
[2026-09-21T06:48:27.935+0000] {processor.py:183} INFO - Processing /opt/airflow/dags/youtube_pipeline.py took 0.147 seconds
[2026-09-21T06:48:58.077+0000] {processor.py:161} INFO - Started process (PID=10550) to work on /opt/airflow/dags/youtube_pipeline.py
[2026-09-21T06:48:58.080+0000] {processor.py:830} INFO - Processing file /opt/airflow/dags/youtube_pipeline.py for tasks to queue
[2026-09-21T06:48:58.083+0000] {logging_mixin.py:188} INFO - [2026-09-21T06:48:58.082+0000] {dagbag.py:545} INFO - Filling up the DagBag from /opt/airflow/dags/youtube_pipeline.py
[2026-09-21T06:48:58.132+0000] {processor.py:840} INFO - DAG(s) 'youtube_english_video_pipeline' retrieved from /opt/airflow/dags/youtube_pipeline.py
[2026-09-21T06:48:58.185+0000] {logging_mixin.py:188} INFO - [2026-09-21T06:48:58.185+0000] {dag.py:3089} INFO - Sync 1 DAGs
[2026-09-21T06:48:58.212+0000] {logging_mixin.py:188} INFO - [2026-09-21T06:48:58.211+0000] {dag.py:3947} INFO - Setting next_dagrun for youtube_english_video_pipeline to 2026-09-20 12:00:00+00:00, run_after=2026-09-21 12:00:00+00:00
[2026-09-21T06:48:58.246+0000] {processor.py:183} INFO - Processing /opt/airflow/dags/youtube_pipeline.py took 0.178 seconds
[2026-09-21T06:49:28.489+0000] {processor.py:161} INFO - Started process (PID=10555) to work on /opt/airflow/dags/youtube_pipeline.py
[2026-09-21T06:49:28.490+0000] {processor.py:830} INFO - Processing file /opt/airflow/dags/youtube_pipeline.py for tasks to queue
[2026-09-21T06:49:28.493+0000] {logging_mixin.py:188} INFO - [2026-09-21T06:49:28.492+0000] {dagbag.py:545} INFO - Filling up the DagBag from /opt/airflow/dags/youtube_pipeline.py
[2026-09-21T06:49:28.544+0000] {processor.py:840} INFO - DAG(s) 'youtube_english_video_pipeline' retrieved from /opt/airflow/dags/youtube_pipeline.py
[2026-09-21T06:49:28.587+0000] {logging_mixin.py:188} INFO - [2026-09-21T06:49:28.587+0000] {dag.py:3089} INFO - Sync 1 DAGs
[2026-09-21T06:49:28.608+0000] {logging_mixin.py:188} INFO - [2026-09-21T06:49:28.608+0000] {dag.py:3947} INFO - Setting next_dagrun for youtube_english_video_pipeline to 2026-09-20 12:00:00+00:00, run_after=2026-09-21 12:00:00+00:00
[2026-09-21T06:49:28.636+0000] {processor.py:183} INFO - Processing /opt/airflow/dags/youtube_pipeline.py took 0.155 seconds
[2026-09-21T06:49:58.814+0000] {processor.py:161} INFO - Started process (PID=10560) to work on /opt/airflow/dags/youtube_pipeline.py
[2026-09-21T06:49:58.815+0000] {processor.py:830} INFO - Processing file /opt/airflow/dags/youtube_pipeline.py for tasks to queue
[2026-09-21T06:49:58.818+0000] {logging_mixin.py:188} INFO - [2026-09-21T06:49:58.817+0000] {dagbag.py:545} INFO - Filling up the DagBag from /opt/airflow/dags/youtube_pipeline.py
[2026-09-21T06:49:58.869+0000] {processor.py:840} INFO - DAG(s) 'youtube_english_video_pipeline' retrieved from /opt/airflow/dags/youtube_pipeline.py
[2026-09-21T06:49:58.926+0000] {logging_mixin.py:188} INFO - [2026-09-21T06:49:58.926+0000] {dag.py:3089} INFO - Sync 1 DAGs
[2026-09-21T06:49:58.951+0000] {logging_mixin.py:188} INFO - [2026-09-21T06:49:58.951+0000] {dag.py:3947} INFO - Setting next_dagrun for youtube_english_video_pipeline to 2026-09-20 12:00:00+00:00, run_after=2026-09-21 12:00:00+00:00
[2026-09-21T06:49:58.980+0000] {processor.py:183} INFO - Processing /opt/airflow/dags/youtube_pipeline.py took 0.176 seconds
[2026-09-21T06:50:29.188+0000] {processor.py:161} INFO - Started process (PID=10565) to work on /opt/airflow/dags/youtube_pipeline.py
[2026-09-21T06:50:29.190+0000] {processor.py:830} INFO - Processing file /opt/airflow/dags/youtube_pipeline.py for tasks to queue
[2026-09-21T06:50:29.192+0000] {logging_mixin.py:188} INFO - [2026-09-21T06:50:29.192+0000] {dagbag.py:545} INFO - Filling up the DagBag from /opt/airflow/dags/youtube_pipeline.py
[2026-09-21T06:50:29.234+0000] {processor.py:840} INFO - DAG(s) 'youtube_english_video_pipeline' retrieved from /opt/airflow/dags/youtube_pipeline.py
[2026-09-21T06:50:29.282+0000] {logging_mixin.py:188} INFO - [2026-09-21T06:50:29.282+0000] {dag.py:3089} INFO - Sync 1 DAGs
[2026-09-21T06:50:29.306+0000] {logging_mixin.py:188} INFO - [2026-09-21T06:50:29.306+0000] {dag.py:3947} INFO - Setting next_dagrun for youtube_english_video_pipeline to 2026-09-20 12:00:00+00:00, run_after=2026-09-21 12:00:00+00:00
[2026-09-21T06:50:29.328+0000] {processor.py:183} INFO - Processing /opt/airflow/dags/youtube_pipeline.py took 0.147 seconds
[2026-09-21T06:50:59.561+0000] {processor.py:161} INFO - Started process (PID=10570) to work on /opt/airflow/dags/youtube_pipeline.py
[2026-09-21T06:50:59.563+0000] {processor.py:830} INFO - Processing file /opt/airflow/dags/youtube_pipeline.py for tasks to queue
[2026-09-21T06:50:59.565+0000] {logging_mixin.py:188} INFO - [2026-09-21T06:50:59.565+0000] {dagbag.py:545} INFO - Filling up the DagBag from /opt/airflow/dags/youtube_pipeline.py
[2026-09-21T06:50:59.625+0000] {processor.py:840} INFO - DAG(s) 'youtube_english_video_pipeline' retrieved from /opt/airflow/dags/youtube_pipeline.py
[2026-09-21T06:50:59.667+0000] {logging_mixin.py:188} INFO - [2026-09-21T06:50:59.667+0000] {dag.py:3089} INFO - Sync 1 DAGs
[2026-09-21T06:50:59.688+0000] {logging_mixin.py:188} INFO - [2026-09-21T06:50:59.688+0000] {dag.py:3947} INFO - Setting next_dagrun for youtube_english_video_pipeline to 2026-09-20 12:00:00+00:00, run_after=2026-09-21 12:00:00+00:00
[2026-09-21T06:50:59.708+0000] {processor.py:183} INFO - Processing /opt/airflow/dags/youtube_pipeline.py took 0.155 seconds
[2026-09-21T06:51:29.888+0000] {processor.py:161} INFO - Started process (PID=10575) to work on /opt/airflow/dags/youtube_pipeline.py
[2026-09-21T06:51:29.890+0000] {processor.py:830} INFO - Processing file /opt/airflow/dags/youtube_pipeline.py for tasks to queue
[2026-09-21T06:51:29.892+0000] {logging_mixin.py:188} INFO - [2026-09-21T06:51:29.891+0000] {dagbag.py:545} INFO - Filling up the DagBag from /opt/airflow/dags/youtube_pipeline.py
[2026-09-21T06:51:29.945+0000] {processor.py:840} INFO - DAG(s) 'youtube_english_video_pipeline' retrieved from /opt/airflow/dags/youtube_pipeline.py
[2026-09-21T06:51:29.990+0000] {logging_mixin.py:188} INFO - [2026-09-21T06:51:29.989+0000] {dag.py:3089} INFO - Sync 1 DAGs
[2026-09-21T06:51:30.010+0000] {logging_mixin.py:188} INFO - [2026-09-21T06:51:30.009+0000] {dag.py:3947} INFO - Setting next_dagrun for youtube_english_video_pipeline to 2026-09-20 12:00:00+00:00, run_after=2026-09-21 12:00:00+00:00
[2026-09-21T06:51:30.043+0000] {processor.py:183} INFO - Processing /opt/airflow/dags/youtube_pipeline.py took 0.164 seconds
[2026-09-21T06:52:00.264+0000] {processor.py:161} INFO - Started process (PID=10580) to work on /opt/airflow/dags/youtube_pipeline.py
[2026-09-21T06:52:00.265+0000] {processor.py:830} INFO - Processing file /opt/airflow/dags/youtube_pipeline.py for tasks to queue
[2026-09-21T06:52:00.268+0000] {logging_mixin.py:188} INFO - [2026-09-21T06:52:00.267+0000] {dagbag.py:545} INFO - Filling up the DagBag from /opt/airflow/dags/youtube_pipeline.py
[2026-09-21T06:52:00.319+0000] {processor.py:840} INFO - DAG(s) 'youtube_english_video_pipeline' retrieved from /opt/airflow/dags/youtube_pipeline.py
[2026-09-21T06:52:00.369+0000] {logging_mixin.py:188} INFO - [2026-09-21T06:52:00.369+0000] {dag.py:3089} INFO - Sync 1 DAGs
[2026-09-21T06:52:00.397+0000] {logging_mixin.py:188} INFO - [2026-09-21T06:52:00.397+0000] {dag.py:3947} INFO - Setting next_dagrun for youtube_english_video_pipeline to 2026-09-20 12:00:00+00:00, run_after=2026-09-21 12:00:00+00:00
[2026-09-21T06:52:00.432+0000] {processor.py:183} INFO - Processing /opt/airflow/dags/youtube_pipeline.py took 0.179 seconds
[2026-09-21T06:52:30.655+0000] {processor.py:161} INFO - Started process (PID=10585) to work on /opt/airflow/dags/youtube_pipeline.py
[2026-09-21T06:52:30.656+0000] {processor.py:830} INFO - Processing file /opt/airflow/dags/youtube_pipeline.py for tasks to queue
[2026-09-21T06:52:30.658+0000] {logging_mixin.py:188} INFO - [2026-09-21T06:52:30.658+0000] {dagbag.py:545} INFO - Filling up the DagBag from /opt/airflow/dags/youtube_pipeline.py
[2026-09-21T06:52:30.702+0000] {processor.py:840} INFO - DAG(s) 'youtube_english_video_pipeline' retrieved from /opt/airflow/dags/youtube_pipeline.py
[2026-09-21T06:52:30.747+0000] {logging_mixin.py:188} INFO - [2026-09-21T06:52:30.746+0000] {dag.py:3089} INFO - Sync 1 DAGs
[2026-09-21T06:52:30.770+0000] {logging_mixin.py:188} INFO - [2026-09-21T06:52:30.770+0000] {dag.py:3947} INFO - Setting next_dagrun for youtube_english_video_pipeline to 2026-09-20 12:00:00+00:00, run_after=2026-09-21 12:00:00+00:00
[2026-09-21T06:52:30.797+0000] {processor.py:183} INFO - Processing /opt/airflow/dags/youtube_pipeline.py took 0.151 seconds
[2026-09-21T06:53:01.081+0000] {processor.py:161} INFO - Started process (PID=10590) to work on /opt/airflow/dags/youtube_pipeline.py
[2026-09-21T06:53:01.082+0000] {processor.py:830} INFO - Processing file /opt/airflow/dags/youtube_pipeline.py for tasks to queue
[2026-09-21T06:53:01.085+0000] {logging_mixin.py:188} INFO - [2026-09-21T06:53:01.085+0000] {dagbag.py:545} INFO - Filling up the DagBag from /opt/airflow/dags/youtube_pipeline.py
[2026-09-21T06:53:01.138+0000] {processor.py:840} INFO - DAG(s) 'youtube_english_video_pipeline' retrieved from /opt/airflow/dags/youtube_pipeline.py
[2026-09-21T06:53:01.189+0000] {logging_mixin.py:188} INFO - [2026-09-21T06:53:01.189+0000] {dag.py:3089} INFO - Sync 1 DAGs
[2026-09-21T06:53:01.208+0000] {logging_mixin.py:188} INFO - [2026-09-21T06:53:01.208+0000] {dag.py:3947} INFO - Setting next_dagrun for youtube_english_video_pipeline to 2026-09-20 12:00:00+00:00, run_after=2026-09-21 12:00:00+00:00
[2026-09-21T06:53:01.230+0000] {processor.py:183} INFO - Processing /opt/airflow/dags/youtube_pipeline.py took 0.156 seconds
[2026-09-21T06:53:31.359+0000] {processor.py:161} INFO - Started process (PID=10595) to work on /opt/airflow/dags/youtube_pipeline.py
[2026-09-21T06:53:31.360+0000] {processor.py:830} INFO - Processing file /opt/airflow/dags/youtube_pipeline.py for tasks to queue
[2026-09-21T06:53:31.362+0000] {logging_mixin.py:188} INFO - [2026-09-21T06:53:31.362+0000] {dagbag.py:545} INFO - Filling up the DagBag from /opt/airflow/dags/youtube_pipeline.py
[2026-09-21T06:53:31.410+0000] {processor.py:840} INFO - DAG(s) 'youtube_english_video_pipeline' retrieved from /opt/airflow/dags/youtube_pipeline.py
[2026-09-21T06:53:31.462+0000] {logging_mixin.py:188} INFO - [2026-09-21T06:53:31.462+0000] {dag.py:3089} INFO - Sync 1 DAGs
[2026-09-21T06:53:31.484+0000] {logging_mixin.py:188} INFO - [2026-09-21T06:53:31.484+0000] {dag.py:3947} INFO - Setting next_dagrun for youtube_english_video_pipeline to 2026-09-20 12:00:00+00:00, run_after=2026-09-21 12:00:00+00:00
[2026-09-21T06:53:31.508+0000] {processor.py:183} INFO - Processing /opt/airflow/dags/youtube_pipeline.py took 0.157 seconds
[2026-09-21T06:54:01.791+0000] {processor.py:161} INFO - Started process (PID=10600) to work on /opt/airflow/dags/youtube_pipeline.py
[2026-09-21T06:54:01.792+0000] {processor.py:830} INFO - Processing file /opt/airflow/dags/youtube_pipeline.py for tasks to queue
[2026-09-21T06:54:01.794+0000] {logging_mixin.py:188} INFO - [2026-09-21T06:54:01.794+0000] {dagbag.py:545} INFO - Filling up the DagBag from /opt/airflow/dags/youtube_pipeline.py
[2026-09-21T06:54:01.837+0000] {processor.py:840} INFO - DAG(s) 'youtube_english_video_pipeline' retrieved from /opt/airflow/dags/youtube_pipeline.py
[2026-09-21T06:54:01.880+0000] {logging_mixin.py:188} INFO - [2026-09-21T06:54:01.879+0000] {dag.py:3089} INFO - Sync 1 DAGs
[2026-09-21T06:54:01.900+0000] {logging_mixin.py:188} INFO - [2026-09-21T06:54:01.900+0000] {dag.py:3947} INFO - Setting next_dagrun for youtube_english_video_pipeline to 2026-09-20 12:00:00+00:00, run_after=2026-09-21 12:00:00+00:00
[2026-09-21T06:54:01.921+0000] {processor.py:183} INFO - Processing /opt/airflow/dags/youtube_pipeline.py took 0.137 seconds
[2026-09-21T06:54:32.147+0000] {processor.py:161} INFO - Started process (PID=10605) to work on /opt/airflow/dags/youtube_pipeline.py
[2026-09-21T06:54:32.149+0000] {processor.py:830} INFO - Processing file /opt/airflow/dags/youtube_pipeline.py for tasks to queue
[2026-09-21T06:54:32.152+0000] {logging_mixin.py:188} INFO - [2026-09-21T06:54:32.152+0000] {dagbag.py:545} INFO - Filling up the DagBag from /opt/airflow/dags/youtube_pipeline.py
[2026-09-21T06:54:32.259+0000] {processor.py:840} INFO - DAG(s) 'youtube_english_video_pipeline' retrieved from /opt/airflow/dags/youtube_pipeline.py
[2026-09-21T06:54:32.305+0000] {logging_mixin.py:188} INFO - [2026-09-21T06:54:32.305+0000] {dag.py:3089} INFO - Sync 1 DAGs
[2026-09-21T06:54:32.329+0000] {logging_mixin.py:188} INFO - [2026-09-21T06:54:32.329+0000] {dag.py:3947} INFO - Setting next_dagrun for youtube_english_video_pipeline to 2026-09-20 12:00:00+00:00, run_after=2026-09-21 12:00:00+00:00
[2026-09-21T06:54:32.373+0000] {processor.py:183} INFO - Processing /opt/airflow/dags/youtube_pipeline.py took 0.239 seconds
[2026-09-21T06:55:02.455+0000] {processor.py:161} INFO - Started process (PID=10610) to work on /opt/airflow/dags/youtube_pipeline.py
[2026-09-21T06:55:02.456+0000] {processor.py:830} INFO - Processing file /opt/airflow/dags/youtube_pipeline.py for tasks to queue
[2026-09-21T06:55:02.458+0000] {logging_mixin.py:188} INFO - [2026-09-21T06:55:02.458+0000] {dagbag.py:545} INFO - Filling up the DagBag from /opt/airflow/dags/youtube_pipeline.py
[2026-09-21T06:55:02.508+0000] {processor.py:840} INFO - DAG(s) 'youtube_english_video_pipeline' retrieved from /opt/airflow/dags/youtube_pipeline.py
[2026-09-21T06:55:02.551+0000] {logging_mixin.py:188} INFO - [2026-09-21T06:55:02.551+0000] {dag.py:3089} INFO - Sync 1 DAGs
[2026-09-21T06:55:02.572+0000] {logging_mixin.py:188} INFO - [2026-09-21T06:55:02.572+0000] {dag.py:3947} INFO - Setting next_dagrun for youtube_english_video_pipeline to 2026-09-20 12:00:00+00:00, run_after=2026-09-21 12:00:00+00:00
[2026-09-21T06:55:02.607+0000] {processor.py:183} INFO - Processing /opt/airflow/dags/youtube_pipeline.py took 0.159 seconds
[2026-09-21T06:55:32.782+0000] {processor.py:161} INFO - Started process (PID=10615) to work on /opt/airflow/dags/youtube_pipeline.py
[2026-09-21T06:55:32.783+0000] {processor.py:830} INFO - Processing file /opt/airflow/dags/youtube_pipeline.py for tasks to queue
[2026-09-21T06:55:32.786+0000] {logging_mixin.py:188} INFO - [2026-09-21T06:55:32.785+0000] {dagbag.py:545} INFO - Filling up the DagBag from /opt/airflow/dags/youtube_pipeline.py
[2026-09-21T06:55:32.833+0000] {processor.py:840} INFO - DAG(s) 'youtube_english_video_pipeline' retrieved from /opt/airflow/dags/youtube_pipeline.py
[2026-09-21T06:55:32.883+0000] {logging_mixin.py:188} INFO - [2026-09-21T06:55:32.882+0000] {dag.py:3089} INFO - Sync 1 DAGs
[2026-09-21T06:55:32.903+0000] {logging_mixin.py:188} INFO - [2026-09-21T06:55:32.903+0000] {dag.py:3947} INFO - Setting next_dagrun for youtube_english_video_pipeline to 2026-09-20 12:00:00+00:00, run_after=2026-09-21 12:00:00+00:00
[2026-09-21T06:55:32.937+0000] {processor.py:183} INFO - Processing /opt/airflow/dags/youtube_pipeline.py took 0.165 seconds
[2026-09-21T06:56:03.173+0000] {processor.py:161} INFO - Started process (PID=10620) to work on /opt/airflow/dags/youtube_pipeline.py
[2026-09-21T06:56:03.175+0000] {processor.py:830} INFO - Processing file /opt/airflow/dags/youtube_pipeline.py for tasks to queue
[2026-09-21T06:56:03.177+0000] {logging_mixin.py:188} INFO - [2026-09-21T06:56:03.177+0000] {dagbag.py:545} INFO - Filling up the DagBag from /opt/airflow/dags/youtube_pipeline.py
[2026-09-21T06:56:03.225+0000] {processor.py:840} INFO - DAG(s) 'youtube_english_video_pipeline' retrieved from /opt/airflow/dags/youtube_pipeline.py
[2026-09-21T06:56:03.276+0000] {logging_mixin.py:188} INFO - [2026-09-21T06:56:03.275+0000] {dag.py:3089} INFO - Sync 1 DAGs
[2026-09-21T06:56:03.303+0000] {logging_mixin.py:188} INFO - [2026-09-21T06:56:03.302+0000] {dag.py:3947} INFO - Setting next_dagrun for youtube_english_video_pipeline to 2026-09-20 12:00:00+00:00, run_after=2026-09-21 12:00:00+00:00
[2026-09-21T06:56:03.334+0000] {processor.py:183} INFO - Processing /opt/airflow/dags/youtube_pipeline.py took 0.168 seconds
[2026-09-21T06:56:33.498+0000] {processor.py:161} INFO - Started process (PID=10625) to work on /opt/airflow/dags/youtube_pipeline.py
[2026-09-21T06:56:33.499+0000] {processor.py:830} INFO - Processing file /opt/airflow/dags/youtube_pipeline.py for tasks to queue
[2026-09-21T06:56:33.502+0000] {logging_mixin.py:188} INFO - [2026-09-21T06:56:33.501+0000] {dagbag.py:545} INFO - Filling up the DagBag from /opt/airflow/dags/youtube_pipeline.py
[2026-09-21T06:56:33.574+0000] {processor.py:840} INFO - DAG(s) 'youtube_english_video_pipeline' retrieved from /opt/airflow/dags/youtube_pipeline.py
[2026-09-21T06:56:33.646+0000] {logging_mixin.py:188} INFO - [2026-09-21T06:56:33.646+0000] {dag.py:3089} INFO - Sync 1 DAGs
[2026-09-21T06:56:33.683+0000] {logging_mixin.py:188} INFO - [2026-09-21T06:56:33.683+0000] {dag.py:3947} INFO - Setting next_dagrun for youtube_english_video_pipeline to 2026-09-20 12:00:00+00:00, run_after=2026-09-21 12:00:00+00:00
[2026-09-21T06:56:33.714+0000] {processor.py:183} INFO - Processing /opt/airflow/dags/youtube_pipeline.py took 0.224 seconds
[2026-09-21T06:57:03.884+0000] {processor.py:161} INFO - Started process (PID=10630) to work on /opt/airflow/dags/youtube_pipeline.py
[2026-09-21T06:57:03.885+0000] {processor.py:830} INFO - Processing file /opt/airflow/dags/youtube_pipeline.py for tasks to queue
[2026-09-21T06:57:03.887+0000] {logging_mixin.py:188} INFO - [2026-09-21T06:57:03.886+0000] {dagbag.py:545} INFO - Filling up the DagBag from /opt/airflow/dags/youtube_pipeline.py
[2026-09-21T06:57:03.932+0000] {processor.py:840} INFO - DAG(s) 'youtube_english_video_pipeline' retrieved from /opt/airflow/dags/youtube_pipeline.py
[2026-09-21T06:57:03.976+0000] {logging_mixin.py:188} INFO - [2026-09-21T06:57:03.975+0000] {dag.py:3089} INFO - Sync 1 DAGs
[2026-09-21T06:57:03.996+0000] {logging_mixin.py:188} INFO - [2026-09-21T06:57:03.996+0000] {dag.py:3947} INFO - Setting next_dagrun for youtube_english_video_pipeline to 2026-09-20 12:00:00+00:00, run_after=2026-09-21 12:00:00+00:00
[2026-09-21T06:57:04.016+0000] {processor.py:183} INFO - Processing /opt/airflow/dags/youtube_pipeline.py took 0.139 seconds
[2026-09-21T06:57:34.269+0000] {processor.py:161} INFO - Started process (PID=10635) to work on /opt/airflow/dags/youtube_pipeline.py
[2026-09-21T06:57:34.270+0000] {processor.py:830} INFO - Processing file /opt/airflow/dags/youtube_pipeline.py for tasks to queue
[2026-09-21T06:57:34.272+0000] {logging_mixin.py:188} INFO - [2026-09-21T06:57:34.272+0000] {dagbag.py:545} INFO - Filling up the DagBag from /opt/airflow/dags/youtube_pipeline.py
[2026-09-21T06:57:34.322+0000] {processor.py:840} INFO - DAG(s) 'youtube_english_video_pipeline' retrieved from /opt/airflow/dags/youtube_pipeline.py
[2026-09-21T06:57:34.364+0000] {logging_mixin.py:188} INFO - [2026-09-21T06:57:34.363+0000] {dag.py:3089} INFO - Sync 1 DAGs
[2026-09-21T06:57:34.384+0000] {logging_mixin.py:188} INFO - [2026-09-21T06:57:34.384+0000] {dag.py:3947} INFO - Setting next_dagrun for youtube_english_video_pipeline to 2026-09-20 12:00:00+00:00, run_after=2026-09-21 12:00:00+00:00
[2026-09-21T06:57:34.421+0000] {processor.py:183} INFO - Processing /opt/airflow/dags/youtube_pipeline.py took 0.159 seconds
[2026-09-21T06:58:04.600+0000] {processor.py:161} INFO - Started process (PID=10640) to work on /opt/airflow/dags/youtube_pipeline.py
[2026-09-21T06:58:04.601+0000] {processor.py:830} INFO - Processing file /opt/airflow/dags/youtube_pipeline.py for tasks to queue
[2026-09-21T06:58:04.603+0000] {logging_mixin.py:188} INFO - [2026-09-21T06:58:04.603+0000] {dagbag.py:545} INFO - Filling up the DagBag from /opt/airflow/dags/youtube_pipeline.py
[2026-09-21T06:58:04.635+0000] {processor.py:840} INFO - DAG(s) 'youtube_english_video_pipeline' retrieved from /opt/airflow/dags/youtube_pipeline.py
[2026-09-21T06:58:04.678+0000] {logging_mixin.py:188} INFO - [2026-09-21T06:58:04.677+0000] {dag.py:3089} INFO - Sync 1 DAGs
[2026-09-21T06:58:04.701+0000] {logging_mixin.py:188} INFO - [2026-09-21T06:58:04.701+0000] {dag.py:3947} INFO - Setting next_dagrun for youtube_english_video_pipeline to 2026-09-20 12:00:00+00:00, run_after=2026-09-21 12:00:00+00:00
[2026-09-21T06:58:04.720+0000] {processor.py:183} INFO - Processing /opt/airflow/dags/youtube_pipeline.py took 0.127 seconds
[2026-09-21T06:58:34.979+0000] {processor.py:161} INFO - Started process (PID=10645) to work on /opt/airflow/dags/youtube_pipeline.py
[2026-09-21T06:58:34.980+0000] {processor.py:830} INFO - Processing file /opt/airflow/dags/youtube_pipeline.py for tasks to queue
[2026-09-21T06:58:34.983+0000] {logging_mixin.py:188} INFO - [2026-09-21T06:58:34.982+0000] {dagbag.py:545} INFO - Filling up the DagBag from /opt/airflow/dags/youtube_pipeline.py
[2026-09-21T06:58:35.029+0000] {processor.py:840} INFO - DAG(s) 'youtube_english_video_pipeline' retrieved from /opt/airflow/dags/youtube_pipeline.py
[2026-09-21T06:58:35.101+0000] {logging_mixin.py:188} INFO - [2026-09-21T06:58:35.101+0000] {dag.py:3089} INFO - Sync 1 DAGs
[2026-09-21T06:58:35.124+0000] {logging_mixin.py:188} INFO - [2026-09-21T06:58:35.124+0000] {dag.py:3947} INFO - Setting next_dagrun for youtube_english_video_pipeline to 2026-09-20 12:00:00+00:00, run_after=2026-09-21 12:00:00+00:00
[2026-09-21T06:58:35.156+0000] {processor.py:183} INFO - Processing /opt/airflow/dags/youtube_pipeline.py took 0.184 seconds
[2026-09-21T06:59:05.250+0000] {processor.py:161} INFO - Started process (PID=10650) to work on /opt/airflow/dags/youtube_pipeline.py
[2026-09-21T06:59:05.251+0000] {processor.py:830} INFO - Processing file /opt/airflow/dags/youtube_pipeline.py for tasks to queue
[2026-09-21T06:59:05.254+0000] {logging_mixin.py:188} INFO - [2026-09-21T06:59:05.253+0000] {dagbag.py:545} INFO - Filling up the DagBag from /opt/airflow/dags/youtube_pipeline.py
[2026-09-21T06:59:05.296+0000] {processor.py:840} INFO - DAG(s) 'youtube_english_video_pipeline' retrieved from /opt/airflow/dags/youtube_pipeline.py
[2026-09-21T06:59:05.407+0000] {logging_mixin.py:188} INFO - [2026-09-21T06:59:05.407+0000] {dag.py:3089} INFO - Sync 1 DAGs
[2026-09-21T06:59:05.427+0000] {logging_mixin.py:188} INFO - [2026-09-21T06:59:05.427+0000] {dag.py:3947} INFO - Setting next_dagrun for youtube_english_video_pipeline to 2026-09-20 12:00:00+00:00, run_after=2026-09-21 12:00:00+00:00
[2026-09-21T06:59:05.449+0000] {processor.py:183} INFO - Processing /opt/airflow/dags/youtube_pipeline.py took 0.206 seconds
[2026-09-21T06:59:35.697+0000] {processor.py:161} INFO - Started process (PID=10655) to work on /opt/airflow/dags/youtube_pipeline.py
[2026-09-21T06:59:35.698+0000] {processor.py:830} INFO - Processing file /opt/airflow/dags/youtube_pipeline.py for tasks to queue
[2026-09-21T06:59:35.700+0000] {logging_mixin.py:188} INFO - [2026-09-21T06:59:35.700+0000] {dagbag.py:545} INFO - Filling up the DagBag from /opt/airflow/dags/youtube_pipeline.py
[2026-09-21T06:59:35.746+0000] {processor.py:840} INFO - DAG(s) 'youtube_english_video_pipeline' retrieved from /opt/airflow/dags/youtube_pipeline.py
[2026-09-21T06:59:35.814+0000] {logging_mixin.py:188} INFO - [2026-09-21T06:59:35.814+0000] {dag.py:3089} INFO - Sync 1 DAGs
[2026-09-21T06:59:35.839+0000] {logging_mixin.py:188} INFO - [2026-09-21T06:59:35.839+0000] {dag.py:3947} INFO - Setting next_dagrun for youtube_english_video_pipeline to 2026-09-20 12:00:00+00:00, run_after=2026-09-21 12:00:00+00:00
[2026-09-21T06:59:35.864+0000] {processor.py:183} INFO - Processing /opt/airflow/dags/youtube_pipeline.py took 0.173 seconds
[2026-09-21T11:21:43.733+0000] {processor.py:161} INFO - Started process (PID=10660) to work on /opt/airflow/dags/youtube_pipeline.py
[2026-09-21T11:21:43.759+0000] {processor.py:830} INFO - Processing file /opt/airflow/dags/youtube_pipeline.py for tasks to queue
[2026-09-21T11:21:43.790+0000] {logging_mixin.py:188} INFO - [2026-09-21T11:21:43.789+0000] {dagbag.py:545} INFO - Filling up the DagBag from /opt/airflow/dags/youtube_pipeline.py
[2026-09-21T11:21:44.582+0000] {processor.py:840} INFO - DAG(s) 'youtube_english_video_pipeline' retrieved from /opt/airflow/dags/youtube_pipeline.py
[2026-09-21T11:21:44.659+0000] {logging_mixin.py:188} INFO - [2026-09-21T11:21:44.658+0000] {dag.py:3089} INFO - Sync 1 DAGs
[2026-09-21T11:21:44.698+0000] {logging_mixin.py:188} INFO - [2026-09-21T11:21:44.698+0000] {dag.py:3947} INFO - Setting next_dagrun for youtube_english_video_pipeline to 2026-09-20 12:00:00+00:00, run_after=2026-09-21 12:00:00+00:00
[2026-09-21T11:21:44.751+0000] {processor.py:183} INFO - Processing /opt/airflow/dags/youtube_pipeline.py took 1.063 seconds
[2026-09-21T11:22:15.772+0000] {processor.py:161} INFO - Started process (PID=10665) to work on /opt/airflow/dags/youtube_pipeline.py
[2026-09-21T11:22:15.780+0000] {processor.py:830} INFO - Processing file /opt/airflow/dags/youtube_pipeline.py for tasks to queue
[2026-09-21T11:22:15.788+0000] {logging_mixin.py:188} INFO - [2026-09-21T11:22:15.787+0000] {dagbag.py:545} INFO - Filling up the DagBag from /opt/airflow/dags/youtube_pipeline.py
[2026-09-21T11:22:16.163+0000] {processor.py:840} INFO - DAG(s) 'youtube_english_video_pipeline' retrieved from /opt/airflow/dags/youtube_pipeline.py
[2026-09-21T11:22:16.256+0000] {logging_mixin.py:188} INFO - [2026-09-21T11:22:16.255+0000] {dag.py:3089} INFO - Sync 1 DAGs
[2026-09-21T11:22:16.304+0000] {logging_mixin.py:188} INFO - [2026-09-21T11:22:16.304+0000] {dag.py:3947} INFO - Setting next_dagrun for youtube_english_video_pipeline to 2026-09-20 12:00:00+00:00, run_after=2026-09-21 12:00:00+00:00
[2026-09-21T11:22:16.360+0000] {processor.py:183} INFO - Processing /opt/airflow/dags/youtube_pipeline.py took 0.607 seconds
[2026-09-21T11:22:46.972+0000] {processor.py:161} INFO - Started process (PID=10670) to work on /opt/airflow/dags/youtube_pipeline.py
[2026-09-21T11:22:46.975+0000] {processor.py:830} INFO - Processing file /opt/airflow/dags/youtube_pipeline.py for tasks to queue
[2026-09-21T11:22:46.980+0000] {logging_mixin.py:188} INFO - [2026-09-21T11:22:46.979+0000] {dagbag.py:545} INFO - Filling up the DagBag from /opt/airflow/dags/youtube_pipeline.py
[2026-09-21T11:22:47.099+0000] {processor.py:840} INFO - DAG(s) 'youtube_english_video_pipeline' retrieved from /opt/airflow/dags/youtube_pipeline.py
[2026-09-21T11:22:47.186+0000] {logging_mixin.py:188} INFO - [2026-09-21T11:22:47.186+0000] {dag.py:3089} INFO - Sync 1 DAGs
[2026-09-21T11:22:47.213+0000] {logging_mixin.py:188} INFO - [2026-09-21T11:22:47.213+0000] {dag.py:3947} INFO - Setting next_dagrun for youtube_english_video_pipeline to 2026-09-20 12:00:00+00:00, run_after=2026-09-21 12:00:00+00:00
[2026-09-21T11:22:47.251+0000] {processor.py:183} INFO - Processing /opt/airflow/dags/youtube_pipeline.py took 0.296 seconds
[2026-09-21T11:23:17.493+0000] {processor.py:161} INFO - Started process (PID=10675) to work on /opt/airflow/dags/youtube_pipeline.py
[2026-09-21T11:23:17.496+0000] {processor.py:830} INFO - Processing file /opt/airflow/dags/youtube_pipeline.py for tasks to queue
[2026-09-21T11:23:17.501+0000] {logging_mixin.py:188} INFO - [2026-09-21T11:23:17.500+0000] {dagbag.py:545} INFO - Filling up the DagBag from /opt/airflow/dags/youtube_pipeline.py
[2026-09-21T11:23:17.612+0000] {processor.py:840} INFO - DAG(s) 'youtube_english_video_pipeline' retrieved from /opt/airflow/dags/youtube_pipeline.py
[2026-09-21T11:23:17.682+0000] {logging_mixin.py:188} INFO - [2026-09-21T11:23:17.681+0000] {dag.py:3089} INFO - Sync 1 DAGs
[2026-09-21T11:23:17.723+0000] {logging_mixin.py:188} INFO - [2026-09-21T11:23:17.723+0000] {dag.py:3947} INFO - Setting next_dagrun for youtube_english_video_pipeline to 2026-09-20 12:00:00+00:00, run_after=2026-09-21 12:00:00+00:00
[2026-09-21T11:23:17.759+0000] {processor.py:183} INFO - Processing /opt/airflow/dags/youtube_pipeline.py took 0.282 seconds
[2026-09-21T11:23:47.966+0000] {processor.py:161} INFO - Started process (PID=10680) to work on /opt/airflow/dags/youtube_pipeline.py
[2026-09-21T11:23:47.969+0000] {processor.py:830} INFO - Processing file /opt/airflow/dags/youtube_pipeline.py for tasks to queue
[2026-09-21T11:23:47.973+0000] {logging_mixin.py:188} INFO - [2026-09-21T11:23:47.972+0000] {dagbag.py:545} INFO - Filling up the DagBag from /opt/airflow/dags/youtube_pipeline.py
[2026-09-21T11:23:48.062+0000] {processor.py:840} INFO - DAG(s) 'youtube_english_video_pipeline' retrieved from /opt/airflow/dags/youtube_pipeline.py
[2026-09-21T11:23:48.131+0000] {logging_mixin.py:188} INFO - [2026-09-21T11:23:48.131+0000] {dag.py:3089} INFO - Sync 1 DAGs
[2026-09-21T11:23:48.164+0000] {logging_mixin.py:188} INFO - [2026-09-21T11:23:48.164+0000] {dag.py:3947} INFO - Setting next_dagrun for youtube_english_video_pipeline to 2026-09-20 12:00:00+00:00, run_after=2026-09-21 12:00:00+00:00
[2026-09-21T11:23:48.209+0000] {processor.py:183} INFO - Processing /opt/airflow/dags/youtube_pipeline.py took 0.257 seconds
[2026-09-21T11:24:18.357+0000] {processor.py:161} INFO - Started process (PID=10685) to work on /opt/airflow/dags/youtube_pipeline.py
[2026-09-21T11:24:18.360+0000] {processor.py:830} INFO - Processing file /opt/airflow/dags/youtube_pipeline.py for tasks to queue
[2026-09-21T11:24:18.363+0000] {logging_mixin.py:188} INFO - [2026-09-21T11:24:18.363+0000] {dagbag.py:545} INFO - Filling up the DagBag from /opt/airflow/dags/youtube_pipeline.py
[2026-09-21T11:24:18.422+0000] {processor.py:840} INFO - DAG(s) 'youtube_english_video_pipeline' retrieved from /opt/airflow/dags/youtube_pipeline.py
[2026-09-21T11:24:18.489+0000] {logging_mixin.py:188} INFO - [2026-09-21T11:24:18.489+0000] {dag.py:3089} INFO - Sync 1 DAGs
[2026-09-21T11:24:18.522+0000] {logging_mixin.py:188} INFO - [2026-09-21T11:24:18.521+0000] {dag.py:3947} INFO - Setting next_dagrun for youtube_english_video_pipeline to 2026-09-20 12:00:00+00:00, run_after=2026-09-21 12:00:00+00:00
[2026-09-21T11:24:18.554+0000] {processor.py:183} INFO - Processing /opt/airflow/dags/youtube_pipeline.py took 0.207 seconds
[2026-09-21T11:24:52.813+0000] {processor.py:161} INFO - Started process (PID=202) to work on /opt/airflow/dags/youtube_pipeline.py
[2026-09-21T11:24:52.815+0000] {processor.py:830} INFO - Processing file /opt/airflow/dags/youtube_pipeline.py for tasks to queue
[2026-09-21T11:24:52.821+0000] {logging_mixin.py:188} INFO - [2026-09-21T11:24:52.821+0000] {dagbag.py:545} INFO - Filling up the DagBag from /opt/airflow/dags/youtube_pipeline.py
[2026-09-21T11:24:52.890+0000] {processor.py:840} INFO - DAG(s) 'youtube_english_video_pipeline' retrieved from /opt/airflow/dags/youtube_pipeline.py
[2026-09-21T11:24:53.006+0000] {logging_mixin.py:188} INFO - [2026-09-21T11:24:53.005+0000] {dag.py:3089} INFO - Sync 1 DAGs
[2026-09-21T11:24:53.053+0000] {logging_mixin.py:188} INFO - [2026-09-21T11:24:53.053+0000] {dag.py:3947} INFO - Setting next_dagrun for youtube_english_video_pipeline to 2026-09-20 12:00:00+00:00, run_after=2026-09-21 12:00:00+00:00
[2026-09-21T11:24:53.086+0000] {processor.py:183} INFO - Processing /opt/airflow/dags/youtube_pipeline.py took 0.285 seconds
[2026-09-21T11:25:23.433+0000] {processor.py:161} INFO - Started process (PID=215) to work on /opt/airflow/dags/youtube_pipeline.py
[2026-09-21T11:25:23.436+0000] {processor.py:830} INFO - Processing file /opt/airflow/dags/youtube_pipeline.py for tasks to queue
[2026-09-21T11:25:23.440+0000] {logging_mixin.py:188} INFO - [2026-09-21T11:25:23.440+0000] {dagbag.py:545} INFO - Filling up the DagBag from /opt/airflow/dags/youtube_pipeline.py
[2026-09-21T11:25:23.513+0000] {processor.py:840} INFO - DAG(s) 'youtube_english_video_pipeline' retrieved from /opt/airflow/dags/youtube_pipeline.py
[2026-09-21T11:25:23.573+0000] {logging_mixin.py:188} INFO - [2026-09-21T11:25:23.572+0000] {dag.py:3089} INFO - Sync 1 DAGs
[2026-09-21T11:25:23.607+0000] {logging_mixin.py:188} INFO - [2026-09-21T11:25:23.607+0000] {dag.py:3947} INFO - Setting next_dagrun for youtube_english_video_pipeline to 2026-09-20 12:00:00+00:00, run_after=2026-09-21 12:00:00+00:00
[2026-09-21T11:25:23.645+0000] {processor.py:183} INFO - Processing /opt/airflow/dags/youtube_pipeline.py took 0.225 seconds
[2026-09-21T11:25:54.013+0000] {processor.py:161} INFO - Started process (PID=220) to work on /opt/airflow/dags/youtube_pipeline.py
[2026-09-21T11:25:54.015+0000] {processor.py:830} INFO - Processing file /opt/airflow/dags/youtube_pipeline.py for tasks to queue
[2026-09-21T11:25:54.018+0000] {logging_mixin.py:188} INFO - [2026-09-21T11:25:54.017+0000] {dagbag.py:545} INFO - Filling up the DagBag from /opt/airflow/dags/youtube_pipeline.py
[2026-09-21T11:25:54.083+0000] {processor.py:840} INFO - DAG(s) 'youtube_english_video_pipeline' retrieved from /opt/airflow/dags/youtube_pipeline.py
[2026-09-21T11:25:54.162+0000] {logging_mixin.py:188} INFO - [2026-09-21T11:25:54.162+0000] {dag.py:3089} INFO - Sync 1 DAGs
[2026-09-21T11:25:54.198+0000] {logging_mixin.py:188} INFO - [2026-09-21T11:25:54.197+0000] {dag.py:3947} INFO - Setting next_dagrun for youtube_english_video_pipeline to 2026-09-20 12:00:00+00:00, run_after=2026-09-21 12:00:00+00:00
[2026-09-21T11:25:54.242+0000] {processor.py:183} INFO - Processing /opt/airflow/dags/youtube_pipeline.py took 0.240 seconds
[2026-09-21T11:26:24.581+0000] {processor.py:161} INFO - Started process (PID=225) to work on /opt/airflow/dags/youtube_pipeline.py
[2026-09-21T11:26:24.583+0000] {processor.py:830} INFO - Processing file /opt/airflow/dags/youtube_pipeline.py for tasks to queue
[2026-09-21T11:26:24.586+0000] {logging_mixin.py:188} INFO - [2026-09-21T11:26:24.586+0000] {dagbag.py:545} INFO - Filling up the DagBag from /opt/airflow/dags/youtube_pipeline.py
[2026-09-21T11:26:24.654+0000] {processor.py:840} INFO - DAG(s) 'youtube_english_video_pipeline' retrieved from /opt/airflow/dags/youtube_pipeline.py
[2026-09-21T11:26:24.719+0000] {logging_mixin.py:188} INFO - [2026-09-21T11:26:24.718+0000] {dag.py:3089} INFO - Sync 1 DAGs
[2026-09-21T11:26:24.989+0000] {logging_mixin.py:188} INFO - [2026-09-21T11:26:24.989+0000] {dag.py:3947} INFO - Setting next_dagrun for youtube_english_video_pipeline to 2026-09-20 12:00:00+00:00, run_after=2026-09-21 12:00:00+00:00
[2026-09-21T11:26:25.038+0000] {processor.py:183} INFO - Processing /opt/airflow/dags/youtube_pipeline.py took 0.467 seconds
[2026-09-21T11:26:55.405+0000] {processor.py:161} INFO - Started process (PID=230) to work on /opt/airflow/dags/youtube_pipeline.py
[2026-09-21T11:26:55.407+0000] {processor.py:830} INFO - Processing file /opt/airflow/dags/youtube_pipeline.py for tasks to queue
[2026-09-21T11:26:55.410+0000] {logging_mixin.py:188} INFO - [2026-09-21T11:26:55.410+0000] {dagbag.py:545} INFO - Filling up the DagBag from /opt/airflow/dags/youtube_pipeline.py
[2026-09-21T11:26:55.474+0000] {processor.py:840} INFO - DAG(s) 'youtube_english_video_pipeline' retrieved from /opt/airflow/dags/youtube_pipeline.py
[2026-09-21T11:26:55.717+0000] {logging_mixin.py:188} INFO - [2026-09-21T11:26:55.717+0000] {dag.py:3089} INFO - Sync 1 DAGs
[2026-09-21T11:26:55.751+0000] {logging_mixin.py:188} INFO - [2026-09-21T11:26:55.750+0000] {dag.py:3947} INFO - Setting next_dagrun for youtube_english_video_pipeline to 2026-09-20 12:00:00+00:00, run_after=2026-09-21 12:00:00+00:00
[2026-09-21T11:26:55.787+0000] {processor.py:183} INFO - Processing /opt/airflow/dags/youtube_pipeline.py took 0.392 seconds
[2026-09-21T11:27:26.157+0000] {processor.py:161} INFO - Started process (PID=235) to work on /opt/airflow/dags/youtube_pipeline.py
[2026-09-21T11:27:26.159+0000] {processor.py:830} INFO - Processing file /opt/airflow/dags/youtube_pipeline.py for tasks to queue
[2026-09-21T11:27:26.162+0000] {logging_mixin.py:188} INFO - [2026-09-21T11:27:26.161+0000] {dagbag.py:545} INFO - Filling up the DagBag from /opt/airflow/dags/youtube_pipeline.py
[2026-09-21T11:27:26.444+0000] {processor.py:840} INFO - DAG(s) 'youtube_english_video_pipeline' retrieved from /opt/airflow/dags/youtube_pipeline.py
[2026-09-21T11:27:26.507+0000] {logging_mixin.py:188} INFO - [2026-09-21T11:27:26.507+0000] {dag.py:3089} INFO - Sync 1 DAGs
[2026-09-21T11:27:26.531+0000] {logging_mixin.py:188} INFO - [2026-09-21T11:27:26.531+0000] {dag.py:3947} INFO - Setting next_dagrun for youtube_english_video_pipeline to 2026-09-20 12:00:00+00:00, run_after=2026-09-21 12:00:00+00:00
[2026-09-21T11:27:26.562+0000] {processor.py:183} INFO - Processing /opt/airflow/dags/youtube_pipeline.py took 0.413 seconds
[2026-09-21T11:27:56.914+0000] {processor.py:161} INFO - Started process (PID=473) to work on /opt/airflow/dags/youtube_pipeline.py
[2026-09-21T11:27:56.916+0000] {processor.py:830} INFO - Processing file /opt/airflow/dags/youtube_pipeline.py for tasks to queue
[2026-09-21T11:27:56.920+0000] {logging_mixin.py:188} INFO - [2026-09-21T11:27:56.919+0000] {dagbag.py:545} INFO - Filling up the DagBag from /opt/airflow/dags/youtube_pipeline.py
[2026-09-21T11:27:56.993+0000] {processor.py:840} INFO - DAG(s) 'youtube_english_video_pipeline' retrieved from /opt/airflow/dags/youtube_pipeline.py
[2026-09-21T11:27:57.090+0000] {logging_mixin.py:188} INFO - [2026-09-21T11:27:57.089+0000] {dag.py:3089} INFO - Sync 1 DAGs
[2026-09-21T11:27:57.205+0000] {processor.py:183} INFO - Processing /opt/airflow/dags/youtube_pipeline.py took 0.303 seconds
[2026-09-21T11:28:27.567+0000] {processor.py:161} INFO - Started process (PID=503) to work on /opt/airflow/dags/youtube_pipeline.py
[2026-09-21T11:28:27.569+0000] {processor.py:830} INFO - Processing file /opt/airflow/dags/youtube_pipeline.py for tasks to queue
[2026-09-21T11:28:27.573+0000] {logging_mixin.py:188} INFO - [2026-09-21T11:28:27.572+0000] {dagbag.py:545} INFO - Filling up the DagBag from /opt/airflow/dags/youtube_pipeline.py
[2026-09-21T11:28:27.644+0000] {processor.py:840} INFO - DAG(s) 'youtube_english_video_pipeline' retrieved from /opt/airflow/dags/youtube_pipeline.py
[2026-09-21T11:28:27.706+0000] {logging_mixin.py:188} INFO - [2026-09-21T11:28:27.705+0000] {dag.py:3089} INFO - Sync 1 DAGs
[2026-09-21T11:28:27.780+0000] {processor.py:183} INFO - Processing /opt/airflow/dags/youtube_pipeline.py took 0.224 seconds
[2026-09-21T11:28:58.132+0000] {processor.py:161} INFO - Started process (PID=508) to work on /opt/airflow/dags/youtube_pipeline.py
[2026-09-21T11:28:58.134+0000] {processor.py:830} INFO - Processing file /opt/airflow/dags/youtube_pipeline.py for tasks to queue
[2026-09-21T11:28:58.138+0000] {logging_mixin.py:188} INFO - [2026-09-21T11:28:58.138+0000] {dagbag.py:545} INFO - Filling up the DagBag from /opt/airflow/dags/youtube_pipeline.py
[2026-09-21T11:28:58.201+0000] {processor.py:840} INFO - DAG(s) 'youtube_english_video_pipeline' retrieved from /opt/airflow/dags/youtube_pipeline.py
[2026-09-21T11:28:58.277+0000] {logging_mixin.py:188} INFO - [2026-09-21T11:28:58.276+0000] {dag.py:3089} INFO - Sync 1 DAGs
[2026-09-21T11:28:58.350+0000] {processor.py:183} INFO - Processing /opt/airflow/dags/youtube_pipeline.py took 0.230 seconds
[2026-09-21T11:29:28.740+0000] {processor.py:161} INFO - Started process (PID=513) to work on /opt/airflow/dags/youtube_pipeline.py
[2026-09-21T11:29:28.740+0000] {processor.py:830} INFO - Processing file /opt/airflow/dags/youtube_pipeline.py for tasks to queue
[2026-09-21T11:29:28.742+0000] {logging_mixin.py:188} INFO - [2026-09-21T11:29:28.742+0000] {dagbag.py:545} INFO - Filling up the DagBag from /opt/airflow/dags/youtube_pipeline.py
[2026-09-21T11:29:28.764+0000] {processor.py:840} INFO - DAG(s) 'youtube_english_video_pipeline' retrieved from /opt/airflow/dags/youtube_pipeline.py
[2026-09-21T11:29:28.797+0000] {logging_mixin.py:188} INFO - [2026-09-21T11:29:28.797+0000] {dag.py:3089} INFO - Sync 1 DAGs
[2026-09-21T11:29:28.826+0000] {processor.py:183} INFO - Processing /opt/airflow/dags/youtube_pipeline.py took 0.091 seconds
[2026-09-21T11:29:59.016+0000] {processor.py:161} INFO - Started process (PID=518) to work on /opt/airflow/dags/youtube_pipeline.py
[2026-09-21T11:29:59.017+0000] {processor.py:830} INFO - Processing file /opt/airflow/dags/youtube_pipeline.py for tasks to queue
[2026-09-21T11:29:59.018+0000] {logging_mixin.py:188} INFO - [2026-09-21T11:29:59.018+0000] {dagbag.py:545} INFO - Filling up the DagBag from /opt/airflow/dags/youtube_pipeline.py
[2026-09-21T11:29:59.048+0000] {processor.py:840} INFO - DAG(s) 'youtube_english_video_pipeline' retrieved from /opt/airflow/dags/youtube_pipeline.py
[2026-09-21T11:29:59.079+0000] {logging_mixin.py:188} INFO - [2026-09-21T11:29:59.079+0000] {dag.py:3089} INFO - Sync 1 DAGs
[2026-09-21T11:29:59.105+0000] {processor.py:183} INFO - Processing /opt/airflow/dags/youtube_pipeline.py took 0.095 seconds
[2026-09-21T11:30:29.725+0000] {processor.py:161} INFO - Started process (PID=523) to work on /opt/airflow/dags/youtube_pipeline.py
[2026-09-21T11:30:29.727+0000] {processor.py:830} INFO - Processing file /opt/airflow/dags/youtube_pipeline.py for tasks to queue
[2026-09-21T11:30:29.730+0000] {logging_mixin.py:188} INFO - [2026-09-21T11:30:29.729+0000] {dagbag.py:545} INFO - Filling up the DagBag from /opt/airflow/dags/youtube_pipeline.py
[2026-09-21T11:30:29.766+0000] {processor.py:840} INFO - DAG(s) 'youtube_english_video_pipeline' retrieved from /opt/airflow/dags/youtube_pipeline.py
[2026-09-21T11:30:29.798+0000] {logging_mixin.py:188} INFO - [2026-09-21T11:30:29.797+0000] {dag.py:3089} INFO - Sync 1 DAGs
[2026-09-21T11:30:29.826+0000] {processor.py:183} INFO - Processing /opt/airflow/dags/youtube_pipeline.py took 0.109 seconds
[2026-09-21T11:31:00.232+0000] {processor.py:161} INFO - Started process (PID=528) to work on /opt/airflow/dags/youtube_pipeline.py
[2026-09-21T11:31:00.232+0000] {processor.py:830} INFO - Processing file /opt/airflow/dags/youtube_pipeline.py for tasks to queue
[2026-09-21T11:31:00.236+0000] {logging_mixin.py:188} INFO - [2026-09-21T11:31:00.236+0000] {dagbag.py:545} INFO - Filling up the DagBag from /opt/airflow/dags/youtube_pipeline.py
[2026-09-21T11:31:00.255+0000] {processor.py:840} INFO - DAG(s) 'youtube_english_video_pipeline' retrieved from /opt/airflow/dags/youtube_pipeline.py
[2026-09-21T11:31:00.286+0000] {logging_mixin.py:188} INFO - [2026-09-21T11:31:00.286+0000] {dag.py:3089} INFO - Sync 1 DAGs
[2026-09-21T11:31:00.319+0000] {processor.py:183} INFO - Processing /opt/airflow/dags/youtube_pipeline.py took 0.092 seconds
[2026-09-21T11:31:30.567+0000] {processor.py:161} INFO - Started process (PID=533) to work on /opt/airflow/dags/youtube_pipeline.py
[2026-09-21T11:31:30.568+0000] {processor.py:830} INFO - Processing file /opt/airflow/dags/youtube_pipeline.py for tasks to queue
[2026-09-21T11:31:30.570+0000] {logging_mixin.py:188} INFO - [2026-09-21T11:31:30.569+0000] {dagbag.py:545} INFO - Filling up the DagBag from /opt/airflow/dags/youtube_pipeline.py
[2026-09-21T11:31:30.605+0000] {processor.py:840} INFO - DAG(s) 'youtube_english_video_pipeline' retrieved from /opt/airflow/dags/youtube_pipeline.py
[2026-09-21T11:31:30.637+0000] {logging_mixin.py:188} INFO - [2026-09-21T11:31:30.636+0000] {dag.py:3089} INFO - Sync 1 DAGs
[2026-09-21T11:31:30.665+0000] {processor.py:183} INFO - Processing /opt/airflow/dags/youtube_pipeline.py took 0.107 seconds
[2026-09-21T11:32:00.931+0000] {processor.py:161} INFO - Started process (PID=538) to work on /opt/airflow/dags/youtube_pipeline.py
[2026-09-21T11:32:00.933+0000] {processor.py:830} INFO - Processing file /opt/airflow/dags/youtube_pipeline.py for tasks to queue
[2026-09-21T11:32:00.934+0000] {logging_mixin.py:188} INFO - [2026-09-21T11:32:00.934+0000] {dagbag.py:545} INFO - Filling up the DagBag from /opt/airflow/dags/youtube_pipeline.py
[2026-09-21T11:32:00.990+0000] {processor.py:840} INFO - DAG(s) 'youtube_english_video_pipeline' retrieved from /opt/airflow/dags/youtube_pipeline.py
[2026-09-21T11:32:01.026+0000] {logging_mixin.py:188} INFO - [2026-09-21T11:32:01.025+0000] {dag.py:3089} INFO - Sync 1 DAGs
[2026-09-21T11:32:01.059+0000] {processor.py:183} INFO - Processing /opt/airflow/dags/youtube_pipeline.py took 0.136 seconds
[2026-09-21T11:54:22.225+0000] {processor.py:161} INFO - Started process (PID=543) to work on /opt/airflow/dags/youtube_pipeline.py
[2026-09-21T11:54:22.227+0000] {processor.py:830} INFO - Processing file /opt/airflow/dags/youtube_pipeline.py for tasks to queue
[2026-09-21T11:54:22.229+0000] {logging_mixin.py:188} INFO - [2026-09-21T11:54:22.229+0000] {dagbag.py:545} INFO - Filling up the DagBag from /opt/airflow/dags/youtube_pipeline.py
[2026-09-21T11:54:22.268+0000] {processor.py:840} INFO - DAG(s) 'youtube_english_video_pipeline' retrieved from /opt/airflow/dags/youtube_pipeline.py
[2026-09-21T11:54:22.305+0000] {logging_mixin.py:188} INFO - [2026-09-21T11:54:22.305+0000] {dag.py:3089} INFO - Sync 1 DAGs
[2026-09-21T11:54:22.337+0000] {processor.py:183} INFO - Processing /opt/airflow/dags/youtube_pipeline.py took 0.118 seconds
[2026-09-21T11:54:52.757+0000] {processor.py:161} INFO - Started process (PID=550) to work on /opt/airflow/dags/youtube_pipeline.py
[2026-09-21T11:54:52.758+0000] {processor.py:830} INFO - Processing file /opt/airflow/dags/youtube_pipeline.py for tasks to queue
[2026-09-21T11:54:52.760+0000] {logging_mixin.py:188} INFO - [2026-09-21T11:54:52.760+0000] {dagbag.py:545} INFO - Filling up the DagBag from /opt/airflow/dags/youtube_pipeline.py
[2026-09-21T11:54:52.796+0000] {processor.py:840} INFO - DAG(s) 'youtube_english_video_pipeline' retrieved from /opt/airflow/dags/youtube_pipeline.py
[2026-09-21T11:54:52.827+0000] {logging_mixin.py:188} INFO - [2026-09-21T11:54:52.827+0000] {dag.py:3089} INFO - Sync 1 DAGs
[2026-09-21T11:54:52.854+0000] {processor.py:183} INFO - Processing /opt/airflow/dags/youtube_pipeline.py took 0.103 seconds
[2026-09-21T11:55:23.010+0000] {processor.py:161} INFO - Started process (PID=555) to work on /opt/airflow/dags/youtube_pipeline.py
[2026-09-21T11:55:23.011+0000] {processor.py:830} INFO - Processing file /opt/airflow/dags/youtube_pipeline.py for tasks to queue
[2026-09-21T11:55:23.012+0000] {logging_mixin.py:188} INFO - [2026-09-21T11:55:23.012+0000] {dagbag.py:545} INFO - Filling up the DagBag from /opt/airflow/dags/youtube_pipeline.py
[2026-09-21T11:55:23.031+0000] {processor.py:840} INFO - DAG(s) 'youtube_english_video_pipeline' retrieved from /opt/airflow/dags/youtube_pipeline.py
[2026-09-21T11:55:23.064+0000] {logging_mixin.py:188} INFO - [2026-09-21T11:55:23.064+0000] {dag.py:3089} INFO - Sync 1 DAGs
[2026-09-21T11:55:23.094+0000] {processor.py:183} INFO - Processing /opt/airflow/dags/youtube_pipeline.py took 0.089 seconds
[2026-09-21T11:55:53.375+0000] {processor.py:161} INFO - Started process (PID=560) to work on /opt/airflow/dags/youtube_pipeline.py
[2026-09-21T11:55:53.376+0000] {processor.py:830} INFO - Processing file /opt/airflow/dags/youtube_pipeline.py for tasks to queue
[2026-09-21T11:55:53.378+0000] {logging_mixin.py:188} INFO - [2026-09-21T11:55:53.377+0000] {dagbag.py:545} INFO - Filling up the DagBag from /opt/airflow/dags/youtube_pipeline.py
[2026-09-21T11:55:53.399+0000] {processor.py:840} INFO - DAG(s) 'youtube_english_video_pipeline' retrieved from /opt/airflow/dags/youtube_pipeline.py
[2026-09-21T11:55:53.432+0000] {logging_mixin.py:188} INFO - [2026-09-21T11:55:53.432+0000] {dag.py:3089} INFO - Sync 1 DAGs
[2026-09-21T11:55:53.461+0000] {processor.py:183} INFO - Processing /opt/airflow/dags/youtube_pipeline.py took 0.092 seconds
[2026-09-21T11:56:23.639+0000] {processor.py:161} INFO - Started process (PID=565) to work on /opt/airflow/dags/youtube_pipeline.py
[2026-09-21T11:56:23.640+0000] {processor.py:830} INFO - Processing file /opt/airflow/dags/youtube_pipeline.py for tasks to queue
[2026-09-21T11:56:23.641+0000] {logging_mixin.py:188} INFO - [2026-09-21T11:56:23.641+0000] {dagbag.py:545} INFO - Filling up the DagBag from /opt/airflow/dags/youtube_pipeline.py
[2026-09-21T11:56:23.660+0000] {processor.py:840} INFO - DAG(s) 'youtube_english_video_pipeline' retrieved from /opt/airflow/dags/youtube_pipeline.py
[2026-09-21T11:56:23.691+0000] {logging_mixin.py:188} INFO - [2026-09-21T11:56:23.691+0000] {dag.py:3089} INFO - Sync 1 DAGs
[2026-09-21T11:56:23.720+0000] {processor.py:183} INFO - Processing /opt/airflow/dags/youtube_pipeline.py took 0.086 seconds
[2026-09-21T11:56:53.972+0000] {processor.py:161} INFO - Started process (PID=570) to work on /opt/airflow/dags/youtube_pipeline.py
[2026-09-21T11:56:53.973+0000] {processor.py:830} INFO - Processing file /opt/airflow/dags/youtube_pipeline.py for tasks to queue
[2026-09-21T11:56:53.974+0000] {logging_mixin.py:188} INFO - [2026-09-21T11:56:53.974+0000] {dagbag.py:545} INFO - Filling up the DagBag from /opt/airflow/dags/youtube_pipeline.py
[2026-09-21T11:56:53.994+0000] {processor.py:840} INFO - DAG(s) 'youtube_english_video_pipeline' retrieved from /opt/airflow/dags/youtube_pipeline.py
[2026-09-21T11:56:54.024+0000] {logging_mixin.py:188} INFO - [2026-09-21T11:56:54.024+0000] {dag.py:3089} INFO - Sync 1 DAGs
[2026-09-21T11:56:54.049+0000] {processor.py:183} INFO - Processing /opt/airflow/dags/youtube_pipeline.py took 0.082 seconds
[2026-09-21T11:57:24.240+0000] {processor.py:161} INFO - Started process (PID=575) to work on /opt/airflow/dags/youtube_pipeline.py
[2026-09-21T11:57:24.241+0000] {processor.py:830} INFO - Processing file /opt/airflow/dags/youtube_pipeline.py for tasks to queue
[2026-09-21T11:57:24.243+0000] {logging_mixin.py:188} INFO - [2026-09-21T11:57:24.242+0000] {dagbag.py:545} INFO - Filling up the DagBag from /opt/airflow/dags/youtube_pipeline.py
[2026-09-21T11:57:24.265+0000] {processor.py:840} INFO - DAG(s) 'youtube_english_video_pipeline' retrieved from /opt/airflow/dags/youtube_pipeline.py
[2026-09-21T11:57:24.296+0000] {logging_mixin.py:188} INFO - [2026-09-21T11:57:24.296+0000] {dag.py:3089} INFO - Sync 1 DAGs
[2026-09-21T11:57:24.324+0000] {processor.py:183} INFO - Processing /opt/airflow/dags/youtube_pipeline.py took 0.089 seconds
[2026-09-21T11:57:54.521+0000] {processor.py:161} INFO - Started process (PID=580) to work on /opt/airflow/dags/youtube_pipeline.py
[2026-09-21T11:57:54.523+0000] {processor.py:830} INFO - Processing file /opt/airflow/dags/youtube_pipeline.py for tasks to queue
[2026-09-21T11:57:54.526+0000] {logging_mixin.py:188} INFO - [2026-09-21T11:57:54.525+0000] {dagbag.py:545} INFO - Filling up the DagBag from /opt/airflow/dags/youtube_pipeline.py
[2026-09-21T11:57:54.563+0000] {processor.py:840} INFO - DAG(s) 'youtube_english_video_pipeline' retrieved from /opt/airflow/dags/youtube_pipeline.py
[2026-09-21T11:57:54.599+0000] {logging_mixin.py:188} INFO - [2026-09-21T11:57:54.599+0000] {dag.py:3089} INFO - Sync 1 DAGs
[2026-09-21T11:57:54.631+0000] {processor.py:183} INFO - Processing /opt/airflow/dags/youtube_pipeline.py took 0.122 seconds
[2026-09-21T11:58:24.787+0000] {processor.py:161} INFO - Started process (PID=585) to work on /opt/airflow/dags/youtube_pipeline.py
[2026-09-21T11:58:24.788+0000] {processor.py:830} INFO - Processing file /opt/airflow/dags/youtube_pipeline.py for tasks to queue
[2026-09-21T11:58:24.789+0000] {logging_mixin.py:188} INFO - [2026-09-21T11:58:24.789+0000] {dagbag.py:545} INFO - Filling up the DagBag from /opt/airflow/dags/youtube_pipeline.py
[2026-09-21T11:58:24.808+0000] {processor.py:840} INFO - DAG(s) 'youtube_english_video_pipeline' retrieved from /opt/airflow/dags/youtube_pipeline.py
[2026-09-21T11:58:24.848+0000] {logging_mixin.py:188} INFO - [2026-09-21T11:58:24.848+0000] {dag.py:3089} INFO - Sync 1 DAGs
[2026-09-21T11:58:24.876+0000] {processor.py:183} INFO - Processing /opt/airflow/dags/youtube_pipeline.py took 0.094 seconds
[2026-09-21T11:58:55.251+0000] {processor.py:161} INFO - Started process (PID=590) to work on /opt/airflow/dags/youtube_pipeline.py
[2026-09-21T11:58:55.255+0000] {processor.py:830} INFO - Processing file /opt/airflow/dags/youtube_pipeline.py for tasks to queue
[2026-09-21T11:58:55.258+0000] {logging_mixin.py:188} INFO - [2026-09-21T11:58:55.258+0000] {dagbag.py:545} INFO - Filling up the DagBag from /opt/airflow/dags/youtube_pipeline.py
[2026-09-21T11:58:55.399+0000] {processor.py:840} INFO - DAG(s) 'youtube_english_video_pipeline' retrieved from /opt/airflow/dags/youtube_pipeline.py
[2026-09-21T11:58:55.430+0000] {logging_mixin.py:188} INFO - [2026-09-21T11:58:55.430+0000] {dag.py:3089} INFO - Sync 1 DAGs
[2026-09-21T11:58:55.484+0000] {processor.py:183} INFO - Processing /opt/airflow/dags/youtube_pipeline.py took 0.244 seconds
[2026-09-21T11:59:25.724+0000] {processor.py:161} INFO - Started process (PID=596) to work on /opt/airflow/dags/youtube_pipeline.py
[2026-09-21T11:59:25.726+0000] {processor.py:830} INFO - Processing file /opt/airflow/dags/youtube_pipeline.py for tasks to queue
[2026-09-21T11:59:25.729+0000] {logging_mixin.py:188} INFO - [2026-09-21T11:59:25.729+0000] {dagbag.py:545} INFO - Filling up the DagBag from /opt/airflow/dags/youtube_pipeline.py
[2026-09-21T11:59:25.753+0000] {processor.py:840} INFO - DAG(s) 'youtube_english_video_pipeline' retrieved from /opt/airflow/dags/youtube_pipeline.py
[2026-09-21T11:59:25.786+0000] {logging_mixin.py:188} INFO - [2026-09-21T11:59:25.786+0000] {dag.py:3089} INFO - Sync 1 DAGs
[2026-09-21T11:59:25.814+0000] {processor.py:183} INFO - Processing /opt/airflow/dags/youtube_pipeline.py took 0.097 seconds
[2026-09-21T11:59:55.965+0000] {processor.py:161} INFO - Started process (PID=602) to work on /opt/airflow/dags/youtube_pipeline.py
[2026-09-21T11:59:55.966+0000] {processor.py:830} INFO - Processing file /opt/airflow/dags/youtube_pipeline.py for tasks to queue
[2026-09-21T11:59:55.967+0000] {logging_mixin.py:188} INFO - [2026-09-21T11:59:55.967+0000] {dagbag.py:545} INFO - Filling up the DagBag from /opt/airflow/dags/youtube_pipeline.py
[2026-09-21T11:59:55.987+0000] {processor.py:840} INFO - DAG(s) 'youtube_english_video_pipeline' retrieved from /opt/airflow/dags/youtube_pipeline.py
[2026-09-21T11:59:56.018+0000] {logging_mixin.py:188} INFO - [2026-09-21T11:59:56.018+0000] {dag.py:3089} INFO - Sync 1 DAGs
[2026-09-21T11:59:56.046+0000] {processor.py:183} INFO - Processing /opt/airflow/dags/youtube_pipeline.py took 0.087 seconds
[2026-09-21T12:00:26.345+0000] {processor.py:161} INFO - Started process (PID=607) to work on /opt/airflow/dags/youtube_pipeline.py
[2026-09-21T12:00:26.346+0000] {processor.py:830} INFO - Processing file /opt/airflow/dags/youtube_pipeline.py for tasks to queue
[2026-09-21T12:00:26.349+0000] {logging_mixin.py:188} INFO - [2026-09-21T12:00:26.349+0000] {dagbag.py:545} INFO - Filling up the DagBag from /opt/airflow/dags/youtube_pipeline.py
[2026-09-21T12:00:26.387+0000] {processor.py:840} INFO - DAG(s) 'youtube_english_video_pipeline' retrieved from /opt/airflow/dags/youtube_pipeline.py
[2026-09-21T12:00:26.417+0000] {logging_mixin.py:188} INFO - [2026-09-21T12:00:26.417+0000] {dag.py:3089} INFO - Sync 1 DAGs
[2026-09-21T12:00:26.431+0000] {logging_mixin.py:188} INFO - [2026-09-21T12:00:26.431+0000] {dag.py:3947} INFO - Setting next_dagrun for youtube_english_video_pipeline to 2026-09-20 12:00:00+00:00, run_after=2026-09-21 12:00:00+00:00
[2026-09-21T12:00:26.446+0000] {processor.py:183} INFO - Processing /opt/airflow/dags/youtube_pipeline.py took 0.109 seconds
[2026-09-21T12:00:56.558+0000] {processor.py:161} INFO - Started process (PID=870) to work on /opt/airflow/dags/youtube_pipeline.py
[2026-09-21T12:00:56.558+0000] {processor.py:830} INFO - Processing file /opt/airflow/dags/youtube_pipeline.py for tasks to queue
[2026-09-21T12:00:56.560+0000] {logging_mixin.py:188} INFO - [2026-09-21T12:00:56.560+0000] {dagbag.py:545} INFO - Filling up the DagBag from /opt/airflow/dags/youtube_pipeline.py
[2026-09-21T12:00:56.580+0000] {processor.py:840} INFO - DAG(s) 'youtube_english_video_pipeline' retrieved from /opt/airflow/dags/youtube_pipeline.py
[2026-09-21T12:00:56.610+0000] {logging_mixin.py:188} INFO - [2026-09-21T12:00:56.609+0000] {dag.py:3089} INFO - Sync 1 DAGs
[2026-09-21T12:00:56.636+0000] {processor.py:183} INFO - Processing /opt/airflow/dags/youtube_pipeline.py took 0.084 seconds
[2026-09-21T12:01:26.888+0000] {processor.py:161} INFO - Started process (PID=875) to work on /opt/airflow/dags/youtube_pipeline.py
[2026-09-21T12:01:26.889+0000] {processor.py:830} INFO - Processing file /opt/airflow/dags/youtube_pipeline.py for tasks to queue
[2026-09-21T12:01:26.891+0000] {logging_mixin.py:188} INFO - [2026-09-21T12:01:26.890+0000] {dagbag.py:545} INFO - Filling up the DagBag from /opt/airflow/dags/youtube_pipeline.py
[2026-09-21T12:01:26.913+0000] {processor.py:840} INFO - DAG(s) 'youtube_english_video_pipeline' retrieved from /opt/airflow/dags/youtube_pipeline.py
[2026-09-21T12:01:26.944+0000] {logging_mixin.py:188} INFO - [2026-09-21T12:01:26.944+0000] {dag.py:3089} INFO - Sync 1 DAGs
[2026-09-21T12:01:26.972+0000] {processor.py:183} INFO - Processing /opt/airflow/dags/youtube_pipeline.py took 0.090 seconds
[2026-09-21T12:01:57.140+0000] {processor.py:161} INFO - Started process (PID=880) to work on /opt/airflow/dags/youtube_pipeline.py
[2026-09-21T12:01:57.143+0000] {processor.py:830} INFO - Processing file /opt/airflow/dags/youtube_pipeline.py for tasks to queue
[2026-09-21T12:01:57.145+0000] {logging_mixin.py:188} INFO - [2026-09-21T12:01:57.145+0000] {dagbag.py:545} INFO - Filling up the DagBag from /opt/airflow/dags/youtube_pipeline.py
[2026-09-21T12:01:57.167+0000] {processor.py:840} INFO - DAG(s) 'youtube_english_video_pipeline' retrieved from /opt/airflow/dags/youtube_pipeline.py
[2026-09-21T12:01:57.198+0000] {logging_mixin.py:188} INFO - [2026-09-21T12:01:57.198+0000] {dag.py:3089} INFO - Sync 1 DAGs
[2026-09-21T12:01:57.225+0000] {processor.py:183} INFO - Processing /opt/airflow/dags/youtube_pipeline.py took 0.091 seconds
[2026-09-21T12:02:27.394+0000] {processor.py:161} INFO - Started process (PID=885) to work on /opt/airflow/dags/youtube_pipeline.py
[2026-09-21T12:02:27.396+0000] {processor.py:830} INFO - Processing file /opt/airflow/dags/youtube_pipeline.py for tasks to queue
[2026-09-21T12:02:27.397+0000] {logging_mixin.py:188} INFO - [2026-09-21T12:02:27.397+0000] {dagbag.py:545} INFO - Filling up the DagBag from /opt/airflow/dags/youtube_pipeline.py
[2026-09-21T12:02:27.425+0000] {processor.py:840} INFO - DAG(s) 'youtube_english_video_pipeline' retrieved from /opt/airflow/dags/youtube_pipeline.py
[2026-09-21T12:02:27.462+0000] {logging_mixin.py:188} INFO - [2026-09-21T12:02:27.462+0000] {dag.py:3089} INFO - Sync 1 DAGs
[2026-09-21T12:02:27.496+0000] {processor.py:183} INFO - Processing /opt/airflow/dags/youtube_pipeline.py took 0.107 seconds
[2026-09-21T12:02:57.754+0000] {processor.py:161} INFO - Started process (PID=890) to work on /opt/airflow/dags/youtube_pipeline.py
[2026-09-21T12:02:57.755+0000] {processor.py:830} INFO - Processing file /opt/airflow/dags/youtube_pipeline.py for tasks to queue
[2026-09-21T12:02:57.757+0000] {logging_mixin.py:188} INFO - [2026-09-21T12:02:57.756+0000] {dagbag.py:545} INFO - Filling up the DagBag from /opt/airflow/dags/youtube_pipeline.py
[2026-09-21T12:02:57.777+0000] {processor.py:840} INFO - DAG(s) 'youtube_english_video_pipeline' retrieved from /opt/airflow/dags/youtube_pipeline.py
[2026-09-21T12:02:57.809+0000] {logging_mixin.py:188} INFO - [2026-09-21T12:02:57.809+0000] {dag.py:3089} INFO - Sync 1 DAGs
[2026-09-21T12:02:57.837+0000] {processor.py:183} INFO - Processing /opt/airflow/dags/youtube_pipeline.py took 0.088 seconds
[2026-09-21T12:03:28.091+0000] {processor.py:161} INFO - Started process (PID=895) to work on /opt/airflow/dags/youtube_pipeline.py
[2026-09-21T12:03:28.094+0000] {processor.py:830} INFO - Processing file /opt/airflow/dags/youtube_pipeline.py for tasks to queue
[2026-09-21T12:03:28.099+0000] {logging_mixin.py:188} INFO - [2026-09-21T12:03:28.098+0000] {dagbag.py:545} INFO - Filling up the DagBag from /opt/airflow/dags/youtube_pipeline.py
[2026-09-21T12:03:28.229+0000] {processor.py:840} INFO - DAG(s) 'youtube_english_video_pipeline' retrieved from /opt/airflow/dags/youtube_pipeline.py
[2026-09-21T12:03:28.264+0000] {logging_mixin.py:188} INFO - [2026-09-21T12:03:28.263+0000] {dag.py:3089} INFO - Sync 1 DAGs
[2026-09-21T12:03:28.305+0000] {processor.py:183} INFO - Processing /opt/airflow/dags/youtube_pipeline.py took 0.226 seconds
[2026-09-21T12:03:58.539+0000] {processor.py:161} INFO - Started process (PID=900) to work on /opt/airflow/dags/youtube_pipeline.py
[2026-09-21T12:03:58.540+0000] {processor.py:830} INFO - Processing file /opt/airflow/dags/youtube_pipeline.py for tasks to queue
[2026-09-21T12:03:58.542+0000] {logging_mixin.py:188} INFO - [2026-09-21T12:03:58.542+0000] {dagbag.py:545} INFO - Filling up the DagBag from /opt/airflow/dags/youtube_pipeline.py
[2026-09-21T12:03:58.563+0000] {processor.py:840} INFO - DAG(s) 'youtube_english_video_pipeline' retrieved from /opt/airflow/dags/youtube_pipeline.py
[2026-09-21T12:03:58.596+0000] {logging_mixin.py:188} INFO - [2026-09-21T12:03:58.596+0000] {dag.py:3089} INFO - Sync 1 DAGs
[2026-09-21T12:03:58.623+0000] {processor.py:183} INFO - Processing /opt/airflow/dags/youtube_pipeline.py took 0.089 seconds
[2026-09-21T12:04:28.874+0000] {processor.py:161} INFO - Started process (PID=905) to work on /opt/airflow/dags/youtube_pipeline.py
[2026-09-21T12:04:28.875+0000] {processor.py:830} INFO - Processing file /opt/airflow/dags/youtube_pipeline.py for tasks to queue
[2026-09-21T12:04:28.876+0000] {logging_mixin.py:188} INFO - [2026-09-21T12:04:28.876+0000] {dagbag.py:545} INFO - Filling up the DagBag from /opt/airflow/dags/youtube_pipeline.py
[2026-09-21T12:04:28.897+0000] {processor.py:840} INFO - DAG(s) 'youtube_english_video_pipeline' retrieved from /opt/airflow/dags/youtube_pipeline.py
[2026-09-21T12:04:28.930+0000] {logging_mixin.py:188} INFO - [2026-09-21T12:04:28.929+0000] {dag.py:3089} INFO - Sync 1 DAGs
[2026-09-21T12:04:28.959+0000] {processor.py:183} INFO - Processing /opt/airflow/dags/youtube_pipeline.py took 0.089 seconds
[2026-09-21T12:04:59.167+0000] {processor.py:161} INFO - Started process (PID=910) to work on /opt/airflow/dags/youtube_pipeline.py
[2026-09-21T12:04:59.168+0000] {processor.py:830} INFO - Processing file /opt/airflow/dags/youtube_pipeline.py for tasks to queue
[2026-09-21T12:04:59.170+0000] {logging_mixin.py:188} INFO - [2026-09-21T12:04:59.170+0000] {dagbag.py:545} INFO - Filling up the DagBag from /opt/airflow/dags/youtube_pipeline.py
[2026-09-21T12:04:59.188+0000] {processor.py:840} INFO - DAG(s) 'youtube_english_video_pipeline' retrieved from /opt/airflow/dags/youtube_pipeline.py
[2026-09-21T12:04:59.220+0000] {logging_mixin.py:188} INFO - [2026-09-21T12:04:59.220+0000] {dag.py:3089} INFO - Sync 1 DAGs
[2026-09-21T12:04:59.248+0000] {processor.py:183} INFO - Processing /opt/airflow/dags/youtube_pipeline.py took 0.087 seconds
[2026-09-21T12:05:29.453+0000] {processor.py:161} INFO - Started process (PID=915) to work on /opt/airflow/dags/youtube_pipeline.py
[2026-09-21T12:05:29.454+0000] {processor.py:830} INFO - Processing file /opt/airflow/dags/youtube_pipeline.py for tasks to queue
[2026-09-21T12:05:29.456+0000] {logging_mixin.py:188} INFO - [2026-09-21T12:05:29.455+0000] {dagbag.py:545} INFO - Filling up the DagBag from /opt/airflow/dags/youtube_pipeline.py
[2026-09-21T12:05:29.475+0000] {processor.py:840} INFO - DAG(s) 'youtube_english_video_pipeline' retrieved from /opt/airflow/dags/youtube_pipeline.py
[2026-09-21T12:05:29.507+0000] {logging_mixin.py:188} INFO - [2026-09-21T12:05:29.506+0000] {dag.py:3089} INFO - Sync 1 DAGs
[2026-09-21T12:05:29.534+0000] {processor.py:183} INFO - Processing /opt/airflow/dags/youtube_pipeline.py took 0.086 seconds
[2026-09-21T12:05:59.705+0000] {processor.py:161} INFO - Started process (PID=922) to work on /opt/airflow/dags/youtube_pipeline.py
[2026-09-21T12:05:59.706+0000] {processor.py:830} INFO - Processing file /opt/airflow/dags/youtube_pipeline.py for tasks to queue
[2026-09-21T12:05:59.709+0000] {logging_mixin.py:188} INFO - [2026-09-21T12:05:59.708+0000] {dagbag.py:545} INFO - Filling up the DagBag from /opt/airflow/dags/youtube_pipeline.py
[2026-09-21T12:05:59.739+0000] {processor.py:840} INFO - DAG(s) 'youtube_english_video_pipeline' retrieved from /opt/airflow/dags/youtube_pipeline.py
[2026-09-21T12:05:59.772+0000] {logging_mixin.py:188} INFO - [2026-09-21T12:05:59.772+0000] {dag.py:3089} INFO - Sync 1 DAGs
[2026-09-21T12:05:59.806+0000] {processor.py:183} INFO - Processing /opt/airflow/dags/youtube_pipeline.py took 0.108 seconds
[2026-09-21T12:06:29.979+0000] {processor.py:161} INFO - Started process (PID=927) to work on /opt/airflow/dags/youtube_pipeline.py
[2026-09-21T12:06:29.980+0000] {processor.py:830} INFO - Processing file /opt/airflow/dags/youtube_pipeline.py for tasks to queue
[2026-09-21T12:06:29.982+0000] {logging_mixin.py:188} INFO - [2026-09-21T12:06:29.981+0000] {dagbag.py:545} INFO - Filling up the DagBag from /opt/airflow/dags/youtube_pipeline.py
[2026-09-21T12:06:30.002+0000] {processor.py:840} INFO - DAG(s) 'youtube_english_video_pipeline' retrieved from /opt/airflow/dags/youtube_pipeline.py
[2026-09-21T12:06:30.033+0000] {logging_mixin.py:188} INFO - [2026-09-21T12:06:30.033+0000] {dag.py:3089} INFO - Sync 1 DAGs
[2026-09-21T12:06:30.060+0000] {processor.py:183} INFO - Processing /opt/airflow/dags/youtube_pipeline.py took 0.086 seconds
[2026-09-21T12:07:00.304+0000] {processor.py:161} INFO - Started process (PID=932) to work on /opt/airflow/dags/youtube_pipeline.py
[2026-09-21T12:07:00.305+0000] {processor.py:830} INFO - Processing file /opt/airflow/dags/youtube_pipeline.py for tasks to queue
[2026-09-21T12:07:00.307+0000] {logging_mixin.py:188} INFO - [2026-09-21T12:07:00.306+0000] {dagbag.py:545} INFO - Filling up the DagBag from /opt/airflow/dags/youtube_pipeline.py
[2026-09-21T12:07:00.325+0000] {processor.py:840} INFO - DAG(s) 'youtube_english_video_pipeline' retrieved from /opt/airflow/dags/youtube_pipeline.py
[2026-09-21T12:07:00.353+0000] {logging_mixin.py:188} INFO - [2026-09-21T12:07:00.353+0000] {dag.py:3089} INFO - Sync 1 DAGs
[2026-09-21T12:07:00.382+0000] {processor.py:183} INFO - Processing /opt/airflow/dags/youtube_pipeline.py took 0.082 seconds
[2026-09-21T12:07:30.544+0000] {processor.py:161} INFO - Started process (PID=937) to work on /opt/airflow/dags/youtube_pipeline.py
[2026-09-21T12:07:30.545+0000] {processor.py:830} INFO - Processing file /opt/airflow/dags/youtube_pipeline.py for tasks to queue
[2026-09-21T12:07:30.547+0000] {logging_mixin.py:188} INFO - [2026-09-21T12:07:30.547+0000] {dagbag.py:545} INFO - Filling up the DagBag from /opt/airflow/dags/youtube_pipeline.py
[2026-09-21T12:07:30.576+0000] {processor.py:840} INFO - DAG(s) 'youtube_english_video_pipeline' retrieved from /opt/airflow/dags/youtube_pipeline.py
[2026-09-21T12:07:30.623+0000] {logging_mixin.py:188} INFO - [2026-09-21T12:07:30.623+0000] {dag.py:3089} INFO - Sync 1 DAGs
[2026-09-21T12:07:30.664+0000] {processor.py:183} INFO - Processing /opt/airflow/dags/youtube_pipeline.py took 0.126 seconds
[2026-09-21T12:08:00.955+0000] {processor.py:161} INFO - Started process (PID=942) to work on /opt/airflow/dags/youtube_pipeline.py
[2026-09-21T12:08:00.957+0000] {processor.py:830} INFO - Processing file /opt/airflow/dags/youtube_pipeline.py for tasks to queue
[2026-09-21T12:08:00.959+0000] {logging_mixin.py:188} INFO - [2026-09-21T12:08:00.958+0000] {dagbag.py:545} INFO - Filling up the DagBag from /opt/airflow/dags/youtube_pipeline.py
[2026-09-21T12:08:01.007+0000] {processor.py:840} INFO - DAG(s) 'youtube_english_video_pipeline' retrieved from /opt/airflow/dags/youtube_pipeline.py
[2026-09-21T12:08:01.041+0000] {logging_mixin.py:188} INFO - [2026-09-21T12:08:01.041+0000] {dag.py:3089} INFO - Sync 1 DAGs
[2026-09-21T12:08:01.075+0000] {processor.py:183} INFO - Processing /opt/airflow/dags/youtube_pipeline.py took 0.129 seconds
[2026-09-21T12:08:31.186+0000] {processor.py:161} INFO - Started process (PID=947) to work on /opt/airflow/dags/youtube_pipeline.py
[2026-09-21T12:08:31.187+0000] {processor.py:830} INFO - Processing file /opt/airflow/dags/youtube_pipeline.py for tasks to queue
[2026-09-21T12:08:31.189+0000] {logging_mixin.py:188} INFO - [2026-09-21T12:08:31.189+0000] {dagbag.py:545} INFO - Filling up the DagBag from /opt/airflow/dags/youtube_pipeline.py
[2026-09-21T12:08:31.208+0000] {processor.py:840} INFO - DAG(s) 'youtube_english_video_pipeline' retrieved from /opt/airflow/dags/youtube_pipeline.py
[2026-09-21T12:08:31.239+0000] {logging_mixin.py:188} INFO - [2026-09-21T12:08:31.239+0000] {dag.py:3089} INFO - Sync 1 DAGs
[2026-09-21T12:08:31.265+0000] {processor.py:183} INFO - Processing /opt/airflow/dags/youtube_pipeline.py took 0.083 seconds
[2026-09-21T12:09:01.401+0000] {processor.py:161} INFO - Started process (PID=952) to work on /opt/airflow/dags/youtube_pipeline.py
[2026-09-21T12:09:01.402+0000] {processor.py:830} INFO - Processing file /opt/airflow/dags/youtube_pipeline.py for tasks to queue
[2026-09-21T12:09:01.403+0000] {logging_mixin.py:188} INFO - [2026-09-21T12:09:01.403+0000] {dagbag.py:545} INFO - Filling up the DagBag from /opt/airflow/dags/youtube_pipeline.py
[2026-09-21T12:09:01.424+0000] {processor.py:840} INFO - DAG(s) 'youtube_english_video_pipeline' retrieved from /opt/airflow/dags/youtube_pipeline.py
[2026-09-21T12:09:01.457+0000] {logging_mixin.py:188} INFO - [2026-09-21T12:09:01.457+0000] {dag.py:3089} INFO - Sync 1 DAGs
[2026-09-21T12:09:01.488+0000] {processor.py:183} INFO - Processing /opt/airflow/dags/youtube_pipeline.py took 0.093 seconds
[2026-09-21T12:09:31.785+0000] {processor.py:161} INFO - Started process (PID=957) to work on /opt/airflow/dags/youtube_pipeline.py
[2026-09-21T12:09:31.786+0000] {processor.py:830} INFO - Processing file /opt/airflow/dags/youtube_pipeline.py for tasks to queue
[2026-09-21T12:09:31.787+0000] {logging_mixin.py:188} INFO - [2026-09-21T12:09:31.787+0000] {dagbag.py:545} INFO - Filling up the DagBag from /opt/airflow/dags/youtube_pipeline.py
[2026-09-21T12:09:31.805+0000] {processor.py:840} INFO - DAG(s) 'youtube_english_video_pipeline' retrieved from /opt/airflow/dags/youtube_pipeline.py
[2026-09-21T12:09:31.835+0000] {logging_mixin.py:188} INFO - [2026-09-21T12:09:31.835+0000] {dag.py:3089} INFO - Sync 1 DAGs
[2026-09-21T12:09:31.871+0000] {processor.py:183} INFO - Processing /opt/airflow/dags/youtube_pipeline.py took 0.091 seconds
[2026-09-21T12:10:02.006+0000] {processor.py:161} INFO - Started process (PID=962) to work on /opt/airflow/dags/youtube_pipeline.py
[2026-09-21T12:10:02.007+0000] {processor.py:830} INFO - Processing file /opt/airflow/dags/youtube_pipeline.py for tasks to queue
[2026-09-21T12:10:02.009+0000] {logging_mixin.py:188} INFO - [2026-09-21T12:10:02.008+0000] {dagbag.py:545} INFO - Filling up the DagBag from /opt/airflow/dags/youtube_pipeline.py
[2026-09-21T12:10:02.031+0000] {processor.py:840} INFO - DAG(s) 'youtube_english_video_pipeline' retrieved from /opt/airflow/dags/youtube_pipeline.py
[2026-09-21T12:10:02.064+0000] {logging_mixin.py:188} INFO - [2026-09-21T12:10:02.064+0000] {dag.py:3089} INFO - Sync 1 DAGs
[2026-09-21T12:10:02.094+0000] {processor.py:183} INFO - Processing /opt/airflow/dags/youtube_pipeline.py took 0.094 seconds
