[2026-09-15T00:00:24.246+0000] {processor.py:161} INFO - Started process (PID=361) to work on /opt/airflow/dags/youtube_pipeline.py
[2026-09-15T00:00:24.256+0000] {processor.py:830} INFO - Processing file /opt/airflow/dags/youtube_pipeline.py for tasks to queue
[2026-09-15T00:00:24.266+0000] {logging_mixin.py:188} INFO - [2026-09-15T00:00:24.265+0000] {dagbag.py:545} INFO - Filling up the DagBag from /opt/airflow/dags/youtube_pipeline.py
[2026-09-15T00:00:24.447+0000] {processor.py:840} INFO - DAG(s) 'youtube_english_video_pipeline' retrieved from /opt/airflow/dags/youtube_pipeline.py
[2026-09-15T00:00:27.393+0000] {logging_mixin.py:188} INFO - [2026-09-15T00:00:27.393+0000] {dag.py:3089} INFO - Sync 1 DAGs
[2026-09-15T00:00:27.441+0000] {processor.py:183} INFO - Processing /opt/airflow/dags/youtube_pipeline.py took 3.216 seconds
[2026-09-15T00:00:57.887+0000] {processor.py:161} INFO - Started process (PID=528) to work on /opt/airflow/dags/youtube_pipeline.py
[2026-09-15T00:00:57.893+0000] {processor.py:830} INFO - Processing file /opt/airflow/dags/youtube_pipeline.py for tasks to queue
[2026-09-15T00:00:57.898+0000] {logging_mixin.py:188} INFO - [2026-09-15T00:00:57.897+0000] {dagbag.py:545} INFO - Filling up the DagBag from /opt/airflow/dags/youtube_pipeline.py
[2026-09-15T00:00:58.297+0000] {processor.py:840} INFO - DAG(s) 'youtube_english_video_pipeline' retrieved from /opt/airflow/dags/youtube_pipeline.py
[2026-09-15T00:00:58.339+0000] {logging_mixin.py:188} INFO - [2026-09-15T00:00:58.339+0000] {dag.py:3089} INFO - Sync 1 DAGs
[2026-09-15T00:00:58.407+0000] {processor.py:183} INFO - Processing /opt/airflow/dags/youtube_pipeline.py took 0.538 seconds
[2026-09-15T00:01:28.693+0000] {processor.py:161} INFO - Started process (PID=941) to work on /opt/airflow/dags/youtube_pipeline.py
[2026-09-15T00:01:28.695+0000] {processor.py:830} INFO - Processing file /opt/airflow/dags/youtube_pipeline.py for tasks to queue
[2026-09-15T00:01:28.697+0000] {logging_mixin.py:188} INFO - [2026-09-15T00:01:28.697+0000] {dagbag.py:545} INFO - Filling up the DagBag from /opt/airflow/dags/youtube_pipeline.py
[2026-09-15T00:01:28.756+0000] {processor.py:840} INFO - DAG(s) 'youtube_english_video_pipeline' retrieved from /opt/airflow/dags/youtube_pipeline.py
[2026-09-15T00:01:28.800+0000] {logging_mixin.py:188} INFO - [2026-09-15T00:01:28.799+0000] {dag.py:3089} INFO - Sync 1 DAGs
[2026-09-15T00:01:28.843+0000] {processor.py:183} INFO - Processing /opt/airflow/dags/youtube_pipeline.py took 0.158 seconds
[2026-09-15T00:01:59.076+0000] {processor.py:161} INFO - Started process (PID=1835) to work on /opt/airflow/dags/youtube_pipeline.py
[2026-09-15T00:01:59.078+0000] {processor.py:830} INFO - Processing file /opt/airflow/dags/youtube_pipeline.py for tasks to queue
[2026-09-15T00:01:59.081+0000] {logging_mixin.py:188} INFO - [2026-09-15T00:01:59.081+0000] {dagbag.py:545} INFO - Filling up the DagBag from /opt/airflow/dags/youtube_pipeline.py
[2026-09-15T00:01:59.122+0000] {processor.py:840} INFO - DAG(s) 'youtube_english_video_pipeline' retrieved from /opt/airflow/dags/youtube_pipeline.py
[2026-09-15T00:01:59.159+0000] {logging_mixin.py:188} INFO - [2026-09-15T00:01:59.159+0000] {dag.py:3089} INFO - Sync 1 DAGs
[2026-09-15T00:01:59.199+0000] {processor.py:183} INFO - Processing /opt/airflow/dags/youtube_pipeline.py took 0.130 seconds
[2026-09-15T00:02:29.297+0000] {processor.py:161} INFO - Started process (PID=2763) to work on /opt/airflow/dags/youtube_pipeline.py
[2026-09-15T00:02:29.299+0000] {processor.py:830} INFO - Processing file /opt/airflow/dags/youtube_pipeline.py for tasks to queue
[2026-09-15T00:02:29.302+0000] {logging_mixin.py:188} INFO - [2026-09-15T00:02:29.302+0000] {dagbag.py:545} INFO - Filling up the DagBag from /opt/airflow/dags/youtube_pipeline.py
[2026-09-15T00:02:29.348+0000] {processor.py:840} INFO - DAG(s) 'youtube_english_video_pipeline' retrieved from /opt/airflow/dags/youtube_pipeline.py
[2026-09-15T00:02:29.407+0000] {logging_mixin.py:188} INFO - [2026-09-15T00:02:29.407+0000] {dag.py:3089} INFO - Sync 1 DAGs
[2026-09-15T00:02:29.463+0000] {processor.py:183} INFO - Processing /opt/airflow/dags/youtube_pipeline.py took 0.178 seconds
[2026-09-15T00:02:59.662+0000] {processor.py:161} INFO - Started process (PID=3547) to work on /opt/airflow/dags/youtube_pipeline.py
[2026-09-15T00:02:59.664+0000] {processor.py:830} INFO - Processing file /opt/airflow/dags/youtube_pipeline.py for tasks to queue
[2026-09-15T00:02:59.666+0000] {logging_mixin.py:188} INFO - [2026-09-15T00:02:59.666+0000] {dagbag.py:545} INFO - Filling up the DagBag from /opt/airflow/dags/youtube_pipeline.py
[2026-09-15T00:02:59.721+0000] {processor.py:840} INFO - DAG(s) 'youtube_english_video_pipeline' retrieved from /opt/airflow/dags/youtube_pipeline.py
[2026-09-15T00:02:59.767+0000] {logging_mixin.py:188} INFO - [2026-09-15T00:02:59.767+0000] {dag.py:3089} INFO - Sync 1 DAGs
[2026-09-15T00:02:59.813+0000] {processor.py:183} INFO - Processing /opt/airflow/dags/youtube_pipeline.py took 0.165 seconds
[2026-09-15T00:03:30.070+0000] {processor.py:161} INFO - Started process (PID=3758) to work on /opt/airflow/dags/youtube_pipeline.py
[2026-09-15T00:03:30.075+0000] {processor.py:830} INFO - Processing file /opt/airflow/dags/youtube_pipeline.py for tasks to queue
[2026-09-15T00:03:30.083+0000] {logging_mixin.py:188} INFO - [2026-09-15T00:03:30.082+0000] {dagbag.py:545} INFO - Filling up the DagBag from /opt/airflow/dags/youtube_pipeline.py
[2026-09-15T00:03:30.181+0000] {processor.py:840} INFO - DAG(s) 'youtube_english_video_pipeline' retrieved from /opt/airflow/dags/youtube_pipeline.py
[2026-09-15T00:03:30.268+0000] {logging_mixin.py:188} INFO - [2026-09-15T00:03:30.268+0000] {dag.py:3089} INFO - Sync 1 DAGs
[2026-09-15T00:03:30.349+0000] {processor.py:183} INFO - Processing /opt/airflow/dags/youtube_pipeline.py took 0.293 seconds
[2026-09-15T00:04:00.690+0000] {processor.py:161} INFO - Started process (PID=3789) to work on /opt/airflow/dags/youtube_pipeline.py
[2026-09-15T00:04:00.691+0000] {processor.py:830} INFO - Processing file /opt/airflow/dags/youtube_pipeline.py for tasks to queue
[2026-09-15T00:04:00.693+0000] {logging_mixin.py:188} INFO - [2026-09-15T00:04:00.693+0000] {dagbag.py:545} INFO - Filling up the DagBag from /opt/airflow/dags/youtube_pipeline.py
[2026-09-15T00:04:00.750+0000] {processor.py:840} INFO - DAG(s) 'youtube_english_video_pipeline' retrieved from /opt/airflow/dags/youtube_pipeline.py
[2026-09-15T00:04:00.783+0000] {logging_mixin.py:188} INFO - [2026-09-15T00:04:00.783+0000] {dag.py:3089} INFO - Sync 1 DAGs
[2026-09-15T00:04:00.825+0000] {processor.py:183} INFO - Processing /opt/airflow/dags/youtube_pipeline.py took 0.141 seconds
[2026-09-15T00:04:30.924+0000] {processor.py:161} INFO - Started process (PID=4058) to work on /opt/airflow/dags/youtube_pipeline.py
[2026-09-15T00:04:30.926+0000] {processor.py:830} INFO - Processing file /opt/airflow/dags/youtube_pipeline.py for tasks to queue
[2026-09-15T00:04:30.929+0000] {logging_mixin.py:188} INFO - [2026-09-15T00:04:30.928+0000] {dagbag.py:545} INFO - Filling up the DagBag from /opt/airflow/dags/youtube_pipeline.py
[2026-09-15T00:04:30.999+0000] {processor.py:840} INFO - DAG(s) 'youtube_english_video_pipeline' retrieved from /opt/airflow/dags/youtube_pipeline.py
[2026-09-15T00:04:31.051+0000] {logging_mixin.py:188} INFO - [2026-09-15T00:04:31.051+0000] {dag.py:3089} INFO - Sync 1 DAGs
[2026-09-15T00:04:31.106+0000] {processor.py:183} INFO - Processing /opt/airflow/dags/youtube_pipeline.py took 0.192 seconds
[2026-09-15T00:05:01.289+0000] {processor.py:161} INFO - Started process (PID=4969) to work on /opt/airflow/dags/youtube_pipeline.py
[2026-09-15T00:05:01.291+0000] {processor.py:830} INFO - Processing file /opt/airflow/dags/youtube_pipeline.py for tasks to queue
[2026-09-15T00:05:01.294+0000] {logging_mixin.py:188} INFO - [2026-09-15T00:05:01.293+0000] {dagbag.py:545} INFO - Filling up the DagBag from /opt/airflow/dags/youtube_pipeline.py
[2026-09-15T00:05:01.343+0000] {processor.py:840} INFO - DAG(s) 'youtube_english_video_pipeline' retrieved from /opt/airflow/dags/youtube_pipeline.py
[2026-09-15T00:05:01.390+0000] {logging_mixin.py:188} INFO - [2026-09-15T00:05:01.390+0000] {dag.py:3089} INFO - Sync 1 DAGs
[2026-09-15T00:05:01.432+0000] {processor.py:183} INFO - Processing /opt/airflow/dags/youtube_pipeline.py took 0.153 seconds
[2026-09-15T00:05:31.571+0000] {processor.py:161} INFO - Started process (PID=5877) to work on /opt/airflow/dags/youtube_pipeline.py
[2026-09-15T00:05:31.572+0000] {processor.py:830} INFO - Processing file /opt/airflow/dags/youtube_pipeline.py for tasks to queue
[2026-09-15T00:05:31.574+0000] {logging_mixin.py:188} INFO - [2026-09-15T00:05:31.574+0000] {dagbag.py:545} INFO - Filling up the DagBag from /opt/airflow/dags/youtube_pipeline.py
[2026-09-15T00:05:31.631+0000] {processor.py:840} INFO - DAG(s) 'youtube_english_video_pipeline' retrieved from /opt/airflow/dags/youtube_pipeline.py
[2026-09-15T00:05:31.679+0000] {logging_mixin.py:188} INFO - [2026-09-15T00:05:31.678+0000] {dag.py:3089} INFO - Sync 1 DAGs
[2026-09-15T00:05:31.721+0000] {processor.py:183} INFO - Processing /opt/airflow/dags/youtube_pipeline.py took 0.159 seconds
[2026-09-15T00:06:01.874+0000] {processor.py:161} INFO - Started process (PID=6789) to work on /opt/airflow/dags/youtube_pipeline.py
[2026-09-15T00:06:01.877+0000] {processor.py:830} INFO - Processing file /opt/airflow/dags/youtube_pipeline.py for tasks to queue
[2026-09-15T00:06:01.879+0000] {logging_mixin.py:188} INFO - [2026-09-15T00:06:01.879+0000] {dagbag.py:545} INFO - Filling up the DagBag from /opt/airflow/dags/youtube_pipeline.py
[2026-09-15T00:06:01.920+0000] {processor.py:840} INFO - DAG(s) 'youtube_english_video_pipeline' retrieved from /opt/airflow/dags/youtube_pipeline.py
[2026-09-15T00:06:01.959+0000] {logging_mixin.py:188} INFO - [2026-09-15T00:06:01.959+0000] {dag.py:3089} INFO - Sync 1 DAGs
[2026-09-15T00:06:01.994+0000] {processor.py:183} INFO - Processing /opt/airflow/dags/youtube_pipeline.py took 0.128 seconds
[2026-09-15T00:06:32.329+0000] {processor.py:161} INFO - Started process (PID=7174) to work on /opt/airflow/dags/youtube_pipeline.py
[2026-09-15T00:06:32.332+0000] {processor.py:830} INFO - Processing file /opt/airflow/dags/youtube_pipeline.py for tasks to queue
[2026-09-15T00:06:32.336+0000] {logging_mixin.py:188} INFO - [2026-09-15T00:06:32.335+0000] {dagbag.py:545} INFO - Filling up the DagBag from /opt/airflow/dags/youtube_pipeline.py
[2026-09-15T00:06:32.403+0000] {processor.py:840} INFO - DAG(s) 'youtube_english_video_pipeline' retrieved from /opt/airflow/dags/youtube_pipeline.py
[2026-09-15T00:06:32.481+0000] {logging_mixin.py:188} INFO - [2026-09-15T00:06:32.481+0000] {dag.py:3089} INFO - Sync 1 DAGs
[2026-09-15T00:06:32.563+0000] {processor.py:183} INFO - Processing /opt/airflow/dags/youtube_pipeline.py took 0.245 seconds
[2026-09-15T00:07:02.854+0000] {processor.py:161} INFO - Started process (PID=7205) to work on /opt/airflow/dags/youtube_pipeline.py
[2026-09-15T00:07:02.856+0000] {processor.py:830} INFO - Processing file /opt/airflow/dags/youtube_pipeline.py for tasks to queue
[2026-09-15T00:07:02.860+0000] {logging_mixin.py:188} INFO - [2026-09-15T00:07:02.860+0000] {dagbag.py:545} INFO - Filling up the DagBag from /opt/airflow/dags/youtube_pipeline.py
[2026-09-15T00:07:02.912+0000] {processor.py:840} INFO - DAG(s) 'youtube_english_video_pipeline' retrieved from /opt/airflow/dags/youtube_pipeline.py
[2026-09-15T00:07:02.945+0000] {logging_mixin.py:188} INFO - [2026-09-15T00:07:02.945+0000] {dag.py:3089} INFO - Sync 1 DAGs
[2026-09-15T00:07:02.976+0000] {processor.py:183} INFO - Processing /opt/airflow/dags/youtube_pipeline.py took 0.133 seconds
[2026-09-15T00:07:33.055+0000] {processor.py:161} INFO - Started process (PID=7773) to work on /opt/airflow/dags/youtube_pipeline.py
[2026-09-15T00:07:33.056+0000] {processor.py:830} INFO - Processing file /opt/airflow/dags/youtube_pipeline.py for tasks to queue
[2026-09-15T00:07:33.059+0000] {logging_mixin.py:188} INFO - [2026-09-15T00:07:33.058+0000] {dagbag.py:545} INFO - Filling up the DagBag from /opt/airflow/dags/youtube_pipeline.py
[2026-09-15T00:07:33.103+0000] {processor.py:840} INFO - DAG(s) 'youtube_english_video_pipeline' retrieved from /opt/airflow/dags/youtube_pipeline.py
[2026-09-15T00:07:33.159+0000] {logging_mixin.py:188} INFO - [2026-09-15T00:07:33.159+0000] {dag.py:3089} INFO - Sync 1 DAGs
[2026-09-15T00:07:33.213+0000] {processor.py:183} INFO - Processing /opt/airflow/dags/youtube_pipeline.py took 0.166 seconds
[2026-09-15T00:08:03.449+0000] {processor.py:161} INFO - Started process (PID=8684) to work on /opt/airflow/dags/youtube_pipeline.py
[2026-09-15T00:08:03.450+0000] {processor.py:830} INFO - Processing file /opt/airflow/dags/youtube_pipeline.py for tasks to queue
[2026-09-15T00:08:03.453+0000] {logging_mixin.py:188} INFO - [2026-09-15T00:08:03.452+0000] {dagbag.py:545} INFO - Filling up the DagBag from /opt/airflow/dags/youtube_pipeline.py
[2026-09-15T00:08:03.502+0000] {processor.py:840} INFO - DAG(s) 'youtube_english_video_pipeline' retrieved from /opt/airflow/dags/youtube_pipeline.py
[2026-09-15T00:08:03.547+0000] {logging_mixin.py:188} INFO - [2026-09-15T00:08:03.547+0000] {dag.py:3089} INFO - Sync 1 DAGs
[2026-09-15T00:08:03.592+0000] {processor.py:183} INFO - Processing /opt/airflow/dags/youtube_pipeline.py took 0.151 seconds
[2026-09-15T00:08:33.709+0000] {processor.py:161} INFO - Started process (PID=9595) to work on /opt/airflow/dags/youtube_pipeline.py
[2026-09-15T00:08:33.711+0000] {processor.py:830} INFO - Processing file /opt/airflow/dags/youtube_pipeline.py for tasks to queue
[2026-09-15T00:08:33.719+0000] {logging_mixin.py:188} INFO - [2026-09-15T00:08:33.719+0000] {dagbag.py:545} INFO - Filling up the DagBag from /opt/airflow/dags/youtube_pipeline.py
[2026-09-15T00:08:33.765+0000] {processor.py:840} INFO - DAG(s) 'youtube_english_video_pipeline' retrieved from /opt/airflow/dags/youtube_pipeline.py
[2026-09-15T00:08:33.811+0000] {logging_mixin.py:188} INFO - [2026-09-15T00:08:33.811+0000] {dag.py:3089} INFO - Sync 1 DAGs
[2026-09-15T00:08:33.856+0000] {processor.py:183} INFO - Processing /opt/airflow/dags/youtube_pipeline.py took 0.156 seconds
[2026-09-15T00:09:03.975+0000] {processor.py:161} INFO - Started process (PID=10507) to work on /opt/airflow/dags/youtube_pipeline.py
[2026-09-15T00:09:03.976+0000] {processor.py:830} INFO - Processing file /opt/airflow/dags/youtube_pipeline.py for tasks to queue
[2026-09-15T00:09:03.978+0000] {logging_mixin.py:188} INFO - [2026-09-15T00:09:03.977+0000] {dagbag.py:545} INFO - Filling up the DagBag from /opt/airflow/dags/youtube_pipeline.py
[2026-09-15T00:09:04.012+0000] {processor.py:840} INFO - DAG(s) 'youtube_english_video_pipeline' retrieved from /opt/airflow/dags/youtube_pipeline.py
[2026-09-15T00:09:04.042+0000] {logging_mixin.py:188} INFO - [2026-09-15T00:09:04.041+0000] {dag.py:3089} INFO - Sync 1 DAGs
[2026-09-15T00:09:04.072+0000] {processor.py:183} INFO - Processing /opt/airflow/dags/youtube_pipeline.py took 0.103 seconds
[2026-09-15T00:09:34.292+0000] {processor.py:161} INFO - Started process (PID=10612) to work on /opt/airflow/dags/youtube_pipeline.py
[2026-09-15T00:09:34.294+0000] {processor.py:830} INFO - Processing file /opt/airflow/dags/youtube_pipeline.py for tasks to queue
[2026-09-15T00:09:34.296+0000] {logging_mixin.py:188} INFO - [2026-09-15T00:09:34.296+0000] {dagbag.py:545} INFO - Filling up the DagBag from /opt/airflow/dags/youtube_pipeline.py
[2026-09-15T00:09:34.330+0000] {processor.py:840} INFO - DAG(s) 'youtube_english_video_pipeline' retrieved from /opt/airflow/dags/youtube_pipeline.py
[2026-09-15T00:09:34.362+0000] {logging_mixin.py:188} INFO - [2026-09-15T00:09:34.362+0000] {dag.py:3089} INFO - Sync 1 DAGs
[2026-09-15T00:09:34.391+0000] {processor.py:183} INFO - Processing /opt/airflow/dags/youtube_pipeline.py took 0.104 seconds
[2026-09-15T00:10:04.489+0000] {processor.py:161} INFO - Started process (PID=10647) to work on /opt/airflow/dags/youtube_pipeline.py
[2026-09-15T00:10:04.490+0000] {processor.py:830} INFO - Processing file /opt/airflow/dags/youtube_pipeline.py for tasks to queue
[2026-09-15T00:10:04.492+0000] {logging_mixin.py:188} INFO - [2026-09-15T00:10:04.491+0000] {dagbag.py:545} INFO - Filling up the DagBag from /opt/airflow/dags/youtube_pipeline.py
[2026-09-15T00:10:04.510+0000] {processor.py:840} INFO - DAG(s) 'youtube_english_video_pipeline' retrieved from /opt/airflow/dags/youtube_pipeline.py
[2026-09-15T00:10:04.538+0000] {logging_mixin.py:188} INFO - [2026-09-15T00:10:04.538+0000] {dag.py:3089} INFO - Sync 1 DAGs
[2026-09-15T00:10:04.571+0000] {processor.py:183} INFO - Processing /opt/airflow/dags/youtube_pipeline.py took 0.089 seconds
[2026-09-15T00:10:34.836+0000] {processor.py:161} INFO - Started process (PID=10819) to work on /opt/airflow/dags/youtube_pipeline.py
[2026-09-15T00:10:34.838+0000] {processor.py:830} INFO - Processing file /opt/airflow/dags/youtube_pipeline.py for tasks to queue
[2026-09-15T00:10:34.844+0000] {logging_mixin.py:188} INFO - [2026-09-15T00:10:34.843+0000] {dagbag.py:545} INFO - Filling up the DagBag from /opt/airflow/dags/youtube_pipeline.py
[2026-09-15T00:10:34.890+0000] {processor.py:840} INFO - DAG(s) 'youtube_english_video_pipeline' retrieved from /opt/airflow/dags/youtube_pipeline.py
[2026-09-15T00:10:34.931+0000] {logging_mixin.py:188} INFO - [2026-09-15T00:10:34.931+0000] {dag.py:3089} INFO - Sync 1 DAGs
[2026-09-15T00:10:34.965+0000] {processor.py:183} INFO - Processing /opt/airflow/dags/youtube_pipeline.py took 0.140 seconds
[2026-09-15T00:11:05.062+0000] {processor.py:161} INFO - Started process (PID=11407) to work on /opt/airflow/dags/youtube_pipeline.py
[2026-09-15T00:11:05.064+0000] {processor.py:830} INFO - Processing file /opt/airflow/dags/youtube_pipeline.py for tasks to queue
[2026-09-15T00:11:05.068+0000] {logging_mixin.py:188} INFO - [2026-09-15T00:11:05.068+0000] {dagbag.py:545} INFO - Filling up the DagBag from /opt/airflow/dags/youtube_pipeline.py
[2026-09-15T00:11:05.126+0000] {processor.py:840} INFO - DAG(s) 'youtube_english_video_pipeline' retrieved from /opt/airflow/dags/youtube_pipeline.py
[2026-09-15T00:11:05.167+0000] {logging_mixin.py:188} INFO - [2026-09-15T00:11:05.167+0000] {dag.py:3089} INFO - Sync 1 DAGs
[2026-09-15T00:11:05.199+0000] {processor.py:183} INFO - Processing /opt/airflow/dags/youtube_pipeline.py took 0.146 seconds
[2026-09-15T00:11:35.573+0000] {processor.py:161} INFO - Started process (PID=12445) to work on /opt/airflow/dags/youtube_pipeline.py
[2026-09-15T00:11:35.701+0000] {processor.py:830} INFO - Processing file /opt/airflow/dags/youtube_pipeline.py for tasks to queue
[2026-09-15T00:11:35.705+0000] {logging_mixin.py:188} INFO - [2026-09-15T00:11:35.704+0000] {dagbag.py:545} INFO - Filling up the DagBag from /opt/airflow/dags/youtube_pipeline.py
[2026-09-15T00:11:35.842+0000] {processor.py:840} INFO - DAG(s) 'youtube_english_video_pipeline' retrieved from /opt/airflow/dags/youtube_pipeline.py
[2026-09-15T00:11:35.883+0000] {logging_mixin.py:188} INFO - [2026-09-15T00:11:35.883+0000] {dag.py:3089} INFO - Sync 1 DAGs
[2026-09-15T00:11:36.098+0000] {processor.py:183} INFO - Processing /opt/airflow/dags/youtube_pipeline.py took 0.535 seconds
[2026-09-15T00:12:06.754+0000] {processor.py:161} INFO - Started process (PID=13205) to work on /opt/airflow/dags/youtube_pipeline.py
[2026-09-15T00:12:06.756+0000] {processor.py:830} INFO - Processing file /opt/airflow/dags/youtube_pipeline.py for tasks to queue
[2026-09-15T00:12:06.759+0000] {logging_mixin.py:188} INFO - [2026-09-15T00:12:06.759+0000] {dagbag.py:545} INFO - Filling up the DagBag from /opt/airflow/dags/youtube_pipeline.py
[2026-09-15T00:12:06.814+0000] {processor.py:840} INFO - DAG(s) 'youtube_english_video_pipeline' retrieved from /opt/airflow/dags/youtube_pipeline.py
[2026-09-15T00:12:06.866+0000] {logging_mixin.py:188} INFO - [2026-09-15T00:12:06.866+0000] {dag.py:3089} INFO - Sync 1 DAGs
[2026-09-15T00:12:06.932+0000] {processor.py:183} INFO - Processing /opt/airflow/dags/youtube_pipeline.py took 0.185 seconds
[2026-09-15T00:12:37.037+0000] {processor.py:161} INFO - Started process (PID=13965) to work on /opt/airflow/dags/youtube_pipeline.py
[2026-09-15T00:12:37.038+0000] {processor.py:830} INFO - Processing file /opt/airflow/dags/youtube_pipeline.py for tasks to queue
[2026-09-15T00:12:37.041+0000] {logging_mixin.py:188} INFO - [2026-09-15T00:12:37.041+0000] {dagbag.py:545} INFO - Filling up the DagBag from /opt/airflow/dags/youtube_pipeline.py
[2026-09-15T00:12:37.086+0000] {processor.py:840} INFO - DAG(s) 'youtube_english_video_pipeline' retrieved from /opt/airflow/dags/youtube_pipeline.py
[2026-09-15T00:12:37.120+0000] {logging_mixin.py:188} INFO - [2026-09-15T00:12:37.120+0000] {dag.py:3089} INFO - Sync 1 DAGs
[2026-09-15T00:12:37.154+0000] {processor.py:183} INFO - Processing /opt/airflow/dags/youtube_pipeline.py took 0.123 seconds
[2026-09-15T00:13:07.587+0000] {processor.py:161} INFO - Started process (PID=14049) to work on /opt/airflow/dags/youtube_pipeline.py
[2026-09-15T00:13:07.589+0000] {processor.py:830} INFO - Processing file /opt/airflow/dags/youtube_pipeline.py for tasks to queue
[2026-09-15T00:13:07.595+0000] {logging_mixin.py:188} INFO - [2026-09-15T00:13:07.594+0000] {dagbag.py:545} INFO - Filling up the DagBag from /opt/airflow/dags/youtube_pipeline.py
[2026-09-15T00:13:07.665+0000] {processor.py:840} INFO - DAG(s) 'youtube_english_video_pipeline' retrieved from /opt/airflow/dags/youtube_pipeline.py
[2026-09-15T00:13:07.753+0000] {logging_mixin.py:188} INFO - [2026-09-15T00:13:07.753+0000] {dag.py:3089} INFO - Sync 1 DAGs
[2026-09-15T00:13:07.845+0000] {processor.py:183} INFO - Processing /opt/airflow/dags/youtube_pipeline.py took 0.270 seconds
[2026-09-15T00:13:38.129+0000] {processor.py:161} INFO - Started process (PID=14103) to work on /opt/airflow/dags/youtube_pipeline.py
[2026-09-15T00:13:38.131+0000] {processor.py:830} INFO - Processing file /opt/airflow/dags/youtube_pipeline.py for tasks to queue
[2026-09-15T00:13:38.133+0000] {logging_mixin.py:188} INFO - [2026-09-15T00:13:38.132+0000] {dagbag.py:545} INFO - Filling up the DagBag from /opt/airflow/dags/youtube_pipeline.py
[2026-09-15T00:13:38.188+0000] {processor.py:840} INFO - DAG(s) 'youtube_english_video_pipeline' retrieved from /opt/airflow/dags/youtube_pipeline.py
[2026-09-15T00:13:38.223+0000] {logging_mixin.py:188} INFO - [2026-09-15T00:13:38.223+0000] {dag.py:3089} INFO - Sync 1 DAGs
[2026-09-15T00:13:38.257+0000] {processor.py:183} INFO - Processing /opt/airflow/dags/youtube_pipeline.py took 0.134 seconds
[2026-09-15T00:14:08.400+0000] {processor.py:161} INFO - Started process (PID=14123) to work on /opt/airflow/dags/youtube_pipeline.py
[2026-09-15T00:14:08.402+0000] {processor.py:830} INFO - Processing file /opt/airflow/dags/youtube_pipeline.py for tasks to queue
[2026-09-15T00:14:08.405+0000] {logging_mixin.py:188} INFO - [2026-09-15T00:14:08.405+0000] {dagbag.py:545} INFO - Filling up the DagBag from /opt/airflow/dags/youtube_pipeline.py
[2026-09-15T00:14:08.458+0000] {processor.py:840} INFO - DAG(s) 'youtube_english_video_pipeline' retrieved from /opt/airflow/dags/youtube_pipeline.py
[2026-09-15T00:14:08.512+0000] {logging_mixin.py:188} INFO - [2026-09-15T00:14:08.512+0000] {dag.py:3089} INFO - Sync 1 DAGs
[2026-09-15T00:14:08.561+0000] {processor.py:183} INFO - Processing /opt/airflow/dags/youtube_pipeline.py took 0.173 seconds
[2026-09-15T00:14:38.804+0000] {processor.py:161} INFO - Started process (PID=14359) to work on /opt/airflow/dags/youtube_pipeline.py
[2026-09-15T00:14:38.806+0000] {processor.py:830} INFO - Processing file /opt/airflow/dags/youtube_pipeline.py for tasks to queue
[2026-09-15T00:14:38.810+0000] {logging_mixin.py:188} INFO - [2026-09-15T00:14:38.809+0000] {dagbag.py:545} INFO - Filling up the DagBag from /opt/airflow/dags/youtube_pipeline.py
[2026-09-15T00:14:38.865+0000] {processor.py:840} INFO - DAG(s) 'youtube_english_video_pipeline' retrieved from /opt/airflow/dags/youtube_pipeline.py
[2026-09-15T00:14:38.901+0000] {logging_mixin.py:188} INFO - [2026-09-15T00:14:38.901+0000] {dag.py:3089} INFO - Sync 1 DAGs
[2026-09-15T00:14:38.931+0000] {processor.py:183} INFO - Processing /opt/airflow/dags/youtube_pipeline.py took 0.148 seconds
[2026-09-15T00:15:09.168+0000] {processor.py:161} INFO - Started process (PID=14849) to work on /opt/airflow/dags/youtube_pipeline.py
[2026-09-15T00:15:09.169+0000] {processor.py:830} INFO - Processing file /opt/airflow/dags/youtube_pipeline.py for tasks to queue
[2026-09-15T00:15:09.171+0000] {logging_mixin.py:188} INFO - [2026-09-15T00:15:09.170+0000] {dagbag.py:545} INFO - Filling up the DagBag from /opt/airflow/dags/youtube_pipeline.py
[2026-09-15T00:15:09.208+0000] {processor.py:840} INFO - DAG(s) 'youtube_english_video_pipeline' retrieved from /opt/airflow/dags/youtube_pipeline.py
[2026-09-15T00:15:09.241+0000] {logging_mixin.py:188} INFO - [2026-09-15T00:15:09.241+0000] {dag.py:3089} INFO - Sync 1 DAGs
[2026-09-15T00:15:09.274+0000] {processor.py:183} INFO - Processing /opt/airflow/dags/youtube_pipeline.py took 0.112 seconds
[2026-09-15T00:15:39.360+0000] {processor.py:161} INFO - Started process (PID=15907) to work on /opt/airflow/dags/youtube_pipeline.py
[2026-09-15T00:15:39.362+0000] {processor.py:830} INFO - Processing file /opt/airflow/dags/youtube_pipeline.py for tasks to queue
[2026-09-15T00:15:39.367+0000] {logging_mixin.py:188} INFO - [2026-09-15T00:15:39.366+0000] {dagbag.py:545} INFO - Filling up the DagBag from /opt/airflow/dags/youtube_pipeline.py
[2026-09-15T00:15:39.419+0000] {processor.py:840} INFO - DAG(s) 'youtube_english_video_pipeline' retrieved from /opt/airflow/dags/youtube_pipeline.py
[2026-09-15T00:15:39.483+0000] {logging_mixin.py:188} INFO - [2026-09-15T00:15:39.483+0000] {dag.py:3089} INFO - Sync 1 DAGs
[2026-09-15T00:15:39.545+0000] {processor.py:183} INFO - Processing /opt/airflow/dags/youtube_pipeline.py took 0.194 seconds
[2026-09-15T00:16:09.678+0000] {processor.py:161} INFO - Started process (PID=16822) to work on /opt/airflow/dags/youtube_pipeline.py
[2026-09-15T00:16:09.679+0000] {processor.py:830} INFO - Processing file /opt/airflow/dags/youtube_pipeline.py for tasks to queue
[2026-09-15T00:16:09.681+0000] {logging_mixin.py:188} INFO - [2026-09-15T00:16:09.681+0000] {dagbag.py:545} INFO - Filling up the DagBag from /opt/airflow/dags/youtube_pipeline.py
[2026-09-15T00:16:09.729+0000] {processor.py:840} INFO - DAG(s) 'youtube_english_video_pipeline' retrieved from /opt/airflow/dags/youtube_pipeline.py
[2026-09-15T00:16:09.763+0000] {logging_mixin.py:188} INFO - [2026-09-15T00:16:09.763+0000] {dag.py:3089} INFO - Sync 1 DAGs
[2026-09-15T00:16:09.795+0000] {processor.py:183} INFO - Processing /opt/airflow/dags/youtube_pipeline.py took 0.122 seconds
[2026-09-15T00:16:40.086+0000] {processor.py:161} INFO - Started process (PID=17506) to work on /opt/airflow/dags/youtube_pipeline.py
[2026-09-15T00:16:40.088+0000] {processor.py:830} INFO - Processing file /opt/airflow/dags/youtube_pipeline.py for tasks to queue
[2026-09-15T00:16:40.092+0000] {logging_mixin.py:188} INFO - [2026-09-15T00:16:40.091+0000] {dagbag.py:545} INFO - Filling up the DagBag from /opt/airflow/dags/youtube_pipeline.py
[2026-09-15T00:16:40.139+0000] {processor.py:840} INFO - DAG(s) 'youtube_english_video_pipeline' retrieved from /opt/airflow/dags/youtube_pipeline.py
[2026-09-15T00:16:40.209+0000] {logging_mixin.py:188} INFO - [2026-09-15T00:16:40.209+0000] {dag.py:3089} INFO - Sync 1 DAGs
[2026-09-15T00:16:40.264+0000] {processor.py:183} INFO - Processing /opt/airflow/dags/youtube_pipeline.py took 0.189 seconds
[2026-09-15T00:17:10.615+0000] {processor.py:161} INFO - Started process (PID=17537) to work on /opt/airflow/dags/youtube_pipeline.py
[2026-09-15T00:17:10.621+0000] {processor.py:830} INFO - Processing file /opt/airflow/dags/youtube_pipeline.py for tasks to queue
[2026-09-15T00:17:10.626+0000] {logging_mixin.py:188} INFO - [2026-09-15T00:17:10.626+0000] {dagbag.py:545} INFO - Filling up the DagBag from /opt/airflow/dags/youtube_pipeline.py
[2026-09-15T00:17:10.693+0000] {processor.py:840} INFO - DAG(s) 'youtube_english_video_pipeline' retrieved from /opt/airflow/dags/youtube_pipeline.py
[2026-09-15T00:17:10.727+0000] {logging_mixin.py:188} INFO - [2026-09-15T00:17:10.727+0000] {dag.py:3089} INFO - Sync 1 DAGs
[2026-09-15T00:17:10.761+0000] {processor.py:183} INFO - Processing /opt/airflow/dags/youtube_pipeline.py took 0.153 seconds
[2026-09-15T00:17:41.166+0000] {processor.py:161} INFO - Started process (PID=17575) to work on /opt/airflow/dags/youtube_pipeline.py
[2026-09-15T00:17:41.640+0000] {processor.py:830} INFO - Processing file /opt/airflow/dags/youtube_pipeline.py for tasks to queue
[2026-09-15T00:17:41.642+0000] {logging_mixin.py:188} INFO - [2026-09-15T00:17:41.642+0000] {dagbag.py:545} INFO - Filling up the DagBag from /opt/airflow/dags/youtube_pipeline.py
[2026-09-15T00:17:41.711+0000] {processor.py:840} INFO - DAG(s) 'youtube_english_video_pipeline' retrieved from /opt/airflow/dags/youtube_pipeline.py
[2026-09-15T00:17:41.749+0000] {logging_mixin.py:188} INFO - [2026-09-15T00:17:41.748+0000] {dag.py:3089} INFO - Sync 1 DAGs
[2026-09-15T00:17:41.792+0000] {processor.py:183} INFO - Processing /opt/airflow/dags/youtube_pipeline.py took 0.630 seconds
[2026-09-15T00:18:12.055+0000] {processor.py:161} INFO - Started process (PID=17844) to work on /opt/airflow/dags/youtube_pipeline.py
[2026-09-15T00:18:12.056+0000] {processor.py:830} INFO - Processing file /opt/airflow/dags/youtube_pipeline.py for tasks to queue
[2026-09-15T00:18:12.059+0000] {logging_mixin.py:188} INFO - [2026-09-15T00:18:12.059+0000] {dagbag.py:545} INFO - Filling up the DagBag from /opt/airflow/dags/youtube_pipeline.py
[2026-09-15T00:18:12.109+0000] {processor.py:840} INFO - DAG(s) 'youtube_english_video_pipeline' retrieved from /opt/airflow/dags/youtube_pipeline.py
[2026-09-15T00:18:12.141+0000] {logging_mixin.py:188} INFO - [2026-09-15T00:18:12.141+0000] {dag.py:3089} INFO - Sync 1 DAGs
[2026-09-15T00:18:12.173+0000] {processor.py:183} INFO - Processing /opt/airflow/dags/youtube_pipeline.py took 0.128 seconds
[2026-09-15T00:18:42.338+0000] {processor.py:161} INFO - Started process (PID=17851) to work on /opt/airflow/dags/youtube_pipeline.py
[2026-09-15T00:18:42.339+0000] {processor.py:830} INFO - Processing file /opt/airflow/dags/youtube_pipeline.py for tasks to queue
[2026-09-15T00:18:42.341+0000] {logging_mixin.py:188} INFO - [2026-09-15T00:18:42.340+0000] {dagbag.py:545} INFO - Filling up the DagBag from /opt/airflow/dags/youtube_pipeline.py
[2026-09-15T00:18:42.464+0000] {processor.py:840} INFO - DAG(s) 'youtube_english_video_pipeline' retrieved from /opt/airflow/dags/youtube_pipeline.py
[2026-09-15T00:18:42.496+0000] {logging_mixin.py:188} INFO - [2026-09-15T00:18:42.496+0000] {dag.py:3089} INFO - Sync 1 DAGs
[2026-09-15T00:18:42.530+0000] {processor.py:183} INFO - Processing /opt/airflow/dags/youtube_pipeline.py took 0.198 seconds
[2026-09-15T00:19:12.727+0000] {processor.py:161} INFO - Started process (PID=17856) to work on /opt/airflow/dags/youtube_pipeline.py
[2026-09-15T00:19:12.731+0000] {processor.py:830} INFO - Processing file /opt/airflow/dags/youtube_pipeline.py for tasks to queue
[2026-09-15T00:19:12.736+0000] {logging_mixin.py:188} INFO - [2026-09-15T00:19:12.735+0000] {dagbag.py:545} INFO - Filling up the DagBag from /opt/airflow/dags/youtube_pipeline.py
[2026-09-15T00:19:12.783+0000] {processor.py:840} INFO - DAG(s) 'youtube_english_video_pipeline' retrieved from /opt/airflow/dags/youtube_pipeline.py
[2026-09-15T00:19:12.818+0000] {logging_mixin.py:188} INFO - [2026-09-15T00:19:12.818+0000] {dag.py:3089} INFO - Sync 1 DAGs
[2026-09-15T00:19:12.851+0000] {processor.py:183} INFO - Processing /opt/airflow/dags/youtube_pipeline.py took 0.136 seconds
[2026-09-15T00:19:43.053+0000] {processor.py:161} INFO - Started process (PID=17861) to work on /opt/airflow/dags/youtube_pipeline.py
[2026-09-15T00:19:43.054+0000] {processor.py:830} INFO - Processing file /opt/airflow/dags/youtube_pipeline.py for tasks to queue
[2026-09-15T00:19:43.056+0000] {logging_mixin.py:188} INFO - [2026-09-15T00:19:43.056+0000] {dagbag.py:545} INFO - Filling up the DagBag from /opt/airflow/dags/youtube_pipeline.py
[2026-09-15T00:19:43.105+0000] {processor.py:840} INFO - DAG(s) 'youtube_english_video_pipeline' retrieved from /opt/airflow/dags/youtube_pipeline.py
[2026-09-15T00:19:43.139+0000] {logging_mixin.py:188} INFO - [2026-09-15T00:19:43.139+0000] {dag.py:3089} INFO - Sync 1 DAGs
[2026-09-15T00:19:43.168+0000] {processor.py:183} INFO - Processing /opt/airflow/dags/youtube_pipeline.py took 0.122 seconds
[2026-09-15T00:20:13.375+0000] {processor.py:161} INFO - Started process (PID=17866) to work on /opt/airflow/dags/youtube_pipeline.py
[2026-09-15T00:20:13.376+0000] {processor.py:830} INFO - Processing file /opt/airflow/dags/youtube_pipeline.py for tasks to queue
[2026-09-15T00:20:13.378+0000] {logging_mixin.py:188} INFO - [2026-09-15T00:20:13.377+0000] {dagbag.py:545} INFO - Filling up the DagBag from /opt/airflow/dags/youtube_pipeline.py
[2026-09-15T00:20:13.407+0000] {processor.py:840} INFO - DAG(s) 'youtube_english_video_pipeline' retrieved from /opt/airflow/dags/youtube_pipeline.py
[2026-09-15T00:20:13.440+0000] {logging_mixin.py:188} INFO - [2026-09-15T00:20:13.439+0000] {dag.py:3089} INFO - Sync 1 DAGs
[2026-09-15T00:20:13.469+0000] {processor.py:183} INFO - Processing /opt/airflow/dags/youtube_pipeline.py took 0.100 seconds
[2026-09-15T00:20:43.644+0000] {processor.py:161} INFO - Started process (PID=17871) to work on /opt/airflow/dags/youtube_pipeline.py
[2026-09-15T00:20:43.645+0000] {processor.py:830} INFO - Processing file /opt/airflow/dags/youtube_pipeline.py for tasks to queue
[2026-09-15T00:20:43.647+0000] {logging_mixin.py:188} INFO - [2026-09-15T00:20:43.647+0000] {dagbag.py:545} INFO - Filling up the DagBag from /opt/airflow/dags/youtube_pipeline.py
[2026-09-15T00:20:43.686+0000] {processor.py:840} INFO - DAG(s) 'youtube_english_video_pipeline' retrieved from /opt/airflow/dags/youtube_pipeline.py
[2026-09-15T00:20:43.731+0000] {logging_mixin.py:188} INFO - [2026-09-15T00:20:43.731+0000] {dag.py:3089} INFO - Sync 1 DAGs
[2026-09-15T00:20:43.768+0000] {processor.py:183} INFO - Processing /opt/airflow/dags/youtube_pipeline.py took 0.130 seconds
[2026-09-15T00:21:13.985+0000] {processor.py:161} INFO - Started process (PID=17876) to work on /opt/airflow/dags/youtube_pipeline.py
[2026-09-15T00:21:13.986+0000] {processor.py:830} INFO - Processing file /opt/airflow/dags/youtube_pipeline.py for tasks to queue
[2026-09-15T00:21:13.988+0000] {logging_mixin.py:188} INFO - [2026-09-15T00:21:13.987+0000] {dagbag.py:545} INFO - Filling up the DagBag from /opt/airflow/dags/youtube_pipeline.py
[2026-09-15T00:21:14.007+0000] {processor.py:840} INFO - DAG(s) 'youtube_english_video_pipeline' retrieved from /opt/airflow/dags/youtube_pipeline.py
[2026-09-15T00:21:14.035+0000] {logging_mixin.py:188} INFO - [2026-09-15T00:21:14.035+0000] {dag.py:3089} INFO - Sync 1 DAGs
[2026-09-15T00:21:14.062+0000] {processor.py:183} INFO - Processing /opt/airflow/dags/youtube_pipeline.py took 0.082 seconds
[2026-09-15T00:21:44.251+0000] {processor.py:161} INFO - Started process (PID=17881) to work on /opt/airflow/dags/youtube_pipeline.py
[2026-09-15T00:21:44.252+0000] {processor.py:830} INFO - Processing file /opt/airflow/dags/youtube_pipeline.py for tasks to queue
[2026-09-15T00:21:44.254+0000] {logging_mixin.py:188} INFO - [2026-09-15T00:21:44.253+0000] {dagbag.py:545} INFO - Filling up the DagBag from /opt/airflow/dags/youtube_pipeline.py
[2026-09-15T00:21:44.275+0000] {processor.py:840} INFO - DAG(s) 'youtube_english_video_pipeline' retrieved from /opt/airflow/dags/youtube_pipeline.py
[2026-09-15T00:21:44.306+0000] {logging_mixin.py:188} INFO - [2026-09-15T00:21:44.306+0000] {dag.py:3089} INFO - Sync 1 DAGs
[2026-09-15T00:21:44.341+0000] {processor.py:183} INFO - Processing /opt/airflow/dags/youtube_pipeline.py took 0.094 seconds
[2026-09-15T00:22:14.614+0000] {processor.py:161} INFO - Started process (PID=17886) to work on /opt/airflow/dags/youtube_pipeline.py
[2026-09-15T00:22:14.615+0000] {processor.py:830} INFO - Processing file /opt/airflow/dags/youtube_pipeline.py for tasks to queue
[2026-09-15T00:22:14.617+0000] {logging_mixin.py:188} INFO - [2026-09-15T00:22:14.617+0000] {dagbag.py:545} INFO - Filling up the DagBag from /opt/airflow/dags/youtube_pipeline.py
[2026-09-15T00:22:14.652+0000] {processor.py:840} INFO - DAG(s) 'youtube_english_video_pipeline' retrieved from /opt/airflow/dags/youtube_pipeline.py
[2026-09-15T00:22:14.683+0000] {logging_mixin.py:188} INFO - [2026-09-15T00:22:14.683+0000] {dag.py:3089} INFO - Sync 1 DAGs
[2026-09-15T00:22:14.726+0000] {processor.py:183} INFO - Processing /opt/airflow/dags/youtube_pipeline.py took 0.120 seconds
[2026-09-15T00:22:44.917+0000] {processor.py:161} INFO - Started process (PID=17891) to work on /opt/airflow/dags/youtube_pipeline.py
[2026-09-15T00:22:44.918+0000] {processor.py:830} INFO - Processing file /opt/airflow/dags/youtube_pipeline.py for tasks to queue
[2026-09-15T00:22:44.920+0000] {logging_mixin.py:188} INFO - [2026-09-15T00:22:44.920+0000] {dagbag.py:545} INFO - Filling up the DagBag from /opt/airflow/dags/youtube_pipeline.py
[2026-09-15T00:22:44.951+0000] {processor.py:840} INFO - DAG(s) 'youtube_english_video_pipeline' retrieved from /opt/airflow/dags/youtube_pipeline.py
[2026-09-15T00:22:44.982+0000] {logging_mixin.py:188} INFO - [2026-09-15T00:22:44.982+0000] {dag.py:3089} INFO - Sync 1 DAGs
[2026-09-15T00:22:45.012+0000] {processor.py:183} INFO - Processing /opt/airflow/dags/youtube_pipeline.py took 0.102 seconds
[2026-09-15T00:23:15.316+0000] {processor.py:161} INFO - Started process (PID=17896) to work on /opt/airflow/dags/youtube_pipeline.py
[2026-09-15T00:23:15.317+0000] {processor.py:830} INFO - Processing file /opt/airflow/dags/youtube_pipeline.py for tasks to queue
[2026-09-15T00:23:15.319+0000] {logging_mixin.py:188} INFO - [2026-09-15T00:23:15.319+0000] {dagbag.py:545} INFO - Filling up the DagBag from /opt/airflow/dags/youtube_pipeline.py
[2026-09-15T00:23:15.356+0000] {processor.py:840} INFO - DAG(s) 'youtube_english_video_pipeline' retrieved from /opt/airflow/dags/youtube_pipeline.py
[2026-09-15T00:23:15.386+0000] {logging_mixin.py:188} INFO - [2026-09-15T00:23:15.386+0000] {dag.py:3089} INFO - Sync 1 DAGs
[2026-09-15T00:23:15.412+0000] {processor.py:183} INFO - Processing /opt/airflow/dags/youtube_pipeline.py took 0.104 seconds
[2026-09-15T00:23:45.562+0000] {processor.py:161} INFO - Started process (PID=17903) to work on /opt/airflow/dags/youtube_pipeline.py
[2026-09-15T00:23:45.563+0000] {processor.py:830} INFO - Processing file /opt/airflow/dags/youtube_pipeline.py for tasks to queue
[2026-09-15T00:23:45.565+0000] {logging_mixin.py:188} INFO - [2026-09-15T00:23:45.564+0000] {dagbag.py:545} INFO - Filling up the DagBag from /opt/airflow/dags/youtube_pipeline.py
[2026-09-15T00:23:45.603+0000] {processor.py:840} INFO - DAG(s) 'youtube_english_video_pipeline' retrieved from /opt/airflow/dags/youtube_pipeline.py
[2026-09-15T00:23:45.639+0000] {logging_mixin.py:188} INFO - [2026-09-15T00:23:45.638+0000] {dag.py:3089} INFO - Sync 1 DAGs
[2026-09-15T00:23:45.674+0000] {processor.py:183} INFO - Processing /opt/airflow/dags/youtube_pipeline.py took 0.117 seconds
[2026-09-15T00:24:15.993+0000] {processor.py:161} INFO - Started process (PID=17908) to work on /opt/airflow/dags/youtube_pipeline.py
[2026-09-15T00:24:16.001+0000] {processor.py:830} INFO - Processing file /opt/airflow/dags/youtube_pipeline.py for tasks to queue
[2026-09-15T00:24:16.006+0000] {logging_mixin.py:188} INFO - [2026-09-15T00:24:16.005+0000] {dagbag.py:545} INFO - Filling up the DagBag from /opt/airflow/dags/youtube_pipeline.py
[2026-09-15T00:24:16.135+0000] {processor.py:840} INFO - DAG(s) 'youtube_english_video_pipeline' retrieved from /opt/airflow/dags/youtube_pipeline.py
[2026-09-15T00:24:16.167+0000] {logging_mixin.py:188} INFO - [2026-09-15T00:24:16.167+0000] {dag.py:3089} INFO - Sync 1 DAGs
[2026-09-15T00:24:16.201+0000] {processor.py:183} INFO - Processing /opt/airflow/dags/youtube_pipeline.py took 0.218 seconds
[2026-09-15T00:24:46.520+0000] {processor.py:161} INFO - Started process (PID=17913) to work on /opt/airflow/dags/youtube_pipeline.py
[2026-09-15T00:24:46.522+0000] {processor.py:830} INFO - Processing file /opt/airflow/dags/youtube_pipeline.py for tasks to queue
[2026-09-15T00:24:46.525+0000] {logging_mixin.py:188} INFO - [2026-09-15T00:24:46.525+0000] {dagbag.py:545} INFO - Filling up the DagBag from /opt/airflow/dags/youtube_pipeline.py
[2026-09-15T00:24:46.606+0000] {processor.py:840} INFO - DAG(s) 'youtube_english_video_pipeline' retrieved from /opt/airflow/dags/youtube_pipeline.py
[2026-09-15T00:24:46.642+0000] {logging_mixin.py:188} INFO - [2026-09-15T00:24:46.642+0000] {dag.py:3089} INFO - Sync 1 DAGs
[2026-09-15T00:24:46.672+0000] {processor.py:183} INFO - Processing /opt/airflow/dags/youtube_pipeline.py took 0.163 seconds
[2026-09-15T00:25:16.866+0000] {processor.py:161} INFO - Started process (PID=17918) to work on /opt/airflow/dags/youtube_pipeline.py
[2026-09-15T00:25:16.868+0000] {processor.py:830} INFO - Processing file /opt/airflow/dags/youtube_pipeline.py for tasks to queue
[2026-09-15T00:25:16.871+0000] {logging_mixin.py:188} INFO - [2026-09-15T00:25:16.871+0000] {dagbag.py:545} INFO - Filling up the DagBag from /opt/airflow/dags/youtube_pipeline.py
[2026-09-15T00:25:16.987+0000] {processor.py:840} INFO - DAG(s) 'youtube_english_video_pipeline' retrieved from /opt/airflow/dags/youtube_pipeline.py
[2026-09-15T00:25:17.016+0000] {logging_mixin.py:188} INFO - [2026-09-15T00:25:17.016+0000] {dag.py:3089} INFO - Sync 1 DAGs
[2026-09-15T00:25:17.044+0000] {processor.py:183} INFO - Processing /opt/airflow/dags/youtube_pipeline.py took 0.191 seconds
[2026-09-15T00:25:47.347+0000] {processor.py:161} INFO - Started process (PID=17923) to work on /opt/airflow/dags/youtube_pipeline.py
[2026-09-15T00:25:47.348+0000] {processor.py:830} INFO - Processing file /opt/airflow/dags/youtube_pipeline.py for tasks to queue
[2026-09-15T00:25:47.351+0000] {logging_mixin.py:188} INFO - [2026-09-15T00:25:47.351+0000] {dagbag.py:545} INFO - Filling up the DagBag from /opt/airflow/dags/youtube_pipeline.py
[2026-09-15T00:25:47.396+0000] {processor.py:840} INFO - DAG(s) 'youtube_english_video_pipeline' retrieved from /opt/airflow/dags/youtube_pipeline.py
[2026-09-15T00:25:47.433+0000] {logging_mixin.py:188} INFO - [2026-09-15T00:25:47.433+0000] {dag.py:3089} INFO - Sync 1 DAGs
[2026-09-15T00:25:47.469+0000] {processor.py:183} INFO - Processing /opt/airflow/dags/youtube_pipeline.py took 0.131 seconds
[2026-09-15T00:26:17.751+0000] {processor.py:161} INFO - Started process (PID=17928) to work on /opt/airflow/dags/youtube_pipeline.py
[2026-09-15T00:26:17.753+0000] {processor.py:830} INFO - Processing file /opt/airflow/dags/youtube_pipeline.py for tasks to queue
[2026-09-15T00:26:17.755+0000] {logging_mixin.py:188} INFO - [2026-09-15T00:26:17.754+0000] {dagbag.py:545} INFO - Filling up the DagBag from /opt/airflow/dags/youtube_pipeline.py
[2026-09-15T00:26:17.799+0000] {processor.py:840} INFO - DAG(s) 'youtube_english_video_pipeline' retrieved from /opt/airflow/dags/youtube_pipeline.py
[2026-09-15T00:26:17.833+0000] {logging_mixin.py:188} INFO - [2026-09-15T00:26:17.833+0000] {dag.py:3089} INFO - Sync 1 DAGs
[2026-09-15T00:26:17.867+0000] {processor.py:183} INFO - Processing /opt/airflow/dags/youtube_pipeline.py took 0.126 seconds
[2026-09-15T00:26:47.953+0000] {processor.py:161} INFO - Started process (PID=17933) to work on /opt/airflow/dags/youtube_pipeline.py
[2026-09-15T00:26:47.954+0000] {processor.py:830} INFO - Processing file /opt/airflow/dags/youtube_pipeline.py for tasks to queue
[2026-09-15T00:26:47.955+0000] {logging_mixin.py:188} INFO - [2026-09-15T00:26:47.955+0000] {dagbag.py:545} INFO - Filling up the DagBag from /opt/airflow/dags/youtube_pipeline.py
[2026-09-15T00:26:47.974+0000] {processor.py:840} INFO - DAG(s) 'youtube_english_video_pipeline' retrieved from /opt/airflow/dags/youtube_pipeline.py
[2026-09-15T00:26:48.007+0000] {logging_mixin.py:188} INFO - [2026-09-15T00:26:48.007+0000] {dag.py:3089} INFO - Sync 1 DAGs
[2026-09-15T00:26:48.034+0000] {processor.py:183} INFO - Processing /opt/airflow/dags/youtube_pipeline.py took 0.086 seconds
[2026-09-15T00:27:18.360+0000] {processor.py:161} INFO - Started process (PID=17938) to work on /opt/airflow/dags/youtube_pipeline.py
[2026-09-15T00:27:18.362+0000] {processor.py:830} INFO - Processing file /opt/airflow/dags/youtube_pipeline.py for tasks to queue
[2026-09-15T00:27:18.365+0000] {logging_mixin.py:188} INFO - [2026-09-15T00:27:18.365+0000] {dagbag.py:545} INFO - Filling up the DagBag from /opt/airflow/dags/youtube_pipeline.py
[2026-09-15T00:27:18.450+0000] {processor.py:840} INFO - DAG(s) 'youtube_english_video_pipeline' retrieved from /opt/airflow/dags/youtube_pipeline.py
[2026-09-15T00:27:18.486+0000] {logging_mixin.py:188} INFO - [2026-09-15T00:27:18.485+0000] {dag.py:3089} INFO - Sync 1 DAGs
[2026-09-15T00:27:18.516+0000] {processor.py:183} INFO - Processing /opt/airflow/dags/youtube_pipeline.py took 0.169 seconds
[2026-09-15T00:27:48.767+0000] {processor.py:161} INFO - Started process (PID=17943) to work on /opt/airflow/dags/youtube_pipeline.py
[2026-09-15T00:27:48.768+0000] {processor.py:830} INFO - Processing file /opt/airflow/dags/youtube_pipeline.py for tasks to queue
[2026-09-15T00:27:48.770+0000] {logging_mixin.py:188} INFO - [2026-09-15T00:27:48.770+0000] {dagbag.py:545} INFO - Filling up the DagBag from /opt/airflow/dags/youtube_pipeline.py
[2026-09-15T00:27:48.817+0000] {processor.py:840} INFO - DAG(s) 'youtube_english_video_pipeline' retrieved from /opt/airflow/dags/youtube_pipeline.py
[2026-09-15T00:27:48.847+0000] {logging_mixin.py:188} INFO - [2026-09-15T00:27:48.847+0000] {dag.py:3089} INFO - Sync 1 DAGs
[2026-09-15T00:27:48.875+0000] {processor.py:183} INFO - Processing /opt/airflow/dags/youtube_pipeline.py took 0.113 seconds
[2026-09-15T00:28:19.068+0000] {processor.py:161} INFO - Started process (PID=17950) to work on /opt/airflow/dags/youtube_pipeline.py
[2026-09-15T00:28:19.072+0000] {processor.py:830} INFO - Processing file /opt/airflow/dags/youtube_pipeline.py for tasks to queue
[2026-09-15T00:28:19.078+0000] {logging_mixin.py:188} INFO - [2026-09-15T00:28:19.077+0000] {dagbag.py:545} INFO - Filling up the DagBag from /opt/airflow/dags/youtube_pipeline.py
[2026-09-15T00:28:19.131+0000] {processor.py:840} INFO - DAG(s) 'youtube_english_video_pipeline' retrieved from /opt/airflow/dags/youtube_pipeline.py
[2026-09-15T00:28:19.174+0000] {logging_mixin.py:188} INFO - [2026-09-15T00:28:19.173+0000] {dag.py:3089} INFO - Sync 1 DAGs
[2026-09-15T00:28:19.203+0000] {processor.py:183} INFO - Processing /opt/airflow/dags/youtube_pipeline.py took 0.142 seconds
[2026-09-15T00:28:49.839+0000] {processor.py:161} INFO - Started process (PID=17955) to work on /opt/airflow/dags/youtube_pipeline.py
[2026-09-15T00:28:49.845+0000] {processor.py:830} INFO - Processing file /opt/airflow/dags/youtube_pipeline.py for tasks to queue
[2026-09-15T00:28:49.860+0000] {logging_mixin.py:188} INFO - [2026-09-15T00:28:49.859+0000] {dagbag.py:545} INFO - Filling up the DagBag from /opt/airflow/dags/youtube_pipeline.py
[2026-09-15T00:28:50.147+0000] {processor.py:840} INFO - DAG(s) 'youtube_english_video_pipeline' retrieved from /opt/airflow/dags/youtube_pipeline.py
[2026-09-15T00:28:50.188+0000] {logging_mixin.py:188} INFO - [2026-09-15T00:28:50.188+0000] {dag.py:3089} INFO - Sync 1 DAGs
[2026-09-15T00:28:50.215+0000] {logging_mixin.py:188} INFO - [2026-09-15T00:28:50.215+0000] {dag.py:3947} INFO - Setting next_dagrun for youtube_english_video_pipeline to 2026-09-14 12:00:00+00:00, run_after=2026-09-15 12:00:00+00:00
[2026-09-15T00:28:50.232+0000] {processor.py:183} INFO - Processing /opt/airflow/dags/youtube_pipeline.py took 0.416 seconds
[2026-09-15T00:29:21.011+0000] {processor.py:161} INFO - Started process (PID=17960) to work on /opt/airflow/dags/youtube_pipeline.py
[2026-09-15T00:29:21.022+0000] {processor.py:830} INFO - Processing file /opt/airflow/dags/youtube_pipeline.py for tasks to queue
[2026-09-15T00:29:21.039+0000] {logging_mixin.py:188} INFO - [2026-09-15T00:29:21.039+0000] {dagbag.py:545} INFO - Filling up the DagBag from /opt/airflow/dags/youtube_pipeline.py
[2026-09-15T00:29:21.399+0000] {processor.py:840} INFO - DAG(s) 'youtube_english_video_pipeline' retrieved from /opt/airflow/dags/youtube_pipeline.py
[2026-09-15T00:29:21.445+0000] {logging_mixin.py:188} INFO - [2026-09-15T00:29:21.444+0000] {dag.py:3089} INFO - Sync 1 DAGs
[2026-09-15T00:29:21.460+0000] {logging_mixin.py:188} INFO - [2026-09-15T00:29:21.460+0000] {dag.py:3947} INFO - Setting next_dagrun for youtube_english_video_pipeline to 2026-09-14 12:00:00+00:00, run_after=2026-09-15 12:00:00+00:00
[2026-09-15T00:29:21.479+0000] {processor.py:183} INFO - Processing /opt/airflow/dags/youtube_pipeline.py took 0.500 seconds
[2026-09-15T00:29:51.847+0000] {processor.py:161} INFO - Started process (PID=17965) to work on /opt/airflow/dags/youtube_pipeline.py
[2026-09-15T00:29:51.849+0000] {processor.py:830} INFO - Processing file /opt/airflow/dags/youtube_pipeline.py for tasks to queue
[2026-09-15T00:29:51.852+0000] {logging_mixin.py:188} INFO - [2026-09-15T00:29:51.851+0000] {dagbag.py:545} INFO - Filling up the DagBag from /opt/airflow/dags/youtube_pipeline.py
[2026-09-15T00:29:51.905+0000] {processor.py:840} INFO - DAG(s) 'youtube_english_video_pipeline' retrieved from /opt/airflow/dags/youtube_pipeline.py
[2026-09-15T00:29:51.934+0000] {logging_mixin.py:188} INFO - [2026-09-15T00:29:51.934+0000] {dag.py:3089} INFO - Sync 1 DAGs
[2026-09-15T00:29:51.948+0000] {logging_mixin.py:188} INFO - [2026-09-15T00:29:51.948+0000] {dag.py:3947} INFO - Setting next_dagrun for youtube_english_video_pipeline to 2026-09-14 12:00:00+00:00, run_after=2026-09-15 12:00:00+00:00
[2026-09-15T00:29:51.964+0000] {processor.py:183} INFO - Processing /opt/airflow/dags/youtube_pipeline.py took 0.131 seconds
[2026-09-15T00:30:22.182+0000] {processor.py:161} INFO - Started process (PID=17970) to work on /opt/airflow/dags/youtube_pipeline.py
[2026-09-15T00:30:22.183+0000] {processor.py:830} INFO - Processing file /opt/airflow/dags/youtube_pipeline.py for tasks to queue
[2026-09-15T00:30:22.185+0000] {logging_mixin.py:188} INFO - [2026-09-15T00:30:22.184+0000] {dagbag.py:545} INFO - Filling up the DagBag from /opt/airflow/dags/youtube_pipeline.py
[2026-09-15T00:30:22.207+0000] {processor.py:840} INFO - DAG(s) 'youtube_english_video_pipeline' retrieved from /opt/airflow/dags/youtube_pipeline.py
[2026-09-15T00:30:22.237+0000] {logging_mixin.py:188} INFO - [2026-09-15T00:30:22.237+0000] {dag.py:3089} INFO - Sync 1 DAGs
[2026-09-15T00:30:22.252+0000] {logging_mixin.py:188} INFO - [2026-09-15T00:30:22.252+0000] {dag.py:3947} INFO - Setting next_dagrun for youtube_english_video_pipeline to 2026-09-14 12:00:00+00:00, run_after=2026-09-15 12:00:00+00:00
[2026-09-15T00:30:22.267+0000] {processor.py:183} INFO - Processing /opt/airflow/dags/youtube_pipeline.py took 0.092 seconds
[2026-09-15T00:30:52.670+0000] {processor.py:161} INFO - Started process (PID=17975) to work on /opt/airflow/dags/youtube_pipeline.py
[2026-09-15T00:30:52.672+0000] {processor.py:830} INFO - Processing file /opt/airflow/dags/youtube_pipeline.py for tasks to queue
[2026-09-15T00:30:52.674+0000] {logging_mixin.py:188} INFO - [2026-09-15T00:30:52.673+0000] {dagbag.py:545} INFO - Filling up the DagBag from /opt/airflow/dags/youtube_pipeline.py
[2026-09-15T00:30:52.709+0000] {processor.py:840} INFO - DAG(s) 'youtube_english_video_pipeline' retrieved from /opt/airflow/dags/youtube_pipeline.py
[2026-09-15T00:30:52.746+0000] {logging_mixin.py:188} INFO - [2026-09-15T00:30:52.746+0000] {dag.py:3089} INFO - Sync 1 DAGs
[2026-09-15T00:30:52.762+0000] {logging_mixin.py:188} INFO - [2026-09-15T00:30:52.762+0000] {dag.py:3947} INFO - Setting next_dagrun for youtube_english_video_pipeline to 2026-09-14 12:00:00+00:00, run_after=2026-09-15 12:00:00+00:00
[2026-09-15T00:30:52.780+0000] {processor.py:183} INFO - Processing /opt/airflow/dags/youtube_pipeline.py took 0.117 seconds
[2026-09-15T00:31:22.965+0000] {processor.py:161} INFO - Started process (PID=17980) to work on /opt/airflow/dags/youtube_pipeline.py
[2026-09-15T00:31:22.967+0000] {processor.py:830} INFO - Processing file /opt/airflow/dags/youtube_pipeline.py for tasks to queue
[2026-09-15T00:31:22.969+0000] {logging_mixin.py:188} INFO - [2026-09-15T00:31:22.969+0000] {dagbag.py:545} INFO - Filling up the DagBag from /opt/airflow/dags/youtube_pipeline.py
[2026-09-15T00:31:23.013+0000] {processor.py:840} INFO - DAG(s) 'youtube_english_video_pipeline' retrieved from /opt/airflow/dags/youtube_pipeline.py
[2026-09-15T00:31:23.045+0000] {logging_mixin.py:188} INFO - [2026-09-15T00:31:23.045+0000] {dag.py:3089} INFO - Sync 1 DAGs
[2026-09-15T00:31:23.060+0000] {logging_mixin.py:188} INFO - [2026-09-15T00:31:23.059+0000] {dag.py:3947} INFO - Setting next_dagrun for youtube_english_video_pipeline to 2026-09-14 12:00:00+00:00, run_after=2026-09-15 12:00:00+00:00
[2026-09-15T00:31:23.075+0000] {processor.py:183} INFO - Processing /opt/airflow/dags/youtube_pipeline.py took 0.115 seconds
[2026-09-15T00:31:53.531+0000] {processor.py:161} INFO - Started process (PID=17985) to work on /opt/airflow/dags/youtube_pipeline.py
[2026-09-15T00:31:53.532+0000] {processor.py:830} INFO - Processing file /opt/airflow/dags/youtube_pipeline.py for tasks to queue
[2026-09-15T00:31:53.537+0000] {logging_mixin.py:188} INFO - [2026-09-15T00:31:53.536+0000] {dagbag.py:545} INFO - Filling up the DagBag from /opt/airflow/dags/youtube_pipeline.py
[2026-09-15T00:31:53.579+0000] {processor.py:840} INFO - DAG(s) 'youtube_english_video_pipeline' retrieved from /opt/airflow/dags/youtube_pipeline.py
[2026-09-15T00:31:53.617+0000] {logging_mixin.py:188} INFO - [2026-09-15T00:31:53.617+0000] {dag.py:3089} INFO - Sync 1 DAGs
[2026-09-15T00:31:53.634+0000] {logging_mixin.py:188} INFO - [2026-09-15T00:31:53.634+0000] {dag.py:3947} INFO - Setting next_dagrun for youtube_english_video_pipeline to 2026-09-14 12:00:00+00:00, run_after=2026-09-15 12:00:00+00:00
[2026-09-15T00:31:53.651+0000] {processor.py:183} INFO - Processing /opt/airflow/dags/youtube_pipeline.py took 0.130 seconds
[2026-09-15T00:32:23.931+0000] {processor.py:161} INFO - Started process (PID=17990) to work on /opt/airflow/dags/youtube_pipeline.py
[2026-09-15T00:32:23.933+0000] {processor.py:830} INFO - Processing file /opt/airflow/dags/youtube_pipeline.py for tasks to queue
[2026-09-15T00:32:23.935+0000] {logging_mixin.py:188} INFO - [2026-09-15T00:32:23.935+0000] {dagbag.py:545} INFO - Filling up the DagBag from /opt/airflow/dags/youtube_pipeline.py
[2026-09-15T00:32:24.021+0000] {processor.py:840} INFO - DAG(s) 'youtube_english_video_pipeline' retrieved from /opt/airflow/dags/youtube_pipeline.py
[2026-09-15T00:32:24.057+0000] {logging_mixin.py:188} INFO - [2026-09-15T00:32:24.057+0000] {dag.py:3089} INFO - Sync 1 DAGs
[2026-09-15T00:32:24.073+0000] {logging_mixin.py:188} INFO - [2026-09-15T00:32:24.073+0000] {dag.py:3947} INFO - Setting next_dagrun for youtube_english_video_pipeline to 2026-09-14 12:00:00+00:00, run_after=2026-09-15 12:00:00+00:00
[2026-09-15T00:32:24.087+0000] {processor.py:183} INFO - Processing /opt/airflow/dags/youtube_pipeline.py took 0.162 seconds
[2026-09-15T00:32:54.256+0000] {processor.py:161} INFO - Started process (PID=17995) to work on /opt/airflow/dags/youtube_pipeline.py
[2026-09-15T00:32:54.257+0000] {processor.py:830} INFO - Processing file /opt/airflow/dags/youtube_pipeline.py for tasks to queue
[2026-09-15T00:32:54.259+0000] {logging_mixin.py:188} INFO - [2026-09-15T00:32:54.259+0000] {dagbag.py:545} INFO - Filling up the DagBag from /opt/airflow/dags/youtube_pipeline.py
[2026-09-15T00:32:54.296+0000] {processor.py:840} INFO - DAG(s) 'youtube_english_video_pipeline' retrieved from /opt/airflow/dags/youtube_pipeline.py
[2026-09-15T00:32:54.352+0000] {logging_mixin.py:188} INFO - [2026-09-15T00:32:54.352+0000] {dag.py:3089} INFO - Sync 1 DAGs
[2026-09-15T00:32:54.381+0000] {logging_mixin.py:188} INFO - [2026-09-15T00:32:54.381+0000] {dag.py:3947} INFO - Setting next_dagrun for youtube_english_video_pipeline to 2026-09-14 12:00:00+00:00, run_after=2026-09-15 12:00:00+00:00
[2026-09-15T00:32:54.408+0000] {processor.py:183} INFO - Processing /opt/airflow/dags/youtube_pipeline.py took 0.159 seconds
[2026-09-15T00:33:24.632+0000] {processor.py:161} INFO - Started process (PID=18000) to work on /opt/airflow/dags/youtube_pipeline.py
[2026-09-15T00:33:24.633+0000] {processor.py:830} INFO - Processing file /opt/airflow/dags/youtube_pipeline.py for tasks to queue
[2026-09-15T00:33:24.634+0000] {logging_mixin.py:188} INFO - [2026-09-15T00:33:24.634+0000] {dagbag.py:545} INFO - Filling up the DagBag from /opt/airflow/dags/youtube_pipeline.py
[2026-09-15T00:33:24.666+0000] {processor.py:840} INFO - DAG(s) 'youtube_english_video_pipeline' retrieved from /opt/airflow/dags/youtube_pipeline.py
[2026-09-15T00:33:24.704+0000] {logging_mixin.py:188} INFO - [2026-09-15T00:33:24.704+0000] {dag.py:3089} INFO - Sync 1 DAGs
[2026-09-15T00:33:24.724+0000] {logging_mixin.py:188} INFO - [2026-09-15T00:33:24.724+0000] {dag.py:3947} INFO - Setting next_dagrun for youtube_english_video_pipeline to 2026-09-14 12:00:00+00:00, run_after=2026-09-15 12:00:00+00:00
[2026-09-15T00:33:24.755+0000] {processor.py:183} INFO - Processing /opt/airflow/dags/youtube_pipeline.py took 0.128 seconds
[2026-09-15T00:33:54.932+0000] {processor.py:161} INFO - Started process (PID=18005) to work on /opt/airflow/dags/youtube_pipeline.py
[2026-09-15T00:33:54.934+0000] {processor.py:830} INFO - Processing file /opt/airflow/dags/youtube_pipeline.py for tasks to queue
[2026-09-15T00:33:54.940+0000] {logging_mixin.py:188} INFO - [2026-09-15T00:33:54.940+0000] {dagbag.py:545} INFO - Filling up the DagBag from /opt/airflow/dags/youtube_pipeline.py
[2026-09-15T00:33:55.035+0000] {processor.py:840} INFO - DAG(s) 'youtube_english_video_pipeline' retrieved from /opt/airflow/dags/youtube_pipeline.py
[2026-09-15T00:33:55.067+0000] {logging_mixin.py:188} INFO - [2026-09-15T00:33:55.067+0000] {dag.py:3089} INFO - Sync 1 DAGs
[2026-09-15T00:33:55.083+0000] {logging_mixin.py:188} INFO - [2026-09-15T00:33:55.083+0000] {dag.py:3947} INFO - Setting next_dagrun for youtube_english_video_pipeline to 2026-09-14 12:00:00+00:00, run_after=2026-09-15 12:00:00+00:00
[2026-09-15T00:33:55.104+0000] {processor.py:183} INFO - Processing /opt/airflow/dags/youtube_pipeline.py took 0.182 seconds
[2026-09-15T00:34:25.390+0000] {processor.py:161} INFO - Started process (PID=18010) to work on /opt/airflow/dags/youtube_pipeline.py
[2026-09-15T00:34:25.393+0000] {processor.py:830} INFO - Processing file /opt/airflow/dags/youtube_pipeline.py for tasks to queue
[2026-09-15T00:34:25.403+0000] {logging_mixin.py:188} INFO - [2026-09-15T00:34:25.403+0000] {dagbag.py:545} INFO - Filling up the DagBag from /opt/airflow/dags/youtube_pipeline.py
[2026-09-15T00:34:25.561+0000] {processor.py:840} INFO - DAG(s) 'youtube_english_video_pipeline' retrieved from /opt/airflow/dags/youtube_pipeline.py
[2026-09-15T00:34:25.596+0000] {logging_mixin.py:188} INFO - [2026-09-15T00:34:25.596+0000] {dag.py:3089} INFO - Sync 1 DAGs
[2026-09-15T00:34:25.612+0000] {logging_mixin.py:188} INFO - [2026-09-15T00:34:25.612+0000] {dag.py:3947} INFO - Setting next_dagrun for youtube_english_video_pipeline to 2026-09-14 12:00:00+00:00, run_after=2026-09-15 12:00:00+00:00
[2026-09-15T00:34:25.626+0000] {processor.py:183} INFO - Processing /opt/airflow/dags/youtube_pipeline.py took 0.257 seconds
[2026-09-15T00:34:55.908+0000] {processor.py:161} INFO - Started process (PID=18015) to work on /opt/airflow/dags/youtube_pipeline.py
[2026-09-15T00:34:55.909+0000] {processor.py:830} INFO - Processing file /opt/airflow/dags/youtube_pipeline.py for tasks to queue
[2026-09-15T00:34:55.911+0000] {logging_mixin.py:188} INFO - [2026-09-15T00:34:55.910+0000] {dagbag.py:545} INFO - Filling up the DagBag from /opt/airflow/dags/youtube_pipeline.py
[2026-09-15T00:34:55.933+0000] {processor.py:840} INFO - DAG(s) 'youtube_english_video_pipeline' retrieved from /opt/airflow/dags/youtube_pipeline.py
[2026-09-15T00:34:55.963+0000] {logging_mixin.py:188} INFO - [2026-09-15T00:34:55.963+0000] {dag.py:3089} INFO - Sync 1 DAGs
[2026-09-15T00:34:55.978+0000] {logging_mixin.py:188} INFO - [2026-09-15T00:34:55.978+0000] {dag.py:3947} INFO - Setting next_dagrun for youtube_english_video_pipeline to 2026-09-14 12:00:00+00:00, run_after=2026-09-15 12:00:00+00:00
[2026-09-15T00:34:55.991+0000] {processor.py:183} INFO - Processing /opt/airflow/dags/youtube_pipeline.py took 0.089 seconds
[2026-09-15T00:35:26.385+0000] {processor.py:161} INFO - Started process (PID=18020) to work on /opt/airflow/dags/youtube_pipeline.py
[2026-09-15T00:35:26.387+0000] {processor.py:830} INFO - Processing file /opt/airflow/dags/youtube_pipeline.py for tasks to queue
[2026-09-15T00:35:26.388+0000] {logging_mixin.py:188} INFO - [2026-09-15T00:35:26.388+0000] {dagbag.py:545} INFO - Filling up the DagBag from /opt/airflow/dags/youtube_pipeline.py
[2026-09-15T00:35:26.423+0000] {processor.py:840} INFO - DAG(s) 'youtube_english_video_pipeline' retrieved from /opt/airflow/dags/youtube_pipeline.py
[2026-09-15T00:35:26.451+0000] {logging_mixin.py:188} INFO - [2026-09-15T00:35:26.451+0000] {dag.py:3089} INFO - Sync 1 DAGs
[2026-09-15T00:35:26.467+0000] {logging_mixin.py:188} INFO - [2026-09-15T00:35:26.467+0000] {dag.py:3947} INFO - Setting next_dagrun for youtube_english_video_pipeline to 2026-09-14 12:00:00+00:00, run_after=2026-09-15 12:00:00+00:00
[2026-09-15T00:35:26.482+0000] {processor.py:183} INFO - Processing /opt/airflow/dags/youtube_pipeline.py took 0.102 seconds
[2026-09-15T00:35:56.755+0000] {processor.py:161} INFO - Started process (PID=18025) to work on /opt/airflow/dags/youtube_pipeline.py
[2026-09-15T00:35:56.756+0000] {processor.py:830} INFO - Processing file /opt/airflow/dags/youtube_pipeline.py for tasks to queue
[2026-09-15T00:35:56.759+0000] {logging_mixin.py:188} INFO - [2026-09-15T00:35:56.758+0000] {dagbag.py:545} INFO - Filling up the DagBag from /opt/airflow/dags/youtube_pipeline.py
[2026-09-15T00:35:56.807+0000] {processor.py:840} INFO - DAG(s) 'youtube_english_video_pipeline' retrieved from /opt/airflow/dags/youtube_pipeline.py
[2026-09-15T00:35:56.837+0000] {logging_mixin.py:188} INFO - [2026-09-15T00:35:56.837+0000] {dag.py:3089} INFO - Sync 1 DAGs
[2026-09-15T00:35:56.852+0000] {logging_mixin.py:188} INFO - [2026-09-15T00:35:56.851+0000] {dag.py:3947} INFO - Setting next_dagrun for youtube_english_video_pipeline to 2026-09-14 12:00:00+00:00, run_after=2026-09-15 12:00:00+00:00
[2026-09-15T00:35:56.879+0000] {processor.py:183} INFO - Processing /opt/airflow/dags/youtube_pipeline.py took 0.130 seconds
[2026-09-15T00:36:26.994+0000] {processor.py:161} INFO - Started process (PID=18030) to work on /opt/airflow/dags/youtube_pipeline.py
[2026-09-15T00:36:26.995+0000] {processor.py:830} INFO - Processing file /opt/airflow/dags/youtube_pipeline.py for tasks to queue
[2026-09-15T00:36:26.997+0000] {logging_mixin.py:188} INFO - [2026-09-15T00:36:26.997+0000] {dagbag.py:545} INFO - Filling up the DagBag from /opt/airflow/dags/youtube_pipeline.py
[2026-09-15T00:36:27.035+0000] {processor.py:840} INFO - DAG(s) 'youtube_english_video_pipeline' retrieved from /opt/airflow/dags/youtube_pipeline.py
[2026-09-15T00:36:27.070+0000] {logging_mixin.py:188} INFO - [2026-09-15T00:36:27.070+0000] {dag.py:3089} INFO - Sync 1 DAGs
[2026-09-15T00:36:27.087+0000] {logging_mixin.py:188} INFO - [2026-09-15T00:36:27.087+0000] {dag.py:3947} INFO - Setting next_dagrun for youtube_english_video_pipeline to 2026-09-14 12:00:00+00:00, run_after=2026-09-15 12:00:00+00:00
[2026-09-15T00:36:27.103+0000] {processor.py:183} INFO - Processing /opt/airflow/dags/youtube_pipeline.py took 0.115 seconds
[2026-09-15T00:36:57.351+0000] {processor.py:161} INFO - Started process (PID=18035) to work on /opt/airflow/dags/youtube_pipeline.py
[2026-09-15T00:36:57.352+0000] {processor.py:830} INFO - Processing file /opt/airflow/dags/youtube_pipeline.py for tasks to queue
[2026-09-15T00:36:57.354+0000] {logging_mixin.py:188} INFO - [2026-09-15T00:36:57.354+0000] {dagbag.py:545} INFO - Filling up the DagBag from /opt/airflow/dags/youtube_pipeline.py
[2026-09-15T00:36:57.387+0000] {processor.py:840} INFO - DAG(s) 'youtube_english_video_pipeline' retrieved from /opt/airflow/dags/youtube_pipeline.py
[2026-09-15T00:36:57.418+0000] {logging_mixin.py:188} INFO - [2026-09-15T00:36:57.418+0000] {dag.py:3089} INFO - Sync 1 DAGs
[2026-09-15T00:36:57.432+0000] {logging_mixin.py:188} INFO - [2026-09-15T00:36:57.432+0000] {dag.py:3947} INFO - Setting next_dagrun for youtube_english_video_pipeline to 2026-09-14 12:00:00+00:00, run_after=2026-09-15 12:00:00+00:00
[2026-09-15T00:36:57.445+0000] {processor.py:183} INFO - Processing /opt/airflow/dags/youtube_pipeline.py took 0.099 seconds
[2026-09-15T00:37:27.747+0000] {processor.py:161} INFO - Started process (PID=18040) to work on /opt/airflow/dags/youtube_pipeline.py
[2026-09-15T00:37:27.751+0000] {processor.py:830} INFO - Processing file /opt/airflow/dags/youtube_pipeline.py for tasks to queue
[2026-09-15T00:37:27.753+0000] {logging_mixin.py:188} INFO - [2026-09-15T00:37:27.753+0000] {dagbag.py:545} INFO - Filling up the DagBag from /opt/airflow/dags/youtube_pipeline.py
[2026-09-15T00:37:27.834+0000] {processor.py:840} INFO - DAG(s) 'youtube_english_video_pipeline' retrieved from /opt/airflow/dags/youtube_pipeline.py
[2026-09-15T00:37:27.876+0000] {logging_mixin.py:188} INFO - [2026-09-15T00:37:27.876+0000] {dag.py:3089} INFO - Sync 1 DAGs
[2026-09-15T00:37:27.894+0000] {logging_mixin.py:188} INFO - [2026-09-15T00:37:27.894+0000] {dag.py:3947} INFO - Setting next_dagrun for youtube_english_video_pipeline to 2026-09-14 12:00:00+00:00, run_after=2026-09-15 12:00:00+00:00
[2026-09-15T00:37:27.918+0000] {processor.py:183} INFO - Processing /opt/airflow/dags/youtube_pipeline.py took 0.180 seconds
[2026-09-15T00:37:58.088+0000] {processor.py:161} INFO - Started process (PID=18045) to work on /opt/airflow/dags/youtube_pipeline.py
[2026-09-15T00:37:58.089+0000] {processor.py:830} INFO - Processing file /opt/airflow/dags/youtube_pipeline.py for tasks to queue
[2026-09-15T00:37:58.092+0000] {logging_mixin.py:188} INFO - [2026-09-15T00:37:58.091+0000] {dagbag.py:545} INFO - Filling up the DagBag from /opt/airflow/dags/youtube_pipeline.py
[2026-09-15T00:37:58.147+0000] {processor.py:840} INFO - DAG(s) 'youtube_english_video_pipeline' retrieved from /opt/airflow/dags/youtube_pipeline.py
[2026-09-15T00:37:58.197+0000] {logging_mixin.py:188} INFO - [2026-09-15T00:37:58.197+0000] {dag.py:3089} INFO - Sync 1 DAGs
[2026-09-15T00:37:58.216+0000] {logging_mixin.py:188} INFO - [2026-09-15T00:37:58.216+0000] {dag.py:3947} INFO - Setting next_dagrun for youtube_english_video_pipeline to 2026-09-14 12:00:00+00:00, run_after=2026-09-15 12:00:00+00:00
[2026-09-15T00:37:58.250+0000] {processor.py:183} INFO - Processing /opt/airflow/dags/youtube_pipeline.py took 0.168 seconds
[2026-09-15T00:38:28.615+0000] {processor.py:161} INFO - Started process (PID=18050) to work on /opt/airflow/dags/youtube_pipeline.py
[2026-09-15T00:38:28.617+0000] {processor.py:830} INFO - Processing file /opt/airflow/dags/youtube_pipeline.py for tasks to queue
[2026-09-15T00:38:28.620+0000] {logging_mixin.py:188} INFO - [2026-09-15T00:38:28.619+0000] {dagbag.py:545} INFO - Filling up the DagBag from /opt/airflow/dags/youtube_pipeline.py
[2026-09-15T00:38:28.669+0000] {processor.py:840} INFO - DAG(s) 'youtube_english_video_pipeline' retrieved from /opt/airflow/dags/youtube_pipeline.py
[2026-09-15T00:38:28.701+0000] {logging_mixin.py:188} INFO - [2026-09-15T00:38:28.701+0000] {dag.py:3089} INFO - Sync 1 DAGs
[2026-09-15T00:38:28.716+0000] {logging_mixin.py:188} INFO - [2026-09-15T00:38:28.716+0000] {dag.py:3947} INFO - Setting next_dagrun for youtube_english_video_pipeline to 2026-09-14 12:00:00+00:00, run_after=2026-09-15 12:00:00+00:00
[2026-09-15T00:38:28.735+0000] {processor.py:183} INFO - Processing /opt/airflow/dags/youtube_pipeline.py took 0.130 seconds
[2026-09-15T00:38:58.897+0000] {processor.py:161} INFO - Started process (PID=18055) to work on /opt/airflow/dags/youtube_pipeline.py
[2026-09-15T00:38:58.900+0000] {processor.py:830} INFO - Processing file /opt/airflow/dags/youtube_pipeline.py for tasks to queue
[2026-09-15T00:38:58.905+0000] {logging_mixin.py:188} INFO - [2026-09-15T00:38:58.904+0000] {dagbag.py:545} INFO - Filling up the DagBag from /opt/airflow/dags/youtube_pipeline.py
[2026-09-15T00:38:58.971+0000] {processor.py:840} INFO - DAG(s) 'youtube_english_video_pipeline' retrieved from /opt/airflow/dags/youtube_pipeline.py
[2026-09-15T00:38:59.016+0000] {logging_mixin.py:188} INFO - [2026-09-15T00:38:59.016+0000] {dag.py:3089} INFO - Sync 1 DAGs
[2026-09-15T00:38:59.035+0000] {logging_mixin.py:188} INFO - [2026-09-15T00:38:59.035+0000] {dag.py:3947} INFO - Setting next_dagrun for youtube_english_video_pipeline to 2026-09-14 12:00:00+00:00, run_after=2026-09-15 12:00:00+00:00
[2026-09-15T00:38:59.056+0000] {processor.py:183} INFO - Processing /opt/airflow/dags/youtube_pipeline.py took 0.172 seconds
[2026-09-15T00:39:29.226+0000] {processor.py:161} INFO - Started process (PID=18060) to work on /opt/airflow/dags/youtube_pipeline.py
[2026-09-15T00:39:29.227+0000] {processor.py:830} INFO - Processing file /opt/airflow/dags/youtube_pipeline.py for tasks to queue
[2026-09-15T00:39:29.230+0000] {logging_mixin.py:188} INFO - [2026-09-15T00:39:29.230+0000] {dagbag.py:545} INFO - Filling up the DagBag from /opt/airflow/dags/youtube_pipeline.py
[2026-09-15T00:39:29.290+0000] {processor.py:840} INFO - DAG(s) 'youtube_english_video_pipeline' retrieved from /opt/airflow/dags/youtube_pipeline.py
[2026-09-15T00:39:29.323+0000] {logging_mixin.py:188} INFO - [2026-09-15T00:39:29.322+0000] {dag.py:3089} INFO - Sync 1 DAGs
[2026-09-15T00:39:29.337+0000] {logging_mixin.py:188} INFO - [2026-09-15T00:39:29.336+0000] {dag.py:3947} INFO - Setting next_dagrun for youtube_english_video_pipeline to 2026-09-14 12:00:00+00:00, run_after=2026-09-15 12:00:00+00:00
[2026-09-15T00:39:29.351+0000] {processor.py:183} INFO - Processing /opt/airflow/dags/youtube_pipeline.py took 0.129 seconds
[2026-09-15T00:39:59.624+0000] {processor.py:161} INFO - Started process (PID=18065) to work on /opt/airflow/dags/youtube_pipeline.py
[2026-09-15T00:39:59.626+0000] {processor.py:830} INFO - Processing file /opt/airflow/dags/youtube_pipeline.py for tasks to queue
[2026-09-15T00:39:59.629+0000] {logging_mixin.py:188} INFO - [2026-09-15T00:39:59.628+0000] {dagbag.py:545} INFO - Filling up the DagBag from /opt/airflow/dags/youtube_pipeline.py
[2026-09-15T00:39:59.670+0000] {processor.py:840} INFO - DAG(s) 'youtube_english_video_pipeline' retrieved from /opt/airflow/dags/youtube_pipeline.py
[2026-09-15T00:39:59.702+0000] {logging_mixin.py:188} INFO - [2026-09-15T00:39:59.702+0000] {dag.py:3089} INFO - Sync 1 DAGs
[2026-09-15T00:39:59.717+0000] {logging_mixin.py:188} INFO - [2026-09-15T00:39:59.717+0000] {dag.py:3947} INFO - Setting next_dagrun for youtube_english_video_pipeline to 2026-09-14 12:00:00+00:00, run_after=2026-09-15 12:00:00+00:00
[2026-09-15T00:39:59.734+0000] {processor.py:183} INFO - Processing /opt/airflow/dags/youtube_pipeline.py took 0.122 seconds
[2026-09-15T00:40:29.914+0000] {processor.py:161} INFO - Started process (PID=18070) to work on /opt/airflow/dags/youtube_pipeline.py
[2026-09-15T00:40:29.915+0000] {processor.py:830} INFO - Processing file /opt/airflow/dags/youtube_pipeline.py for tasks to queue
[2026-09-15T00:40:29.917+0000] {logging_mixin.py:188} INFO - [2026-09-15T00:40:29.917+0000] {dagbag.py:545} INFO - Filling up the DagBag from /opt/airflow/dags/youtube_pipeline.py
[2026-09-15T00:40:29.955+0000] {processor.py:840} INFO - DAG(s) 'youtube_english_video_pipeline' retrieved from /opt/airflow/dags/youtube_pipeline.py
[2026-09-15T00:40:29.985+0000] {logging_mixin.py:188} INFO - [2026-09-15T00:40:29.985+0000] {dag.py:3089} INFO - Sync 1 DAGs
[2026-09-15T00:40:30.002+0000] {logging_mixin.py:188} INFO - [2026-09-15T00:40:30.002+0000] {dag.py:3947} INFO - Setting next_dagrun for youtube_english_video_pipeline to 2026-09-14 12:00:00+00:00, run_after=2026-09-15 12:00:00+00:00
[2026-09-15T00:40:30.019+0000] {processor.py:183} INFO - Processing /opt/airflow/dags/youtube_pipeline.py took 0.111 seconds
[2026-09-15T00:41:00.274+0000] {processor.py:161} INFO - Started process (PID=18075) to work on /opt/airflow/dags/youtube_pipeline.py
[2026-09-15T00:41:00.277+0000] {processor.py:830} INFO - Processing file /opt/airflow/dags/youtube_pipeline.py for tasks to queue
[2026-09-15T00:41:00.279+0000] {logging_mixin.py:188} INFO - [2026-09-15T00:41:00.279+0000] {dagbag.py:545} INFO - Filling up the DagBag from /opt/airflow/dags/youtube_pipeline.py
[2026-09-15T00:41:00.337+0000] {processor.py:840} INFO - DAG(s) 'youtube_english_video_pipeline' retrieved from /opt/airflow/dags/youtube_pipeline.py
[2026-09-15T00:41:00.367+0000] {logging_mixin.py:188} INFO - [2026-09-15T00:41:00.367+0000] {dag.py:3089} INFO - Sync 1 DAGs
[2026-09-15T00:41:00.381+0000] {logging_mixin.py:188} INFO - [2026-09-15T00:41:00.381+0000] {dag.py:3947} INFO - Setting next_dagrun for youtube_english_video_pipeline to 2026-09-14 12:00:00+00:00, run_after=2026-09-15 12:00:00+00:00
[2026-09-15T00:41:00.397+0000] {processor.py:183} INFO - Processing /opt/airflow/dags/youtube_pipeline.py took 0.131 seconds
[2026-09-15T00:41:30.636+0000] {processor.py:161} INFO - Started process (PID=18080) to work on /opt/airflow/dags/youtube_pipeline.py
[2026-09-15T00:41:30.638+0000] {processor.py:830} INFO - Processing file /opt/airflow/dags/youtube_pipeline.py for tasks to queue
[2026-09-15T00:41:30.641+0000] {logging_mixin.py:188} INFO - [2026-09-15T00:41:30.641+0000] {dagbag.py:545} INFO - Filling up the DagBag from /opt/airflow/dags/youtube_pipeline.py
[2026-09-15T00:41:30.706+0000] {processor.py:840} INFO - DAG(s) 'youtube_english_video_pipeline' retrieved from /opt/airflow/dags/youtube_pipeline.py
[2026-09-15T00:41:30.737+0000] {logging_mixin.py:188} INFO - [2026-09-15T00:41:30.737+0000] {dag.py:3089} INFO - Sync 1 DAGs
[2026-09-15T00:41:30.751+0000] {logging_mixin.py:188} INFO - [2026-09-15T00:41:30.751+0000] {dag.py:3947} INFO - Setting next_dagrun for youtube_english_video_pipeline to 2026-09-14 12:00:00+00:00, run_after=2026-09-15 12:00:00+00:00
[2026-09-15T00:41:30.772+0000] {processor.py:183} INFO - Processing /opt/airflow/dags/youtube_pipeline.py took 0.144 seconds
[2026-09-15T00:42:01.007+0000] {processor.py:161} INFO - Started process (PID=18085) to work on /opt/airflow/dags/youtube_pipeline.py
[2026-09-15T00:42:01.008+0000] {processor.py:830} INFO - Processing file /opt/airflow/dags/youtube_pipeline.py for tasks to queue
[2026-09-15T00:42:01.010+0000] {logging_mixin.py:188} INFO - [2026-09-15T00:42:01.009+0000] {dagbag.py:545} INFO - Filling up the DagBag from /opt/airflow/dags/youtube_pipeline.py
[2026-09-15T00:42:01.086+0000] {processor.py:840} INFO - DAG(s) 'youtube_english_video_pipeline' retrieved from /opt/airflow/dags/youtube_pipeline.py
[2026-09-15T00:42:01.124+0000] {logging_mixin.py:188} INFO - [2026-09-15T00:42:01.124+0000] {dag.py:3089} INFO - Sync 1 DAGs
[2026-09-15T00:42:01.142+0000] {logging_mixin.py:188} INFO - [2026-09-15T00:42:01.141+0000] {dag.py:3947} INFO - Setting next_dagrun for youtube_english_video_pipeline to 2026-09-14 12:00:00+00:00, run_after=2026-09-15 12:00:00+00:00
[2026-09-15T00:42:01.160+0000] {processor.py:183} INFO - Processing /opt/airflow/dags/youtube_pipeline.py took 0.158 seconds
[2026-09-15T00:42:31.474+0000] {processor.py:161} INFO - Started process (PID=18090) to work on /opt/airflow/dags/youtube_pipeline.py
[2026-09-15T00:42:31.475+0000] {processor.py:830} INFO - Processing file /opt/airflow/dags/youtube_pipeline.py for tasks to queue
[2026-09-15T00:42:31.478+0000] {logging_mixin.py:188} INFO - [2026-09-15T00:42:31.477+0000] {dagbag.py:545} INFO - Filling up the DagBag from /opt/airflow/dags/youtube_pipeline.py
[2026-09-15T00:42:31.585+0000] {processor.py:840} INFO - DAG(s) 'youtube_english_video_pipeline' retrieved from /opt/airflow/dags/youtube_pipeline.py
[2026-09-15T00:42:31.617+0000] {logging_mixin.py:188} INFO - [2026-09-15T00:42:31.617+0000] {dag.py:3089} INFO - Sync 1 DAGs
[2026-09-15T00:42:31.632+0000] {logging_mixin.py:188} INFO - [2026-09-15T00:42:31.632+0000] {dag.py:3947} INFO - Setting next_dagrun for youtube_english_video_pipeline to 2026-09-14 12:00:00+00:00, run_after=2026-09-15 12:00:00+00:00
[2026-09-15T00:42:31.654+0000] {processor.py:183} INFO - Processing /opt/airflow/dags/youtube_pipeline.py took 0.188 seconds
[2026-09-15T00:43:01.744+0000] {processor.py:161} INFO - Started process (PID=18095) to work on /opt/airflow/dags/youtube_pipeline.py
[2026-09-15T00:43:01.745+0000] {processor.py:830} INFO - Processing file /opt/airflow/dags/youtube_pipeline.py for tasks to queue
[2026-09-15T00:43:01.748+0000] {logging_mixin.py:188} INFO - [2026-09-15T00:43:01.747+0000] {dagbag.py:545} INFO - Filling up the DagBag from /opt/airflow/dags/youtube_pipeline.py
[2026-09-15T00:43:01.800+0000] {processor.py:840} INFO - DAG(s) 'youtube_english_video_pipeline' retrieved from /opt/airflow/dags/youtube_pipeline.py
[2026-09-15T00:43:01.831+0000] {logging_mixin.py:188} INFO - [2026-09-15T00:43:01.830+0000] {dag.py:3089} INFO - Sync 1 DAGs
[2026-09-15T00:43:01.846+0000] {logging_mixin.py:188} INFO - [2026-09-15T00:43:01.846+0000] {dag.py:3947} INFO - Setting next_dagrun for youtube_english_video_pipeline to 2026-09-14 12:00:00+00:00, run_after=2026-09-15 12:00:00+00:00
[2026-09-15T00:43:01.860+0000] {processor.py:183} INFO - Processing /opt/airflow/dags/youtube_pipeline.py took 0.126 seconds
[2026-09-15T00:43:32.088+0000] {processor.py:161} INFO - Started process (PID=18100) to work on /opt/airflow/dags/youtube_pipeline.py
[2026-09-15T00:43:32.089+0000] {processor.py:830} INFO - Processing file /opt/airflow/dags/youtube_pipeline.py for tasks to queue
[2026-09-15T00:43:32.090+0000] {logging_mixin.py:188} INFO - [2026-09-15T00:43:32.090+0000] {dagbag.py:545} INFO - Filling up the DagBag from /opt/airflow/dags/youtube_pipeline.py
[2026-09-15T00:43:32.125+0000] {processor.py:840} INFO - DAG(s) 'youtube_english_video_pipeline' retrieved from /opt/airflow/dags/youtube_pipeline.py
[2026-09-15T00:43:32.156+0000] {logging_mixin.py:188} INFO - [2026-09-15T00:43:32.156+0000] {dag.py:3089} INFO - Sync 1 DAGs
[2026-09-15T00:43:32.173+0000] {logging_mixin.py:188} INFO - [2026-09-15T00:43:32.172+0000] {dag.py:3947} INFO - Setting next_dagrun for youtube_english_video_pipeline to 2026-09-14 12:00:00+00:00, run_after=2026-09-15 12:00:00+00:00
[2026-09-15T00:43:32.199+0000] {processor.py:183} INFO - Processing /opt/airflow/dags/youtube_pipeline.py took 0.116 seconds
[2026-09-15T00:44:02.328+0000] {processor.py:161} INFO - Started process (PID=18105) to work on /opt/airflow/dags/youtube_pipeline.py
[2026-09-15T00:44:02.329+0000] {processor.py:830} INFO - Processing file /opt/airflow/dags/youtube_pipeline.py for tasks to queue
[2026-09-15T00:44:02.332+0000] {logging_mixin.py:188} INFO - [2026-09-15T00:44:02.332+0000] {dagbag.py:545} INFO - Filling up the DagBag from /opt/airflow/dags/youtube_pipeline.py
[2026-09-15T00:44:02.373+0000] {processor.py:840} INFO - DAG(s) 'youtube_english_video_pipeline' retrieved from /opt/airflow/dags/youtube_pipeline.py
[2026-09-15T00:44:02.423+0000] {logging_mixin.py:188} INFO - [2026-09-15T00:44:02.423+0000] {dag.py:3089} INFO - Sync 1 DAGs
[2026-09-15T00:44:02.439+0000] {logging_mixin.py:188} INFO - [2026-09-15T00:44:02.439+0000] {dag.py:3947} INFO - Setting next_dagrun for youtube_english_video_pipeline to 2026-09-14 12:00:00+00:00, run_after=2026-09-15 12:00:00+00:00
[2026-09-15T00:44:02.455+0000] {processor.py:183} INFO - Processing /opt/airflow/dags/youtube_pipeline.py took 0.135 seconds
[2026-09-15T00:44:32.781+0000] {processor.py:161} INFO - Started process (PID=18110) to work on /opt/airflow/dags/youtube_pipeline.py
[2026-09-15T00:44:32.783+0000] {processor.py:830} INFO - Processing file /opt/airflow/dags/youtube_pipeline.py for tasks to queue
[2026-09-15T00:44:32.787+0000] {logging_mixin.py:188} INFO - [2026-09-15T00:44:32.787+0000] {dagbag.py:545} INFO - Filling up the DagBag from /opt/airflow/dags/youtube_pipeline.py
[2026-09-15T00:44:32.870+0000] {processor.py:840} INFO - DAG(s) 'youtube_english_video_pipeline' retrieved from /opt/airflow/dags/youtube_pipeline.py
[2026-09-15T00:44:32.903+0000] {logging_mixin.py:188} INFO - [2026-09-15T00:44:32.903+0000] {dag.py:3089} INFO - Sync 1 DAGs
[2026-09-15T00:44:32.919+0000] {logging_mixin.py:188} INFO - [2026-09-15T00:44:32.919+0000] {dag.py:3947} INFO - Setting next_dagrun for youtube_english_video_pipeline to 2026-09-14 12:00:00+00:00, run_after=2026-09-15 12:00:00+00:00
[2026-09-15T00:44:32.939+0000] {processor.py:183} INFO - Processing /opt/airflow/dags/youtube_pipeline.py took 0.171 seconds
[2026-09-15T00:45:03.103+0000] {processor.py:161} INFO - Started process (PID=18115) to work on /opt/airflow/dags/youtube_pipeline.py
[2026-09-15T00:45:03.106+0000] {processor.py:830} INFO - Processing file /opt/airflow/dags/youtube_pipeline.py for tasks to queue
[2026-09-15T00:45:03.109+0000] {logging_mixin.py:188} INFO - [2026-09-15T00:45:03.109+0000] {dagbag.py:545} INFO - Filling up the DagBag from /opt/airflow/dags/youtube_pipeline.py
[2026-09-15T00:45:03.162+0000] {processor.py:840} INFO - DAG(s) 'youtube_english_video_pipeline' retrieved from /opt/airflow/dags/youtube_pipeline.py
[2026-09-15T00:45:03.192+0000] {logging_mixin.py:188} INFO - [2026-09-15T00:45:03.191+0000] {dag.py:3089} INFO - Sync 1 DAGs
[2026-09-15T00:45:03.205+0000] {logging_mixin.py:188} INFO - [2026-09-15T00:45:03.205+0000] {dag.py:3947} INFO - Setting next_dagrun for youtube_english_video_pipeline to 2026-09-14 12:00:00+00:00, run_after=2026-09-15 12:00:00+00:00
[2026-09-15T00:45:03.220+0000] {processor.py:183} INFO - Processing /opt/airflow/dags/youtube_pipeline.py took 0.129 seconds
[2026-09-15T00:45:33.597+0000] {processor.py:161} INFO - Started process (PID=18120) to work on /opt/airflow/dags/youtube_pipeline.py
[2026-09-15T00:45:33.599+0000] {processor.py:830} INFO - Processing file /opt/airflow/dags/youtube_pipeline.py for tasks to queue
[2026-09-15T00:45:33.601+0000] {logging_mixin.py:188} INFO - [2026-09-15T00:45:33.601+0000] {dagbag.py:545} INFO - Filling up the DagBag from /opt/airflow/dags/youtube_pipeline.py
[2026-09-15T00:45:33.697+0000] {processor.py:840} INFO - DAG(s) 'youtube_english_video_pipeline' retrieved from /opt/airflow/dags/youtube_pipeline.py
[2026-09-15T00:45:33.729+0000] {logging_mixin.py:188} INFO - [2026-09-15T00:45:33.729+0000] {dag.py:3089} INFO - Sync 1 DAGs
[2026-09-15T00:45:33.745+0000] {logging_mixin.py:188} INFO - [2026-09-15T00:45:33.744+0000] {dag.py:3947} INFO - Setting next_dagrun for youtube_english_video_pipeline to 2026-09-14 12:00:00+00:00, run_after=2026-09-15 12:00:00+00:00
[2026-09-15T00:45:33.768+0000] {processor.py:183} INFO - Processing /opt/airflow/dags/youtube_pipeline.py took 0.180 seconds
[2026-09-15T00:46:04.006+0000] {processor.py:161} INFO - Started process (PID=18125) to work on /opt/airflow/dags/youtube_pipeline.py
[2026-09-15T00:46:04.010+0000] {processor.py:830} INFO - Processing file /opt/airflow/dags/youtube_pipeline.py for tasks to queue
[2026-09-15T00:46:04.014+0000] {logging_mixin.py:188} INFO - [2026-09-15T00:46:04.014+0000] {dagbag.py:545} INFO - Filling up the DagBag from /opt/airflow/dags/youtube_pipeline.py
[2026-09-15T00:46:04.119+0000] {processor.py:840} INFO - DAG(s) 'youtube_english_video_pipeline' retrieved from /opt/airflow/dags/youtube_pipeline.py
[2026-09-15T00:46:04.155+0000] {logging_mixin.py:188} INFO - [2026-09-15T00:46:04.155+0000] {dag.py:3089} INFO - Sync 1 DAGs
[2026-09-15T00:46:04.170+0000] {logging_mixin.py:188} INFO - [2026-09-15T00:46:04.170+0000] {dag.py:3947} INFO - Setting next_dagrun for youtube_english_video_pipeline to 2026-09-14 12:00:00+00:00, run_after=2026-09-15 12:00:00+00:00
[2026-09-15T00:46:04.187+0000] {processor.py:183} INFO - Processing /opt/airflow/dags/youtube_pipeline.py took 0.187 seconds
[2026-09-15T00:46:34.297+0000] {processor.py:161} INFO - Started process (PID=18130) to work on /opt/airflow/dags/youtube_pipeline.py
[2026-09-15T00:46:34.298+0000] {processor.py:830} INFO - Processing file /opt/airflow/dags/youtube_pipeline.py for tasks to queue
[2026-09-15T00:46:34.299+0000] {logging_mixin.py:188} INFO - [2026-09-15T00:46:34.299+0000] {dagbag.py:545} INFO - Filling up the DagBag from /opt/airflow/dags/youtube_pipeline.py
[2026-09-15T00:46:34.332+0000] {processor.py:840} INFO - DAG(s) 'youtube_english_video_pipeline' retrieved from /opt/airflow/dags/youtube_pipeline.py
[2026-09-15T00:46:34.369+0000] {logging_mixin.py:188} INFO - [2026-09-15T00:46:34.369+0000] {dag.py:3089} INFO - Sync 1 DAGs
[2026-09-15T00:46:34.387+0000] {logging_mixin.py:188} INFO - [2026-09-15T00:46:34.387+0000] {dag.py:3947} INFO - Setting next_dagrun for youtube_english_video_pipeline to 2026-09-14 12:00:00+00:00, run_after=2026-09-15 12:00:00+00:00
[2026-09-15T00:46:34.402+0000] {processor.py:183} INFO - Processing /opt/airflow/dags/youtube_pipeline.py took 0.111 seconds
[2026-09-15T00:47:04.616+0000] {processor.py:161} INFO - Started process (PID=18135) to work on /opt/airflow/dags/youtube_pipeline.py
[2026-09-15T00:47:04.617+0000] {processor.py:830} INFO - Processing file /opt/airflow/dags/youtube_pipeline.py for tasks to queue
[2026-09-15T00:47:04.618+0000] {logging_mixin.py:188} INFO - [2026-09-15T00:47:04.618+0000] {dagbag.py:545} INFO - Filling up the DagBag from /opt/airflow/dags/youtube_pipeline.py
[2026-09-15T00:47:04.681+0000] {processor.py:840} INFO - DAG(s) 'youtube_english_video_pipeline' retrieved from /opt/airflow/dags/youtube_pipeline.py
[2026-09-15T00:47:04.711+0000] {logging_mixin.py:188} INFO - [2026-09-15T00:47:04.711+0000] {dag.py:3089} INFO - Sync 1 DAGs
[2026-09-15T00:47:04.725+0000] {logging_mixin.py:188} INFO - [2026-09-15T00:47:04.725+0000] {dag.py:3947} INFO - Setting next_dagrun for youtube_english_video_pipeline to 2026-09-14 12:00:00+00:00, run_after=2026-09-15 12:00:00+00:00
[2026-09-15T00:47:04.752+0000] {processor.py:183} INFO - Processing /opt/airflow/dags/youtube_pipeline.py took 0.144 seconds
[2026-09-15T00:47:35.160+0000] {processor.py:161} INFO - Started process (PID=18140) to work on /opt/airflow/dags/youtube_pipeline.py
[2026-09-15T00:47:35.163+0000] {processor.py:830} INFO - Processing file /opt/airflow/dags/youtube_pipeline.py for tasks to queue
[2026-09-15T00:47:35.167+0000] {logging_mixin.py:188} INFO - [2026-09-15T00:47:35.167+0000] {dagbag.py:545} INFO - Filling up the DagBag from /opt/airflow/dags/youtube_pipeline.py
[2026-09-15T00:47:35.276+0000] {processor.py:840} INFO - DAG(s) 'youtube_english_video_pipeline' retrieved from /opt/airflow/dags/youtube_pipeline.py
[2026-09-15T00:47:35.309+0000] {logging_mixin.py:188} INFO - [2026-09-15T00:47:35.308+0000] {dag.py:3089} INFO - Sync 1 DAGs
[2026-09-15T00:47:35.323+0000] {logging_mixin.py:188} INFO - [2026-09-15T00:47:35.323+0000] {dag.py:3947} INFO - Setting next_dagrun for youtube_english_video_pipeline to 2026-09-14 12:00:00+00:00, run_after=2026-09-15 12:00:00+00:00
[2026-09-15T00:47:35.345+0000] {processor.py:183} INFO - Processing /opt/airflow/dags/youtube_pipeline.py took 0.198 seconds
[2026-09-15T00:48:05.809+0000] {processor.py:161} INFO - Started process (PID=18145) to work on /opt/airflow/dags/youtube_pipeline.py
[2026-09-15T00:48:05.814+0000] {processor.py:830} INFO - Processing file /opt/airflow/dags/youtube_pipeline.py for tasks to queue
[2026-09-15T00:48:05.821+0000] {logging_mixin.py:188} INFO - [2026-09-15T00:48:05.820+0000] {dagbag.py:545} INFO - Filling up the DagBag from /opt/airflow/dags/youtube_pipeline.py
[2026-09-15T00:48:06.011+0000] {processor.py:840} INFO - DAG(s) 'youtube_english_video_pipeline' retrieved from /opt/airflow/dags/youtube_pipeline.py
[2026-09-15T00:48:06.044+0000] {logging_mixin.py:188} INFO - [2026-09-15T00:48:06.044+0000] {dag.py:3089} INFO - Sync 1 DAGs
[2026-09-15T00:48:06.058+0000] {logging_mixin.py:188} INFO - [2026-09-15T00:48:06.057+0000] {dag.py:3947} INFO - Setting next_dagrun for youtube_english_video_pipeline to 2026-09-14 12:00:00+00:00, run_after=2026-09-15 12:00:00+00:00
[2026-09-15T00:48:06.079+0000] {processor.py:183} INFO - Processing /opt/airflow/dags/youtube_pipeline.py took 0.280 seconds
[2026-09-15T00:48:36.215+0000] {processor.py:161} INFO - Started process (PID=18150) to work on /opt/airflow/dags/youtube_pipeline.py
[2026-09-15T00:48:36.216+0000] {processor.py:830} INFO - Processing file /opt/airflow/dags/youtube_pipeline.py for tasks to queue
[2026-09-15T00:48:36.219+0000] {logging_mixin.py:188} INFO - [2026-09-15T00:48:36.219+0000] {dagbag.py:545} INFO - Filling up the DagBag from /opt/airflow/dags/youtube_pipeline.py
[2026-09-15T00:48:36.278+0000] {processor.py:840} INFO - DAG(s) 'youtube_english_video_pipeline' retrieved from /opt/airflow/dags/youtube_pipeline.py
[2026-09-15T00:48:36.307+0000] {logging_mixin.py:188} INFO - [2026-09-15T00:48:36.307+0000] {dag.py:3089} INFO - Sync 1 DAGs
[2026-09-15T00:48:36.323+0000] {logging_mixin.py:188} INFO - [2026-09-15T00:48:36.323+0000] {dag.py:3947} INFO - Setting next_dagrun for youtube_english_video_pipeline to 2026-09-14 12:00:00+00:00, run_after=2026-09-15 12:00:00+00:00
[2026-09-15T00:48:36.358+0000] {processor.py:183} INFO - Processing /opt/airflow/dags/youtube_pipeline.py took 0.153 seconds
[2026-09-15T00:49:06.543+0000] {processor.py:161} INFO - Started process (PID=18155) to work on /opt/airflow/dags/youtube_pipeline.py
[2026-09-15T00:49:06.545+0000] {processor.py:830} INFO - Processing file /opt/airflow/dags/youtube_pipeline.py for tasks to queue
[2026-09-15T00:49:06.548+0000] {logging_mixin.py:188} INFO - [2026-09-15T00:49:06.547+0000] {dagbag.py:545} INFO - Filling up the DagBag from /opt/airflow/dags/youtube_pipeline.py
[2026-09-15T00:49:06.587+0000] {processor.py:840} INFO - DAG(s) 'youtube_english_video_pipeline' retrieved from /opt/airflow/dags/youtube_pipeline.py
[2026-09-15T00:49:06.616+0000] {logging_mixin.py:188} INFO - [2026-09-15T00:49:06.616+0000] {dag.py:3089} INFO - Sync 1 DAGs
[2026-09-15T00:49:06.633+0000] {logging_mixin.py:188} INFO - [2026-09-15T00:49:06.633+0000] {dag.py:3947} INFO - Setting next_dagrun for youtube_english_video_pipeline to 2026-09-14 12:00:00+00:00, run_after=2026-09-15 12:00:00+00:00
[2026-09-15T00:49:06.661+0000] {processor.py:183} INFO - Processing /opt/airflow/dags/youtube_pipeline.py took 0.129 seconds
[2026-09-15T00:49:37.070+0000] {processor.py:161} INFO - Started process (PID=18160) to work on /opt/airflow/dags/youtube_pipeline.py
[2026-09-15T00:49:37.072+0000] {processor.py:830} INFO - Processing file /opt/airflow/dags/youtube_pipeline.py for tasks to queue
[2026-09-15T00:49:37.076+0000] {logging_mixin.py:188} INFO - [2026-09-15T00:49:37.075+0000] {dagbag.py:545} INFO - Filling up the DagBag from /opt/airflow/dags/youtube_pipeline.py
[2026-09-15T00:49:37.163+0000] {processor.py:840} INFO - DAG(s) 'youtube_english_video_pipeline' retrieved from /opt/airflow/dags/youtube_pipeline.py
[2026-09-15T00:49:37.194+0000] {logging_mixin.py:188} INFO - [2026-09-15T00:49:37.194+0000] {dag.py:3089} INFO - Sync 1 DAGs
[2026-09-15T00:49:37.210+0000] {logging_mixin.py:188} INFO - [2026-09-15T00:49:37.209+0000] {dag.py:3947} INFO - Setting next_dagrun for youtube_english_video_pipeline to 2026-09-14 12:00:00+00:00, run_after=2026-09-15 12:00:00+00:00
[2026-09-15T00:49:37.233+0000] {processor.py:183} INFO - Processing /opt/airflow/dags/youtube_pipeline.py took 0.175 seconds
[2026-09-15T00:50:07.359+0000] {processor.py:161} INFO - Started process (PID=18165) to work on /opt/airflow/dags/youtube_pipeline.py
[2026-09-15T00:50:07.360+0000] {processor.py:830} INFO - Processing file /opt/airflow/dags/youtube_pipeline.py for tasks to queue
[2026-09-15T00:50:07.362+0000] {logging_mixin.py:188} INFO - [2026-09-15T00:50:07.362+0000] {dagbag.py:545} INFO - Filling up the DagBag from /opt/airflow/dags/youtube_pipeline.py
[2026-09-15T00:50:07.411+0000] {processor.py:840} INFO - DAG(s) 'youtube_english_video_pipeline' retrieved from /opt/airflow/dags/youtube_pipeline.py
[2026-09-15T00:50:07.446+0000] {logging_mixin.py:188} INFO - [2026-09-15T00:50:07.446+0000] {dag.py:3089} INFO - Sync 1 DAGs
[2026-09-15T00:50:07.466+0000] {logging_mixin.py:188} INFO - [2026-09-15T00:50:07.465+0000] {dag.py:3947} INFO - Setting next_dagrun for youtube_english_video_pipeline to 2026-09-14 12:00:00+00:00, run_after=2026-09-15 12:00:00+00:00
[2026-09-15T00:50:07.497+0000] {processor.py:183} INFO - Processing /opt/airflow/dags/youtube_pipeline.py took 0.145 seconds
[2026-09-15T00:50:37.782+0000] {processor.py:161} INFO - Started process (PID=18170) to work on /opt/airflow/dags/youtube_pipeline.py
[2026-09-15T00:50:37.783+0000] {processor.py:830} INFO - Processing file /opt/airflow/dags/youtube_pipeline.py for tasks to queue
[2026-09-15T00:50:37.788+0000] {logging_mixin.py:188} INFO - [2026-09-15T00:50:37.788+0000] {dagbag.py:545} INFO - Filling up the DagBag from /opt/airflow/dags/youtube_pipeline.py
[2026-09-15T00:50:37.980+0000] {processor.py:840} INFO - DAG(s) 'youtube_english_video_pipeline' retrieved from /opt/airflow/dags/youtube_pipeline.py
[2026-09-15T00:50:38.012+0000] {logging_mixin.py:188} INFO - [2026-09-15T00:50:38.011+0000] {dag.py:3089} INFO - Sync 1 DAGs
[2026-09-15T00:50:38.027+0000] {logging_mixin.py:188} INFO - [2026-09-15T00:50:38.027+0000] {dag.py:3947} INFO - Setting next_dagrun for youtube_english_video_pipeline to 2026-09-14 12:00:00+00:00, run_after=2026-09-15 12:00:00+00:00
[2026-09-15T00:50:38.041+0000] {processor.py:183} INFO - Processing /opt/airflow/dags/youtube_pipeline.py took 0.267 seconds
[2026-09-15T00:51:08.162+0000] {processor.py:161} INFO - Started process (PID=18175) to work on /opt/airflow/dags/youtube_pipeline.py
[2026-09-15T00:51:08.165+0000] {processor.py:830} INFO - Processing file /opt/airflow/dags/youtube_pipeline.py for tasks to queue
[2026-09-15T00:51:08.169+0000] {logging_mixin.py:188} INFO - [2026-09-15T00:51:08.169+0000] {dagbag.py:545} INFO - Filling up the DagBag from /opt/airflow/dags/youtube_pipeline.py
[2026-09-15T00:51:08.217+0000] {processor.py:840} INFO - DAG(s) 'youtube_english_video_pipeline' retrieved from /opt/airflow/dags/youtube_pipeline.py
[2026-09-15T00:51:08.272+0000] {logging_mixin.py:188} INFO - [2026-09-15T00:51:08.272+0000] {dag.py:3089} INFO - Sync 1 DAGs
[2026-09-15T00:51:08.298+0000] {logging_mixin.py:188} INFO - [2026-09-15T00:51:08.298+0000] {dag.py:3947} INFO - Setting next_dagrun for youtube_english_video_pipeline to 2026-09-14 12:00:00+00:00, run_after=2026-09-15 12:00:00+00:00
[2026-09-15T00:51:08.321+0000] {processor.py:183} INFO - Processing /opt/airflow/dags/youtube_pipeline.py took 0.170 seconds
[2026-09-15T00:51:38.625+0000] {processor.py:161} INFO - Started process (PID=18180) to work on /opt/airflow/dags/youtube_pipeline.py
[2026-09-15T00:51:38.626+0000] {processor.py:830} INFO - Processing file /opt/airflow/dags/youtube_pipeline.py for tasks to queue
[2026-09-15T00:51:38.628+0000] {logging_mixin.py:188} INFO - [2026-09-15T00:51:38.628+0000] {dagbag.py:545} INFO - Filling up the DagBag from /opt/airflow/dags/youtube_pipeline.py
[2026-09-15T00:51:38.667+0000] {processor.py:840} INFO - DAG(s) 'youtube_english_video_pipeline' retrieved from /opt/airflow/dags/youtube_pipeline.py
[2026-09-15T00:51:38.704+0000] {logging_mixin.py:188} INFO - [2026-09-15T00:51:38.703+0000] {dag.py:3089} INFO - Sync 1 DAGs
[2026-09-15T00:51:38.722+0000] {logging_mixin.py:188} INFO - [2026-09-15T00:51:38.722+0000] {dag.py:3947} INFO - Setting next_dagrun for youtube_english_video_pipeline to 2026-09-14 12:00:00+00:00, run_after=2026-09-15 12:00:00+00:00
[2026-09-15T00:51:38.741+0000] {processor.py:183} INFO - Processing /opt/airflow/dags/youtube_pipeline.py took 0.122 seconds
[2026-09-15T00:52:08.941+0000] {processor.py:161} INFO - Started process (PID=18185) to work on /opt/airflow/dags/youtube_pipeline.py
[2026-09-15T00:52:08.944+0000] {processor.py:830} INFO - Processing file /opt/airflow/dags/youtube_pipeline.py for tasks to queue
[2026-09-15T00:52:08.948+0000] {logging_mixin.py:188} INFO - [2026-09-15T00:52:08.947+0000] {dagbag.py:545} INFO - Filling up the DagBag from /opt/airflow/dags/youtube_pipeline.py
[2026-09-15T00:52:09.026+0000] {processor.py:840} INFO - DAG(s) 'youtube_english_video_pipeline' retrieved from /opt/airflow/dags/youtube_pipeline.py
[2026-09-15T00:52:09.074+0000] {logging_mixin.py:188} INFO - [2026-09-15T00:52:09.074+0000] {dag.py:3089} INFO - Sync 1 DAGs
[2026-09-15T00:52:09.091+0000] {logging_mixin.py:188} INFO - [2026-09-15T00:52:09.090+0000] {dag.py:3947} INFO - Setting next_dagrun for youtube_english_video_pipeline to 2026-09-14 12:00:00+00:00, run_after=2026-09-15 12:00:00+00:00
[2026-09-15T00:52:09.114+0000] {processor.py:183} INFO - Processing /opt/airflow/dags/youtube_pipeline.py took 0.187 seconds
[2026-09-15T00:52:39.411+0000] {processor.py:161} INFO - Started process (PID=18190) to work on /opt/airflow/dags/youtube_pipeline.py
[2026-09-15T00:52:39.414+0000] {processor.py:830} INFO - Processing file /opt/airflow/dags/youtube_pipeline.py for tasks to queue
[2026-09-15T00:52:39.417+0000] {logging_mixin.py:188} INFO - [2026-09-15T00:52:39.417+0000] {dagbag.py:545} INFO - Filling up the DagBag from /opt/airflow/dags/youtube_pipeline.py
[2026-09-15T00:52:39.527+0000] {processor.py:840} INFO - DAG(s) 'youtube_english_video_pipeline' retrieved from /opt/airflow/dags/youtube_pipeline.py
[2026-09-15T00:52:39.621+0000] {logging_mixin.py:188} INFO - [2026-09-15T00:52:39.621+0000] {dag.py:3089} INFO - Sync 1 DAGs
[2026-09-15T00:52:39.636+0000] {logging_mixin.py:188} INFO - [2026-09-15T00:52:39.636+0000] {dag.py:3947} INFO - Setting next_dagrun for youtube_english_video_pipeline to 2026-09-14 12:00:00+00:00, run_after=2026-09-15 12:00:00+00:00
[2026-09-15T00:52:39.653+0000] {processor.py:183} INFO - Processing /opt/airflow/dags/youtube_pipeline.py took 0.253 seconds
[2026-09-15T00:53:09.935+0000] {processor.py:161} INFO - Started process (PID=18195) to work on /opt/airflow/dags/youtube_pipeline.py
[2026-09-15T00:53:09.939+0000] {processor.py:830} INFO - Processing file /opt/airflow/dags/youtube_pipeline.py for tasks to queue
[2026-09-15T00:53:09.944+0000] {logging_mixin.py:188} INFO - [2026-09-15T00:53:09.943+0000] {dagbag.py:545} INFO - Filling up the DagBag from /opt/airflow/dags/youtube_pipeline.py
[2026-09-15T00:53:09.993+0000] {processor.py:840} INFO - DAG(s) 'youtube_english_video_pipeline' retrieved from /opt/airflow/dags/youtube_pipeline.py
[2026-09-15T00:53:10.033+0000] {logging_mixin.py:188} INFO - [2026-09-15T00:53:10.033+0000] {dag.py:3089} INFO - Sync 1 DAGs
[2026-09-15T00:53:10.049+0000] {logging_mixin.py:188} INFO - [2026-09-15T00:53:10.049+0000] {dag.py:3947} INFO - Setting next_dagrun for youtube_english_video_pipeline to 2026-09-14 12:00:00+00:00, run_after=2026-09-15 12:00:00+00:00
[2026-09-15T00:53:10.073+0000] {processor.py:183} INFO - Processing /opt/airflow/dags/youtube_pipeline.py took 0.150 seconds
[2026-09-15T00:53:40.248+0000] {processor.py:161} INFO - Started process (PID=18200) to work on /opt/airflow/dags/youtube_pipeline.py
[2026-09-15T00:53:40.249+0000] {processor.py:830} INFO - Processing file /opt/airflow/dags/youtube_pipeline.py for tasks to queue
[2026-09-15T00:53:40.251+0000] {logging_mixin.py:188} INFO - [2026-09-15T00:53:40.250+0000] {dagbag.py:545} INFO - Filling up the DagBag from /opt/airflow/dags/youtube_pipeline.py
[2026-09-15T00:53:40.285+0000] {processor.py:840} INFO - DAG(s) 'youtube_english_video_pipeline' retrieved from /opt/airflow/dags/youtube_pipeline.py
[2026-09-15T00:53:40.318+0000] {logging_mixin.py:188} INFO - [2026-09-15T00:53:40.318+0000] {dag.py:3089} INFO - Sync 1 DAGs
[2026-09-15T00:53:40.333+0000] {logging_mixin.py:188} INFO - [2026-09-15T00:53:40.333+0000] {dag.py:3947} INFO - Setting next_dagrun for youtube_english_video_pipeline to 2026-09-14 12:00:00+00:00, run_after=2026-09-15 12:00:00+00:00
[2026-09-15T00:53:40.354+0000] {processor.py:183} INFO - Processing /opt/airflow/dags/youtube_pipeline.py took 0.112 seconds
[2026-09-15T00:54:10.820+0000] {processor.py:161} INFO - Started process (PID=18205) to work on /opt/airflow/dags/youtube_pipeline.py
[2026-09-15T00:54:10.821+0000] {processor.py:830} INFO - Processing file /opt/airflow/dags/youtube_pipeline.py for tasks to queue
[2026-09-15T00:54:10.823+0000] {logging_mixin.py:188} INFO - [2026-09-15T00:54:10.823+0000] {dagbag.py:545} INFO - Filling up the DagBag from /opt/airflow/dags/youtube_pipeline.py
[2026-09-15T00:54:10.878+0000] {processor.py:840} INFO - DAG(s) 'youtube_english_video_pipeline' retrieved from /opt/airflow/dags/youtube_pipeline.py
[2026-09-15T00:54:10.910+0000] {logging_mixin.py:188} INFO - [2026-09-15T00:54:10.910+0000] {dag.py:3089} INFO - Sync 1 DAGs
[2026-09-15T00:54:10.927+0000] {logging_mixin.py:188} INFO - [2026-09-15T00:54:10.927+0000] {dag.py:3947} INFO - Setting next_dagrun for youtube_english_video_pipeline to 2026-09-14 12:00:00+00:00, run_after=2026-09-15 12:00:00+00:00
[2026-09-15T00:54:10.953+0000] {processor.py:183} INFO - Processing /opt/airflow/dags/youtube_pipeline.py took 0.140 seconds
[2026-09-15T00:54:41.071+0000] {processor.py:161} INFO - Started process (PID=18210) to work on /opt/airflow/dags/youtube_pipeline.py
[2026-09-15T00:54:41.072+0000] {processor.py:830} INFO - Processing file /opt/airflow/dags/youtube_pipeline.py for tasks to queue
[2026-09-15T00:54:41.073+0000] {logging_mixin.py:188} INFO - [2026-09-15T00:54:41.073+0000] {dagbag.py:545} INFO - Filling up the DagBag from /opt/airflow/dags/youtube_pipeline.py
[2026-09-15T00:54:41.097+0000] {processor.py:840} INFO - DAG(s) 'youtube_english_video_pipeline' retrieved from /opt/airflow/dags/youtube_pipeline.py
[2026-09-15T00:54:41.125+0000] {logging_mixin.py:188} INFO - [2026-09-15T00:54:41.125+0000] {dag.py:3089} INFO - Sync 1 DAGs
[2026-09-15T00:54:41.140+0000] {logging_mixin.py:188} INFO - [2026-09-15T00:54:41.140+0000] {dag.py:3947} INFO - Setting next_dagrun for youtube_english_video_pipeline to 2026-09-14 12:00:00+00:00, run_after=2026-09-15 12:00:00+00:00
[2026-09-15T00:54:41.156+0000] {processor.py:183} INFO - Processing /opt/airflow/dags/youtube_pipeline.py took 0.091 seconds
[2026-09-15T00:55:11.614+0000] {processor.py:161} INFO - Started process (PID=18215) to work on /opt/airflow/dags/youtube_pipeline.py
[2026-09-15T00:55:11.616+0000] {processor.py:830} INFO - Processing file /opt/airflow/dags/youtube_pipeline.py for tasks to queue
[2026-09-15T00:55:11.620+0000] {logging_mixin.py:188} INFO - [2026-09-15T00:55:11.620+0000] {dagbag.py:545} INFO - Filling up the DagBag from /opt/airflow/dags/youtube_pipeline.py
[2026-09-15T00:55:11.782+0000] {processor.py:840} INFO - DAG(s) 'youtube_english_video_pipeline' retrieved from /opt/airflow/dags/youtube_pipeline.py
[2026-09-15T00:55:11.815+0000] {logging_mixin.py:188} INFO - [2026-09-15T00:55:11.815+0000] {dag.py:3089} INFO - Sync 1 DAGs
[2026-09-15T00:55:11.830+0000] {logging_mixin.py:188} INFO - [2026-09-15T00:55:11.830+0000] {dag.py:3947} INFO - Setting next_dagrun for youtube_english_video_pipeline to 2026-09-14 12:00:00+00:00, run_after=2026-09-15 12:00:00+00:00
[2026-09-15T00:55:11.856+0000] {processor.py:183} INFO - Processing /opt/airflow/dags/youtube_pipeline.py took 0.256 seconds
[2026-09-15T00:55:42.370+0000] {processor.py:161} INFO - Started process (PID=18220) to work on /opt/airflow/dags/youtube_pipeline.py
[2026-09-15T00:55:42.372+0000] {processor.py:830} INFO - Processing file /opt/airflow/dags/youtube_pipeline.py for tasks to queue
[2026-09-15T00:55:42.389+0000] {logging_mixin.py:188} INFO - [2026-09-15T00:55:42.389+0000] {dagbag.py:545} INFO - Filling up the DagBag from /opt/airflow/dags/youtube_pipeline.py
[2026-09-15T00:55:42.609+0000] {processor.py:840} INFO - DAG(s) 'youtube_english_video_pipeline' retrieved from /opt/airflow/dags/youtube_pipeline.py
[2026-09-15T00:55:42.647+0000] {logging_mixin.py:188} INFO - [2026-09-15T00:55:42.647+0000] {dag.py:3089} INFO - Sync 1 DAGs
[2026-09-15T00:55:42.662+0000] {logging_mixin.py:188} INFO - [2026-09-15T00:55:42.662+0000] {dag.py:3947} INFO - Setting next_dagrun for youtube_english_video_pipeline to 2026-09-14 12:00:00+00:00, run_after=2026-09-15 12:00:00+00:00
[2026-09-15T00:55:42.727+0000] {processor.py:183} INFO - Processing /opt/airflow/dags/youtube_pipeline.py took 0.370 seconds
[2026-09-15T00:56:13.092+0000] {processor.py:161} INFO - Started process (PID=18225) to work on /opt/airflow/dags/youtube_pipeline.py
[2026-09-15T00:56:13.093+0000] {processor.py:830} INFO - Processing file /opt/airflow/dags/youtube_pipeline.py for tasks to queue
[2026-09-15T00:56:13.094+0000] {logging_mixin.py:188} INFO - [2026-09-15T00:56:13.094+0000] {dagbag.py:545} INFO - Filling up the DagBag from /opt/airflow/dags/youtube_pipeline.py
[2026-09-15T00:56:13.113+0000] {processor.py:840} INFO - DAG(s) 'youtube_english_video_pipeline' retrieved from /opt/airflow/dags/youtube_pipeline.py
[2026-09-15T00:56:13.142+0000] {logging_mixin.py:188} INFO - [2026-09-15T00:56:13.141+0000] {dag.py:3089} INFO - Sync 1 DAGs
[2026-09-15T00:56:13.156+0000] {logging_mixin.py:188} INFO - [2026-09-15T00:56:13.156+0000] {dag.py:3947} INFO - Setting next_dagrun for youtube_english_video_pipeline to 2026-09-14 12:00:00+00:00, run_after=2026-09-15 12:00:00+00:00
[2026-09-15T00:56:13.173+0000] {processor.py:183} INFO - Processing /opt/airflow/dags/youtube_pipeline.py took 0.086 seconds
[2026-09-15T00:56:43.336+0000] {processor.py:161} INFO - Started process (PID=18230) to work on /opt/airflow/dags/youtube_pipeline.py
[2026-09-15T00:56:43.336+0000] {processor.py:830} INFO - Processing file /opt/airflow/dags/youtube_pipeline.py for tasks to queue
[2026-09-15T00:56:43.338+0000] {logging_mixin.py:188} INFO - [2026-09-15T00:56:43.338+0000] {dagbag.py:545} INFO - Filling up the DagBag from /opt/airflow/dags/youtube_pipeline.py
[2026-09-15T00:56:43.356+0000] {processor.py:840} INFO - DAG(s) 'youtube_english_video_pipeline' retrieved from /opt/airflow/dags/youtube_pipeline.py
[2026-09-15T00:56:43.386+0000] {logging_mixin.py:188} INFO - [2026-09-15T00:56:43.385+0000] {dag.py:3089} INFO - Sync 1 DAGs
[2026-09-15T00:56:43.399+0000] {logging_mixin.py:188} INFO - [2026-09-15T00:56:43.399+0000] {dag.py:3947} INFO - Setting next_dagrun for youtube_english_video_pipeline to 2026-09-14 12:00:00+00:00, run_after=2026-09-15 12:00:00+00:00
[2026-09-15T00:56:43.413+0000] {processor.py:183} INFO - Processing /opt/airflow/dags/youtube_pipeline.py took 0.083 seconds
[2026-09-15T00:57:13.610+0000] {processor.py:161} INFO - Started process (PID=18235) to work on /opt/airflow/dags/youtube_pipeline.py
[2026-09-15T00:57:13.611+0000] {processor.py:830} INFO - Processing file /opt/airflow/dags/youtube_pipeline.py for tasks to queue
[2026-09-15T00:57:13.612+0000] {logging_mixin.py:188} INFO - [2026-09-15T00:57:13.612+0000] {dagbag.py:545} INFO - Filling up the DagBag from /opt/airflow/dags/youtube_pipeline.py
[2026-09-15T00:57:13.631+0000] {processor.py:840} INFO - DAG(s) 'youtube_english_video_pipeline' retrieved from /opt/airflow/dags/youtube_pipeline.py
[2026-09-15T00:57:13.659+0000] {logging_mixin.py:188} INFO - [2026-09-15T00:57:13.659+0000] {dag.py:3089} INFO - Sync 1 DAGs
[2026-09-15T00:57:13.672+0000] {logging_mixin.py:188} INFO - [2026-09-15T00:57:13.672+0000] {dag.py:3947} INFO - Setting next_dagrun for youtube_english_video_pipeline to 2026-09-14 12:00:00+00:00, run_after=2026-09-15 12:00:00+00:00
[2026-09-15T00:57:13.687+0000] {processor.py:183} INFO - Processing /opt/airflow/dags/youtube_pipeline.py took 0.083 seconds
[2026-09-15T00:57:43.854+0000] {processor.py:161} INFO - Started process (PID=18240) to work on /opt/airflow/dags/youtube_pipeline.py
[2026-09-15T00:57:43.855+0000] {processor.py:830} INFO - Processing file /opt/airflow/dags/youtube_pipeline.py for tasks to queue
[2026-09-15T00:57:43.857+0000] {logging_mixin.py:188} INFO - [2026-09-15T00:57:43.856+0000] {dagbag.py:545} INFO - Filling up the DagBag from /opt/airflow/dags/youtube_pipeline.py
[2026-09-15T00:57:43.875+0000] {processor.py:840} INFO - DAG(s) 'youtube_english_video_pipeline' retrieved from /opt/airflow/dags/youtube_pipeline.py
[2026-09-15T00:57:43.906+0000] {logging_mixin.py:188} INFO - [2026-09-15T00:57:43.905+0000] {dag.py:3089} INFO - Sync 1 DAGs
[2026-09-15T00:57:43.922+0000] {logging_mixin.py:188} INFO - [2026-09-15T00:57:43.922+0000] {dag.py:3947} INFO - Setting next_dagrun for youtube_english_video_pipeline to 2026-09-14 12:00:00+00:00, run_after=2026-09-15 12:00:00+00:00
[2026-09-15T00:57:43.952+0000] {processor.py:183} INFO - Processing /opt/airflow/dags/youtube_pipeline.py took 0.105 seconds
[2026-09-15T00:58:14.191+0000] {processor.py:161} INFO - Started process (PID=18245) to work on /opt/airflow/dags/youtube_pipeline.py
[2026-09-15T00:58:14.192+0000] {processor.py:830} INFO - Processing file /opt/airflow/dags/youtube_pipeline.py for tasks to queue
[2026-09-15T00:58:14.194+0000] {logging_mixin.py:188} INFO - [2026-09-15T00:58:14.194+0000] {dagbag.py:545} INFO - Filling up the DagBag from /opt/airflow/dags/youtube_pipeline.py
[2026-09-15T00:58:14.225+0000] {processor.py:840} INFO - DAG(s) 'youtube_english_video_pipeline' retrieved from /opt/airflow/dags/youtube_pipeline.py
[2026-09-15T00:58:14.254+0000] {logging_mixin.py:188} INFO - [2026-09-15T00:58:14.254+0000] {dag.py:3089} INFO - Sync 1 DAGs
[2026-09-15T00:58:14.268+0000] {logging_mixin.py:188} INFO - [2026-09-15T00:58:14.268+0000] {dag.py:3947} INFO - Setting next_dagrun for youtube_english_video_pipeline to 2026-09-14 12:00:00+00:00, run_after=2026-09-15 12:00:00+00:00
[2026-09-15T00:58:14.283+0000] {processor.py:183} INFO - Processing /opt/airflow/dags/youtube_pipeline.py took 0.097 seconds
[2026-09-15T00:58:44.517+0000] {processor.py:161} INFO - Started process (PID=18250) to work on /opt/airflow/dags/youtube_pipeline.py
[2026-09-15T00:58:44.518+0000] {processor.py:830} INFO - Processing file /opt/airflow/dags/youtube_pipeline.py for tasks to queue
[2026-09-15T00:58:44.519+0000] {logging_mixin.py:188} INFO - [2026-09-15T00:58:44.519+0000] {dagbag.py:545} INFO - Filling up the DagBag from /opt/airflow/dags/youtube_pipeline.py
[2026-09-15T00:58:44.537+0000] {processor.py:840} INFO - DAG(s) 'youtube_english_video_pipeline' retrieved from /opt/airflow/dags/youtube_pipeline.py
[2026-09-15T00:58:44.565+0000] {logging_mixin.py:188} INFO - [2026-09-15T00:58:44.564+0000] {dag.py:3089} INFO - Sync 1 DAGs
[2026-09-15T00:58:44.579+0000] {logging_mixin.py:188} INFO - [2026-09-15T00:58:44.579+0000] {dag.py:3947} INFO - Setting next_dagrun for youtube_english_video_pipeline to 2026-09-14 12:00:00+00:00, run_after=2026-09-15 12:00:00+00:00
[2026-09-15T00:58:44.593+0000] {processor.py:183} INFO - Processing /opt/airflow/dags/youtube_pipeline.py took 0.081 seconds
[2026-09-15T00:59:14.841+0000] {processor.py:161} INFO - Started process (PID=18255) to work on /opt/airflow/dags/youtube_pipeline.py
[2026-09-15T00:59:14.842+0000] {processor.py:830} INFO - Processing file /opt/airflow/dags/youtube_pipeline.py for tasks to queue
[2026-09-15T00:59:14.844+0000] {logging_mixin.py:188} INFO - [2026-09-15T00:59:14.844+0000] {dagbag.py:545} INFO - Filling up the DagBag from /opt/airflow/dags/youtube_pipeline.py
[2026-09-15T00:59:14.877+0000] {processor.py:840} INFO - DAG(s) 'youtube_english_video_pipeline' retrieved from /opt/airflow/dags/youtube_pipeline.py
[2026-09-15T00:59:14.909+0000] {logging_mixin.py:188} INFO - [2026-09-15T00:59:14.908+0000] {dag.py:3089} INFO - Sync 1 DAGs
[2026-09-15T00:59:14.924+0000] {logging_mixin.py:188} INFO - [2026-09-15T00:59:14.924+0000] {dag.py:3947} INFO - Setting next_dagrun for youtube_english_video_pipeline to 2026-09-14 12:00:00+00:00, run_after=2026-09-15 12:00:00+00:00
[2026-09-15T00:59:14.939+0000] {processor.py:183} INFO - Processing /opt/airflow/dags/youtube_pipeline.py took 0.104 seconds
[2026-09-15T00:59:45.089+0000] {processor.py:161} INFO - Started process (PID=18260) to work on /opt/airflow/dags/youtube_pipeline.py
[2026-09-15T00:59:45.090+0000] {processor.py:830} INFO - Processing file /opt/airflow/dags/youtube_pipeline.py for tasks to queue
[2026-09-15T00:59:45.091+0000] {logging_mixin.py:188} INFO - [2026-09-15T00:59:45.091+0000] {dagbag.py:545} INFO - Filling up the DagBag from /opt/airflow/dags/youtube_pipeline.py
[2026-09-15T00:59:45.124+0000] {processor.py:840} INFO - DAG(s) 'youtube_english_video_pipeline' retrieved from /opt/airflow/dags/youtube_pipeline.py
[2026-09-15T00:59:45.156+0000] {logging_mixin.py:188} INFO - [2026-09-15T00:59:45.156+0000] {dag.py:3089} INFO - Sync 1 DAGs
[2026-09-15T00:59:45.172+0000] {logging_mixin.py:188} INFO - [2026-09-15T00:59:45.171+0000] {dag.py:3947} INFO - Setting next_dagrun for youtube_english_video_pipeline to 2026-09-14 12:00:00+00:00, run_after=2026-09-15 12:00:00+00:00
[2026-09-15T00:59:45.193+0000] {processor.py:183} INFO - Processing /opt/airflow/dags/youtube_pipeline.py took 0.109 seconds
[2026-09-15T01:00:15.409+0000] {processor.py:161} INFO - Started process (PID=18265) to work on /opt/airflow/dags/youtube_pipeline.py
[2026-09-15T01:00:15.411+0000] {processor.py:830} INFO - Processing file /opt/airflow/dags/youtube_pipeline.py for tasks to queue
[2026-09-15T01:00:15.412+0000] {logging_mixin.py:188} INFO - [2026-09-15T01:00:15.412+0000] {dagbag.py:545} INFO - Filling up the DagBag from /opt/airflow/dags/youtube_pipeline.py
[2026-09-15T01:00:15.448+0000] {processor.py:840} INFO - DAG(s) 'youtube_english_video_pipeline' retrieved from /opt/airflow/dags/youtube_pipeline.py
[2026-09-15T01:00:15.479+0000] {logging_mixin.py:188} INFO - [2026-09-15T01:00:15.479+0000] {dag.py:3089} INFO - Sync 1 DAGs
[2026-09-15T01:00:15.499+0000] {logging_mixin.py:188} INFO - [2026-09-15T01:00:15.499+0000] {dag.py:3947} INFO - Setting next_dagrun for youtube_english_video_pipeline to 2026-09-14 12:00:00+00:00, run_after=2026-09-15 12:00:00+00:00
[2026-09-15T01:00:15.516+0000] {processor.py:183} INFO - Processing /opt/airflow/dags/youtube_pipeline.py took 0.113 seconds
[2026-09-15T01:00:45.707+0000] {processor.py:161} INFO - Started process (PID=18270) to work on /opt/airflow/dags/youtube_pipeline.py
[2026-09-15T01:00:45.708+0000] {processor.py:830} INFO - Processing file /opt/airflow/dags/youtube_pipeline.py for tasks to queue
[2026-09-15T01:00:45.710+0000] {logging_mixin.py:188} INFO - [2026-09-15T01:00:45.710+0000] {dagbag.py:545} INFO - Filling up the DagBag from /opt/airflow/dags/youtube_pipeline.py
[2026-09-15T01:00:45.741+0000] {processor.py:840} INFO - DAG(s) 'youtube_english_video_pipeline' retrieved from /opt/airflow/dags/youtube_pipeline.py
[2026-09-15T01:00:45.771+0000] {logging_mixin.py:188} INFO - [2026-09-15T01:00:45.771+0000] {dag.py:3089} INFO - Sync 1 DAGs
[2026-09-15T01:00:45.786+0000] {logging_mixin.py:188} INFO - [2026-09-15T01:00:45.786+0000] {dag.py:3947} INFO - Setting next_dagrun for youtube_english_video_pipeline to 2026-09-14 12:00:00+00:00, run_after=2026-09-15 12:00:00+00:00
[2026-09-15T01:00:45.799+0000] {processor.py:183} INFO - Processing /opt/airflow/dags/youtube_pipeline.py took 0.097 seconds
[2026-09-15T03:46:47.839+0000] {processor.py:161} INFO - Started process (PID=18275) to work on /opt/airflow/dags/youtube_pipeline.py
[2026-09-15T03:46:47.883+0000] {processor.py:830} INFO - Processing file /opt/airflow/dags/youtube_pipeline.py for tasks to queue
[2026-09-15T03:46:47.918+0000] {logging_mixin.py:188} INFO - [2026-09-15T03:46:47.918+0000] {dagbag.py:545} INFO - Filling up the DagBag from /opt/airflow/dags/youtube_pipeline.py
[2026-09-15T03:46:48.497+0000] {processor.py:840} INFO - DAG(s) 'youtube_english_video_pipeline' retrieved from /opt/airflow/dags/youtube_pipeline.py
[2026-09-15T03:46:48.556+0000] {logging_mixin.py:188} INFO - [2026-09-15T03:46:48.556+0000] {dag.py:3089} INFO - Sync 1 DAGs
[2026-09-15T03:46:48.577+0000] {logging_mixin.py:188} INFO - [2026-09-15T03:46:48.577+0000] {dag.py:3947} INFO - Setting next_dagrun for youtube_english_video_pipeline to 2026-09-14 12:00:00+00:00, run_after=2026-09-15 12:00:00+00:00
[2026-09-15T03:46:48.628+0000] {processor.py:183} INFO - Processing /opt/airflow/dags/youtube_pipeline.py took 0.825 seconds
[2026-09-15T03:47:18.928+0000] {processor.py:161} INFO - Started process (PID=18280) to work on /opt/airflow/dags/youtube_pipeline.py
[2026-09-15T03:47:18.928+0000] {processor.py:830} INFO - Processing file /opt/airflow/dags/youtube_pipeline.py for tasks to queue
[2026-09-15T03:47:18.930+0000] {logging_mixin.py:188} INFO - [2026-09-15T03:47:18.930+0000] {dagbag.py:545} INFO - Filling up the DagBag from /opt/airflow/dags/youtube_pipeline.py
[2026-09-15T03:47:18.958+0000] {processor.py:840} INFO - DAG(s) 'youtube_english_video_pipeline' retrieved from /opt/airflow/dags/youtube_pipeline.py
[2026-09-15T03:47:18.988+0000] {logging_mixin.py:188} INFO - [2026-09-15T03:47:18.987+0000] {dag.py:3089} INFO - Sync 1 DAGs
[2026-09-15T03:47:19.002+0000] {logging_mixin.py:188} INFO - [2026-09-15T03:47:19.002+0000] {dag.py:3947} INFO - Setting next_dagrun for youtube_english_video_pipeline to 2026-09-14 12:00:00+00:00, run_after=2026-09-15 12:00:00+00:00
[2026-09-15T03:47:19.015+0000] {processor.py:183} INFO - Processing /opt/airflow/dags/youtube_pipeline.py took 0.093 seconds
[2026-09-15T03:47:49.130+0000] {processor.py:161} INFO - Started process (PID=18285) to work on /opt/airflow/dags/youtube_pipeline.py
[2026-09-15T03:47:49.131+0000] {processor.py:830} INFO - Processing file /opt/airflow/dags/youtube_pipeline.py for tasks to queue
[2026-09-15T03:47:49.133+0000] {logging_mixin.py:188} INFO - [2026-09-15T03:47:49.133+0000] {dagbag.py:545} INFO - Filling up the DagBag from /opt/airflow/dags/youtube_pipeline.py
[2026-09-15T03:47:49.167+0000] {processor.py:840} INFO - DAG(s) 'youtube_english_video_pipeline' retrieved from /opt/airflow/dags/youtube_pipeline.py
[2026-09-15T03:47:49.198+0000] {logging_mixin.py:188} INFO - [2026-09-15T03:47:49.198+0000] {dag.py:3089} INFO - Sync 1 DAGs
[2026-09-15T03:47:49.212+0000] {logging_mixin.py:188} INFO - [2026-09-15T03:47:49.212+0000] {dag.py:3947} INFO - Setting next_dagrun for youtube_english_video_pipeline to 2026-09-14 12:00:00+00:00, run_after=2026-09-15 12:00:00+00:00
[2026-09-15T03:47:49.228+0000] {processor.py:183} INFO - Processing /opt/airflow/dags/youtube_pipeline.py took 0.104 seconds
[2026-09-15T03:48:19.452+0000] {processor.py:161} INFO - Started process (PID=18290) to work on /opt/airflow/dags/youtube_pipeline.py
[2026-09-15T03:48:19.453+0000] {processor.py:830} INFO - Processing file /opt/airflow/dags/youtube_pipeline.py for tasks to queue
[2026-09-15T03:48:19.454+0000] {logging_mixin.py:188} INFO - [2026-09-15T03:48:19.454+0000] {dagbag.py:545} INFO - Filling up the DagBag from /opt/airflow/dags/youtube_pipeline.py
[2026-09-15T03:48:19.475+0000] {processor.py:840} INFO - DAG(s) 'youtube_english_video_pipeline' retrieved from /opt/airflow/dags/youtube_pipeline.py
[2026-09-15T03:48:19.502+0000] {logging_mixin.py:188} INFO - [2026-09-15T03:48:19.502+0000] {dag.py:3089} INFO - Sync 1 DAGs
[2026-09-15T03:48:19.515+0000] {logging_mixin.py:188} INFO - [2026-09-15T03:48:19.515+0000] {dag.py:3947} INFO - Setting next_dagrun for youtube_english_video_pipeline to 2026-09-14 12:00:00+00:00, run_after=2026-09-15 12:00:00+00:00
[2026-09-15T03:48:19.531+0000] {processor.py:183} INFO - Processing /opt/airflow/dags/youtube_pipeline.py took 0.083 seconds
[2026-09-15T03:48:49.708+0000] {processor.py:161} INFO - Started process (PID=18295) to work on /opt/airflow/dags/youtube_pipeline.py
[2026-09-15T03:48:49.709+0000] {processor.py:830} INFO - Processing file /opt/airflow/dags/youtube_pipeline.py for tasks to queue
[2026-09-15T03:48:49.711+0000] {logging_mixin.py:188} INFO - [2026-09-15T03:48:49.711+0000] {dagbag.py:545} INFO - Filling up the DagBag from /opt/airflow/dags/youtube_pipeline.py
[2026-09-15T03:48:49.747+0000] {processor.py:840} INFO - DAG(s) 'youtube_english_video_pipeline' retrieved from /opt/airflow/dags/youtube_pipeline.py
[2026-09-15T03:48:49.778+0000] {logging_mixin.py:188} INFO - [2026-09-15T03:48:49.777+0000] {dag.py:3089} INFO - Sync 1 DAGs
[2026-09-15T03:48:49.793+0000] {logging_mixin.py:188} INFO - [2026-09-15T03:48:49.793+0000] {dag.py:3947} INFO - Setting next_dagrun for youtube_english_video_pipeline to 2026-09-14 12:00:00+00:00, run_after=2026-09-15 12:00:00+00:00
[2026-09-15T03:48:49.807+0000] {processor.py:183} INFO - Processing /opt/airflow/dags/youtube_pipeline.py took 0.108 seconds
[2026-09-15T13:07:29.110+0000] {processor.py:161} INFO - Started process (PID=18301) to work on /opt/airflow/dags/youtube_pipeline.py
[2026-09-15T13:07:29.140+0000] {processor.py:830} INFO - Processing file /opt/airflow/dags/youtube_pipeline.py for tasks to queue
[2026-09-15T13:07:29.157+0000] {logging_mixin.py:188} INFO - [2026-09-15T13:07:29.156+0000] {dagbag.py:545} INFO - Filling up the DagBag from /opt/airflow/dags/youtube_pipeline.py
[2026-09-15T13:07:31.586+0000] {processor.py:840} INFO - DAG(s) 'youtube_english_video_pipeline' retrieved from /opt/airflow/dags/youtube_pipeline.py
[2026-09-15T13:07:31.748+0000] {logging_mixin.py:188} INFO - [2026-09-15T13:07:31.747+0000] {dag.py:3089} INFO - Sync 1 DAGs
[2026-09-15T13:07:31.921+0000] {processor.py:183} INFO - Processing /opt/airflow/dags/youtube_pipeline.py took 2.868 seconds
[2026-09-15T13:08:03.499+0000] {processor.py:161} INFO - Started process (PID=18335) to work on /opt/airflow/dags/youtube_pipeline.py
[2026-09-15T13:08:03.501+0000] {processor.py:830} INFO - Processing file /opt/airflow/dags/youtube_pipeline.py for tasks to queue
[2026-09-15T13:08:03.506+0000] {logging_mixin.py:188} INFO - [2026-09-15T13:08:03.505+0000] {dagbag.py:545} INFO - Filling up the DagBag from /opt/airflow/dags/youtube_pipeline.py
[2026-09-15T13:08:03.615+0000] {processor.py:840} INFO - DAG(s) 'youtube_english_video_pipeline' retrieved from /opt/airflow/dags/youtube_pipeline.py
[2026-09-15T13:08:03.657+0000] {logging_mixin.py:188} INFO - [2026-09-15T13:08:03.657+0000] {dag.py:3089} INFO - Sync 1 DAGs
[2026-09-15T13:08:03.691+0000] {processor.py:183} INFO - Processing /opt/airflow/dags/youtube_pipeline.py took 0.204 seconds
[2026-09-15T13:08:33.966+0000] {processor.py:161} INFO - Started process (PID=18354) to work on /opt/airflow/dags/youtube_pipeline.py
[2026-09-15T13:08:33.967+0000] {processor.py:830} INFO - Processing file /opt/airflow/dags/youtube_pipeline.py for tasks to queue
[2026-09-15T13:08:33.968+0000] {logging_mixin.py:188} INFO - [2026-09-15T13:08:33.968+0000] {dagbag.py:545} INFO - Filling up the DagBag from /opt/airflow/dags/youtube_pipeline.py
[2026-09-15T13:08:33.991+0000] {processor.py:840} INFO - DAG(s) 'youtube_english_video_pipeline' retrieved from /opt/airflow/dags/youtube_pipeline.py
[2026-09-15T13:08:34.024+0000] {logging_mixin.py:188} INFO - [2026-09-15T13:08:34.024+0000] {dag.py:3089} INFO - Sync 1 DAGs
[2026-09-15T13:08:34.066+0000] {processor.py:183} INFO - Processing /opt/airflow/dags/youtube_pipeline.py took 0.106 seconds
[2026-09-15T13:09:04.258+0000] {processor.py:161} INFO - Started process (PID=18366) to work on /opt/airflow/dags/youtube_pipeline.py
[2026-09-15T13:09:04.260+0000] {processor.py:830} INFO - Processing file /opt/airflow/dags/youtube_pipeline.py for tasks to queue
[2026-09-15T13:09:04.263+0000] {logging_mixin.py:188} INFO - [2026-09-15T13:09:04.263+0000] {dagbag.py:545} INFO - Filling up the DagBag from /opt/airflow/dags/youtube_pipeline.py
[2026-09-15T13:09:04.338+0000] {processor.py:840} INFO - DAG(s) 'youtube_english_video_pipeline' retrieved from /opt/airflow/dags/youtube_pipeline.py
[2026-09-15T13:09:04.371+0000] {logging_mixin.py:188} INFO - [2026-09-15T13:09:04.371+0000] {dag.py:3089} INFO - Sync 1 DAGs
[2026-09-15T13:09:04.403+0000] {processor.py:183} INFO - Processing /opt/airflow/dags/youtube_pipeline.py took 0.153 seconds
[2026-09-15T13:09:34.510+0000] {processor.py:161} INFO - Started process (PID=18371) to work on /opt/airflow/dags/youtube_pipeline.py
[2026-09-15T13:09:34.511+0000] {processor.py:830} INFO - Processing file /opt/airflow/dags/youtube_pipeline.py for tasks to queue
[2026-09-15T13:09:34.513+0000] {logging_mixin.py:188} INFO - [2026-09-15T13:09:34.513+0000] {dagbag.py:545} INFO - Filling up the DagBag from /opt/airflow/dags/youtube_pipeline.py
[2026-09-15T13:09:34.542+0000] {processor.py:840} INFO - DAG(s) 'youtube_english_video_pipeline' retrieved from /opt/airflow/dags/youtube_pipeline.py
[2026-09-15T13:09:34.575+0000] {logging_mixin.py:188} INFO - [2026-09-15T13:09:34.575+0000] {dag.py:3089} INFO - Sync 1 DAGs
[2026-09-15T13:09:34.605+0000] {processor.py:183} INFO - Processing /opt/airflow/dags/youtube_pipeline.py took 0.101 seconds
[2026-09-15T13:10:04.707+0000] {processor.py:161} INFO - Started process (PID=18380) to work on /opt/airflow/dags/youtube_pipeline.py
[2026-09-15T13:10:04.708+0000] {processor.py:830} INFO - Processing file /opt/airflow/dags/youtube_pipeline.py for tasks to queue
[2026-09-15T13:10:04.710+0000] {logging_mixin.py:188} INFO - [2026-09-15T13:10:04.710+0000] {dagbag.py:545} INFO - Filling up the DagBag from /opt/airflow/dags/youtube_pipeline.py
[2026-09-15T13:10:04.730+0000] {processor.py:840} INFO - DAG(s) 'youtube_english_video_pipeline' retrieved from /opt/airflow/dags/youtube_pipeline.py
[2026-09-15T13:10:04.764+0000] {logging_mixin.py:188} INFO - [2026-09-15T13:10:04.764+0000] {dag.py:3089} INFO - Sync 1 DAGs
[2026-09-15T13:10:04.794+0000] {processor.py:183} INFO - Processing /opt/airflow/dags/youtube_pipeline.py took 0.093 seconds
[2026-09-15T13:10:35.007+0000] {processor.py:161} INFO - Started process (PID=18389) to work on /opt/airflow/dags/youtube_pipeline.py
[2026-09-15T13:10:35.008+0000] {processor.py:830} INFO - Processing file /opt/airflow/dags/youtube_pipeline.py for tasks to queue
[2026-09-15T13:10:35.009+0000] {logging_mixin.py:188} INFO - [2026-09-15T13:10:35.009+0000] {dagbag.py:545} INFO - Filling up the DagBag from /opt/airflow/dags/youtube_pipeline.py
[2026-09-15T13:10:35.028+0000] {processor.py:840} INFO - DAG(s) 'youtube_english_video_pipeline' retrieved from /opt/airflow/dags/youtube_pipeline.py
[2026-09-15T13:10:35.057+0000] {logging_mixin.py:188} INFO - [2026-09-15T13:10:35.057+0000] {dag.py:3089} INFO - Sync 1 DAGs
[2026-09-15T13:10:35.086+0000] {processor.py:183} INFO - Processing /opt/airflow/dags/youtube_pipeline.py took 0.085 seconds
[2026-09-15T13:11:05.220+0000] {processor.py:161} INFO - Started process (PID=18653) to work on /opt/airflow/dags/youtube_pipeline.py
[2026-09-15T13:11:05.221+0000] {processor.py:830} INFO - Processing file /opt/airflow/dags/youtube_pipeline.py for tasks to queue
[2026-09-15T13:11:05.223+0000] {logging_mixin.py:188} INFO - [2026-09-15T13:11:05.222+0000] {dagbag.py:545} INFO - Filling up the DagBag from /opt/airflow/dags/youtube_pipeline.py
[2026-09-15T13:11:05.251+0000] {processor.py:840} INFO - DAG(s) 'youtube_english_video_pipeline' retrieved from /opt/airflow/dags/youtube_pipeline.py
[2026-09-15T13:11:05.285+0000] {logging_mixin.py:188} INFO - [2026-09-15T13:11:05.285+0000] {dag.py:3089} INFO - Sync 1 DAGs
[2026-09-15T13:11:05.313+0000] {processor.py:183} INFO - Processing /opt/airflow/dags/youtube_pipeline.py took 0.099 seconds
[2026-09-15T13:11:35.538+0000] {processor.py:161} INFO - Started process (PID=18660) to work on /opt/airflow/dags/youtube_pipeline.py
[2026-09-15T13:11:35.539+0000] {processor.py:830} INFO - Processing file /opt/airflow/dags/youtube_pipeline.py for tasks to queue
[2026-09-15T13:11:35.541+0000] {logging_mixin.py:188} INFO - [2026-09-15T13:11:35.540+0000] {dagbag.py:545} INFO - Filling up the DagBag from /opt/airflow/dags/youtube_pipeline.py
[2026-09-15T13:11:35.571+0000] {processor.py:840} INFO - DAG(s) 'youtube_english_video_pipeline' retrieved from /opt/airflow/dags/youtube_pipeline.py
[2026-09-15T13:11:35.601+0000] {logging_mixin.py:188} INFO - [2026-09-15T13:11:35.601+0000] {dag.py:3089} INFO - Sync 1 DAGs
[2026-09-15T13:11:35.628+0000] {processor.py:183} INFO - Processing /opt/airflow/dags/youtube_pipeline.py took 0.095 seconds
[2026-09-15T13:12:05.837+0000] {processor.py:161} INFO - Started process (PID=18665) to work on /opt/airflow/dags/youtube_pipeline.py
[2026-09-15T13:12:05.839+0000] {processor.py:830} INFO - Processing file /opt/airflow/dags/youtube_pipeline.py for tasks to queue
[2026-09-15T13:12:05.843+0000] {logging_mixin.py:188} INFO - [2026-09-15T13:12:05.842+0000] {dagbag.py:545} INFO - Filling up the DagBag from /opt/airflow/dags/youtube_pipeline.py
[2026-09-15T13:12:05.911+0000] {processor.py:840} INFO - DAG(s) 'youtube_english_video_pipeline' retrieved from /opt/airflow/dags/youtube_pipeline.py
[2026-09-15T13:12:05.946+0000] {logging_mixin.py:188} INFO - [2026-09-15T13:12:05.945+0000] {dag.py:3089} INFO - Sync 1 DAGs
[2026-09-15T13:12:05.976+0000] {processor.py:183} INFO - Processing /opt/airflow/dags/youtube_pipeline.py took 0.150 seconds
[2026-09-15T13:12:36.026+0000] {processor.py:161} INFO - Started process (PID=18670) to work on /opt/airflow/dags/youtube_pipeline.py
[2026-09-15T13:12:36.026+0000] {processor.py:830} INFO - Processing file /opt/airflow/dags/youtube_pipeline.py for tasks to queue
[2026-09-15T13:12:36.029+0000] {logging_mixin.py:188} INFO - [2026-09-15T13:12:36.028+0000] {dagbag.py:545} INFO - Filling up the DagBag from /opt/airflow/dags/youtube_pipeline.py
[2026-09-15T13:12:36.049+0000] {processor.py:840} INFO - DAG(s) 'youtube_english_video_pipeline' retrieved from /opt/airflow/dags/youtube_pipeline.py
[2026-09-15T13:12:36.082+0000] {logging_mixin.py:188} INFO - [2026-09-15T13:12:36.082+0000] {dag.py:3089} INFO - Sync 1 DAGs
[2026-09-15T13:12:36.108+0000] {processor.py:183} INFO - Processing /opt/airflow/dags/youtube_pipeline.py took 0.087 seconds
[2026-09-15T13:13:06.825+0000] {processor.py:161} INFO - Started process (PID=18675) to work on /opt/airflow/dags/youtube_pipeline.py
[2026-09-15T13:13:06.826+0000] {processor.py:830} INFO - Processing file /opt/airflow/dags/youtube_pipeline.py for tasks to queue
[2026-09-15T13:13:06.829+0000] {logging_mixin.py:188} INFO - [2026-09-15T13:13:06.828+0000] {dagbag.py:545} INFO - Filling up the DagBag from /opt/airflow/dags/youtube_pipeline.py
[2026-09-15T13:13:06.859+0000] {processor.py:840} INFO - DAG(s) 'youtube_english_video_pipeline' retrieved from /opt/airflow/dags/youtube_pipeline.py
[2026-09-15T13:13:06.894+0000] {logging_mixin.py:188} INFO - [2026-09-15T13:13:06.894+0000] {dag.py:3089} INFO - Sync 1 DAGs
[2026-09-15T13:13:06.928+0000] {processor.py:183} INFO - Processing /opt/airflow/dags/youtube_pipeline.py took 0.111 seconds
[2026-09-15T13:13:37.144+0000] {processor.py:161} INFO - Started process (PID=18680) to work on /opt/airflow/dags/youtube_pipeline.py
[2026-09-15T13:13:37.145+0000] {processor.py:830} INFO - Processing file /opt/airflow/dags/youtube_pipeline.py for tasks to queue
[2026-09-15T13:13:37.146+0000] {logging_mixin.py:188} INFO - [2026-09-15T13:13:37.146+0000] {dagbag.py:545} INFO - Filling up the DagBag from /opt/airflow/dags/youtube_pipeline.py
[2026-09-15T13:13:37.243+0000] {processor.py:840} INFO - DAG(s) 'youtube_english_video_pipeline' retrieved from /opt/airflow/dags/youtube_pipeline.py
[2026-09-15T13:13:37.276+0000] {logging_mixin.py:188} INFO - [2026-09-15T13:13:37.275+0000] {dag.py:3089} INFO - Sync 1 DAGs
[2026-09-15T13:13:37.319+0000] {processor.py:183} INFO - Processing /opt/airflow/dags/youtube_pipeline.py took 0.180 seconds
[2026-09-15T13:14:07.493+0000] {processor.py:161} INFO - Started process (PID=18685) to work on /opt/airflow/dags/youtube_pipeline.py
[2026-09-15T13:14:07.496+0000] {processor.py:830} INFO - Processing file /opt/airflow/dags/youtube_pipeline.py for tasks to queue
[2026-09-15T13:14:07.499+0000] {logging_mixin.py:188} INFO - [2026-09-15T13:14:07.498+0000] {dagbag.py:545} INFO - Filling up the DagBag from /opt/airflow/dags/youtube_pipeline.py
[2026-09-15T13:14:07.541+0000] {processor.py:840} INFO - DAG(s) 'youtube_english_video_pipeline' retrieved from /opt/airflow/dags/youtube_pipeline.py
[2026-09-15T13:14:07.577+0000] {logging_mixin.py:188} INFO - [2026-09-15T13:14:07.577+0000] {dag.py:3089} INFO - Sync 1 DAGs
[2026-09-15T13:14:07.607+0000] {processor.py:183} INFO - Processing /opt/airflow/dags/youtube_pipeline.py took 0.124 seconds
[2026-09-15T13:14:37.820+0000] {processor.py:161} INFO - Started process (PID=18690) to work on /opt/airflow/dags/youtube_pipeline.py
[2026-09-15T13:14:37.821+0000] {processor.py:830} INFO - Processing file /opt/airflow/dags/youtube_pipeline.py for tasks to queue
[2026-09-15T13:14:37.822+0000] {logging_mixin.py:188} INFO - [2026-09-15T13:14:37.822+0000] {dagbag.py:545} INFO - Filling up the DagBag from /opt/airflow/dags/youtube_pipeline.py
[2026-09-15T13:14:37.842+0000] {processor.py:840} INFO - DAG(s) 'youtube_english_video_pipeline' retrieved from /opt/airflow/dags/youtube_pipeline.py
[2026-09-15T13:14:37.873+0000] {logging_mixin.py:188} INFO - [2026-09-15T13:14:37.873+0000] {dag.py:3089} INFO - Sync 1 DAGs
[2026-09-15T13:14:37.900+0000] {processor.py:183} INFO - Processing /opt/airflow/dags/youtube_pipeline.py took 0.086 seconds
[2026-09-15T13:15:07.999+0000] {processor.py:161} INFO - Started process (PID=18695) to work on /opt/airflow/dags/youtube_pipeline.py
[2026-09-15T13:15:07.999+0000] {processor.py:830} INFO - Processing file /opt/airflow/dags/youtube_pipeline.py for tasks to queue
[2026-09-15T13:15:08.001+0000] {logging_mixin.py:188} INFO - [2026-09-15T13:15:08.001+0000] {dagbag.py:545} INFO - Filling up the DagBag from /opt/airflow/dags/youtube_pipeline.py
[2026-09-15T13:15:08.019+0000] {processor.py:840} INFO - DAG(s) 'youtube_english_video_pipeline' retrieved from /opt/airflow/dags/youtube_pipeline.py
[2026-09-15T13:15:08.048+0000] {logging_mixin.py:188} INFO - [2026-09-15T13:15:08.048+0000] {dag.py:3089} INFO - Sync 1 DAGs
[2026-09-15T13:15:08.074+0000] {processor.py:183} INFO - Processing /opt/airflow/dags/youtube_pipeline.py took 0.081 seconds
[2026-09-15T13:15:38.297+0000] {processor.py:161} INFO - Started process (PID=18700) to work on /opt/airflow/dags/youtube_pipeline.py
[2026-09-15T13:15:38.298+0000] {processor.py:830} INFO - Processing file /opt/airflow/dags/youtube_pipeline.py for tasks to queue
[2026-09-15T13:15:38.299+0000] {logging_mixin.py:188} INFO - [2026-09-15T13:15:38.299+0000] {dagbag.py:545} INFO - Filling up the DagBag from /opt/airflow/dags/youtube_pipeline.py
[2026-09-15T13:15:38.317+0000] {processor.py:840} INFO - DAG(s) 'youtube_english_video_pipeline' retrieved from /opt/airflow/dags/youtube_pipeline.py
[2026-09-15T13:15:38.347+0000] {logging_mixin.py:188} INFO - [2026-09-15T13:15:38.346+0000] {dag.py:3089} INFO - Sync 1 DAGs
[2026-09-15T13:15:38.373+0000] {processor.py:183} INFO - Processing /opt/airflow/dags/youtube_pipeline.py took 0.081 seconds
[2026-09-15T13:16:08.523+0000] {processor.py:161} INFO - Started process (PID=18706) to work on /opt/airflow/dags/youtube_pipeline.py
[2026-09-15T13:16:08.524+0000] {processor.py:830} INFO - Processing file /opt/airflow/dags/youtube_pipeline.py for tasks to queue
[2026-09-15T13:16:08.526+0000] {logging_mixin.py:188} INFO - [2026-09-15T13:16:08.525+0000] {dagbag.py:545} INFO - Filling up the DagBag from /opt/airflow/dags/youtube_pipeline.py
[2026-09-15T13:16:08.546+0000] {processor.py:840} INFO - DAG(s) 'youtube_english_video_pipeline' retrieved from /opt/airflow/dags/youtube_pipeline.py
[2026-09-15T13:16:08.576+0000] {logging_mixin.py:188} INFO - [2026-09-15T13:16:08.576+0000] {dag.py:3089} INFO - Sync 1 DAGs
[2026-09-15T13:16:08.603+0000] {processor.py:183} INFO - Processing /opt/airflow/dags/youtube_pipeline.py took 0.084 seconds
[2026-09-15T13:16:38.799+0000] {processor.py:161} INFO - Started process (PID=18712) to work on /opt/airflow/dags/youtube_pipeline.py
[2026-09-15T13:16:38.800+0000] {processor.py:830} INFO - Processing file /opt/airflow/dags/youtube_pipeline.py for tasks to queue
[2026-09-15T13:16:38.801+0000] {logging_mixin.py:188} INFO - [2026-09-15T13:16:38.801+0000] {dagbag.py:545} INFO - Filling up the DagBag from /opt/airflow/dags/youtube_pipeline.py
[2026-09-15T13:16:38.818+0000] {processor.py:840} INFO - DAG(s) 'youtube_english_video_pipeline' retrieved from /opt/airflow/dags/youtube_pipeline.py
[2026-09-15T13:16:38.851+0000] {logging_mixin.py:188} INFO - [2026-09-15T13:16:38.851+0000] {dag.py:3089} INFO - Sync 1 DAGs
[2026-09-15T13:16:38.878+0000] {processor.py:183} INFO - Processing /opt/airflow/dags/youtube_pipeline.py took 0.084 seconds
[2026-09-15T13:17:09.081+0000] {processor.py:161} INFO - Started process (PID=18717) to work on /opt/airflow/dags/youtube_pipeline.py
[2026-09-15T13:17:09.082+0000] {processor.py:830} INFO - Processing file /opt/airflow/dags/youtube_pipeline.py for tasks to queue
[2026-09-15T13:17:09.084+0000] {logging_mixin.py:188} INFO - [2026-09-15T13:17:09.083+0000] {dagbag.py:545} INFO - Filling up the DagBag from /opt/airflow/dags/youtube_pipeline.py
[2026-09-15T13:17:09.102+0000] {processor.py:840} INFO - DAG(s) 'youtube_english_video_pipeline' retrieved from /opt/airflow/dags/youtube_pipeline.py
[2026-09-15T13:17:09.131+0000] {logging_mixin.py:188} INFO - [2026-09-15T13:17:09.130+0000] {dag.py:3089} INFO - Sync 1 DAGs
[2026-09-15T13:17:09.156+0000] {processor.py:183} INFO - Processing /opt/airflow/dags/youtube_pipeline.py took 0.080 seconds
[2026-09-15T13:17:39.613+0000] {processor.py:161} INFO - Started process (PID=18722) to work on /opt/airflow/dags/youtube_pipeline.py
[2026-09-15T13:17:39.614+0000] {processor.py:830} INFO - Processing file /opt/airflow/dags/youtube_pipeline.py for tasks to queue
[2026-09-15T13:17:39.616+0000] {logging_mixin.py:188} INFO - [2026-09-15T13:17:39.616+0000] {dagbag.py:545} INFO - Filling up the DagBag from /opt/airflow/dags/youtube_pipeline.py
[2026-09-15T13:17:39.653+0000] {processor.py:840} INFO - DAG(s) 'youtube_english_video_pipeline' retrieved from /opt/airflow/dags/youtube_pipeline.py
[2026-09-15T13:17:39.682+0000] {logging_mixin.py:188} INFO - [2026-09-15T13:17:39.682+0000] {dag.py:3089} INFO - Sync 1 DAGs
[2026-09-15T13:17:39.715+0000] {processor.py:183} INFO - Processing /opt/airflow/dags/youtube_pipeline.py took 0.108 seconds
[2026-09-15T13:18:09.817+0000] {processor.py:161} INFO - Started process (PID=18727) to work on /opt/airflow/dags/youtube_pipeline.py
[2026-09-15T13:18:09.818+0000] {processor.py:830} INFO - Processing file /opt/airflow/dags/youtube_pipeline.py for tasks to queue
[2026-09-15T13:18:09.819+0000] {logging_mixin.py:188} INFO - [2026-09-15T13:18:09.819+0000] {dagbag.py:545} INFO - Filling up the DagBag from /opt/airflow/dags/youtube_pipeline.py
[2026-09-15T13:18:09.839+0000] {processor.py:840} INFO - DAG(s) 'youtube_english_video_pipeline' retrieved from /opt/airflow/dags/youtube_pipeline.py
[2026-09-15T13:18:09.869+0000] {logging_mixin.py:188} INFO - [2026-09-15T13:18:09.869+0000] {dag.py:3089} INFO - Sync 1 DAGs
[2026-09-15T13:18:09.896+0000] {processor.py:183} INFO - Processing /opt/airflow/dags/youtube_pipeline.py took 0.084 seconds
[2026-09-15T13:18:40.084+0000] {processor.py:161} INFO - Started process (PID=18732) to work on /opt/airflow/dags/youtube_pipeline.py
[2026-09-15T13:18:40.085+0000] {processor.py:830} INFO - Processing file /opt/airflow/dags/youtube_pipeline.py for tasks to queue
[2026-09-15T13:18:40.087+0000] {logging_mixin.py:188} INFO - [2026-09-15T13:18:40.087+0000] {dagbag.py:545} INFO - Filling up the DagBag from /opt/airflow/dags/youtube_pipeline.py
[2026-09-15T13:18:40.118+0000] {processor.py:840} INFO - DAG(s) 'youtube_english_video_pipeline' retrieved from /opt/airflow/dags/youtube_pipeline.py
[2026-09-15T13:18:40.145+0000] {logging_mixin.py:188} INFO - [2026-09-15T13:18:40.145+0000] {dag.py:3089} INFO - Sync 1 DAGs
[2026-09-15T13:18:40.170+0000] {processor.py:183} INFO - Processing /opt/airflow/dags/youtube_pipeline.py took 0.093 seconds
[2026-09-15T13:19:10.285+0000] {processor.py:161} INFO - Started process (PID=18737) to work on /opt/airflow/dags/youtube_pipeline.py
[2026-09-15T13:19:10.286+0000] {processor.py:830} INFO - Processing file /opt/airflow/dags/youtube_pipeline.py for tasks to queue
[2026-09-15T13:19:10.287+0000] {logging_mixin.py:188} INFO - [2026-09-15T13:19:10.287+0000] {dagbag.py:545} INFO - Filling up the DagBag from /opt/airflow/dags/youtube_pipeline.py
[2026-09-15T13:19:10.306+0000] {processor.py:840} INFO - DAG(s) 'youtube_english_video_pipeline' retrieved from /opt/airflow/dags/youtube_pipeline.py
[2026-09-15T13:19:10.334+0000] {logging_mixin.py:188} INFO - [2026-09-15T13:19:10.334+0000] {dag.py:3089} INFO - Sync 1 DAGs
[2026-09-15T13:19:10.360+0000] {processor.py:183} INFO - Processing /opt/airflow/dags/youtube_pipeline.py took 0.081 seconds
[2026-09-15T13:19:40.699+0000] {processor.py:161} INFO - Started process (PID=18742) to work on /opt/airflow/dags/youtube_pipeline.py
[2026-09-15T13:19:40.700+0000] {processor.py:830} INFO - Processing file /opt/airflow/dags/youtube_pipeline.py for tasks to queue
[2026-09-15T13:19:40.703+0000] {logging_mixin.py:188} INFO - [2026-09-15T13:19:40.702+0000] {dagbag.py:545} INFO - Filling up the DagBag from /opt/airflow/dags/youtube_pipeline.py
[2026-09-15T13:19:40.808+0000] {processor.py:840} INFO - DAG(s) 'youtube_english_video_pipeline' retrieved from /opt/airflow/dags/youtube_pipeline.py
[2026-09-15T13:19:40.842+0000] {logging_mixin.py:188} INFO - [2026-09-15T13:19:40.842+0000] {dag.py:3089} INFO - Sync 1 DAGs
[2026-09-15T13:19:40.879+0000] {processor.py:183} INFO - Processing /opt/airflow/dags/youtube_pipeline.py took 0.186 seconds
[2026-09-15T13:20:11.108+0000] {processor.py:161} INFO - Started process (PID=18747) to work on /opt/airflow/dags/youtube_pipeline.py
[2026-09-15T13:20:11.109+0000] {processor.py:830} INFO - Processing file /opt/airflow/dags/youtube_pipeline.py for tasks to queue
[2026-09-15T13:20:11.111+0000] {logging_mixin.py:188} INFO - [2026-09-15T13:20:11.110+0000] {dagbag.py:545} INFO - Filling up the DagBag from /opt/airflow/dags/youtube_pipeline.py
[2026-09-15T13:20:11.130+0000] {processor.py:840} INFO - DAG(s) 'youtube_english_video_pipeline' retrieved from /opt/airflow/dags/youtube_pipeline.py
[2026-09-15T13:20:11.163+0000] {logging_mixin.py:188} INFO - [2026-09-15T13:20:11.163+0000] {dag.py:3089} INFO - Sync 1 DAGs
[2026-09-15T13:20:11.190+0000] {processor.py:183} INFO - Processing /opt/airflow/dags/youtube_pipeline.py took 0.086 seconds
[2026-09-15T13:20:41.466+0000] {processor.py:161} INFO - Started process (PID=18752) to work on /opt/airflow/dags/youtube_pipeline.py
[2026-09-15T13:20:41.469+0000] {processor.py:830} INFO - Processing file /opt/airflow/dags/youtube_pipeline.py for tasks to queue
[2026-09-15T13:20:41.472+0000] {logging_mixin.py:188} INFO - [2026-09-15T13:20:41.472+0000] {dagbag.py:545} INFO - Filling up the DagBag from /opt/airflow/dags/youtube_pipeline.py
[2026-09-15T13:20:41.514+0000] {processor.py:840} INFO - DAG(s) 'youtube_english_video_pipeline' retrieved from /opt/airflow/dags/youtube_pipeline.py
[2026-09-15T13:20:41.549+0000] {logging_mixin.py:188} INFO - [2026-09-15T13:20:41.549+0000] {dag.py:3089} INFO - Sync 1 DAGs
[2026-09-15T13:20:41.577+0000] {processor.py:183} INFO - Processing /opt/airflow/dags/youtube_pipeline.py took 0.127 seconds
[2026-09-15T13:21:11.924+0000] {processor.py:161} INFO - Started process (PID=18759) to work on /opt/airflow/dags/youtube_pipeline.py
[2026-09-15T13:21:11.932+0000] {processor.py:830} INFO - Processing file /opt/airflow/dags/youtube_pipeline.py for tasks to queue
[2026-09-15T13:21:11.936+0000] {logging_mixin.py:188} INFO - [2026-09-15T13:21:11.936+0000] {dagbag.py:545} INFO - Filling up the DagBag from /opt/airflow/dags/youtube_pipeline.py
[2026-09-15T13:21:12.025+0000] {processor.py:840} INFO - DAG(s) 'youtube_english_video_pipeline' retrieved from /opt/airflow/dags/youtube_pipeline.py
[2026-09-15T13:21:12.057+0000] {logging_mixin.py:188} INFO - [2026-09-15T13:21:12.057+0000] {dag.py:3089} INFO - Sync 1 DAGs
[2026-09-15T13:21:12.107+0000] {processor.py:183} INFO - Processing /opt/airflow/dags/youtube_pipeline.py took 0.196 seconds
[2026-09-15T13:21:42.354+0000] {processor.py:161} INFO - Started process (PID=18764) to work on /opt/airflow/dags/youtube_pipeline.py
[2026-09-15T13:21:42.357+0000] {processor.py:830} INFO - Processing file /opt/airflow/dags/youtube_pipeline.py for tasks to queue
[2026-09-15T13:21:42.358+0000] {logging_mixin.py:188} INFO - [2026-09-15T13:21:42.358+0000] {dagbag.py:545} INFO - Filling up the DagBag from /opt/airflow/dags/youtube_pipeline.py
[2026-09-15T13:21:42.380+0000] {processor.py:840} INFO - DAG(s) 'youtube_english_video_pipeline' retrieved from /opt/airflow/dags/youtube_pipeline.py
[2026-09-15T13:21:42.417+0000] {logging_mixin.py:188} INFO - [2026-09-15T13:21:42.417+0000] {dag.py:3089} INFO - Sync 1 DAGs
[2026-09-15T13:21:42.446+0000] {processor.py:183} INFO - Processing /opt/airflow/dags/youtube_pipeline.py took 0.098 seconds
[2026-09-15T13:22:12.593+0000] {processor.py:161} INFO - Started process (PID=18803) to work on /opt/airflow/dags/youtube_pipeline.py
[2026-09-15T13:22:12.594+0000] {processor.py:830} INFO - Processing file /opt/airflow/dags/youtube_pipeline.py for tasks to queue
[2026-09-15T13:22:12.596+0000] {logging_mixin.py:188} INFO - [2026-09-15T13:22:12.596+0000] {dagbag.py:545} INFO - Filling up the DagBag from /opt/airflow/dags/youtube_pipeline.py
[2026-09-15T13:22:12.636+0000] {processor.py:840} INFO - DAG(s) 'youtube_english_video_pipeline' retrieved from /opt/airflow/dags/youtube_pipeline.py
[2026-09-15T13:22:12.670+0000] {logging_mixin.py:188} INFO - [2026-09-15T13:22:12.669+0000] {dag.py:3089} INFO - Sync 1 DAGs
[2026-09-15T13:22:12.700+0000] {processor.py:183} INFO - Processing /opt/airflow/dags/youtube_pipeline.py took 0.113 seconds
[2026-09-15T13:22:42.913+0000] {processor.py:161} INFO - Started process (PID=19073) to work on /opt/airflow/dags/youtube_pipeline.py
[2026-09-15T13:22:42.914+0000] {processor.py:830} INFO - Processing file /opt/airflow/dags/youtube_pipeline.py for tasks to queue
[2026-09-15T13:22:42.917+0000] {logging_mixin.py:188} INFO - [2026-09-15T13:22:42.917+0000] {dagbag.py:545} INFO - Filling up the DagBag from /opt/airflow/dags/youtube_pipeline.py
[2026-09-15T13:22:42.964+0000] {processor.py:840} INFO - DAG(s) 'youtube_english_video_pipeline' retrieved from /opt/airflow/dags/youtube_pipeline.py
[2026-09-15T13:22:43.013+0000] {logging_mixin.py:188} INFO - [2026-09-15T13:22:43.013+0000] {dag.py:3089} INFO - Sync 1 DAGs
[2026-09-15T13:22:43.039+0000] {processor.py:183} INFO - Processing /opt/airflow/dags/youtube_pipeline.py took 0.132 seconds
[2026-09-15T13:23:13.164+0000] {processor.py:161} INFO - Started process (PID=19079) to work on /opt/airflow/dags/youtube_pipeline.py
[2026-09-15T13:23:13.165+0000] {processor.py:830} INFO - Processing file /opt/airflow/dags/youtube_pipeline.py for tasks to queue
[2026-09-15T13:23:13.167+0000] {logging_mixin.py:188} INFO - [2026-09-15T13:23:13.167+0000] {dagbag.py:545} INFO - Filling up the DagBag from /opt/airflow/dags/youtube_pipeline.py
[2026-09-15T13:23:13.209+0000] {processor.py:840} INFO - DAG(s) 'youtube_english_video_pipeline' retrieved from /opt/airflow/dags/youtube_pipeline.py
[2026-09-15T13:23:13.240+0000] {logging_mixin.py:188} INFO - [2026-09-15T13:23:13.240+0000] {dag.py:3089} INFO - Sync 1 DAGs
[2026-09-15T13:23:13.269+0000] {processor.py:183} INFO - Processing /opt/airflow/dags/youtube_pipeline.py took 0.110 seconds
[2026-09-15T13:23:43.574+0000] {processor.py:161} INFO - Started process (PID=19084) to work on /opt/airflow/dags/youtube_pipeline.py
[2026-09-15T13:23:43.576+0000] {processor.py:830} INFO - Processing file /opt/airflow/dags/youtube_pipeline.py for tasks to queue
[2026-09-15T13:23:43.578+0000] {logging_mixin.py:188} INFO - [2026-09-15T13:23:43.578+0000] {dagbag.py:545} INFO - Filling up the DagBag from /opt/airflow/dags/youtube_pipeline.py
[2026-09-15T13:23:43.653+0000] {processor.py:840} INFO - DAG(s) 'youtube_english_video_pipeline' retrieved from /opt/airflow/dags/youtube_pipeline.py
[2026-09-15T13:23:43.688+0000] {logging_mixin.py:188} INFO - [2026-09-15T13:23:43.687+0000] {dag.py:3089} INFO - Sync 1 DAGs
[2026-09-15T13:23:43.717+0000] {processor.py:183} INFO - Processing /opt/airflow/dags/youtube_pipeline.py took 0.155 seconds
[2026-09-15T13:24:13.845+0000] {processor.py:161} INFO - Started process (PID=19089) to work on /opt/airflow/dags/youtube_pipeline.py
[2026-09-15T13:24:13.847+0000] {processor.py:830} INFO - Processing file /opt/airflow/dags/youtube_pipeline.py for tasks to queue
[2026-09-15T13:24:13.848+0000] {logging_mixin.py:188} INFO - [2026-09-15T13:24:13.848+0000] {dagbag.py:545} INFO - Filling up the DagBag from /opt/airflow/dags/youtube_pipeline.py
[2026-09-15T13:24:13.876+0000] {processor.py:840} INFO - DAG(s) 'youtube_english_video_pipeline' retrieved from /opt/airflow/dags/youtube_pipeline.py
[2026-09-15T13:24:13.905+0000] {logging_mixin.py:188} INFO - [2026-09-15T13:24:13.905+0000] {dag.py:3089} INFO - Sync 1 DAGs
[2026-09-15T13:24:13.934+0000] {processor.py:183} INFO - Processing /opt/airflow/dags/youtube_pipeline.py took 0.094 seconds
[2026-09-15T13:24:44.148+0000] {processor.py:161} INFO - Started process (PID=19094) to work on /opt/airflow/dags/youtube_pipeline.py
[2026-09-15T13:24:44.149+0000] {processor.py:830} INFO - Processing file /opt/airflow/dags/youtube_pipeline.py for tasks to queue
[2026-09-15T13:24:44.151+0000] {logging_mixin.py:188} INFO - [2026-09-15T13:24:44.150+0000] {dagbag.py:545} INFO - Filling up the DagBag from /opt/airflow/dags/youtube_pipeline.py
[2026-09-15T13:24:44.193+0000] {processor.py:840} INFO - DAG(s) 'youtube_english_video_pipeline' retrieved from /opt/airflow/dags/youtube_pipeline.py
[2026-09-15T13:24:44.237+0000] {logging_mixin.py:188} INFO - [2026-09-15T13:24:44.236+0000] {dag.py:3089} INFO - Sync 1 DAGs
[2026-09-15T13:24:44.263+0000] {processor.py:183} INFO - Processing /opt/airflow/dags/youtube_pipeline.py took 0.123 seconds
[2026-09-15T13:25:14.554+0000] {processor.py:161} INFO - Started process (PID=19099) to work on /opt/airflow/dags/youtube_pipeline.py
[2026-09-15T13:25:14.556+0000] {processor.py:830} INFO - Processing file /opt/airflow/dags/youtube_pipeline.py for tasks to queue
[2026-09-15T13:25:14.559+0000] {logging_mixin.py:188} INFO - [2026-09-15T13:25:14.558+0000] {dagbag.py:545} INFO - Filling up the DagBag from /opt/airflow/dags/youtube_pipeline.py
[2026-09-15T13:25:14.641+0000] {processor.py:840} INFO - DAG(s) 'youtube_english_video_pipeline' retrieved from /opt/airflow/dags/youtube_pipeline.py
[2026-09-15T13:25:14.681+0000] {logging_mixin.py:188} INFO - [2026-09-15T13:25:14.681+0000] {dag.py:3089} INFO - Sync 1 DAGs
[2026-09-15T13:25:14.718+0000] {processor.py:183} INFO - Processing /opt/airflow/dags/youtube_pipeline.py took 0.172 seconds
[2026-09-15T13:25:45.119+0000] {processor.py:161} INFO - Started process (PID=19104) to work on /opt/airflow/dags/youtube_pipeline.py
[2026-09-15T13:25:45.120+0000] {processor.py:830} INFO - Processing file /opt/airflow/dags/youtube_pipeline.py for tasks to queue
[2026-09-15T13:25:45.122+0000] {logging_mixin.py:188} INFO - [2026-09-15T13:25:45.122+0000] {dagbag.py:545} INFO - Filling up the DagBag from /opt/airflow/dags/youtube_pipeline.py
[2026-09-15T13:25:45.162+0000] {processor.py:840} INFO - DAG(s) 'youtube_english_video_pipeline' retrieved from /opt/airflow/dags/youtube_pipeline.py
[2026-09-15T13:25:45.194+0000] {logging_mixin.py:188} INFO - [2026-09-15T13:25:45.194+0000] {dag.py:3089} INFO - Sync 1 DAGs
[2026-09-15T13:25:45.238+0000] {processor.py:183} INFO - Processing /opt/airflow/dags/youtube_pipeline.py took 0.125 seconds
[2026-09-15T13:26:15.381+0000] {processor.py:161} INFO - Started process (PID=19109) to work on /opt/airflow/dags/youtube_pipeline.py
[2026-09-15T13:26:15.383+0000] {processor.py:830} INFO - Processing file /opt/airflow/dags/youtube_pipeline.py for tasks to queue
[2026-09-15T13:26:15.386+0000] {logging_mixin.py:188} INFO - [2026-09-15T13:26:15.386+0000] {dagbag.py:545} INFO - Filling up the DagBag from /opt/airflow/dags/youtube_pipeline.py
[2026-09-15T13:26:15.439+0000] {processor.py:840} INFO - DAG(s) 'youtube_english_video_pipeline' retrieved from /opt/airflow/dags/youtube_pipeline.py
[2026-09-15T13:26:15.473+0000] {logging_mixin.py:188} INFO - [2026-09-15T13:26:15.473+0000] {dag.py:3089} INFO - Sync 1 DAGs
[2026-09-15T13:26:15.505+0000] {processor.py:183} INFO - Processing /opt/airflow/dags/youtube_pipeline.py took 0.132 seconds
[2026-09-15T13:26:45.768+0000] {processor.py:161} INFO - Started process (PID=19114) to work on /opt/airflow/dags/youtube_pipeline.py
[2026-09-15T13:26:45.769+0000] {processor.py:830} INFO - Processing file /opt/airflow/dags/youtube_pipeline.py for tasks to queue
[2026-09-15T13:26:45.771+0000] {logging_mixin.py:188} INFO - [2026-09-15T13:26:45.770+0000] {dagbag.py:545} INFO - Filling up the DagBag from /opt/airflow/dags/youtube_pipeline.py
[2026-09-15T13:26:45.792+0000] {processor.py:840} INFO - DAG(s) 'youtube_english_video_pipeline' retrieved from /opt/airflow/dags/youtube_pipeline.py
[2026-09-15T13:26:45.821+0000] {logging_mixin.py:188} INFO - [2026-09-15T13:26:45.821+0000] {dag.py:3089} INFO - Sync 1 DAGs
[2026-09-15T13:26:45.850+0000] {processor.py:183} INFO - Processing /opt/airflow/dags/youtube_pipeline.py took 0.087 seconds
[2026-09-15T13:27:15.994+0000] {processor.py:161} INFO - Started process (PID=19119) to work on /opt/airflow/dags/youtube_pipeline.py
[2026-09-15T13:27:15.995+0000] {processor.py:830} INFO - Processing file /opt/airflow/dags/youtube_pipeline.py for tasks to queue
[2026-09-15T13:27:15.996+0000] {logging_mixin.py:188} INFO - [2026-09-15T13:27:15.996+0000] {dagbag.py:545} INFO - Filling up the DagBag from /opt/airflow/dags/youtube_pipeline.py
[2026-09-15T13:27:16.028+0000] {processor.py:840} INFO - DAG(s) 'youtube_english_video_pipeline' retrieved from /opt/airflow/dags/youtube_pipeline.py
[2026-09-15T13:27:16.057+0000] {logging_mixin.py:188} INFO - [2026-09-15T13:27:16.057+0000] {dag.py:3089} INFO - Sync 1 DAGs
[2026-09-15T13:27:16.086+0000] {processor.py:183} INFO - Processing /opt/airflow/dags/youtube_pipeline.py took 0.097 seconds
[2026-09-15T13:27:46.470+0000] {processor.py:161} INFO - Started process (PID=19126) to work on /opt/airflow/dags/youtube_pipeline.py
[2026-09-15T13:27:46.471+0000] {processor.py:830} INFO - Processing file /opt/airflow/dags/youtube_pipeline.py for tasks to queue
[2026-09-15T13:27:46.473+0000] {logging_mixin.py:188} INFO - [2026-09-15T13:27:46.473+0000] {dagbag.py:545} INFO - Filling up the DagBag from /opt/airflow/dags/youtube_pipeline.py
[2026-09-15T13:27:46.513+0000] {processor.py:840} INFO - DAG(s) 'youtube_english_video_pipeline' retrieved from /opt/airflow/dags/youtube_pipeline.py
[2026-09-15T13:27:46.543+0000] {logging_mixin.py:188} INFO - [2026-09-15T13:27:46.543+0000] {dag.py:3089} INFO - Sync 1 DAGs
[2026-09-15T13:27:46.574+0000] {processor.py:183} INFO - Processing /opt/airflow/dags/youtube_pipeline.py took 0.111 seconds
[2026-09-15T13:28:16.718+0000] {processor.py:161} INFO - Started process (PID=19131) to work on /opt/airflow/dags/youtube_pipeline.py
[2026-09-15T13:28:16.719+0000] {processor.py:830} INFO - Processing file /opt/airflow/dags/youtube_pipeline.py for tasks to queue
[2026-09-15T13:28:16.721+0000] {logging_mixin.py:188} INFO - [2026-09-15T13:28:16.720+0000] {dagbag.py:545} INFO - Filling up the DagBag from /opt/airflow/dags/youtube_pipeline.py
[2026-09-15T13:28:16.763+0000] {processor.py:840} INFO - DAG(s) 'youtube_english_video_pipeline' retrieved from /opt/airflow/dags/youtube_pipeline.py
[2026-09-15T13:28:16.797+0000] {logging_mixin.py:188} INFO - [2026-09-15T13:28:16.797+0000] {dag.py:3089} INFO - Sync 1 DAGs
[2026-09-15T13:28:16.836+0000] {processor.py:183} INFO - Processing /opt/airflow/dags/youtube_pipeline.py took 0.123 seconds
[2026-09-15T13:28:47.052+0000] {processor.py:161} INFO - Started process (PID=19136) to work on /opt/airflow/dags/youtube_pipeline.py
[2026-09-15T13:28:47.053+0000] {processor.py:830} INFO - Processing file /opt/airflow/dags/youtube_pipeline.py for tasks to queue
[2026-09-15T13:28:47.054+0000] {logging_mixin.py:188} INFO - [2026-09-15T13:28:47.054+0000] {dagbag.py:545} INFO - Filling up the DagBag from /opt/airflow/dags/youtube_pipeline.py
[2026-09-15T13:28:47.076+0000] {processor.py:840} INFO - DAG(s) 'youtube_english_video_pipeline' retrieved from /opt/airflow/dags/youtube_pipeline.py
[2026-09-15T13:28:47.106+0000] {logging_mixin.py:188} INFO - [2026-09-15T13:28:47.106+0000] {dag.py:3089} INFO - Sync 1 DAGs
[2026-09-15T13:28:47.131+0000] {processor.py:183} INFO - Processing /opt/airflow/dags/youtube_pipeline.py took 0.084 seconds
[2026-09-15T13:29:17.266+0000] {processor.py:161} INFO - Started process (PID=19141) to work on /opt/airflow/dags/youtube_pipeline.py
[2026-09-15T13:29:17.267+0000] {processor.py:830} INFO - Processing file /opt/airflow/dags/youtube_pipeline.py for tasks to queue
[2026-09-15T13:29:17.269+0000] {logging_mixin.py:188} INFO - [2026-09-15T13:29:17.268+0000] {dagbag.py:545} INFO - Filling up the DagBag from /opt/airflow/dags/youtube_pipeline.py
[2026-09-15T13:29:17.288+0000] {processor.py:840} INFO - DAG(s) 'youtube_english_video_pipeline' retrieved from /opt/airflow/dags/youtube_pipeline.py
[2026-09-15T13:29:17.319+0000] {logging_mixin.py:188} INFO - [2026-09-15T13:29:17.318+0000] {dag.py:3089} INFO - Sync 1 DAGs
[2026-09-15T13:29:17.344+0000] {processor.py:183} INFO - Processing /opt/airflow/dags/youtube_pipeline.py took 0.083 seconds
[2026-09-15T13:29:47.609+0000] {processor.py:161} INFO - Started process (PID=19146) to work on /opt/airflow/dags/youtube_pipeline.py
[2026-09-15T13:29:47.611+0000] {processor.py:830} INFO - Processing file /opt/airflow/dags/youtube_pipeline.py for tasks to queue
[2026-09-15T13:29:47.613+0000] {logging_mixin.py:188} INFO - [2026-09-15T13:29:47.613+0000] {dagbag.py:545} INFO - Filling up the DagBag from /opt/airflow/dags/youtube_pipeline.py
[2026-09-15T13:29:47.647+0000] {processor.py:840} INFO - DAG(s) 'youtube_english_video_pipeline' retrieved from /opt/airflow/dags/youtube_pipeline.py
[2026-09-15T13:29:47.682+0000] {logging_mixin.py:188} INFO - [2026-09-15T13:29:47.682+0000] {dag.py:3089} INFO - Sync 1 DAGs
[2026-09-15T13:29:47.722+0000] {processor.py:183} INFO - Processing /opt/airflow/dags/youtube_pipeline.py took 0.120 seconds
[2026-09-15T13:30:17.822+0000] {processor.py:161} INFO - Started process (PID=19151) to work on /opt/airflow/dags/youtube_pipeline.py
[2026-09-15T13:30:17.823+0000] {processor.py:830} INFO - Processing file /opt/airflow/dags/youtube_pipeline.py for tasks to queue
[2026-09-15T13:30:17.825+0000] {logging_mixin.py:188} INFO - [2026-09-15T13:30:17.825+0000] {dagbag.py:545} INFO - Filling up the DagBag from /opt/airflow/dags/youtube_pipeline.py
[2026-09-15T13:30:17.856+0000] {processor.py:840} INFO - DAG(s) 'youtube_english_video_pipeline' retrieved from /opt/airflow/dags/youtube_pipeline.py
[2026-09-15T13:30:17.889+0000] {logging_mixin.py:188} INFO - [2026-09-15T13:30:17.889+0000] {dag.py:3089} INFO - Sync 1 DAGs
[2026-09-15T13:30:17.928+0000] {processor.py:183} INFO - Processing /opt/airflow/dags/youtube_pipeline.py took 0.112 seconds
[2026-09-15T13:30:48.202+0000] {processor.py:161} INFO - Started process (PID=19156) to work on /opt/airflow/dags/youtube_pipeline.py
[2026-09-15T13:30:48.204+0000] {processor.py:830} INFO - Processing file /opt/airflow/dags/youtube_pipeline.py for tasks to queue
[2026-09-15T13:30:48.205+0000] {logging_mixin.py:188} INFO - [2026-09-15T13:30:48.205+0000] {dagbag.py:545} INFO - Filling up the DagBag from /opt/airflow/dags/youtube_pipeline.py
[2026-09-15T13:30:48.224+0000] {processor.py:840} INFO - DAG(s) 'youtube_english_video_pipeline' retrieved from /opt/airflow/dags/youtube_pipeline.py
[2026-09-15T13:30:48.253+0000] {logging_mixin.py:188} INFO - [2026-09-15T13:30:48.253+0000] {dag.py:3089} INFO - Sync 1 DAGs
[2026-09-15T13:30:48.288+0000] {processor.py:183} INFO - Processing /opt/airflow/dags/youtube_pipeline.py took 0.090 seconds
[2026-09-15T13:31:18.451+0000] {processor.py:161} INFO - Started process (PID=19161) to work on /opt/airflow/dags/youtube_pipeline.py
[2026-09-15T13:31:18.452+0000] {processor.py:830} INFO - Processing file /opt/airflow/dags/youtube_pipeline.py for tasks to queue
[2026-09-15T13:31:18.454+0000] {logging_mixin.py:188} INFO - [2026-09-15T13:31:18.454+0000] {dagbag.py:545} INFO - Filling up the DagBag from /opt/airflow/dags/youtube_pipeline.py
[2026-09-15T13:31:18.488+0000] {processor.py:840} INFO - DAG(s) 'youtube_english_video_pipeline' retrieved from /opt/airflow/dags/youtube_pipeline.py
[2026-09-15T13:31:18.517+0000] {logging_mixin.py:188} INFO - [2026-09-15T13:31:18.517+0000] {dag.py:3089} INFO - Sync 1 DAGs
[2026-09-15T13:31:18.546+0000] {processor.py:183} INFO - Processing /opt/airflow/dags/youtube_pipeline.py took 0.103 seconds
[2026-09-15T13:31:49.226+0000] {processor.py:161} INFO - Started process (PID=19166) to work on /opt/airflow/dags/youtube_pipeline.py
[2026-09-15T13:31:49.231+0000] {processor.py:830} INFO - Processing file /opt/airflow/dags/youtube_pipeline.py for tasks to queue
[2026-09-15T13:31:49.241+0000] {logging_mixin.py:188} INFO - [2026-09-15T13:31:49.241+0000] {dagbag.py:545} INFO - Filling up the DagBag from /opt/airflow/dags/youtube_pipeline.py
[2026-09-15T13:31:49.339+0000] {processor.py:840} INFO - DAG(s) 'youtube_english_video_pipeline' retrieved from /opt/airflow/dags/youtube_pipeline.py
[2026-09-15T13:31:49.370+0000] {logging_mixin.py:188} INFO - [2026-09-15T13:31:49.370+0000] {dag.py:3089} INFO - Sync 1 DAGs
[2026-09-15T13:31:49.399+0000] {processor.py:183} INFO - Processing /opt/airflow/dags/youtube_pipeline.py took 0.190 seconds
[2026-09-15T13:32:19.654+0000] {processor.py:161} INFO - Started process (PID=19171) to work on /opt/airflow/dags/youtube_pipeline.py
[2026-09-15T13:32:19.655+0000] {processor.py:830} INFO - Processing file /opt/airflow/dags/youtube_pipeline.py for tasks to queue
[2026-09-15T13:32:19.657+0000] {logging_mixin.py:188} INFO - [2026-09-15T13:32:19.657+0000] {dagbag.py:545} INFO - Filling up the DagBag from /opt/airflow/dags/youtube_pipeline.py
[2026-09-15T13:32:19.679+0000] {processor.py:840} INFO - DAG(s) 'youtube_english_video_pipeline' retrieved from /opt/airflow/dags/youtube_pipeline.py
[2026-09-15T13:32:19.713+0000] {logging_mixin.py:188} INFO - [2026-09-15T13:32:19.713+0000] {dag.py:3089} INFO - Sync 1 DAGs
[2026-09-15T13:32:19.752+0000] {processor.py:183} INFO - Processing /opt/airflow/dags/youtube_pipeline.py took 0.105 seconds
[2026-09-15T13:32:49.971+0000] {processor.py:161} INFO - Started process (PID=19178) to work on /opt/airflow/dags/youtube_pipeline.py
[2026-09-15T13:32:49.972+0000] {processor.py:830} INFO - Processing file /opt/airflow/dags/youtube_pipeline.py for tasks to queue
[2026-09-15T13:32:49.974+0000] {logging_mixin.py:188} INFO - [2026-09-15T13:32:49.974+0000] {dagbag.py:545} INFO - Filling up the DagBag from /opt/airflow/dags/youtube_pipeline.py
[2026-09-15T13:32:50.008+0000] {processor.py:840} INFO - DAG(s) 'youtube_english_video_pipeline' retrieved from /opt/airflow/dags/youtube_pipeline.py
[2026-09-15T13:32:50.038+0000] {logging_mixin.py:188} INFO - [2026-09-15T13:32:50.038+0000] {dag.py:3089} INFO - Sync 1 DAGs
[2026-09-15T13:32:50.066+0000] {processor.py:183} INFO - Processing /opt/airflow/dags/youtube_pipeline.py took 0.101 seconds
[2026-09-15T13:33:20.215+0000] {processor.py:161} INFO - Started process (PID=19183) to work on /opt/airflow/dags/youtube_pipeline.py
[2026-09-15T13:33:20.216+0000] {processor.py:830} INFO - Processing file /opt/airflow/dags/youtube_pipeline.py for tasks to queue
[2026-09-15T13:33:20.217+0000] {logging_mixin.py:188} INFO - [2026-09-15T13:33:20.217+0000] {dagbag.py:545} INFO - Filling up the DagBag from /opt/airflow/dags/youtube_pipeline.py
[2026-09-15T13:33:20.235+0000] {processor.py:840} INFO - DAG(s) 'youtube_english_video_pipeline' retrieved from /opt/airflow/dags/youtube_pipeline.py
[2026-09-15T13:33:20.265+0000] {logging_mixin.py:188} INFO - [2026-09-15T13:33:20.265+0000] {dag.py:3089} INFO - Sync 1 DAGs
[2026-09-15T13:33:20.292+0000] {processor.py:183} INFO - Processing /opt/airflow/dags/youtube_pipeline.py took 0.081 seconds
[2026-09-15T13:33:50.587+0000] {processor.py:161} INFO - Started process (PID=19188) to work on /opt/airflow/dags/youtube_pipeline.py
[2026-09-15T13:33:50.588+0000] {processor.py:830} INFO - Processing file /opt/airflow/dags/youtube_pipeline.py for tasks to queue
[2026-09-15T13:33:50.589+0000] {logging_mixin.py:188} INFO - [2026-09-15T13:33:50.589+0000] {dagbag.py:545} INFO - Filling up the DagBag from /opt/airflow/dags/youtube_pipeline.py
[2026-09-15T13:33:50.609+0000] {processor.py:840} INFO - DAG(s) 'youtube_english_video_pipeline' retrieved from /opt/airflow/dags/youtube_pipeline.py
[2026-09-15T13:33:50.640+0000] {logging_mixin.py:188} INFO - [2026-09-15T13:33:50.640+0000] {dag.py:3089} INFO - Sync 1 DAGs
[2026-09-15T13:33:50.656+0000] {logging_mixin.py:188} INFO - [2026-09-15T13:33:50.656+0000] {dag.py:3947} INFO - Setting next_dagrun for youtube_english_video_pipeline to 2026-09-15 12:00:00+00:00, run_after=2026-09-16 12:00:00+00:00
[2026-09-15T13:33:50.681+0000] {processor.py:183} INFO - Processing /opt/airflow/dags/youtube_pipeline.py took 0.099 seconds
[2026-09-15T13:34:20.839+0000] {processor.py:161} INFO - Started process (PID=19193) to work on /opt/airflow/dags/youtube_pipeline.py
[2026-09-15T13:34:20.840+0000] {processor.py:830} INFO - Processing file /opt/airflow/dags/youtube_pipeline.py for tasks to queue
[2026-09-15T13:34:20.842+0000] {logging_mixin.py:188} INFO - [2026-09-15T13:34:20.841+0000] {dagbag.py:545} INFO - Filling up the DagBag from /opt/airflow/dags/youtube_pipeline.py
[2026-09-15T13:34:20.860+0000] {processor.py:840} INFO - DAG(s) 'youtube_english_video_pipeline' retrieved from /opt/airflow/dags/youtube_pipeline.py
[2026-09-15T13:34:20.890+0000] {logging_mixin.py:188} INFO - [2026-09-15T13:34:20.890+0000] {dag.py:3089} INFO - Sync 1 DAGs
[2026-09-15T13:34:20.905+0000] {logging_mixin.py:188} INFO - [2026-09-15T13:34:20.905+0000] {dag.py:3947} INFO - Setting next_dagrun for youtube_english_video_pipeline to 2026-09-15 12:00:00+00:00, run_after=2026-09-16 12:00:00+00:00
[2026-09-15T13:34:20.928+0000] {processor.py:183} INFO - Processing /opt/airflow/dags/youtube_pipeline.py took 0.094 seconds
[2026-09-15T13:34:51.138+0000] {processor.py:161} INFO - Started process (PID=19198) to work on /opt/airflow/dags/youtube_pipeline.py
[2026-09-15T13:34:51.140+0000] {processor.py:830} INFO - Processing file /opt/airflow/dags/youtube_pipeline.py for tasks to queue
[2026-09-15T13:34:51.141+0000] {logging_mixin.py:188} INFO - [2026-09-15T13:34:51.141+0000] {dagbag.py:545} INFO - Filling up the DagBag from /opt/airflow/dags/youtube_pipeline.py
[2026-09-15T13:34:51.175+0000] {processor.py:840} INFO - DAG(s) 'youtube_english_video_pipeline' retrieved from /opt/airflow/dags/youtube_pipeline.py
[2026-09-15T13:34:51.207+0000] {logging_mixin.py:188} INFO - [2026-09-15T13:34:51.206+0000] {dag.py:3089} INFO - Sync 1 DAGs
[2026-09-15T13:34:51.222+0000] {logging_mixin.py:188} INFO - [2026-09-15T13:34:51.222+0000] {dag.py:3947} INFO - Setting next_dagrun for youtube_english_video_pipeline to 2026-09-15 12:00:00+00:00, run_after=2026-09-16 12:00:00+00:00
[2026-09-15T13:34:51.238+0000] {processor.py:183} INFO - Processing /opt/airflow/dags/youtube_pipeline.py took 0.105 seconds
[2026-09-15T13:35:21.383+0000] {processor.py:161} INFO - Started process (PID=19203) to work on /opt/airflow/dags/youtube_pipeline.py
[2026-09-15T13:35:21.384+0000] {processor.py:830} INFO - Processing file /opt/airflow/dags/youtube_pipeline.py for tasks to queue
[2026-09-15T13:35:21.386+0000] {logging_mixin.py:188} INFO - [2026-09-15T13:35:21.385+0000] {dagbag.py:545} INFO - Filling up the DagBag from /opt/airflow/dags/youtube_pipeline.py
[2026-09-15T13:35:21.404+0000] {processor.py:840} INFO - DAG(s) 'youtube_english_video_pipeline' retrieved from /opt/airflow/dags/youtube_pipeline.py
[2026-09-15T13:35:21.435+0000] {logging_mixin.py:188} INFO - [2026-09-15T13:35:21.435+0000] {dag.py:3089} INFO - Sync 1 DAGs
[2026-09-15T13:35:21.449+0000] {logging_mixin.py:188} INFO - [2026-09-15T13:35:21.449+0000] {dag.py:3947} INFO - Setting next_dagrun for youtube_english_video_pipeline to 2026-09-15 12:00:00+00:00, run_after=2026-09-16 12:00:00+00:00
[2026-09-15T13:35:21.464+0000] {processor.py:183} INFO - Processing /opt/airflow/dags/youtube_pipeline.py took 0.086 seconds
[2026-09-15T13:35:51.715+0000] {processor.py:161} INFO - Started process (PID=19208) to work on /opt/airflow/dags/youtube_pipeline.py
[2026-09-15T13:35:51.716+0000] {processor.py:830} INFO - Processing file /opt/airflow/dags/youtube_pipeline.py for tasks to queue
[2026-09-15T13:35:51.718+0000] {logging_mixin.py:188} INFO - [2026-09-15T13:35:51.717+0000] {dagbag.py:545} INFO - Filling up the DagBag from /opt/airflow/dags/youtube_pipeline.py
[2026-09-15T13:35:51.735+0000] {processor.py:840} INFO - DAG(s) 'youtube_english_video_pipeline' retrieved from /opt/airflow/dags/youtube_pipeline.py
[2026-09-15T13:35:51.768+0000] {logging_mixin.py:188} INFO - [2026-09-15T13:35:51.767+0000] {dag.py:3089} INFO - Sync 1 DAGs
[2026-09-15T13:35:51.785+0000] {logging_mixin.py:188} INFO - [2026-09-15T13:35:51.785+0000] {dag.py:3947} INFO - Setting next_dagrun for youtube_english_video_pipeline to 2026-09-15 12:00:00+00:00, run_after=2026-09-16 12:00:00+00:00
[2026-09-15T13:35:51.800+0000] {processor.py:183} INFO - Processing /opt/airflow/dags/youtube_pipeline.py took 0.090 seconds
[2026-09-15T13:36:22.022+0000] {processor.py:161} INFO - Started process (PID=19213) to work on /opt/airflow/dags/youtube_pipeline.py
[2026-09-15T13:36:22.029+0000] {processor.py:830} INFO - Processing file /opt/airflow/dags/youtube_pipeline.py for tasks to queue
[2026-09-15T13:36:22.035+0000] {logging_mixin.py:188} INFO - [2026-09-15T13:36:22.035+0000] {dagbag.py:545} INFO - Filling up the DagBag from /opt/airflow/dags/youtube_pipeline.py
[2026-09-15T13:36:22.187+0000] {processor.py:840} INFO - DAG(s) 'youtube_english_video_pipeline' retrieved from /opt/airflow/dags/youtube_pipeline.py
[2026-09-15T13:36:22.224+0000] {logging_mixin.py:188} INFO - [2026-09-15T13:36:22.224+0000] {dag.py:3089} INFO - Sync 1 DAGs
[2026-09-15T13:36:22.239+0000] {logging_mixin.py:188} INFO - [2026-09-15T13:36:22.239+0000] {dag.py:3947} INFO - Setting next_dagrun for youtube_english_video_pipeline to 2026-09-15 12:00:00+00:00, run_after=2026-09-16 12:00:00+00:00
[2026-09-15T13:36:22.257+0000] {processor.py:183} INFO - Processing /opt/airflow/dags/youtube_pipeline.py took 0.249 seconds
[2026-09-15T13:36:52.523+0000] {processor.py:161} INFO - Started process (PID=19218) to work on /opt/airflow/dags/youtube_pipeline.py
[2026-09-15T13:36:52.524+0000] {processor.py:830} INFO - Processing file /opt/airflow/dags/youtube_pipeline.py for tasks to queue
[2026-09-15T13:36:52.526+0000] {logging_mixin.py:188} INFO - [2026-09-15T13:36:52.525+0000] {dagbag.py:545} INFO - Filling up the DagBag from /opt/airflow/dags/youtube_pipeline.py
[2026-09-15T13:36:52.544+0000] {processor.py:840} INFO - DAG(s) 'youtube_english_video_pipeline' retrieved from /opt/airflow/dags/youtube_pipeline.py
[2026-09-15T13:36:52.572+0000] {logging_mixin.py:188} INFO - [2026-09-15T13:36:52.572+0000] {dag.py:3089} INFO - Sync 1 DAGs
[2026-09-15T13:36:52.586+0000] {logging_mixin.py:188} INFO - [2026-09-15T13:36:52.586+0000] {dag.py:3947} INFO - Setting next_dagrun for youtube_english_video_pipeline to 2026-09-15 12:00:00+00:00, run_after=2026-09-16 12:00:00+00:00
[2026-09-15T13:36:52.609+0000] {processor.py:183} INFO - Processing /opt/airflow/dags/youtube_pipeline.py took 0.091 seconds
[2026-09-15T13:37:22.754+0000] {processor.py:161} INFO - Started process (PID=19223) to work on /opt/airflow/dags/youtube_pipeline.py
[2026-09-15T13:37:22.755+0000] {processor.py:830} INFO - Processing file /opt/airflow/dags/youtube_pipeline.py for tasks to queue
[2026-09-15T13:37:22.756+0000] {logging_mixin.py:188} INFO - [2026-09-15T13:37:22.756+0000] {dagbag.py:545} INFO - Filling up the DagBag from /opt/airflow/dags/youtube_pipeline.py
[2026-09-15T13:37:22.774+0000] {processor.py:840} INFO - DAG(s) 'youtube_english_video_pipeline' retrieved from /opt/airflow/dags/youtube_pipeline.py
[2026-09-15T13:37:22.803+0000] {logging_mixin.py:188} INFO - [2026-09-15T13:37:22.803+0000] {dag.py:3089} INFO - Sync 1 DAGs
[2026-09-15T13:37:22.817+0000] {logging_mixin.py:188} INFO - [2026-09-15T13:37:22.817+0000] {dag.py:3947} INFO - Setting next_dagrun for youtube_english_video_pipeline to 2026-09-15 12:00:00+00:00, run_after=2026-09-16 12:00:00+00:00
[2026-09-15T13:37:22.840+0000] {processor.py:183} INFO - Processing /opt/airflow/dags/youtube_pipeline.py took 0.091 seconds
[2026-09-15T13:37:53.127+0000] {processor.py:161} INFO - Started process (PID=19228) to work on /opt/airflow/dags/youtube_pipeline.py
[2026-09-15T13:37:53.128+0000] {processor.py:830} INFO - Processing file /opt/airflow/dags/youtube_pipeline.py for tasks to queue
[2026-09-15T13:37:53.130+0000] {logging_mixin.py:188} INFO - [2026-09-15T13:37:53.130+0000] {dagbag.py:545} INFO - Filling up the DagBag from /opt/airflow/dags/youtube_pipeline.py
[2026-09-15T13:37:53.168+0000] {processor.py:840} INFO - DAG(s) 'youtube_english_video_pipeline' retrieved from /opt/airflow/dags/youtube_pipeline.py
[2026-09-15T13:37:53.204+0000] {logging_mixin.py:188} INFO - [2026-09-15T13:37:53.203+0000] {dag.py:3089} INFO - Sync 1 DAGs
[2026-09-15T13:37:53.234+0000] {logging_mixin.py:188} INFO - [2026-09-15T13:37:53.234+0000] {dag.py:3947} INFO - Setting next_dagrun for youtube_english_video_pipeline to 2026-09-15 12:00:00+00:00, run_after=2026-09-16 12:00:00+00:00
[2026-09-15T13:37:53.261+0000] {processor.py:183} INFO - Processing /opt/airflow/dags/youtube_pipeline.py took 0.142 seconds
[2026-09-15T13:38:23.348+0000] {processor.py:161} INFO - Started process (PID=19233) to work on /opt/airflow/dags/youtube_pipeline.py
[2026-09-15T13:38:23.349+0000] {processor.py:830} INFO - Processing file /opt/airflow/dags/youtube_pipeline.py for tasks to queue
[2026-09-15T13:38:23.350+0000] {logging_mixin.py:188} INFO - [2026-09-15T13:38:23.350+0000] {dagbag.py:545} INFO - Filling up the DagBag from /opt/airflow/dags/youtube_pipeline.py
[2026-09-15T13:38:23.370+0000] {processor.py:840} INFO - DAG(s) 'youtube_english_video_pipeline' retrieved from /opt/airflow/dags/youtube_pipeline.py
[2026-09-15T13:38:23.402+0000] {logging_mixin.py:188} INFO - [2026-09-15T13:38:23.402+0000] {dag.py:3089} INFO - Sync 1 DAGs
[2026-09-15T13:38:23.420+0000] {logging_mixin.py:188} INFO - [2026-09-15T13:38:23.420+0000] {dag.py:3947} INFO - Setting next_dagrun for youtube_english_video_pipeline to 2026-09-15 12:00:00+00:00, run_after=2026-09-16 12:00:00+00:00
[2026-09-15T13:38:23.435+0000] {processor.py:183} INFO - Processing /opt/airflow/dags/youtube_pipeline.py took 0.093 seconds
[2026-09-15T13:38:53.583+0000] {processor.py:161} INFO - Started process (PID=19238) to work on /opt/airflow/dags/youtube_pipeline.py
[2026-09-15T13:38:53.585+0000] {processor.py:830} INFO - Processing file /opt/airflow/dags/youtube_pipeline.py for tasks to queue
[2026-09-15T13:38:53.587+0000] {logging_mixin.py:188} INFO - [2026-09-15T13:38:53.587+0000] {dagbag.py:545} INFO - Filling up the DagBag from /opt/airflow/dags/youtube_pipeline.py
[2026-09-15T13:38:53.626+0000] {processor.py:840} INFO - DAG(s) 'youtube_english_video_pipeline' retrieved from /opt/airflow/dags/youtube_pipeline.py
[2026-09-15T13:38:53.670+0000] {logging_mixin.py:188} INFO - [2026-09-15T13:38:53.670+0000] {dag.py:3089} INFO - Sync 1 DAGs
[2026-09-15T13:38:53.686+0000] {logging_mixin.py:188} INFO - [2026-09-15T13:38:53.685+0000] {dag.py:3947} INFO - Setting next_dagrun for youtube_english_video_pipeline to 2026-09-15 12:00:00+00:00, run_after=2026-09-16 12:00:00+00:00
[2026-09-15T13:38:53.703+0000] {processor.py:183} INFO - Processing /opt/airflow/dags/youtube_pipeline.py took 0.126 seconds
[2026-09-15T13:39:23.820+0000] {processor.py:161} INFO - Started process (PID=19243) to work on /opt/airflow/dags/youtube_pipeline.py
[2026-09-15T13:39:23.821+0000] {processor.py:830} INFO - Processing file /opt/airflow/dags/youtube_pipeline.py for tasks to queue
[2026-09-15T13:39:23.823+0000] {logging_mixin.py:188} INFO - [2026-09-15T13:39:23.823+0000] {dagbag.py:545} INFO - Filling up the DagBag from /opt/airflow/dags/youtube_pipeline.py
[2026-09-15T13:39:23.862+0000] {processor.py:840} INFO - DAG(s) 'youtube_english_video_pipeline' retrieved from /opt/airflow/dags/youtube_pipeline.py
[2026-09-15T13:39:23.894+0000] {logging_mixin.py:188} INFO - [2026-09-15T13:39:23.894+0000] {dag.py:3089} INFO - Sync 1 DAGs
[2026-09-15T13:39:23.909+0000] {logging_mixin.py:188} INFO - [2026-09-15T13:39:23.909+0000] {dag.py:3947} INFO - Setting next_dagrun for youtube_english_video_pipeline to 2026-09-15 12:00:00+00:00, run_after=2026-09-16 12:00:00+00:00
[2026-09-15T13:39:23.924+0000] {processor.py:183} INFO - Processing /opt/airflow/dags/youtube_pipeline.py took 0.112 seconds
[2026-09-15T17:33:18.269+0000] {processor.py:161} INFO - Started process (PID=19248) to work on /opt/airflow/dags/youtube_pipeline.py
[2026-09-15T17:33:18.292+0000] {processor.py:830} INFO - Processing file /opt/airflow/dags/youtube_pipeline.py for tasks to queue
[2026-09-15T17:33:18.310+0000] {logging_mixin.py:188} INFO - [2026-09-15T17:33:18.310+0000] {dagbag.py:545} INFO - Filling up the DagBag from /opt/airflow/dags/youtube_pipeline.py
[2026-09-15T17:33:19.115+0000] {processor.py:840} INFO - DAG(s) 'youtube_english_video_pipeline' retrieved from /opt/airflow/dags/youtube_pipeline.py
[2026-09-15T17:33:19.168+0000] {logging_mixin.py:188} INFO - [2026-09-15T17:33:19.168+0000] {dag.py:3089} INFO - Sync 1 DAGs
[2026-09-15T17:33:19.196+0000] {logging_mixin.py:188} INFO - [2026-09-15T17:33:19.196+0000] {dag.py:3947} INFO - Setting next_dagrun for youtube_english_video_pipeline to 2026-09-15 12:00:00+00:00, run_after=2026-09-16 12:00:00+00:00
[2026-09-15T17:33:19.244+0000] {processor.py:183} INFO - Processing /opt/airflow/dags/youtube_pipeline.py took 0.996 seconds
[2026-09-15T17:33:49.693+0000] {processor.py:161} INFO - Started process (PID=19253) to work on /opt/airflow/dags/youtube_pipeline.py
[2026-09-15T17:33:49.696+0000] {processor.py:830} INFO - Processing file /opt/airflow/dags/youtube_pipeline.py for tasks to queue
[2026-09-15T17:33:49.698+0000] {logging_mixin.py:188} INFO - [2026-09-15T17:33:49.698+0000] {dagbag.py:545} INFO - Filling up the DagBag from /opt/airflow/dags/youtube_pipeline.py
[2026-09-15T17:33:49.741+0000] {processor.py:840} INFO - DAG(s) 'youtube_english_video_pipeline' retrieved from /opt/airflow/dags/youtube_pipeline.py
[2026-09-15T17:33:49.812+0000] {logging_mixin.py:188} INFO - [2026-09-15T17:33:49.812+0000] {dag.py:3089} INFO - Sync 1 DAGs
[2026-09-15T17:33:49.836+0000] {logging_mixin.py:188} INFO - [2026-09-15T17:33:49.836+0000] {dag.py:3947} INFO - Setting next_dagrun for youtube_english_video_pipeline to 2026-09-15 12:00:00+00:00, run_after=2026-09-16 12:00:00+00:00
[2026-09-15T17:33:49.854+0000] {processor.py:183} INFO - Processing /opt/airflow/dags/youtube_pipeline.py took 0.174 seconds
[2026-09-15T17:34:20.082+0000] {processor.py:161} INFO - Started process (PID=19258) to work on /opt/airflow/dags/youtube_pipeline.py
[2026-09-15T17:34:20.083+0000] {processor.py:830} INFO - Processing file /opt/airflow/dags/youtube_pipeline.py for tasks to queue
[2026-09-15T17:34:20.085+0000] {logging_mixin.py:188} INFO - [2026-09-15T17:34:20.084+0000] {dagbag.py:545} INFO - Filling up the DagBag from /opt/airflow/dags/youtube_pipeline.py
[2026-09-15T17:34:20.233+0000] {processor.py:840} INFO - DAG(s) 'youtube_english_video_pipeline' retrieved from /opt/airflow/dags/youtube_pipeline.py
[2026-09-15T17:34:20.268+0000] {logging_mixin.py:188} INFO - [2026-09-15T17:34:20.268+0000] {dag.py:3089} INFO - Sync 1 DAGs
[2026-09-15T17:34:20.289+0000] {logging_mixin.py:188} INFO - [2026-09-15T17:34:20.289+0000] {dag.py:3947} INFO - Setting next_dagrun for youtube_english_video_pipeline to 2026-09-15 12:00:00+00:00, run_after=2026-09-16 12:00:00+00:00
[2026-09-15T17:34:20.311+0000] {processor.py:183} INFO - Processing /opt/airflow/dags/youtube_pipeline.py took 0.235 seconds
[2026-09-15T17:34:53.791+0000] {processor.py:161} INFO - Started process (PID=19263) to work on /opt/airflow/dags/youtube_pipeline.py
[2026-09-15T17:34:53.792+0000] {processor.py:830} INFO - Processing file /opt/airflow/dags/youtube_pipeline.py for tasks to queue
[2026-09-15T17:34:53.794+0000] {logging_mixin.py:188} INFO - [2026-09-15T17:34:53.794+0000] {dagbag.py:545} INFO - Filling up the DagBag from /opt/airflow/dags/youtube_pipeline.py
[2026-09-15T17:34:53.812+0000] {processor.py:840} INFO - DAG(s) 'youtube_english_video_pipeline' retrieved from /opt/airflow/dags/youtube_pipeline.py
[2026-09-15T17:34:53.841+0000] {logging_mixin.py:188} INFO - [2026-09-15T17:34:53.841+0000] {dag.py:3089} INFO - Sync 1 DAGs
[2026-09-15T17:34:53.855+0000] {logging_mixin.py:188} INFO - [2026-09-15T17:34:53.855+0000] {dag.py:3947} INFO - Setting next_dagrun for youtube_english_video_pipeline to 2026-09-15 12:00:00+00:00, run_after=2026-09-16 12:00:00+00:00
[2026-09-15T17:34:53.869+0000] {processor.py:183} INFO - Processing /opt/airflow/dags/youtube_pipeline.py took 0.082 seconds
[2026-09-15T17:35:24.041+0000] {processor.py:161} INFO - Started process (PID=19268) to work on /opt/airflow/dags/youtube_pipeline.py
[2026-09-15T17:35:24.042+0000] {processor.py:830} INFO - Processing file /opt/airflow/dags/youtube_pipeline.py for tasks to queue
[2026-09-15T17:35:24.044+0000] {logging_mixin.py:188} INFO - [2026-09-15T17:35:24.044+0000] {dagbag.py:545} INFO - Filling up the DagBag from /opt/airflow/dags/youtube_pipeline.py
[2026-09-15T17:35:24.063+0000] {processor.py:840} INFO - DAG(s) 'youtube_english_video_pipeline' retrieved from /opt/airflow/dags/youtube_pipeline.py
[2026-09-15T17:35:24.093+0000] {logging_mixin.py:188} INFO - [2026-09-15T17:35:24.092+0000] {dag.py:3089} INFO - Sync 1 DAGs
[2026-09-15T17:35:24.106+0000] {logging_mixin.py:188} INFO - [2026-09-15T17:35:24.106+0000] {dag.py:3947} INFO - Setting next_dagrun for youtube_english_video_pipeline to 2026-09-15 12:00:00+00:00, run_after=2026-09-16 12:00:00+00:00
[2026-09-15T17:35:24.121+0000] {processor.py:183} INFO - Processing /opt/airflow/dags/youtube_pipeline.py took 0.085 seconds
[2026-09-15T17:51:02.221+0000] {processor.py:161} INFO - Started process (PID=19273) to work on /opt/airflow/dags/youtube_pipeline.py
[2026-09-15T17:51:02.236+0000] {processor.py:830} INFO - Processing file /opt/airflow/dags/youtube_pipeline.py for tasks to queue
[2026-09-15T17:51:02.255+0000] {logging_mixin.py:188} INFO - [2026-09-15T17:51:02.255+0000] {dagbag.py:545} INFO - Filling up the DagBag from /opt/airflow/dags/youtube_pipeline.py
[2026-09-15T17:51:02.686+0000] {processor.py:840} INFO - DAG(s) 'youtube_english_video_pipeline' retrieved from /opt/airflow/dags/youtube_pipeline.py
[2026-09-15T17:51:02.741+0000] {logging_mixin.py:188} INFO - [2026-09-15T17:51:02.741+0000] {dag.py:3089} INFO - Sync 1 DAGs
[2026-09-15T17:51:02.770+0000] {logging_mixin.py:188} INFO - [2026-09-15T17:51:02.770+0000] {dag.py:3947} INFO - Setting next_dagrun for youtube_english_video_pipeline to 2026-09-15 12:00:00+00:00, run_after=2026-09-16 12:00:00+00:00
[2026-09-15T17:51:02.819+0000] {processor.py:183} INFO - Processing /opt/airflow/dags/youtube_pipeline.py took 0.620 seconds
[2026-09-15T18:09:03.431+0000] {processor.py:161} INFO - Started process (PID=19278) to work on /opt/airflow/dags/youtube_pipeline.py
[2026-09-15T18:09:03.435+0000] {processor.py:830} INFO - Processing file /opt/airflow/dags/youtube_pipeline.py for tasks to queue
[2026-09-15T18:09:03.441+0000] {logging_mixin.py:188} INFO - [2026-09-15T18:09:03.440+0000] {dagbag.py:545} INFO - Filling up the DagBag from /opt/airflow/dags/youtube_pipeline.py
[2026-09-15T18:09:03.542+0000] {processor.py:840} INFO - DAG(s) 'youtube_english_video_pipeline' retrieved from /opt/airflow/dags/youtube_pipeline.py
[2026-09-15T18:09:03.597+0000] {logging_mixin.py:188} INFO - [2026-09-15T18:09:03.597+0000] {dag.py:3089} INFO - Sync 1 DAGs
[2026-09-15T18:09:03.631+0000] {logging_mixin.py:188} INFO - [2026-09-15T18:09:03.631+0000] {dag.py:3947} INFO - Setting next_dagrun for youtube_english_video_pipeline to 2026-09-15 12:00:00+00:00, run_after=2026-09-16 12:00:00+00:00
[2026-09-15T18:09:03.667+0000] {processor.py:183} INFO - Processing /opt/airflow/dags/youtube_pipeline.py took 0.244 seconds
[2026-09-15T19:12:08.711+0000] {processor.py:161} INFO - Started process (PID=19283) to work on /opt/airflow/dags/youtube_pipeline.py
[2026-09-15T19:12:08.713+0000] {processor.py:830} INFO - Processing file /opt/airflow/dags/youtube_pipeline.py for tasks to queue
[2026-09-15T19:12:08.715+0000] {logging_mixin.py:188} INFO - [2026-09-15T19:12:08.714+0000] {dagbag.py:545} INFO - Filling up the DagBag from /opt/airflow/dags/youtube_pipeline.py
[2026-09-15T19:12:08.754+0000] {processor.py:840} INFO - DAG(s) 'youtube_english_video_pipeline' retrieved from /opt/airflow/dags/youtube_pipeline.py
[2026-09-15T19:12:08.786+0000] {logging_mixin.py:188} INFO - [2026-09-15T19:12:08.786+0000] {dag.py:3089} INFO - Sync 1 DAGs
[2026-09-15T19:12:08.810+0000] {logging_mixin.py:188} INFO - [2026-09-15T19:12:08.810+0000] {dag.py:3947} INFO - Setting next_dagrun for youtube_english_video_pipeline to 2026-09-15 12:00:00+00:00, run_after=2026-09-16 12:00:00+00:00
[2026-09-15T19:12:08.833+0000] {processor.py:183} INFO - Processing /opt/airflow/dags/youtube_pipeline.py took 0.139 seconds
