[2026-07-24T00:00:37.245+0000] {processor.py:161} INFO - Started process (PID=4029) to work on /opt/airflow/dags/youtube_pipeline.py
[2026-07-24T00:00:37.263+0000] {processor.py:830} INFO - Processing file /opt/airflow/dags/youtube_pipeline.py for tasks to queue
[2026-07-24T00:00:37.308+0000] {logging_mixin.py:188} INFO - [2026-07-24T00:00:37.307+0000] {dagbag.py:545} INFO - Filling up the DagBag from /opt/airflow/dags/youtube_pipeline.py
[2026-07-24T00:00:39.987+0000] {processor.py:840} INFO - DAG(s) 'youtube_english_video_pipeline' retrieved from /opt/airflow/dags/youtube_pipeline.py
[2026-07-24T00:00:40.285+0000] {logging_mixin.py:188} INFO - [2026-07-24T00:00:40.284+0000] {dag.py:3089} INFO - Sync 1 DAGs
[2026-07-24T00:00:40.419+0000] {logging_mixin.py:188} INFO - [2026-07-24T00:00:40.419+0000] {dag.py:3947} INFO - Setting next_dagrun for youtube_english_video_pipeline to 2026-07-23 12:00:00+00:00, run_after=2026-07-24 12:00:00+00:00
[2026-07-24T00:00:40.745+0000] {processor.py:183} INFO - Processing /opt/airflow/dags/youtube_pipeline.py took 3.683 seconds
[2026-07-24T00:01:13.646+0000] {processor.py:161} INFO - Started process (PID=4034) to work on /opt/airflow/dags/youtube_pipeline.py
[2026-07-24T00:01:13.778+0000] {processor.py:830} INFO - Processing file /opt/airflow/dags/youtube_pipeline.py for tasks to queue
[2026-07-24T00:01:13.877+0000] {logging_mixin.py:188} INFO - [2026-07-24T00:01:13.877+0000] {dagbag.py:545} INFO - Filling up the DagBag from /opt/airflow/dags/youtube_pipeline.py
[2026-07-24T00:01:19.163+0000] {processor.py:840} INFO - DAG(s) 'youtube_english_video_pipeline' retrieved from /opt/airflow/dags/youtube_pipeline.py
[2026-07-24T00:01:19.464+0000] {logging_mixin.py:188} INFO - [2026-07-24T00:01:19.464+0000] {dag.py:3089} INFO - Sync 1 DAGs
[2026-07-24T00:01:19.550+0000] {logging_mixin.py:188} INFO - [2026-07-24T00:01:19.550+0000] {dag.py:3947} INFO - Setting next_dagrun for youtube_english_video_pipeline to 2026-07-23 12:00:00+00:00, run_after=2026-07-24 12:00:00+00:00
[2026-07-24T00:01:19.616+0000] {processor.py:183} INFO - Processing /opt/airflow/dags/youtube_pipeline.py took 6.222 seconds
[2026-07-24T00:01:49.949+0000] {processor.py:161} INFO - Started process (PID=4039) to work on /opt/airflow/dags/youtube_pipeline.py
[2026-07-24T00:01:49.952+0000] {processor.py:830} INFO - Processing file /opt/airflow/dags/youtube_pipeline.py for tasks to queue
[2026-07-24T00:01:49.956+0000] {logging_mixin.py:188} INFO - [2026-07-24T00:01:49.955+0000] {dagbag.py:545} INFO - Filling up the DagBag from /opt/airflow/dags/youtube_pipeline.py
[2026-07-24T00:01:50.058+0000] {processor.py:840} INFO - DAG(s) 'youtube_english_video_pipeline' retrieved from /opt/airflow/dags/youtube_pipeline.py
[2026-07-24T00:01:50.151+0000] {logging_mixin.py:188} INFO - [2026-07-24T00:01:50.150+0000] {dag.py:3089} INFO - Sync 1 DAGs
[2026-07-24T00:01:50.189+0000] {logging_mixin.py:188} INFO - [2026-07-24T00:01:50.189+0000] {dag.py:3947} INFO - Setting next_dagrun for youtube_english_video_pipeline to 2026-07-23 12:00:00+00:00, run_after=2026-07-24 12:00:00+00:00
[2026-07-24T00:01:50.238+0000] {processor.py:183} INFO - Processing /opt/airflow/dags/youtube_pipeline.py took 0.308 seconds
[2026-07-24T00:02:20.935+0000] {processor.py:161} INFO - Started process (PID=4044) to work on /opt/airflow/dags/youtube_pipeline.py
[2026-07-24T00:02:20.937+0000] {processor.py:830} INFO - Processing file /opt/airflow/dags/youtube_pipeline.py for tasks to queue
[2026-07-24T00:02:20.940+0000] {logging_mixin.py:188} INFO - [2026-07-24T00:02:20.939+0000] {dagbag.py:545} INFO - Filling up the DagBag from /opt/airflow/dags/youtube_pipeline.py
[2026-07-24T00:02:21.018+0000] {processor.py:840} INFO - DAG(s) 'youtube_english_video_pipeline' retrieved from /opt/airflow/dags/youtube_pipeline.py
[2026-07-24T00:02:21.071+0000] {logging_mixin.py:188} INFO - [2026-07-24T00:02:21.070+0000] {dag.py:3089} INFO - Sync 1 DAGs
[2026-07-24T00:02:21.103+0000] {logging_mixin.py:188} INFO - [2026-07-24T00:02:21.103+0000] {dag.py:3947} INFO - Setting next_dagrun for youtube_english_video_pipeline to 2026-07-23 12:00:00+00:00, run_after=2026-07-24 12:00:00+00:00
[2026-07-24T00:02:21.138+0000] {processor.py:183} INFO - Processing /opt/airflow/dags/youtube_pipeline.py took 0.222 seconds
[2026-07-24T00:02:51.775+0000] {processor.py:161} INFO - Started process (PID=4049) to work on /opt/airflow/dags/youtube_pipeline.py
[2026-07-24T00:02:51.777+0000] {processor.py:830} INFO - Processing file /opt/airflow/dags/youtube_pipeline.py for tasks to queue
[2026-07-24T00:02:51.779+0000] {logging_mixin.py:188} INFO - [2026-07-24T00:02:51.779+0000] {dagbag.py:545} INFO - Filling up the DagBag from /opt/airflow/dags/youtube_pipeline.py
[2026-07-24T00:02:51.961+0000] {processor.py:840} INFO - DAG(s) 'youtube_english_video_pipeline' retrieved from /opt/airflow/dags/youtube_pipeline.py
[2026-07-24T00:02:52.035+0000] {logging_mixin.py:188} INFO - [2026-07-24T00:02:52.034+0000] {dag.py:3089} INFO - Sync 1 DAGs
[2026-07-24T00:02:52.069+0000] {logging_mixin.py:188} INFO - [2026-07-24T00:02:52.068+0000] {dag.py:3947} INFO - Setting next_dagrun for youtube_english_video_pipeline to 2026-07-23 12:00:00+00:00, run_after=2026-07-24 12:00:00+00:00
[2026-07-24T00:02:52.100+0000] {processor.py:183} INFO - Processing /opt/airflow/dags/youtube_pipeline.py took 0.341 seconds
[2026-07-24T00:03:22.671+0000] {processor.py:161} INFO - Started process (PID=4054) to work on /opt/airflow/dags/youtube_pipeline.py
[2026-07-24T00:03:22.673+0000] {processor.py:830} INFO - Processing file /opt/airflow/dags/youtube_pipeline.py for tasks to queue
[2026-07-24T00:03:22.677+0000] {logging_mixin.py:188} INFO - [2026-07-24T00:03:22.676+0000] {dagbag.py:545} INFO - Filling up the DagBag from /opt/airflow/dags/youtube_pipeline.py
[2026-07-24T00:03:22.737+0000] {processor.py:840} INFO - DAG(s) 'youtube_english_video_pipeline' retrieved from /opt/airflow/dags/youtube_pipeline.py
[2026-07-24T00:03:22.787+0000] {logging_mixin.py:188} INFO - [2026-07-24T00:03:22.787+0000] {dag.py:3089} INFO - Sync 1 DAGs
[2026-07-24T00:03:22.813+0000] {logging_mixin.py:188} INFO - [2026-07-24T00:03:22.813+0000] {dag.py:3947} INFO - Setting next_dagrun for youtube_english_video_pipeline to 2026-07-23 12:00:00+00:00, run_after=2026-07-24 12:00:00+00:00
[2026-07-24T00:03:22.847+0000] {processor.py:183} INFO - Processing /opt/airflow/dags/youtube_pipeline.py took 0.191 seconds
[2026-07-24T00:03:53.188+0000] {processor.py:161} INFO - Started process (PID=4059) to work on /opt/airflow/dags/youtube_pipeline.py
[2026-07-24T00:03:53.192+0000] {processor.py:830} INFO - Processing file /opt/airflow/dags/youtube_pipeline.py for tasks to queue
[2026-07-24T00:03:53.200+0000] {logging_mixin.py:188} INFO - [2026-07-24T00:03:53.199+0000] {dagbag.py:545} INFO - Filling up the DagBag from /opt/airflow/dags/youtube_pipeline.py
[2026-07-24T00:03:53.277+0000] {processor.py:840} INFO - DAG(s) 'youtube_english_video_pipeline' retrieved from /opt/airflow/dags/youtube_pipeline.py
[2026-07-24T00:03:53.349+0000] {logging_mixin.py:188} INFO - [2026-07-24T00:03:53.348+0000] {dag.py:3089} INFO - Sync 1 DAGs
[2026-07-24T00:03:53.388+0000] {logging_mixin.py:188} INFO - [2026-07-24T00:03:53.388+0000] {dag.py:3947} INFO - Setting next_dagrun for youtube_english_video_pipeline to 2026-07-23 12:00:00+00:00, run_after=2026-07-24 12:00:00+00:00
[2026-07-24T00:03:53.425+0000] {processor.py:183} INFO - Processing /opt/airflow/dags/youtube_pipeline.py took 0.256 seconds
[2026-07-24T00:04:24.955+0000] {processor.py:161} INFO - Started process (PID=4064) to work on /opt/airflow/dags/youtube_pipeline.py
[2026-07-24T00:04:24.960+0000] {processor.py:830} INFO - Processing file /opt/airflow/dags/youtube_pipeline.py for tasks to queue
[2026-07-24T00:04:24.968+0000] {logging_mixin.py:188} INFO - [2026-07-24T00:04:24.967+0000] {dagbag.py:545} INFO - Filling up the DagBag from /opt/airflow/dags/youtube_pipeline.py
[2026-07-24T00:04:25.091+0000] {processor.py:840} INFO - DAG(s) 'youtube_english_video_pipeline' retrieved from /opt/airflow/dags/youtube_pipeline.py
[2026-07-24T00:04:25.154+0000] {logging_mixin.py:188} INFO - [2026-07-24T00:04:25.154+0000] {dag.py:3089} INFO - Sync 1 DAGs
[2026-07-24T00:04:25.183+0000] {logging_mixin.py:188} INFO - [2026-07-24T00:04:25.183+0000] {dag.py:3947} INFO - Setting next_dagrun for youtube_english_video_pipeline to 2026-07-23 12:00:00+00:00, run_after=2026-07-24 12:00:00+00:00
[2026-07-24T00:04:25.210+0000] {processor.py:183} INFO - Processing /opt/airflow/dags/youtube_pipeline.py took 0.279 seconds
[2026-07-24T00:04:56.325+0000] {processor.py:161} INFO - Started process (PID=4069) to work on /opt/airflow/dags/youtube_pipeline.py
[2026-07-24T00:04:56.331+0000] {processor.py:830} INFO - Processing file /opt/airflow/dags/youtube_pipeline.py for tasks to queue
[2026-07-24T00:04:56.337+0000] {logging_mixin.py:188} INFO - [2026-07-24T00:04:56.336+0000] {dagbag.py:545} INFO - Filling up the DagBag from /opt/airflow/dags/youtube_pipeline.py
[2026-07-24T00:04:56.460+0000] {processor.py:840} INFO - DAG(s) 'youtube_english_video_pipeline' retrieved from /opt/airflow/dags/youtube_pipeline.py
[2026-07-24T00:04:56.547+0000] {logging_mixin.py:188} INFO - [2026-07-24T00:04:56.546+0000] {dag.py:3089} INFO - Sync 1 DAGs
[2026-07-24T00:04:56.601+0000] {logging_mixin.py:188} INFO - [2026-07-24T00:04:56.601+0000] {dag.py:3947} INFO - Setting next_dagrun for youtube_english_video_pipeline to 2026-07-23 12:00:00+00:00, run_after=2026-07-24 12:00:00+00:00
[2026-07-24T00:04:56.648+0000] {processor.py:183} INFO - Processing /opt/airflow/dags/youtube_pipeline.py took 0.350 seconds
[2026-07-24T00:05:27.268+0000] {processor.py:161} INFO - Started process (PID=4074) to work on /opt/airflow/dags/youtube_pipeline.py
[2026-07-24T00:05:27.274+0000] {processor.py:830} INFO - Processing file /opt/airflow/dags/youtube_pipeline.py for tasks to queue
[2026-07-24T00:05:27.280+0000] {logging_mixin.py:188} INFO - [2026-07-24T00:05:27.280+0000] {dagbag.py:545} INFO - Filling up the DagBag from /opt/airflow/dags/youtube_pipeline.py
[2026-07-24T00:05:27.452+0000] {processor.py:840} INFO - DAG(s) 'youtube_english_video_pipeline' retrieved from /opt/airflow/dags/youtube_pipeline.py
[2026-07-24T00:05:27.533+0000] {logging_mixin.py:188} INFO - [2026-07-24T00:05:27.533+0000] {dag.py:3089} INFO - Sync 1 DAGs
[2026-07-24T00:05:27.582+0000] {logging_mixin.py:188} INFO - [2026-07-24T00:05:27.582+0000] {dag.py:3947} INFO - Setting next_dagrun for youtube_english_video_pipeline to 2026-07-23 12:00:00+00:00, run_after=2026-07-24 12:00:00+00:00
[2026-07-24T00:05:27.631+0000] {processor.py:183} INFO - Processing /opt/airflow/dags/youtube_pipeline.py took 0.389 seconds
[2026-07-24T00:05:58.514+0000] {processor.py:161} INFO - Started process (PID=4079) to work on /opt/airflow/dags/youtube_pipeline.py
[2026-07-24T00:05:58.518+0000] {processor.py:830} INFO - Processing file /opt/airflow/dags/youtube_pipeline.py for tasks to queue
[2026-07-24T00:05:58.522+0000] {logging_mixin.py:188} INFO - [2026-07-24T00:05:58.521+0000] {dagbag.py:545} INFO - Filling up the DagBag from /opt/airflow/dags/youtube_pipeline.py
[2026-07-24T00:05:58.626+0000] {processor.py:840} INFO - DAG(s) 'youtube_english_video_pipeline' retrieved from /opt/airflow/dags/youtube_pipeline.py
[2026-07-24T00:05:58.714+0000] {logging_mixin.py:188} INFO - [2026-07-24T00:05:58.713+0000] {dag.py:3089} INFO - Sync 1 DAGs
[2026-07-24T00:05:58.768+0000] {logging_mixin.py:188} INFO - [2026-07-24T00:05:58.768+0000] {dag.py:3947} INFO - Setting next_dagrun for youtube_english_video_pipeline to 2026-07-23 12:00:00+00:00, run_after=2026-07-24 12:00:00+00:00
[2026-07-24T00:05:58.813+0000] {processor.py:183} INFO - Processing /opt/airflow/dags/youtube_pipeline.py took 0.322 seconds
[2026-07-24T00:06:29.171+0000] {processor.py:161} INFO - Started process (PID=4084) to work on /opt/airflow/dags/youtube_pipeline.py
[2026-07-24T00:06:29.173+0000] {processor.py:830} INFO - Processing file /opt/airflow/dags/youtube_pipeline.py for tasks to queue
[2026-07-24T00:06:29.176+0000] {logging_mixin.py:188} INFO - [2026-07-24T00:06:29.175+0000] {dagbag.py:545} INFO - Filling up the DagBag from /opt/airflow/dags/youtube_pipeline.py
[2026-07-24T00:06:29.242+0000] {processor.py:840} INFO - DAG(s) 'youtube_english_video_pipeline' retrieved from /opt/airflow/dags/youtube_pipeline.py
[2026-07-24T00:06:29.321+0000] {logging_mixin.py:188} INFO - [2026-07-24T00:06:29.321+0000] {dag.py:3089} INFO - Sync 1 DAGs
[2026-07-24T00:06:29.382+0000] {logging_mixin.py:188} INFO - [2026-07-24T00:06:29.382+0000] {dag.py:3947} INFO - Setting next_dagrun for youtube_english_video_pipeline to 2026-07-23 12:00:00+00:00, run_after=2026-07-24 12:00:00+00:00
[2026-07-24T00:06:29.407+0000] {processor.py:183} INFO - Processing /opt/airflow/dags/youtube_pipeline.py took 0.254 seconds
[2026-07-24T00:06:59.707+0000] {processor.py:161} INFO - Started process (PID=4089) to work on /opt/airflow/dags/youtube_pipeline.py
[2026-07-24T00:06:59.709+0000] {processor.py:830} INFO - Processing file /opt/airflow/dags/youtube_pipeline.py for tasks to queue
[2026-07-24T00:06:59.714+0000] {logging_mixin.py:188} INFO - [2026-07-24T00:06:59.713+0000] {dagbag.py:545} INFO - Filling up the DagBag from /opt/airflow/dags/youtube_pipeline.py
[2026-07-24T00:06:59.774+0000] {processor.py:840} INFO - DAG(s) 'youtube_english_video_pipeline' retrieved from /opt/airflow/dags/youtube_pipeline.py
[2026-07-24T00:06:59.848+0000] {logging_mixin.py:188} INFO - [2026-07-24T00:06:59.848+0000] {dag.py:3089} INFO - Sync 1 DAGs
[2026-07-24T00:06:59.883+0000] {logging_mixin.py:188} INFO - [2026-07-24T00:06:59.883+0000] {dag.py:3947} INFO - Setting next_dagrun for youtube_english_video_pipeline to 2026-07-23 12:00:00+00:00, run_after=2026-07-24 12:00:00+00:00
[2026-07-24T00:06:59.915+0000] {processor.py:183} INFO - Processing /opt/airflow/dags/youtube_pipeline.py took 0.233 seconds
[2026-07-24T00:07:30.178+0000] {processor.py:161} INFO - Started process (PID=4094) to work on /opt/airflow/dags/youtube_pipeline.py
[2026-07-24T00:07:30.184+0000] {processor.py:830} INFO - Processing file /opt/airflow/dags/youtube_pipeline.py for tasks to queue
[2026-07-24T00:07:30.191+0000] {logging_mixin.py:188} INFO - [2026-07-24T00:07:30.190+0000] {dagbag.py:545} INFO - Filling up the DagBag from /opt/airflow/dags/youtube_pipeline.py
[2026-07-24T00:07:30.305+0000] {processor.py:840} INFO - DAG(s) 'youtube_english_video_pipeline' retrieved from /opt/airflow/dags/youtube_pipeline.py
[2026-07-24T00:07:30.415+0000] {logging_mixin.py:188} INFO - [2026-07-24T00:07:30.415+0000] {dag.py:3089} INFO - Sync 1 DAGs
[2026-07-24T00:07:30.502+0000] {logging_mixin.py:188} INFO - [2026-07-24T00:07:30.501+0000] {dag.py:3947} INFO - Setting next_dagrun for youtube_english_video_pipeline to 2026-07-23 12:00:00+00:00, run_after=2026-07-24 12:00:00+00:00
[2026-07-24T00:07:30.571+0000] {processor.py:183} INFO - Processing /opt/airflow/dags/youtube_pipeline.py took 0.431 seconds
[2026-07-24T00:08:01.056+0000] {processor.py:161} INFO - Started process (PID=4099) to work on /opt/airflow/dags/youtube_pipeline.py
[2026-07-24T00:08:01.057+0000] {processor.py:830} INFO - Processing file /opt/airflow/dags/youtube_pipeline.py for tasks to queue
[2026-07-24T00:08:01.061+0000] {logging_mixin.py:188} INFO - [2026-07-24T00:08:01.060+0000] {dagbag.py:545} INFO - Filling up the DagBag from /opt/airflow/dags/youtube_pipeline.py
[2026-07-24T00:08:01.138+0000] {processor.py:840} INFO - DAG(s) 'youtube_english_video_pipeline' retrieved from /opt/airflow/dags/youtube_pipeline.py
[2026-07-24T00:08:01.230+0000] {logging_mixin.py:188} INFO - [2026-07-24T00:08:01.229+0000] {dag.py:3089} INFO - Sync 1 DAGs
[2026-07-24T00:08:01.287+0000] {logging_mixin.py:188} INFO - [2026-07-24T00:08:01.286+0000] {dag.py:3947} INFO - Setting next_dagrun for youtube_english_video_pipeline to 2026-07-23 12:00:00+00:00, run_after=2026-07-24 12:00:00+00:00
[2026-07-24T00:08:01.352+0000] {processor.py:183} INFO - Processing /opt/airflow/dags/youtube_pipeline.py took 0.308 seconds
[2026-07-24T00:08:31.469+0000] {processor.py:161} INFO - Started process (PID=4104) to work on /opt/airflow/dags/youtube_pipeline.py
[2026-07-24T00:08:31.471+0000] {processor.py:830} INFO - Processing file /opt/airflow/dags/youtube_pipeline.py for tasks to queue
[2026-07-24T00:08:31.473+0000] {logging_mixin.py:188} INFO - [2026-07-24T00:08:31.473+0000] {dagbag.py:545} INFO - Filling up the DagBag from /opt/airflow/dags/youtube_pipeline.py
[2026-07-24T00:08:31.522+0000] {processor.py:840} INFO - DAG(s) 'youtube_english_video_pipeline' retrieved from /opt/airflow/dags/youtube_pipeline.py
[2026-07-24T00:08:31.570+0000] {logging_mixin.py:188} INFO - [2026-07-24T00:08:31.570+0000] {dag.py:3089} INFO - Sync 1 DAGs
[2026-07-24T00:08:31.603+0000] {logging_mixin.py:188} INFO - [2026-07-24T00:08:31.603+0000] {dag.py:3947} INFO - Setting next_dagrun for youtube_english_video_pipeline to 2026-07-23 12:00:00+00:00, run_after=2026-07-24 12:00:00+00:00
[2026-07-24T00:08:31.632+0000] {processor.py:183} INFO - Processing /opt/airflow/dags/youtube_pipeline.py took 0.178 seconds
[2026-07-24T00:09:02.479+0000] {processor.py:161} INFO - Started process (PID=4109) to work on /opt/airflow/dags/youtube_pipeline.py
[2026-07-24T00:09:02.486+0000] {processor.py:830} INFO - Processing file /opt/airflow/dags/youtube_pipeline.py for tasks to queue
[2026-07-24T00:09:02.491+0000] {logging_mixin.py:188} INFO - [2026-07-24T00:09:02.490+0000] {dagbag.py:545} INFO - Filling up the DagBag from /opt/airflow/dags/youtube_pipeline.py
[2026-07-24T00:09:02.669+0000] {processor.py:840} INFO - DAG(s) 'youtube_english_video_pipeline' retrieved from /opt/airflow/dags/youtube_pipeline.py
[2026-07-24T00:09:02.759+0000] {logging_mixin.py:188} INFO - [2026-07-24T00:09:02.758+0000] {dag.py:3089} INFO - Sync 1 DAGs
[2026-07-24T00:09:02.809+0000] {logging_mixin.py:188} INFO - [2026-07-24T00:09:02.808+0000] {dag.py:3947} INFO - Setting next_dagrun for youtube_english_video_pipeline to 2026-07-23 12:00:00+00:00, run_after=2026-07-24 12:00:00+00:00
[2026-07-24T00:09:02.857+0000] {processor.py:183} INFO - Processing /opt/airflow/dags/youtube_pipeline.py took 0.403 seconds
[2026-07-24T00:09:33.396+0000] {processor.py:161} INFO - Started process (PID=4114) to work on /opt/airflow/dags/youtube_pipeline.py
[2026-07-24T00:09:33.398+0000] {processor.py:830} INFO - Processing file /opt/airflow/dags/youtube_pipeline.py for tasks to queue
[2026-07-24T00:09:33.402+0000] {logging_mixin.py:188} INFO - [2026-07-24T00:09:33.401+0000] {dagbag.py:545} INFO - Filling up the DagBag from /opt/airflow/dags/youtube_pipeline.py
[2026-07-24T00:09:33.452+0000] {processor.py:840} INFO - DAG(s) 'youtube_english_video_pipeline' retrieved from /opt/airflow/dags/youtube_pipeline.py
[2026-07-24T00:09:33.494+0000] {logging_mixin.py:188} INFO - [2026-07-24T00:09:33.494+0000] {dag.py:3089} INFO - Sync 1 DAGs
[2026-07-24T00:09:33.523+0000] {logging_mixin.py:188} INFO - [2026-07-24T00:09:33.523+0000] {dag.py:3947} INFO - Setting next_dagrun for youtube_english_video_pipeline to 2026-07-23 12:00:00+00:00, run_after=2026-07-24 12:00:00+00:00
[2026-07-24T00:09:33.552+0000] {processor.py:183} INFO - Processing /opt/airflow/dags/youtube_pipeline.py took 0.171 seconds
[2026-07-24T00:10:04.308+0000] {processor.py:161} INFO - Started process (PID=4119) to work on /opt/airflow/dags/youtube_pipeline.py
[2026-07-24T00:10:04.311+0000] {processor.py:830} INFO - Processing file /opt/airflow/dags/youtube_pipeline.py for tasks to queue
[2026-07-24T00:10:04.315+0000] {logging_mixin.py:188} INFO - [2026-07-24T00:10:04.314+0000] {dagbag.py:545} INFO - Filling up the DagBag from /opt/airflow/dags/youtube_pipeline.py
[2026-07-24T00:10:04.413+0000] {processor.py:840} INFO - DAG(s) 'youtube_english_video_pipeline' retrieved from /opt/airflow/dags/youtube_pipeline.py
[2026-07-24T00:10:04.477+0000] {logging_mixin.py:188} INFO - [2026-07-24T00:10:04.476+0000] {dag.py:3089} INFO - Sync 1 DAGs
[2026-07-24T00:10:04.514+0000] {logging_mixin.py:188} INFO - [2026-07-24T00:10:04.514+0000] {dag.py:3947} INFO - Setting next_dagrun for youtube_english_video_pipeline to 2026-07-23 12:00:00+00:00, run_after=2026-07-24 12:00:00+00:00
[2026-07-24T00:10:04.545+0000] {processor.py:183} INFO - Processing /opt/airflow/dags/youtube_pipeline.py took 0.258 seconds
[2026-07-24T00:10:34.694+0000] {processor.py:161} INFO - Started process (PID=4124) to work on /opt/airflow/dags/youtube_pipeline.py
[2026-07-24T00:10:34.696+0000] {processor.py:830} INFO - Processing file /opt/airflow/dags/youtube_pipeline.py for tasks to queue
[2026-07-24T00:10:34.700+0000] {logging_mixin.py:188} INFO - [2026-07-24T00:10:34.699+0000] {dagbag.py:545} INFO - Filling up the DagBag from /opt/airflow/dags/youtube_pipeline.py
[2026-07-24T00:10:34.761+0000] {processor.py:840} INFO - DAG(s) 'youtube_english_video_pipeline' retrieved from /opt/airflow/dags/youtube_pipeline.py
[2026-07-24T00:10:34.805+0000] {logging_mixin.py:188} INFO - [2026-07-24T00:10:34.805+0000] {dag.py:3089} INFO - Sync 1 DAGs
[2026-07-24T00:10:34.833+0000] {logging_mixin.py:188} INFO - [2026-07-24T00:10:34.833+0000] {dag.py:3947} INFO - Setting next_dagrun for youtube_english_video_pipeline to 2026-07-23 12:00:00+00:00, run_after=2026-07-24 12:00:00+00:00
[2026-07-24T00:10:34.860+0000] {processor.py:183} INFO - Processing /opt/airflow/dags/youtube_pipeline.py took 0.184 seconds
[2026-07-24T00:11:05.325+0000] {processor.py:161} INFO - Started process (PID=4129) to work on /opt/airflow/dags/youtube_pipeline.py
[2026-07-24T00:11:05.327+0000] {processor.py:830} INFO - Processing file /opt/airflow/dags/youtube_pipeline.py for tasks to queue
[2026-07-24T00:11:05.330+0000] {logging_mixin.py:188} INFO - [2026-07-24T00:11:05.330+0000] {dagbag.py:545} INFO - Filling up the DagBag from /opt/airflow/dags/youtube_pipeline.py
[2026-07-24T00:11:05.433+0000] {processor.py:840} INFO - DAG(s) 'youtube_english_video_pipeline' retrieved from /opt/airflow/dags/youtube_pipeline.py
[2026-07-24T00:11:05.490+0000] {logging_mixin.py:188} INFO - [2026-07-24T00:11:05.490+0000] {dag.py:3089} INFO - Sync 1 DAGs
[2026-07-24T00:11:05.522+0000] {logging_mixin.py:188} INFO - [2026-07-24T00:11:05.522+0000] {dag.py:3947} INFO - Setting next_dagrun for youtube_english_video_pipeline to 2026-07-23 12:00:00+00:00, run_after=2026-07-24 12:00:00+00:00
[2026-07-24T00:11:05.572+0000] {processor.py:183} INFO - Processing /opt/airflow/dags/youtube_pipeline.py took 0.272 seconds
[2026-07-24T00:11:36.407+0000] {processor.py:161} INFO - Started process (PID=4134) to work on /opt/airflow/dags/youtube_pipeline.py
[2026-07-24T00:11:36.410+0000] {processor.py:830} INFO - Processing file /opt/airflow/dags/youtube_pipeline.py for tasks to queue
[2026-07-24T00:11:36.413+0000] {logging_mixin.py:188} INFO - [2026-07-24T00:11:36.413+0000] {dagbag.py:545} INFO - Filling up the DagBag from /opt/airflow/dags/youtube_pipeline.py
[2026-07-24T00:11:36.576+0000] {processor.py:840} INFO - DAG(s) 'youtube_english_video_pipeline' retrieved from /opt/airflow/dags/youtube_pipeline.py
[2026-07-24T00:11:36.646+0000] {logging_mixin.py:188} INFO - [2026-07-24T00:11:36.646+0000] {dag.py:3089} INFO - Sync 1 DAGs
[2026-07-24T00:11:36.671+0000] {logging_mixin.py:188} INFO - [2026-07-24T00:11:36.671+0000] {dag.py:3947} INFO - Setting next_dagrun for youtube_english_video_pipeline to 2026-07-23 12:00:00+00:00, run_after=2026-07-24 12:00:00+00:00
[2026-07-24T00:11:36.724+0000] {processor.py:183} INFO - Processing /opt/airflow/dags/youtube_pipeline.py took 0.334 seconds
[2026-07-24T00:12:07.478+0000] {processor.py:161} INFO - Started process (PID=4139) to work on /opt/airflow/dags/youtube_pipeline.py
[2026-07-24T00:12:07.479+0000] {processor.py:830} INFO - Processing file /opt/airflow/dags/youtube_pipeline.py for tasks to queue
[2026-07-24T00:12:07.482+0000] {logging_mixin.py:188} INFO - [2026-07-24T00:12:07.481+0000] {dagbag.py:545} INFO - Filling up the DagBag from /opt/airflow/dags/youtube_pipeline.py
[2026-07-24T00:12:07.529+0000] {processor.py:840} INFO - DAG(s) 'youtube_english_video_pipeline' retrieved from /opt/airflow/dags/youtube_pipeline.py
[2026-07-24T00:12:07.571+0000] {logging_mixin.py:188} INFO - [2026-07-24T00:12:07.571+0000] {dag.py:3089} INFO - Sync 1 DAGs
[2026-07-24T00:12:07.596+0000] {logging_mixin.py:188} INFO - [2026-07-24T00:12:07.596+0000] {dag.py:3947} INFO - Setting next_dagrun for youtube_english_video_pipeline to 2026-07-23 12:00:00+00:00, run_after=2026-07-24 12:00:00+00:00
[2026-07-24T00:12:07.620+0000] {processor.py:183} INFO - Processing /opt/airflow/dags/youtube_pipeline.py took 0.155 seconds
[2026-07-24T00:12:38.035+0000] {processor.py:161} INFO - Started process (PID=4144) to work on /opt/airflow/dags/youtube_pipeline.py
[2026-07-24T00:12:38.037+0000] {processor.py:830} INFO - Processing file /opt/airflow/dags/youtube_pipeline.py for tasks to queue
[2026-07-24T00:12:38.041+0000] {logging_mixin.py:188} INFO - [2026-07-24T00:12:38.041+0000] {dagbag.py:545} INFO - Filling up the DagBag from /opt/airflow/dags/youtube_pipeline.py
[2026-07-24T00:12:38.192+0000] {processor.py:840} INFO - DAG(s) 'youtube_english_video_pipeline' retrieved from /opt/airflow/dags/youtube_pipeline.py
[2026-07-24T00:12:38.273+0000] {logging_mixin.py:188} INFO - [2026-07-24T00:12:38.272+0000] {dag.py:3089} INFO - Sync 1 DAGs
[2026-07-24T00:12:38.314+0000] {logging_mixin.py:188} INFO - [2026-07-24T00:12:38.313+0000] {dag.py:3947} INFO - Setting next_dagrun for youtube_english_video_pipeline to 2026-07-23 12:00:00+00:00, run_after=2026-07-24 12:00:00+00:00
[2026-07-24T00:12:38.370+0000] {processor.py:183} INFO - Processing /opt/airflow/dags/youtube_pipeline.py took 0.352 seconds
[2026-07-24T00:13:09.243+0000] {processor.py:161} INFO - Started process (PID=4149) to work on /opt/airflow/dags/youtube_pipeline.py
[2026-07-24T00:13:09.245+0000] {processor.py:830} INFO - Processing file /opt/airflow/dags/youtube_pipeline.py for tasks to queue
[2026-07-24T00:13:09.248+0000] {logging_mixin.py:188} INFO - [2026-07-24T00:13:09.247+0000] {dagbag.py:545} INFO - Filling up the DagBag from /opt/airflow/dags/youtube_pipeline.py
[2026-07-24T00:13:09.296+0000] {processor.py:840} INFO - DAG(s) 'youtube_english_video_pipeline' retrieved from /opt/airflow/dags/youtube_pipeline.py
[2026-07-24T00:13:09.768+0000] {logging_mixin.py:188} INFO - [2026-07-24T00:13:09.767+0000] {dag.py:3089} INFO - Sync 1 DAGs
[2026-07-24T00:13:09.798+0000] {logging_mixin.py:188} INFO - [2026-07-24T00:13:09.798+0000] {dag.py:3947} INFO - Setting next_dagrun for youtube_english_video_pipeline to 2026-07-23 12:00:00+00:00, run_after=2026-07-24 12:00:00+00:00
[2026-07-24T00:13:09.821+0000] {processor.py:183} INFO - Processing /opt/airflow/dags/youtube_pipeline.py took 0.592 seconds
[2026-07-24T00:13:40.817+0000] {processor.py:161} INFO - Started process (PID=4154) to work on /opt/airflow/dags/youtube_pipeline.py
[2026-07-24T00:13:40.819+0000] {processor.py:830} INFO - Processing file /opt/airflow/dags/youtube_pipeline.py for tasks to queue
[2026-07-24T00:13:40.821+0000] {logging_mixin.py:188} INFO - [2026-07-24T00:13:40.821+0000] {dagbag.py:545} INFO - Filling up the DagBag from /opt/airflow/dags/youtube_pipeline.py
[2026-07-24T00:13:40.863+0000] {processor.py:840} INFO - DAG(s) 'youtube_english_video_pipeline' retrieved from /opt/airflow/dags/youtube_pipeline.py
[2026-07-24T00:13:40.909+0000] {logging_mixin.py:188} INFO - [2026-07-24T00:13:40.909+0000] {dag.py:3089} INFO - Sync 1 DAGs
[2026-07-24T00:13:40.930+0000] {logging_mixin.py:188} INFO - [2026-07-24T00:13:40.930+0000] {dag.py:3947} INFO - Setting next_dagrun for youtube_english_video_pipeline to 2026-07-23 12:00:00+00:00, run_after=2026-07-24 12:00:00+00:00
[2026-07-24T00:13:40.953+0000] {processor.py:183} INFO - Processing /opt/airflow/dags/youtube_pipeline.py took 0.154 seconds
[2026-07-24T00:14:11.749+0000] {processor.py:161} INFO - Started process (PID=4159) to work on /opt/airflow/dags/youtube_pipeline.py
[2026-07-24T00:14:11.750+0000] {processor.py:830} INFO - Processing file /opt/airflow/dags/youtube_pipeline.py for tasks to queue
[2026-07-24T00:14:11.752+0000] {logging_mixin.py:188} INFO - [2026-07-24T00:14:11.752+0000] {dagbag.py:545} INFO - Filling up the DagBag from /opt/airflow/dags/youtube_pipeline.py
[2026-07-24T00:14:11.802+0000] {processor.py:840} INFO - DAG(s) 'youtube_english_video_pipeline' retrieved from /opt/airflow/dags/youtube_pipeline.py
[2026-07-24T00:14:11.860+0000] {logging_mixin.py:188} INFO - [2026-07-24T00:14:11.859+0000] {dag.py:3089} INFO - Sync 1 DAGs
[2026-07-24T00:14:11.889+0000] {logging_mixin.py:188} INFO - [2026-07-24T00:14:11.889+0000] {dag.py:3947} INFO - Setting next_dagrun for youtube_english_video_pipeline to 2026-07-23 12:00:00+00:00, run_after=2026-07-24 12:00:00+00:00
[2026-07-24T00:14:11.913+0000] {processor.py:183} INFO - Processing /opt/airflow/dags/youtube_pipeline.py took 0.177 seconds
[2026-07-24T00:14:43.188+0000] {processor.py:161} INFO - Started process (PID=4164) to work on /opt/airflow/dags/youtube_pipeline.py
[2026-07-24T00:14:43.195+0000] {processor.py:830} INFO - Processing file /opt/airflow/dags/youtube_pipeline.py for tasks to queue
[2026-07-24T00:14:43.205+0000] {logging_mixin.py:188} INFO - [2026-07-24T00:14:43.205+0000] {dagbag.py:545} INFO - Filling up the DagBag from /opt/airflow/dags/youtube_pipeline.py
[2026-07-24T00:14:43.881+0000] {processor.py:840} INFO - DAG(s) 'youtube_english_video_pipeline' retrieved from /opt/airflow/dags/youtube_pipeline.py
[2026-07-24T00:14:44.192+0000] {logging_mixin.py:188} INFO - [2026-07-24T00:14:44.192+0000] {dag.py:3089} INFO - Sync 1 DAGs
[2026-07-24T00:14:44.254+0000] {logging_mixin.py:188} INFO - [2026-07-24T00:14:44.254+0000] {dag.py:3947} INFO - Setting next_dagrun for youtube_english_video_pipeline to 2026-07-23 12:00:00+00:00, run_after=2026-07-24 12:00:00+00:00
[2026-07-24T00:14:44.379+0000] {processor.py:183} INFO - Processing /opt/airflow/dags/youtube_pipeline.py took 1.244 seconds
[2026-07-24T00:15:30.688+0000] {processor.py:161} INFO - Started process (PID=202) to work on /opt/airflow/dags/youtube_pipeline.py
[2026-07-24T00:15:30.691+0000] {processor.py:830} INFO - Processing file /opt/airflow/dags/youtube_pipeline.py for tasks to queue
[2026-07-24T00:15:30.696+0000] {logging_mixin.py:188} INFO - [2026-07-24T00:15:30.696+0000] {dagbag.py:545} INFO - Filling up the DagBag from /opt/airflow/dags/youtube_pipeline.py
[2026-07-24T00:15:30.797+0000] {processor.py:840} INFO - DAG(s) 'youtube_english_video_pipeline' retrieved from /opt/airflow/dags/youtube_pipeline.py
[2026-07-24T00:15:30.868+0000] {logging_mixin.py:188} INFO - [2026-07-24T00:15:30.867+0000] {dag.py:3089} INFO - Sync 1 DAGs
[2026-07-24T00:15:30.915+0000] {logging_mixin.py:188} INFO - [2026-07-24T00:15:30.915+0000] {dag.py:3947} INFO - Setting next_dagrun for youtube_english_video_pipeline to 2026-07-23 12:00:00+00:00, run_after=2026-07-24 12:00:00+00:00
[2026-07-24T00:15:30.952+0000] {processor.py:183} INFO - Processing /opt/airflow/dags/youtube_pipeline.py took 0.314 seconds
[2026-07-24T00:16:01.875+0000] {processor.py:161} INFO - Started process (PID=207) to work on /opt/airflow/dags/youtube_pipeline.py
[2026-07-24T00:16:01.881+0000] {processor.py:830} INFO - Processing file /opt/airflow/dags/youtube_pipeline.py for tasks to queue
[2026-07-24T00:16:01.910+0000] {logging_mixin.py:188} INFO - [2026-07-24T00:16:01.908+0000] {dagbag.py:545} INFO - Filling up the DagBag from /opt/airflow/dags/youtube_pipeline.py
[2026-07-24T00:16:02.072+0000] {processor.py:840} INFO - DAG(s) 'youtube_english_video_pipeline' retrieved from /opt/airflow/dags/youtube_pipeline.py
[2026-07-24T00:16:03.509+0000] {logging_mixin.py:188} INFO - [2026-07-24T00:16:03.509+0000] {dag.py:3089} INFO - Sync 1 DAGs
[2026-07-24T00:16:03.536+0000] {logging_mixin.py:188} INFO - [2026-07-24T00:16:03.536+0000] {dag.py:3947} INFO - Setting next_dagrun for youtube_english_video_pipeline to 2026-07-23 12:00:00+00:00, run_after=2026-07-24 12:00:00+00:00
[2026-07-24T00:16:03.568+0000] {processor.py:183} INFO - Processing /opt/airflow/dags/youtube_pipeline.py took 1.767 seconds
[2026-07-24T00:16:34.914+0000] {processor.py:161} INFO - Started process (PID=214) to work on /opt/airflow/dags/youtube_pipeline.py
[2026-07-24T00:16:34.952+0000] {processor.py:830} INFO - Processing file /opt/airflow/dags/youtube_pipeline.py for tasks to queue
[2026-07-24T00:16:34.959+0000] {logging_mixin.py:188} INFO - [2026-07-24T00:16:34.958+0000] {dagbag.py:545} INFO - Filling up the DagBag from /opt/airflow/dags/youtube_pipeline.py
[2026-07-24T00:16:35.007+0000] {processor.py:840} INFO - DAG(s) 'youtube_english_video_pipeline' retrieved from /opt/airflow/dags/youtube_pipeline.py
[2026-07-24T00:16:35.058+0000] {logging_mixin.py:188} INFO - [2026-07-24T00:16:35.058+0000] {dag.py:3089} INFO - Sync 1 DAGs
[2026-07-24T00:16:35.120+0000] {processor.py:183} INFO - Processing /opt/airflow/dags/youtube_pipeline.py took 0.221 seconds
[2026-07-24T00:17:06.771+0000] {processor.py:161} INFO - Started process (PID=234) to work on /opt/airflow/dags/youtube_pipeline.py
[2026-07-24T00:17:06.778+0000] {processor.py:830} INFO - Processing file /opt/airflow/dags/youtube_pipeline.py for tasks to queue
[2026-07-24T00:17:06.811+0000] {logging_mixin.py:188} INFO - [2026-07-24T00:17:06.810+0000] {dagbag.py:545} INFO - Filling up the DagBag from /opt/airflow/dags/youtube_pipeline.py
[2026-07-24T00:17:08.429+0000] {processor.py:840} INFO - DAG(s) 'youtube_english_video_pipeline' retrieved from /opt/airflow/dags/youtube_pipeline.py
[2026-07-24T00:17:08.513+0000] {logging_mixin.py:188} INFO - [2026-07-24T00:17:08.512+0000] {dag.py:3089} INFO - Sync 1 DAGs
[2026-07-24T00:17:08.877+0000] {processor.py:183} INFO - Processing /opt/airflow/dags/youtube_pipeline.py took 2.131 seconds
[2026-07-24T00:17:41.485+0000] {processor.py:161} INFO - Started process (PID=532) to work on /opt/airflow/dags/youtube_pipeline.py
[2026-07-24T00:17:41.497+0000] {processor.py:830} INFO - Processing file /opt/airflow/dags/youtube_pipeline.py for tasks to queue
[2026-07-24T00:17:41.502+0000] {logging_mixin.py:188} INFO - [2026-07-24T00:17:41.501+0000] {dagbag.py:545} INFO - Filling up the DagBag from /opt/airflow/dags/youtube_pipeline.py
[2026-07-24T00:17:41.775+0000] {processor.py:840} INFO - DAG(s) 'youtube_english_video_pipeline' retrieved from /opt/airflow/dags/youtube_pipeline.py
[2026-07-24T00:17:41.879+0000] {logging_mixin.py:188} INFO - [2026-07-24T00:17:41.879+0000] {dag.py:3089} INFO - Sync 1 DAGs
[2026-07-24T00:17:42.562+0000] {processor.py:183} INFO - Processing /opt/airflow/dags/youtube_pipeline.py took 1.101 seconds
[2026-07-24T00:18:13.720+0000] {processor.py:161} INFO - Started process (PID=537) to work on /opt/airflow/dags/youtube_pipeline.py
[2026-07-24T00:18:13.723+0000] {processor.py:830} INFO - Processing file /opt/airflow/dags/youtube_pipeline.py for tasks to queue
[2026-07-24T00:18:13.737+0000] {logging_mixin.py:188} INFO - [2026-07-24T00:18:13.727+0000] {dagbag.py:545} INFO - Filling up the DagBag from /opt/airflow/dags/youtube_pipeline.py
[2026-07-24T00:18:14.282+0000] {processor.py:840} INFO - DAG(s) 'youtube_english_video_pipeline' retrieved from /opt/airflow/dags/youtube_pipeline.py
[2026-07-24T00:18:16.405+0000] {logging_mixin.py:188} INFO - [2026-07-24T00:18:16.405+0000] {dag.py:3089} INFO - Sync 1 DAGs
[2026-07-24T00:18:16.525+0000] {processor.py:183} INFO - Processing /opt/airflow/dags/youtube_pipeline.py took 2.872 seconds
[2026-07-24T00:18:49.571+0000] {processor.py:161} INFO - Started process (PID=641) to work on /opt/airflow/dags/youtube_pipeline.py
[2026-07-24T00:18:49.593+0000] {processor.py:830} INFO - Processing file /opt/airflow/dags/youtube_pipeline.py for tasks to queue
[2026-07-24T00:18:49.613+0000] {logging_mixin.py:188} INFO - [2026-07-24T00:18:49.609+0000] {dagbag.py:545} INFO - Filling up the DagBag from /opt/airflow/dags/youtube_pipeline.py
[2026-07-24T00:18:52.647+0000] {processor.py:840} INFO - DAG(s) 'youtube_english_video_pipeline' retrieved from /opt/airflow/dags/youtube_pipeline.py
[2026-07-24T00:18:53.611+0000] {logging_mixin.py:188} INFO - [2026-07-24T00:18:53.611+0000] {dag.py:3089} INFO - Sync 1 DAGs
[2026-07-24T00:18:53.785+0000] {processor.py:183} INFO - Processing /opt/airflow/dags/youtube_pipeline.py took 4.232 seconds
[2026-07-24T00:19:27.146+0000] {processor.py:161} INFO - Started process (PID=649) to work on /opt/airflow/dags/youtube_pipeline.py
[2026-07-24T00:19:27.195+0000] {processor.py:830} INFO - Processing file /opt/airflow/dags/youtube_pipeline.py for tasks to queue
[2026-07-24T00:19:27.220+0000] {logging_mixin.py:188} INFO - [2026-07-24T00:19:27.219+0000] {dagbag.py:545} INFO - Filling up the DagBag from /opt/airflow/dags/youtube_pipeline.py
[2026-07-24T00:19:29.587+0000] {processor.py:840} INFO - DAG(s) 'youtube_english_video_pipeline' retrieved from /opt/airflow/dags/youtube_pipeline.py
[2026-07-24T00:19:29.671+0000] {logging_mixin.py:188} INFO - [2026-07-24T00:19:29.671+0000] {dag.py:3089} INFO - Sync 1 DAGs
[2026-07-24T00:19:29.871+0000] {processor.py:183} INFO - Processing /opt/airflow/dags/youtube_pipeline.py took 2.799 seconds
[2026-07-24T00:20:00.423+0000] {processor.py:161} INFO - Started process (PID=654) to work on /opt/airflow/dags/youtube_pipeline.py
[2026-07-24T00:20:00.430+0000] {processor.py:830} INFO - Processing file /opt/airflow/dags/youtube_pipeline.py for tasks to queue
[2026-07-24T00:20:00.435+0000] {logging_mixin.py:188} INFO - [2026-07-24T00:20:00.434+0000] {dagbag.py:545} INFO - Filling up the DagBag from /opt/airflow/dags/youtube_pipeline.py
[2026-07-24T00:20:00.521+0000] {processor.py:840} INFO - DAG(s) 'youtube_english_video_pipeline' retrieved from /opt/airflow/dags/youtube_pipeline.py
[2026-07-24T00:20:00.565+0000] {logging_mixin.py:188} INFO - [2026-07-24T00:20:00.565+0000] {dag.py:3089} INFO - Sync 1 DAGs
[2026-07-24T00:20:00.618+0000] {processor.py:183} INFO - Processing /opt/airflow/dags/youtube_pipeline.py took 0.204 seconds
[2026-07-24T00:20:33.146+0000] {processor.py:161} INFO - Started process (PID=810) to work on /opt/airflow/dags/youtube_pipeline.py
[2026-07-24T00:20:33.157+0000] {processor.py:830} INFO - Processing file /opt/airflow/dags/youtube_pipeline.py for tasks to queue
[2026-07-24T00:20:33.179+0000] {logging_mixin.py:188} INFO - [2026-07-24T00:20:33.178+0000] {dagbag.py:545} INFO - Filling up the DagBag from /opt/airflow/dags/youtube_pipeline.py
[2026-07-24T00:20:34.597+0000] {processor.py:840} INFO - DAG(s) 'youtube_english_video_pipeline' retrieved from /opt/airflow/dags/youtube_pipeline.py
[2026-07-24T00:20:34.708+0000] {logging_mixin.py:188} INFO - [2026-07-24T00:20:34.708+0000] {dag.py:3089} INFO - Sync 1 DAGs
[2026-07-24T00:20:34.969+0000] {processor.py:183} INFO - Processing /opt/airflow/dags/youtube_pipeline.py took 1.856 seconds
[2026-07-24T00:21:07.218+0000] {processor.py:161} INFO - Started process (PID=815) to work on /opt/airflow/dags/youtube_pipeline.py
[2026-07-24T00:21:07.227+0000] {processor.py:830} INFO - Processing file /opt/airflow/dags/youtube_pipeline.py for tasks to queue
[2026-07-24T00:21:07.238+0000] {logging_mixin.py:188} INFO - [2026-07-24T00:21:07.237+0000] {dagbag.py:545} INFO - Filling up the DagBag from /opt/airflow/dags/youtube_pipeline.py
[2026-07-24T00:21:07.568+0000] {processor.py:840} INFO - DAG(s) 'youtube_english_video_pipeline' retrieved from /opt/airflow/dags/youtube_pipeline.py
[2026-07-24T00:21:07.621+0000] {logging_mixin.py:188} INFO - [2026-07-24T00:21:07.620+0000] {dag.py:3089} INFO - Sync 1 DAGs
[2026-07-24T00:21:07.697+0000] {processor.py:183} INFO - Processing /opt/airflow/dags/youtube_pipeline.py took 0.502 seconds
[2026-07-24T00:21:37.943+0000] {processor.py:161} INFO - Started process (PID=820) to work on /opt/airflow/dags/youtube_pipeline.py
[2026-07-24T00:21:37.947+0000] {processor.py:830} INFO - Processing file /opt/airflow/dags/youtube_pipeline.py for tasks to queue
[2026-07-24T00:21:37.952+0000] {logging_mixin.py:188} INFO - [2026-07-24T00:21:37.951+0000] {dagbag.py:545} INFO - Filling up the DagBag from /opt/airflow/dags/youtube_pipeline.py
[2026-07-24T00:21:38.110+0000] {processor.py:840} INFO - DAG(s) 'youtube_english_video_pipeline' retrieved from /opt/airflow/dags/youtube_pipeline.py
[2026-07-24T00:21:38.163+0000] {logging_mixin.py:188} INFO - [2026-07-24T00:21:38.163+0000] {dag.py:3089} INFO - Sync 1 DAGs
[2026-07-24T00:21:38.223+0000] {processor.py:183} INFO - Processing /opt/airflow/dags/youtube_pipeline.py took 0.295 seconds
[2026-07-24T00:22:09.015+0000] {processor.py:161} INFO - Started process (PID=825) to work on /opt/airflow/dags/youtube_pipeline.py
[2026-07-24T00:22:09.020+0000] {processor.py:830} INFO - Processing file /opt/airflow/dags/youtube_pipeline.py for tasks to queue
[2026-07-24T00:22:09.025+0000] {logging_mixin.py:188} INFO - [2026-07-24T00:22:09.025+0000] {dagbag.py:545} INFO - Filling up the DagBag from /opt/airflow/dags/youtube_pipeline.py
[2026-07-24T00:22:09.135+0000] {processor.py:840} INFO - DAG(s) 'youtube_english_video_pipeline' retrieved from /opt/airflow/dags/youtube_pipeline.py
[2026-07-24T00:22:09.181+0000] {logging_mixin.py:188} INFO - [2026-07-24T00:22:09.180+0000] {dag.py:3089} INFO - Sync 1 DAGs
[2026-07-24T00:22:09.399+0000] {processor.py:183} INFO - Processing /opt/airflow/dags/youtube_pipeline.py took 0.396 seconds
[2026-07-24T00:22:39.721+0000] {processor.py:161} INFO - Started process (PID=830) to work on /opt/airflow/dags/youtube_pipeline.py
[2026-07-24T00:22:39.725+0000] {processor.py:830} INFO - Processing file /opt/airflow/dags/youtube_pipeline.py for tasks to queue
[2026-07-24T00:22:39.731+0000] {logging_mixin.py:188} INFO - [2026-07-24T00:22:39.730+0000] {dagbag.py:545} INFO - Filling up the DagBag from /opt/airflow/dags/youtube_pipeline.py
[2026-07-24T00:22:39.817+0000] {processor.py:840} INFO - DAG(s) 'youtube_english_video_pipeline' retrieved from /opt/airflow/dags/youtube_pipeline.py
[2026-07-24T00:22:39.865+0000] {logging_mixin.py:188} INFO - [2026-07-24T00:22:39.865+0000] {dag.py:3089} INFO - Sync 1 DAGs
[2026-07-24T00:22:39.916+0000] {processor.py:183} INFO - Processing /opt/airflow/dags/youtube_pipeline.py took 0.205 seconds
[2026-07-24T00:23:12.169+0000] {processor.py:161} INFO - Started process (PID=986) to work on /opt/airflow/dags/youtube_pipeline.py
[2026-07-24T00:23:12.182+0000] {processor.py:830} INFO - Processing file /opt/airflow/dags/youtube_pipeline.py for tasks to queue
[2026-07-24T00:23:12.195+0000] {logging_mixin.py:188} INFO - [2026-07-24T00:23:12.194+0000] {dagbag.py:545} INFO - Filling up the DagBag from /opt/airflow/dags/youtube_pipeline.py
[2026-07-24T00:23:12.433+0000] {processor.py:840} INFO - DAG(s) 'youtube_english_video_pipeline' retrieved from /opt/airflow/dags/youtube_pipeline.py
[2026-07-24T00:23:12.519+0000] {logging_mixin.py:188} INFO - [2026-07-24T00:23:12.519+0000] {dag.py:3089} INFO - Sync 1 DAGs
[2026-07-24T00:23:12.641+0000] {processor.py:183} INFO - Processing /opt/airflow/dags/youtube_pipeline.py took 0.501 seconds
[2026-07-24T00:23:44.192+0000] {processor.py:161} INFO - Started process (PID=991) to work on /opt/airflow/dags/youtube_pipeline.py
[2026-07-24T00:23:44.410+0000] {processor.py:830} INFO - Processing file /opt/airflow/dags/youtube_pipeline.py for tasks to queue
[2026-07-24T00:23:44.458+0000] {logging_mixin.py:188} INFO - [2026-07-24T00:23:44.457+0000] {dagbag.py:545} INFO - Filling up the DagBag from /opt/airflow/dags/youtube_pipeline.py
[2026-07-24T00:23:46.649+0000] {processor.py:840} INFO - DAG(s) 'youtube_english_video_pipeline' retrieved from /opt/airflow/dags/youtube_pipeline.py
[2026-07-24T00:23:46.794+0000] {logging_mixin.py:188} INFO - [2026-07-24T00:23:46.793+0000] {dag.py:3089} INFO - Sync 1 DAGs
[2026-07-24T00:23:47.022+0000] {processor.py:183} INFO - Processing /opt/airflow/dags/youtube_pipeline.py took 2.838 seconds
[2026-07-24T00:24:18.608+0000] {processor.py:161} INFO - Started process (PID=996) to work on /opt/airflow/dags/youtube_pipeline.py
[2026-07-24T00:24:18.619+0000] {processor.py:830} INFO - Processing file /opt/airflow/dags/youtube_pipeline.py for tasks to queue
[2026-07-24T00:24:18.631+0000] {logging_mixin.py:188} INFO - [2026-07-24T00:24:18.630+0000] {dagbag.py:545} INFO - Filling up the DagBag from /opt/airflow/dags/youtube_pipeline.py
[2026-07-24T00:24:18.945+0000] {processor.py:840} INFO - DAG(s) 'youtube_english_video_pipeline' retrieved from /opt/airflow/dags/youtube_pipeline.py
[2026-07-24T00:24:19.009+0000] {logging_mixin.py:188} INFO - [2026-07-24T00:24:19.009+0000] {dag.py:3089} INFO - Sync 1 DAGs
[2026-07-24T00:24:19.070+0000] {processor.py:183} INFO - Processing /opt/airflow/dags/youtube_pipeline.py took 0.488 seconds
[2026-07-24T00:24:49.736+0000] {processor.py:161} INFO - Started process (PID=1001) to work on /opt/airflow/dags/youtube_pipeline.py
[2026-07-24T00:24:49.739+0000] {processor.py:830} INFO - Processing file /opt/airflow/dags/youtube_pipeline.py for tasks to queue
[2026-07-24T00:24:49.742+0000] {logging_mixin.py:188} INFO - [2026-07-24T00:24:49.742+0000] {dagbag.py:545} INFO - Filling up the DagBag from /opt/airflow/dags/youtube_pipeline.py
[2026-07-24T00:24:49.810+0000] {processor.py:840} INFO - DAG(s) 'youtube_english_video_pipeline' retrieved from /opt/airflow/dags/youtube_pipeline.py
[2026-07-24T00:24:49.848+0000] {logging_mixin.py:188} INFO - [2026-07-24T00:24:49.848+0000] {dag.py:3089} INFO - Sync 1 DAGs
[2026-07-24T00:24:49.903+0000] {processor.py:183} INFO - Processing /opt/airflow/dags/youtube_pipeline.py took 0.176 seconds
[2026-07-24T00:25:20.409+0000] {processor.py:161} INFO - Started process (PID=1006) to work on /opt/airflow/dags/youtube_pipeline.py
[2026-07-24T00:25:20.413+0000] {processor.py:830} INFO - Processing file /opt/airflow/dags/youtube_pipeline.py for tasks to queue
[2026-07-24T00:25:20.421+0000] {logging_mixin.py:188} INFO - [2026-07-24T00:25:20.420+0000] {dagbag.py:545} INFO - Filling up the DagBag from /opt/airflow/dags/youtube_pipeline.py
[2026-07-24T00:25:20.574+0000] {processor.py:840} INFO - DAG(s) 'youtube_english_video_pipeline' retrieved from /opt/airflow/dags/youtube_pipeline.py
[2026-07-24T00:25:20.627+0000] {logging_mixin.py:188} INFO - [2026-07-24T00:25:20.627+0000] {dag.py:3089} INFO - Sync 1 DAGs
[2026-07-24T00:25:20.684+0000] {processor.py:183} INFO - Processing /opt/airflow/dags/youtube_pipeline.py took 0.293 seconds
[2026-07-24T00:25:54.792+0000] {processor.py:161} INFO - Started process (PID=1162) to work on /opt/airflow/dags/youtube_pipeline.py
[2026-07-24T00:25:54.934+0000] {processor.py:830} INFO - Processing file /opt/airflow/dags/youtube_pipeline.py for tasks to queue
[2026-07-24T00:25:54.983+0000] {logging_mixin.py:188} INFO - [2026-07-24T00:25:54.983+0000] {dagbag.py:545} INFO - Filling up the DagBag from /opt/airflow/dags/youtube_pipeline.py
[2026-07-24T00:25:57.257+0000] {processor.py:840} INFO - DAG(s) 'youtube_english_video_pipeline' retrieved from /opt/airflow/dags/youtube_pipeline.py
[2026-07-24T00:25:57.336+0000] {logging_mixin.py:188} INFO - [2026-07-24T00:25:57.336+0000] {dag.py:3089} INFO - Sync 1 DAGs
[2026-07-24T00:25:57.471+0000] {processor.py:183} INFO - Processing /opt/airflow/dags/youtube_pipeline.py took 3.089 seconds
[2026-07-24T00:26:27.587+0000] {processor.py:161} INFO - Started process (PID=1167) to work on /opt/airflow/dags/youtube_pipeline.py
[2026-07-24T00:26:27.590+0000] {processor.py:830} INFO - Processing file /opt/airflow/dags/youtube_pipeline.py for tasks to queue
[2026-07-24T00:26:27.594+0000] {logging_mixin.py:188} INFO - [2026-07-24T00:26:27.593+0000] {dagbag.py:545} INFO - Filling up the DagBag from /opt/airflow/dags/youtube_pipeline.py
[2026-07-24T00:26:27.656+0000] {processor.py:840} INFO - DAG(s) 'youtube_english_video_pipeline' retrieved from /opt/airflow/dags/youtube_pipeline.py
[2026-07-24T00:26:27.707+0000] {logging_mixin.py:188} INFO - [2026-07-24T00:26:27.707+0000] {dag.py:3089} INFO - Sync 1 DAGs
[2026-07-24T00:26:27.765+0000] {processor.py:183} INFO - Processing /opt/airflow/dags/youtube_pipeline.py took 0.189 seconds
[2026-07-24T00:26:58.115+0000] {processor.py:161} INFO - Started process (PID=1172) to work on /opt/airflow/dags/youtube_pipeline.py
[2026-07-24T00:26:58.117+0000] {processor.py:830} INFO - Processing file /opt/airflow/dags/youtube_pipeline.py for tasks to queue
[2026-07-24T00:26:58.120+0000] {logging_mixin.py:188} INFO - [2026-07-24T00:26:58.120+0000] {dagbag.py:545} INFO - Filling up the DagBag from /opt/airflow/dags/youtube_pipeline.py
[2026-07-24T00:26:58.193+0000] {processor.py:840} INFO - DAG(s) 'youtube_english_video_pipeline' retrieved from /opt/airflow/dags/youtube_pipeline.py
[2026-07-24T00:26:58.243+0000] {logging_mixin.py:188} INFO - [2026-07-24T00:26:58.242+0000] {dag.py:3089} INFO - Sync 1 DAGs
[2026-07-24T00:26:58.299+0000] {processor.py:183} INFO - Processing /opt/airflow/dags/youtube_pipeline.py took 0.194 seconds
[2026-07-24T00:27:28.819+0000] {processor.py:161} INFO - Started process (PID=1177) to work on /opt/airflow/dags/youtube_pipeline.py
[2026-07-24T00:27:28.830+0000] {processor.py:830} INFO - Processing file /opt/airflow/dags/youtube_pipeline.py for tasks to queue
[2026-07-24T00:27:28.838+0000] {logging_mixin.py:188} INFO - [2026-07-24T00:27:28.837+0000] {dagbag.py:545} INFO - Filling up the DagBag from /opt/airflow/dags/youtube_pipeline.py
[2026-07-24T00:27:29.092+0000] {processor.py:840} INFO - DAG(s) 'youtube_english_video_pipeline' retrieved from /opt/airflow/dags/youtube_pipeline.py
[2026-07-24T00:27:29.180+0000] {logging_mixin.py:188} INFO - [2026-07-24T00:27:29.180+0000] {dag.py:3089} INFO - Sync 1 DAGs
[2026-07-24T00:27:29.273+0000] {processor.py:183} INFO - Processing /opt/airflow/dags/youtube_pipeline.py took 0.469 seconds
[2026-07-24T00:28:00.012+0000] {processor.py:161} INFO - Started process (PID=1182) to work on /opt/airflow/dags/youtube_pipeline.py
[2026-07-24T00:28:00.019+0000] {processor.py:830} INFO - Processing file /opt/airflow/dags/youtube_pipeline.py for tasks to queue
[2026-07-24T00:28:00.030+0000] {logging_mixin.py:188} INFO - [2026-07-24T00:28:00.030+0000] {dagbag.py:545} INFO - Filling up the DagBag from /opt/airflow/dags/youtube_pipeline.py
[2026-07-24T00:28:00.331+0000] {processor.py:840} INFO - DAG(s) 'youtube_english_video_pipeline' retrieved from /opt/airflow/dags/youtube_pipeline.py
[2026-07-24T00:28:00.412+0000] {logging_mixin.py:188} INFO - [2026-07-24T00:28:00.411+0000] {dag.py:3089} INFO - Sync 1 DAGs
[2026-07-24T00:28:00.486+0000] {processor.py:183} INFO - Processing /opt/airflow/dags/youtube_pipeline.py took 0.487 seconds
[2026-07-24T00:28:32.400+0000] {processor.py:161} INFO - Started process (PID=1187) to work on /opt/airflow/dags/youtube_pipeline.py
[2026-07-24T00:28:32.422+0000] {processor.py:830} INFO - Processing file /opt/airflow/dags/youtube_pipeline.py for tasks to queue
[2026-07-24T00:28:32.437+0000] {logging_mixin.py:188} INFO - [2026-07-24T00:28:32.436+0000] {dagbag.py:545} INFO - Filling up the DagBag from /opt/airflow/dags/youtube_pipeline.py
[2026-07-24T00:28:32.978+0000] {processor.py:840} INFO - DAG(s) 'youtube_english_video_pipeline' retrieved from /opt/airflow/dags/youtube_pipeline.py
[2026-07-24T00:28:33.057+0000] {logging_mixin.py:188} INFO - [2026-07-24T00:28:33.056+0000] {dag.py:3089} INFO - Sync 1 DAGs
[2026-07-24T00:28:33.140+0000] {processor.py:183} INFO - Processing /opt/airflow/dags/youtube_pipeline.py took 0.766 seconds
[2026-07-24T00:29:03.902+0000] {processor.py:161} INFO - Started process (PID=1192) to work on /opt/airflow/dags/youtube_pipeline.py
[2026-07-24T00:29:03.910+0000] {processor.py:830} INFO - Processing file /opt/airflow/dags/youtube_pipeline.py for tasks to queue
[2026-07-24T00:29:03.922+0000] {logging_mixin.py:188} INFO - [2026-07-24T00:29:03.921+0000] {dagbag.py:545} INFO - Filling up the DagBag from /opt/airflow/dags/youtube_pipeline.py
[2026-07-24T00:29:04.116+0000] {processor.py:840} INFO - DAG(s) 'youtube_english_video_pipeline' retrieved from /opt/airflow/dags/youtube_pipeline.py
[2026-07-24T00:29:04.166+0000] {logging_mixin.py:188} INFO - [2026-07-24T00:29:04.166+0000] {dag.py:3089} INFO - Sync 1 DAGs
[2026-07-24T00:29:04.222+0000] {processor.py:183} INFO - Processing /opt/airflow/dags/youtube_pipeline.py took 0.333 seconds
[2026-07-24T00:29:34.880+0000] {processor.py:161} INFO - Started process (PID=1197) to work on /opt/airflow/dags/youtube_pipeline.py
[2026-07-24T00:29:34.890+0000] {processor.py:830} INFO - Processing file /opt/airflow/dags/youtube_pipeline.py for tasks to queue
[2026-07-24T00:29:34.905+0000] {logging_mixin.py:188} INFO - [2026-07-24T00:29:34.904+0000] {dagbag.py:545} INFO - Filling up the DagBag from /opt/airflow/dags/youtube_pipeline.py
[2026-07-24T00:29:35.454+0000] {processor.py:840} INFO - DAG(s) 'youtube_english_video_pipeline' retrieved from /opt/airflow/dags/youtube_pipeline.py
[2026-07-24T00:29:35.535+0000] {logging_mixin.py:188} INFO - [2026-07-24T00:29:35.535+0000] {dag.py:3089} INFO - Sync 1 DAGs
[2026-07-24T00:29:35.614+0000] {processor.py:183} INFO - Processing /opt/airflow/dags/youtube_pipeline.py took 0.752 seconds
[2026-07-24T00:30:06.394+0000] {processor.py:161} INFO - Started process (PID=1202) to work on /opt/airflow/dags/youtube_pipeline.py
[2026-07-24T00:30:06.400+0000] {processor.py:830} INFO - Processing file /opt/airflow/dags/youtube_pipeline.py for tasks to queue
[2026-07-24T00:30:06.418+0000] {logging_mixin.py:188} INFO - [2026-07-24T00:30:06.417+0000] {dagbag.py:545} INFO - Filling up the DagBag from /opt/airflow/dags/youtube_pipeline.py
[2026-07-24T00:30:06.593+0000] {processor.py:840} INFO - DAG(s) 'youtube_english_video_pipeline' retrieved from /opt/airflow/dags/youtube_pipeline.py
[2026-07-24T00:30:06.677+0000] {logging_mixin.py:188} INFO - [2026-07-24T00:30:06.677+0000] {dag.py:3089} INFO - Sync 1 DAGs
[2026-07-24T00:30:06.751+0000] {processor.py:183} INFO - Processing /opt/airflow/dags/youtube_pipeline.py took 0.376 seconds
[2026-07-24T00:30:38.283+0000] {processor.py:161} INFO - Started process (PID=1207) to work on /opt/airflow/dags/youtube_pipeline.py
[2026-07-24T00:30:38.299+0000] {processor.py:830} INFO - Processing file /opt/airflow/dags/youtube_pipeline.py for tasks to queue
[2026-07-24T00:30:38.318+0000] {logging_mixin.py:188} INFO - [2026-07-24T00:30:38.317+0000] {dagbag.py:545} INFO - Filling up the DagBag from /opt/airflow/dags/youtube_pipeline.py
[2026-07-24T00:30:38.632+0000] {processor.py:840} INFO - DAG(s) 'youtube_english_video_pipeline' retrieved from /opt/airflow/dags/youtube_pipeline.py
[2026-07-24T00:30:38.694+0000] {logging_mixin.py:188} INFO - [2026-07-24T00:30:38.694+0000] {dag.py:3089} INFO - Sync 1 DAGs
[2026-07-24T00:30:38.786+0000] {processor.py:183} INFO - Processing /opt/airflow/dags/youtube_pipeline.py took 0.521 seconds
[2026-07-24T00:31:14.463+0000] {processor.py:161} INFO - Started process (PID=1212) to work on /opt/airflow/dags/youtube_pipeline.py
[2026-07-24T00:31:14.488+0000] {processor.py:830} INFO - Processing file /opt/airflow/dags/youtube_pipeline.py for tasks to queue
[2026-07-24T00:31:14.513+0000] {logging_mixin.py:188} INFO - [2026-07-24T00:31:14.512+0000] {dagbag.py:545} INFO - Filling up the DagBag from /opt/airflow/dags/youtube_pipeline.py
[2026-07-24T00:31:15.879+0000] {processor.py:840} INFO - DAG(s) 'youtube_english_video_pipeline' retrieved from /opt/airflow/dags/youtube_pipeline.py
[2026-07-24T00:31:15.946+0000] {logging_mixin.py:188} INFO - [2026-07-24T00:31:15.946+0000] {dag.py:3089} INFO - Sync 1 DAGs
[2026-07-24T00:31:16.051+0000] {processor.py:183} INFO - Processing /opt/airflow/dags/youtube_pipeline.py took 1.638 seconds
[2026-07-24T00:31:46.770+0000] {processor.py:161} INFO - Started process (PID=1218) to work on /opt/airflow/dags/youtube_pipeline.py
[2026-07-24T00:31:46.773+0000] {processor.py:830} INFO - Processing file /opt/airflow/dags/youtube_pipeline.py for tasks to queue
[2026-07-24T00:31:46.777+0000] {logging_mixin.py:188} INFO - [2026-07-24T00:31:46.776+0000] {dagbag.py:545} INFO - Filling up the DagBag from /opt/airflow/dags/youtube_pipeline.py
[2026-07-24T00:31:46.849+0000] {processor.py:840} INFO - DAG(s) 'youtube_english_video_pipeline' retrieved from /opt/airflow/dags/youtube_pipeline.py
[2026-07-24T00:31:46.888+0000] {logging_mixin.py:188} INFO - [2026-07-24T00:31:46.888+0000] {dag.py:3089} INFO - Sync 1 DAGs
[2026-07-24T00:31:46.960+0000] {processor.py:183} INFO - Processing /opt/airflow/dags/youtube_pipeline.py took 0.202 seconds
[2026-07-24T00:32:20.244+0000] {processor.py:161} INFO - Started process (PID=1373) to work on /opt/airflow/dags/youtube_pipeline.py
[2026-07-24T00:32:20.291+0000] {processor.py:830} INFO - Processing file /opt/airflow/dags/youtube_pipeline.py for tasks to queue
[2026-07-24T00:32:20.336+0000] {logging_mixin.py:188} INFO - [2026-07-24T00:32:20.336+0000] {dagbag.py:545} INFO - Filling up the DagBag from /opt/airflow/dags/youtube_pipeline.py
[2026-07-24T00:32:22.954+0000] {processor.py:840} INFO - DAG(s) 'youtube_english_video_pipeline' retrieved from /opt/airflow/dags/youtube_pipeline.py
[2026-07-24T00:32:23.038+0000] {logging_mixin.py:188} INFO - [2026-07-24T00:32:23.038+0000] {dag.py:3089} INFO - Sync 1 DAGs
[2026-07-24T00:32:23.415+0000] {processor.py:183} INFO - Processing /opt/airflow/dags/youtube_pipeline.py took 3.298 seconds
[2026-07-24T00:32:55.292+0000] {processor.py:161} INFO - Started process (PID=1378) to work on /opt/airflow/dags/youtube_pipeline.py
[2026-07-24T00:32:55.301+0000] {processor.py:830} INFO - Processing file /opt/airflow/dags/youtube_pipeline.py for tasks to queue
[2026-07-24T00:32:55.313+0000] {logging_mixin.py:188} INFO - [2026-07-24T00:32:55.312+0000] {dagbag.py:545} INFO - Filling up the DagBag from /opt/airflow/dags/youtube_pipeline.py
[2026-07-24T00:32:55.599+0000] {processor.py:840} INFO - DAG(s) 'youtube_english_video_pipeline' retrieved from /opt/airflow/dags/youtube_pipeline.py
[2026-07-24T00:32:55.678+0000] {logging_mixin.py:188} INFO - [2026-07-24T00:32:55.678+0000] {dag.py:3089} INFO - Sync 1 DAGs
[2026-07-24T00:32:55.786+0000] {processor.py:183} INFO - Processing /opt/airflow/dags/youtube_pipeline.py took 0.518 seconds
[2026-07-24T00:33:29.994+0000] {processor.py:161} INFO - Started process (PID=1383) to work on /opt/airflow/dags/youtube_pipeline.py
[2026-07-24T00:33:29.997+0000] {processor.py:830} INFO - Processing file /opt/airflow/dags/youtube_pipeline.py for tasks to queue
[2026-07-24T00:33:30.000+0000] {logging_mixin.py:188} INFO - [2026-07-24T00:33:30.000+0000] {dagbag.py:545} INFO - Filling up the DagBag from /opt/airflow/dags/youtube_pipeline.py
[2026-07-24T00:33:32.498+0000] {processor.py:840} INFO - DAG(s) 'youtube_english_video_pipeline' retrieved from /opt/airflow/dags/youtube_pipeline.py
[2026-07-24T00:33:32.557+0000] {logging_mixin.py:188} INFO - [2026-07-24T00:33:32.557+0000] {dag.py:3089} INFO - Sync 1 DAGs
[2026-07-24T00:33:32.754+0000] {processor.py:183} INFO - Processing /opt/airflow/dags/youtube_pipeline.py took 2.945 seconds
[2026-07-24T00:34:03.019+0000] {processor.py:161} INFO - Started process (PID=1388) to work on /opt/airflow/dags/youtube_pipeline.py
[2026-07-24T00:34:03.021+0000] {processor.py:830} INFO - Processing file /opt/airflow/dags/youtube_pipeline.py for tasks to queue
[2026-07-24T00:34:03.024+0000] {logging_mixin.py:188} INFO - [2026-07-24T00:34:03.024+0000] {dagbag.py:545} INFO - Filling up the DagBag from /opt/airflow/dags/youtube_pipeline.py
[2026-07-24T00:34:03.061+0000] {processor.py:840} INFO - DAG(s) 'youtube_english_video_pipeline' retrieved from /opt/airflow/dags/youtube_pipeline.py
[2026-07-24T00:34:03.101+0000] {logging_mixin.py:188} INFO - [2026-07-24T00:34:03.101+0000] {dag.py:3089} INFO - Sync 1 DAGs
[2026-07-24T00:34:03.138+0000] {processor.py:183} INFO - Processing /opt/airflow/dags/youtube_pipeline.py took 0.127 seconds
[2026-07-24T00:34:36.161+0000] {processor.py:161} INFO - Started process (PID=1393) to work on /opt/airflow/dags/youtube_pipeline.py
[2026-07-24T00:34:36.178+0000] {processor.py:830} INFO - Processing file /opt/airflow/dags/youtube_pipeline.py for tasks to queue
[2026-07-24T00:34:36.234+0000] {logging_mixin.py:188} INFO - [2026-07-24T00:34:36.233+0000] {dagbag.py:545} INFO - Filling up the DagBag from /opt/airflow/dags/youtube_pipeline.py
[2026-07-24T00:34:37.693+0000] {processor.py:840} INFO - DAG(s) 'youtube_english_video_pipeline' retrieved from /opt/airflow/dags/youtube_pipeline.py
[2026-07-24T00:34:37.798+0000] {logging_mixin.py:188} INFO - [2026-07-24T00:34:37.798+0000] {dag.py:3089} INFO - Sync 1 DAGs
[2026-07-24T00:34:38.077+0000] {processor.py:183} INFO - Processing /opt/airflow/dags/youtube_pipeline.py took 1.944 seconds
[2026-07-24T00:35:08.475+0000] {processor.py:161} INFO - Started process (PID=1398) to work on /opt/airflow/dags/youtube_pipeline.py
[2026-07-24T00:35:08.476+0000] {processor.py:830} INFO - Processing file /opt/airflow/dags/youtube_pipeline.py for tasks to queue
[2026-07-24T00:35:08.480+0000] {logging_mixin.py:188} INFO - [2026-07-24T00:35:08.479+0000] {dagbag.py:545} INFO - Filling up the DagBag from /opt/airflow/dags/youtube_pipeline.py
[2026-07-24T00:35:08.524+0000] {processor.py:840} INFO - DAG(s) 'youtube_english_video_pipeline' retrieved from /opt/airflow/dags/youtube_pipeline.py
[2026-07-24T00:35:08.572+0000] {logging_mixin.py:188} INFO - [2026-07-24T00:35:08.572+0000] {dag.py:3089} INFO - Sync 1 DAGs
[2026-07-24T00:35:08.621+0000] {processor.py:183} INFO - Processing /opt/airflow/dags/youtube_pipeline.py took 0.156 seconds
[2026-07-24T00:35:38.977+0000] {processor.py:161} INFO - Started process (PID=1554) to work on /opt/airflow/dags/youtube_pipeline.py
[2026-07-24T00:35:38.988+0000] {processor.py:830} INFO - Processing file /opt/airflow/dags/youtube_pipeline.py for tasks to queue
[2026-07-24T00:35:38.999+0000] {logging_mixin.py:188} INFO - [2026-07-24T00:35:38.998+0000] {dagbag.py:545} INFO - Filling up the DagBag from /opt/airflow/dags/youtube_pipeline.py
[2026-07-24T00:35:41.034+0000] {processor.py:840} INFO - DAG(s) 'youtube_english_video_pipeline' retrieved from /opt/airflow/dags/youtube_pipeline.py
[2026-07-24T00:35:41.320+0000] {logging_mixin.py:188} INFO - [2026-07-24T00:35:41.319+0000] {dag.py:3089} INFO - Sync 1 DAGs
[2026-07-24T00:35:41.767+0000] {processor.py:183} INFO - Processing /opt/airflow/dags/youtube_pipeline.py took 2.810 seconds
[2026-07-24T00:36:13.350+0000] {processor.py:161} INFO - Started process (PID=1559) to work on /opt/airflow/dags/youtube_pipeline.py
[2026-07-24T00:36:13.354+0000] {processor.py:830} INFO - Processing file /opt/airflow/dags/youtube_pipeline.py for tasks to queue
[2026-07-24T00:36:13.366+0000] {logging_mixin.py:188} INFO - [2026-07-24T00:36:13.365+0000] {dagbag.py:545} INFO - Filling up the DagBag from /opt/airflow/dags/youtube_pipeline.py
[2026-07-24T00:36:13.828+0000] {processor.py:840} INFO - DAG(s) 'youtube_english_video_pipeline' retrieved from /opt/airflow/dags/youtube_pipeline.py
[2026-07-24T00:36:13.882+0000] {logging_mixin.py:188} INFO - [2026-07-24T00:36:13.882+0000] {dag.py:3089} INFO - Sync 1 DAGs
[2026-07-24T00:36:13.942+0000] {processor.py:183} INFO - Processing /opt/airflow/dags/youtube_pipeline.py took 0.609 seconds
[2026-07-24T00:36:45.012+0000] {processor.py:161} INFO - Started process (PID=1564) to work on /opt/airflow/dags/youtube_pipeline.py
[2026-07-24T00:36:45.013+0000] {processor.py:830} INFO - Processing file /opt/airflow/dags/youtube_pipeline.py for tasks to queue
[2026-07-24T00:36:45.016+0000] {logging_mixin.py:188} INFO - [2026-07-24T00:36:45.015+0000] {dagbag.py:545} INFO - Filling up the DagBag from /opt/airflow/dags/youtube_pipeline.py
[2026-07-24T00:36:45.060+0000] {processor.py:840} INFO - DAG(s) 'youtube_english_video_pipeline' retrieved from /opt/airflow/dags/youtube_pipeline.py
[2026-07-24T00:36:45.094+0000] {logging_mixin.py:188} INFO - [2026-07-24T00:36:45.094+0000] {dag.py:3089} INFO - Sync 1 DAGs
[2026-07-24T00:36:45.131+0000] {processor.py:183} INFO - Processing /opt/airflow/dags/youtube_pipeline.py took 0.127 seconds
[2026-07-24T00:37:15.341+0000] {processor.py:161} INFO - Started process (PID=1569) to work on /opt/airflow/dags/youtube_pipeline.py
[2026-07-24T00:37:15.345+0000] {processor.py:830} INFO - Processing file /opt/airflow/dags/youtube_pipeline.py for tasks to queue
[2026-07-24T00:37:15.349+0000] {logging_mixin.py:188} INFO - [2026-07-24T00:37:15.349+0000] {dagbag.py:545} INFO - Filling up the DagBag from /opt/airflow/dags/youtube_pipeline.py
[2026-07-24T00:37:15.405+0000] {processor.py:840} INFO - DAG(s) 'youtube_english_video_pipeline' retrieved from /opt/airflow/dags/youtube_pipeline.py
[2026-07-24T00:37:15.457+0000] {logging_mixin.py:188} INFO - [2026-07-24T00:37:15.456+0000] {dag.py:3089} INFO - Sync 1 DAGs
[2026-07-24T00:37:15.514+0000] {processor.py:183} INFO - Processing /opt/airflow/dags/youtube_pipeline.py took 0.194 seconds
[2026-07-24T00:37:51.672+0000] {processor.py:161} INFO - Started process (PID=1597) to work on /opt/airflow/dags/youtube_pipeline.py
[2026-07-24T00:37:51.742+0000] {processor.py:830} INFO - Processing file /opt/airflow/dags/youtube_pipeline.py for tasks to queue
[2026-07-24T00:37:52.016+0000] {logging_mixin.py:188} INFO - [2026-07-24T00:37:52.015+0000] {dagbag.py:545} INFO - Filling up the DagBag from /opt/airflow/dags/youtube_pipeline.py
[2026-07-24T00:37:56.946+0000] {processor.py:840} INFO - DAG(s) 'youtube_english_video_pipeline' retrieved from /opt/airflow/dags/youtube_pipeline.py
[2026-07-24T00:37:56.993+0000] {logging_mixin.py:188} INFO - [2026-07-24T00:37:56.993+0000] {dag.py:3089} INFO - Sync 1 DAGs
[2026-07-24T00:37:57.077+0000] {processor.py:183} INFO - Processing /opt/airflow/dags/youtube_pipeline.py took 5.737 seconds
[2026-07-24T00:38:27.467+0000] {processor.py:161} INFO - Started process (PID=1730) to work on /opt/airflow/dags/youtube_pipeline.py
[2026-07-24T00:38:27.468+0000] {processor.py:830} INFO - Processing file /opt/airflow/dags/youtube_pipeline.py for tasks to queue
[2026-07-24T00:38:27.471+0000] {logging_mixin.py:188} INFO - [2026-07-24T00:38:27.471+0000] {dagbag.py:545} INFO - Filling up the DagBag from /opt/airflow/dags/youtube_pipeline.py
[2026-07-24T00:38:27.510+0000] {processor.py:840} INFO - DAG(s) 'youtube_english_video_pipeline' retrieved from /opt/airflow/dags/youtube_pipeline.py
[2026-07-24T00:38:27.548+0000] {logging_mixin.py:188} INFO - [2026-07-24T00:38:27.547+0000] {dag.py:3089} INFO - Sync 1 DAGs
[2026-07-24T00:38:27.591+0000] {processor.py:183} INFO - Processing /opt/airflow/dags/youtube_pipeline.py took 0.133 seconds
[2026-07-24T00:38:59.713+0000] {processor.py:161} INFO - Started process (PID=1759) to work on /opt/airflow/dags/youtube_pipeline.py
[2026-07-24T00:38:59.755+0000] {processor.py:830} INFO - Processing file /opt/airflow/dags/youtube_pipeline.py for tasks to queue
[2026-07-24T00:38:59.803+0000] {logging_mixin.py:188} INFO - [2026-07-24T00:38:59.802+0000] {dagbag.py:545} INFO - Filling up the DagBag from /opt/airflow/dags/youtube_pipeline.py
[2026-07-24T00:39:01.721+0000] {processor.py:840} INFO - DAG(s) 'youtube_english_video_pipeline' retrieved from /opt/airflow/dags/youtube_pipeline.py
[2026-07-24T00:39:01.906+0000] {logging_mixin.py:188} INFO - [2026-07-24T00:39:01.906+0000] {dag.py:3089} INFO - Sync 1 DAGs
[2026-07-24T00:39:02.181+0000] {processor.py:183} INFO - Processing /opt/airflow/dags/youtube_pipeline.py took 2.526 seconds
[2026-07-24T00:39:32.733+0000] {processor.py:161} INFO - Started process (PID=1891) to work on /opt/airflow/dags/youtube_pipeline.py
[2026-07-24T00:39:32.741+0000] {processor.py:830} INFO - Processing file /opt/airflow/dags/youtube_pipeline.py for tasks to queue
[2026-07-24T00:39:32.750+0000] {logging_mixin.py:188} INFO - [2026-07-24T00:39:32.749+0000] {dagbag.py:545} INFO - Filling up the DagBag from /opt/airflow/dags/youtube_pipeline.py
[2026-07-24T00:39:33.028+0000] {processor.py:840} INFO - DAG(s) 'youtube_english_video_pipeline' retrieved from /opt/airflow/dags/youtube_pipeline.py
[2026-07-24T00:39:33.074+0000] {logging_mixin.py:188} INFO - [2026-07-24T00:39:33.074+0000] {dag.py:3089} INFO - Sync 1 DAGs
[2026-07-24T00:39:33.131+0000] {processor.py:183} INFO - Processing /opt/airflow/dags/youtube_pipeline.py took 0.413 seconds
[2026-07-24T00:40:03.787+0000] {processor.py:161} INFO - Started process (PID=1897) to work on /opt/airflow/dags/youtube_pipeline.py
[2026-07-24T00:40:03.788+0000] {processor.py:830} INFO - Processing file /opt/airflow/dags/youtube_pipeline.py for tasks to queue
[2026-07-24T00:40:03.790+0000] {logging_mixin.py:188} INFO - [2026-07-24T00:40:03.790+0000] {dagbag.py:545} INFO - Filling up the DagBag from /opt/airflow/dags/youtube_pipeline.py
[2026-07-24T00:40:03.826+0000] {processor.py:840} INFO - DAG(s) 'youtube_english_video_pipeline' retrieved from /opt/airflow/dags/youtube_pipeline.py
[2026-07-24T00:40:03.852+0000] {logging_mixin.py:188} INFO - [2026-07-24T00:40:03.852+0000] {dag.py:3089} INFO - Sync 1 DAGs
[2026-07-24T00:40:03.918+0000] {processor.py:183} INFO - Processing /opt/airflow/dags/youtube_pipeline.py took 0.137 seconds
[2026-07-24T00:40:34.850+0000] {processor.py:161} INFO - Started process (PID=2052) to work on /opt/airflow/dags/youtube_pipeline.py
[2026-07-24T00:40:34.851+0000] {processor.py:830} INFO - Processing file /opt/airflow/dags/youtube_pipeline.py for tasks to queue
[2026-07-24T00:40:34.853+0000] {logging_mixin.py:188} INFO - [2026-07-24T00:40:34.853+0000] {dagbag.py:545} INFO - Filling up the DagBag from /opt/airflow/dags/youtube_pipeline.py
[2026-07-24T00:40:34.889+0000] {processor.py:840} INFO - DAG(s) 'youtube_english_video_pipeline' retrieved from /opt/airflow/dags/youtube_pipeline.py
[2026-07-24T00:40:34.920+0000] {logging_mixin.py:188} INFO - [2026-07-24T00:40:34.920+0000] {dag.py:3089} INFO - Sync 1 DAGs
[2026-07-24T00:40:34.960+0000] {processor.py:183} INFO - Processing /opt/airflow/dags/youtube_pipeline.py took 0.118 seconds
[2026-07-24T00:41:05.641+0000] {processor.py:161} INFO - Started process (PID=2057) to work on /opt/airflow/dags/youtube_pipeline.py
[2026-07-24T00:41:05.642+0000] {processor.py:830} INFO - Processing file /opt/airflow/dags/youtube_pipeline.py for tasks to queue
[2026-07-24T00:41:05.644+0000] {logging_mixin.py:188} INFO - [2026-07-24T00:41:05.644+0000] {dagbag.py:545} INFO - Filling up the DagBag from /opt/airflow/dags/youtube_pipeline.py
[2026-07-24T00:41:05.688+0000] {processor.py:840} INFO - DAG(s) 'youtube_english_video_pipeline' retrieved from /opt/airflow/dags/youtube_pipeline.py
[2026-07-24T00:41:05.729+0000] {logging_mixin.py:188} INFO - [2026-07-24T00:41:05.729+0000] {dag.py:3089} INFO - Sync 1 DAGs
[2026-07-24T00:41:05.769+0000] {processor.py:183} INFO - Processing /opt/airflow/dags/youtube_pipeline.py took 0.136 seconds
[2026-07-24T00:41:37.566+0000] {processor.py:161} INFO - Started process (PID=2213) to work on /opt/airflow/dags/youtube_pipeline.py
[2026-07-24T00:41:37.574+0000] {processor.py:830} INFO - Processing file /opt/airflow/dags/youtube_pipeline.py for tasks to queue
[2026-07-24T00:41:37.579+0000] {logging_mixin.py:188} INFO - [2026-07-24T00:41:37.578+0000] {dagbag.py:545} INFO - Filling up the DagBag from /opt/airflow/dags/youtube_pipeline.py
[2026-07-24T00:41:37.685+0000] {processor.py:840} INFO - DAG(s) 'youtube_english_video_pipeline' retrieved from /opt/airflow/dags/youtube_pipeline.py
[2026-07-24T00:41:37.720+0000] {logging_mixin.py:188} INFO - [2026-07-24T00:41:37.719+0000] {dag.py:3089} INFO - Sync 1 DAGs
[2026-07-24T00:41:37.765+0000] {processor.py:183} INFO - Processing /opt/airflow/dags/youtube_pipeline.py took 0.214 seconds
[2026-07-24T00:42:08.230+0000] {processor.py:161} INFO - Started process (PID=2218) to work on /opt/airflow/dags/youtube_pipeline.py
[2026-07-24T00:42:08.232+0000] {processor.py:830} INFO - Processing file /opt/airflow/dags/youtube_pipeline.py for tasks to queue
[2026-07-24T00:42:08.235+0000] {logging_mixin.py:188} INFO - [2026-07-24T00:42:08.234+0000] {dagbag.py:545} INFO - Filling up the DagBag from /opt/airflow/dags/youtube_pipeline.py
[2026-07-24T00:42:08.278+0000] {processor.py:840} INFO - DAG(s) 'youtube_english_video_pipeline' retrieved from /opt/airflow/dags/youtube_pipeline.py
[2026-07-24T00:42:08.319+0000] {logging_mixin.py:188} INFO - [2026-07-24T00:42:08.319+0000] {dag.py:3089} INFO - Sync 1 DAGs
[2026-07-24T00:42:08.369+0000] {processor.py:183} INFO - Processing /opt/airflow/dags/youtube_pipeline.py took 0.149 seconds
[2026-07-24T00:42:39.026+0000] {processor.py:161} INFO - Started process (PID=2223) to work on /opt/airflow/dags/youtube_pipeline.py
[2026-07-24T00:42:39.028+0000] {processor.py:830} INFO - Processing file /opt/airflow/dags/youtube_pipeline.py for tasks to queue
[2026-07-24T00:42:39.031+0000] {logging_mixin.py:188} INFO - [2026-07-24T00:42:39.031+0000] {dagbag.py:545} INFO - Filling up the DagBag from /opt/airflow/dags/youtube_pipeline.py
[2026-07-24T00:42:39.064+0000] {processor.py:840} INFO - DAG(s) 'youtube_english_video_pipeline' retrieved from /opt/airflow/dags/youtube_pipeline.py
[2026-07-24T00:42:39.095+0000] {logging_mixin.py:188} INFO - [2026-07-24T00:42:39.094+0000] {dag.py:3089} INFO - Sync 1 DAGs
[2026-07-24T00:42:39.127+0000] {processor.py:183} INFO - Processing /opt/airflow/dags/youtube_pipeline.py took 0.110 seconds
[2026-07-24T00:43:14.871+0000] {processor.py:161} INFO - Started process (PID=2379) to work on /opt/airflow/dags/youtube_pipeline.py
[2026-07-24T00:43:14.960+0000] {processor.py:830} INFO - Processing file /opt/airflow/dags/youtube_pipeline.py for tasks to queue
[2026-07-24T00:43:15.053+0000] {logging_mixin.py:188} INFO - [2026-07-24T00:43:15.052+0000] {dagbag.py:545} INFO - Filling up the DagBag from /opt/airflow/dags/youtube_pipeline.py
[2026-07-24T00:43:15.667+0000] {processor.py:840} INFO - DAG(s) 'youtube_english_video_pipeline' retrieved from /opt/airflow/dags/youtube_pipeline.py
[2026-07-24T00:43:15.707+0000] {logging_mixin.py:188} INFO - [2026-07-24T00:43:15.707+0000] {dag.py:3089} INFO - Sync 1 DAGs
[2026-07-24T00:43:15.766+0000] {processor.py:183} INFO - Processing /opt/airflow/dags/youtube_pipeline.py took 1.139 seconds
[2026-07-24T00:43:45.982+0000] {processor.py:161} INFO - Started process (PID=2384) to work on /opt/airflow/dags/youtube_pipeline.py
[2026-07-24T00:43:45.985+0000] {processor.py:830} INFO - Processing file /opt/airflow/dags/youtube_pipeline.py for tasks to queue
[2026-07-24T00:43:45.991+0000] {logging_mixin.py:188} INFO - [2026-07-24T00:43:45.990+0000] {dagbag.py:545} INFO - Filling up the DagBag from /opt/airflow/dags/youtube_pipeline.py
[2026-07-24T00:43:46.037+0000] {processor.py:840} INFO - DAG(s) 'youtube_english_video_pipeline' retrieved from /opt/airflow/dags/youtube_pipeline.py
[2026-07-24T00:43:46.074+0000] {logging_mixin.py:188} INFO - [2026-07-24T00:43:46.074+0000] {dag.py:3089} INFO - Sync 1 DAGs
[2026-07-24T00:43:46.112+0000] {processor.py:183} INFO - Processing /opt/airflow/dags/youtube_pipeline.py took 0.151 seconds
[2026-07-24T00:44:19.404+0000] {processor.py:161} INFO - Started process (PID=2540) to work on /opt/airflow/dags/youtube_pipeline.py
[2026-07-24T00:44:19.449+0000] {processor.py:830} INFO - Processing file /opt/airflow/dags/youtube_pipeline.py for tasks to queue
[2026-07-24T00:44:19.535+0000] {logging_mixin.py:188} INFO - [2026-07-24T00:44:19.535+0000] {dagbag.py:545} INFO - Filling up the DagBag from /opt/airflow/dags/youtube_pipeline.py
[2026-07-24T00:44:24.803+0000] {processor.py:840} INFO - DAG(s) 'youtube_english_video_pipeline' retrieved from /opt/airflow/dags/youtube_pipeline.py
[2026-07-24T00:44:25.075+0000] {logging_mixin.py:188} INFO - [2026-07-24T00:44:25.075+0000] {dag.py:3089} INFO - Sync 1 DAGs
[2026-07-24T00:44:25.558+0000] {processor.py:183} INFO - Processing /opt/airflow/dags/youtube_pipeline.py took 6.282 seconds
[2026-07-24T00:44:55.830+0000] {processor.py:161} INFO - Started process (PID=2545) to work on /opt/airflow/dags/youtube_pipeline.py
[2026-07-24T00:44:55.831+0000] {processor.py:830} INFO - Processing file /opt/airflow/dags/youtube_pipeline.py for tasks to queue
[2026-07-24T00:44:55.833+0000] {logging_mixin.py:188} INFO - [2026-07-24T00:44:55.833+0000] {dagbag.py:545} INFO - Filling up the DagBag from /opt/airflow/dags/youtube_pipeline.py
[2026-07-24T00:44:55.870+0000] {processor.py:840} INFO - DAG(s) 'youtube_english_video_pipeline' retrieved from /opt/airflow/dags/youtube_pipeline.py
[2026-07-24T00:44:55.907+0000] {logging_mixin.py:188} INFO - [2026-07-24T00:44:55.907+0000] {dag.py:3089} INFO - Sync 1 DAGs
[2026-07-24T00:44:55.947+0000] {processor.py:183} INFO - Processing /opt/airflow/dags/youtube_pipeline.py took 0.125 seconds
[2026-07-24T00:45:27.336+0000] {processor.py:161} INFO - Started process (PID=2555) to work on /opt/airflow/dags/youtube_pipeline.py
[2026-07-24T00:45:27.343+0000] {processor.py:830} INFO - Processing file /opt/airflow/dags/youtube_pipeline.py for tasks to queue
[2026-07-24T00:45:27.354+0000] {logging_mixin.py:188} INFO - [2026-07-24T00:45:27.354+0000] {dagbag.py:545} INFO - Filling up the DagBag from /opt/airflow/dags/youtube_pipeline.py
[2026-07-24T00:45:27.464+0000] {processor.py:840} INFO - DAG(s) 'youtube_english_video_pipeline' retrieved from /opt/airflow/dags/youtube_pipeline.py
[2026-07-24T00:45:27.528+0000] {logging_mixin.py:188} INFO - [2026-07-24T00:45:27.528+0000] {dag.py:3089} INFO - Sync 1 DAGs
[2026-07-24T00:45:27.593+0000] {processor.py:183} INFO - Processing /opt/airflow/dags/youtube_pipeline.py took 0.271 seconds
[2026-07-24T00:46:02.113+0000] {processor.py:161} INFO - Started process (PID=2706) to work on /opt/airflow/dags/youtube_pipeline.py
[2026-07-24T00:46:02.114+0000] {processor.py:830} INFO - Processing file /opt/airflow/dags/youtube_pipeline.py for tasks to queue
[2026-07-24T00:46:02.118+0000] {logging_mixin.py:188} INFO - [2026-07-24T00:46:02.117+0000] {dagbag.py:545} INFO - Filling up the DagBag from /opt/airflow/dags/youtube_pipeline.py
[2026-07-24T00:46:06.739+0000] {processor.py:840} INFO - DAG(s) 'youtube_english_video_pipeline' retrieved from /opt/airflow/dags/youtube_pipeline.py
[2026-07-24T00:46:06.823+0000] {logging_mixin.py:188} INFO - [2026-07-24T00:46:06.823+0000] {dag.py:3089} INFO - Sync 1 DAGs
[2026-07-24T00:46:07.014+0000] {processor.py:183} INFO - Processing /opt/airflow/dags/youtube_pipeline.py took 4.907 seconds
[2026-07-24T00:46:37.327+0000] {processor.py:161} INFO - Started process (PID=2711) to work on /opt/airflow/dags/youtube_pipeline.py
[2026-07-24T00:46:37.329+0000] {processor.py:830} INFO - Processing file /opt/airflow/dags/youtube_pipeline.py for tasks to queue
[2026-07-24T00:46:37.332+0000] {logging_mixin.py:188} INFO - [2026-07-24T00:46:37.331+0000] {dagbag.py:545} INFO - Filling up the DagBag from /opt/airflow/dags/youtube_pipeline.py
[2026-07-24T00:46:37.379+0000] {processor.py:840} INFO - DAG(s) 'youtube_english_video_pipeline' retrieved from /opt/airflow/dags/youtube_pipeline.py
[2026-07-24T00:46:37.415+0000] {logging_mixin.py:188} INFO - [2026-07-24T00:46:37.414+0000] {dag.py:3089} INFO - Sync 1 DAGs
[2026-07-24T00:46:37.456+0000] {processor.py:183} INFO - Processing /opt/airflow/dags/youtube_pipeline.py took 0.138 seconds
[2026-07-24T00:47:07.669+0000] {processor.py:161} INFO - Started process (PID=2720) to work on /opt/airflow/dags/youtube_pipeline.py
[2026-07-24T00:47:07.671+0000] {processor.py:830} INFO - Processing file /opt/airflow/dags/youtube_pipeline.py for tasks to queue
[2026-07-24T00:47:07.673+0000] {logging_mixin.py:188} INFO - [2026-07-24T00:47:07.672+0000] {dagbag.py:545} INFO - Filling up the DagBag from /opt/airflow/dags/youtube_pipeline.py
[2026-07-24T00:47:07.713+0000] {processor.py:840} INFO - DAG(s) 'youtube_english_video_pipeline' retrieved from /opt/airflow/dags/youtube_pipeline.py
[2026-07-24T00:47:07.742+0000] {logging_mixin.py:188} INFO - [2026-07-24T00:47:07.742+0000] {dag.py:3089} INFO - Sync 1 DAGs
[2026-07-24T00:47:07.779+0000] {processor.py:183} INFO - Processing /opt/airflow/dags/youtube_pipeline.py took 0.118 seconds
[2026-07-24T00:47:39.890+0000] {processor.py:161} INFO - Started process (PID=2872) to work on /opt/airflow/dags/youtube_pipeline.py
[2026-07-24T00:47:39.897+0000] {processor.py:830} INFO - Processing file /opt/airflow/dags/youtube_pipeline.py for tasks to queue
[2026-07-24T00:47:39.904+0000] {logging_mixin.py:188} INFO - [2026-07-24T00:47:39.903+0000] {dagbag.py:545} INFO - Filling up the DagBag from /opt/airflow/dags/youtube_pipeline.py
[2026-07-24T00:47:40.147+0000] {processor.py:840} INFO - DAG(s) 'youtube_english_video_pipeline' retrieved from /opt/airflow/dags/youtube_pipeline.py
[2026-07-24T00:47:40.182+0000] {logging_mixin.py:188} INFO - [2026-07-24T00:47:40.181+0000] {dag.py:3089} INFO - Sync 1 DAGs
[2026-07-24T00:47:40.217+0000] {processor.py:183} INFO - Processing /opt/airflow/dags/youtube_pipeline.py took 0.335 seconds
[2026-07-24T00:48:10.350+0000] {processor.py:161} INFO - Started process (PID=2877) to work on /opt/airflow/dags/youtube_pipeline.py
[2026-07-24T00:48:10.352+0000] {processor.py:830} INFO - Processing file /opt/airflow/dags/youtube_pipeline.py for tasks to queue
[2026-07-24T00:48:10.354+0000] {logging_mixin.py:188} INFO - [2026-07-24T00:48:10.353+0000] {dagbag.py:545} INFO - Filling up the DagBag from /opt/airflow/dags/youtube_pipeline.py
[2026-07-24T00:48:10.394+0000] {processor.py:840} INFO - DAG(s) 'youtube_english_video_pipeline' retrieved from /opt/airflow/dags/youtube_pipeline.py
[2026-07-24T00:48:10.428+0000] {logging_mixin.py:188} INFO - [2026-07-24T00:48:10.427+0000] {dag.py:3089} INFO - Sync 1 DAGs
[2026-07-24T00:48:10.464+0000] {processor.py:183} INFO - Processing /opt/airflow/dags/youtube_pipeline.py took 0.122 seconds
[2026-07-24T00:48:40.921+0000] {processor.py:161} INFO - Started process (PID=3033) to work on /opt/airflow/dags/youtube_pipeline.py
[2026-07-24T00:48:40.928+0000] {processor.py:830} INFO - Processing file /opt/airflow/dags/youtube_pipeline.py for tasks to queue
[2026-07-24T00:48:40.934+0000] {logging_mixin.py:188} INFO - [2026-07-24T00:48:40.934+0000] {dagbag.py:545} INFO - Filling up the DagBag from /opt/airflow/dags/youtube_pipeline.py
[2026-07-24T00:48:41.308+0000] {processor.py:840} INFO - DAG(s) 'youtube_english_video_pipeline' retrieved from /opt/airflow/dags/youtube_pipeline.py
[2026-07-24T00:48:41.347+0000] {logging_mixin.py:188} INFO - [2026-07-24T00:48:41.347+0000] {dag.py:3089} INFO - Sync 1 DAGs
[2026-07-24T00:48:41.415+0000] {processor.py:183} INFO - Processing /opt/airflow/dags/youtube_pipeline.py took 0.504 seconds
[2026-07-24T00:49:11.741+0000] {processor.py:161} INFO - Started process (PID=3041) to work on /opt/airflow/dags/youtube_pipeline.py
[2026-07-24T00:49:11.742+0000] {processor.py:830} INFO - Processing file /opt/airflow/dags/youtube_pipeline.py for tasks to queue
[2026-07-24T00:49:11.745+0000] {logging_mixin.py:188} INFO - [2026-07-24T00:49:11.745+0000] {dagbag.py:545} INFO - Filling up the DagBag from /opt/airflow/dags/youtube_pipeline.py
[2026-07-24T00:49:11.790+0000] {processor.py:840} INFO - DAG(s) 'youtube_english_video_pipeline' retrieved from /opt/airflow/dags/youtube_pipeline.py
[2026-07-24T00:49:11.822+0000] {logging_mixin.py:188} INFO - [2026-07-24T00:49:11.822+0000] {dag.py:3089} INFO - Sync 1 DAGs
[2026-07-24T00:49:11.852+0000] {processor.py:183} INFO - Processing /opt/airflow/dags/youtube_pipeline.py took 0.122 seconds
[2026-07-24T00:49:42.327+0000] {processor.py:161} INFO - Started process (PID=3194) to work on /opt/airflow/dags/youtube_pipeline.py
[2026-07-24T00:49:42.334+0000] {processor.py:830} INFO - Processing file /opt/airflow/dags/youtube_pipeline.py for tasks to queue
[2026-07-24T00:49:42.342+0000] {logging_mixin.py:188} INFO - [2026-07-24T00:49:42.341+0000] {dagbag.py:545} INFO - Filling up the DagBag from /opt/airflow/dags/youtube_pipeline.py
[2026-07-24T00:49:42.388+0000] {processor.py:840} INFO - DAG(s) 'youtube_english_video_pipeline' retrieved from /opt/airflow/dags/youtube_pipeline.py
[2026-07-24T00:49:42.427+0000] {logging_mixin.py:188} INFO - [2026-07-24T00:49:42.427+0000] {dag.py:3089} INFO - Sync 1 DAGs
[2026-07-24T00:49:42.473+0000] {processor.py:183} INFO - Processing /opt/airflow/dags/youtube_pipeline.py took 0.158 seconds
[2026-07-24T00:50:14.792+0000] {processor.py:161} INFO - Started process (PID=3350) to work on /opt/airflow/dags/youtube_pipeline.py
[2026-07-24T00:50:14.796+0000] {processor.py:830} INFO - Processing file /opt/airflow/dags/youtube_pipeline.py for tasks to queue
[2026-07-24T00:50:14.804+0000] {logging_mixin.py:188} INFO - [2026-07-24T00:50:14.804+0000] {dagbag.py:545} INFO - Filling up the DagBag from /opt/airflow/dags/youtube_pipeline.py
[2026-07-24T00:50:14.903+0000] {processor.py:840} INFO - DAG(s) 'youtube_english_video_pipeline' retrieved from /opt/airflow/dags/youtube_pipeline.py
[2026-07-24T00:50:14.939+0000] {logging_mixin.py:188} INFO - [2026-07-24T00:50:14.938+0000] {dag.py:3089} INFO - Sync 1 DAGs
[2026-07-24T00:50:15.043+0000] {processor.py:183} INFO - Processing /opt/airflow/dags/youtube_pipeline.py took 0.266 seconds
[2026-07-24T00:50:45.598+0000] {processor.py:161} INFO - Started process (PID=3355) to work on /opt/airflow/dags/youtube_pipeline.py
[2026-07-24T00:50:45.600+0000] {processor.py:830} INFO - Processing file /opt/airflow/dags/youtube_pipeline.py for tasks to queue
[2026-07-24T00:50:45.603+0000] {logging_mixin.py:188} INFO - [2026-07-24T00:50:45.602+0000] {dagbag.py:545} INFO - Filling up the DagBag from /opt/airflow/dags/youtube_pipeline.py
[2026-07-24T00:50:45.650+0000] {processor.py:840} INFO - DAG(s) 'youtube_english_video_pipeline' retrieved from /opt/airflow/dags/youtube_pipeline.py
[2026-07-24T00:50:45.689+0000] {logging_mixin.py:188} INFO - [2026-07-24T00:50:45.688+0000] {dag.py:3089} INFO - Sync 1 DAGs
[2026-07-24T00:50:45.731+0000] {processor.py:183} INFO - Processing /opt/airflow/dags/youtube_pipeline.py took 0.141 seconds
[2026-07-24T00:51:16.059+0000] {processor.py:161} INFO - Started process (PID=3361) to work on /opt/airflow/dags/youtube_pipeline.py
[2026-07-24T00:51:16.060+0000] {processor.py:830} INFO - Processing file /opt/airflow/dags/youtube_pipeline.py for tasks to queue
[2026-07-24T00:51:16.063+0000] {logging_mixin.py:188} INFO - [2026-07-24T00:51:16.062+0000] {dagbag.py:545} INFO - Filling up the DagBag from /opt/airflow/dags/youtube_pipeline.py
[2026-07-24T00:51:16.104+0000] {processor.py:840} INFO - DAG(s) 'youtube_english_video_pipeline' retrieved from /opt/airflow/dags/youtube_pipeline.py
[2026-07-24T00:51:16.129+0000] {logging_mixin.py:188} INFO - [2026-07-24T00:51:16.128+0000] {dag.py:3089} INFO - Sync 1 DAGs
[2026-07-24T00:51:16.156+0000] {processor.py:183} INFO - Processing /opt/airflow/dags/youtube_pipeline.py took 0.107 seconds
[2026-07-24T00:51:46.489+0000] {processor.py:161} INFO - Started process (PID=3516) to work on /opt/airflow/dags/youtube_pipeline.py
[2026-07-24T00:51:46.491+0000] {processor.py:830} INFO - Processing file /opt/airflow/dags/youtube_pipeline.py for tasks to queue
[2026-07-24T00:51:46.493+0000] {logging_mixin.py:188} INFO - [2026-07-24T00:51:46.492+0000] {dagbag.py:545} INFO - Filling up the DagBag from /opt/airflow/dags/youtube_pipeline.py
[2026-07-24T00:51:46.538+0000] {processor.py:840} INFO - DAG(s) 'youtube_english_video_pipeline' retrieved from /opt/airflow/dags/youtube_pipeline.py
[2026-07-24T00:51:46.573+0000] {logging_mixin.py:188} INFO - [2026-07-24T00:51:46.573+0000] {dag.py:3089} INFO - Sync 1 DAGs
[2026-07-24T00:51:46.616+0000] {processor.py:183} INFO - Processing /opt/airflow/dags/youtube_pipeline.py took 0.135 seconds
[2026-07-24T00:52:16.790+0000] {processor.py:161} INFO - Started process (PID=3521) to work on /opt/airflow/dags/youtube_pipeline.py
[2026-07-24T00:52:16.792+0000] {processor.py:830} INFO - Processing file /opt/airflow/dags/youtube_pipeline.py for tasks to queue
[2026-07-24T00:52:16.797+0000] {logging_mixin.py:188} INFO - [2026-07-24T00:52:16.795+0000] {dagbag.py:545} INFO - Filling up the DagBag from /opt/airflow/dags/youtube_pipeline.py
[2026-07-24T00:52:16.844+0000] {processor.py:840} INFO - DAG(s) 'youtube_english_video_pipeline' retrieved from /opt/airflow/dags/youtube_pipeline.py
[2026-07-24T00:52:16.880+0000] {logging_mixin.py:188} INFO - [2026-07-24T00:52:16.879+0000] {dag.py:3089} INFO - Sync 1 DAGs
[2026-07-24T00:52:16.916+0000] {processor.py:183} INFO - Processing /opt/airflow/dags/youtube_pipeline.py took 0.134 seconds
[2026-07-24T00:52:47.678+0000] {processor.py:161} INFO - Started process (PID=3526) to work on /opt/airflow/dags/youtube_pipeline.py
[2026-07-24T00:52:47.679+0000] {processor.py:830} INFO - Processing file /opt/airflow/dags/youtube_pipeline.py for tasks to queue
[2026-07-24T00:52:47.681+0000] {logging_mixin.py:188} INFO - [2026-07-24T00:52:47.681+0000] {dagbag.py:545} INFO - Filling up the DagBag from /opt/airflow/dags/youtube_pipeline.py
[2026-07-24T00:52:47.707+0000] {processor.py:840} INFO - DAG(s) 'youtube_english_video_pipeline' retrieved from /opt/airflow/dags/youtube_pipeline.py
[2026-07-24T00:52:47.735+0000] {logging_mixin.py:188} INFO - [2026-07-24T00:52:47.735+0000] {dag.py:3089} INFO - Sync 1 DAGs
[2026-07-24T00:52:47.769+0000] {processor.py:183} INFO - Processing /opt/airflow/dags/youtube_pipeline.py took 0.098 seconds
[2026-07-24T00:53:18.669+0000] {processor.py:161} INFO - Started process (PID=3532) to work on /opt/airflow/dags/youtube_pipeline.py
[2026-07-24T00:53:18.679+0000] {processor.py:830} INFO - Processing file /opt/airflow/dags/youtube_pipeline.py for tasks to queue
[2026-07-24T00:53:18.687+0000] {logging_mixin.py:188} INFO - [2026-07-24T00:53:18.686+0000] {dagbag.py:545} INFO - Filling up the DagBag from /opt/airflow/dags/youtube_pipeline.py
[2026-07-24T00:53:18.840+0000] {processor.py:840} INFO - DAG(s) 'youtube_english_video_pipeline' retrieved from /opt/airflow/dags/youtube_pipeline.py
[2026-07-24T00:53:18.883+0000] {logging_mixin.py:188} INFO - [2026-07-24T00:53:18.883+0000] {dag.py:3089} INFO - Sync 1 DAGs
[2026-07-24T00:53:18.936+0000] {processor.py:183} INFO - Processing /opt/airflow/dags/youtube_pipeline.py took 0.282 seconds
[2026-07-24T00:53:51.381+0000] {processor.py:161} INFO - Started process (PID=3615) to work on /opt/airflow/dags/youtube_pipeline.py
[2026-07-24T00:53:51.395+0000] {processor.py:830} INFO - Processing file /opt/airflow/dags/youtube_pipeline.py for tasks to queue
[2026-07-24T00:53:51.410+0000] {logging_mixin.py:188} INFO - [2026-07-24T00:53:51.410+0000] {dagbag.py:545} INFO - Filling up the DagBag from /opt/airflow/dags/youtube_pipeline.py
[2026-07-24T00:53:54.984+0000] {processor.py:840} INFO - DAG(s) 'youtube_english_video_pipeline' retrieved from /opt/airflow/dags/youtube_pipeline.py
[2026-07-24T00:53:55.500+0000] {logging_mixin.py:188} INFO - [2026-07-24T00:53:55.500+0000] {dag.py:3089} INFO - Sync 1 DAGs
[2026-07-24T00:53:55.822+0000] {processor.py:183} INFO - Processing /opt/airflow/dags/youtube_pipeline.py took 4.468 seconds
[2026-07-24T00:54:26.162+0000] {processor.py:161} INFO - Started process (PID=3620) to work on /opt/airflow/dags/youtube_pipeline.py
[2026-07-24T00:54:26.169+0000] {processor.py:830} INFO - Processing file /opt/airflow/dags/youtube_pipeline.py for tasks to queue
[2026-07-24T00:54:26.176+0000] {logging_mixin.py:188} INFO - [2026-07-24T00:54:26.176+0000] {dagbag.py:545} INFO - Filling up the DagBag from /opt/airflow/dags/youtube_pipeline.py
[2026-07-24T00:54:26.266+0000] {processor.py:840} INFO - DAG(s) 'youtube_english_video_pipeline' retrieved from /opt/airflow/dags/youtube_pipeline.py
[2026-07-24T00:54:26.340+0000] {logging_mixin.py:188} INFO - [2026-07-24T00:54:26.340+0000] {dag.py:3089} INFO - Sync 1 DAGs
[2026-07-24T00:54:26.433+0000] {processor.py:183} INFO - Processing /opt/airflow/dags/youtube_pipeline.py took 0.290 seconds
[2026-07-24T00:54:57.838+0000] {processor.py:161} INFO - Started process (PID=3625) to work on /opt/airflow/dags/youtube_pipeline.py
[2026-07-24T00:54:57.852+0000] {processor.py:830} INFO - Processing file /opt/airflow/dags/youtube_pipeline.py for tasks to queue
[2026-07-24T00:54:57.865+0000] {logging_mixin.py:188} INFO - [2026-07-24T00:54:57.865+0000] {dagbag.py:545} INFO - Filling up the DagBag from /opt/airflow/dags/youtube_pipeline.py
[2026-07-24T00:54:59.261+0000] {processor.py:840} INFO - DAG(s) 'youtube_english_video_pipeline' retrieved from /opt/airflow/dags/youtube_pipeline.py
[2026-07-24T00:54:59.637+0000] {logging_mixin.py:188} INFO - [2026-07-24T00:54:59.637+0000] {dag.py:3089} INFO - Sync 1 DAGs
[2026-07-24T00:54:59.907+0000] {processor.py:183} INFO - Processing /opt/airflow/dags/youtube_pipeline.py took 2.093 seconds
[2026-07-24T00:55:36.839+0000] {processor.py:161} INFO - Started process (PID=3652) to work on /opt/airflow/dags/youtube_pipeline.py
[2026-07-24T00:55:36.853+0000] {processor.py:830} INFO - Processing file /opt/airflow/dags/youtube_pipeline.py for tasks to queue
[2026-07-24T00:55:36.860+0000] {logging_mixin.py:188} INFO - [2026-07-24T00:55:36.860+0000] {dagbag.py:545} INFO - Filling up the DagBag from /opt/airflow/dags/youtube_pipeline.py
[2026-07-24T00:55:37.116+0000] {processor.py:840} INFO - DAG(s) 'youtube_english_video_pipeline' retrieved from /opt/airflow/dags/youtube_pipeline.py
[2026-07-24T00:55:37.160+0000] {logging_mixin.py:188} INFO - [2026-07-24T00:55:37.160+0000] {dag.py:3089} INFO - Sync 1 DAGs
[2026-07-24T00:55:37.221+0000] {processor.py:183} INFO - Processing /opt/airflow/dags/youtube_pipeline.py took 0.404 seconds
[2026-07-24T00:56:11.927+0000] {processor.py:161} INFO - Started process (PID=3659) to work on /opt/airflow/dags/youtube_pipeline.py
[2026-07-24T00:56:11.941+0000] {processor.py:830} INFO - Processing file /opt/airflow/dags/youtube_pipeline.py for tasks to queue
[2026-07-24T00:56:11.956+0000] {logging_mixin.py:188} INFO - [2026-07-24T00:56:11.955+0000] {dagbag.py:545} INFO - Filling up the DagBag from /opt/airflow/dags/youtube_pipeline.py
[2026-07-24T00:56:13.474+0000] {processor.py:840} INFO - DAG(s) 'youtube_english_video_pipeline' retrieved from /opt/airflow/dags/youtube_pipeline.py
[2026-07-24T00:56:13.694+0000] {logging_mixin.py:188} INFO - [2026-07-24T00:56:13.693+0000] {dag.py:3089} INFO - Sync 1 DAGs
[2026-07-24T00:56:14.270+0000] {processor.py:183} INFO - Processing /opt/airflow/dags/youtube_pipeline.py took 2.367 seconds
[2026-07-24T00:56:45.949+0000] {processor.py:161} INFO - Started process (PID=3664) to work on /opt/airflow/dags/youtube_pipeline.py
[2026-07-24T00:56:46.027+0000] {processor.py:830} INFO - Processing file /opt/airflow/dags/youtube_pipeline.py for tasks to queue
[2026-07-24T00:56:46.156+0000] {logging_mixin.py:188} INFO - [2026-07-24T00:56:46.156+0000] {dagbag.py:545} INFO - Filling up the DagBag from /opt/airflow/dags/youtube_pipeline.py
[2026-07-24T00:56:48.918+0000] {processor.py:840} INFO - DAG(s) 'youtube_english_video_pipeline' retrieved from /opt/airflow/dags/youtube_pipeline.py
[2026-07-24T00:56:48.954+0000] {logging_mixin.py:188} INFO - [2026-07-24T00:56:48.954+0000] {dag.py:3089} INFO - Sync 1 DAGs
[2026-07-24T00:56:48.998+0000] {processor.py:183} INFO - Processing /opt/airflow/dags/youtube_pipeline.py took 3.176 seconds
[2026-07-24T00:57:21.085+0000] {processor.py:161} INFO - Started process (PID=3669) to work on /opt/airflow/dags/youtube_pipeline.py
[2026-07-24T00:57:21.103+0000] {processor.py:830} INFO - Processing file /opt/airflow/dags/youtube_pipeline.py for tasks to queue
[2026-07-24T00:57:21.245+0000] {logging_mixin.py:188} INFO - [2026-07-24T00:57:21.245+0000] {dagbag.py:545} INFO - Filling up the DagBag from /opt/airflow/dags/youtube_pipeline.py
[2026-07-24T00:57:23.087+0000] {processor.py:840} INFO - DAG(s) 'youtube_english_video_pipeline' retrieved from /opt/airflow/dags/youtube_pipeline.py
[2026-07-24T00:57:23.210+0000] {logging_mixin.py:188} INFO - [2026-07-24T00:57:23.210+0000] {dag.py:3089} INFO - Sync 1 DAGs
[2026-07-24T00:57:23.462+0000] {processor.py:183} INFO - Processing /opt/airflow/dags/youtube_pipeline.py took 2.392 seconds
[2026-07-24T00:57:54.121+0000] {processor.py:161} INFO - Started process (PID=3674) to work on /opt/airflow/dags/youtube_pipeline.py
[2026-07-24T00:57:54.123+0000] {processor.py:830} INFO - Processing file /opt/airflow/dags/youtube_pipeline.py for tasks to queue
[2026-07-24T00:57:54.127+0000] {logging_mixin.py:188} INFO - [2026-07-24T00:57:54.127+0000] {dagbag.py:545} INFO - Filling up the DagBag from /opt/airflow/dags/youtube_pipeline.py
[2026-07-24T00:57:54.171+0000] {processor.py:840} INFO - DAG(s) 'youtube_english_video_pipeline' retrieved from /opt/airflow/dags/youtube_pipeline.py
[2026-07-24T00:57:54.207+0000] {logging_mixin.py:188} INFO - [2026-07-24T00:57:54.207+0000] {dag.py:3089} INFO - Sync 1 DAGs
[2026-07-24T00:57:54.253+0000] {processor.py:183} INFO - Processing /opt/airflow/dags/youtube_pipeline.py took 0.139 seconds
[2026-07-24T00:58:24.434+0000] {processor.py:161} INFO - Started process (PID=3679) to work on /opt/airflow/dags/youtube_pipeline.py
[2026-07-24T00:58:24.435+0000] {processor.py:830} INFO - Processing file /opt/airflow/dags/youtube_pipeline.py for tasks to queue
[2026-07-24T00:58:24.436+0000] {logging_mixin.py:188} INFO - [2026-07-24T00:58:24.436+0000] {dagbag.py:545} INFO - Filling up the DagBag from /opt/airflow/dags/youtube_pipeline.py
[2026-07-24T00:58:24.452+0000] {processor.py:840} INFO - DAG(s) 'youtube_english_video_pipeline' retrieved from /opt/airflow/dags/youtube_pipeline.py
[2026-07-24T00:58:24.478+0000] {logging_mixin.py:188} INFO - [2026-07-24T00:58:24.478+0000] {dag.py:3089} INFO - Sync 1 DAGs
[2026-07-24T00:58:24.502+0000] {logging_mixin.py:188} INFO - [2026-07-24T00:58:24.502+0000] {dag.py:3947} INFO - Setting next_dagrun for youtube_english_video_pipeline to 2026-07-23 12:00:00+00:00, run_after=2026-07-24 12:00:00+00:00
[2026-07-24T00:58:24.518+0000] {processor.py:183} INFO - Processing /opt/airflow/dags/youtube_pipeline.py took 0.090 seconds
[2026-07-24T00:58:55.447+0000] {processor.py:161} INFO - Started process (PID=3684) to work on /opt/airflow/dags/youtube_pipeline.py
[2026-07-24T00:58:55.450+0000] {processor.py:830} INFO - Processing file /opt/airflow/dags/youtube_pipeline.py for tasks to queue
[2026-07-24T00:58:55.456+0000] {logging_mixin.py:188} INFO - [2026-07-24T00:58:55.456+0000] {dagbag.py:545} INFO - Filling up the DagBag from /opt/airflow/dags/youtube_pipeline.py
[2026-07-24T00:58:55.595+0000] {processor.py:840} INFO - DAG(s) 'youtube_english_video_pipeline' retrieved from /opt/airflow/dags/youtube_pipeline.py
[2026-07-24T00:58:55.646+0000] {logging_mixin.py:188} INFO - [2026-07-24T00:58:55.646+0000] {dag.py:3089} INFO - Sync 1 DAGs
[2026-07-24T00:58:55.687+0000] {logging_mixin.py:188} INFO - [2026-07-24T00:58:55.686+0000] {dag.py:3947} INFO - Setting next_dagrun for youtube_english_video_pipeline to 2026-07-23 12:00:00+00:00, run_after=2026-07-24 12:00:00+00:00
[2026-07-24T00:58:55.703+0000] {processor.py:183} INFO - Processing /opt/airflow/dags/youtube_pipeline.py took 0.268 seconds
[2026-07-24T00:59:26.234+0000] {processor.py:161} INFO - Started process (PID=3689) to work on /opt/airflow/dags/youtube_pipeline.py
[2026-07-24T00:59:26.235+0000] {processor.py:830} INFO - Processing file /opt/airflow/dags/youtube_pipeline.py for tasks to queue
[2026-07-24T00:59:26.237+0000] {logging_mixin.py:188} INFO - [2026-07-24T00:59:26.237+0000] {dagbag.py:545} INFO - Filling up the DagBag from /opt/airflow/dags/youtube_pipeline.py
[2026-07-24T00:59:26.252+0000] {processor.py:840} INFO - DAG(s) 'youtube_english_video_pipeline' retrieved from /opt/airflow/dags/youtube_pipeline.py
[2026-07-24T00:59:26.276+0000] {logging_mixin.py:188} INFO - [2026-07-24T00:59:26.276+0000] {dag.py:3089} INFO - Sync 1 DAGs
[2026-07-24T00:59:26.292+0000] {logging_mixin.py:188} INFO - [2026-07-24T00:59:26.292+0000] {dag.py:3947} INFO - Setting next_dagrun for youtube_english_video_pipeline to 2026-07-23 12:00:00+00:00, run_after=2026-07-24 12:00:00+00:00
[2026-07-24T00:59:26.309+0000] {processor.py:183} INFO - Processing /opt/airflow/dags/youtube_pipeline.py took 0.080 seconds
[2026-07-24T00:59:57.217+0000] {processor.py:161} INFO - Started process (PID=3694) to work on /opt/airflow/dags/youtube_pipeline.py
[2026-07-24T00:59:57.219+0000] {processor.py:830} INFO - Processing file /opt/airflow/dags/youtube_pipeline.py for tasks to queue
[2026-07-24T00:59:57.224+0000] {logging_mixin.py:188} INFO - [2026-07-24T00:59:57.224+0000] {dagbag.py:545} INFO - Filling up the DagBag from /opt/airflow/dags/youtube_pipeline.py
[2026-07-24T00:59:57.315+0000] {processor.py:840} INFO - DAG(s) 'youtube_english_video_pipeline' retrieved from /opt/airflow/dags/youtube_pipeline.py
[2026-07-24T00:59:57.342+0000] {logging_mixin.py:188} INFO - [2026-07-24T00:59:57.342+0000] {dag.py:3089} INFO - Sync 1 DAGs
[2026-07-24T00:59:57.359+0000] {logging_mixin.py:188} INFO - [2026-07-24T00:59:57.358+0000] {dag.py:3947} INFO - Setting next_dagrun for youtube_english_video_pipeline to 2026-07-23 12:00:00+00:00, run_after=2026-07-24 12:00:00+00:00
[2026-07-24T00:59:57.375+0000] {processor.py:183} INFO - Processing /opt/airflow/dags/youtube_pipeline.py took 0.171 seconds
[2026-07-24T01:00:30.039+0000] {processor.py:161} INFO - Started process (PID=3699) to work on /opt/airflow/dags/youtube_pipeline.py
[2026-07-24T01:00:30.090+0000] {processor.py:830} INFO - Processing file /opt/airflow/dags/youtube_pipeline.py for tasks to queue
[2026-07-24T01:00:30.137+0000] {logging_mixin.py:188} INFO - [2026-07-24T01:00:30.137+0000] {dagbag.py:545} INFO - Filling up the DagBag from /opt/airflow/dags/youtube_pipeline.py
[2026-07-24T01:00:32.753+0000] {processor.py:840} INFO - DAG(s) 'youtube_english_video_pipeline' retrieved from /opt/airflow/dags/youtube_pipeline.py
[2026-07-24T01:00:32.851+0000] {logging_mixin.py:188} INFO - [2026-07-24T01:00:32.851+0000] {dag.py:3089} INFO - Sync 1 DAGs
[2026-07-24T01:00:32.939+0000] {logging_mixin.py:188} INFO - [2026-07-24T01:00:32.939+0000] {dag.py:3947} INFO - Setting next_dagrun for youtube_english_video_pipeline to 2026-07-23 12:00:00+00:00, run_after=2026-07-24 12:00:00+00:00
[2026-07-24T01:00:33.133+0000] {processor.py:183} INFO - Processing /opt/airflow/dags/youtube_pipeline.py took 3.142 seconds
[2026-07-24T01:01:03.304+0000] {processor.py:161} INFO - Started process (PID=3704) to work on /opt/airflow/dags/youtube_pipeline.py
[2026-07-24T01:01:03.305+0000] {processor.py:830} INFO - Processing file /opt/airflow/dags/youtube_pipeline.py for tasks to queue
[2026-07-24T01:01:03.307+0000] {logging_mixin.py:188} INFO - [2026-07-24T01:01:03.307+0000] {dagbag.py:545} INFO - Filling up the DagBag from /opt/airflow/dags/youtube_pipeline.py
[2026-07-24T01:01:03.339+0000] {processor.py:840} INFO - DAG(s) 'youtube_english_video_pipeline' retrieved from /opt/airflow/dags/youtube_pipeline.py
[2026-07-24T01:01:03.366+0000] {logging_mixin.py:188} INFO - [2026-07-24T01:01:03.366+0000] {dag.py:3089} INFO - Sync 1 DAGs
[2026-07-24T01:01:03.383+0000] {logging_mixin.py:188} INFO - [2026-07-24T01:01:03.383+0000] {dag.py:3947} INFO - Setting next_dagrun for youtube_english_video_pipeline to 2026-07-23 12:00:00+00:00, run_after=2026-07-24 12:00:00+00:00
[2026-07-24T01:01:03.397+0000] {processor.py:183} INFO - Processing /opt/airflow/dags/youtube_pipeline.py took 0.102 seconds
[2026-07-24T01:01:34.013+0000] {processor.py:161} INFO - Started process (PID=3709) to work on /opt/airflow/dags/youtube_pipeline.py
[2026-07-24T01:01:34.014+0000] {processor.py:830} INFO - Processing file /opt/airflow/dags/youtube_pipeline.py for tasks to queue
[2026-07-24T01:01:34.016+0000] {logging_mixin.py:188} INFO - [2026-07-24T01:01:34.016+0000] {dagbag.py:545} INFO - Filling up the DagBag from /opt/airflow/dags/youtube_pipeline.py
[2026-07-24T01:01:34.042+0000] {processor.py:840} INFO - DAG(s) 'youtube_english_video_pipeline' retrieved from /opt/airflow/dags/youtube_pipeline.py
[2026-07-24T01:01:34.068+0000] {logging_mixin.py:188} INFO - [2026-07-24T01:01:34.068+0000] {dag.py:3089} INFO - Sync 1 DAGs
[2026-07-24T01:01:34.084+0000] {logging_mixin.py:188} INFO - [2026-07-24T01:01:34.084+0000] {dag.py:3947} INFO - Setting next_dagrun for youtube_english_video_pipeline to 2026-07-23 12:00:00+00:00, run_after=2026-07-24 12:00:00+00:00
[2026-07-24T01:01:34.100+0000] {processor.py:183} INFO - Processing /opt/airflow/dags/youtube_pipeline.py took 0.096 seconds
[2026-07-24T01:02:04.214+0000] {processor.py:161} INFO - Started process (PID=3714) to work on /opt/airflow/dags/youtube_pipeline.py
[2026-07-24T01:02:04.215+0000] {processor.py:830} INFO - Processing file /opt/airflow/dags/youtube_pipeline.py for tasks to queue
[2026-07-24T01:02:04.217+0000] {logging_mixin.py:188} INFO - [2026-07-24T01:02:04.216+0000] {dagbag.py:545} INFO - Filling up the DagBag from /opt/airflow/dags/youtube_pipeline.py
[2026-07-24T01:02:04.233+0000] {processor.py:840} INFO - DAG(s) 'youtube_english_video_pipeline' retrieved from /opt/airflow/dags/youtube_pipeline.py
[2026-07-24T01:02:04.260+0000] {logging_mixin.py:188} INFO - [2026-07-24T01:02:04.259+0000] {dag.py:3089} INFO - Sync 1 DAGs
[2026-07-24T01:02:04.275+0000] {logging_mixin.py:188} INFO - [2026-07-24T01:02:04.275+0000] {dag.py:3947} INFO - Setting next_dagrun for youtube_english_video_pipeline to 2026-07-23 12:00:00+00:00, run_after=2026-07-24 12:00:00+00:00
[2026-07-24T01:02:04.290+0000] {processor.py:183} INFO - Processing /opt/airflow/dags/youtube_pipeline.py took 0.083 seconds
[2026-07-24T01:02:34.615+0000] {processor.py:161} INFO - Started process (PID=3719) to work on /opt/airflow/dags/youtube_pipeline.py
[2026-07-24T01:02:34.616+0000] {processor.py:830} INFO - Processing file /opt/airflow/dags/youtube_pipeline.py for tasks to queue
[2026-07-24T01:02:34.617+0000] {logging_mixin.py:188} INFO - [2026-07-24T01:02:34.617+0000] {dagbag.py:545} INFO - Filling up the DagBag from /opt/airflow/dags/youtube_pipeline.py
[2026-07-24T01:02:34.746+0000] {processor.py:840} INFO - DAG(s) 'youtube_english_video_pipeline' retrieved from /opt/airflow/dags/youtube_pipeline.py
[2026-07-24T01:02:34.820+0000] {logging_mixin.py:188} INFO - [2026-07-24T01:02:34.820+0000] {dag.py:3089} INFO - Sync 1 DAGs
[2026-07-24T01:02:34.836+0000] {logging_mixin.py:188} INFO - [2026-07-24T01:02:34.836+0000] {dag.py:3947} INFO - Setting next_dagrun for youtube_english_video_pipeline to 2026-07-23 12:00:00+00:00, run_after=2026-07-24 12:00:00+00:00
[2026-07-24T01:02:34.852+0000] {processor.py:183} INFO - Processing /opt/airflow/dags/youtube_pipeline.py took 0.243 seconds
[2026-07-24T01:03:05.574+0000] {processor.py:161} INFO - Started process (PID=3724) to work on /opt/airflow/dags/youtube_pipeline.py
[2026-07-24T01:03:05.575+0000] {processor.py:830} INFO - Processing file /opt/airflow/dags/youtube_pipeline.py for tasks to queue
[2026-07-24T01:03:05.577+0000] {logging_mixin.py:188} INFO - [2026-07-24T01:03:05.576+0000] {dagbag.py:545} INFO - Filling up the DagBag from /opt/airflow/dags/youtube_pipeline.py
[2026-07-24T01:03:05.612+0000] {processor.py:840} INFO - DAG(s) 'youtube_english_video_pipeline' retrieved from /opt/airflow/dags/youtube_pipeline.py
[2026-07-24T01:03:05.637+0000] {logging_mixin.py:188} INFO - [2026-07-24T01:03:05.637+0000] {dag.py:3089} INFO - Sync 1 DAGs
[2026-07-24T01:03:05.652+0000] {logging_mixin.py:188} INFO - [2026-07-24T01:03:05.652+0000] {dag.py:3947} INFO - Setting next_dagrun for youtube_english_video_pipeline to 2026-07-23 12:00:00+00:00, run_after=2026-07-24 12:00:00+00:00
[2026-07-24T01:03:05.667+0000] {processor.py:183} INFO - Processing /opt/airflow/dags/youtube_pipeline.py took 0.099 seconds
[2026-07-24T01:03:35.846+0000] {processor.py:161} INFO - Started process (PID=3729) to work on /opt/airflow/dags/youtube_pipeline.py
[2026-07-24T01:03:35.847+0000] {processor.py:830} INFO - Processing file /opt/airflow/dags/youtube_pipeline.py for tasks to queue
[2026-07-24T01:03:35.849+0000] {logging_mixin.py:188} INFO - [2026-07-24T01:03:35.848+0000] {dagbag.py:545} INFO - Filling up the DagBag from /opt/airflow/dags/youtube_pipeline.py
[2026-07-24T01:03:35.864+0000] {processor.py:840} INFO - DAG(s) 'youtube_english_video_pipeline' retrieved from /opt/airflow/dags/youtube_pipeline.py
[2026-07-24T01:03:35.887+0000] {logging_mixin.py:188} INFO - [2026-07-24T01:03:35.887+0000] {dag.py:3089} INFO - Sync 1 DAGs
[2026-07-24T01:03:35.902+0000] {logging_mixin.py:188} INFO - [2026-07-24T01:03:35.902+0000] {dag.py:3947} INFO - Setting next_dagrun for youtube_english_video_pipeline to 2026-07-23 12:00:00+00:00, run_after=2026-07-24 12:00:00+00:00
[2026-07-24T01:03:35.916+0000] {processor.py:183} INFO - Processing /opt/airflow/dags/youtube_pipeline.py took 0.080 seconds
[2026-07-24T01:04:06.488+0000] {processor.py:161} INFO - Started process (PID=3734) to work on /opt/airflow/dags/youtube_pipeline.py
[2026-07-24T01:04:06.490+0000] {processor.py:830} INFO - Processing file /opt/airflow/dags/youtube_pipeline.py for tasks to queue
[2026-07-24T01:04:06.493+0000] {logging_mixin.py:188} INFO - [2026-07-24T01:04:06.492+0000] {dagbag.py:545} INFO - Filling up the DagBag from /opt/airflow/dags/youtube_pipeline.py
[2026-07-24T01:04:06.656+0000] {processor.py:840} INFO - DAG(s) 'youtube_english_video_pipeline' retrieved from /opt/airflow/dags/youtube_pipeline.py
[2026-07-24T01:04:06.691+0000] {logging_mixin.py:188} INFO - [2026-07-24T01:04:06.691+0000] {dag.py:3089} INFO - Sync 1 DAGs
[2026-07-24T01:04:06.709+0000] {logging_mixin.py:188} INFO - [2026-07-24T01:04:06.709+0000] {dag.py:3947} INFO - Setting next_dagrun for youtube_english_video_pipeline to 2026-07-23 12:00:00+00:00, run_after=2026-07-24 12:00:00+00:00
[2026-07-24T01:04:06.726+0000] {processor.py:183} INFO - Processing /opt/airflow/dags/youtube_pipeline.py took 0.248 seconds
[2026-07-24T01:04:37.628+0000] {processor.py:161} INFO - Started process (PID=3739) to work on /opt/airflow/dags/youtube_pipeline.py
[2026-07-24T01:04:37.629+0000] {processor.py:830} INFO - Processing file /opt/airflow/dags/youtube_pipeline.py for tasks to queue
[2026-07-24T01:04:37.630+0000] {logging_mixin.py:188} INFO - [2026-07-24T01:04:37.630+0000] {dagbag.py:545} INFO - Filling up the DagBag from /opt/airflow/dags/youtube_pipeline.py
[2026-07-24T01:04:37.647+0000] {processor.py:840} INFO - DAG(s) 'youtube_english_video_pipeline' retrieved from /opt/airflow/dags/youtube_pipeline.py
[2026-07-24T01:04:37.668+0000] {logging_mixin.py:188} INFO - [2026-07-24T01:04:37.668+0000] {dag.py:3089} INFO - Sync 1 DAGs
[2026-07-24T01:04:37.685+0000] {logging_mixin.py:188} INFO - [2026-07-24T01:04:37.685+0000] {dag.py:3947} INFO - Setting next_dagrun for youtube_english_video_pipeline to 2026-07-23 12:00:00+00:00, run_after=2026-07-24 12:00:00+00:00
[2026-07-24T01:04:37.698+0000] {processor.py:183} INFO - Processing /opt/airflow/dags/youtube_pipeline.py took 0.075 seconds
[2026-07-24T01:05:08.698+0000] {processor.py:161} INFO - Started process (PID=3744) to work on /opt/airflow/dags/youtube_pipeline.py
[2026-07-24T01:05:08.699+0000] {processor.py:830} INFO - Processing file /opt/airflow/dags/youtube_pipeline.py for tasks to queue
[2026-07-24T01:05:08.700+0000] {logging_mixin.py:188} INFO - [2026-07-24T01:05:08.700+0000] {dagbag.py:545} INFO - Filling up the DagBag from /opt/airflow/dags/youtube_pipeline.py
[2026-07-24T01:05:08.715+0000] {processor.py:840} INFO - DAG(s) 'youtube_english_video_pipeline' retrieved from /opt/airflow/dags/youtube_pipeline.py
[2026-07-24T01:05:08.738+0000] {logging_mixin.py:188} INFO - [2026-07-24T01:05:08.738+0000] {dag.py:3089} INFO - Sync 1 DAGs
[2026-07-24T01:05:08.755+0000] {logging_mixin.py:188} INFO - [2026-07-24T01:05:08.755+0000] {dag.py:3947} INFO - Setting next_dagrun for youtube_english_video_pipeline to 2026-07-23 12:00:00+00:00, run_after=2026-07-24 12:00:00+00:00
[2026-07-24T01:05:08.769+0000] {processor.py:183} INFO - Processing /opt/airflow/dags/youtube_pipeline.py took 0.076 seconds
[2026-07-24T01:05:39.454+0000] {processor.py:161} INFO - Started process (PID=3749) to work on /opt/airflow/dags/youtube_pipeline.py
[2026-07-24T01:05:39.455+0000] {processor.py:830} INFO - Processing file /opt/airflow/dags/youtube_pipeline.py for tasks to queue
[2026-07-24T01:05:39.457+0000] {logging_mixin.py:188} INFO - [2026-07-24T01:05:39.457+0000] {dagbag.py:545} INFO - Filling up the DagBag from /opt/airflow/dags/youtube_pipeline.py
[2026-07-24T01:05:39.484+0000] {processor.py:840} INFO - DAG(s) 'youtube_english_video_pipeline' retrieved from /opt/airflow/dags/youtube_pipeline.py
[2026-07-24T01:05:39.509+0000] {logging_mixin.py:188} INFO - [2026-07-24T01:05:39.509+0000] {dag.py:3089} INFO - Sync 1 DAGs
[2026-07-24T01:05:39.526+0000] {logging_mixin.py:188} INFO - [2026-07-24T01:05:39.526+0000] {dag.py:3947} INFO - Setting next_dagrun for youtube_english_video_pipeline to 2026-07-23 12:00:00+00:00, run_after=2026-07-24 12:00:00+00:00
[2026-07-24T01:05:39.543+0000] {processor.py:183} INFO - Processing /opt/airflow/dags/youtube_pipeline.py took 0.095 seconds
[2026-07-24T01:06:09.795+0000] {processor.py:161} INFO - Started process (PID=3754) to work on /opt/airflow/dags/youtube_pipeline.py
[2026-07-24T01:06:09.796+0000] {processor.py:830} INFO - Processing file /opt/airflow/dags/youtube_pipeline.py for tasks to queue
[2026-07-24T01:06:09.797+0000] {logging_mixin.py:188} INFO - [2026-07-24T01:06:09.797+0000] {dagbag.py:545} INFO - Filling up the DagBag from /opt/airflow/dags/youtube_pipeline.py
[2026-07-24T01:06:09.812+0000] {processor.py:840} INFO - DAG(s) 'youtube_english_video_pipeline' retrieved from /opt/airflow/dags/youtube_pipeline.py
[2026-07-24T01:06:09.835+0000] {logging_mixin.py:188} INFO - [2026-07-24T01:06:09.835+0000] {dag.py:3089} INFO - Sync 1 DAGs
[2026-07-24T01:06:09.851+0000] {logging_mixin.py:188} INFO - [2026-07-24T01:06:09.851+0000] {dag.py:3947} INFO - Setting next_dagrun for youtube_english_video_pipeline to 2026-07-23 12:00:00+00:00, run_after=2026-07-24 12:00:00+00:00
[2026-07-24T01:06:09.867+0000] {processor.py:183} INFO - Processing /opt/airflow/dags/youtube_pipeline.py took 0.078 seconds
[2026-07-24T01:06:39.966+0000] {processor.py:161} INFO - Started process (PID=3759) to work on /opt/airflow/dags/youtube_pipeline.py
[2026-07-24T01:06:39.969+0000] {processor.py:830} INFO - Processing file /opt/airflow/dags/youtube_pipeline.py for tasks to queue
[2026-07-24T01:06:39.976+0000] {logging_mixin.py:188} INFO - [2026-07-24T01:06:39.975+0000] {dagbag.py:545} INFO - Filling up the DagBag from /opt/airflow/dags/youtube_pipeline.py
[2026-07-24T01:06:40.071+0000] {processor.py:840} INFO - DAG(s) 'youtube_english_video_pipeline' retrieved from /opt/airflow/dags/youtube_pipeline.py
[2026-07-24T01:06:40.099+0000] {logging_mixin.py:188} INFO - [2026-07-24T01:06:40.099+0000] {dag.py:3089} INFO - Sync 1 DAGs
[2026-07-24T01:06:40.117+0000] {logging_mixin.py:188} INFO - [2026-07-24T01:06:40.117+0000] {dag.py:3947} INFO - Setting next_dagrun for youtube_english_video_pipeline to 2026-07-23 12:00:00+00:00, run_after=2026-07-24 12:00:00+00:00
[2026-07-24T01:06:40.142+0000] {processor.py:183} INFO - Processing /opt/airflow/dags/youtube_pipeline.py took 0.187 seconds
[2026-07-24T01:07:10.258+0000] {processor.py:161} INFO - Started process (PID=3764) to work on /opt/airflow/dags/youtube_pipeline.py
[2026-07-24T01:07:10.259+0000] {processor.py:830} INFO - Processing file /opt/airflow/dags/youtube_pipeline.py for tasks to queue
[2026-07-24T01:07:10.261+0000] {logging_mixin.py:188} INFO - [2026-07-24T01:07:10.261+0000] {dagbag.py:545} INFO - Filling up the DagBag from /opt/airflow/dags/youtube_pipeline.py
[2026-07-24T01:07:10.292+0000] {processor.py:840} INFO - DAG(s) 'youtube_english_video_pipeline' retrieved from /opt/airflow/dags/youtube_pipeline.py
[2026-07-24T01:07:10.316+0000] {logging_mixin.py:188} INFO - [2026-07-24T01:07:10.316+0000] {dag.py:3089} INFO - Sync 1 DAGs
[2026-07-24T01:07:10.340+0000] {logging_mixin.py:188} INFO - [2026-07-24T01:07:10.340+0000] {dag.py:3947} INFO - Setting next_dagrun for youtube_english_video_pipeline to 2026-07-23 12:00:00+00:00, run_after=2026-07-24 12:00:00+00:00
[2026-07-24T01:07:10.358+0000] {processor.py:183} INFO - Processing /opt/airflow/dags/youtube_pipeline.py took 0.107 seconds
[2026-07-24T01:07:40.465+0000] {processor.py:161} INFO - Started process (PID=3769) to work on /opt/airflow/dags/youtube_pipeline.py
[2026-07-24T01:07:40.466+0000] {processor.py:830} INFO - Processing file /opt/airflow/dags/youtube_pipeline.py for tasks to queue
[2026-07-24T01:07:40.468+0000] {logging_mixin.py:188} INFO - [2026-07-24T01:07:40.468+0000] {dagbag.py:545} INFO - Filling up the DagBag from /opt/airflow/dags/youtube_pipeline.py
[2026-07-24T01:07:40.496+0000] {processor.py:840} INFO - DAG(s) 'youtube_english_video_pipeline' retrieved from /opt/airflow/dags/youtube_pipeline.py
[2026-07-24T01:07:40.523+0000] {logging_mixin.py:188} INFO - [2026-07-24T01:07:40.522+0000] {dag.py:3089} INFO - Sync 1 DAGs
[2026-07-24T01:07:40.538+0000] {logging_mixin.py:188} INFO - [2026-07-24T01:07:40.538+0000] {dag.py:3947} INFO - Setting next_dagrun for youtube_english_video_pipeline to 2026-07-23 12:00:00+00:00, run_after=2026-07-24 12:00:00+00:00
[2026-07-24T01:07:40.552+0000] {processor.py:183} INFO - Processing /opt/airflow/dags/youtube_pipeline.py took 0.094 seconds
[2026-07-24T01:08:11.054+0000] {processor.py:161} INFO - Started process (PID=3774) to work on /opt/airflow/dags/youtube_pipeline.py
[2026-07-24T01:08:11.056+0000] {processor.py:830} INFO - Processing file /opt/airflow/dags/youtube_pipeline.py for tasks to queue
[2026-07-24T01:08:11.058+0000] {logging_mixin.py:188} INFO - [2026-07-24T01:08:11.057+0000] {dagbag.py:545} INFO - Filling up the DagBag from /opt/airflow/dags/youtube_pipeline.py
[2026-07-24T01:08:11.079+0000] {processor.py:840} INFO - DAG(s) 'youtube_english_video_pipeline' retrieved from /opt/airflow/dags/youtube_pipeline.py
[2026-07-24T01:08:11.103+0000] {logging_mixin.py:188} INFO - [2026-07-24T01:08:11.103+0000] {dag.py:3089} INFO - Sync 1 DAGs
[2026-07-24T01:08:11.120+0000] {logging_mixin.py:188} INFO - [2026-07-24T01:08:11.120+0000] {dag.py:3947} INFO - Setting next_dagrun for youtube_english_video_pipeline to 2026-07-23 12:00:00+00:00, run_after=2026-07-24 12:00:00+00:00
[2026-07-24T01:08:11.134+0000] {processor.py:183} INFO - Processing /opt/airflow/dags/youtube_pipeline.py took 0.086 seconds
[2026-07-24T01:08:41.197+0000] {processor.py:161} INFO - Started process (PID=3779) to work on /opt/airflow/dags/youtube_pipeline.py
[2026-07-24T01:08:41.198+0000] {processor.py:830} INFO - Processing file /opt/airflow/dags/youtube_pipeline.py for tasks to queue
[2026-07-24T01:08:41.200+0000] {logging_mixin.py:188} INFO - [2026-07-24T01:08:41.199+0000] {dagbag.py:545} INFO - Filling up the DagBag from /opt/airflow/dags/youtube_pipeline.py
[2026-07-24T01:08:41.217+0000] {processor.py:840} INFO - DAG(s) 'youtube_english_video_pipeline' retrieved from /opt/airflow/dags/youtube_pipeline.py
[2026-07-24T01:08:41.240+0000] {logging_mixin.py:188} INFO - [2026-07-24T01:08:41.240+0000] {dag.py:3089} INFO - Sync 1 DAGs
[2026-07-24T01:08:41.256+0000] {logging_mixin.py:188} INFO - [2026-07-24T01:08:41.256+0000] {dag.py:3947} INFO - Setting next_dagrun for youtube_english_video_pipeline to 2026-07-23 12:00:00+00:00, run_after=2026-07-24 12:00:00+00:00
[2026-07-24T01:08:41.283+0000] {processor.py:183} INFO - Processing /opt/airflow/dags/youtube_pipeline.py took 0.091 seconds
[2026-07-24T01:09:11.897+0000] {processor.py:161} INFO - Started process (PID=3784) to work on /opt/airflow/dags/youtube_pipeline.py
[2026-07-24T01:09:11.900+0000] {processor.py:830} INFO - Processing file /opt/airflow/dags/youtube_pipeline.py for tasks to queue
[2026-07-24T01:09:11.903+0000] {logging_mixin.py:188} INFO - [2026-07-24T01:09:11.902+0000] {dagbag.py:545} INFO - Filling up the DagBag from /opt/airflow/dags/youtube_pipeline.py
[2026-07-24T01:09:11.960+0000] {processor.py:840} INFO - DAG(s) 'youtube_english_video_pipeline' retrieved from /opt/airflow/dags/youtube_pipeline.py
[2026-07-24T01:09:11.984+0000] {logging_mixin.py:188} INFO - [2026-07-24T01:09:11.984+0000] {dag.py:3089} INFO - Sync 1 DAGs
[2026-07-24T01:09:12.001+0000] {logging_mixin.py:188} INFO - [2026-07-24T01:09:12.001+0000] {dag.py:3947} INFO - Setting next_dagrun for youtube_english_video_pipeline to 2026-07-23 12:00:00+00:00, run_after=2026-07-24 12:00:00+00:00
[2026-07-24T01:09:12.027+0000] {processor.py:183} INFO - Processing /opt/airflow/dags/youtube_pipeline.py took 0.147 seconds
[2026-07-24T01:09:42.205+0000] {processor.py:161} INFO - Started process (PID=3789) to work on /opt/airflow/dags/youtube_pipeline.py
[2026-07-24T01:09:42.207+0000] {processor.py:830} INFO - Processing file /opt/airflow/dags/youtube_pipeline.py for tasks to queue
[2026-07-24T01:09:42.209+0000] {logging_mixin.py:188} INFO - [2026-07-24T01:09:42.209+0000] {dagbag.py:545} INFO - Filling up the DagBag from /opt/airflow/dags/youtube_pipeline.py
[2026-07-24T01:09:42.241+0000] {processor.py:840} INFO - DAG(s) 'youtube_english_video_pipeline' retrieved from /opt/airflow/dags/youtube_pipeline.py
[2026-07-24T01:09:42.266+0000] {logging_mixin.py:188} INFO - [2026-07-24T01:09:42.266+0000] {dag.py:3089} INFO - Sync 1 DAGs
[2026-07-24T01:09:42.282+0000] {logging_mixin.py:188} INFO - [2026-07-24T01:09:42.282+0000] {dag.py:3947} INFO - Setting next_dagrun for youtube_english_video_pipeline to 2026-07-23 12:00:00+00:00, run_after=2026-07-24 12:00:00+00:00
[2026-07-24T01:09:42.299+0000] {processor.py:183} INFO - Processing /opt/airflow/dags/youtube_pipeline.py took 0.104 seconds
[2026-07-24T01:10:12.404+0000] {processor.py:161} INFO - Started process (PID=3794) to work on /opt/airflow/dags/youtube_pipeline.py
[2026-07-24T01:10:12.406+0000] {processor.py:830} INFO - Processing file /opt/airflow/dags/youtube_pipeline.py for tasks to queue
[2026-07-24T01:10:12.409+0000] {logging_mixin.py:188} INFO - [2026-07-24T01:10:12.408+0000] {dagbag.py:545} INFO - Filling up the DagBag from /opt/airflow/dags/youtube_pipeline.py
[2026-07-24T01:10:12.461+0000] {processor.py:840} INFO - DAG(s) 'youtube_english_video_pipeline' retrieved from /opt/airflow/dags/youtube_pipeline.py
[2026-07-24T01:10:12.485+0000] {logging_mixin.py:188} INFO - [2026-07-24T01:10:12.485+0000] {dag.py:3089} INFO - Sync 1 DAGs
[2026-07-24T01:10:12.502+0000] {logging_mixin.py:188} INFO - [2026-07-24T01:10:12.502+0000] {dag.py:3947} INFO - Setting next_dagrun for youtube_english_video_pipeline to 2026-07-23 12:00:00+00:00, run_after=2026-07-24 12:00:00+00:00
[2026-07-24T01:10:12.516+0000] {processor.py:183} INFO - Processing /opt/airflow/dags/youtube_pipeline.py took 0.123 seconds
[2026-07-24T01:10:42.765+0000] {processor.py:161} INFO - Started process (PID=3799) to work on /opt/airflow/dags/youtube_pipeline.py
[2026-07-24T01:10:42.766+0000] {processor.py:830} INFO - Processing file /opt/airflow/dags/youtube_pipeline.py for tasks to queue
[2026-07-24T01:10:42.770+0000] {logging_mixin.py:188} INFO - [2026-07-24T01:10:42.769+0000] {dagbag.py:545} INFO - Filling up the DagBag from /opt/airflow/dags/youtube_pipeline.py
[2026-07-24T01:10:42.812+0000] {processor.py:840} INFO - DAG(s) 'youtube_english_video_pipeline' retrieved from /opt/airflow/dags/youtube_pipeline.py
[2026-07-24T01:10:42.847+0000] {logging_mixin.py:188} INFO - [2026-07-24T01:10:42.847+0000] {dag.py:3089} INFO - Sync 1 DAGs
[2026-07-24T01:10:42.864+0000] {logging_mixin.py:188} INFO - [2026-07-24T01:10:42.864+0000] {dag.py:3947} INFO - Setting next_dagrun for youtube_english_video_pipeline to 2026-07-23 12:00:00+00:00, run_after=2026-07-24 12:00:00+00:00
[2026-07-24T01:10:42.883+0000] {processor.py:183} INFO - Processing /opt/airflow/dags/youtube_pipeline.py took 0.126 seconds
[2026-07-24T01:11:13.260+0000] {processor.py:161} INFO - Started process (PID=3804) to work on /opt/airflow/dags/youtube_pipeline.py
[2026-07-24T01:11:13.263+0000] {processor.py:830} INFO - Processing file /opt/airflow/dags/youtube_pipeline.py for tasks to queue
[2026-07-24T01:11:13.268+0000] {logging_mixin.py:188} INFO - [2026-07-24T01:11:13.267+0000] {dagbag.py:545} INFO - Filling up the DagBag from /opt/airflow/dags/youtube_pipeline.py
[2026-07-24T01:11:13.437+0000] {processor.py:840} INFO - DAG(s) 'youtube_english_video_pipeline' retrieved from /opt/airflow/dags/youtube_pipeline.py
[2026-07-24T01:11:13.500+0000] {logging_mixin.py:188} INFO - [2026-07-24T01:11:13.500+0000] {dag.py:3089} INFO - Sync 1 DAGs
[2026-07-24T01:11:13.522+0000] {logging_mixin.py:188} INFO - [2026-07-24T01:11:13.522+0000] {dag.py:3947} INFO - Setting next_dagrun for youtube_english_video_pipeline to 2026-07-23 12:00:00+00:00, run_after=2026-07-24 12:00:00+00:00
[2026-07-24T01:11:13.538+0000] {processor.py:183} INFO - Processing /opt/airflow/dags/youtube_pipeline.py took 0.289 seconds
[2026-07-24T01:11:43.883+0000] {processor.py:161} INFO - Started process (PID=3809) to work on /opt/airflow/dags/youtube_pipeline.py
[2026-07-24T01:11:43.884+0000] {processor.py:830} INFO - Processing file /opt/airflow/dags/youtube_pipeline.py for tasks to queue
[2026-07-24T01:11:43.886+0000] {logging_mixin.py:188} INFO - [2026-07-24T01:11:43.886+0000] {dagbag.py:545} INFO - Filling up the DagBag from /opt/airflow/dags/youtube_pipeline.py
[2026-07-24T01:11:43.923+0000] {processor.py:840} INFO - DAG(s) 'youtube_english_video_pipeline' retrieved from /opt/airflow/dags/youtube_pipeline.py
[2026-07-24T01:11:43.954+0000] {logging_mixin.py:188} INFO - [2026-07-24T01:11:43.954+0000] {dag.py:3089} INFO - Sync 1 DAGs
[2026-07-24T01:11:43.978+0000] {logging_mixin.py:188} INFO - [2026-07-24T01:11:43.978+0000] {dag.py:3947} INFO - Setting next_dagrun for youtube_english_video_pipeline to 2026-07-23 12:00:00+00:00, run_after=2026-07-24 12:00:00+00:00
[2026-07-24T01:11:44.003+0000] {processor.py:183} INFO - Processing /opt/airflow/dags/youtube_pipeline.py took 0.126 seconds
[2026-07-24T01:12:14.920+0000] {processor.py:161} INFO - Started process (PID=3814) to work on /opt/airflow/dags/youtube_pipeline.py
[2026-07-24T01:12:14.921+0000] {processor.py:830} INFO - Processing file /opt/airflow/dags/youtube_pipeline.py for tasks to queue
[2026-07-24T01:12:14.923+0000] {logging_mixin.py:188} INFO - [2026-07-24T01:12:14.923+0000] {dagbag.py:545} INFO - Filling up the DagBag from /opt/airflow/dags/youtube_pipeline.py
[2026-07-24T01:12:14.943+0000] {processor.py:840} INFO - DAG(s) 'youtube_english_video_pipeline' retrieved from /opt/airflow/dags/youtube_pipeline.py
[2026-07-24T01:12:14.965+0000] {logging_mixin.py:188} INFO - [2026-07-24T01:12:14.965+0000] {dag.py:3089} INFO - Sync 1 DAGs
[2026-07-24T01:12:14.979+0000] {logging_mixin.py:188} INFO - [2026-07-24T01:12:14.979+0000] {dag.py:3947} INFO - Setting next_dagrun for youtube_english_video_pipeline to 2026-07-23 12:00:00+00:00, run_after=2026-07-24 12:00:00+00:00
[2026-07-24T01:12:14.993+0000] {processor.py:183} INFO - Processing /opt/airflow/dags/youtube_pipeline.py took 0.077 seconds
[2026-07-24T01:12:45.209+0000] {processor.py:161} INFO - Started process (PID=3819) to work on /opt/airflow/dags/youtube_pipeline.py
[2026-07-24T01:12:45.210+0000] {processor.py:830} INFO - Processing file /opt/airflow/dags/youtube_pipeline.py for tasks to queue
[2026-07-24T01:12:45.212+0000] {logging_mixin.py:188} INFO - [2026-07-24T01:12:45.211+0000] {dagbag.py:545} INFO - Filling up the DagBag from /opt/airflow/dags/youtube_pipeline.py
[2026-07-24T01:12:45.236+0000] {processor.py:840} INFO - DAG(s) 'youtube_english_video_pipeline' retrieved from /opt/airflow/dags/youtube_pipeline.py
[2026-07-24T01:12:45.263+0000] {logging_mixin.py:188} INFO - [2026-07-24T01:12:45.263+0000] {dag.py:3089} INFO - Sync 1 DAGs
[2026-07-24T01:12:45.280+0000] {logging_mixin.py:188} INFO - [2026-07-24T01:12:45.280+0000] {dag.py:3947} INFO - Setting next_dagrun for youtube_english_video_pipeline to 2026-07-23 12:00:00+00:00, run_after=2026-07-24 12:00:00+00:00
[2026-07-24T01:12:45.300+0000] {processor.py:183} INFO - Processing /opt/airflow/dags/youtube_pipeline.py took 0.097 seconds
[2026-07-24T01:13:15.669+0000] {processor.py:161} INFO - Started process (PID=3824) to work on /opt/airflow/dags/youtube_pipeline.py
[2026-07-24T01:13:15.670+0000] {processor.py:830} INFO - Processing file /opt/airflow/dags/youtube_pipeline.py for tasks to queue
[2026-07-24T01:13:15.671+0000] {logging_mixin.py:188} INFO - [2026-07-24T01:13:15.671+0000] {dagbag.py:545} INFO - Filling up the DagBag from /opt/airflow/dags/youtube_pipeline.py
[2026-07-24T01:13:15.690+0000] {processor.py:840} INFO - DAG(s) 'youtube_english_video_pipeline' retrieved from /opt/airflow/dags/youtube_pipeline.py
[2026-07-24T01:13:15.714+0000] {logging_mixin.py:188} INFO - [2026-07-24T01:13:15.714+0000] {dag.py:3089} INFO - Sync 1 DAGs
[2026-07-24T01:13:15.731+0000] {logging_mixin.py:188} INFO - [2026-07-24T01:13:15.730+0000] {dag.py:3947} INFO - Setting next_dagrun for youtube_english_video_pipeline to 2026-07-23 12:00:00+00:00, run_after=2026-07-24 12:00:00+00:00
[2026-07-24T01:13:15.744+0000] {processor.py:183} INFO - Processing /opt/airflow/dags/youtube_pipeline.py took 0.081 seconds
[2026-07-24T01:13:45.992+0000] {processor.py:161} INFO - Started process (PID=3829) to work on /opt/airflow/dags/youtube_pipeline.py
[2026-07-24T01:13:45.993+0000] {processor.py:830} INFO - Processing file /opt/airflow/dags/youtube_pipeline.py for tasks to queue
[2026-07-24T01:13:45.995+0000] {logging_mixin.py:188} INFO - [2026-07-24T01:13:45.994+0000] {dagbag.py:545} INFO - Filling up the DagBag from /opt/airflow/dags/youtube_pipeline.py
[2026-07-24T01:13:46.012+0000] {processor.py:840} INFO - DAG(s) 'youtube_english_video_pipeline' retrieved from /opt/airflow/dags/youtube_pipeline.py
[2026-07-24T01:13:46.036+0000] {logging_mixin.py:188} INFO - [2026-07-24T01:13:46.036+0000] {dag.py:3089} INFO - Sync 1 DAGs
[2026-07-24T01:13:46.051+0000] {logging_mixin.py:188} INFO - [2026-07-24T01:13:46.051+0000] {dag.py:3947} INFO - Setting next_dagrun for youtube_english_video_pipeline to 2026-07-23 12:00:00+00:00, run_after=2026-07-24 12:00:00+00:00
[2026-07-24T01:13:46.066+0000] {processor.py:183} INFO - Processing /opt/airflow/dags/youtube_pipeline.py took 0.080 seconds
[2026-07-24T01:14:17.160+0000] {processor.py:161} INFO - Started process (PID=3834) to work on /opt/airflow/dags/youtube_pipeline.py
[2026-07-24T01:14:17.163+0000] {processor.py:830} INFO - Processing file /opt/airflow/dags/youtube_pipeline.py for tasks to queue
[2026-07-24T01:14:17.168+0000] {logging_mixin.py:188} INFO - [2026-07-24T01:14:17.167+0000] {dagbag.py:545} INFO - Filling up the DagBag from /opt/airflow/dags/youtube_pipeline.py
[2026-07-24T01:14:17.286+0000] {processor.py:840} INFO - DAG(s) 'youtube_english_video_pipeline' retrieved from /opt/airflow/dags/youtube_pipeline.py
[2026-07-24T01:14:17.314+0000] {logging_mixin.py:188} INFO - [2026-07-24T01:14:17.313+0000] {dag.py:3089} INFO - Sync 1 DAGs
[2026-07-24T01:14:17.330+0000] {logging_mixin.py:188} INFO - [2026-07-24T01:14:17.330+0000] {dag.py:3947} INFO - Setting next_dagrun for youtube_english_video_pipeline to 2026-07-23 12:00:00+00:00, run_after=2026-07-24 12:00:00+00:00
[2026-07-24T01:14:17.346+0000] {processor.py:183} INFO - Processing /opt/airflow/dags/youtube_pipeline.py took 0.201 seconds
[2026-07-24T01:14:48.208+0000] {processor.py:161} INFO - Started process (PID=3839) to work on /opt/airflow/dags/youtube_pipeline.py
[2026-07-24T01:14:48.213+0000] {processor.py:830} INFO - Processing file /opt/airflow/dags/youtube_pipeline.py for tasks to queue
[2026-07-24T01:14:48.221+0000] {logging_mixin.py:188} INFO - [2026-07-24T01:14:48.221+0000] {dagbag.py:545} INFO - Filling up the DagBag from /opt/airflow/dags/youtube_pipeline.py
[2026-07-24T01:14:48.396+0000] {processor.py:840} INFO - DAG(s) 'youtube_english_video_pipeline' retrieved from /opt/airflow/dags/youtube_pipeline.py
[2026-07-24T01:14:48.451+0000] {logging_mixin.py:188} INFO - [2026-07-24T01:14:48.451+0000] {dag.py:3089} INFO - Sync 1 DAGs
[2026-07-24T01:14:48.479+0000] {logging_mixin.py:188} INFO - [2026-07-24T01:14:48.479+0000] {dag.py:3947} INFO - Setting next_dagrun for youtube_english_video_pipeline to 2026-07-23 12:00:00+00:00, run_after=2026-07-24 12:00:00+00:00
[2026-07-24T01:14:48.502+0000] {processor.py:183} INFO - Processing /opt/airflow/dags/youtube_pipeline.py took 0.306 seconds
[2026-07-24T01:15:18.940+0000] {processor.py:161} INFO - Started process (PID=3844) to work on /opt/airflow/dags/youtube_pipeline.py
[2026-07-24T01:15:18.941+0000] {processor.py:830} INFO - Processing file /opt/airflow/dags/youtube_pipeline.py for tasks to queue
[2026-07-24T01:15:18.944+0000] {logging_mixin.py:188} INFO - [2026-07-24T01:15:18.944+0000] {dagbag.py:545} INFO - Filling up the DagBag from /opt/airflow/dags/youtube_pipeline.py
[2026-07-24T01:15:18.983+0000] {processor.py:840} INFO - DAG(s) 'youtube_english_video_pipeline' retrieved from /opt/airflow/dags/youtube_pipeline.py
[2026-07-24T01:15:19.009+0000] {logging_mixin.py:188} INFO - [2026-07-24T01:15:19.009+0000] {dag.py:3089} INFO - Sync 1 DAGs
[2026-07-24T01:15:19.025+0000] {logging_mixin.py:188} INFO - [2026-07-24T01:15:19.025+0000] {dag.py:3947} INFO - Setting next_dagrun for youtube_english_video_pipeline to 2026-07-23 12:00:00+00:00, run_after=2026-07-24 12:00:00+00:00
[2026-07-24T01:15:19.052+0000] {processor.py:183} INFO - Processing /opt/airflow/dags/youtube_pipeline.py took 0.121 seconds
[2026-07-24T01:15:49.556+0000] {processor.py:161} INFO - Started process (PID=3849) to work on /opt/airflow/dags/youtube_pipeline.py
[2026-07-24T01:15:49.557+0000] {processor.py:830} INFO - Processing file /opt/airflow/dags/youtube_pipeline.py for tasks to queue
[2026-07-24T01:15:49.559+0000] {logging_mixin.py:188} INFO - [2026-07-24T01:15:49.559+0000] {dagbag.py:545} INFO - Filling up the DagBag from /opt/airflow/dags/youtube_pipeline.py
[2026-07-24T01:15:49.594+0000] {processor.py:840} INFO - DAG(s) 'youtube_english_video_pipeline' retrieved from /opt/airflow/dags/youtube_pipeline.py
[2026-07-24T01:15:49.619+0000] {logging_mixin.py:188} INFO - [2026-07-24T01:15:49.619+0000] {dag.py:3089} INFO - Sync 1 DAGs
[2026-07-24T01:15:49.634+0000] {logging_mixin.py:188} INFO - [2026-07-24T01:15:49.634+0000] {dag.py:3947} INFO - Setting next_dagrun for youtube_english_video_pipeline to 2026-07-23 12:00:00+00:00, run_after=2026-07-24 12:00:00+00:00
[2026-07-24T01:15:49.650+0000] {processor.py:183} INFO - Processing /opt/airflow/dags/youtube_pipeline.py took 0.101 seconds
[2026-07-24T01:16:20.135+0000] {processor.py:161} INFO - Started process (PID=3854) to work on /opt/airflow/dags/youtube_pipeline.py
[2026-07-24T01:16:20.138+0000] {processor.py:830} INFO - Processing file /opt/airflow/dags/youtube_pipeline.py for tasks to queue
[2026-07-24T01:16:20.142+0000] {logging_mixin.py:188} INFO - [2026-07-24T01:16:20.141+0000] {dagbag.py:545} INFO - Filling up the DagBag from /opt/airflow/dags/youtube_pipeline.py
[2026-07-24T01:16:20.316+0000] {processor.py:840} INFO - DAG(s) 'youtube_english_video_pipeline' retrieved from /opt/airflow/dags/youtube_pipeline.py
[2026-07-24T01:16:20.342+0000] {logging_mixin.py:188} INFO - [2026-07-24T01:16:20.342+0000] {dag.py:3089} INFO - Sync 1 DAGs
[2026-07-24T01:16:20.357+0000] {logging_mixin.py:188} INFO - [2026-07-24T01:16:20.357+0000] {dag.py:3947} INFO - Setting next_dagrun for youtube_english_video_pipeline to 2026-07-23 12:00:00+00:00, run_after=2026-07-24 12:00:00+00:00
[2026-07-24T01:16:20.383+0000] {processor.py:183} INFO - Processing /opt/airflow/dags/youtube_pipeline.py took 0.261 seconds
[2026-07-24T01:16:52.371+0000] {processor.py:161} INFO - Started process (PID=3859) to work on /opt/airflow/dags/youtube_pipeline.py
[2026-07-24T01:16:52.382+0000] {processor.py:830} INFO - Processing file /opt/airflow/dags/youtube_pipeline.py for tasks to queue
[2026-07-24T01:16:52.404+0000] {logging_mixin.py:188} INFO - [2026-07-24T01:16:52.403+0000] {dagbag.py:545} INFO - Filling up the DagBag from /opt/airflow/dags/youtube_pipeline.py
[2026-07-24T01:16:54.204+0000] {processor.py:840} INFO - DAG(s) 'youtube_english_video_pipeline' retrieved from /opt/airflow/dags/youtube_pipeline.py
[2026-07-24T01:16:54.373+0000] {logging_mixin.py:188} INFO - [2026-07-24T01:16:54.373+0000] {dag.py:3089} INFO - Sync 1 DAGs
[2026-07-24T01:16:54.429+0000] {logging_mixin.py:188} INFO - [2026-07-24T01:16:54.429+0000] {dag.py:3947} INFO - Setting next_dagrun for youtube_english_video_pipeline to 2026-07-23 12:00:00+00:00, run_after=2026-07-24 12:00:00+00:00
[2026-07-24T01:16:54.570+0000] {processor.py:183} INFO - Processing /opt/airflow/dags/youtube_pipeline.py took 2.223 seconds
[2026-07-24T01:17:25.044+0000] {processor.py:161} INFO - Started process (PID=3864) to work on /opt/airflow/dags/youtube_pipeline.py
[2026-07-24T01:17:25.045+0000] {processor.py:830} INFO - Processing file /opt/airflow/dags/youtube_pipeline.py for tasks to queue
[2026-07-24T01:17:25.047+0000] {logging_mixin.py:188} INFO - [2026-07-24T01:17:25.046+0000] {dagbag.py:545} INFO - Filling up the DagBag from /opt/airflow/dags/youtube_pipeline.py
[2026-07-24T01:17:25.063+0000] {processor.py:840} INFO - DAG(s) 'youtube_english_video_pipeline' retrieved from /opt/airflow/dags/youtube_pipeline.py
[2026-07-24T01:17:25.086+0000] {logging_mixin.py:188} INFO - [2026-07-24T01:17:25.085+0000] {dag.py:3089} INFO - Sync 1 DAGs
[2026-07-24T01:17:25.102+0000] {logging_mixin.py:188} INFO - [2026-07-24T01:17:25.101+0000] {dag.py:3947} INFO - Setting next_dagrun for youtube_english_video_pipeline to 2026-07-23 12:00:00+00:00, run_after=2026-07-24 12:00:00+00:00
[2026-07-24T01:17:25.117+0000] {processor.py:183} INFO - Processing /opt/airflow/dags/youtube_pipeline.py took 0.077 seconds
[2026-07-24T01:17:55.911+0000] {processor.py:161} INFO - Started process (PID=3869) to work on /opt/airflow/dags/youtube_pipeline.py
[2026-07-24T01:17:55.912+0000] {processor.py:830} INFO - Processing file /opt/airflow/dags/youtube_pipeline.py for tasks to queue
[2026-07-24T01:17:55.913+0000] {logging_mixin.py:188} INFO - [2026-07-24T01:17:55.913+0000] {dagbag.py:545} INFO - Filling up the DagBag from /opt/airflow/dags/youtube_pipeline.py
[2026-07-24T01:17:55.929+0000] {processor.py:840} INFO - DAG(s) 'youtube_english_video_pipeline' retrieved from /opt/airflow/dags/youtube_pipeline.py
[2026-07-24T01:17:55.951+0000] {logging_mixin.py:188} INFO - [2026-07-24T01:17:55.951+0000] {dag.py:3089} INFO - Sync 1 DAGs
[2026-07-24T01:17:55.967+0000] {logging_mixin.py:188} INFO - [2026-07-24T01:17:55.967+0000] {dag.py:3947} INFO - Setting next_dagrun for youtube_english_video_pipeline to 2026-07-23 12:00:00+00:00, run_after=2026-07-24 12:00:00+00:00
[2026-07-24T01:17:55.981+0000] {processor.py:183} INFO - Processing /opt/airflow/dags/youtube_pipeline.py took 0.075 seconds
[2026-07-24T01:18:26.384+0000] {processor.py:161} INFO - Started process (PID=3874) to work on /opt/airflow/dags/youtube_pipeline.py
[2026-07-24T01:18:26.386+0000] {processor.py:830} INFO - Processing file /opt/airflow/dags/youtube_pipeline.py for tasks to queue
[2026-07-24T01:18:26.390+0000] {logging_mixin.py:188} INFO - [2026-07-24T01:18:26.390+0000] {dagbag.py:545} INFO - Filling up the DagBag from /opt/airflow/dags/youtube_pipeline.py
[2026-07-24T01:18:26.577+0000] {processor.py:840} INFO - DAG(s) 'youtube_english_video_pipeline' retrieved from /opt/airflow/dags/youtube_pipeline.py
[2026-07-24T01:18:26.613+0000] {logging_mixin.py:188} INFO - [2026-07-24T01:18:26.613+0000] {dag.py:3089} INFO - Sync 1 DAGs
[2026-07-24T01:18:26.633+0000] {logging_mixin.py:188} INFO - [2026-07-24T01:18:26.633+0000] {dag.py:3947} INFO - Setting next_dagrun for youtube_english_video_pipeline to 2026-07-23 12:00:00+00:00, run_after=2026-07-24 12:00:00+00:00
[2026-07-24T01:18:26.652+0000] {processor.py:183} INFO - Processing /opt/airflow/dags/youtube_pipeline.py took 0.283 seconds
[2026-07-24T01:18:57.455+0000] {processor.py:161} INFO - Started process (PID=3879) to work on /opt/airflow/dags/youtube_pipeline.py
[2026-07-24T01:18:57.456+0000] {processor.py:830} INFO - Processing file /opt/airflow/dags/youtube_pipeline.py for tasks to queue
[2026-07-24T01:18:57.457+0000] {logging_mixin.py:188} INFO - [2026-07-24T01:18:57.457+0000] {dagbag.py:545} INFO - Filling up the DagBag from /opt/airflow/dags/youtube_pipeline.py
[2026-07-24T01:18:57.474+0000] {processor.py:840} INFO - DAG(s) 'youtube_english_video_pipeline' retrieved from /opt/airflow/dags/youtube_pipeline.py
[2026-07-24T01:18:57.497+0000] {logging_mixin.py:188} INFO - [2026-07-24T01:18:57.497+0000] {dag.py:3089} INFO - Sync 1 DAGs
[2026-07-24T01:18:57.513+0000] {logging_mixin.py:188} INFO - [2026-07-24T01:18:57.513+0000] {dag.py:3947} INFO - Setting next_dagrun for youtube_english_video_pipeline to 2026-07-23 12:00:00+00:00, run_after=2026-07-24 12:00:00+00:00
[2026-07-24T01:18:57.528+0000] {processor.py:183} INFO - Processing /opt/airflow/dags/youtube_pipeline.py took 0.078 seconds
[2026-07-24T01:19:30.532+0000] {processor.py:161} INFO - Started process (PID=3884) to work on /opt/airflow/dags/youtube_pipeline.py
[2026-07-24T01:19:30.547+0000] {processor.py:830} INFO - Processing file /opt/airflow/dags/youtube_pipeline.py for tasks to queue
[2026-07-24T01:19:30.562+0000] {logging_mixin.py:188} INFO - [2026-07-24T01:19:30.561+0000] {dagbag.py:545} INFO - Filling up the DagBag from /opt/airflow/dags/youtube_pipeline.py
[2026-07-24T01:19:30.684+0000] {processor.py:840} INFO - DAG(s) 'youtube_english_video_pipeline' retrieved from /opt/airflow/dags/youtube_pipeline.py
[2026-07-24T01:19:30.723+0000] {logging_mixin.py:188} INFO - [2026-07-24T01:19:30.723+0000] {dag.py:3089} INFO - Sync 1 DAGs
[2026-07-24T01:19:30.753+0000] {logging_mixin.py:188} INFO - [2026-07-24T01:19:30.753+0000] {dag.py:3947} INFO - Setting next_dagrun for youtube_english_video_pipeline to 2026-07-23 12:00:00+00:00, run_after=2026-07-24 12:00:00+00:00
[2026-07-24T01:19:30.801+0000] {processor.py:183} INFO - Processing /opt/airflow/dags/youtube_pipeline.py took 0.295 seconds
[2026-07-24T01:20:01.143+0000] {processor.py:161} INFO - Started process (PID=3889) to work on /opt/airflow/dags/youtube_pipeline.py
[2026-07-24T01:20:01.145+0000] {processor.py:830} INFO - Processing file /opt/airflow/dags/youtube_pipeline.py for tasks to queue
[2026-07-24T01:20:01.147+0000] {logging_mixin.py:188} INFO - [2026-07-24T01:20:01.146+0000] {dagbag.py:545} INFO - Filling up the DagBag from /opt/airflow/dags/youtube_pipeline.py
[2026-07-24T01:20:01.196+0000] {processor.py:840} INFO - DAG(s) 'youtube_english_video_pipeline' retrieved from /opt/airflow/dags/youtube_pipeline.py
[2026-07-24T01:20:01.225+0000] {logging_mixin.py:188} INFO - [2026-07-24T01:20:01.225+0000] {dag.py:3089} INFO - Sync 1 DAGs
[2026-07-24T01:20:01.243+0000] {logging_mixin.py:188} INFO - [2026-07-24T01:20:01.243+0000] {dag.py:3947} INFO - Setting next_dagrun for youtube_english_video_pipeline to 2026-07-23 12:00:00+00:00, run_after=2026-07-24 12:00:00+00:00
[2026-07-24T01:20:01.261+0000] {processor.py:183} INFO - Processing /opt/airflow/dags/youtube_pipeline.py took 0.127 seconds
[2026-07-24T01:20:31.724+0000] {processor.py:161} INFO - Started process (PID=3894) to work on /opt/airflow/dags/youtube_pipeline.py
[2026-07-24T01:20:31.725+0000] {processor.py:830} INFO - Processing file /opt/airflow/dags/youtube_pipeline.py for tasks to queue
[2026-07-24T01:20:31.727+0000] {logging_mixin.py:188} INFO - [2026-07-24T01:20:31.727+0000] {dagbag.py:545} INFO - Filling up the DagBag from /opt/airflow/dags/youtube_pipeline.py
[2026-07-24T01:20:31.743+0000] {processor.py:840} INFO - DAG(s) 'youtube_english_video_pipeline' retrieved from /opt/airflow/dags/youtube_pipeline.py
[2026-07-24T01:20:31.767+0000] {logging_mixin.py:188} INFO - [2026-07-24T01:20:31.767+0000] {dag.py:3089} INFO - Sync 1 DAGs
[2026-07-24T01:20:31.781+0000] {logging_mixin.py:188} INFO - [2026-07-24T01:20:31.781+0000] {dag.py:3947} INFO - Setting next_dagrun for youtube_english_video_pipeline to 2026-07-23 12:00:00+00:00, run_after=2026-07-24 12:00:00+00:00
[2026-07-24T01:20:31.797+0000] {processor.py:183} INFO - Processing /opt/airflow/dags/youtube_pipeline.py took 0.077 seconds
[2026-07-24T01:21:01.982+0000] {processor.py:161} INFO - Started process (PID=3899) to work on /opt/airflow/dags/youtube_pipeline.py
[2026-07-24T01:21:01.985+0000] {processor.py:830} INFO - Processing file /opt/airflow/dags/youtube_pipeline.py for tasks to queue
[2026-07-24T01:21:01.987+0000] {logging_mixin.py:188} INFO - [2026-07-24T01:21:01.987+0000] {dagbag.py:545} INFO - Filling up the DagBag from /opt/airflow/dags/youtube_pipeline.py
[2026-07-24T01:21:02.042+0000] {processor.py:840} INFO - DAG(s) 'youtube_english_video_pipeline' retrieved from /opt/airflow/dags/youtube_pipeline.py
[2026-07-24T01:21:02.077+0000] {logging_mixin.py:188} INFO - [2026-07-24T01:21:02.076+0000] {dag.py:3089} INFO - Sync 1 DAGs
[2026-07-24T01:21:02.092+0000] {logging_mixin.py:188} INFO - [2026-07-24T01:21:02.092+0000] {dag.py:3947} INFO - Setting next_dagrun for youtube_english_video_pipeline to 2026-07-23 12:00:00+00:00, run_after=2026-07-24 12:00:00+00:00
[2026-07-24T01:21:02.109+0000] {processor.py:183} INFO - Processing /opt/airflow/dags/youtube_pipeline.py took 0.139 seconds
[2026-07-24T01:21:32.459+0000] {processor.py:161} INFO - Started process (PID=3904) to work on /opt/airflow/dags/youtube_pipeline.py
[2026-07-24T01:21:32.459+0000] {processor.py:830} INFO - Processing file /opt/airflow/dags/youtube_pipeline.py for tasks to queue
[2026-07-24T01:21:32.461+0000] {logging_mixin.py:188} INFO - [2026-07-24T01:21:32.461+0000] {dagbag.py:545} INFO - Filling up the DagBag from /opt/airflow/dags/youtube_pipeline.py
[2026-07-24T01:21:32.477+0000] {processor.py:840} INFO - DAG(s) 'youtube_english_video_pipeline' retrieved from /opt/airflow/dags/youtube_pipeline.py
[2026-07-24T01:21:32.498+0000] {logging_mixin.py:188} INFO - [2026-07-24T01:21:32.498+0000] {dag.py:3089} INFO - Sync 1 DAGs
[2026-07-24T01:21:32.514+0000] {logging_mixin.py:188} INFO - [2026-07-24T01:21:32.514+0000] {dag.py:3947} INFO - Setting next_dagrun for youtube_english_video_pipeline to 2026-07-23 12:00:00+00:00, run_after=2026-07-24 12:00:00+00:00
[2026-07-24T01:21:32.528+0000] {processor.py:183} INFO - Processing /opt/airflow/dags/youtube_pipeline.py took 0.074 seconds
[2026-07-24T01:47:19.277+0000] {processor.py:161} INFO - Started process (PID=3909) to work on /opt/airflow/dags/youtube_pipeline.py
[2026-07-24T01:47:19.284+0000] {processor.py:830} INFO - Processing file /opt/airflow/dags/youtube_pipeline.py for tasks to queue
[2026-07-24T01:47:19.294+0000] {logging_mixin.py:188} INFO - [2026-07-24T01:47:19.294+0000] {dagbag.py:545} INFO - Filling up the DagBag from /opt/airflow/dags/youtube_pipeline.py
[2026-07-24T13:32:20.005+0000] {processor.py:840} INFO - DAG(s) 'youtube_english_video_pipeline' retrieved from /opt/airflow/dags/youtube_pipeline.py
[2026-07-24T13:32:20.273+0000] {logging_mixin.py:188} INFO - [2026-07-24T13:32:20.273+0000] {dag.py:3089} INFO - Sync 1 DAGs
[2026-07-24T13:32:20.636+0000] {logging_mixin.py:188} INFO - [2026-07-24T13:32:20.636+0000] {dag.py:3947} INFO - Setting next_dagrun for youtube_english_video_pipeline to 2026-07-23 12:00:00+00:00, run_after=2026-07-24 12:00:00+00:00
[2026-07-24T13:32:21.221+0000] {processor.py:183} INFO - Processing /opt/airflow/dags/youtube_pipeline.py took 7.314 seconds
