[2026-08-22T00:28:39.738+0000] {processor.py:161} INFO - Started process (PID=52758) to work on /opt/airflow/dags/youtube_pipeline.py
[2026-08-22T00:28:39.763+0000] {processor.py:830} INFO - Processing file /opt/airflow/dags/youtube_pipeline.py for tasks to queue
[2026-08-22T00:28:39.767+0000] {logging_mixin.py:188} INFO - [2026-08-22T00:28:39.766+0000] {dagbag.py:545} INFO - Filling up the DagBag from /opt/airflow/dags/youtube_pipeline.py
[2026-08-22T00:28:41.281+0000] {processor.py:840} INFO - DAG(s) 'youtube_english_video_pipeline' retrieved from /opt/airflow/dags/youtube_pipeline.py
[2026-08-22T00:28:41.472+0000] {logging_mixin.py:188} INFO - [2026-08-22T00:28:41.472+0000] {dag.py:3089} INFO - Sync 1 DAGs
[2026-08-22T00:28:41.651+0000] {processor.py:183} INFO - Processing /opt/airflow/dags/youtube_pipeline.py took 1.955 seconds
[2026-08-22T06:25:20.743+0000] {processor.py:161} INFO - Started process (PID=52764) to work on /opt/airflow/dags/youtube_pipeline.py
[2026-08-22T06:25:20.776+0000] {processor.py:830} INFO - Processing file /opt/airflow/dags/youtube_pipeline.py for tasks to queue
[2026-08-22T06:25:20.805+0000] {logging_mixin.py:188} INFO - [2026-08-22T06:25:20.805+0000] {dagbag.py:545} INFO - Filling up the DagBag from /opt/airflow/dags/youtube_pipeline.py
[2026-08-22T06:25:23.153+0000] {processor.py:840} INFO - DAG(s) 'youtube_english_video_pipeline' retrieved from /opt/airflow/dags/youtube_pipeline.py
[2026-08-22T06:25:23.283+0000] {logging_mixin.py:188} INFO - [2026-08-22T06:25:23.282+0000] {taskinstance.py:2907} ERROR - {'DAG Id': 'youtube_english_video_pipeline', 'Task Id': 'ensure_phrase_inventory_1', 'Run Id': 'manual__2026-08-20T00:10:11.781260+00:00', 'Hostname': 'cc859d74cf38'}
[2026-08-22T06:25:23.466+0000] {logging_mixin.py:188} INFO - [2026-08-22T06:25:23.466+0000] {taskinstance.py:1206} INFO - Marking task as UP_FOR_RETRY. dag_id=youtube_english_video_pipeline, task_id=ensure_phrase_inventory_1, run_id=manual__2026-08-20T00:10:11.781260+00:00, execution_date=20260820T001011, start_date=20260822T062520, end_date=20260822T062523
[2026-08-22T06:25:23.537+0000] {processor.py:791} INFO - Executed failure callback for <TaskInstance: youtube_english_video_pipeline.ensure_phrase_inventory_1 manual__2026-08-20T00:10:11.781260+00:00 [up_for_retry]> in state up_for_retry
[2026-08-22T06:25:23.683+0000] {logging_mixin.py:188} INFO - [2026-08-22T06:25:23.682+0000] {dag.py:3089} INFO - Sync 1 DAGs
[2026-08-22T06:25:24.010+0000] {processor.py:183} INFO - Processing /opt/airflow/dags/youtube_pipeline.py took 3.310 seconds
[2026-08-22T06:25:54.796+0000] {processor.py:161} INFO - Started process (PID=52770) to work on /opt/airflow/dags/youtube_pipeline.py
[2026-08-22T06:25:54.799+0000] {processor.py:830} INFO - Processing file /opt/airflow/dags/youtube_pipeline.py for tasks to queue
[2026-08-22T06:25:54.808+0000] {logging_mixin.py:188} INFO - [2026-08-22T06:25:54.807+0000] {dagbag.py:545} INFO - Filling up the DagBag from /opt/airflow/dags/youtube_pipeline.py
[2026-08-22T06:25:54.901+0000] {processor.py:840} INFO - DAG(s) 'youtube_english_video_pipeline' retrieved from /opt/airflow/dags/youtube_pipeline.py
[2026-08-22T06:25:54.991+0000] {logging_mixin.py:188} INFO - [2026-08-22T06:25:54.991+0000] {dag.py:3089} INFO - Sync 1 DAGs
[2026-08-22T06:25:55.065+0000] {processor.py:183} INFO - Processing /opt/airflow/dags/youtube_pipeline.py took 0.299 seconds
[2026-08-22T06:26:25.732+0000] {processor.py:161} INFO - Started process (PID=52798) to work on /opt/airflow/dags/youtube_pipeline.py
[2026-08-22T06:26:25.734+0000] {processor.py:830} INFO - Processing file /opt/airflow/dags/youtube_pipeline.py for tasks to queue
[2026-08-22T06:26:25.736+0000] {logging_mixin.py:188} INFO - [2026-08-22T06:26:25.736+0000] {dagbag.py:545} INFO - Filling up the DagBag from /opt/airflow/dags/youtube_pipeline.py
[2026-08-22T06:26:25.876+0000] {processor.py:840} INFO - DAG(s) 'youtube_english_video_pipeline' retrieved from /opt/airflow/dags/youtube_pipeline.py
[2026-08-22T06:26:25.953+0000] {logging_mixin.py:188} INFO - [2026-08-22T06:26:25.952+0000] {dag.py:3089} INFO - Sync 1 DAGs
[2026-08-22T06:26:26.013+0000] {processor.py:183} INFO - Processing /opt/airflow/dags/youtube_pipeline.py took 0.290 seconds
[2026-08-22T06:26:56.500+0000] {processor.py:161} INFO - Started process (PID=52806) to work on /opt/airflow/dags/youtube_pipeline.py
[2026-08-22T06:26:56.503+0000] {processor.py:830} INFO - Processing file /opt/airflow/dags/youtube_pipeline.py for tasks to queue
[2026-08-22T06:26:56.508+0000] {logging_mixin.py:188} INFO - [2026-08-22T06:26:56.508+0000] {dagbag.py:545} INFO - Filling up the DagBag from /opt/airflow/dags/youtube_pipeline.py
[2026-08-22T06:26:56.668+0000] {processor.py:840} INFO - DAG(s) 'youtube_english_video_pipeline' retrieved from /opt/airflow/dags/youtube_pipeline.py
[2026-08-22T06:26:56.742+0000] {logging_mixin.py:188} INFO - [2026-08-22T06:26:56.742+0000] {dag.py:3089} INFO - Sync 1 DAGs
[2026-08-22T06:26:56.817+0000] {processor.py:183} INFO - Processing /opt/airflow/dags/youtube_pipeline.py took 0.331 seconds
[2026-08-22T06:27:27.415+0000] {processor.py:161} INFO - Started process (PID=52814) to work on /opt/airflow/dags/youtube_pipeline.py
[2026-08-22T06:27:27.418+0000] {processor.py:830} INFO - Processing file /opt/airflow/dags/youtube_pipeline.py for tasks to queue
[2026-08-22T06:27:27.421+0000] {logging_mixin.py:188} INFO - [2026-08-22T06:27:27.420+0000] {dagbag.py:545} INFO - Filling up the DagBag from /opt/airflow/dags/youtube_pipeline.py
[2026-08-22T06:27:27.512+0000] {processor.py:840} INFO - DAG(s) 'youtube_english_video_pipeline' retrieved from /opt/airflow/dags/youtube_pipeline.py
[2026-08-22T06:27:27.566+0000] {logging_mixin.py:188} INFO - [2026-08-22T06:27:27.566+0000] {dag.py:3089} INFO - Sync 1 DAGs
[2026-08-22T06:27:27.612+0000] {processor.py:183} INFO - Processing /opt/airflow/dags/youtube_pipeline.py took 0.209 seconds
[2026-08-22T06:27:57.761+0000] {processor.py:161} INFO - Started process (PID=52820) to work on /opt/airflow/dags/youtube_pipeline.py
[2026-08-22T06:27:57.764+0000] {processor.py:830} INFO - Processing file /opt/airflow/dags/youtube_pipeline.py for tasks to queue
[2026-08-22T06:27:57.767+0000] {logging_mixin.py:188} INFO - [2026-08-22T06:27:57.766+0000] {dagbag.py:545} INFO - Filling up the DagBag from /opt/airflow/dags/youtube_pipeline.py
[2026-08-22T06:27:57.835+0000] {processor.py:840} INFO - DAG(s) 'youtube_english_video_pipeline' retrieved from /opt/airflow/dags/youtube_pipeline.py
[2026-08-22T06:27:57.891+0000] {logging_mixin.py:188} INFO - [2026-08-22T06:27:57.891+0000] {dag.py:3089} INFO - Sync 1 DAGs
[2026-08-22T06:27:57.939+0000] {processor.py:183} INFO - Processing /opt/airflow/dags/youtube_pipeline.py took 0.190 seconds
[2026-08-22T06:28:28.538+0000] {processor.py:161} INFO - Started process (PID=52828) to work on /opt/airflow/dags/youtube_pipeline.py
[2026-08-22T06:28:28.540+0000] {processor.py:830} INFO - Processing file /opt/airflow/dags/youtube_pipeline.py for tasks to queue
[2026-08-22T06:28:28.544+0000] {logging_mixin.py:188} INFO - [2026-08-22T06:28:28.544+0000] {dagbag.py:545} INFO - Filling up the DagBag from /opt/airflow/dags/youtube_pipeline.py
[2026-08-22T06:28:28.687+0000] {processor.py:840} INFO - DAG(s) 'youtube_english_video_pipeline' retrieved from /opt/airflow/dags/youtube_pipeline.py
[2026-08-22T06:28:28.743+0000] {logging_mixin.py:188} INFO - [2026-08-22T06:28:28.743+0000] {dag.py:3089} INFO - Sync 1 DAGs
[2026-08-22T06:28:28.804+0000] {processor.py:183} INFO - Processing /opt/airflow/dags/youtube_pipeline.py took 0.278 seconds
[2026-08-22T06:28:59.106+0000] {processor.py:161} INFO - Started process (PID=52835) to work on /opt/airflow/dags/youtube_pipeline.py
[2026-08-22T06:28:59.109+0000] {processor.py:830} INFO - Processing file /opt/airflow/dags/youtube_pipeline.py for tasks to queue
[2026-08-22T06:28:59.113+0000] {logging_mixin.py:188} INFO - [2026-08-22T06:28:59.113+0000] {dagbag.py:545} INFO - Filling up the DagBag from /opt/airflow/dags/youtube_pipeline.py
[2026-08-22T06:28:59.209+0000] {processor.py:840} INFO - DAG(s) 'youtube_english_video_pipeline' retrieved from /opt/airflow/dags/youtube_pipeline.py
[2026-08-22T06:28:59.276+0000] {logging_mixin.py:188} INFO - [2026-08-22T06:28:59.276+0000] {dag.py:3089} INFO - Sync 1 DAGs
[2026-08-22T06:28:59.341+0000] {processor.py:183} INFO - Processing /opt/airflow/dags/youtube_pipeline.py took 0.246 seconds
[2026-08-22T06:29:29.842+0000] {processor.py:161} INFO - Started process (PID=52843) to work on /opt/airflow/dags/youtube_pipeline.py
[2026-08-22T06:29:29.844+0000] {processor.py:830} INFO - Processing file /opt/airflow/dags/youtube_pipeline.py for tasks to queue
[2026-08-22T06:29:29.848+0000] {logging_mixin.py:188} INFO - [2026-08-22T06:29:29.847+0000] {dagbag.py:545} INFO - Filling up the DagBag from /opt/airflow/dags/youtube_pipeline.py
[2026-08-22T06:29:29.920+0000] {processor.py:840} INFO - DAG(s) 'youtube_english_video_pipeline' retrieved from /opt/airflow/dags/youtube_pipeline.py
[2026-08-22T06:29:29.970+0000] {logging_mixin.py:188} INFO - [2026-08-22T06:29:29.970+0000] {dag.py:3089} INFO - Sync 1 DAGs
[2026-08-22T06:29:30.019+0000] {processor.py:183} INFO - Processing /opt/airflow/dags/youtube_pipeline.py took 0.189 seconds
[2026-08-22T06:30:00.294+0000] {processor.py:161} INFO - Started process (PID=52848) to work on /opt/airflow/dags/youtube_pipeline.py
[2026-08-22T06:30:00.296+0000] {processor.py:830} INFO - Processing file /opt/airflow/dags/youtube_pipeline.py for tasks to queue
[2026-08-22T06:30:00.300+0000] {logging_mixin.py:188} INFO - [2026-08-22T06:30:00.299+0000] {dagbag.py:545} INFO - Filling up the DagBag from /opt/airflow/dags/youtube_pipeline.py
[2026-08-22T06:30:00.404+0000] {processor.py:840} INFO - DAG(s) 'youtube_english_video_pipeline' retrieved from /opt/airflow/dags/youtube_pipeline.py
[2026-08-22T06:30:00.473+0000] {logging_mixin.py:188} INFO - [2026-08-22T06:30:00.473+0000] {dag.py:3089} INFO - Sync 1 DAGs
[2026-08-22T06:30:00.531+0000] {processor.py:183} INFO - Processing /opt/airflow/dags/youtube_pipeline.py took 0.248 seconds
[2026-08-22T06:30:30.802+0000] {processor.py:161} INFO - Started process (PID=52856) to work on /opt/airflow/dags/youtube_pipeline.py
[2026-08-22T06:30:30.804+0000] {processor.py:830} INFO - Processing file /opt/airflow/dags/youtube_pipeline.py for tasks to queue
[2026-08-22T06:30:30.807+0000] {logging_mixin.py:188} INFO - [2026-08-22T06:30:30.806+0000] {dagbag.py:545} INFO - Filling up the DagBag from /opt/airflow/dags/youtube_pipeline.py
[2026-08-22T06:30:30.907+0000] {processor.py:840} INFO - DAG(s) 'youtube_english_video_pipeline' retrieved from /opt/airflow/dags/youtube_pipeline.py
[2026-08-22T06:30:30.960+0000] {logging_mixin.py:188} INFO - [2026-08-22T06:30:30.960+0000] {dag.py:3089} INFO - Sync 1 DAGs
[2026-08-22T06:30:31.014+0000] {processor.py:183} INFO - Processing /opt/airflow/dags/youtube_pipeline.py took 0.222 seconds
[2026-08-22T06:31:01.283+0000] {processor.py:161} INFO - Started process (PID=53116) to work on /opt/airflow/dags/youtube_pipeline.py
[2026-08-22T06:31:01.286+0000] {processor.py:830} INFO - Processing file /opt/airflow/dags/youtube_pipeline.py for tasks to queue
[2026-08-22T06:31:01.289+0000] {logging_mixin.py:188} INFO - [2026-08-22T06:31:01.289+0000] {dagbag.py:545} INFO - Filling up the DagBag from /opt/airflow/dags/youtube_pipeline.py
[2026-08-22T06:31:01.396+0000] {processor.py:840} INFO - DAG(s) 'youtube_english_video_pipeline' retrieved from /opt/airflow/dags/youtube_pipeline.py
[2026-08-22T06:31:01.457+0000] {logging_mixin.py:188} INFO - [2026-08-22T06:31:01.457+0000] {dag.py:3089} INFO - Sync 1 DAGs
[2026-08-22T06:31:01.511+0000] {processor.py:183} INFO - Processing /opt/airflow/dags/youtube_pipeline.py took 0.239 seconds
[2026-08-22T06:31:31.770+0000] {processor.py:161} INFO - Started process (PID=53122) to work on /opt/airflow/dags/youtube_pipeline.py
[2026-08-22T06:31:31.772+0000] {processor.py:830} INFO - Processing file /opt/airflow/dags/youtube_pipeline.py for tasks to queue
[2026-08-22T06:31:31.775+0000] {logging_mixin.py:188} INFO - [2026-08-22T06:31:31.774+0000] {dagbag.py:545} INFO - Filling up the DagBag from /opt/airflow/dags/youtube_pipeline.py
[2026-08-22T06:31:31.860+0000] {processor.py:840} INFO - DAG(s) 'youtube_english_video_pipeline' retrieved from /opt/airflow/dags/youtube_pipeline.py
[2026-08-22T06:31:31.907+0000] {logging_mixin.py:188} INFO - [2026-08-22T06:31:31.907+0000] {dag.py:3089} INFO - Sync 1 DAGs
[2026-08-22T06:31:31.955+0000] {processor.py:183} INFO - Processing /opt/airflow/dags/youtube_pipeline.py took 0.194 seconds
[2026-08-22T06:32:02.200+0000] {processor.py:161} INFO - Started process (PID=53127) to work on /opt/airflow/dags/youtube_pipeline.py
[2026-08-22T06:32:02.203+0000] {processor.py:830} INFO - Processing file /opt/airflow/dags/youtube_pipeline.py for tasks to queue
[2026-08-22T06:32:02.207+0000] {logging_mixin.py:188} INFO - [2026-08-22T06:32:02.207+0000] {dagbag.py:545} INFO - Filling up the DagBag from /opt/airflow/dags/youtube_pipeline.py
[2026-08-22T06:32:02.295+0000] {processor.py:840} INFO - DAG(s) 'youtube_english_video_pipeline' retrieved from /opt/airflow/dags/youtube_pipeline.py
[2026-08-22T06:32:02.351+0000] {logging_mixin.py:188} INFO - [2026-08-22T06:32:02.350+0000] {dag.py:3089} INFO - Sync 1 DAGs
[2026-08-22T06:32:02.403+0000] {processor.py:183} INFO - Processing /opt/airflow/dags/youtube_pipeline.py took 0.214 seconds
[2026-08-22T06:32:32.550+0000] {processor.py:161} INFO - Started process (PID=53132) to work on /opt/airflow/dags/youtube_pipeline.py
[2026-08-22T06:32:32.551+0000] {processor.py:830} INFO - Processing file /opt/airflow/dags/youtube_pipeline.py for tasks to queue
[2026-08-22T06:32:32.553+0000] {logging_mixin.py:188} INFO - [2026-08-22T06:32:32.553+0000] {dagbag.py:545} INFO - Filling up the DagBag from /opt/airflow/dags/youtube_pipeline.py
[2026-08-22T06:32:32.614+0000] {processor.py:840} INFO - DAG(s) 'youtube_english_video_pipeline' retrieved from /opt/airflow/dags/youtube_pipeline.py
[2026-08-22T06:32:32.668+0000] {logging_mixin.py:188} INFO - [2026-08-22T06:32:32.668+0000] {dag.py:3089} INFO - Sync 1 DAGs
[2026-08-22T06:32:32.713+0000] {processor.py:183} INFO - Processing /opt/airflow/dags/youtube_pipeline.py took 0.172 seconds
[2026-08-22T06:33:03.070+0000] {processor.py:161} INFO - Started process (PID=53140) to work on /opt/airflow/dags/youtube_pipeline.py
[2026-08-22T06:33:03.072+0000] {processor.py:830} INFO - Processing file /opt/airflow/dags/youtube_pipeline.py for tasks to queue
[2026-08-22T06:33:03.074+0000] {logging_mixin.py:188} INFO - [2026-08-22T06:33:03.074+0000] {dagbag.py:545} INFO - Filling up the DagBag from /opt/airflow/dags/youtube_pipeline.py
[2026-08-22T06:33:03.141+0000] {processor.py:840} INFO - DAG(s) 'youtube_english_video_pipeline' retrieved from /opt/airflow/dags/youtube_pipeline.py
[2026-08-22T06:33:03.188+0000] {logging_mixin.py:188} INFO - [2026-08-22T06:33:03.188+0000] {dag.py:3089} INFO - Sync 1 DAGs
[2026-08-22T06:33:03.235+0000] {processor.py:183} INFO - Processing /opt/airflow/dags/youtube_pipeline.py took 0.173 seconds
[2026-08-22T06:33:33.414+0000] {processor.py:161} INFO - Started process (PID=53145) to work on /opt/airflow/dags/youtube_pipeline.py
[2026-08-22T06:33:33.417+0000] {processor.py:830} INFO - Processing file /opt/airflow/dags/youtube_pipeline.py for tasks to queue
[2026-08-22T06:33:33.421+0000] {logging_mixin.py:188} INFO - [2026-08-22T06:33:33.420+0000] {dagbag.py:545} INFO - Filling up the DagBag from /opt/airflow/dags/youtube_pipeline.py
[2026-08-22T06:33:33.511+0000] {processor.py:840} INFO - DAG(s) 'youtube_english_video_pipeline' retrieved from /opt/airflow/dags/youtube_pipeline.py
[2026-08-22T06:33:33.561+0000] {logging_mixin.py:188} INFO - [2026-08-22T06:33:33.560+0000] {dag.py:3089} INFO - Sync 1 DAGs
[2026-08-22T06:33:33.608+0000] {processor.py:183} INFO - Processing /opt/airflow/dags/youtube_pipeline.py took 0.205 seconds
[2026-08-22T06:34:03.899+0000] {processor.py:161} INFO - Started process (PID=53150) to work on /opt/airflow/dags/youtube_pipeline.py
[2026-08-22T06:34:03.906+0000] {processor.py:830} INFO - Processing file /opt/airflow/dags/youtube_pipeline.py for tasks to queue
[2026-08-22T06:34:03.913+0000] {logging_mixin.py:188} INFO - [2026-08-22T06:34:03.912+0000] {dagbag.py:545} INFO - Filling up the DagBag from /opt/airflow/dags/youtube_pipeline.py
[2026-08-22T06:34:04.060+0000] {processor.py:840} INFO - DAG(s) 'youtube_english_video_pipeline' retrieved from /opt/airflow/dags/youtube_pipeline.py
[2026-08-22T06:34:04.115+0000] {logging_mixin.py:188} INFO - [2026-08-22T06:34:04.114+0000] {dag.py:3089} INFO - Sync 1 DAGs
[2026-08-22T06:34:04.159+0000] {processor.py:183} INFO - Processing /opt/airflow/dags/youtube_pipeline.py took 0.280 seconds
[2026-08-22T06:34:34.540+0000] {processor.py:161} INFO - Started process (PID=53155) to work on /opt/airflow/dags/youtube_pipeline.py
[2026-08-22T06:34:34.545+0000] {processor.py:830} INFO - Processing file /opt/airflow/dags/youtube_pipeline.py for tasks to queue
[2026-08-22T06:34:34.548+0000] {logging_mixin.py:188} INFO - [2026-08-22T06:34:34.547+0000] {dagbag.py:545} INFO - Filling up the DagBag from /opt/airflow/dags/youtube_pipeline.py
[2026-08-22T06:34:34.618+0000] {processor.py:840} INFO - DAG(s) 'youtube_english_video_pipeline' retrieved from /opt/airflow/dags/youtube_pipeline.py
[2026-08-22T06:34:34.683+0000] {logging_mixin.py:188} INFO - [2026-08-22T06:34:34.682+0000] {dag.py:3089} INFO - Sync 1 DAGs
[2026-08-22T06:34:34.756+0000] {processor.py:183} INFO - Processing /opt/airflow/dags/youtube_pipeline.py took 0.226 seconds
[2026-08-22T06:35:05.156+0000] {processor.py:161} INFO - Started process (PID=53168) to work on /opt/airflow/dags/youtube_pipeline.py
[2026-08-22T06:35:05.159+0000] {processor.py:830} INFO - Processing file /opt/airflow/dags/youtube_pipeline.py for tasks to queue
[2026-08-22T06:35:05.163+0000] {logging_mixin.py:188} INFO - [2026-08-22T06:35:05.163+0000] {dagbag.py:545} INFO - Filling up the DagBag from /opt/airflow/dags/youtube_pipeline.py
[2026-08-22T06:35:05.270+0000] {processor.py:840} INFO - DAG(s) 'youtube_english_video_pipeline' retrieved from /opt/airflow/dags/youtube_pipeline.py
[2026-08-22T06:35:05.344+0000] {logging_mixin.py:188} INFO - [2026-08-22T06:35:05.343+0000] {dag.py:3089} INFO - Sync 1 DAGs
[2026-08-22T06:35:05.429+0000] {processor.py:183} INFO - Processing /opt/airflow/dags/youtube_pipeline.py took 0.284 seconds
[2026-08-22T06:35:35.834+0000] {processor.py:161} INFO - Started process (PID=53797) to work on /opt/airflow/dags/youtube_pipeline.py
[2026-08-22T06:35:35.837+0000] {processor.py:830} INFO - Processing file /opt/airflow/dags/youtube_pipeline.py for tasks to queue
[2026-08-22T06:35:35.844+0000] {logging_mixin.py:188} INFO - [2026-08-22T06:35:35.843+0000] {dagbag.py:545} INFO - Filling up the DagBag from /opt/airflow/dags/youtube_pipeline.py
[2026-08-22T06:35:36.024+0000] {processor.py:840} INFO - DAG(s) 'youtube_english_video_pipeline' retrieved from /opt/airflow/dags/youtube_pipeline.py
[2026-08-22T06:35:36.109+0000] {logging_mixin.py:188} INFO - [2026-08-22T06:35:36.109+0000] {dag.py:3089} INFO - Sync 1 DAGs
[2026-08-22T06:35:36.191+0000] {processor.py:183} INFO - Processing /opt/airflow/dags/youtube_pipeline.py took 0.377 seconds
[2026-08-22T06:36:06.554+0000] {processor.py:161} INFO - Started process (PID=54558) to work on /opt/airflow/dags/youtube_pipeline.py
[2026-08-22T06:36:06.556+0000] {processor.py:830} INFO - Processing file /opt/airflow/dags/youtube_pipeline.py for tasks to queue
[2026-08-22T06:36:06.559+0000] {logging_mixin.py:188} INFO - [2026-08-22T06:36:06.558+0000] {dagbag.py:545} INFO - Filling up the DagBag from /opt/airflow/dags/youtube_pipeline.py
[2026-08-22T06:36:06.663+0000] {processor.py:840} INFO - DAG(s) 'youtube_english_video_pipeline' retrieved from /opt/airflow/dags/youtube_pipeline.py
[2026-08-22T06:36:06.727+0000] {logging_mixin.py:188} INFO - [2026-08-22T06:36:06.726+0000] {dag.py:3089} INFO - Sync 1 DAGs
[2026-08-22T06:36:06.783+0000] {processor.py:183} INFO - Processing /opt/airflow/dags/youtube_pipeline.py took 0.240 seconds
[2026-08-22T06:36:37.148+0000] {processor.py:161} INFO - Started process (PID=55445) to work on /opt/airflow/dags/youtube_pipeline.py
[2026-08-22T06:36:37.150+0000] {processor.py:830} INFO - Processing file /opt/airflow/dags/youtube_pipeline.py for tasks to queue
[2026-08-22T06:36:37.155+0000] {logging_mixin.py:188} INFO - [2026-08-22T06:36:37.155+0000] {dagbag.py:545} INFO - Filling up the DagBag from /opt/airflow/dags/youtube_pipeline.py
[2026-08-22T06:36:37.222+0000] {processor.py:840} INFO - DAG(s) 'youtube_english_video_pipeline' retrieved from /opt/airflow/dags/youtube_pipeline.py
[2026-08-22T06:36:37.279+0000] {logging_mixin.py:188} INFO - [2026-08-22T06:36:37.279+0000] {dag.py:3089} INFO - Sync 1 DAGs
[2026-08-22T06:36:37.329+0000] {processor.py:183} INFO - Processing /opt/airflow/dags/youtube_pipeline.py took 0.192 seconds
[2026-08-22T06:37:07.453+0000] {processor.py:161} INFO - Started process (PID=55680) to work on /opt/airflow/dags/youtube_pipeline.py
[2026-08-22T06:37:07.455+0000] {processor.py:830} INFO - Processing file /opt/airflow/dags/youtube_pipeline.py for tasks to queue
[2026-08-22T06:37:07.458+0000] {logging_mixin.py:188} INFO - [2026-08-22T06:37:07.457+0000] {dagbag.py:545} INFO - Filling up the DagBag from /opt/airflow/dags/youtube_pipeline.py
[2026-08-22T06:37:07.540+0000] {processor.py:840} INFO - DAG(s) 'youtube_english_video_pipeline' retrieved from /opt/airflow/dags/youtube_pipeline.py
[2026-08-22T06:37:07.611+0000] {logging_mixin.py:188} INFO - [2026-08-22T06:37:07.610+0000] {dag.py:3089} INFO - Sync 1 DAGs
[2026-08-22T06:37:07.680+0000] {processor.py:183} INFO - Processing /opt/airflow/dags/youtube_pipeline.py took 0.241 seconds
[2026-08-22T06:37:38.117+0000] {processor.py:161} INFO - Started process (PID=55715) to work on /opt/airflow/dags/youtube_pipeline.py
[2026-08-22T06:37:38.119+0000] {processor.py:830} INFO - Processing file /opt/airflow/dags/youtube_pipeline.py for tasks to queue
[2026-08-22T06:37:38.121+0000] {logging_mixin.py:188} INFO - [2026-08-22T06:37:38.121+0000] {dagbag.py:545} INFO - Filling up the DagBag from /opt/airflow/dags/youtube_pipeline.py
[2026-08-22T06:37:38.234+0000] {processor.py:840} INFO - DAG(s) 'youtube_english_video_pipeline' retrieved from /opt/airflow/dags/youtube_pipeline.py
[2026-08-22T06:37:38.280+0000] {logging_mixin.py:188} INFO - [2026-08-22T06:37:38.280+0000] {dag.py:3089} INFO - Sync 1 DAGs
[2026-08-22T06:37:38.332+0000] {processor.py:183} INFO - Processing /opt/airflow/dags/youtube_pipeline.py took 0.225 seconds
[2026-08-22T06:38:08.406+0000] {processor.py:161} INFO - Started process (PID=55971) to work on /opt/airflow/dags/youtube_pipeline.py
[2026-08-22T06:38:08.407+0000] {processor.py:830} INFO - Processing file /opt/airflow/dags/youtube_pipeline.py for tasks to queue
[2026-08-22T06:38:08.410+0000] {logging_mixin.py:188} INFO - [2026-08-22T06:38:08.410+0000] {dagbag.py:545} INFO - Filling up the DagBag from /opt/airflow/dags/youtube_pipeline.py
[2026-08-22T06:38:08.450+0000] {processor.py:840} INFO - DAG(s) 'youtube_english_video_pipeline' retrieved from /opt/airflow/dags/youtube_pipeline.py
[2026-08-22T06:38:08.496+0000] {logging_mixin.py:188} INFO - [2026-08-22T06:38:08.496+0000] {dag.py:3089} INFO - Sync 1 DAGs
[2026-08-22T06:38:08.537+0000] {processor.py:183} INFO - Processing /opt/airflow/dags/youtube_pipeline.py took 0.141 seconds
[2026-08-22T06:38:38.838+0000] {processor.py:161} INFO - Started process (PID=55976) to work on /opt/airflow/dags/youtube_pipeline.py
[2026-08-22T06:38:38.840+0000] {processor.py:830} INFO - Processing file /opt/airflow/dags/youtube_pipeline.py for tasks to queue
[2026-08-22T06:38:38.842+0000] {logging_mixin.py:188} INFO - [2026-08-22T06:38:38.842+0000] {dagbag.py:545} INFO - Filling up the DagBag from /opt/airflow/dags/youtube_pipeline.py
[2026-08-22T06:38:38.899+0000] {processor.py:840} INFO - DAG(s) 'youtube_english_video_pipeline' retrieved from /opt/airflow/dags/youtube_pipeline.py
[2026-08-22T06:38:38.945+0000] {logging_mixin.py:188} INFO - [2026-08-22T06:38:38.945+0000] {dag.py:3089} INFO - Sync 1 DAGs
[2026-08-22T06:38:38.987+0000] {processor.py:183} INFO - Processing /opt/airflow/dags/youtube_pipeline.py took 0.156 seconds
[2026-08-22T06:39:09.106+0000] {processor.py:161} INFO - Started process (PID=56290) to work on /opt/airflow/dags/youtube_pipeline.py
[2026-08-22T06:39:09.108+0000] {processor.py:830} INFO - Processing file /opt/airflow/dags/youtube_pipeline.py for tasks to queue
[2026-08-22T06:39:09.111+0000] {logging_mixin.py:188} INFO - [2026-08-22T06:39:09.110+0000] {dagbag.py:545} INFO - Filling up the DagBag from /opt/airflow/dags/youtube_pipeline.py
[2026-08-22T06:39:09.163+0000] {processor.py:840} INFO - DAG(s) 'youtube_english_video_pipeline' retrieved from /opt/airflow/dags/youtube_pipeline.py
[2026-08-22T06:39:09.221+0000] {logging_mixin.py:188} INFO - [2026-08-22T06:39:09.221+0000] {dag.py:3089} INFO - Sync 1 DAGs
[2026-08-22T06:39:09.273+0000] {processor.py:183} INFO - Processing /opt/airflow/dags/youtube_pipeline.py took 0.175 seconds
[2026-08-22T06:39:39.509+0000] {processor.py:161} INFO - Started process (PID=57050) to work on /opt/airflow/dags/youtube_pipeline.py
[2026-08-22T06:39:39.516+0000] {processor.py:830} INFO - Processing file /opt/airflow/dags/youtube_pipeline.py for tasks to queue
[2026-08-22T06:39:39.520+0000] {logging_mixin.py:188} INFO - [2026-08-22T06:39:39.519+0000] {dagbag.py:545} INFO - Filling up the DagBag from /opt/airflow/dags/youtube_pipeline.py
[2026-08-22T06:39:39.579+0000] {processor.py:840} INFO - DAG(s) 'youtube_english_video_pipeline' retrieved from /opt/airflow/dags/youtube_pipeline.py
[2026-08-22T06:39:39.625+0000] {logging_mixin.py:188} INFO - [2026-08-22T06:39:39.625+0000] {dag.py:3089} INFO - Sync 1 DAGs
[2026-08-22T06:39:39.678+0000] {processor.py:183} INFO - Processing /opt/airflow/dags/youtube_pipeline.py took 0.180 seconds
[2026-08-22T06:40:09.807+0000] {processor.py:161} INFO - Started process (PID=57811) to work on /opt/airflow/dags/youtube_pipeline.py
[2026-08-22T06:40:09.813+0000] {processor.py:830} INFO - Processing file /opt/airflow/dags/youtube_pipeline.py for tasks to queue
[2026-08-22T06:40:09.816+0000] {logging_mixin.py:188} INFO - [2026-08-22T06:40:09.816+0000] {dagbag.py:545} INFO - Filling up the DagBag from /opt/airflow/dags/youtube_pipeline.py
[2026-08-22T06:40:09.908+0000] {processor.py:840} INFO - DAG(s) 'youtube_english_video_pipeline' retrieved from /opt/airflow/dags/youtube_pipeline.py
[2026-08-22T06:40:09.979+0000] {logging_mixin.py:188} INFO - [2026-08-22T06:40:09.978+0000] {dag.py:3089} INFO - Sync 1 DAGs
[2026-08-22T06:40:10.045+0000] {processor.py:183} INFO - Processing /opt/airflow/dags/youtube_pipeline.py took 0.252 seconds
[2026-08-22T06:40:40.291+0000] {processor.py:161} INFO - Started process (PID=58498) to work on /opt/airflow/dags/youtube_pipeline.py
[2026-08-22T06:40:40.293+0000] {processor.py:830} INFO - Processing file /opt/airflow/dags/youtube_pipeline.py for tasks to queue
[2026-08-22T06:40:40.297+0000] {logging_mixin.py:188} INFO - [2026-08-22T06:40:40.296+0000] {dagbag.py:545} INFO - Filling up the DagBag from /opt/airflow/dags/youtube_pipeline.py
[2026-08-22T06:40:40.360+0000] {processor.py:840} INFO - DAG(s) 'youtube_english_video_pipeline' retrieved from /opt/airflow/dags/youtube_pipeline.py
[2026-08-22T06:40:40.417+0000] {logging_mixin.py:188} INFO - [2026-08-22T06:40:40.417+0000] {dag.py:3089} INFO - Sync 1 DAGs
[2026-08-22T06:40:40.477+0000] {processor.py:183} INFO - Processing /opt/airflow/dags/youtube_pipeline.py took 0.198 seconds
[2026-08-22T06:41:10.647+0000] {processor.py:161} INFO - Started process (PID=58529) to work on /opt/airflow/dags/youtube_pipeline.py
[2026-08-22T06:41:10.656+0000] {processor.py:830} INFO - Processing file /opt/airflow/dags/youtube_pipeline.py for tasks to queue
[2026-08-22T06:41:10.660+0000] {logging_mixin.py:188} INFO - [2026-08-22T06:41:10.659+0000] {dagbag.py:545} INFO - Filling up the DagBag from /opt/airflow/dags/youtube_pipeline.py
[2026-08-22T06:41:10.751+0000] {processor.py:840} INFO - DAG(s) 'youtube_english_video_pipeline' retrieved from /opt/airflow/dags/youtube_pipeline.py
[2026-08-22T06:41:10.816+0000] {logging_mixin.py:188} INFO - [2026-08-22T06:41:10.815+0000] {dag.py:3089} INFO - Sync 1 DAGs
[2026-08-22T06:41:10.871+0000] {processor.py:183} INFO - Processing /opt/airflow/dags/youtube_pipeline.py took 0.249 seconds
[2026-08-22T06:41:41.129+0000] {processor.py:161} INFO - Started process (PID=58793) to work on /opt/airflow/dags/youtube_pipeline.py
[2026-08-22T06:41:41.131+0000] {processor.py:830} INFO - Processing file /opt/airflow/dags/youtube_pipeline.py for tasks to queue
[2026-08-22T06:41:41.134+0000] {logging_mixin.py:188} INFO - [2026-08-22T06:41:41.134+0000] {dagbag.py:545} INFO - Filling up the DagBag from /opt/airflow/dags/youtube_pipeline.py
[2026-08-22T06:41:41.200+0000] {processor.py:840} INFO - DAG(s) 'youtube_english_video_pipeline' retrieved from /opt/airflow/dags/youtube_pipeline.py
[2026-08-22T06:41:41.252+0000] {logging_mixin.py:188} INFO - [2026-08-22T06:41:41.251+0000] {dag.py:3089} INFO - Sync 1 DAGs
[2026-08-22T06:41:41.300+0000] {processor.py:183} INFO - Processing /opt/airflow/dags/youtube_pipeline.py took 0.182 seconds
[2026-08-22T06:42:11.598+0000] {processor.py:161} INFO - Started process (PID=59558) to work on /opt/airflow/dags/youtube_pipeline.py
[2026-08-22T06:42:11.608+0000] {processor.py:830} INFO - Processing file /opt/airflow/dags/youtube_pipeline.py for tasks to queue
[2026-08-22T06:42:11.613+0000] {logging_mixin.py:188} INFO - [2026-08-22T06:42:11.612+0000] {dagbag.py:545} INFO - Filling up the DagBag from /opt/airflow/dags/youtube_pipeline.py
[2026-08-22T06:42:11.737+0000] {processor.py:840} INFO - DAG(s) 'youtube_english_video_pipeline' retrieved from /opt/airflow/dags/youtube_pipeline.py
[2026-08-22T06:42:11.807+0000] {logging_mixin.py:188} INFO - [2026-08-22T06:42:11.806+0000] {dag.py:3089} INFO - Sync 1 DAGs
[2026-08-22T06:42:11.871+0000] {processor.py:183} INFO - Processing /opt/airflow/dags/youtube_pipeline.py took 0.297 seconds
[2026-08-22T06:42:42.257+0000] {processor.py:161} INFO - Started process (PID=60617) to work on /opt/airflow/dags/youtube_pipeline.py
[2026-08-22T06:42:42.259+0000] {processor.py:830} INFO - Processing file /opt/airflow/dags/youtube_pipeline.py for tasks to queue
[2026-08-22T06:42:42.262+0000] {logging_mixin.py:188} INFO - [2026-08-22T06:42:42.261+0000] {dagbag.py:545} INFO - Filling up the DagBag from /opt/airflow/dags/youtube_pipeline.py
[2026-08-22T06:42:42.337+0000] {processor.py:840} INFO - DAG(s) 'youtube_english_video_pipeline' retrieved from /opt/airflow/dags/youtube_pipeline.py
[2026-08-22T06:42:42.394+0000] {logging_mixin.py:188} INFO - [2026-08-22T06:42:42.394+0000] {dag.py:3089} INFO - Sync 1 DAGs
[2026-08-22T06:42:42.447+0000] {processor.py:183} INFO - Processing /opt/airflow/dags/youtube_pipeline.py took 0.199 seconds
[2026-08-22T06:43:12.564+0000] {processor.py:161} INFO - Started process (PID=61305) to work on /opt/airflow/dags/youtube_pipeline.py
[2026-08-22T06:43:12.570+0000] {processor.py:830} INFO - Processing file /opt/airflow/dags/youtube_pipeline.py for tasks to queue
[2026-08-22T06:43:12.573+0000] {logging_mixin.py:188} INFO - [2026-08-22T06:43:12.572+0000] {dagbag.py:545} INFO - Filling up the DagBag from /opt/airflow/dags/youtube_pipeline.py
[2026-08-22T06:43:12.671+0000] {processor.py:840} INFO - DAG(s) 'youtube_english_video_pipeline' retrieved from /opt/airflow/dags/youtube_pipeline.py
[2026-08-22T06:43:12.759+0000] {logging_mixin.py:188} INFO - [2026-08-22T06:43:12.758+0000] {dag.py:3089} INFO - Sync 1 DAGs
[2026-08-22T06:43:12.858+0000] {processor.py:183} INFO - Processing /opt/airflow/dags/youtube_pipeline.py took 0.306 seconds
[2026-08-22T06:43:43.101+0000] {processor.py:161} INFO - Started process (PID=61336) to work on /opt/airflow/dags/youtube_pipeline.py
[2026-08-22T06:43:43.103+0000] {processor.py:830} INFO - Processing file /opt/airflow/dags/youtube_pipeline.py for tasks to queue
[2026-08-22T06:43:43.106+0000] {logging_mixin.py:188} INFO - [2026-08-22T06:43:43.105+0000] {dagbag.py:545} INFO - Filling up the DagBag from /opt/airflow/dags/youtube_pipeline.py
[2026-08-22T06:43:43.187+0000] {processor.py:840} INFO - DAG(s) 'youtube_english_video_pipeline' retrieved from /opt/airflow/dags/youtube_pipeline.py
[2026-08-22T06:43:43.237+0000] {logging_mixin.py:188} INFO - [2026-08-22T06:43:43.237+0000] {dag.py:3089} INFO - Sync 1 DAGs
[2026-08-22T06:43:43.279+0000] {processor.py:183} INFO - Processing /opt/airflow/dags/youtube_pipeline.py took 0.191 seconds
[2026-08-22T06:44:13.701+0000] {processor.py:161} INFO - Started process (PID=61600) to work on /opt/airflow/dags/youtube_pipeline.py
[2026-08-22T06:44:13.704+0000] {processor.py:830} INFO - Processing file /opt/airflow/dags/youtube_pipeline.py for tasks to queue
[2026-08-22T06:44:13.708+0000] {logging_mixin.py:188} INFO - [2026-08-22T06:44:13.707+0000] {dagbag.py:545} INFO - Filling up the DagBag from /opt/airflow/dags/youtube_pipeline.py
[2026-08-22T06:44:13.792+0000] {processor.py:840} INFO - DAG(s) 'youtube_english_video_pipeline' retrieved from /opt/airflow/dags/youtube_pipeline.py
[2026-08-22T06:44:13.850+0000] {logging_mixin.py:188} INFO - [2026-08-22T06:44:13.849+0000] {dag.py:3089} INFO - Sync 1 DAGs
[2026-08-22T06:44:13.895+0000] {processor.py:183} INFO - Processing /opt/airflow/dags/youtube_pipeline.py took 0.204 seconds
[2026-08-22T06:44:44.174+0000] {processor.py:161} INFO - Started process (PID=62513) to work on /opt/airflow/dags/youtube_pipeline.py
[2026-08-22T06:44:44.176+0000] {processor.py:830} INFO - Processing file /opt/airflow/dags/youtube_pipeline.py for tasks to queue
[2026-08-22T06:44:44.178+0000] {logging_mixin.py:188} INFO - [2026-08-22T06:44:44.178+0000] {dagbag.py:545} INFO - Filling up the DagBag from /opt/airflow/dags/youtube_pipeline.py
[2026-08-22T06:44:44.225+0000] {processor.py:840} INFO - DAG(s) 'youtube_english_video_pipeline' retrieved from /opt/airflow/dags/youtube_pipeline.py
[2026-08-22T06:44:44.272+0000] {logging_mixin.py:188} INFO - [2026-08-22T06:44:44.271+0000] {dag.py:3089} INFO - Sync 1 DAGs
[2026-08-22T06:44:44.325+0000] {processor.py:183} INFO - Processing /opt/airflow/dags/youtube_pipeline.py took 0.159 seconds
[2026-08-22T06:45:14.573+0000] {processor.py:161} INFO - Started process (PID=63277) to work on /opt/airflow/dags/youtube_pipeline.py
[2026-08-22T06:45:14.575+0000] {processor.py:830} INFO - Processing file /opt/airflow/dags/youtube_pipeline.py for tasks to queue
[2026-08-22T06:45:14.578+0000] {logging_mixin.py:188} INFO - [2026-08-22T06:45:14.578+0000] {dagbag.py:545} INFO - Filling up the DagBag from /opt/airflow/dags/youtube_pipeline.py
[2026-08-22T06:45:14.655+0000] {processor.py:840} INFO - DAG(s) 'youtube_english_video_pipeline' retrieved from /opt/airflow/dags/youtube_pipeline.py
[2026-08-22T06:45:14.721+0000] {logging_mixin.py:188} INFO - [2026-08-22T06:45:14.721+0000] {dag.py:3089} INFO - Sync 1 DAGs
[2026-08-22T06:45:14.789+0000] {processor.py:183} INFO - Processing /opt/airflow/dags/youtube_pipeline.py took 0.233 seconds
[2026-08-22T06:45:45.022+0000] {processor.py:161} INFO - Started process (PID=63735) to work on /opt/airflow/dags/youtube_pipeline.py
[2026-08-22T06:45:45.023+0000] {processor.py:830} INFO - Processing file /opt/airflow/dags/youtube_pipeline.py for tasks to queue
[2026-08-22T06:45:45.026+0000] {logging_mixin.py:188} INFO - [2026-08-22T06:45:45.025+0000] {dagbag.py:545} INFO - Filling up the DagBag from /opt/airflow/dags/youtube_pipeline.py
[2026-08-22T06:45:45.067+0000] {processor.py:840} INFO - DAG(s) 'youtube_english_video_pipeline' retrieved from /opt/airflow/dags/youtube_pipeline.py
[2026-08-22T06:45:45.109+0000] {logging_mixin.py:188} INFO - [2026-08-22T06:45:45.109+0000] {dag.py:3089} INFO - Sync 1 DAGs
[2026-08-22T06:45:45.156+0000] {processor.py:183} INFO - Processing /opt/airflow/dags/youtube_pipeline.py took 0.142 seconds
[2026-08-22T06:46:15.447+0000] {processor.py:161} INFO - Started process (PID=63966) to work on /opt/airflow/dags/youtube_pipeline.py
[2026-08-22T06:46:15.449+0000] {processor.py:830} INFO - Processing file /opt/airflow/dags/youtube_pipeline.py for tasks to queue
[2026-08-22T06:46:15.461+0000] {logging_mixin.py:188} INFO - [2026-08-22T06:46:15.460+0000] {dagbag.py:545} INFO - Filling up the DagBag from /opt/airflow/dags/youtube_pipeline.py
[2026-08-22T06:46:15.556+0000] {processor.py:840} INFO - DAG(s) 'youtube_english_video_pipeline' retrieved from /opt/airflow/dags/youtube_pipeline.py
[2026-08-22T06:46:15.632+0000] {logging_mixin.py:188} INFO - [2026-08-22T06:46:15.632+0000] {dag.py:3089} INFO - Sync 1 DAGs
[2026-08-22T06:46:15.709+0000] {processor.py:183} INFO - Processing /opt/airflow/dags/youtube_pipeline.py took 0.277 seconds
[2026-08-22T06:46:46.009+0000] {processor.py:161} INFO - Started process (PID=64152) to work on /opt/airflow/dags/youtube_pipeline.py
[2026-08-22T06:46:46.011+0000] {processor.py:830} INFO - Processing file /opt/airflow/dags/youtube_pipeline.py for tasks to queue
[2026-08-22T06:46:46.019+0000] {logging_mixin.py:188} INFO - [2026-08-22T06:46:46.014+0000] {dagbag.py:545} INFO - Filling up the DagBag from /opt/airflow/dags/youtube_pipeline.py
[2026-08-22T06:46:46.093+0000] {processor.py:840} INFO - DAG(s) 'youtube_english_video_pipeline' retrieved from /opt/airflow/dags/youtube_pipeline.py
[2026-08-22T06:46:46.143+0000] {logging_mixin.py:188} INFO - [2026-08-22T06:46:46.143+0000] {dag.py:3089} INFO - Sync 1 DAGs
[2026-08-22T06:46:46.185+0000] {processor.py:183} INFO - Processing /opt/airflow/dags/youtube_pipeline.py took 0.188 seconds
[2026-08-22T06:47:16.531+0000] {processor.py:161} INFO - Started process (PID=64566) to work on /opt/airflow/dags/youtube_pipeline.py
[2026-08-22T06:47:16.532+0000] {processor.py:830} INFO - Processing file /opt/airflow/dags/youtube_pipeline.py for tasks to queue
[2026-08-22T06:47:16.534+0000] {logging_mixin.py:188} INFO - [2026-08-22T06:47:16.534+0000] {dagbag.py:545} INFO - Filling up the DagBag from /opt/airflow/dags/youtube_pipeline.py
[2026-08-22T06:47:16.593+0000] {processor.py:840} INFO - DAG(s) 'youtube_english_video_pipeline' retrieved from /opt/airflow/dags/youtube_pipeline.py
[2026-08-22T06:47:16.644+0000] {logging_mixin.py:188} INFO - [2026-08-22T06:47:16.644+0000] {dag.py:3089} INFO - Sync 1 DAGs
[2026-08-22T06:47:16.686+0000] {processor.py:183} INFO - Processing /opt/airflow/dags/youtube_pipeline.py took 0.163 seconds
[2026-08-22T06:47:47.124+0000] {processor.py:161} INFO - Started process (PID=65325) to work on /opt/airflow/dags/youtube_pipeline.py
[2026-08-22T06:47:47.128+0000] {processor.py:830} INFO - Processing file /opt/airflow/dags/youtube_pipeline.py for tasks to queue
[2026-08-22T06:47:47.134+0000] {logging_mixin.py:188} INFO - [2026-08-22T06:47:47.133+0000] {dagbag.py:545} INFO - Filling up the DagBag from /opt/airflow/dags/youtube_pipeline.py
[2026-08-22T06:47:47.522+0000] {processor.py:840} INFO - DAG(s) 'youtube_english_video_pipeline' retrieved from /opt/airflow/dags/youtube_pipeline.py
[2026-08-22T06:47:47.588+0000] {logging_mixin.py:188} INFO - [2026-08-22T06:47:47.588+0000] {dag.py:3089} INFO - Sync 1 DAGs
[2026-08-22T06:47:47.645+0000] {processor.py:183} INFO - Processing /opt/airflow/dags/youtube_pipeline.py took 0.533 seconds
[2026-08-22T06:48:18.012+0000] {processor.py:161} INFO - Started process (PID=66085) to work on /opt/airflow/dags/youtube_pipeline.py
[2026-08-22T06:48:18.014+0000] {processor.py:830} INFO - Processing file /opt/airflow/dags/youtube_pipeline.py for tasks to queue
[2026-08-22T06:48:18.017+0000] {logging_mixin.py:188} INFO - [2026-08-22T06:48:18.016+0000] {dagbag.py:545} INFO - Filling up the DagBag from /opt/airflow/dags/youtube_pipeline.py
[2026-08-22T06:48:18.081+0000] {processor.py:840} INFO - DAG(s) 'youtube_english_video_pipeline' retrieved from /opt/airflow/dags/youtube_pipeline.py
[2026-08-22T06:48:18.144+0000] {logging_mixin.py:188} INFO - [2026-08-22T06:48:18.143+0000] {dag.py:3089} INFO - Sync 1 DAGs
[2026-08-22T06:48:18.199+0000] {processor.py:183} INFO - Processing /opt/airflow/dags/youtube_pipeline.py took 0.196 seconds
[2026-08-22T06:48:48.496+0000] {processor.py:161} INFO - Started process (PID=66845) to work on /opt/airflow/dags/youtube_pipeline.py
[2026-08-22T06:48:48.498+0000] {processor.py:830} INFO - Processing file /opt/airflow/dags/youtube_pipeline.py for tasks to queue
[2026-08-22T06:48:48.501+0000] {logging_mixin.py:188} INFO - [2026-08-22T06:48:48.500+0000] {dagbag.py:545} INFO - Filling up the DagBag from /opt/airflow/dags/youtube_pipeline.py
[2026-08-22T06:48:48.562+0000] {processor.py:840} INFO - DAG(s) 'youtube_english_video_pipeline' retrieved from /opt/airflow/dags/youtube_pipeline.py
[2026-08-22T06:48:48.632+0000] {logging_mixin.py:188} INFO - [2026-08-22T06:48:48.631+0000] {dag.py:3089} INFO - Sync 1 DAGs
[2026-08-22T06:48:48.692+0000] {processor.py:183} INFO - Processing /opt/airflow/dags/youtube_pipeline.py took 0.207 seconds
[2026-08-22T06:49:18.822+0000] {processor.py:161} INFO - Started process (PID=67382) to work on /opt/airflow/dags/youtube_pipeline.py
[2026-08-22T06:49:18.827+0000] {processor.py:830} INFO - Processing file /opt/airflow/dags/youtube_pipeline.py for tasks to queue
[2026-08-22T06:49:18.831+0000] {logging_mixin.py:188} INFO - [2026-08-22T06:49:18.830+0000] {dagbag.py:545} INFO - Filling up the DagBag from /opt/airflow/dags/youtube_pipeline.py
[2026-08-22T06:49:18.917+0000] {processor.py:840} INFO - DAG(s) 'youtube_english_video_pipeline' retrieved from /opt/airflow/dags/youtube_pipeline.py
[2026-08-22T06:49:18.999+0000] {logging_mixin.py:188} INFO - [2026-08-22T06:49:18.999+0000] {dag.py:3089} INFO - Sync 1 DAGs
[2026-08-22T06:49:19.076+0000] {processor.py:183} INFO - Processing /opt/airflow/dags/youtube_pipeline.py took 0.266 seconds
[2026-08-22T06:49:49.255+0000] {processor.py:161} INFO - Started process (PID=67409) to work on /opt/airflow/dags/youtube_pipeline.py
[2026-08-22T06:49:49.256+0000] {processor.py:830} INFO - Processing file /opt/airflow/dags/youtube_pipeline.py for tasks to queue
[2026-08-22T06:49:49.259+0000] {logging_mixin.py:188} INFO - [2026-08-22T06:49:49.258+0000] {dagbag.py:545} INFO - Filling up the DagBag from /opt/airflow/dags/youtube_pipeline.py
[2026-08-22T06:49:49.319+0000] {processor.py:840} INFO - DAG(s) 'youtube_english_video_pipeline' retrieved from /opt/airflow/dags/youtube_pipeline.py
[2026-08-22T06:49:49.365+0000] {logging_mixin.py:188} INFO - [2026-08-22T06:49:49.365+0000] {dag.py:3089} INFO - Sync 1 DAGs
[2026-08-22T06:49:49.411+0000] {processor.py:183} INFO - Processing /opt/airflow/dags/youtube_pipeline.py took 0.166 seconds
[2026-08-22T06:50:19.646+0000] {processor.py:161} INFO - Started process (PID=67448) to work on /opt/airflow/dags/youtube_pipeline.py
[2026-08-22T06:50:19.648+0000] {processor.py:830} INFO - Processing file /opt/airflow/dags/youtube_pipeline.py for tasks to queue
[2026-08-22T06:50:19.650+0000] {logging_mixin.py:188} INFO - [2026-08-22T06:50:19.650+0000] {dagbag.py:545} INFO - Filling up the DagBag from /opt/airflow/dags/youtube_pipeline.py
[2026-08-22T06:50:19.696+0000] {processor.py:840} INFO - DAG(s) 'youtube_english_video_pipeline' retrieved from /opt/airflow/dags/youtube_pipeline.py
[2026-08-22T06:50:19.737+0000] {logging_mixin.py:188} INFO - [2026-08-22T06:50:19.737+0000] {dag.py:3089} INFO - Sync 1 DAGs
[2026-08-22T06:50:19.793+0000] {processor.py:183} INFO - Processing /opt/airflow/dags/youtube_pipeline.py took 0.157 seconds
[2026-08-22T06:50:50.012+0000] {processor.py:161} INFO - Started process (PID=67716) to work on /opt/airflow/dags/youtube_pipeline.py
[2026-08-22T06:50:50.014+0000] {processor.py:830} INFO - Processing file /opt/airflow/dags/youtube_pipeline.py for tasks to queue
[2026-08-22T06:50:50.016+0000] {logging_mixin.py:188} INFO - [2026-08-22T06:50:50.016+0000] {dagbag.py:545} INFO - Filling up the DagBag from /opt/airflow/dags/youtube_pipeline.py
[2026-08-22T06:50:50.067+0000] {processor.py:840} INFO - DAG(s) 'youtube_english_video_pipeline' retrieved from /opt/airflow/dags/youtube_pipeline.py
[2026-08-22T06:50:50.123+0000] {logging_mixin.py:188} INFO - [2026-08-22T06:50:50.123+0000] {dag.py:3089} INFO - Sync 1 DAGs
[2026-08-22T06:50:50.169+0000] {processor.py:183} INFO - Processing /opt/airflow/dags/youtube_pipeline.py took 0.167 seconds
[2026-08-22T06:51:20.326+0000] {processor.py:161} INFO - Started process (PID=68330) to work on /opt/airflow/dags/youtube_pipeline.py
[2026-08-22T06:51:20.327+0000] {processor.py:830} INFO - Processing file /opt/airflow/dags/youtube_pipeline.py for tasks to queue
[2026-08-22T06:51:20.330+0000] {logging_mixin.py:188} INFO - [2026-08-22T06:51:20.329+0000] {dagbag.py:545} INFO - Filling up the DagBag from /opt/airflow/dags/youtube_pipeline.py
[2026-08-22T06:51:20.386+0000] {processor.py:840} INFO - DAG(s) 'youtube_english_video_pipeline' retrieved from /opt/airflow/dags/youtube_pipeline.py
[2026-08-22T06:51:20.442+0000] {logging_mixin.py:188} INFO - [2026-08-22T06:51:20.441+0000] {dag.py:3089} INFO - Sync 1 DAGs
[2026-08-22T06:51:20.498+0000] {processor.py:183} INFO - Processing /opt/airflow/dags/youtube_pipeline.py took 0.181 seconds
[2026-08-22T06:51:50.721+0000] {processor.py:161} INFO - Started process (PID=69090) to work on /opt/airflow/dags/youtube_pipeline.py
[2026-08-22T06:51:50.723+0000] {processor.py:830} INFO - Processing file /opt/airflow/dags/youtube_pipeline.py for tasks to queue
[2026-08-22T06:51:50.727+0000] {logging_mixin.py:188} INFO - [2026-08-22T06:51:50.727+0000] {dagbag.py:545} INFO - Filling up the DagBag from /opt/airflow/dags/youtube_pipeline.py
[2026-08-22T06:51:50.793+0000] {processor.py:840} INFO - DAG(s) 'youtube_english_video_pipeline' retrieved from /opt/airflow/dags/youtube_pipeline.py
[2026-08-22T06:51:50.862+0000] {logging_mixin.py:188} INFO - [2026-08-22T06:51:50.861+0000] {dag.py:3089} INFO - Sync 1 DAGs
[2026-08-22T06:51:50.938+0000] {processor.py:183} INFO - Processing /opt/airflow/dags/youtube_pipeline.py took 0.232 seconds
[2026-08-22T06:52:21.082+0000] {processor.py:161} INFO - Started process (PID=69850) to work on /opt/airflow/dags/youtube_pipeline.py
[2026-08-22T06:52:21.084+0000] {processor.py:830} INFO - Processing file /opt/airflow/dags/youtube_pipeline.py for tasks to queue
[2026-08-22T06:52:21.087+0000] {logging_mixin.py:188} INFO - [2026-08-22T06:52:21.086+0000] {dagbag.py:545} INFO - Filling up the DagBag from /opt/airflow/dags/youtube_pipeline.py
[2026-08-22T06:52:21.150+0000] {processor.py:840} INFO - DAG(s) 'youtube_english_video_pipeline' retrieved from /opt/airflow/dags/youtube_pipeline.py
[2026-08-22T06:52:21.202+0000] {logging_mixin.py:188} INFO - [2026-08-22T06:52:21.202+0000] {dag.py:3089} INFO - Sync 1 DAGs
[2026-08-22T06:52:21.255+0000] {processor.py:183} INFO - Processing /opt/airflow/dags/youtube_pipeline.py took 0.182 seconds
[2026-08-22T06:52:51.477+0000] {processor.py:161} INFO - Started process (PID=70610) to work on /opt/airflow/dags/youtube_pipeline.py
[2026-08-22T06:52:51.478+0000] {processor.py:830} INFO - Processing file /opt/airflow/dags/youtube_pipeline.py for tasks to queue
[2026-08-22T06:52:51.481+0000] {logging_mixin.py:188} INFO - [2026-08-22T06:52:51.480+0000] {dagbag.py:545} INFO - Filling up the DagBag from /opt/airflow/dags/youtube_pipeline.py
[2026-08-22T06:52:51.535+0000] {processor.py:840} INFO - DAG(s) 'youtube_english_video_pipeline' retrieved from /opt/airflow/dags/youtube_pipeline.py
[2026-08-22T06:52:51.592+0000] {logging_mixin.py:188} INFO - [2026-08-22T06:52:51.592+0000] {dag.py:3089} INFO - Sync 1 DAGs
[2026-08-22T06:52:51.644+0000] {processor.py:183} INFO - Processing /opt/airflow/dags/youtube_pipeline.py took 0.178 seconds
[2026-08-22T06:53:21.965+0000] {processor.py:161} INFO - Started process (PID=70694) to work on /opt/airflow/dags/youtube_pipeline.py
[2026-08-22T06:53:21.967+0000] {processor.py:830} INFO - Processing file /opt/airflow/dags/youtube_pipeline.py for tasks to queue
[2026-08-22T06:53:21.972+0000] {logging_mixin.py:188} INFO - [2026-08-22T06:53:21.971+0000] {dagbag.py:545} INFO - Filling up the DagBag from /opt/airflow/dags/youtube_pipeline.py
[2026-08-22T06:53:22.083+0000] {processor.py:840} INFO - DAG(s) 'youtube_english_video_pipeline' retrieved from /opt/airflow/dags/youtube_pipeline.py
[2026-08-22T06:53:22.189+0000] {logging_mixin.py:188} INFO - [2026-08-22T06:53:22.189+0000] {dag.py:3089} INFO - Sync 1 DAGs
[2026-08-22T06:53:22.275+0000] {processor.py:183} INFO - Processing /opt/airflow/dags/youtube_pipeline.py took 0.326 seconds
[2026-08-22T06:53:52.370+0000] {processor.py:161} INFO - Started process (PID=70725) to work on /opt/airflow/dags/youtube_pipeline.py
[2026-08-22T06:53:52.371+0000] {processor.py:830} INFO - Processing file /opt/airflow/dags/youtube_pipeline.py for tasks to queue
[2026-08-22T06:53:52.373+0000] {logging_mixin.py:188} INFO - [2026-08-22T06:53:52.373+0000] {dagbag.py:545} INFO - Filling up the DagBag from /opt/airflow/dags/youtube_pipeline.py
[2026-08-22T06:53:52.426+0000] {processor.py:840} INFO - DAG(s) 'youtube_english_video_pipeline' retrieved from /opt/airflow/dags/youtube_pipeline.py
[2026-08-22T06:53:52.469+0000] {logging_mixin.py:188} INFO - [2026-08-22T06:53:52.469+0000] {dag.py:3089} INFO - Sync 1 DAGs
[2026-08-22T06:53:52.509+0000] {processor.py:183} INFO - Processing /opt/airflow/dags/youtube_pipeline.py took 0.148 seconds
[2026-08-22T06:54:22.587+0000] {processor.py:161} INFO - Started process (PID=70768) to work on /opt/airflow/dags/youtube_pipeline.py
[2026-08-22T06:54:22.590+0000] {processor.py:830} INFO - Processing file /opt/airflow/dags/youtube_pipeline.py for tasks to queue
[2026-08-22T06:54:22.594+0000] {logging_mixin.py:188} INFO - [2026-08-22T06:54:22.593+0000] {dagbag.py:545} INFO - Filling up the DagBag from /opt/airflow/dags/youtube_pipeline.py
[2026-08-22T06:54:22.660+0000] {processor.py:840} INFO - DAG(s) 'youtube_english_video_pipeline' retrieved from /opt/airflow/dags/youtube_pipeline.py
[2026-08-22T06:54:22.713+0000] {logging_mixin.py:188} INFO - [2026-08-22T06:54:22.713+0000] {dag.py:3089} INFO - Sync 1 DAGs
[2026-08-22T06:54:22.759+0000] {processor.py:183} INFO - Processing /opt/airflow/dags/youtube_pipeline.py took 0.180 seconds
[2026-08-22T06:54:53.070+0000] {processor.py:161} INFO - Started process (PID=70774) to work on /opt/airflow/dags/youtube_pipeline.py
[2026-08-22T06:54:53.072+0000] {processor.py:830} INFO - Processing file /opt/airflow/dags/youtube_pipeline.py for tasks to queue
[2026-08-22T06:54:53.075+0000] {logging_mixin.py:188} INFO - [2026-08-22T06:54:53.074+0000] {dagbag.py:545} INFO - Filling up the DagBag from /opt/airflow/dags/youtube_pipeline.py
[2026-08-22T06:54:53.162+0000] {processor.py:840} INFO - DAG(s) 'youtube_english_video_pipeline' retrieved from /opt/airflow/dags/youtube_pipeline.py
[2026-08-22T06:54:53.210+0000] {logging_mixin.py:188} INFO - [2026-08-22T06:54:53.209+0000] {dag.py:3089} INFO - Sync 1 DAGs
[2026-08-22T06:54:53.253+0000] {processor.py:183} INFO - Processing /opt/airflow/dags/youtube_pipeline.py took 0.192 seconds
[2026-08-22T06:55:23.558+0000] {processor.py:161} INFO - Started process (PID=70779) to work on /opt/airflow/dags/youtube_pipeline.py
[2026-08-22T06:55:23.560+0000] {processor.py:830} INFO - Processing file /opt/airflow/dags/youtube_pipeline.py for tasks to queue
[2026-08-22T06:55:23.562+0000] {logging_mixin.py:188} INFO - [2026-08-22T06:55:23.562+0000] {dagbag.py:545} INFO - Filling up the DagBag from /opt/airflow/dags/youtube_pipeline.py
[2026-08-22T06:55:23.621+0000] {processor.py:840} INFO - DAG(s) 'youtube_english_video_pipeline' retrieved from /opt/airflow/dags/youtube_pipeline.py
[2026-08-22T06:55:23.677+0000] {logging_mixin.py:188} INFO - [2026-08-22T06:55:23.677+0000] {dag.py:3089} INFO - Sync 1 DAGs
[2026-08-22T06:55:23.718+0000] {processor.py:183} INFO - Processing /opt/airflow/dags/youtube_pipeline.py took 0.170 seconds
[2026-08-22T06:55:53.945+0000] {processor.py:161} INFO - Started process (PID=70784) to work on /opt/airflow/dags/youtube_pipeline.py
[2026-08-22T06:55:53.947+0000] {processor.py:830} INFO - Processing file /opt/airflow/dags/youtube_pipeline.py for tasks to queue
[2026-08-22T06:55:53.950+0000] {logging_mixin.py:188} INFO - [2026-08-22T06:55:53.950+0000] {dagbag.py:545} INFO - Filling up the DagBag from /opt/airflow/dags/youtube_pipeline.py
[2026-08-22T06:55:54.028+0000] {processor.py:840} INFO - DAG(s) 'youtube_english_video_pipeline' retrieved from /opt/airflow/dags/youtube_pipeline.py
[2026-08-22T06:55:54.078+0000] {logging_mixin.py:188} INFO - [2026-08-22T06:55:54.077+0000] {dag.py:3089} INFO - Sync 1 DAGs
[2026-08-22T06:55:54.127+0000] {processor.py:183} INFO - Processing /opt/airflow/dags/youtube_pipeline.py took 0.195 seconds
[2026-08-22T06:56:24.283+0000] {processor.py:161} INFO - Started process (PID=70789) to work on /opt/airflow/dags/youtube_pipeline.py
[2026-08-22T06:56:24.285+0000] {processor.py:830} INFO - Processing file /opt/airflow/dags/youtube_pipeline.py for tasks to queue
[2026-08-22T06:56:24.288+0000] {logging_mixin.py:188} INFO - [2026-08-22T06:56:24.287+0000] {dagbag.py:545} INFO - Filling up the DagBag from /opt/airflow/dags/youtube_pipeline.py
[2026-08-22T06:56:24.342+0000] {processor.py:840} INFO - DAG(s) 'youtube_english_video_pipeline' retrieved from /opt/airflow/dags/youtube_pipeline.py
[2026-08-22T06:56:24.389+0000] {logging_mixin.py:188} INFO - [2026-08-22T06:56:24.389+0000] {dag.py:3089} INFO - Sync 1 DAGs
[2026-08-22T06:56:24.449+0000] {processor.py:183} INFO - Processing /opt/airflow/dags/youtube_pipeline.py took 0.176 seconds
[2026-08-22T06:56:54.763+0000] {processor.py:161} INFO - Started process (PID=70794) to work on /opt/airflow/dags/youtube_pipeline.py
[2026-08-22T06:56:54.765+0000] {processor.py:830} INFO - Processing file /opt/airflow/dags/youtube_pipeline.py for tasks to queue
[2026-08-22T06:56:54.770+0000] {logging_mixin.py:188} INFO - [2026-08-22T06:56:54.769+0000] {dagbag.py:545} INFO - Filling up the DagBag from /opt/airflow/dags/youtube_pipeline.py
[2026-08-22T06:56:54.884+0000] {processor.py:840} INFO - DAG(s) 'youtube_english_video_pipeline' retrieved from /opt/airflow/dags/youtube_pipeline.py
[2026-08-22T06:56:54.976+0000] {logging_mixin.py:188} INFO - [2026-08-22T06:56:54.976+0000] {dag.py:3089} INFO - Sync 1 DAGs
[2026-08-22T06:56:55.081+0000] {processor.py:183} INFO - Processing /opt/airflow/dags/youtube_pipeline.py took 0.334 seconds
[2026-08-22T06:57:25.476+0000] {processor.py:161} INFO - Started process (PID=70799) to work on /opt/airflow/dags/youtube_pipeline.py
[2026-08-22T06:57:25.478+0000] {processor.py:830} INFO - Processing file /opt/airflow/dags/youtube_pipeline.py for tasks to queue
[2026-08-22T06:57:25.480+0000] {logging_mixin.py:188} INFO - [2026-08-22T06:57:25.480+0000] {dagbag.py:545} INFO - Filling up the DagBag from /opt/airflow/dags/youtube_pipeline.py
[2026-08-22T06:57:25.545+0000] {processor.py:840} INFO - DAG(s) 'youtube_english_video_pipeline' retrieved from /opt/airflow/dags/youtube_pipeline.py
[2026-08-22T06:57:25.593+0000] {logging_mixin.py:188} INFO - [2026-08-22T06:57:25.593+0000] {dag.py:3089} INFO - Sync 1 DAGs
[2026-08-22T06:57:25.655+0000] {processor.py:183} INFO - Processing /opt/airflow/dags/youtube_pipeline.py took 0.187 seconds
[2026-08-22T06:57:55.779+0000] {processor.py:161} INFO - Started process (PID=70804) to work on /opt/airflow/dags/youtube_pipeline.py
[2026-08-22T06:57:55.780+0000] {processor.py:830} INFO - Processing file /opt/airflow/dags/youtube_pipeline.py for tasks to queue
[2026-08-22T06:57:55.783+0000] {logging_mixin.py:188} INFO - [2026-08-22T06:57:55.783+0000] {dagbag.py:545} INFO - Filling up the DagBag from /opt/airflow/dags/youtube_pipeline.py
[2026-08-22T06:57:55.827+0000] {processor.py:840} INFO - DAG(s) 'youtube_english_video_pipeline' retrieved from /opt/airflow/dags/youtube_pipeline.py
[2026-08-22T06:57:55.870+0000] {logging_mixin.py:188} INFO - [2026-08-22T06:57:55.870+0000] {dag.py:3089} INFO - Sync 1 DAGs
[2026-08-22T06:57:55.914+0000] {processor.py:183} INFO - Processing /opt/airflow/dags/youtube_pipeline.py took 0.146 seconds
[2026-08-22T06:58:26.036+0000] {processor.py:161} INFO - Started process (PID=70809) to work on /opt/airflow/dags/youtube_pipeline.py
[2026-08-22T06:58:26.038+0000] {processor.py:830} INFO - Processing file /opt/airflow/dags/youtube_pipeline.py for tasks to queue
[2026-08-22T06:58:26.040+0000] {logging_mixin.py:188} INFO - [2026-08-22T06:58:26.040+0000] {dagbag.py:545} INFO - Filling up the DagBag from /opt/airflow/dags/youtube_pipeline.py
[2026-08-22T06:58:26.092+0000] {processor.py:840} INFO - DAG(s) 'youtube_english_video_pipeline' retrieved from /opt/airflow/dags/youtube_pipeline.py
[2026-08-22T06:58:26.139+0000] {logging_mixin.py:188} INFO - [2026-08-22T06:58:26.138+0000] {dag.py:3089} INFO - Sync 1 DAGs
[2026-08-22T06:58:26.198+0000] {processor.py:183} INFO - Processing /opt/airflow/dags/youtube_pipeline.py took 0.170 seconds
[2026-08-22T06:58:56.493+0000] {processor.py:161} INFO - Started process (PID=70814) to work on /opt/airflow/dags/youtube_pipeline.py
[2026-08-22T06:58:56.495+0000] {processor.py:830} INFO - Processing file /opt/airflow/dags/youtube_pipeline.py for tasks to queue
[2026-08-22T06:58:56.498+0000] {logging_mixin.py:188} INFO - [2026-08-22T06:58:56.498+0000] {dagbag.py:545} INFO - Filling up the DagBag from /opt/airflow/dags/youtube_pipeline.py
[2026-08-22T06:58:56.577+0000] {processor.py:840} INFO - DAG(s) 'youtube_english_video_pipeline' retrieved from /opt/airflow/dags/youtube_pipeline.py
[2026-08-22T06:58:56.624+0000] {logging_mixin.py:188} INFO - [2026-08-22T06:58:56.623+0000] {dag.py:3089} INFO - Sync 1 DAGs
[2026-08-22T06:58:56.679+0000] {processor.py:183} INFO - Processing /opt/airflow/dags/youtube_pipeline.py took 0.195 seconds
[2026-08-22T06:59:26.803+0000] {processor.py:161} INFO - Started process (PID=70842) to work on /opt/airflow/dags/youtube_pipeline.py
[2026-08-22T06:59:26.805+0000] {processor.py:830} INFO - Processing file /opt/airflow/dags/youtube_pipeline.py for tasks to queue
[2026-08-22T06:59:26.808+0000] {logging_mixin.py:188} INFO - [2026-08-22T06:59:26.807+0000] {dagbag.py:545} INFO - Filling up the DagBag from /opt/airflow/dags/youtube_pipeline.py
[2026-08-22T06:59:26.856+0000] {processor.py:840} INFO - DAG(s) 'youtube_english_video_pipeline' retrieved from /opt/airflow/dags/youtube_pipeline.py
[2026-08-22T06:59:26.909+0000] {logging_mixin.py:188} INFO - [2026-08-22T06:59:26.909+0000] {dag.py:3089} INFO - Sync 1 DAGs
[2026-08-22T06:59:26.953+0000] {processor.py:183} INFO - Processing /opt/airflow/dags/youtube_pipeline.py took 0.159 seconds
[2026-08-22T06:59:57.269+0000] {processor.py:161} INFO - Started process (PID=70863) to work on /opt/airflow/dags/youtube_pipeline.py
[2026-08-22T06:59:57.271+0000] {processor.py:830} INFO - Processing file /opt/airflow/dags/youtube_pipeline.py for tasks to queue
[2026-08-22T06:59:57.274+0000] {logging_mixin.py:188} INFO - [2026-08-22T06:59:57.274+0000] {dagbag.py:545} INFO - Filling up the DagBag from /opt/airflow/dags/youtube_pipeline.py
[2026-08-22T06:59:57.343+0000] {processor.py:840} INFO - DAG(s) 'youtube_english_video_pipeline' retrieved from /opt/airflow/dags/youtube_pipeline.py
[2026-08-22T06:59:57.409+0000] {logging_mixin.py:188} INFO - [2026-08-22T06:59:57.409+0000] {dag.py:3089} INFO - Sync 1 DAGs
[2026-08-22T06:59:57.469+0000] {processor.py:183} INFO - Processing /opt/airflow/dags/youtube_pipeline.py took 0.208 seconds
[2026-08-22T07:00:27.748+0000] {processor.py:161} INFO - Started process (PID=70868) to work on /opt/airflow/dags/youtube_pipeline.py
[2026-08-22T07:00:27.752+0000] {processor.py:830} INFO - Processing file /opt/airflow/dags/youtube_pipeline.py for tasks to queue
[2026-08-22T07:00:27.758+0000] {logging_mixin.py:188} INFO - [2026-08-22T07:00:27.758+0000] {dagbag.py:545} INFO - Filling up the DagBag from /opt/airflow/dags/youtube_pipeline.py
[2026-08-22T07:00:27.833+0000] {processor.py:840} INFO - DAG(s) 'youtube_english_video_pipeline' retrieved from /opt/airflow/dags/youtube_pipeline.py
[2026-08-22T07:00:27.876+0000] {logging_mixin.py:188} INFO - [2026-08-22T07:00:27.876+0000] {dag.py:3089} INFO - Sync 1 DAGs
[2026-08-22T07:00:27.917+0000] {processor.py:183} INFO - Processing /opt/airflow/dags/youtube_pipeline.py took 0.190 seconds
[2026-08-22T07:00:58.058+0000] {processor.py:161} INFO - Started process (PID=70873) to work on /opt/airflow/dags/youtube_pipeline.py
[2026-08-22T07:00:58.059+0000] {processor.py:830} INFO - Processing file /opt/airflow/dags/youtube_pipeline.py for tasks to queue
[2026-08-22T07:00:58.062+0000] {logging_mixin.py:188} INFO - [2026-08-22T07:00:58.062+0000] {dagbag.py:545} INFO - Filling up the DagBag from /opt/airflow/dags/youtube_pipeline.py
[2026-08-22T07:00:58.127+0000] {processor.py:840} INFO - DAG(s) 'youtube_english_video_pipeline' retrieved from /opt/airflow/dags/youtube_pipeline.py
[2026-08-22T07:00:58.185+0000] {logging_mixin.py:188} INFO - [2026-08-22T07:00:58.185+0000] {dag.py:3089} INFO - Sync 1 DAGs
[2026-08-22T07:00:58.239+0000] {processor.py:183} INFO - Processing /opt/airflow/dags/youtube_pipeline.py took 0.190 seconds
[2026-08-22T07:01:28.584+0000] {processor.py:161} INFO - Started process (PID=70878) to work on /opt/airflow/dags/youtube_pipeline.py
[2026-08-22T07:01:28.586+0000] {processor.py:830} INFO - Processing file /opt/airflow/dags/youtube_pipeline.py for tasks to queue
[2026-08-22T07:01:28.593+0000] {logging_mixin.py:188} INFO - [2026-08-22T07:01:28.592+0000] {dagbag.py:545} INFO - Filling up the DagBag from /opt/airflow/dags/youtube_pipeline.py
[2026-08-22T07:01:28.748+0000] {processor.py:840} INFO - DAG(s) 'youtube_english_video_pipeline' retrieved from /opt/airflow/dags/youtube_pipeline.py
[2026-08-22T07:01:28.802+0000] {logging_mixin.py:188} INFO - [2026-08-22T07:01:28.801+0000] {dag.py:3089} INFO - Sync 1 DAGs
[2026-08-22T07:01:28.874+0000] {processor.py:183} INFO - Processing /opt/airflow/dags/youtube_pipeline.py took 0.303 seconds
[2026-08-22T07:01:59.221+0000] {processor.py:161} INFO - Started process (PID=70883) to work on /opt/airflow/dags/youtube_pipeline.py
[2026-08-22T07:01:59.222+0000] {processor.py:830} INFO - Processing file /opt/airflow/dags/youtube_pipeline.py for tasks to queue
[2026-08-22T07:01:59.225+0000] {logging_mixin.py:188} INFO - [2026-08-22T07:01:59.224+0000] {dagbag.py:545} INFO - Filling up the DagBag from /opt/airflow/dags/youtube_pipeline.py
[2026-08-22T07:01:59.277+0000] {processor.py:840} INFO - DAG(s) 'youtube_english_video_pipeline' retrieved from /opt/airflow/dags/youtube_pipeline.py
[2026-08-22T07:01:59.324+0000] {logging_mixin.py:188} INFO - [2026-08-22T07:01:59.324+0000] {dag.py:3089} INFO - Sync 1 DAGs
[2026-08-22T07:01:59.379+0000] {processor.py:183} INFO - Processing /opt/airflow/dags/youtube_pipeline.py took 0.166 seconds
[2026-08-22T07:02:29.598+0000] {processor.py:161} INFO - Started process (PID=70888) to work on /opt/airflow/dags/youtube_pipeline.py
[2026-08-22T07:02:29.600+0000] {processor.py:830} INFO - Processing file /opt/airflow/dags/youtube_pipeline.py for tasks to queue
[2026-08-22T07:02:29.603+0000] {logging_mixin.py:188} INFO - [2026-08-22T07:02:29.602+0000] {dagbag.py:545} INFO - Filling up the DagBag from /opt/airflow/dags/youtube_pipeline.py
[2026-08-22T07:02:29.665+0000] {processor.py:840} INFO - DAG(s) 'youtube_english_video_pipeline' retrieved from /opt/airflow/dags/youtube_pipeline.py
[2026-08-22T07:02:29.724+0000] {logging_mixin.py:188} INFO - [2026-08-22T07:02:29.724+0000] {dag.py:3089} INFO - Sync 1 DAGs
[2026-08-22T07:02:29.773+0000] {processor.py:183} INFO - Processing /opt/airflow/dags/youtube_pipeline.py took 0.191 seconds
[2026-08-22T07:03:00.087+0000] {processor.py:161} INFO - Started process (PID=70893) to work on /opt/airflow/dags/youtube_pipeline.py
[2026-08-22T07:03:00.089+0000] {processor.py:830} INFO - Processing file /opt/airflow/dags/youtube_pipeline.py for tasks to queue
[2026-08-22T07:03:00.091+0000] {logging_mixin.py:188} INFO - [2026-08-22T07:03:00.091+0000] {dagbag.py:545} INFO - Filling up the DagBag from /opt/airflow/dags/youtube_pipeline.py
[2026-08-22T07:03:00.145+0000] {processor.py:840} INFO - DAG(s) 'youtube_english_video_pipeline' retrieved from /opt/airflow/dags/youtube_pipeline.py
[2026-08-22T07:03:00.194+0000] {logging_mixin.py:188} INFO - [2026-08-22T07:03:00.194+0000] {dag.py:3089} INFO - Sync 1 DAGs
[2026-08-22T07:03:00.238+0000] {processor.py:183} INFO - Processing /opt/airflow/dags/youtube_pipeline.py took 0.162 seconds
[2026-08-22T07:03:30.331+0000] {processor.py:161} INFO - Started process (PID=70898) to work on /opt/airflow/dags/youtube_pipeline.py
[2026-08-22T07:03:30.333+0000] {processor.py:830} INFO - Processing file /opt/airflow/dags/youtube_pipeline.py for tasks to queue
[2026-08-22T07:03:30.335+0000] {logging_mixin.py:188} INFO - [2026-08-22T07:03:30.334+0000] {dagbag.py:545} INFO - Filling up the DagBag from /opt/airflow/dags/youtube_pipeline.py
[2026-08-22T07:03:30.387+0000] {processor.py:840} INFO - DAG(s) 'youtube_english_video_pipeline' retrieved from /opt/airflow/dags/youtube_pipeline.py
[2026-08-22T07:03:30.442+0000] {logging_mixin.py:188} INFO - [2026-08-22T07:03:30.442+0000] {dag.py:3089} INFO - Sync 1 DAGs
[2026-08-22T07:03:30.487+0000] {processor.py:183} INFO - Processing /opt/airflow/dags/youtube_pipeline.py took 0.166 seconds
[2026-08-22T07:04:00.764+0000] {processor.py:161} INFO - Started process (PID=70903) to work on /opt/airflow/dags/youtube_pipeline.py
[2026-08-22T07:04:00.766+0000] {processor.py:830} INFO - Processing file /opt/airflow/dags/youtube_pipeline.py for tasks to queue
[2026-08-22T07:04:00.769+0000] {logging_mixin.py:188} INFO - [2026-08-22T07:04:00.768+0000] {dagbag.py:545} INFO - Filling up the DagBag from /opt/airflow/dags/youtube_pipeline.py
[2026-08-22T07:04:00.818+0000] {processor.py:840} INFO - DAG(s) 'youtube_english_video_pipeline' retrieved from /opt/airflow/dags/youtube_pipeline.py
[2026-08-22T07:04:00.873+0000] {logging_mixin.py:188} INFO - [2026-08-22T07:04:00.873+0000] {dag.py:3089} INFO - Sync 1 DAGs
[2026-08-22T07:04:00.919+0000] {processor.py:183} INFO - Processing /opt/airflow/dags/youtube_pipeline.py took 0.164 seconds
[2026-08-22T07:04:31.015+0000] {processor.py:161} INFO - Started process (PID=70908) to work on /opt/airflow/dags/youtube_pipeline.py
[2026-08-22T07:04:31.017+0000] {processor.py:830} INFO - Processing file /opt/airflow/dags/youtube_pipeline.py for tasks to queue
[2026-08-22T07:04:31.019+0000] {logging_mixin.py:188} INFO - [2026-08-22T07:04:31.019+0000] {dagbag.py:545} INFO - Filling up the DagBag from /opt/airflow/dags/youtube_pipeline.py
[2026-08-22T07:04:31.067+0000] {processor.py:840} INFO - DAG(s) 'youtube_english_video_pipeline' retrieved from /opt/airflow/dags/youtube_pipeline.py
[2026-08-22T07:04:31.588+0000] {logging_mixin.py:188} INFO - [2026-08-22T07:04:31.588+0000] {dag.py:3089} INFO - Sync 1 DAGs
[2026-08-22T07:04:31.606+0000] {logging_mixin.py:188} INFO - [2026-08-22T07:04:31.606+0000] {dag.py:3111} INFO - Creating ORM DAG for youtube_english_video_pipeline
[2026-08-22T07:04:31.629+0000] {logging_mixin.py:188} INFO - [2026-08-22T07:04:31.629+0000] {dag.py:3947} INFO - Setting next_dagrun for youtube_english_video_pipeline to 2026-08-20 12:00:00+00:00, run_after=2026-08-21 12:00:00+00:00
[2026-08-22T07:04:31.674+0000] {processor.py:183} INFO - Processing /opt/airflow/dags/youtube_pipeline.py took 0.669 seconds
[2026-08-22T07:05:02.153+0000] {processor.py:161} INFO - Started process (PID=70937) to work on /opt/airflow/dags/youtube_pipeline.py
[2026-08-22T07:05:02.158+0000] {processor.py:830} INFO - Processing file /opt/airflow/dags/youtube_pipeline.py for tasks to queue
[2026-08-22T07:05:02.163+0000] {logging_mixin.py:188} INFO - [2026-08-22T07:05:02.162+0000] {dagbag.py:545} INFO - Filling up the DagBag from /opt/airflow/dags/youtube_pipeline.py
[2026-08-22T07:05:02.351+0000] {processor.py:840} INFO - DAG(s) 'youtube_english_video_pipeline' retrieved from /opt/airflow/dags/youtube_pipeline.py
[2026-08-22T07:05:02.369+0000] {logging_mixin.py:188} INFO - [2026-08-22T07:05:02.369+0000] {dag.py:3089} INFO - Sync 1 DAGs
[2026-08-22T07:05:02.426+0000] {processor.py:183} INFO - Processing /opt/airflow/dags/youtube_pipeline.py took 0.291 seconds
[2026-08-22T07:05:32.805+0000] {processor.py:161} INFO - Started process (PID=70944) to work on /opt/airflow/dags/youtube_pipeline.py
[2026-08-22T07:05:32.807+0000] {processor.py:830} INFO - Processing file /opt/airflow/dags/youtube_pipeline.py for tasks to queue
[2026-08-22T07:05:32.809+0000] {logging_mixin.py:188} INFO - [2026-08-22T07:05:32.808+0000] {dagbag.py:545} INFO - Filling up the DagBag from /opt/airflow/dags/youtube_pipeline.py
[2026-08-22T07:05:32.851+0000] {processor.py:840} INFO - DAG(s) 'youtube_english_video_pipeline' retrieved from /opt/airflow/dags/youtube_pipeline.py
[2026-08-22T07:05:32.965+0000] {logging_mixin.py:188} INFO - [2026-08-22T07:05:32.965+0000] {dag.py:3089} INFO - Sync 1 DAGs
[2026-08-22T07:05:33.012+0000] {processor.py:183} INFO - Processing /opt/airflow/dags/youtube_pipeline.py took 0.215 seconds
[2026-08-22T07:06:03.255+0000] {processor.py:161} INFO - Started process (PID=70951) to work on /opt/airflow/dags/youtube_pipeline.py
[2026-08-22T07:06:03.257+0000] {processor.py:830} INFO - Processing file /opt/airflow/dags/youtube_pipeline.py for tasks to queue
[2026-08-22T07:06:03.260+0000] {logging_mixin.py:188} INFO - [2026-08-22T07:06:03.260+0000] {dagbag.py:545} INFO - Filling up the DagBag from /opt/airflow/dags/youtube_pipeline.py
[2026-08-22T07:06:03.311+0000] {processor.py:840} INFO - DAG(s) 'youtube_english_video_pipeline' retrieved from /opt/airflow/dags/youtube_pipeline.py
[2026-08-22T07:06:03.358+0000] {logging_mixin.py:188} INFO - [2026-08-22T07:06:03.357+0000] {dag.py:3089} INFO - Sync 1 DAGs
[2026-08-22T07:06:03.404+0000] {processor.py:183} INFO - Processing /opt/airflow/dags/youtube_pipeline.py took 0.156 seconds
[2026-08-22T07:06:33.528+0000] {processor.py:161} INFO - Started process (PID=70960) to work on /opt/airflow/dags/youtube_pipeline.py
[2026-08-22T07:06:33.530+0000] {processor.py:830} INFO - Processing file /opt/airflow/dags/youtube_pipeline.py for tasks to queue
[2026-08-22T07:06:33.536+0000] {logging_mixin.py:188} INFO - [2026-08-22T07:06:33.536+0000] {dagbag.py:545} INFO - Filling up the DagBag from /opt/airflow/dags/youtube_pipeline.py
[2026-08-22T07:06:33.590+0000] {processor.py:840} INFO - DAG(s) 'youtube_english_video_pipeline' retrieved from /opt/airflow/dags/youtube_pipeline.py
[2026-08-22T07:06:33.662+0000] {logging_mixin.py:188} INFO - [2026-08-22T07:06:33.662+0000] {dag.py:3089} INFO - Sync 1 DAGs
[2026-08-22T07:06:33.718+0000] {processor.py:183} INFO - Processing /opt/airflow/dags/youtube_pipeline.py took 0.198 seconds
[2026-08-22T07:07:03.945+0000] {processor.py:161} INFO - Started process (PID=70966) to work on /opt/airflow/dags/youtube_pipeline.py
[2026-08-22T07:07:03.947+0000] {processor.py:830} INFO - Processing file /opt/airflow/dags/youtube_pipeline.py for tasks to queue
[2026-08-22T07:07:03.949+0000] {logging_mixin.py:188} INFO - [2026-08-22T07:07:03.949+0000] {dagbag.py:545} INFO - Filling up the DagBag from /opt/airflow/dags/youtube_pipeline.py
[2026-08-22T07:07:03.997+0000] {processor.py:840} INFO - DAG(s) 'youtube_english_video_pipeline' retrieved from /opt/airflow/dags/youtube_pipeline.py
[2026-08-22T07:07:04.052+0000] {logging_mixin.py:188} INFO - [2026-08-22T07:07:04.052+0000] {dag.py:3089} INFO - Sync 1 DAGs
[2026-08-22T07:07:04.097+0000] {processor.py:183} INFO - Processing /opt/airflow/dags/youtube_pipeline.py took 0.160 seconds
[2026-08-22T07:07:34.241+0000] {processor.py:161} INFO - Started process (PID=70973) to work on /opt/airflow/dags/youtube_pipeline.py
[2026-08-22T07:07:34.242+0000] {processor.py:830} INFO - Processing file /opt/airflow/dags/youtube_pipeline.py for tasks to queue
[2026-08-22T07:07:34.244+0000] {logging_mixin.py:188} INFO - [2026-08-22T07:07:34.244+0000] {dagbag.py:545} INFO - Filling up the DagBag from /opt/airflow/dags/youtube_pipeline.py
[2026-08-22T07:07:34.287+0000] {processor.py:840} INFO - DAG(s) 'youtube_english_video_pipeline' retrieved from /opt/airflow/dags/youtube_pipeline.py
[2026-08-22T07:07:34.330+0000] {logging_mixin.py:188} INFO - [2026-08-22T07:07:34.330+0000] {dag.py:3089} INFO - Sync 1 DAGs
[2026-08-22T07:07:34.374+0000] {processor.py:183} INFO - Processing /opt/airflow/dags/youtube_pipeline.py took 0.143 seconds
[2026-08-22T07:08:04.690+0000] {processor.py:161} INFO - Started process (PID=71231) to work on /opt/airflow/dags/youtube_pipeline.py
[2026-08-22T07:08:04.693+0000] {processor.py:830} INFO - Processing file /opt/airflow/dags/youtube_pipeline.py for tasks to queue
[2026-08-22T07:08:04.696+0000] {logging_mixin.py:188} INFO - [2026-08-22T07:08:04.695+0000] {dagbag.py:545} INFO - Filling up the DagBag from /opt/airflow/dags/youtube_pipeline.py
[2026-08-22T07:08:04.754+0000] {processor.py:840} INFO - DAG(s) 'youtube_english_video_pipeline' retrieved from /opt/airflow/dags/youtube_pipeline.py
[2026-08-22T07:08:04.819+0000] {logging_mixin.py:188} INFO - [2026-08-22T07:08:04.819+0000] {dag.py:3089} INFO - Sync 1 DAGs
[2026-08-22T07:08:04.870+0000] {processor.py:183} INFO - Processing /opt/airflow/dags/youtube_pipeline.py took 0.188 seconds
[2026-08-22T07:08:34.989+0000] {processor.py:161} INFO - Started process (PID=71547) to work on /opt/airflow/dags/youtube_pipeline.py
[2026-08-22T07:08:34.993+0000] {processor.py:830} INFO - Processing file /opt/airflow/dags/youtube_pipeline.py for tasks to queue
[2026-08-22T07:08:34.995+0000] {logging_mixin.py:188} INFO - [2026-08-22T07:08:34.995+0000] {dagbag.py:545} INFO - Filling up the DagBag from /opt/airflow/dags/youtube_pipeline.py
[2026-08-22T07:08:35.056+0000] {processor.py:840} INFO - DAG(s) 'youtube_english_video_pipeline' retrieved from /opt/airflow/dags/youtube_pipeline.py
[2026-08-22T07:08:35.105+0000] {logging_mixin.py:188} INFO - [2026-08-22T07:08:35.105+0000] {dag.py:3089} INFO - Sync 1 DAGs
[2026-08-22T07:08:35.151+0000] {processor.py:183} INFO - Processing /opt/airflow/dags/youtube_pipeline.py took 0.174 seconds
[2026-08-22T07:09:05.599+0000] {processor.py:161} INFO - Started process (PID=72457) to work on /opt/airflow/dags/youtube_pipeline.py
[2026-08-22T07:09:05.603+0000] {processor.py:830} INFO - Processing file /opt/airflow/dags/youtube_pipeline.py for tasks to queue
[2026-08-22T07:09:05.620+0000] {logging_mixin.py:188} INFO - [2026-08-22T07:09:05.619+0000] {dagbag.py:545} INFO - Filling up the DagBag from /opt/airflow/dags/youtube_pipeline.py
[2026-08-22T07:09:05.824+0000] {processor.py:840} INFO - DAG(s) 'youtube_english_video_pipeline' retrieved from /opt/airflow/dags/youtube_pipeline.py
[2026-08-22T07:09:05.893+0000] {logging_mixin.py:188} INFO - [2026-08-22T07:09:05.893+0000] {dag.py:3089} INFO - Sync 1 DAGs
[2026-08-22T07:09:05.943+0000] {processor.py:183} INFO - Processing /opt/airflow/dags/youtube_pipeline.py took 0.359 seconds
[2026-08-22T07:09:36.270+0000] {processor.py:161} INFO - Started process (PID=73365) to work on /opt/airflow/dags/youtube_pipeline.py
[2026-08-22T07:09:36.272+0000] {processor.py:830} INFO - Processing file /opt/airflow/dags/youtube_pipeline.py for tasks to queue
[2026-08-22T07:09:36.276+0000] {logging_mixin.py:188} INFO - [2026-08-22T07:09:36.275+0000] {dagbag.py:545} INFO - Filling up the DagBag from /opt/airflow/dags/youtube_pipeline.py
[2026-08-22T07:09:36.341+0000] {processor.py:840} INFO - DAG(s) 'youtube_english_video_pipeline' retrieved from /opt/airflow/dags/youtube_pipeline.py
[2026-08-22T07:09:36.410+0000] {logging_mixin.py:188} INFO - [2026-08-22T07:09:36.409+0000] {dag.py:3089} INFO - Sync 1 DAGs
[2026-08-22T07:09:36.470+0000] {processor.py:183} INFO - Processing /opt/airflow/dags/youtube_pipeline.py took 0.213 seconds
[2026-08-22T07:10:06.659+0000] {processor.py:161} INFO - Started process (PID=73600) to work on /opt/airflow/dags/youtube_pipeline.py
[2026-08-22T07:10:06.662+0000] {processor.py:830} INFO - Processing file /opt/airflow/dags/youtube_pipeline.py for tasks to queue
[2026-08-22T07:10:06.667+0000] {logging_mixin.py:188} INFO - [2026-08-22T07:10:06.667+0000] {dagbag.py:545} INFO - Filling up the DagBag from /opt/airflow/dags/youtube_pipeline.py
[2026-08-22T07:10:06.768+0000] {processor.py:840} INFO - DAG(s) 'youtube_english_video_pipeline' retrieved from /opt/airflow/dags/youtube_pipeline.py
[2026-08-22T07:10:06.855+0000] {logging_mixin.py:188} INFO - [2026-08-22T07:10:06.855+0000] {dag.py:3089} INFO - Sync 1 DAGs
[2026-08-22T07:10:06.932+0000] {processor.py:183} INFO - Processing /opt/airflow/dags/youtube_pipeline.py took 0.289 seconds
[2026-08-22T07:10:37.413+0000] {processor.py:161} INFO - Started process (PID=73629) to work on /opt/airflow/dags/youtube_pipeline.py
[2026-08-22T07:10:37.414+0000] {processor.py:830} INFO - Processing file /opt/airflow/dags/youtube_pipeline.py for tasks to queue
[2026-08-22T07:10:37.416+0000] {logging_mixin.py:188} INFO - [2026-08-22T07:10:37.416+0000] {dagbag.py:545} INFO - Filling up the DagBag from /opt/airflow/dags/youtube_pipeline.py
[2026-08-22T07:10:37.463+0000] {processor.py:840} INFO - DAG(s) 'youtube_english_video_pipeline' retrieved from /opt/airflow/dags/youtube_pipeline.py
[2026-08-22T07:10:37.511+0000] {logging_mixin.py:188} INFO - [2026-08-22T07:10:37.511+0000] {dag.py:3089} INFO - Sync 1 DAGs
[2026-08-22T07:10:37.560+0000] {processor.py:183} INFO - Processing /opt/airflow/dags/youtube_pipeline.py took 0.154 seconds
[2026-08-22T07:11:07.737+0000] {processor.py:161} INFO - Started process (PID=73869) to work on /opt/airflow/dags/youtube_pipeline.py
[2026-08-22T07:11:07.740+0000] {processor.py:830} INFO - Processing file /opt/airflow/dags/youtube_pipeline.py for tasks to queue
[2026-08-22T07:11:07.744+0000] {logging_mixin.py:188} INFO - [2026-08-22T07:11:07.743+0000] {dagbag.py:545} INFO - Filling up the DagBag from /opt/airflow/dags/youtube_pipeline.py
[2026-08-22T07:11:07.803+0000] {processor.py:840} INFO - DAG(s) 'youtube_english_video_pipeline' retrieved from /opt/airflow/dags/youtube_pipeline.py
[2026-08-22T07:11:07.867+0000] {logging_mixin.py:188} INFO - [2026-08-22T07:11:07.867+0000] {dag.py:3089} INFO - Sync 1 DAGs
[2026-08-22T07:11:07.927+0000] {processor.py:183} INFO - Processing /opt/airflow/dags/youtube_pipeline.py took 0.201 seconds
[2026-08-22T07:11:38.216+0000] {processor.py:161} INFO - Started process (PID=73898) to work on /opt/airflow/dags/youtube_pipeline.py
[2026-08-22T07:11:38.220+0000] {processor.py:830} INFO - Processing file /opt/airflow/dags/youtube_pipeline.py for tasks to queue
[2026-08-22T07:11:38.226+0000] {logging_mixin.py:188} INFO - [2026-08-22T07:11:38.225+0000] {dagbag.py:545} INFO - Filling up the DagBag from /opt/airflow/dags/youtube_pipeline.py
[2026-08-22T07:11:38.341+0000] {processor.py:840} INFO - DAG(s) 'youtube_english_video_pipeline' retrieved from /opt/airflow/dags/youtube_pipeline.py
[2026-08-22T07:11:38.420+0000] {logging_mixin.py:188} INFO - [2026-08-22T07:11:38.419+0000] {dag.py:3089} INFO - Sync 1 DAGs
[2026-08-22T07:11:38.487+0000] {processor.py:183} INFO - Processing /opt/airflow/dags/youtube_pipeline.py took 0.284 seconds
[2026-08-22T07:12:08.893+0000] {processor.py:161} INFO - Started process (PID=73903) to work on /opt/airflow/dags/youtube_pipeline.py
[2026-08-22T07:12:08.895+0000] {processor.py:830} INFO - Processing file /opt/airflow/dags/youtube_pipeline.py for tasks to queue
[2026-08-22T07:12:08.898+0000] {logging_mixin.py:188} INFO - [2026-08-22T07:12:08.898+0000] {dagbag.py:545} INFO - Filling up the DagBag from /opt/airflow/dags/youtube_pipeline.py
[2026-08-22T07:12:09.027+0000] {processor.py:840} INFO - DAG(s) 'youtube_english_video_pipeline' retrieved from /opt/airflow/dags/youtube_pipeline.py
[2026-08-22T07:12:09.122+0000] {logging_mixin.py:188} INFO - [2026-08-22T07:12:09.121+0000] {dag.py:3089} INFO - Sync 1 DAGs
[2026-08-22T07:12:09.210+0000] {processor.py:183} INFO - Processing /opt/airflow/dags/youtube_pipeline.py took 0.327 seconds
[2026-08-22T07:12:39.615+0000] {processor.py:161} INFO - Started process (PID=73917) to work on /opt/airflow/dags/youtube_pipeline.py
[2026-08-22T07:12:39.618+0000] {processor.py:830} INFO - Processing file /opt/airflow/dags/youtube_pipeline.py for tasks to queue
[2026-08-22T07:12:39.624+0000] {logging_mixin.py:188} INFO - [2026-08-22T07:12:39.623+0000] {dagbag.py:545} INFO - Filling up the DagBag from /opt/airflow/dags/youtube_pipeline.py
[2026-08-22T07:12:39.749+0000] {processor.py:840} INFO - DAG(s) 'youtube_english_video_pipeline' retrieved from /opt/airflow/dags/youtube_pipeline.py
[2026-08-22T07:12:39.842+0000] {logging_mixin.py:188} INFO - [2026-08-22T07:12:39.841+0000] {dag.py:3089} INFO - Sync 1 DAGs
[2026-08-22T07:12:39.934+0000] {processor.py:183} INFO - Processing /opt/airflow/dags/youtube_pipeline.py took 0.332 seconds
[2026-08-22T07:13:10.349+0000] {processor.py:161} INFO - Started process (PID=74676) to work on /opt/airflow/dags/youtube_pipeline.py
[2026-08-22T07:13:10.352+0000] {processor.py:830} INFO - Processing file /opt/airflow/dags/youtube_pipeline.py for tasks to queue
[2026-08-22T07:13:10.355+0000] {logging_mixin.py:188} INFO - [2026-08-22T07:13:10.355+0000] {dagbag.py:545} INFO - Filling up the DagBag from /opt/airflow/dags/youtube_pipeline.py
[2026-08-22T07:13:10.429+0000] {processor.py:840} INFO - DAG(s) 'youtube_english_video_pipeline' retrieved from /opt/airflow/dags/youtube_pipeline.py
[2026-08-22T07:13:10.501+0000] {logging_mixin.py:188} INFO - [2026-08-22T07:13:10.501+0000] {dag.py:3089} INFO - Sync 1 DAGs
[2026-08-22T07:13:10.584+0000] {processor.py:183} INFO - Processing /opt/airflow/dags/youtube_pipeline.py took 0.246 seconds
[2026-08-22T07:13:41.000+0000] {processor.py:161} INFO - Started process (PID=75436) to work on /opt/airflow/dags/youtube_pipeline.py
[2026-08-22T07:13:41.003+0000] {processor.py:830} INFO - Processing file /opt/airflow/dags/youtube_pipeline.py for tasks to queue
[2026-08-22T07:13:41.009+0000] {logging_mixin.py:188} INFO - [2026-08-22T07:13:41.008+0000] {dagbag.py:545} INFO - Filling up the DagBag from /opt/airflow/dags/youtube_pipeline.py
[2026-08-22T07:13:41.126+0000] {processor.py:840} INFO - DAG(s) 'youtube_english_video_pipeline' retrieved from /opt/airflow/dags/youtube_pipeline.py
[2026-08-22T07:13:41.212+0000] {logging_mixin.py:188} INFO - [2026-08-22T07:13:41.212+0000] {dag.py:3089} INFO - Sync 1 DAGs
[2026-08-22T07:13:41.296+0000] {processor.py:183} INFO - Processing /opt/airflow/dags/youtube_pipeline.py took 0.312 seconds
[2026-08-22T07:14:11.677+0000] {processor.py:161} INFO - Started process (PID=76275) to work on /opt/airflow/dags/youtube_pipeline.py
[2026-08-22T07:14:11.681+0000] {processor.py:830} INFO - Processing file /opt/airflow/dags/youtube_pipeline.py for tasks to queue
[2026-08-22T07:14:11.685+0000] {logging_mixin.py:188} INFO - [2026-08-22T07:14:11.685+0000] {dagbag.py:545} INFO - Filling up the DagBag from /opt/airflow/dags/youtube_pipeline.py
[2026-08-22T07:14:11.777+0000] {processor.py:840} INFO - DAG(s) 'youtube_english_video_pipeline' retrieved from /opt/airflow/dags/youtube_pipeline.py
[2026-08-22T07:14:11.872+0000] {logging_mixin.py:188} INFO - [2026-08-22T07:14:11.870+0000] {dag.py:3089} INFO - Sync 1 DAGs
[2026-08-22T07:14:11.944+0000] {processor.py:183} INFO - Processing /opt/airflow/dags/youtube_pipeline.py took 0.283 seconds
[2026-08-22T07:14:42.379+0000] {processor.py:161} INFO - Started process (PID=76306) to work on /opt/airflow/dags/youtube_pipeline.py
[2026-08-22T07:14:42.380+0000] {processor.py:830} INFO - Processing file /opt/airflow/dags/youtube_pipeline.py for tasks to queue
[2026-08-22T07:14:42.382+0000] {logging_mixin.py:188} INFO - [2026-08-22T07:14:42.382+0000] {dagbag.py:545} INFO - Filling up the DagBag from /opt/airflow/dags/youtube_pipeline.py
[2026-08-22T07:14:42.434+0000] {processor.py:840} INFO - DAG(s) 'youtube_english_video_pipeline' retrieved from /opt/airflow/dags/youtube_pipeline.py
[2026-08-22T07:14:42.468+0000] {logging_mixin.py:188} INFO - [2026-08-22T07:14:42.467+0000] {dag.py:3089} INFO - Sync 1 DAGs
[2026-08-22T07:14:42.507+0000] {processor.py:183} INFO - Processing /opt/airflow/dags/youtube_pipeline.py took 0.134 seconds
[2026-08-22T07:15:12.645+0000] {processor.py:161} INFO - Started process (PID=76566) to work on /opt/airflow/dags/youtube_pipeline.py
[2026-08-22T07:15:12.646+0000] {processor.py:830} INFO - Processing file /opt/airflow/dags/youtube_pipeline.py for tasks to queue
[2026-08-22T07:15:12.648+0000] {logging_mixin.py:188} INFO - [2026-08-22T07:15:12.648+0000] {dagbag.py:545} INFO - Filling up the DagBag from /opt/airflow/dags/youtube_pipeline.py
[2026-08-22T07:15:12.699+0000] {processor.py:840} INFO - DAG(s) 'youtube_english_video_pipeline' retrieved from /opt/airflow/dags/youtube_pipeline.py
[2026-08-22T07:15:12.733+0000] {logging_mixin.py:188} INFO - [2026-08-22T07:15:12.733+0000] {dag.py:3089} INFO - Sync 1 DAGs
[2026-08-22T07:15:12.764+0000] {processor.py:183} INFO - Processing /opt/airflow/dags/youtube_pipeline.py took 0.127 seconds
[2026-08-22T07:15:43.127+0000] {processor.py:161} INFO - Started process (PID=76581) to work on /opt/airflow/dags/youtube_pipeline.py
[2026-08-22T07:15:43.135+0000] {processor.py:830} INFO - Processing file /opt/airflow/dags/youtube_pipeline.py for tasks to queue
[2026-08-22T07:15:43.141+0000] {logging_mixin.py:188} INFO - [2026-08-22T07:15:43.140+0000] {dagbag.py:545} INFO - Filling up the DagBag from /opt/airflow/dags/youtube_pipeline.py
[2026-08-22T07:15:43.250+0000] {processor.py:840} INFO - DAG(s) 'youtube_english_video_pipeline' retrieved from /opt/airflow/dags/youtube_pipeline.py
[2026-08-22T07:15:43.286+0000] {logging_mixin.py:188} INFO - [2026-08-22T07:15:43.286+0000] {dag.py:3089} INFO - Sync 1 DAGs
[2026-08-22T07:15:43.317+0000] {processor.py:183} INFO - Processing /opt/airflow/dags/youtube_pipeline.py took 0.198 seconds
[2026-08-22T07:16:13.564+0000] {processor.py:161} INFO - Started process (PID=77639) to work on /opt/airflow/dags/youtube_pipeline.py
[2026-08-22T07:16:13.565+0000] {processor.py:830} INFO - Processing file /opt/airflow/dags/youtube_pipeline.py for tasks to queue
[2026-08-22T07:16:13.568+0000] {logging_mixin.py:188} INFO - [2026-08-22T07:16:13.567+0000] {dagbag.py:545} INFO - Filling up the DagBag from /opt/airflow/dags/youtube_pipeline.py
[2026-08-22T07:16:13.619+0000] {processor.py:840} INFO - DAG(s) 'youtube_english_video_pipeline' retrieved from /opt/airflow/dags/youtube_pipeline.py
[2026-08-22T07:16:13.657+0000] {logging_mixin.py:188} INFO - [2026-08-22T07:16:13.657+0000] {dag.py:3089} INFO - Sync 1 DAGs
[2026-08-22T07:16:13.701+0000] {processor.py:183} INFO - Processing /opt/airflow/dags/youtube_pipeline.py took 0.146 seconds
[2026-08-22T07:16:43.943+0000] {processor.py:161} INFO - Started process (PID=78550) to work on /opt/airflow/dags/youtube_pipeline.py
[2026-08-22T07:16:43.944+0000] {processor.py:830} INFO - Processing file /opt/airflow/dags/youtube_pipeline.py for tasks to queue
[2026-08-22T07:16:43.947+0000] {logging_mixin.py:188} INFO - [2026-08-22T07:16:43.946+0000] {dagbag.py:545} INFO - Filling up the DagBag from /opt/airflow/dags/youtube_pipeline.py
[2026-08-22T07:16:43.998+0000] {processor.py:840} INFO - DAG(s) 'youtube_english_video_pipeline' retrieved from /opt/airflow/dags/youtube_pipeline.py
[2026-08-22T07:16:44.059+0000] {logging_mixin.py:188} INFO - [2026-08-22T07:16:44.058+0000] {dag.py:3089} INFO - Sync 1 DAGs
[2026-08-22T07:16:44.102+0000] {processor.py:183} INFO - Processing /opt/airflow/dags/youtube_pipeline.py took 0.171 seconds
[2026-08-22T07:17:14.345+0000] {processor.py:161} INFO - Started process (PID=79461) to work on /opt/airflow/dags/youtube_pipeline.py
[2026-08-22T07:17:14.347+0000] {processor.py:830} INFO - Processing file /opt/airflow/dags/youtube_pipeline.py for tasks to queue
[2026-08-22T07:17:14.348+0000] {logging_mixin.py:188} INFO - [2026-08-22T07:17:14.348+0000] {dagbag.py:545} INFO - Filling up the DagBag from /opt/airflow/dags/youtube_pipeline.py
[2026-08-22T07:17:14.390+0000] {processor.py:840} INFO - DAG(s) 'youtube_english_video_pipeline' retrieved from /opt/airflow/dags/youtube_pipeline.py
[2026-08-22T07:17:14.434+0000] {logging_mixin.py:188} INFO - [2026-08-22T07:17:14.434+0000] {dag.py:3089} INFO - Sync 1 DAGs
[2026-08-22T07:17:14.479+0000] {processor.py:183} INFO - Processing /opt/airflow/dags/youtube_pipeline.py took 0.141 seconds
[2026-08-22T07:17:44.668+0000] {processor.py:161} INFO - Started process (PID=79696) to work on /opt/airflow/dags/youtube_pipeline.py
[2026-08-22T07:17:44.674+0000] {processor.py:830} INFO - Processing file /opt/airflow/dags/youtube_pipeline.py for tasks to queue
[2026-08-22T07:17:44.677+0000] {logging_mixin.py:188} INFO - [2026-08-22T07:17:44.676+0000] {dagbag.py:545} INFO - Filling up the DagBag from /opt/airflow/dags/youtube_pipeline.py
[2026-08-22T07:17:44.743+0000] {processor.py:840} INFO - DAG(s) 'youtube_english_video_pipeline' retrieved from /opt/airflow/dags/youtube_pipeline.py
[2026-08-22T07:17:44.816+0000] {logging_mixin.py:188} INFO - [2026-08-22T07:17:44.816+0000] {dag.py:3089} INFO - Sync 1 DAGs
[2026-08-22T07:17:44.879+0000] {processor.py:183} INFO - Processing /opt/airflow/dags/youtube_pipeline.py took 0.224 seconds
[2026-08-22T07:18:15.171+0000] {processor.py:161} INFO - Started process (PID=79882) to work on /opt/airflow/dags/youtube_pipeline.py
[2026-08-22T07:18:15.172+0000] {processor.py:830} INFO - Processing file /opt/airflow/dags/youtube_pipeline.py for tasks to queue
[2026-08-22T07:18:15.174+0000] {logging_mixin.py:188} INFO - [2026-08-22T07:18:15.174+0000] {dagbag.py:545} INFO - Filling up the DagBag from /opt/airflow/dags/youtube_pipeline.py
[2026-08-22T07:18:15.226+0000] {processor.py:840} INFO - DAG(s) 'youtube_english_video_pipeline' retrieved from /opt/airflow/dags/youtube_pipeline.py
[2026-08-22T07:18:15.261+0000] {logging_mixin.py:188} INFO - [2026-08-22T07:18:15.261+0000] {dag.py:3089} INFO - Sync 1 DAGs
[2026-08-22T07:18:15.294+0000] {processor.py:183} INFO - Processing /opt/airflow/dags/youtube_pipeline.py took 0.130 seconds
[2026-08-22T07:18:45.450+0000] {processor.py:161} INFO - Started process (PID=80446) to work on /opt/airflow/dags/youtube_pipeline.py
[2026-08-22T07:18:45.452+0000] {processor.py:830} INFO - Processing file /opt/airflow/dags/youtube_pipeline.py for tasks to queue
[2026-08-22T07:18:45.454+0000] {logging_mixin.py:188} INFO - [2026-08-22T07:18:45.454+0000] {dagbag.py:545} INFO - Filling up the DagBag from /opt/airflow/dags/youtube_pipeline.py
[2026-08-22T07:18:45.508+0000] {processor.py:840} INFO - DAG(s) 'youtube_english_video_pipeline' retrieved from /opt/airflow/dags/youtube_pipeline.py
[2026-08-22T07:18:45.554+0000] {logging_mixin.py:188} INFO - [2026-08-22T07:18:45.554+0000] {dag.py:3089} INFO - Sync 1 DAGs
[2026-08-22T07:18:45.597+0000] {processor.py:183} INFO - Processing /opt/airflow/dags/youtube_pipeline.py took 0.155 seconds
[2026-08-22T07:19:15.814+0000] {processor.py:161} INFO - Started process (PID=81381) to work on /opt/airflow/dags/youtube_pipeline.py
[2026-08-22T07:19:15.816+0000] {processor.py:830} INFO - Processing file /opt/airflow/dags/youtube_pipeline.py for tasks to queue
[2026-08-22T07:19:15.818+0000] {logging_mixin.py:188} INFO - [2026-08-22T07:19:15.818+0000] {dagbag.py:545} INFO - Filling up the DagBag from /opt/airflow/dags/youtube_pipeline.py
[2026-08-22T07:19:15.866+0000] {processor.py:840} INFO - DAG(s) 'youtube_english_video_pipeline' retrieved from /opt/airflow/dags/youtube_pipeline.py
[2026-08-22T07:19:15.905+0000] {logging_mixin.py:188} INFO - [2026-08-22T07:19:15.905+0000] {dag.py:3089} INFO - Sync 1 DAGs
[2026-08-22T07:19:15.948+0000] {processor.py:183} INFO - Processing /opt/airflow/dags/youtube_pipeline.py took 0.140 seconds
[2026-08-22T07:19:46.053+0000] {processor.py:161} INFO - Started process (PID=82272) to work on /opt/airflow/dags/youtube_pipeline.py
[2026-08-22T07:19:46.054+0000] {processor.py:830} INFO - Processing file /opt/airflow/dags/youtube_pipeline.py for tasks to queue
[2026-08-22T07:19:46.056+0000] {logging_mixin.py:188} INFO - [2026-08-22T07:19:46.056+0000] {dagbag.py:545} INFO - Filling up the DagBag from /opt/airflow/dags/youtube_pipeline.py
[2026-08-22T07:19:46.099+0000] {processor.py:840} INFO - DAG(s) 'youtube_english_video_pipeline' retrieved from /opt/airflow/dags/youtube_pipeline.py
[2026-08-22T07:19:46.134+0000] {logging_mixin.py:188} INFO - [2026-08-22T07:19:46.134+0000] {dag.py:3089} INFO - Sync 1 DAGs
[2026-08-22T07:19:46.173+0000] {processor.py:183} INFO - Processing /opt/airflow/dags/youtube_pipeline.py took 0.126 seconds
[2026-08-22T07:20:16.470+0000] {processor.py:161} INFO - Started process (PID=83107) to work on /opt/airflow/dags/youtube_pipeline.py
[2026-08-22T07:20:16.471+0000] {processor.py:830} INFO - Processing file /opt/airflow/dags/youtube_pipeline.py for tasks to queue
[2026-08-22T07:20:16.474+0000] {logging_mixin.py:188} INFO - [2026-08-22T07:20:16.474+0000] {dagbag.py:545} INFO - Filling up the DagBag from /opt/airflow/dags/youtube_pipeline.py
[2026-08-22T07:20:16.528+0000] {processor.py:840} INFO - DAG(s) 'youtube_english_video_pipeline' retrieved from /opt/airflow/dags/youtube_pipeline.py
[2026-08-22T07:20:16.603+0000] {logging_mixin.py:188} INFO - [2026-08-22T07:20:16.602+0000] {dag.py:3089} INFO - Sync 1 DAGs
[2026-08-22T07:20:16.673+0000] {processor.py:183} INFO - Processing /opt/airflow/dags/youtube_pipeline.py took 0.214 seconds
[2026-08-22T07:20:46.892+0000] {processor.py:161} INFO - Started process (PID=83134) to work on /opt/airflow/dags/youtube_pipeline.py
[2026-08-22T07:20:46.893+0000] {processor.py:830} INFO - Processing file /opt/airflow/dags/youtube_pipeline.py for tasks to queue
[2026-08-22T07:20:46.896+0000] {logging_mixin.py:188} INFO - [2026-08-22T07:20:46.896+0000] {dagbag.py:545} INFO - Filling up the DagBag from /opt/airflow/dags/youtube_pipeline.py
[2026-08-22T07:20:46.936+0000] {processor.py:840} INFO - DAG(s) 'youtube_english_video_pipeline' retrieved from /opt/airflow/dags/youtube_pipeline.py
[2026-08-22T07:20:46.968+0000] {logging_mixin.py:188} INFO - [2026-08-22T07:20:46.968+0000] {dag.py:3089} INFO - Sync 1 DAGs
[2026-08-22T07:20:46.996+0000] {processor.py:183} INFO - Processing /opt/airflow/dags/youtube_pipeline.py took 0.111 seconds
[2026-08-22T07:21:17.244+0000] {processor.py:161} INFO - Started process (PID=83146) to work on /opt/airflow/dags/youtube_pipeline.py
[2026-08-22T07:21:17.245+0000] {processor.py:830} INFO - Processing file /opt/airflow/dags/youtube_pipeline.py for tasks to queue
[2026-08-22T07:21:17.246+0000] {logging_mixin.py:188} INFO - [2026-08-22T07:21:17.246+0000] {dagbag.py:545} INFO - Filling up the DagBag from /opt/airflow/dags/youtube_pipeline.py
[2026-08-22T07:21:17.276+0000] {processor.py:840} INFO - DAG(s) 'youtube_english_video_pipeline' retrieved from /opt/airflow/dags/youtube_pipeline.py
[2026-08-22T07:21:17.311+0000] {logging_mixin.py:188} INFO - [2026-08-22T07:21:17.311+0000] {dag.py:3089} INFO - Sync 1 DAGs
[2026-08-22T07:21:17.342+0000] {processor.py:183} INFO - Processing /opt/airflow/dags/youtube_pipeline.py took 0.104 seconds
[2026-08-22T07:21:47.497+0000] {processor.py:161} INFO - Started process (PID=83341) to work on /opt/airflow/dags/youtube_pipeline.py
[2026-08-22T07:21:47.498+0000] {processor.py:830} INFO - Processing file /opt/airflow/dags/youtube_pipeline.py for tasks to queue
[2026-08-22T07:21:47.501+0000] {logging_mixin.py:188} INFO - [2026-08-22T07:21:47.500+0000] {dagbag.py:545} INFO - Filling up the DagBag from /opt/airflow/dags/youtube_pipeline.py
[2026-08-22T07:21:47.552+0000] {processor.py:840} INFO - DAG(s) 'youtube_english_video_pipeline' retrieved from /opt/airflow/dags/youtube_pipeline.py
[2026-08-22T07:21:47.603+0000] {logging_mixin.py:188} INFO - [2026-08-22T07:21:47.602+0000] {dag.py:3089} INFO - Sync 1 DAGs
[2026-08-22T07:21:47.659+0000] {processor.py:183} INFO - Processing /opt/airflow/dags/youtube_pipeline.py took 0.172 seconds
[2026-08-22T07:22:17.797+0000] {processor.py:161} INFO - Started process (PID=83910) to work on /opt/airflow/dags/youtube_pipeline.py
[2026-08-22T07:22:17.798+0000] {processor.py:830} INFO - Processing file /opt/airflow/dags/youtube_pipeline.py for tasks to queue
[2026-08-22T07:22:17.799+0000] {logging_mixin.py:188} INFO - [2026-08-22T07:22:17.799+0000] {dagbag.py:545} INFO - Filling up the DagBag from /opt/airflow/dags/youtube_pipeline.py
[2026-08-22T07:22:17.838+0000] {processor.py:840} INFO - DAG(s) 'youtube_english_video_pipeline' retrieved from /opt/airflow/dags/youtube_pipeline.py
[2026-08-22T07:22:17.871+0000] {logging_mixin.py:188} INFO - [2026-08-22T07:22:17.871+0000] {dag.py:3089} INFO - Sync 1 DAGs
[2026-08-22T07:22:17.907+0000] {processor.py:183} INFO - Processing /opt/airflow/dags/youtube_pipeline.py took 0.117 seconds
[2026-08-22T07:22:48.091+0000] {processor.py:161} INFO - Started process (PID=84967) to work on /opt/airflow/dags/youtube_pipeline.py
[2026-08-22T07:22:48.093+0000] {processor.py:830} INFO - Processing file /opt/airflow/dags/youtube_pipeline.py for tasks to queue
[2026-08-22T07:22:48.095+0000] {logging_mixin.py:188} INFO - [2026-08-22T07:22:48.094+0000] {dagbag.py:545} INFO - Filling up the DagBag from /opt/airflow/dags/youtube_pipeline.py
[2026-08-22T07:22:48.137+0000] {processor.py:840} INFO - DAG(s) 'youtube_english_video_pipeline' retrieved from /opt/airflow/dags/youtube_pipeline.py
[2026-08-22T07:22:48.180+0000] {logging_mixin.py:188} INFO - [2026-08-22T07:22:48.180+0000] {dag.py:3089} INFO - Sync 1 DAGs
[2026-08-22T07:22:48.225+0000] {processor.py:183} INFO - Processing /opt/airflow/dags/youtube_pipeline.py took 0.146 seconds
[2026-08-22T07:23:18.367+0000] {processor.py:161} INFO - Started process (PID=85879) to work on /opt/airflow/dags/youtube_pipeline.py
[2026-08-22T07:23:18.368+0000] {processor.py:830} INFO - Processing file /opt/airflow/dags/youtube_pipeline.py for tasks to queue
[2026-08-22T07:23:18.370+0000] {logging_mixin.py:188} INFO - [2026-08-22T07:23:18.370+0000] {dagbag.py:545} INFO - Filling up the DagBag from /opt/airflow/dags/youtube_pipeline.py
[2026-08-22T07:23:18.394+0000] {processor.py:840} INFO - DAG(s) 'youtube_english_video_pipeline' retrieved from /opt/airflow/dags/youtube_pipeline.py
[2026-08-22T07:23:18.429+0000] {logging_mixin.py:188} INFO - [2026-08-22T07:23:18.429+0000] {dag.py:3089} INFO - Sync 1 DAGs
[2026-08-22T07:23:18.459+0000] {processor.py:183} INFO - Processing /opt/airflow/dags/youtube_pipeline.py took 0.097 seconds
[2026-08-22T07:23:48.763+0000] {processor.py:161} INFO - Started process (PID=86566) to work on /opt/airflow/dags/youtube_pipeline.py
[2026-08-22T07:23:48.765+0000] {processor.py:830} INFO - Processing file /opt/airflow/dags/youtube_pipeline.py for tasks to queue
[2026-08-22T07:23:48.769+0000] {logging_mixin.py:188} INFO - [2026-08-22T07:23:48.768+0000] {dagbag.py:545} INFO - Filling up the DagBag from /opt/airflow/dags/youtube_pipeline.py
[2026-08-22T07:23:48.844+0000] {processor.py:840} INFO - DAG(s) 'youtube_english_video_pipeline' retrieved from /opt/airflow/dags/youtube_pipeline.py
[2026-08-22T07:23:48.909+0000] {logging_mixin.py:188} INFO - [2026-08-22T07:23:48.909+0000] {dag.py:3089} INFO - Sync 1 DAGs
[2026-08-22T07:23:48.980+0000] {processor.py:183} INFO - Processing /opt/airflow/dags/youtube_pipeline.py took 0.229 seconds
[2026-08-22T07:24:19.376+0000] {processor.py:161} INFO - Started process (PID=86597) to work on /opt/airflow/dags/youtube_pipeline.py
[2026-08-22T07:24:19.379+0000] {processor.py:830} INFO - Processing file /opt/airflow/dags/youtube_pipeline.py for tasks to queue
[2026-08-22T07:24:19.384+0000] {logging_mixin.py:188} INFO - [2026-08-22T07:24:19.383+0000] {dagbag.py:545} INFO - Filling up the DagBag from /opt/airflow/dags/youtube_pipeline.py
[2026-08-22T07:24:19.467+0000] {processor.py:840} INFO - DAG(s) 'youtube_english_video_pipeline' retrieved from /opt/airflow/dags/youtube_pipeline.py
[2026-08-22T07:24:19.508+0000] {logging_mixin.py:188} INFO - [2026-08-22T07:24:19.508+0000] {dag.py:3089} INFO - Sync 1 DAGs
[2026-08-22T07:24:19.551+0000] {processor.py:183} INFO - Processing /opt/airflow/dags/youtube_pipeline.py took 0.189 seconds
[2026-08-22T07:24:49.782+0000] {processor.py:161} INFO - Started process (PID=86636) to work on /opt/airflow/dags/youtube_pipeline.py
[2026-08-22T07:24:49.783+0000] {processor.py:830} INFO - Processing file /opt/airflow/dags/youtube_pipeline.py for tasks to queue
[2026-08-22T07:24:49.784+0000] {logging_mixin.py:188} INFO - [2026-08-22T07:24:49.784+0000] {dagbag.py:545} INFO - Filling up the DagBag from /opt/airflow/dags/youtube_pipeline.py
[2026-08-22T07:24:49.806+0000] {processor.py:840} INFO - DAG(s) 'youtube_english_video_pipeline' retrieved from /opt/airflow/dags/youtube_pipeline.py
[2026-08-22T07:24:49.835+0000] {logging_mixin.py:188} INFO - [2026-08-22T07:24:49.835+0000] {dag.py:3089} INFO - Sync 1 DAGs
[2026-08-22T07:24:49.861+0000] {processor.py:183} INFO - Processing /opt/airflow/dags/youtube_pipeline.py took 0.084 seconds
[2026-08-22T07:25:20.287+0000] {processor.py:161} INFO - Started process (PID=86905) to work on /opt/airflow/dags/youtube_pipeline.py
[2026-08-22T07:25:20.289+0000] {processor.py:830} INFO - Processing file /opt/airflow/dags/youtube_pipeline.py for tasks to queue
[2026-08-22T07:25:20.291+0000] {logging_mixin.py:188} INFO - [2026-08-22T07:25:20.291+0000] {dagbag.py:545} INFO - Filling up the DagBag from /opt/airflow/dags/youtube_pipeline.py
[2026-08-22T07:25:20.327+0000] {processor.py:840} INFO - DAG(s) 'youtube_english_video_pipeline' retrieved from /opt/airflow/dags/youtube_pipeline.py
[2026-08-22T07:25:20.367+0000] {logging_mixin.py:188} INFO - [2026-08-22T07:25:20.366+0000] {dag.py:3089} INFO - Sync 1 DAGs
[2026-08-22T07:25:20.413+0000] {processor.py:183} INFO - Processing /opt/airflow/dags/youtube_pipeline.py took 0.134 seconds
[2026-08-22T07:25:50.526+0000] {processor.py:161} INFO - Started process (PID=86910) to work on /opt/airflow/dags/youtube_pipeline.py
[2026-08-22T07:25:50.527+0000] {processor.py:830} INFO - Processing file /opt/airflow/dags/youtube_pipeline.py for tasks to queue
[2026-08-22T07:25:50.529+0000] {logging_mixin.py:188} INFO - [2026-08-22T07:25:50.529+0000] {dagbag.py:545} INFO - Filling up the DagBag from /opt/airflow/dags/youtube_pipeline.py
[2026-08-22T07:25:50.569+0000] {processor.py:840} INFO - DAG(s) 'youtube_english_video_pipeline' retrieved from /opt/airflow/dags/youtube_pipeline.py
[2026-08-22T07:25:50.600+0000] {logging_mixin.py:188} INFO - [2026-08-22T07:25:50.600+0000] {dag.py:3089} INFO - Sync 1 DAGs
[2026-08-22T07:25:50.629+0000] {processor.py:183} INFO - Processing /opt/airflow/dags/youtube_pipeline.py took 0.109 seconds
[2026-08-22T07:26:20.905+0000] {processor.py:161} INFO - Started process (PID=86915) to work on /opt/airflow/dags/youtube_pipeline.py
[2026-08-22T07:26:20.906+0000] {processor.py:830} INFO - Processing file /opt/airflow/dags/youtube_pipeline.py for tasks to queue
[2026-08-22T07:26:20.907+0000] {logging_mixin.py:188} INFO - [2026-08-22T07:26:20.907+0000] {dagbag.py:545} INFO - Filling up the DagBag from /opt/airflow/dags/youtube_pipeline.py
[2026-08-22T07:26:20.933+0000] {processor.py:840} INFO - DAG(s) 'youtube_english_video_pipeline' retrieved from /opt/airflow/dags/youtube_pipeline.py
[2026-08-22T07:26:20.965+0000] {logging_mixin.py:188} INFO - [2026-08-22T07:26:20.965+0000] {dag.py:3089} INFO - Sync 1 DAGs
[2026-08-22T07:26:20.996+0000] {processor.py:183} INFO - Processing /opt/airflow/dags/youtube_pipeline.py took 0.096 seconds
[2026-08-22T07:26:51.160+0000] {processor.py:161} INFO - Started process (PID=86920) to work on /opt/airflow/dags/youtube_pipeline.py
[2026-08-22T07:26:51.161+0000] {processor.py:830} INFO - Processing file /opt/airflow/dags/youtube_pipeline.py for tasks to queue
[2026-08-22T07:26:51.162+0000] {logging_mixin.py:188} INFO - [2026-08-22T07:26:51.162+0000] {dagbag.py:545} INFO - Filling up the DagBag from /opt/airflow/dags/youtube_pipeline.py
[2026-08-22T07:26:51.187+0000] {processor.py:840} INFO - DAG(s) 'youtube_english_video_pipeline' retrieved from /opt/airflow/dags/youtube_pipeline.py
[2026-08-22T07:26:51.221+0000] {logging_mixin.py:188} INFO - [2026-08-22T07:26:51.221+0000] {dag.py:3089} INFO - Sync 1 DAGs
[2026-08-22T07:26:51.250+0000] {processor.py:183} INFO - Processing /opt/airflow/dags/youtube_pipeline.py took 0.095 seconds
[2026-08-22T07:27:21.543+0000] {processor.py:161} INFO - Started process (PID=86925) to work on /opt/airflow/dags/youtube_pipeline.py
[2026-08-22T07:27:21.546+0000] {processor.py:830} INFO - Processing file /opt/airflow/dags/youtube_pipeline.py for tasks to queue
[2026-08-22T07:27:21.548+0000] {logging_mixin.py:188} INFO - [2026-08-22T07:27:21.548+0000] {dagbag.py:545} INFO - Filling up the DagBag from /opt/airflow/dags/youtube_pipeline.py
[2026-08-22T07:27:21.596+0000] {processor.py:840} INFO - DAG(s) 'youtube_english_video_pipeline' retrieved from /opt/airflow/dags/youtube_pipeline.py
[2026-08-22T07:27:21.634+0000] {logging_mixin.py:188} INFO - [2026-08-22T07:27:21.634+0000] {dag.py:3089} INFO - Sync 1 DAGs
[2026-08-22T07:27:21.665+0000] {processor.py:183} INFO - Processing /opt/airflow/dags/youtube_pipeline.py took 0.129 seconds
[2026-08-22T07:27:51.832+0000] {processor.py:161} INFO - Started process (PID=86930) to work on /opt/airflow/dags/youtube_pipeline.py
[2026-08-22T07:27:51.836+0000] {processor.py:830} INFO - Processing file /opt/airflow/dags/youtube_pipeline.py for tasks to queue
[2026-08-22T07:27:51.838+0000] {logging_mixin.py:188} INFO - [2026-08-22T07:27:51.837+0000] {dagbag.py:545} INFO - Filling up the DagBag from /opt/airflow/dags/youtube_pipeline.py
[2026-08-22T07:27:51.886+0000] {processor.py:840} INFO - DAG(s) 'youtube_english_video_pipeline' retrieved from /opt/airflow/dags/youtube_pipeline.py
[2026-08-22T07:27:51.918+0000] {logging_mixin.py:188} INFO - [2026-08-22T07:27:51.917+0000] {dag.py:3089} INFO - Sync 1 DAGs
[2026-08-22T07:27:51.950+0000] {processor.py:183} INFO - Processing /opt/airflow/dags/youtube_pipeline.py took 0.124 seconds
[2026-08-22T07:28:22.142+0000] {processor.py:161} INFO - Started process (PID=86935) to work on /opt/airflow/dags/youtube_pipeline.py
[2026-08-22T07:28:22.143+0000] {processor.py:830} INFO - Processing file /opt/airflow/dags/youtube_pipeline.py for tasks to queue
[2026-08-22T07:28:22.145+0000] {logging_mixin.py:188} INFO - [2026-08-22T07:28:22.144+0000] {dagbag.py:545} INFO - Filling up the DagBag from /opt/airflow/dags/youtube_pipeline.py
[2026-08-22T07:28:22.170+0000] {processor.py:840} INFO - DAG(s) 'youtube_english_video_pipeline' retrieved from /opt/airflow/dags/youtube_pipeline.py
[2026-08-22T07:28:22.202+0000] {logging_mixin.py:188} INFO - [2026-08-22T07:28:22.201+0000] {dag.py:3089} INFO - Sync 1 DAGs
[2026-08-22T07:28:22.233+0000] {processor.py:183} INFO - Processing /opt/airflow/dags/youtube_pipeline.py took 0.097 seconds
[2026-08-22T07:28:52.469+0000] {processor.py:161} INFO - Started process (PID=86940) to work on /opt/airflow/dags/youtube_pipeline.py
[2026-08-22T07:28:52.471+0000] {processor.py:830} INFO - Processing file /opt/airflow/dags/youtube_pipeline.py for tasks to queue
[2026-08-22T07:28:52.473+0000] {logging_mixin.py:188} INFO - [2026-08-22T07:28:52.472+0000] {dagbag.py:545} INFO - Filling up the DagBag from /opt/airflow/dags/youtube_pipeline.py
[2026-08-22T07:28:52.519+0000] {processor.py:840} INFO - DAG(s) 'youtube_english_video_pipeline' retrieved from /opt/airflow/dags/youtube_pipeline.py
[2026-08-22T07:28:52.553+0000] {logging_mixin.py:188} INFO - [2026-08-22T07:28:52.553+0000] {dag.py:3089} INFO - Sync 1 DAGs
[2026-08-22T07:28:52.585+0000] {processor.py:183} INFO - Processing /opt/airflow/dags/youtube_pipeline.py took 0.123 seconds
[2026-08-22T07:29:22.721+0000] {processor.py:161} INFO - Started process (PID=86945) to work on /opt/airflow/dags/youtube_pipeline.py
[2026-08-22T07:29:22.722+0000] {processor.py:830} INFO - Processing file /opt/airflow/dags/youtube_pipeline.py for tasks to queue
[2026-08-22T07:29:22.725+0000] {logging_mixin.py:188} INFO - [2026-08-22T07:29:22.724+0000] {dagbag.py:545} INFO - Filling up the DagBag from /opt/airflow/dags/youtube_pipeline.py
[2026-08-22T07:29:22.761+0000] {processor.py:840} INFO - DAG(s) 'youtube_english_video_pipeline' retrieved from /opt/airflow/dags/youtube_pipeline.py
[2026-08-22T07:29:22.799+0000] {logging_mixin.py:188} INFO - [2026-08-22T07:29:22.799+0000] {dag.py:3089} INFO - Sync 1 DAGs
[2026-08-22T07:29:22.835+0000] {processor.py:183} INFO - Processing /opt/airflow/dags/youtube_pipeline.py took 0.123 seconds
[2026-08-22T07:29:53.038+0000] {processor.py:161} INFO - Started process (PID=86950) to work on /opt/airflow/dags/youtube_pipeline.py
[2026-08-22T07:29:53.039+0000] {processor.py:830} INFO - Processing file /opt/airflow/dags/youtube_pipeline.py for tasks to queue
[2026-08-22T07:29:53.041+0000] {logging_mixin.py:188} INFO - [2026-08-22T07:29:53.040+0000] {dagbag.py:545} INFO - Filling up the DagBag from /opt/airflow/dags/youtube_pipeline.py
[2026-08-22T07:29:53.066+0000] {processor.py:840} INFO - DAG(s) 'youtube_english_video_pipeline' retrieved from /opt/airflow/dags/youtube_pipeline.py
[2026-08-22T07:29:53.095+0000] {logging_mixin.py:188} INFO - [2026-08-22T07:29:53.095+0000] {dag.py:3089} INFO - Sync 1 DAGs
[2026-08-22T07:29:53.125+0000] {processor.py:183} INFO - Processing /opt/airflow/dags/youtube_pipeline.py took 0.092 seconds
[2026-08-22T07:30:23.399+0000] {processor.py:161} INFO - Started process (PID=86957) to work on /opt/airflow/dags/youtube_pipeline.py
[2026-08-22T07:30:23.399+0000] {processor.py:830} INFO - Processing file /opt/airflow/dags/youtube_pipeline.py for tasks to queue
[2026-08-22T07:30:23.401+0000] {logging_mixin.py:188} INFO - [2026-08-22T07:30:23.401+0000] {dagbag.py:545} INFO - Filling up the DagBag from /opt/airflow/dags/youtube_pipeline.py
[2026-08-22T07:30:23.423+0000] {processor.py:840} INFO - DAG(s) 'youtube_english_video_pipeline' retrieved from /opt/airflow/dags/youtube_pipeline.py
[2026-08-22T07:30:23.454+0000] {logging_mixin.py:188} INFO - [2026-08-22T07:30:23.454+0000] {dag.py:3089} INFO - Sync 1 DAGs
[2026-08-22T07:30:23.482+0000] {processor.py:183} INFO - Processing /opt/airflow/dags/youtube_pipeline.py took 0.089 seconds
[2026-08-22T07:30:53.627+0000] {processor.py:161} INFO - Started process (PID=86962) to work on /opt/airflow/dags/youtube_pipeline.py
[2026-08-22T07:30:53.628+0000] {processor.py:830} INFO - Processing file /opt/airflow/dags/youtube_pipeline.py for tasks to queue
[2026-08-22T07:30:53.630+0000] {logging_mixin.py:188} INFO - [2026-08-22T07:30:53.629+0000] {dagbag.py:545} INFO - Filling up the DagBag from /opt/airflow/dags/youtube_pipeline.py
[2026-08-22T07:30:53.655+0000] {processor.py:840} INFO - DAG(s) 'youtube_english_video_pipeline' retrieved from /opt/airflow/dags/youtube_pipeline.py
[2026-08-22T07:30:53.691+0000] {logging_mixin.py:188} INFO - [2026-08-22T07:30:53.691+0000] {dag.py:3089} INFO - Sync 1 DAGs
[2026-08-22T07:30:53.734+0000] {processor.py:183} INFO - Processing /opt/airflow/dags/youtube_pipeline.py took 0.113 seconds
[2026-08-22T07:31:23.915+0000] {processor.py:161} INFO - Started process (PID=86967) to work on /opt/airflow/dags/youtube_pipeline.py
[2026-08-22T07:31:23.917+0000] {processor.py:830} INFO - Processing file /opt/airflow/dags/youtube_pipeline.py for tasks to queue
[2026-08-22T07:31:23.919+0000] {logging_mixin.py:188} INFO - [2026-08-22T07:31:23.919+0000] {dagbag.py:545} INFO - Filling up the DagBag from /opt/airflow/dags/youtube_pipeline.py
[2026-08-22T07:31:23.977+0000] {processor.py:840} INFO - DAG(s) 'youtube_english_video_pipeline' retrieved from /opt/airflow/dags/youtube_pipeline.py
[2026-08-22T07:31:24.018+0000] {logging_mixin.py:188} INFO - [2026-08-22T07:31:24.018+0000] {dag.py:3089} INFO - Sync 1 DAGs
[2026-08-22T07:31:24.050+0000] {processor.py:183} INFO - Processing /opt/airflow/dags/youtube_pipeline.py took 0.141 seconds
[2026-08-22T07:31:54.193+0000] {processor.py:161} INFO - Started process (PID=86972) to work on /opt/airflow/dags/youtube_pipeline.py
[2026-08-22T07:31:54.195+0000] {processor.py:830} INFO - Processing file /opt/airflow/dags/youtube_pipeline.py for tasks to queue
[2026-08-22T07:31:54.197+0000] {logging_mixin.py:188} INFO - [2026-08-22T07:31:54.196+0000] {dagbag.py:545} INFO - Filling up the DagBag from /opt/airflow/dags/youtube_pipeline.py
[2026-08-22T07:31:54.254+0000] {processor.py:840} INFO - DAG(s) 'youtube_english_video_pipeline' retrieved from /opt/airflow/dags/youtube_pipeline.py
[2026-08-22T07:31:54.287+0000] {logging_mixin.py:188} INFO - [2026-08-22T07:31:54.287+0000] {dag.py:3089} INFO - Sync 1 DAGs
[2026-08-22T07:31:54.321+0000] {processor.py:183} INFO - Processing /opt/airflow/dags/youtube_pipeline.py took 0.135 seconds
[2026-08-22T07:32:24.499+0000] {processor.py:161} INFO - Started process (PID=86977) to work on /opt/airflow/dags/youtube_pipeline.py
[2026-08-22T07:32:24.500+0000] {processor.py:830} INFO - Processing file /opt/airflow/dags/youtube_pipeline.py for tasks to queue
[2026-08-22T07:32:24.502+0000] {logging_mixin.py:188} INFO - [2026-08-22T07:32:24.502+0000] {dagbag.py:545} INFO - Filling up the DagBag from /opt/airflow/dags/youtube_pipeline.py
[2026-08-22T07:32:24.544+0000] {processor.py:840} INFO - DAG(s) 'youtube_english_video_pipeline' retrieved from /opt/airflow/dags/youtube_pipeline.py
[2026-08-22T07:32:24.575+0000] {logging_mixin.py:188} INFO - [2026-08-22T07:32:24.575+0000] {dag.py:3089} INFO - Sync 1 DAGs
[2026-08-22T07:32:24.605+0000] {processor.py:183} INFO - Processing /opt/airflow/dags/youtube_pipeline.py took 0.112 seconds
[2026-08-22T07:32:54.824+0000] {processor.py:161} INFO - Started process (PID=86982) to work on /opt/airflow/dags/youtube_pipeline.py
[2026-08-22T07:32:54.825+0000] {processor.py:830} INFO - Processing file /opt/airflow/dags/youtube_pipeline.py for tasks to queue
[2026-08-22T07:32:54.827+0000] {logging_mixin.py:188} INFO - [2026-08-22T07:32:54.827+0000] {dagbag.py:545} INFO - Filling up the DagBag from /opt/airflow/dags/youtube_pipeline.py
[2026-08-22T07:32:54.884+0000] {processor.py:840} INFO - DAG(s) 'youtube_english_video_pipeline' retrieved from /opt/airflow/dags/youtube_pipeline.py
[2026-08-22T07:32:54.916+0000] {logging_mixin.py:188} INFO - [2026-08-22T07:32:54.916+0000] {dag.py:3089} INFO - Sync 1 DAGs
[2026-08-22T07:32:54.949+0000] {processor.py:183} INFO - Processing /opt/airflow/dags/youtube_pipeline.py took 0.131 seconds
[2026-08-22T07:33:25.145+0000] {processor.py:161} INFO - Started process (PID=86987) to work on /opt/airflow/dags/youtube_pipeline.py
[2026-08-22T07:33:25.147+0000] {processor.py:830} INFO - Processing file /opt/airflow/dags/youtube_pipeline.py for tasks to queue
[2026-08-22T07:33:25.151+0000] {logging_mixin.py:188} INFO - [2026-08-22T07:33:25.151+0000] {dagbag.py:545} INFO - Filling up the DagBag from /opt/airflow/dags/youtube_pipeline.py
[2026-08-22T07:33:25.220+0000] {processor.py:840} INFO - DAG(s) 'youtube_english_video_pipeline' retrieved from /opt/airflow/dags/youtube_pipeline.py
[2026-08-22T07:33:25.254+0000] {logging_mixin.py:188} INFO - [2026-08-22T07:33:25.253+0000] {dag.py:3089} INFO - Sync 1 DAGs
[2026-08-22T07:33:25.287+0000] {processor.py:183} INFO - Processing /opt/airflow/dags/youtube_pipeline.py took 0.153 seconds
[2026-08-22T07:33:55.409+0000] {processor.py:161} INFO - Started process (PID=86992) to work on /opt/airflow/dags/youtube_pipeline.py
[2026-08-22T07:33:55.410+0000] {processor.py:830} INFO - Processing file /opt/airflow/dags/youtube_pipeline.py for tasks to queue
[2026-08-22T07:33:55.411+0000] {logging_mixin.py:188} INFO - [2026-08-22T07:33:55.411+0000] {dagbag.py:545} INFO - Filling up the DagBag from /opt/airflow/dags/youtube_pipeline.py
[2026-08-22T07:33:55.434+0000] {processor.py:840} INFO - DAG(s) 'youtube_english_video_pipeline' retrieved from /opt/airflow/dags/youtube_pipeline.py
[2026-08-22T07:33:55.463+0000] {logging_mixin.py:188} INFO - [2026-08-22T07:33:55.463+0000] {dag.py:3089} INFO - Sync 1 DAGs
[2026-08-22T07:33:55.496+0000] {processor.py:183} INFO - Processing /opt/airflow/dags/youtube_pipeline.py took 0.093 seconds
[2026-08-22T07:34:25.717+0000] {processor.py:161} INFO - Started process (PID=86997) to work on /opt/airflow/dags/youtube_pipeline.py
[2026-08-22T07:34:25.718+0000] {processor.py:830} INFO - Processing file /opt/airflow/dags/youtube_pipeline.py for tasks to queue
[2026-08-22T07:34:25.720+0000] {logging_mixin.py:188} INFO - [2026-08-22T07:34:25.720+0000] {dagbag.py:545} INFO - Filling up the DagBag from /opt/airflow/dags/youtube_pipeline.py
[2026-08-22T07:34:25.763+0000] {processor.py:840} INFO - DAG(s) 'youtube_english_video_pipeline' retrieved from /opt/airflow/dags/youtube_pipeline.py
[2026-08-22T07:34:25.795+0000] {logging_mixin.py:188} INFO - [2026-08-22T07:34:25.795+0000] {dag.py:3089} INFO - Sync 1 DAGs
[2026-08-22T07:34:25.825+0000] {processor.py:183} INFO - Processing /opt/airflow/dags/youtube_pipeline.py took 0.115 seconds
[2026-08-22T07:34:55.939+0000] {processor.py:161} INFO - Started process (PID=87002) to work on /opt/airflow/dags/youtube_pipeline.py
[2026-08-22T07:34:55.940+0000] {processor.py:830} INFO - Processing file /opt/airflow/dags/youtube_pipeline.py for tasks to queue
[2026-08-22T07:34:55.942+0000] {logging_mixin.py:188} INFO - [2026-08-22T07:34:55.941+0000] {dagbag.py:545} INFO - Filling up the DagBag from /opt/airflow/dags/youtube_pipeline.py
[2026-08-22T07:34:55.964+0000] {processor.py:840} INFO - DAG(s) 'youtube_english_video_pipeline' retrieved from /opt/airflow/dags/youtube_pipeline.py
[2026-08-22T07:34:55.993+0000] {logging_mixin.py:188} INFO - [2026-08-22T07:34:55.992+0000] {dag.py:3089} INFO - Sync 1 DAGs
[2026-08-22T07:34:56.029+0000] {processor.py:183} INFO - Processing /opt/airflow/dags/youtube_pipeline.py took 0.095 seconds
[2026-08-22T07:35:26.291+0000] {processor.py:161} INFO - Started process (PID=87009) to work on /opt/airflow/dags/youtube_pipeline.py
[2026-08-22T07:35:26.291+0000] {processor.py:830} INFO - Processing file /opt/airflow/dags/youtube_pipeline.py for tasks to queue
[2026-08-22T07:35:26.294+0000] {logging_mixin.py:188} INFO - [2026-08-22T07:35:26.293+0000] {dagbag.py:545} INFO - Filling up the DagBag from /opt/airflow/dags/youtube_pipeline.py
[2026-08-22T07:35:26.318+0000] {processor.py:840} INFO - DAG(s) 'youtube_english_video_pipeline' retrieved from /opt/airflow/dags/youtube_pipeline.py
[2026-08-22T07:35:26.353+0000] {logging_mixin.py:188} INFO - [2026-08-22T07:35:26.353+0000] {dag.py:3089} INFO - Sync 1 DAGs
[2026-08-22T07:35:26.383+0000] {processor.py:183} INFO - Processing /opt/airflow/dags/youtube_pipeline.py took 0.098 seconds
[2026-08-22T07:35:56.567+0000] {processor.py:161} INFO - Started process (PID=87014) to work on /opt/airflow/dags/youtube_pipeline.py
[2026-08-22T07:35:56.568+0000] {processor.py:830} INFO - Processing file /opt/airflow/dags/youtube_pipeline.py for tasks to queue
[2026-08-22T07:35:56.570+0000] {logging_mixin.py:188} INFO - [2026-08-22T07:35:56.569+0000] {dagbag.py:545} INFO - Filling up the DagBag from /opt/airflow/dags/youtube_pipeline.py
[2026-08-22T07:35:56.619+0000] {processor.py:840} INFO - DAG(s) 'youtube_english_video_pipeline' retrieved from /opt/airflow/dags/youtube_pipeline.py
[2026-08-22T07:35:56.650+0000] {logging_mixin.py:188} INFO - [2026-08-22T07:35:56.650+0000] {dag.py:3089} INFO - Sync 1 DAGs
[2026-08-22T07:35:56.674+0000] {logging_mixin.py:188} INFO - [2026-08-22T07:35:56.673+0000] {dag.py:3947} INFO - Setting next_dagrun for youtube_english_video_pipeline to 2026-08-21 12:00:00+00:00, run_after=2026-08-22 12:00:00+00:00
[2026-08-22T07:35:56.699+0000] {processor.py:183} INFO - Processing /opt/airflow/dags/youtube_pipeline.py took 0.139 seconds
[2026-08-22T07:36:26.836+0000] {processor.py:161} INFO - Started process (PID=87019) to work on /opt/airflow/dags/youtube_pipeline.py
[2026-08-22T07:36:26.837+0000] {processor.py:830} INFO - Processing file /opt/airflow/dags/youtube_pipeline.py for tasks to queue
[2026-08-22T07:36:26.845+0000] {logging_mixin.py:188} INFO - [2026-08-22T07:36:26.845+0000] {dagbag.py:545} INFO - Filling up the DagBag from /opt/airflow/dags/youtube_pipeline.py
[2026-08-22T07:36:26.868+0000] {processor.py:840} INFO - DAG(s) 'youtube_english_video_pipeline' retrieved from /opt/airflow/dags/youtube_pipeline.py
[2026-08-22T07:36:26.904+0000] {logging_mixin.py:188} INFO - [2026-08-22T07:36:26.903+0000] {dag.py:3089} INFO - Sync 1 DAGs
[2026-08-22T07:36:26.920+0000] {logging_mixin.py:188} INFO - [2026-08-22T07:36:26.920+0000] {dag.py:3947} INFO - Setting next_dagrun for youtube_english_video_pipeline to 2026-08-21 12:00:00+00:00, run_after=2026-08-22 12:00:00+00:00
[2026-08-22T07:36:26.937+0000] {processor.py:183} INFO - Processing /opt/airflow/dags/youtube_pipeline.py took 0.107 seconds
[2026-08-22T07:36:57.183+0000] {processor.py:161} INFO - Started process (PID=87024) to work on /opt/airflow/dags/youtube_pipeline.py
[2026-08-22T07:36:57.185+0000] {processor.py:830} INFO - Processing file /opt/airflow/dags/youtube_pipeline.py for tasks to queue
[2026-08-22T07:36:57.189+0000] {logging_mixin.py:188} INFO - [2026-08-22T07:36:57.188+0000] {dagbag.py:545} INFO - Filling up the DagBag from /opt/airflow/dags/youtube_pipeline.py
[2026-08-22T07:36:57.232+0000] {processor.py:840} INFO - DAG(s) 'youtube_english_video_pipeline' retrieved from /opt/airflow/dags/youtube_pipeline.py
[2026-08-22T07:36:57.271+0000] {logging_mixin.py:188} INFO - [2026-08-22T07:36:57.270+0000] {dag.py:3089} INFO - Sync 1 DAGs
[2026-08-22T07:36:57.298+0000] {logging_mixin.py:188} INFO - [2026-08-22T07:36:57.298+0000] {dag.py:3947} INFO - Setting next_dagrun for youtube_english_video_pipeline to 2026-08-21 12:00:00+00:00, run_after=2026-08-22 12:00:00+00:00
[2026-08-22T07:36:57.324+0000] {processor.py:183} INFO - Processing /opt/airflow/dags/youtube_pipeline.py took 0.155 seconds
[2026-08-22T07:37:27.583+0000] {processor.py:161} INFO - Started process (PID=87029) to work on /opt/airflow/dags/youtube_pipeline.py
[2026-08-22T07:37:27.585+0000] {processor.py:830} INFO - Processing file /opt/airflow/dags/youtube_pipeline.py for tasks to queue
[2026-08-22T07:37:27.587+0000] {logging_mixin.py:188} INFO - [2026-08-22T07:37:27.586+0000] {dagbag.py:545} INFO - Filling up the DagBag from /opt/airflow/dags/youtube_pipeline.py
[2026-08-22T07:37:27.635+0000] {processor.py:840} INFO - DAG(s) 'youtube_english_video_pipeline' retrieved from /opt/airflow/dags/youtube_pipeline.py
[2026-08-22T07:37:27.666+0000] {logging_mixin.py:188} INFO - [2026-08-22T07:37:27.666+0000] {dag.py:3089} INFO - Sync 1 DAGs
[2026-08-22T07:37:27.682+0000] {logging_mixin.py:188} INFO - [2026-08-22T07:37:27.682+0000] {dag.py:3947} INFO - Setting next_dagrun for youtube_english_video_pipeline to 2026-08-21 12:00:00+00:00, run_after=2026-08-22 12:00:00+00:00
[2026-08-22T07:37:27.698+0000] {processor.py:183} INFO - Processing /opt/airflow/dags/youtube_pipeline.py took 0.126 seconds
[2026-08-22T07:37:57.807+0000] {processor.py:161} INFO - Started process (PID=87034) to work on /opt/airflow/dags/youtube_pipeline.py
[2026-08-22T07:37:57.809+0000] {processor.py:830} INFO - Processing file /opt/airflow/dags/youtube_pipeline.py for tasks to queue
[2026-08-22T07:37:57.812+0000] {logging_mixin.py:188} INFO - [2026-08-22T07:37:57.812+0000] {dagbag.py:545} INFO - Filling up the DagBag from /opt/airflow/dags/youtube_pipeline.py
[2026-08-22T07:37:57.863+0000] {processor.py:840} INFO - DAG(s) 'youtube_english_video_pipeline' retrieved from /opt/airflow/dags/youtube_pipeline.py
[2026-08-22T07:37:57.897+0000] {logging_mixin.py:188} INFO - [2026-08-22T07:37:57.897+0000] {dag.py:3089} INFO - Sync 1 DAGs
[2026-08-22T07:37:57.915+0000] {logging_mixin.py:188} INFO - [2026-08-22T07:37:57.915+0000] {dag.py:3947} INFO - Setting next_dagrun for youtube_english_video_pipeline to 2026-08-21 12:00:00+00:00, run_after=2026-08-22 12:00:00+00:00
[2026-08-22T07:37:57.932+0000] {processor.py:183} INFO - Processing /opt/airflow/dags/youtube_pipeline.py took 0.134 seconds
[2026-08-22T07:38:28.197+0000] {processor.py:161} INFO - Started process (PID=87039) to work on /opt/airflow/dags/youtube_pipeline.py
[2026-08-22T07:38:28.198+0000] {processor.py:830} INFO - Processing file /opt/airflow/dags/youtube_pipeline.py for tasks to queue
[2026-08-22T07:38:28.200+0000] {logging_mixin.py:188} INFO - [2026-08-22T07:38:28.200+0000] {dagbag.py:545} INFO - Filling up the DagBag from /opt/airflow/dags/youtube_pipeline.py
[2026-08-22T07:38:28.239+0000] {processor.py:840} INFO - DAG(s) 'youtube_english_video_pipeline' retrieved from /opt/airflow/dags/youtube_pipeline.py
[2026-08-22T07:38:28.269+0000] {logging_mixin.py:188} INFO - [2026-08-22T07:38:28.269+0000] {dag.py:3089} INFO - Sync 1 DAGs
[2026-08-22T07:38:28.287+0000] {logging_mixin.py:188} INFO - [2026-08-22T07:38:28.287+0000] {dag.py:3947} INFO - Setting next_dagrun for youtube_english_video_pipeline to 2026-08-21 12:00:00+00:00, run_after=2026-08-22 12:00:00+00:00
[2026-08-22T07:38:28.332+0000] {processor.py:183} INFO - Processing /opt/airflow/dags/youtube_pipeline.py took 0.141 seconds
[2026-08-22T07:38:58.549+0000] {processor.py:161} INFO - Started process (PID=87044) to work on /opt/airflow/dags/youtube_pipeline.py
[2026-08-22T07:38:58.550+0000] {processor.py:830} INFO - Processing file /opt/airflow/dags/youtube_pipeline.py for tasks to queue
[2026-08-22T07:38:58.553+0000] {logging_mixin.py:188} INFO - [2026-08-22T07:38:58.553+0000] {dagbag.py:545} INFO - Filling up the DagBag from /opt/airflow/dags/youtube_pipeline.py
[2026-08-22T07:38:58.609+0000] {processor.py:840} INFO - DAG(s) 'youtube_english_video_pipeline' retrieved from /opt/airflow/dags/youtube_pipeline.py
[2026-08-22T07:38:58.641+0000] {logging_mixin.py:188} INFO - [2026-08-22T07:38:58.640+0000] {dag.py:3089} INFO - Sync 1 DAGs
[2026-08-22T07:38:58.656+0000] {logging_mixin.py:188} INFO - [2026-08-22T07:38:58.656+0000] {dag.py:3947} INFO - Setting next_dagrun for youtube_english_video_pipeline to 2026-08-21 12:00:00+00:00, run_after=2026-08-22 12:00:00+00:00
[2026-08-22T07:38:58.681+0000] {processor.py:183} INFO - Processing /opt/airflow/dags/youtube_pipeline.py took 0.140 seconds
[2026-08-22T07:39:28.829+0000] {processor.py:161} INFO - Started process (PID=87049) to work on /opt/airflow/dags/youtube_pipeline.py
[2026-08-22T07:39:28.830+0000] {processor.py:830} INFO - Processing file /opt/airflow/dags/youtube_pipeline.py for tasks to queue
[2026-08-22T07:39:28.832+0000] {logging_mixin.py:188} INFO - [2026-08-22T07:39:28.832+0000] {dagbag.py:545} INFO - Filling up the DagBag from /opt/airflow/dags/youtube_pipeline.py
[2026-08-22T07:39:28.853+0000] {processor.py:840} INFO - DAG(s) 'youtube_english_video_pipeline' retrieved from /opt/airflow/dags/youtube_pipeline.py
[2026-08-22T07:39:28.882+0000] {logging_mixin.py:188} INFO - [2026-08-22T07:39:28.882+0000] {dag.py:3089} INFO - Sync 1 DAGs
[2026-08-22T07:39:28.897+0000] {logging_mixin.py:188} INFO - [2026-08-22T07:39:28.897+0000] {dag.py:3947} INFO - Setting next_dagrun for youtube_english_video_pipeline to 2026-08-21 12:00:00+00:00, run_after=2026-08-22 12:00:00+00:00
[2026-08-22T07:39:28.913+0000] {processor.py:183} INFO - Processing /opt/airflow/dags/youtube_pipeline.py took 0.089 seconds
[2026-08-22T07:39:59.350+0000] {processor.py:161} INFO - Started process (PID=87054) to work on /opt/airflow/dags/youtube_pipeline.py
[2026-08-22T07:39:59.351+0000] {processor.py:830} INFO - Processing file /opt/airflow/dags/youtube_pipeline.py for tasks to queue
[2026-08-22T07:39:59.352+0000] {logging_mixin.py:188} INFO - [2026-08-22T07:39:59.352+0000] {dagbag.py:545} INFO - Filling up the DagBag from /opt/airflow/dags/youtube_pipeline.py
[2026-08-22T07:39:59.378+0000] {processor.py:840} INFO - DAG(s) 'youtube_english_video_pipeline' retrieved from /opt/airflow/dags/youtube_pipeline.py
[2026-08-22T07:39:59.410+0000] {logging_mixin.py:188} INFO - [2026-08-22T07:39:59.410+0000] {dag.py:3089} INFO - Sync 1 DAGs
[2026-08-22T07:39:59.427+0000] {logging_mixin.py:188} INFO - [2026-08-22T07:39:59.427+0000] {dag.py:3947} INFO - Setting next_dagrun for youtube_english_video_pipeline to 2026-08-21 12:00:00+00:00, run_after=2026-08-22 12:00:00+00:00
[2026-08-22T07:39:59.443+0000] {processor.py:183} INFO - Processing /opt/airflow/dags/youtube_pipeline.py took 0.098 seconds
[2026-08-22T07:40:29.736+0000] {processor.py:161} INFO - Started process (PID=87059) to work on /opt/airflow/dags/youtube_pipeline.py
[2026-08-22T07:40:29.737+0000] {processor.py:830} INFO - Processing file /opt/airflow/dags/youtube_pipeline.py for tasks to queue
[2026-08-22T07:40:29.739+0000] {logging_mixin.py:188} INFO - [2026-08-22T07:40:29.738+0000] {dagbag.py:545} INFO - Filling up the DagBag from /opt/airflow/dags/youtube_pipeline.py
[2026-08-22T07:40:29.784+0000] {processor.py:840} INFO - DAG(s) 'youtube_english_video_pipeline' retrieved from /opt/airflow/dags/youtube_pipeline.py
[2026-08-22T07:40:29.815+0000] {logging_mixin.py:188} INFO - [2026-08-22T07:40:29.814+0000] {dag.py:3089} INFO - Sync 1 DAGs
[2026-08-22T07:40:29.830+0000] {logging_mixin.py:188} INFO - [2026-08-22T07:40:29.830+0000] {dag.py:3947} INFO - Setting next_dagrun for youtube_english_video_pipeline to 2026-08-21 12:00:00+00:00, run_after=2026-08-22 12:00:00+00:00
[2026-08-22T07:40:29.846+0000] {processor.py:183} INFO - Processing /opt/airflow/dags/youtube_pipeline.py took 0.116 seconds
[2026-08-22T07:40:59.966+0000] {processor.py:161} INFO - Started process (PID=87064) to work on /opt/airflow/dags/youtube_pipeline.py
[2026-08-22T07:40:59.968+0000] {processor.py:830} INFO - Processing file /opt/airflow/dags/youtube_pipeline.py for tasks to queue
[2026-08-22T07:40:59.971+0000] {logging_mixin.py:188} INFO - [2026-08-22T07:40:59.970+0000] {dagbag.py:545} INFO - Filling up the DagBag from /opt/airflow/dags/youtube_pipeline.py
[2026-08-22T07:41:00.038+0000] {processor.py:840} INFO - DAG(s) 'youtube_english_video_pipeline' retrieved from /opt/airflow/dags/youtube_pipeline.py
[2026-08-22T07:41:00.073+0000] {logging_mixin.py:188} INFO - [2026-08-22T07:41:00.073+0000] {dag.py:3089} INFO - Sync 1 DAGs
[2026-08-22T07:41:00.089+0000] {logging_mixin.py:188} INFO - [2026-08-22T07:41:00.089+0000] {dag.py:3947} INFO - Setting next_dagrun for youtube_english_video_pipeline to 2026-08-21 12:00:00+00:00, run_after=2026-08-22 12:00:00+00:00
[2026-08-22T07:41:00.109+0000] {processor.py:183} INFO - Processing /opt/airflow/dags/youtube_pipeline.py took 0.149 seconds
[2026-08-22T07:41:30.358+0000] {processor.py:161} INFO - Started process (PID=87069) to work on /opt/airflow/dags/youtube_pipeline.py
[2026-08-22T07:41:30.360+0000] {processor.py:830} INFO - Processing file /opt/airflow/dags/youtube_pipeline.py for tasks to queue
[2026-08-22T07:41:30.365+0000] {logging_mixin.py:188} INFO - [2026-08-22T07:41:30.365+0000] {dagbag.py:545} INFO - Filling up the DagBag from /opt/airflow/dags/youtube_pipeline.py
[2026-08-22T07:41:30.423+0000] {processor.py:840} INFO - DAG(s) 'youtube_english_video_pipeline' retrieved from /opt/airflow/dags/youtube_pipeline.py
[2026-08-22T07:41:30.456+0000] {logging_mixin.py:188} INFO - [2026-08-22T07:41:30.456+0000] {dag.py:3089} INFO - Sync 1 DAGs
[2026-08-22T07:41:30.471+0000] {logging_mixin.py:188} INFO - [2026-08-22T07:41:30.471+0000] {dag.py:3947} INFO - Setting next_dagrun for youtube_english_video_pipeline to 2026-08-21 12:00:00+00:00, run_after=2026-08-22 12:00:00+00:00
[2026-08-22T07:41:30.492+0000] {processor.py:183} INFO - Processing /opt/airflow/dags/youtube_pipeline.py took 0.142 seconds
[2026-08-22T07:42:00.640+0000] {processor.py:161} INFO - Started process (PID=87074) to work on /opt/airflow/dags/youtube_pipeline.py
[2026-08-22T07:42:00.643+0000] {processor.py:830} INFO - Processing file /opt/airflow/dags/youtube_pipeline.py for tasks to queue
[2026-08-22T07:42:00.644+0000] {logging_mixin.py:188} INFO - [2026-08-22T07:42:00.644+0000] {dagbag.py:545} INFO - Filling up the DagBag from /opt/airflow/dags/youtube_pipeline.py
[2026-08-22T07:42:00.690+0000] {processor.py:840} INFO - DAG(s) 'youtube_english_video_pipeline' retrieved from /opt/airflow/dags/youtube_pipeline.py
[2026-08-22T07:42:00.722+0000] {logging_mixin.py:188} INFO - [2026-08-22T07:42:00.721+0000] {dag.py:3089} INFO - Sync 1 DAGs
[2026-08-22T07:42:00.739+0000] {logging_mixin.py:188} INFO - [2026-08-22T07:42:00.739+0000] {dag.py:3947} INFO - Setting next_dagrun for youtube_english_video_pipeline to 2026-08-21 12:00:00+00:00, run_after=2026-08-22 12:00:00+00:00
[2026-08-22T07:42:00.757+0000] {processor.py:183} INFO - Processing /opt/airflow/dags/youtube_pipeline.py took 0.125 seconds
[2026-08-22T07:42:30.988+0000] {processor.py:161} INFO - Started process (PID=87079) to work on /opt/airflow/dags/youtube_pipeline.py
[2026-08-22T07:42:30.990+0000] {processor.py:830} INFO - Processing file /opt/airflow/dags/youtube_pipeline.py for tasks to queue
[2026-08-22T07:42:30.993+0000] {logging_mixin.py:188} INFO - [2026-08-22T07:42:30.992+0000] {dagbag.py:545} INFO - Filling up the DagBag from /opt/airflow/dags/youtube_pipeline.py
[2026-08-22T07:42:31.060+0000] {processor.py:840} INFO - DAG(s) 'youtube_english_video_pipeline' retrieved from /opt/airflow/dags/youtube_pipeline.py
[2026-08-22T07:42:31.113+0000] {logging_mixin.py:188} INFO - [2026-08-22T07:42:31.112+0000] {dag.py:3089} INFO - Sync 1 DAGs
[2026-08-22T07:42:31.137+0000] {logging_mixin.py:188} INFO - [2026-08-22T07:42:31.137+0000] {dag.py:3947} INFO - Setting next_dagrun for youtube_english_video_pipeline to 2026-08-21 12:00:00+00:00, run_after=2026-08-22 12:00:00+00:00
[2026-08-22T07:42:31.162+0000] {processor.py:183} INFO - Processing /opt/airflow/dags/youtube_pipeline.py took 0.184 seconds
[2026-08-22T07:43:01.245+0000] {processor.py:161} INFO - Started process (PID=87084) to work on /opt/airflow/dags/youtube_pipeline.py
[2026-08-22T07:43:01.247+0000] {processor.py:830} INFO - Processing file /opt/airflow/dags/youtube_pipeline.py for tasks to queue
[2026-08-22T07:43:01.249+0000] {logging_mixin.py:188} INFO - [2026-08-22T07:43:01.248+0000] {dagbag.py:545} INFO - Filling up the DagBag from /opt/airflow/dags/youtube_pipeline.py
[2026-08-22T07:43:01.304+0000] {processor.py:840} INFO - DAG(s) 'youtube_english_video_pipeline' retrieved from /opt/airflow/dags/youtube_pipeline.py
[2026-08-22T07:43:01.353+0000] {logging_mixin.py:188} INFO - [2026-08-22T07:43:01.353+0000] {dag.py:3089} INFO - Sync 1 DAGs
[2026-08-22T07:43:01.375+0000] {logging_mixin.py:188} INFO - [2026-08-22T07:43:01.375+0000] {dag.py:3947} INFO - Setting next_dagrun for youtube_english_video_pipeline to 2026-08-21 12:00:00+00:00, run_after=2026-08-22 12:00:00+00:00
[2026-08-22T07:43:01.397+0000] {processor.py:183} INFO - Processing /opt/airflow/dags/youtube_pipeline.py took 0.159 seconds
[2026-08-22T07:43:31.636+0000] {processor.py:161} INFO - Started process (PID=87089) to work on /opt/airflow/dags/youtube_pipeline.py
[2026-08-22T07:43:31.637+0000] {processor.py:830} INFO - Processing file /opt/airflow/dags/youtube_pipeline.py for tasks to queue
[2026-08-22T07:43:31.639+0000] {logging_mixin.py:188} INFO - [2026-08-22T07:43:31.639+0000] {dagbag.py:545} INFO - Filling up the DagBag from /opt/airflow/dags/youtube_pipeline.py
[2026-08-22T07:43:31.692+0000] {processor.py:840} INFO - DAG(s) 'youtube_english_video_pipeline' retrieved from /opt/airflow/dags/youtube_pipeline.py
[2026-08-22T07:43:31.722+0000] {logging_mixin.py:188} INFO - [2026-08-22T07:43:31.722+0000] {dag.py:3089} INFO - Sync 1 DAGs
[2026-08-22T07:43:31.738+0000] {logging_mixin.py:188} INFO - [2026-08-22T07:43:31.738+0000] {dag.py:3947} INFO - Setting next_dagrun for youtube_english_video_pipeline to 2026-08-21 12:00:00+00:00, run_after=2026-08-22 12:00:00+00:00
[2026-08-22T07:43:31.761+0000] {processor.py:183} INFO - Processing /opt/airflow/dags/youtube_pipeline.py took 0.133 seconds
[2026-08-22T07:44:01.864+0000] {processor.py:161} INFO - Started process (PID=87094) to work on /opt/airflow/dags/youtube_pipeline.py
[2026-08-22T07:44:01.866+0000] {processor.py:830} INFO - Processing file /opt/airflow/dags/youtube_pipeline.py for tasks to queue
[2026-08-22T07:44:01.868+0000] {logging_mixin.py:188} INFO - [2026-08-22T07:44:01.867+0000] {dagbag.py:545} INFO - Filling up the DagBag from /opt/airflow/dags/youtube_pipeline.py
[2026-08-22T07:44:01.913+0000] {processor.py:840} INFO - DAG(s) 'youtube_english_video_pipeline' retrieved from /opt/airflow/dags/youtube_pipeline.py
[2026-08-22T07:44:01.954+0000] {logging_mixin.py:188} INFO - [2026-08-22T07:44:01.954+0000] {dag.py:3089} INFO - Sync 1 DAGs
[2026-08-22T07:44:01.971+0000] {logging_mixin.py:188} INFO - [2026-08-22T07:44:01.971+0000] {dag.py:3947} INFO - Setting next_dagrun for youtube_english_video_pipeline to 2026-08-21 12:00:00+00:00, run_after=2026-08-22 12:00:00+00:00
[2026-08-22T07:44:01.990+0000] {processor.py:183} INFO - Processing /opt/airflow/dags/youtube_pipeline.py took 0.134 seconds
[2026-08-22T07:44:32.342+0000] {processor.py:161} INFO - Started process (PID=87099) to work on /opt/airflow/dags/youtube_pipeline.py
[2026-08-22T07:44:32.343+0000] {processor.py:830} INFO - Processing file /opt/airflow/dags/youtube_pipeline.py for tasks to queue
[2026-08-22T07:44:32.347+0000] {logging_mixin.py:188} INFO - [2026-08-22T07:44:32.347+0000] {dagbag.py:545} INFO - Filling up the DagBag from /opt/airflow/dags/youtube_pipeline.py
[2026-08-22T07:44:32.384+0000] {processor.py:840} INFO - DAG(s) 'youtube_english_video_pipeline' retrieved from /opt/airflow/dags/youtube_pipeline.py
[2026-08-22T07:44:32.413+0000] {logging_mixin.py:188} INFO - [2026-08-22T07:44:32.413+0000] {dag.py:3089} INFO - Sync 1 DAGs
[2026-08-22T07:44:32.426+0000] {logging_mixin.py:188} INFO - [2026-08-22T07:44:32.426+0000] {dag.py:3947} INFO - Setting next_dagrun for youtube_english_video_pipeline to 2026-08-21 12:00:00+00:00, run_after=2026-08-22 12:00:00+00:00
[2026-08-22T07:44:32.441+0000] {processor.py:183} INFO - Processing /opt/airflow/dags/youtube_pipeline.py took 0.105 seconds
[2026-08-22T07:45:02.560+0000] {processor.py:161} INFO - Started process (PID=87104) to work on /opt/airflow/dags/youtube_pipeline.py
[2026-08-22T07:45:02.561+0000] {processor.py:830} INFO - Processing file /opt/airflow/dags/youtube_pipeline.py for tasks to queue
[2026-08-22T07:45:02.564+0000] {logging_mixin.py:188} INFO - [2026-08-22T07:45:02.563+0000] {dagbag.py:545} INFO - Filling up the DagBag from /opt/airflow/dags/youtube_pipeline.py
[2026-08-22T07:45:02.593+0000] {processor.py:840} INFO - DAG(s) 'youtube_english_video_pipeline' retrieved from /opt/airflow/dags/youtube_pipeline.py
[2026-08-22T07:45:02.624+0000] {logging_mixin.py:188} INFO - [2026-08-22T07:45:02.624+0000] {dag.py:3089} INFO - Sync 1 DAGs
[2026-08-22T07:45:02.641+0000] {logging_mixin.py:188} INFO - [2026-08-22T07:45:02.641+0000] {dag.py:3947} INFO - Setting next_dagrun for youtube_english_video_pipeline to 2026-08-21 12:00:00+00:00, run_after=2026-08-22 12:00:00+00:00
[2026-08-22T07:45:02.660+0000] {processor.py:183} INFO - Processing /opt/airflow/dags/youtube_pipeline.py took 0.108 seconds
[2026-08-22T07:45:32.967+0000] {processor.py:161} INFO - Started process (PID=87109) to work on /opt/airflow/dags/youtube_pipeline.py
[2026-08-22T07:45:32.968+0000] {processor.py:830} INFO - Processing file /opt/airflow/dags/youtube_pipeline.py for tasks to queue
[2026-08-22T07:45:32.969+0000] {logging_mixin.py:188} INFO - [2026-08-22T07:45:32.969+0000] {dagbag.py:545} INFO - Filling up the DagBag from /opt/airflow/dags/youtube_pipeline.py
[2026-08-22T07:45:32.992+0000] {processor.py:840} INFO - DAG(s) 'youtube_english_video_pipeline' retrieved from /opt/airflow/dags/youtube_pipeline.py
[2026-08-22T07:45:33.022+0000] {logging_mixin.py:188} INFO - [2026-08-22T07:45:33.022+0000] {dag.py:3089} INFO - Sync 1 DAGs
[2026-08-22T07:45:33.037+0000] {logging_mixin.py:188} INFO - [2026-08-22T07:45:33.037+0000] {dag.py:3947} INFO - Setting next_dagrun for youtube_english_video_pipeline to 2026-08-21 12:00:00+00:00, run_after=2026-08-22 12:00:00+00:00
[2026-08-22T07:45:33.051+0000] {processor.py:183} INFO - Processing /opt/airflow/dags/youtube_pipeline.py took 0.089 seconds
[2026-08-22T07:46:03.338+0000] {processor.py:161} INFO - Started process (PID=87114) to work on /opt/airflow/dags/youtube_pipeline.py
[2026-08-22T07:46:03.341+0000] {processor.py:830} INFO - Processing file /opt/airflow/dags/youtube_pipeline.py for tasks to queue
[2026-08-22T07:46:03.345+0000] {logging_mixin.py:188} INFO - [2026-08-22T07:46:03.345+0000] {dagbag.py:545} INFO - Filling up the DagBag from /opt/airflow/dags/youtube_pipeline.py
[2026-08-22T07:46:03.515+0000] {processor.py:840} INFO - DAG(s) 'youtube_english_video_pipeline' retrieved from /opt/airflow/dags/youtube_pipeline.py
[2026-08-22T07:46:03.549+0000] {logging_mixin.py:188} INFO - [2026-08-22T07:46:03.549+0000] {dag.py:3089} INFO - Sync 1 DAGs
[2026-08-22T07:46:03.565+0000] {logging_mixin.py:188} INFO - [2026-08-22T07:46:03.565+0000] {dag.py:3947} INFO - Setting next_dagrun for youtube_english_video_pipeline to 2026-08-21 12:00:00+00:00, run_after=2026-08-22 12:00:00+00:00
[2026-08-22T07:46:03.603+0000] {processor.py:183} INFO - Processing /opt/airflow/dags/youtube_pipeline.py took 0.278 seconds
[2026-08-22T07:46:33.853+0000] {processor.py:161} INFO - Started process (PID=87119) to work on /opt/airflow/dags/youtube_pipeline.py
[2026-08-22T07:46:33.854+0000] {processor.py:830} INFO - Processing file /opt/airflow/dags/youtube_pipeline.py for tasks to queue
[2026-08-22T07:46:33.856+0000] {logging_mixin.py:188} INFO - [2026-08-22T07:46:33.855+0000] {dagbag.py:545} INFO - Filling up the DagBag from /opt/airflow/dags/youtube_pipeline.py
[2026-08-22T07:46:33.877+0000] {processor.py:840} INFO - DAG(s) 'youtube_english_video_pipeline' retrieved from /opt/airflow/dags/youtube_pipeline.py
[2026-08-22T07:46:33.908+0000] {logging_mixin.py:188} INFO - [2026-08-22T07:46:33.908+0000] {dag.py:3089} INFO - Sync 1 DAGs
[2026-08-22T07:46:33.923+0000] {logging_mixin.py:188} INFO - [2026-08-22T07:46:33.923+0000] {dag.py:3947} INFO - Setting next_dagrun for youtube_english_video_pipeline to 2026-08-21 12:00:00+00:00, run_after=2026-08-22 12:00:00+00:00
[2026-08-22T07:46:33.956+0000] {processor.py:183} INFO - Processing /opt/airflow/dags/youtube_pipeline.py took 0.110 seconds
[2026-08-22T07:47:04.251+0000] {processor.py:161} INFO - Started process (PID=87124) to work on /opt/airflow/dags/youtube_pipeline.py
[2026-08-22T07:47:04.252+0000] {processor.py:830} INFO - Processing file /opt/airflow/dags/youtube_pipeline.py for tasks to queue
[2026-08-22T07:47:04.254+0000] {logging_mixin.py:188} INFO - [2026-08-22T07:47:04.254+0000] {dagbag.py:545} INFO - Filling up the DagBag from /opt/airflow/dags/youtube_pipeline.py
[2026-08-22T07:47:04.308+0000] {processor.py:840} INFO - DAG(s) 'youtube_english_video_pipeline' retrieved from /opt/airflow/dags/youtube_pipeline.py
[2026-08-22T07:47:04.338+0000] {logging_mixin.py:188} INFO - [2026-08-22T07:47:04.338+0000] {dag.py:3089} INFO - Sync 1 DAGs
[2026-08-22T07:47:04.353+0000] {logging_mixin.py:188} INFO - [2026-08-22T07:47:04.353+0000] {dag.py:3947} INFO - Setting next_dagrun for youtube_english_video_pipeline to 2026-08-21 12:00:00+00:00, run_after=2026-08-22 12:00:00+00:00
[2026-08-22T07:47:04.378+0000] {processor.py:183} INFO - Processing /opt/airflow/dags/youtube_pipeline.py took 0.137 seconds
[2026-08-22T07:47:34.467+0000] {processor.py:161} INFO - Started process (PID=87129) to work on /opt/airflow/dags/youtube_pipeline.py
[2026-08-22T07:47:34.468+0000] {processor.py:830} INFO - Processing file /opt/airflow/dags/youtube_pipeline.py for tasks to queue
[2026-08-22T07:47:34.470+0000] {logging_mixin.py:188} INFO - [2026-08-22T07:47:34.470+0000] {dagbag.py:545} INFO - Filling up the DagBag from /opt/airflow/dags/youtube_pipeline.py
[2026-08-22T07:47:34.492+0000] {processor.py:840} INFO - DAG(s) 'youtube_english_video_pipeline' retrieved from /opt/airflow/dags/youtube_pipeline.py
[2026-08-22T07:47:34.523+0000] {logging_mixin.py:188} INFO - [2026-08-22T07:47:34.522+0000] {dag.py:3089} INFO - Sync 1 DAGs
[2026-08-22T07:47:34.538+0000] {logging_mixin.py:188} INFO - [2026-08-22T07:47:34.538+0000] {dag.py:3947} INFO - Setting next_dagrun for youtube_english_video_pipeline to 2026-08-21 12:00:00+00:00, run_after=2026-08-22 12:00:00+00:00
[2026-08-22T07:47:34.554+0000] {processor.py:183} INFO - Processing /opt/airflow/dags/youtube_pipeline.py took 0.093 seconds
[2026-08-22T07:48:04.667+0000] {processor.py:161} INFO - Started process (PID=87134) to work on /opt/airflow/dags/youtube_pipeline.py
[2026-08-22T07:48:04.668+0000] {processor.py:830} INFO - Processing file /opt/airflow/dags/youtube_pipeline.py for tasks to queue
[2026-08-22T07:48:04.670+0000] {logging_mixin.py:188} INFO - [2026-08-22T07:48:04.669+0000] {dagbag.py:545} INFO - Filling up the DagBag from /opt/airflow/dags/youtube_pipeline.py
[2026-08-22T07:48:04.694+0000] {processor.py:840} INFO - DAG(s) 'youtube_english_video_pipeline' retrieved from /opt/airflow/dags/youtube_pipeline.py
[2026-08-22T07:48:04.724+0000] {logging_mixin.py:188} INFO - [2026-08-22T07:48:04.723+0000] {dag.py:3089} INFO - Sync 1 DAGs
[2026-08-22T07:48:04.739+0000] {logging_mixin.py:188} INFO - [2026-08-22T07:48:04.739+0000] {dag.py:3947} INFO - Setting next_dagrun for youtube_english_video_pipeline to 2026-08-21 12:00:00+00:00, run_after=2026-08-22 12:00:00+00:00
[2026-08-22T07:48:04.766+0000] {processor.py:183} INFO - Processing /opt/airflow/dags/youtube_pipeline.py took 0.105 seconds
[2026-08-22T07:48:35.082+0000] {processor.py:161} INFO - Started process (PID=87139) to work on /opt/airflow/dags/youtube_pipeline.py
[2026-08-22T07:48:35.083+0000] {processor.py:830} INFO - Processing file /opt/airflow/dags/youtube_pipeline.py for tasks to queue
[2026-08-22T07:48:35.086+0000] {logging_mixin.py:188} INFO - [2026-08-22T07:48:35.086+0000] {dagbag.py:545} INFO - Filling up the DagBag from /opt/airflow/dags/youtube_pipeline.py
[2026-08-22T07:48:35.118+0000] {processor.py:840} INFO - DAG(s) 'youtube_english_video_pipeline' retrieved from /opt/airflow/dags/youtube_pipeline.py
[2026-08-22T07:48:35.148+0000] {logging_mixin.py:188} INFO - [2026-08-22T07:48:35.148+0000] {dag.py:3089} INFO - Sync 1 DAGs
[2026-08-22T07:48:35.165+0000] {logging_mixin.py:188} INFO - [2026-08-22T07:48:35.164+0000] {dag.py:3947} INFO - Setting next_dagrun for youtube_english_video_pipeline to 2026-08-21 12:00:00+00:00, run_after=2026-08-22 12:00:00+00:00
[2026-08-22T07:48:35.181+0000] {processor.py:183} INFO - Processing /opt/airflow/dags/youtube_pipeline.py took 0.107 seconds
[2026-08-22T07:49:05.265+0000] {processor.py:161} INFO - Started process (PID=87144) to work on /opt/airflow/dags/youtube_pipeline.py
[2026-08-22T07:49:05.266+0000] {processor.py:830} INFO - Processing file /opt/airflow/dags/youtube_pipeline.py for tasks to queue
[2026-08-22T07:49:05.268+0000] {logging_mixin.py:188} INFO - [2026-08-22T07:49:05.267+0000] {dagbag.py:545} INFO - Filling up the DagBag from /opt/airflow/dags/youtube_pipeline.py
[2026-08-22T07:49:05.294+0000] {processor.py:840} INFO - DAG(s) 'youtube_english_video_pipeline' retrieved from /opt/airflow/dags/youtube_pipeline.py
[2026-08-22T07:49:05.336+0000] {logging_mixin.py:188} INFO - [2026-08-22T07:49:05.335+0000] {dag.py:3089} INFO - Sync 1 DAGs
[2026-08-22T07:49:05.351+0000] {logging_mixin.py:188} INFO - [2026-08-22T07:49:05.351+0000] {dag.py:3947} INFO - Setting next_dagrun for youtube_english_video_pipeline to 2026-08-21 12:00:00+00:00, run_after=2026-08-22 12:00:00+00:00
[2026-08-22T07:49:05.365+0000] {processor.py:183} INFO - Processing /opt/airflow/dags/youtube_pipeline.py took 0.106 seconds
[2026-08-22T07:49:35.595+0000] {processor.py:161} INFO - Started process (PID=87149) to work on /opt/airflow/dags/youtube_pipeline.py
[2026-08-22T07:49:35.596+0000] {processor.py:830} INFO - Processing file /opt/airflow/dags/youtube_pipeline.py for tasks to queue
[2026-08-22T07:49:35.598+0000] {logging_mixin.py:188} INFO - [2026-08-22T07:49:35.598+0000] {dagbag.py:545} INFO - Filling up the DagBag from /opt/airflow/dags/youtube_pipeline.py
[2026-08-22T07:49:35.625+0000] {processor.py:840} INFO - DAG(s) 'youtube_english_video_pipeline' retrieved from /opt/airflow/dags/youtube_pipeline.py
[2026-08-22T07:49:35.658+0000] {logging_mixin.py:188} INFO - [2026-08-22T07:49:35.658+0000] {dag.py:3089} INFO - Sync 1 DAGs
[2026-08-22T07:49:35.686+0000] {logging_mixin.py:188} INFO - [2026-08-22T07:49:35.686+0000] {dag.py:3947} INFO - Setting next_dagrun for youtube_english_video_pipeline to 2026-08-21 12:00:00+00:00, run_after=2026-08-22 12:00:00+00:00
[2026-08-22T07:49:35.717+0000] {processor.py:183} INFO - Processing /opt/airflow/dags/youtube_pipeline.py took 0.128 seconds
[2026-08-22T07:50:05.865+0000] {processor.py:161} INFO - Started process (PID=87154) to work on /opt/airflow/dags/youtube_pipeline.py
[2026-08-22T07:50:05.866+0000] {processor.py:830} INFO - Processing file /opt/airflow/dags/youtube_pipeline.py for tasks to queue
[2026-08-22T07:50:05.867+0000] {logging_mixin.py:188} INFO - [2026-08-22T07:50:05.867+0000] {dagbag.py:545} INFO - Filling up the DagBag from /opt/airflow/dags/youtube_pipeline.py
[2026-08-22T07:50:05.897+0000] {processor.py:840} INFO - DAG(s) 'youtube_english_video_pipeline' retrieved from /opt/airflow/dags/youtube_pipeline.py
[2026-08-22T07:50:05.929+0000] {logging_mixin.py:188} INFO - [2026-08-22T07:50:05.929+0000] {dag.py:3089} INFO - Sync 1 DAGs
[2026-08-22T07:50:05.947+0000] {logging_mixin.py:188} INFO - [2026-08-22T07:50:05.946+0000] {dag.py:3947} INFO - Setting next_dagrun for youtube_english_video_pipeline to 2026-08-21 12:00:00+00:00, run_after=2026-08-22 12:00:00+00:00
[2026-08-22T07:50:05.969+0000] {processor.py:183} INFO - Processing /opt/airflow/dags/youtube_pipeline.py took 0.111 seconds
[2026-08-22T07:50:36.259+0000] {processor.py:161} INFO - Started process (PID=87159) to work on /opt/airflow/dags/youtube_pipeline.py
[2026-08-22T07:50:36.261+0000] {processor.py:830} INFO - Processing file /opt/airflow/dags/youtube_pipeline.py for tasks to queue
[2026-08-22T07:50:36.263+0000] {logging_mixin.py:188} INFO - [2026-08-22T07:50:36.262+0000] {dagbag.py:545} INFO - Filling up the DagBag from /opt/airflow/dags/youtube_pipeline.py
[2026-08-22T07:50:36.368+0000] {processor.py:840} INFO - DAG(s) 'youtube_english_video_pipeline' retrieved from /opt/airflow/dags/youtube_pipeline.py
[2026-08-22T07:50:36.399+0000] {logging_mixin.py:188} INFO - [2026-08-22T07:50:36.399+0000] {dag.py:3089} INFO - Sync 1 DAGs
[2026-08-22T07:50:36.417+0000] {logging_mixin.py:188} INFO - [2026-08-22T07:50:36.416+0000] {dag.py:3947} INFO - Setting next_dagrun for youtube_english_video_pipeline to 2026-08-21 12:00:00+00:00, run_after=2026-08-22 12:00:00+00:00
[2026-08-22T07:50:36.438+0000] {processor.py:183} INFO - Processing /opt/airflow/dags/youtube_pipeline.py took 0.186 seconds
[2026-08-22T07:51:06.675+0000] {processor.py:161} INFO - Started process (PID=87164) to work on /opt/airflow/dags/youtube_pipeline.py
[2026-08-22T07:51:06.676+0000] {processor.py:830} INFO - Processing file /opt/airflow/dags/youtube_pipeline.py for tasks to queue
[2026-08-22T07:51:06.678+0000] {logging_mixin.py:188} INFO - [2026-08-22T07:51:06.677+0000] {dagbag.py:545} INFO - Filling up the DagBag from /opt/airflow/dags/youtube_pipeline.py
[2026-08-22T07:51:06.699+0000] {processor.py:840} INFO - DAG(s) 'youtube_english_video_pipeline' retrieved from /opt/airflow/dags/youtube_pipeline.py
[2026-08-22T07:51:06.732+0000] {logging_mixin.py:188} INFO - [2026-08-22T07:51:06.732+0000] {dag.py:3089} INFO - Sync 1 DAGs
[2026-08-22T07:51:06.751+0000] {logging_mixin.py:188} INFO - [2026-08-22T07:51:06.751+0000] {dag.py:3947} INFO - Setting next_dagrun for youtube_english_video_pipeline to 2026-08-21 12:00:00+00:00, run_after=2026-08-22 12:00:00+00:00
[2026-08-22T07:51:06.769+0000] {processor.py:183} INFO - Processing /opt/airflow/dags/youtube_pipeline.py took 0.099 seconds
[2026-08-22T07:51:36.939+0000] {processor.py:161} INFO - Started process (PID=87169) to work on /opt/airflow/dags/youtube_pipeline.py
[2026-08-22T07:51:36.945+0000] {processor.py:830} INFO - Processing file /opt/airflow/dags/youtube_pipeline.py for tasks to queue
[2026-08-22T07:51:36.949+0000] {logging_mixin.py:188} INFO - [2026-08-22T07:51:36.948+0000] {dagbag.py:545} INFO - Filling up the DagBag from /opt/airflow/dags/youtube_pipeline.py
[2026-08-22T07:51:37.067+0000] {processor.py:840} INFO - DAG(s) 'youtube_english_video_pipeline' retrieved from /opt/airflow/dags/youtube_pipeline.py
[2026-08-22T07:51:37.099+0000] {logging_mixin.py:188} INFO - [2026-08-22T07:51:37.099+0000] {dag.py:3089} INFO - Sync 1 DAGs
[2026-08-22T07:51:37.115+0000] {logging_mixin.py:188} INFO - [2026-08-22T07:51:37.115+0000] {dag.py:3947} INFO - Setting next_dagrun for youtube_english_video_pipeline to 2026-08-21 12:00:00+00:00, run_after=2026-08-22 12:00:00+00:00
[2026-08-22T07:51:37.136+0000] {processor.py:183} INFO - Processing /opt/airflow/dags/youtube_pipeline.py took 0.209 seconds
[2026-08-22T07:52:07.226+0000] {processor.py:161} INFO - Started process (PID=87174) to work on /opt/airflow/dags/youtube_pipeline.py
[2026-08-22T07:52:07.227+0000] {processor.py:830} INFO - Processing file /opt/airflow/dags/youtube_pipeline.py for tasks to queue
[2026-08-22T07:52:07.228+0000] {logging_mixin.py:188} INFO - [2026-08-22T07:52:07.228+0000] {dagbag.py:545} INFO - Filling up the DagBag from /opt/airflow/dags/youtube_pipeline.py
[2026-08-22T07:52:07.248+0000] {processor.py:840} INFO - DAG(s) 'youtube_english_video_pipeline' retrieved from /opt/airflow/dags/youtube_pipeline.py
[2026-08-22T07:52:07.279+0000] {logging_mixin.py:188} INFO - [2026-08-22T07:52:07.279+0000] {dag.py:3089} INFO - Sync 1 DAGs
[2026-08-22T07:52:07.294+0000] {logging_mixin.py:188} INFO - [2026-08-22T07:52:07.294+0000] {dag.py:3947} INFO - Setting next_dagrun for youtube_english_video_pipeline to 2026-08-21 12:00:00+00:00, run_after=2026-08-22 12:00:00+00:00
[2026-08-22T07:52:07.309+0000] {processor.py:183} INFO - Processing /opt/airflow/dags/youtube_pipeline.py took 0.088 seconds
[2026-08-22T07:52:37.484+0000] {processor.py:161} INFO - Started process (PID=87179) to work on /opt/airflow/dags/youtube_pipeline.py
[2026-08-22T07:52:37.485+0000] {processor.py:830} INFO - Processing file /opt/airflow/dags/youtube_pipeline.py for tasks to queue
[2026-08-22T07:52:37.486+0000] {logging_mixin.py:188} INFO - [2026-08-22T07:52:37.486+0000] {dagbag.py:545} INFO - Filling up the DagBag from /opt/airflow/dags/youtube_pipeline.py
[2026-08-22T07:52:37.508+0000] {processor.py:840} INFO - DAG(s) 'youtube_english_video_pipeline' retrieved from /opt/airflow/dags/youtube_pipeline.py
[2026-08-22T07:52:37.540+0000] {logging_mixin.py:188} INFO - [2026-08-22T07:52:37.540+0000] {dag.py:3089} INFO - Sync 1 DAGs
[2026-08-22T07:52:37.566+0000] {logging_mixin.py:188} INFO - [2026-08-22T07:52:37.566+0000] {dag.py:3947} INFO - Setting next_dagrun for youtube_english_video_pipeline to 2026-08-21 12:00:00+00:00, run_after=2026-08-22 12:00:00+00:00
[2026-08-22T07:52:37.582+0000] {processor.py:183} INFO - Processing /opt/airflow/dags/youtube_pipeline.py took 0.104 seconds
[2026-08-22T07:53:07.857+0000] {processor.py:161} INFO - Started process (PID=87184) to work on /opt/airflow/dags/youtube_pipeline.py
[2026-08-22T07:53:07.859+0000] {processor.py:830} INFO - Processing file /opt/airflow/dags/youtube_pipeline.py for tasks to queue
[2026-08-22T07:53:07.861+0000] {logging_mixin.py:188} INFO - [2026-08-22T07:53:07.860+0000] {dagbag.py:545} INFO - Filling up the DagBag from /opt/airflow/dags/youtube_pipeline.py
[2026-08-22T07:53:07.895+0000] {processor.py:840} INFO - DAG(s) 'youtube_english_video_pipeline' retrieved from /opt/airflow/dags/youtube_pipeline.py
[2026-08-22T07:53:07.926+0000] {logging_mixin.py:188} INFO - [2026-08-22T07:53:07.926+0000] {dag.py:3089} INFO - Sync 1 DAGs
[2026-08-22T07:53:07.942+0000] {logging_mixin.py:188} INFO - [2026-08-22T07:53:07.942+0000] {dag.py:3947} INFO - Setting next_dagrun for youtube_english_video_pipeline to 2026-08-21 12:00:00+00:00, run_after=2026-08-22 12:00:00+00:00
[2026-08-22T07:53:07.960+0000] {processor.py:183} INFO - Processing /opt/airflow/dags/youtube_pipeline.py took 0.111 seconds
[2026-08-22T07:53:38.056+0000] {processor.py:161} INFO - Started process (PID=87189) to work on /opt/airflow/dags/youtube_pipeline.py
[2026-08-22T07:53:38.057+0000] {processor.py:830} INFO - Processing file /opt/airflow/dags/youtube_pipeline.py for tasks to queue
[2026-08-22T07:53:38.058+0000] {logging_mixin.py:188} INFO - [2026-08-22T07:53:38.058+0000] {dagbag.py:545} INFO - Filling up the DagBag from /opt/airflow/dags/youtube_pipeline.py
[2026-08-22T07:53:38.087+0000] {processor.py:840} INFO - DAG(s) 'youtube_english_video_pipeline' retrieved from /opt/airflow/dags/youtube_pipeline.py
[2026-08-22T07:53:38.122+0000] {logging_mixin.py:188} INFO - [2026-08-22T07:53:38.122+0000] {dag.py:3089} INFO - Sync 1 DAGs
[2026-08-22T07:53:38.137+0000] {logging_mixin.py:188} INFO - [2026-08-22T07:53:38.137+0000] {dag.py:3947} INFO - Setting next_dagrun for youtube_english_video_pipeline to 2026-08-21 12:00:00+00:00, run_after=2026-08-22 12:00:00+00:00
[2026-08-22T07:53:38.153+0000] {processor.py:183} INFO - Processing /opt/airflow/dags/youtube_pipeline.py took 0.104 seconds
[2026-08-22T07:54:08.376+0000] {processor.py:161} INFO - Started process (PID=87194) to work on /opt/airflow/dags/youtube_pipeline.py
[2026-08-22T07:54:08.376+0000] {processor.py:830} INFO - Processing file /opt/airflow/dags/youtube_pipeline.py for tasks to queue
[2026-08-22T07:54:08.378+0000] {logging_mixin.py:188} INFO - [2026-08-22T07:54:08.378+0000] {dagbag.py:545} INFO - Filling up the DagBag from /opt/airflow/dags/youtube_pipeline.py
[2026-08-22T07:54:08.428+0000] {processor.py:840} INFO - DAG(s) 'youtube_english_video_pipeline' retrieved from /opt/airflow/dags/youtube_pipeline.py
[2026-08-22T07:54:08.462+0000] {logging_mixin.py:188} INFO - [2026-08-22T07:54:08.461+0000] {dag.py:3089} INFO - Sync 1 DAGs
[2026-08-22T07:54:08.478+0000] {logging_mixin.py:188} INFO - [2026-08-22T07:54:08.477+0000] {dag.py:3947} INFO - Setting next_dagrun for youtube_english_video_pipeline to 2026-08-21 12:00:00+00:00, run_after=2026-08-22 12:00:00+00:00
[2026-08-22T07:54:08.504+0000] {processor.py:183} INFO - Processing /opt/airflow/dags/youtube_pipeline.py took 0.133 seconds
[2026-08-22T07:54:38.621+0000] {processor.py:161} INFO - Started process (PID=87199) to work on /opt/airflow/dags/youtube_pipeline.py
[2026-08-22T07:54:38.622+0000] {processor.py:830} INFO - Processing file /opt/airflow/dags/youtube_pipeline.py for tasks to queue
[2026-08-22T07:54:38.624+0000] {logging_mixin.py:188} INFO - [2026-08-22T07:54:38.623+0000] {dagbag.py:545} INFO - Filling up the DagBag from /opt/airflow/dags/youtube_pipeline.py
[2026-08-22T07:54:38.646+0000] {processor.py:840} INFO - DAG(s) 'youtube_english_video_pipeline' retrieved from /opt/airflow/dags/youtube_pipeline.py
[2026-08-22T07:54:38.675+0000] {logging_mixin.py:188} INFO - [2026-08-22T07:54:38.675+0000] {dag.py:3089} INFO - Sync 1 DAGs
[2026-08-22T07:54:38.688+0000] {logging_mixin.py:188} INFO - [2026-08-22T07:54:38.688+0000] {dag.py:3947} INFO - Setting next_dagrun for youtube_english_video_pipeline to 2026-08-21 12:00:00+00:00, run_after=2026-08-22 12:00:00+00:00
[2026-08-22T07:54:38.703+0000] {processor.py:183} INFO - Processing /opt/airflow/dags/youtube_pipeline.py took 0.087 seconds
[2026-08-22T07:55:08.896+0000] {processor.py:161} INFO - Started process (PID=87204) to work on /opt/airflow/dags/youtube_pipeline.py
[2026-08-22T07:55:08.898+0000] {processor.py:830} INFO - Processing file /opt/airflow/dags/youtube_pipeline.py for tasks to queue
[2026-08-22T07:55:08.901+0000] {logging_mixin.py:188} INFO - [2026-08-22T07:55:08.901+0000] {dagbag.py:545} INFO - Filling up the DagBag from /opt/airflow/dags/youtube_pipeline.py
[2026-08-22T07:55:08.952+0000] {processor.py:840} INFO - DAG(s) 'youtube_english_video_pipeline' retrieved from /opt/airflow/dags/youtube_pipeline.py
[2026-08-22T07:55:08.985+0000] {logging_mixin.py:188} INFO - [2026-08-22T07:55:08.985+0000] {dag.py:3089} INFO - Sync 1 DAGs
[2026-08-22T07:55:09.008+0000] {logging_mixin.py:188} INFO - [2026-08-22T07:55:09.008+0000] {dag.py:3947} INFO - Setting next_dagrun for youtube_english_video_pipeline to 2026-08-21 12:00:00+00:00, run_after=2026-08-22 12:00:00+00:00
[2026-08-22T07:55:09.034+0000] {processor.py:183} INFO - Processing /opt/airflow/dags/youtube_pipeline.py took 0.147 seconds
[2026-08-22T07:55:39.293+0000] {processor.py:161} INFO - Started process (PID=87209) to work on /opt/airflow/dags/youtube_pipeline.py
[2026-08-22T07:55:39.294+0000] {processor.py:830} INFO - Processing file /opt/airflow/dags/youtube_pipeline.py for tasks to queue
[2026-08-22T07:55:39.296+0000] {logging_mixin.py:188} INFO - [2026-08-22T07:55:39.295+0000] {dagbag.py:545} INFO - Filling up the DagBag from /opt/airflow/dags/youtube_pipeline.py
[2026-08-22T07:55:39.323+0000] {processor.py:840} INFO - DAG(s) 'youtube_english_video_pipeline' retrieved from /opt/airflow/dags/youtube_pipeline.py
[2026-08-22T07:55:39.356+0000] {logging_mixin.py:188} INFO - [2026-08-22T07:55:39.356+0000] {dag.py:3089} INFO - Sync 1 DAGs
[2026-08-22T07:55:39.379+0000] {logging_mixin.py:188} INFO - [2026-08-22T07:55:39.379+0000] {dag.py:3947} INFO - Setting next_dagrun for youtube_english_video_pipeline to 2026-08-21 12:00:00+00:00, run_after=2026-08-22 12:00:00+00:00
[2026-08-22T07:55:39.395+0000] {processor.py:183} INFO - Processing /opt/airflow/dags/youtube_pipeline.py took 0.107 seconds
[2026-08-22T07:56:09.508+0000] {processor.py:161} INFO - Started process (PID=87214) to work on /opt/airflow/dags/youtube_pipeline.py
[2026-08-22T07:56:09.509+0000] {processor.py:830} INFO - Processing file /opt/airflow/dags/youtube_pipeline.py for tasks to queue
[2026-08-22T07:56:09.511+0000] {logging_mixin.py:188} INFO - [2026-08-22T07:56:09.511+0000] {dagbag.py:545} INFO - Filling up the DagBag from /opt/airflow/dags/youtube_pipeline.py
[2026-08-22T07:56:09.572+0000] {processor.py:840} INFO - DAG(s) 'youtube_english_video_pipeline' retrieved from /opt/airflow/dags/youtube_pipeline.py
[2026-08-22T07:56:09.604+0000] {logging_mixin.py:188} INFO - [2026-08-22T07:56:09.604+0000] {dag.py:3089} INFO - Sync 1 DAGs
[2026-08-22T07:56:09.622+0000] {logging_mixin.py:188} INFO - [2026-08-22T07:56:09.622+0000] {dag.py:3947} INFO - Setting next_dagrun for youtube_english_video_pipeline to 2026-08-21 12:00:00+00:00, run_after=2026-08-22 12:00:00+00:00
[2026-08-22T07:56:09.640+0000] {processor.py:183} INFO - Processing /opt/airflow/dags/youtube_pipeline.py took 0.138 seconds
[2026-08-22T07:56:39.904+0000] {processor.py:161} INFO - Started process (PID=87219) to work on /opt/airflow/dags/youtube_pipeline.py
[2026-08-22T07:56:39.905+0000] {processor.py:830} INFO - Processing file /opt/airflow/dags/youtube_pipeline.py for tasks to queue
[2026-08-22T07:56:39.907+0000] {logging_mixin.py:188} INFO - [2026-08-22T07:56:39.907+0000] {dagbag.py:545} INFO - Filling up the DagBag from /opt/airflow/dags/youtube_pipeline.py
[2026-08-22T07:56:39.964+0000] {processor.py:840} INFO - DAG(s) 'youtube_english_video_pipeline' retrieved from /opt/airflow/dags/youtube_pipeline.py
[2026-08-22T07:56:39.997+0000] {logging_mixin.py:188} INFO - [2026-08-22T07:56:39.996+0000] {dag.py:3089} INFO - Sync 1 DAGs
[2026-08-22T07:56:40.012+0000] {logging_mixin.py:188} INFO - [2026-08-22T07:56:40.012+0000] {dag.py:3947} INFO - Setting next_dagrun for youtube_english_video_pipeline to 2026-08-21 12:00:00+00:00, run_after=2026-08-22 12:00:00+00:00
[2026-08-22T07:56:40.028+0000] {processor.py:183} INFO - Processing /opt/airflow/dags/youtube_pipeline.py took 0.129 seconds
[2026-08-22T07:57:10.155+0000] {processor.py:161} INFO - Started process (PID=87224) to work on /opt/airflow/dags/youtube_pipeline.py
[2026-08-22T07:57:10.162+0000] {processor.py:830} INFO - Processing file /opt/airflow/dags/youtube_pipeline.py for tasks to queue
[2026-08-22T07:57:10.168+0000] {logging_mixin.py:188} INFO - [2026-08-22T07:57:10.168+0000] {dagbag.py:545} INFO - Filling up the DagBag from /opt/airflow/dags/youtube_pipeline.py
[2026-08-22T07:57:10.225+0000] {processor.py:840} INFO - DAG(s) 'youtube_english_video_pipeline' retrieved from /opt/airflow/dags/youtube_pipeline.py
[2026-08-22T07:57:10.280+0000] {logging_mixin.py:188} INFO - [2026-08-22T07:57:10.280+0000] {dag.py:3089} INFO - Sync 1 DAGs
[2026-08-22T07:57:10.298+0000] {logging_mixin.py:188} INFO - [2026-08-22T07:57:10.298+0000] {dag.py:3947} INFO - Setting next_dagrun for youtube_english_video_pipeline to 2026-08-21 12:00:00+00:00, run_after=2026-08-22 12:00:00+00:00
[2026-08-22T07:57:10.316+0000] {processor.py:183} INFO - Processing /opt/airflow/dags/youtube_pipeline.py took 0.169 seconds
[2026-08-22T07:57:41.170+0000] {processor.py:161} INFO - Started process (PID=87229) to work on /opt/airflow/dags/youtube_pipeline.py
[2026-08-22T07:57:41.172+0000] {processor.py:830} INFO - Processing file /opt/airflow/dags/youtube_pipeline.py for tasks to queue
[2026-08-22T07:57:41.173+0000] {logging_mixin.py:188} INFO - [2026-08-22T07:57:41.173+0000] {dagbag.py:545} INFO - Filling up the DagBag from /opt/airflow/dags/youtube_pipeline.py
[2026-08-22T07:57:41.260+0000] {processor.py:840} INFO - DAG(s) 'youtube_english_video_pipeline' retrieved from /opt/airflow/dags/youtube_pipeline.py
[2026-08-22T07:57:41.304+0000] {logging_mixin.py:188} INFO - [2026-08-22T07:57:41.304+0000] {dag.py:3089} INFO - Sync 1 DAGs
[2026-08-22T07:57:41.323+0000] {logging_mixin.py:188} INFO - [2026-08-22T07:57:41.323+0000] {dag.py:3947} INFO - Setting next_dagrun for youtube_english_video_pipeline to 2026-08-21 12:00:00+00:00, run_after=2026-08-22 12:00:00+00:00
[2026-08-22T07:57:41.341+0000] {processor.py:183} INFO - Processing /opt/airflow/dags/youtube_pipeline.py took 0.178 seconds
[2026-08-22T07:58:11.539+0000] {processor.py:161} INFO - Started process (PID=87234) to work on /opt/airflow/dags/youtube_pipeline.py
[2026-08-22T07:58:11.541+0000] {processor.py:830} INFO - Processing file /opt/airflow/dags/youtube_pipeline.py for tasks to queue
[2026-08-22T07:58:11.544+0000] {logging_mixin.py:188} INFO - [2026-08-22T07:58:11.543+0000] {dagbag.py:545} INFO - Filling up the DagBag from /opt/airflow/dags/youtube_pipeline.py
[2026-08-22T07:58:11.611+0000] {processor.py:840} INFO - DAG(s) 'youtube_english_video_pipeline' retrieved from /opt/airflow/dags/youtube_pipeline.py
[2026-08-22T07:58:11.648+0000] {logging_mixin.py:188} INFO - [2026-08-22T07:58:11.647+0000] {dag.py:3089} INFO - Sync 1 DAGs
[2026-08-22T07:58:11.664+0000] {logging_mixin.py:188} INFO - [2026-08-22T07:58:11.663+0000] {dag.py:3947} INFO - Setting next_dagrun for youtube_english_video_pipeline to 2026-08-21 12:00:00+00:00, run_after=2026-08-22 12:00:00+00:00
[2026-08-22T07:58:11.683+0000] {processor.py:183} INFO - Processing /opt/airflow/dags/youtube_pipeline.py took 0.153 seconds
[2026-08-22T07:58:41.939+0000] {processor.py:161} INFO - Started process (PID=87239) to work on /opt/airflow/dags/youtube_pipeline.py
[2026-08-22T07:58:41.942+0000] {processor.py:830} INFO - Processing file /opt/airflow/dags/youtube_pipeline.py for tasks to queue
[2026-08-22T07:58:41.946+0000] {logging_mixin.py:188} INFO - [2026-08-22T07:58:41.946+0000] {dagbag.py:545} INFO - Filling up the DagBag from /opt/airflow/dags/youtube_pipeline.py
[2026-08-22T07:58:42.078+0000] {processor.py:840} INFO - DAG(s) 'youtube_english_video_pipeline' retrieved from /opt/airflow/dags/youtube_pipeline.py
[2026-08-22T07:58:42.119+0000] {logging_mixin.py:188} INFO - [2026-08-22T07:58:42.119+0000] {dag.py:3089} INFO - Sync 1 DAGs
[2026-08-22T07:58:42.139+0000] {logging_mixin.py:188} INFO - [2026-08-22T07:58:42.139+0000] {dag.py:3947} INFO - Setting next_dagrun for youtube_english_video_pipeline to 2026-08-21 12:00:00+00:00, run_after=2026-08-22 12:00:00+00:00
[2026-08-22T07:58:42.160+0000] {processor.py:183} INFO - Processing /opt/airflow/dags/youtube_pipeline.py took 0.230 seconds
[2026-08-22T07:59:12.507+0000] {processor.py:161} INFO - Started process (PID=87244) to work on /opt/airflow/dags/youtube_pipeline.py
[2026-08-22T07:59:12.508+0000] {processor.py:830} INFO - Processing file /opt/airflow/dags/youtube_pipeline.py for tasks to queue
[2026-08-22T07:59:12.510+0000] {logging_mixin.py:188} INFO - [2026-08-22T07:59:12.510+0000] {dagbag.py:545} INFO - Filling up the DagBag from /opt/airflow/dags/youtube_pipeline.py
[2026-08-22T07:59:12.562+0000] {processor.py:840} INFO - DAG(s) 'youtube_english_video_pipeline' retrieved from /opt/airflow/dags/youtube_pipeline.py
[2026-08-22T07:59:12.604+0000] {logging_mixin.py:188} INFO - [2026-08-22T07:59:12.604+0000] {dag.py:3089} INFO - Sync 1 DAGs
[2026-08-22T07:59:12.621+0000] {logging_mixin.py:188} INFO - [2026-08-22T07:59:12.621+0000] {dag.py:3947} INFO - Setting next_dagrun for youtube_english_video_pipeline to 2026-08-21 12:00:00+00:00, run_after=2026-08-22 12:00:00+00:00
[2026-08-22T07:59:12.639+0000] {processor.py:183} INFO - Processing /opt/airflow/dags/youtube_pipeline.py took 0.140 seconds
[2026-08-22T07:59:42.761+0000] {processor.py:161} INFO - Started process (PID=87249) to work on /opt/airflow/dags/youtube_pipeline.py
[2026-08-22T07:59:42.763+0000] {processor.py:830} INFO - Processing file /opt/airflow/dags/youtube_pipeline.py for tasks to queue
[2026-08-22T07:59:42.766+0000] {logging_mixin.py:188} INFO - [2026-08-22T07:59:42.766+0000] {dagbag.py:545} INFO - Filling up the DagBag from /opt/airflow/dags/youtube_pipeline.py
[2026-08-22T07:59:42.813+0000] {processor.py:840} INFO - DAG(s) 'youtube_english_video_pipeline' retrieved from /opt/airflow/dags/youtube_pipeline.py
[2026-08-22T07:59:42.845+0000] {logging_mixin.py:188} INFO - [2026-08-22T07:59:42.845+0000] {dag.py:3089} INFO - Sync 1 DAGs
[2026-08-22T07:59:42.862+0000] {logging_mixin.py:188} INFO - [2026-08-22T07:59:42.862+0000] {dag.py:3947} INFO - Setting next_dagrun for youtube_english_video_pipeline to 2026-08-21 12:00:00+00:00, run_after=2026-08-22 12:00:00+00:00
[2026-08-22T07:59:42.883+0000] {processor.py:183} INFO - Processing /opt/airflow/dags/youtube_pipeline.py took 0.130 seconds
[2026-08-22T08:00:12.978+0000] {processor.py:161} INFO - Started process (PID=87254) to work on /opt/airflow/dags/youtube_pipeline.py
[2026-08-22T08:00:12.981+0000] {processor.py:830} INFO - Processing file /opt/airflow/dags/youtube_pipeline.py for tasks to queue
[2026-08-22T08:00:12.984+0000] {logging_mixin.py:188} INFO - [2026-08-22T08:00:12.984+0000] {dagbag.py:545} INFO - Filling up the DagBag from /opt/airflow/dags/youtube_pipeline.py
[2026-08-22T08:00:13.027+0000] {processor.py:840} INFO - DAG(s) 'youtube_english_video_pipeline' retrieved from /opt/airflow/dags/youtube_pipeline.py
[2026-08-22T08:00:13.058+0000] {logging_mixin.py:188} INFO - [2026-08-22T08:00:13.058+0000] {dag.py:3089} INFO - Sync 1 DAGs
[2026-08-22T08:00:13.072+0000] {logging_mixin.py:188} INFO - [2026-08-22T08:00:13.072+0000] {dag.py:3947} INFO - Setting next_dagrun for youtube_english_video_pipeline to 2026-08-21 12:00:00+00:00, run_after=2026-08-22 12:00:00+00:00
[2026-08-22T08:00:13.087+0000] {processor.py:183} INFO - Processing /opt/airflow/dags/youtube_pipeline.py took 0.120 seconds
[2026-08-22T08:00:43.147+0000] {processor.py:161} INFO - Started process (PID=87259) to work on /opt/airflow/dags/youtube_pipeline.py
[2026-08-22T08:00:43.148+0000] {processor.py:830} INFO - Processing file /opt/airflow/dags/youtube_pipeline.py for tasks to queue
[2026-08-22T08:00:43.150+0000] {logging_mixin.py:188} INFO - [2026-08-22T08:00:43.150+0000] {dagbag.py:545} INFO - Filling up the DagBag from /opt/airflow/dags/youtube_pipeline.py
[2026-08-22T08:00:43.173+0000] {processor.py:840} INFO - DAG(s) 'youtube_english_video_pipeline' retrieved from /opt/airflow/dags/youtube_pipeline.py
[2026-08-22T08:00:43.203+0000] {logging_mixin.py:188} INFO - [2026-08-22T08:00:43.203+0000] {dag.py:3089} INFO - Sync 1 DAGs
[2026-08-22T08:00:43.228+0000] {logging_mixin.py:188} INFO - [2026-08-22T08:00:43.228+0000] {dag.py:3947} INFO - Setting next_dagrun for youtube_english_video_pipeline to 2026-08-21 12:00:00+00:00, run_after=2026-08-22 12:00:00+00:00
[2026-08-22T08:00:43.249+0000] {processor.py:183} INFO - Processing /opt/airflow/dags/youtube_pipeline.py took 0.107 seconds
[2026-08-22T08:01:13.510+0000] {processor.py:161} INFO - Started process (PID=87264) to work on /opt/airflow/dags/youtube_pipeline.py
[2026-08-22T08:01:13.511+0000] {processor.py:830} INFO - Processing file /opt/airflow/dags/youtube_pipeline.py for tasks to queue
[2026-08-22T08:01:13.513+0000] {logging_mixin.py:188} INFO - [2026-08-22T08:01:13.512+0000] {dagbag.py:545} INFO - Filling up the DagBag from /opt/airflow/dags/youtube_pipeline.py
[2026-08-22T08:01:13.557+0000] {processor.py:840} INFO - DAG(s) 'youtube_english_video_pipeline' retrieved from /opt/airflow/dags/youtube_pipeline.py
[2026-08-22T08:01:13.596+0000] {logging_mixin.py:188} INFO - [2026-08-22T08:01:13.596+0000] {dag.py:3089} INFO - Sync 1 DAGs
[2026-08-22T08:01:13.616+0000] {logging_mixin.py:188} INFO - [2026-08-22T08:01:13.616+0000] {dag.py:3947} INFO - Setting next_dagrun for youtube_english_video_pipeline to 2026-08-21 12:00:00+00:00, run_after=2026-08-22 12:00:00+00:00
[2026-08-22T08:01:13.643+0000] {processor.py:183} INFO - Processing /opt/airflow/dags/youtube_pipeline.py took 0.139 seconds
[2026-08-22T08:01:43.726+0000] {processor.py:161} INFO - Started process (PID=87269) to work on /opt/airflow/dags/youtube_pipeline.py
[2026-08-22T08:01:43.727+0000] {processor.py:830} INFO - Processing file /opt/airflow/dags/youtube_pipeline.py for tasks to queue
[2026-08-22T08:01:43.728+0000] {logging_mixin.py:188} INFO - [2026-08-22T08:01:43.728+0000] {dagbag.py:545} INFO - Filling up the DagBag from /opt/airflow/dags/youtube_pipeline.py
[2026-08-22T08:01:43.750+0000] {processor.py:840} INFO - DAG(s) 'youtube_english_video_pipeline' retrieved from /opt/airflow/dags/youtube_pipeline.py
[2026-08-22T08:01:43.779+0000] {logging_mixin.py:188} INFO - [2026-08-22T08:01:43.779+0000] {dag.py:3089} INFO - Sync 1 DAGs
[2026-08-22T08:01:43.793+0000] {logging_mixin.py:188} INFO - [2026-08-22T08:01:43.793+0000] {dag.py:3947} INFO - Setting next_dagrun for youtube_english_video_pipeline to 2026-08-21 12:00:00+00:00, run_after=2026-08-22 12:00:00+00:00
[2026-08-22T08:01:43.808+0000] {processor.py:183} INFO - Processing /opt/airflow/dags/youtube_pipeline.py took 0.087 seconds
[2026-08-22T08:02:13.970+0000] {processor.py:161} INFO - Started process (PID=87274) to work on /opt/airflow/dags/youtube_pipeline.py
[2026-08-22T08:02:13.971+0000] {processor.py:830} INFO - Processing file /opt/airflow/dags/youtube_pipeline.py for tasks to queue
[2026-08-22T08:02:13.973+0000] {logging_mixin.py:188} INFO - [2026-08-22T08:02:13.973+0000] {dagbag.py:545} INFO - Filling up the DagBag from /opt/airflow/dags/youtube_pipeline.py
[2026-08-22T08:02:14.028+0000] {processor.py:840} INFO - DAG(s) 'youtube_english_video_pipeline' retrieved from /opt/airflow/dags/youtube_pipeline.py
[2026-08-22T08:02:14.064+0000] {logging_mixin.py:188} INFO - [2026-08-22T08:02:14.064+0000] {dag.py:3089} INFO - Sync 1 DAGs
[2026-08-22T08:02:14.082+0000] {logging_mixin.py:188} INFO - [2026-08-22T08:02:14.082+0000] {dag.py:3947} INFO - Setting next_dagrun for youtube_english_video_pipeline to 2026-08-21 12:00:00+00:00, run_after=2026-08-22 12:00:00+00:00
[2026-08-22T08:02:14.103+0000] {processor.py:183} INFO - Processing /opt/airflow/dags/youtube_pipeline.py took 0.141 seconds
[2026-08-22T08:02:44.289+0000] {processor.py:161} INFO - Started process (PID=87279) to work on /opt/airflow/dags/youtube_pipeline.py
[2026-08-22T08:02:44.291+0000] {processor.py:830} INFO - Processing file /opt/airflow/dags/youtube_pipeline.py for tasks to queue
[2026-08-22T08:02:44.292+0000] {logging_mixin.py:188} INFO - [2026-08-22T08:02:44.292+0000] {dagbag.py:545} INFO - Filling up the DagBag from /opt/airflow/dags/youtube_pipeline.py
[2026-08-22T08:02:44.318+0000] {processor.py:840} INFO - DAG(s) 'youtube_english_video_pipeline' retrieved from /opt/airflow/dags/youtube_pipeline.py
[2026-08-22T08:02:44.347+0000] {logging_mixin.py:188} INFO - [2026-08-22T08:02:44.347+0000] {dag.py:3089} INFO - Sync 1 DAGs
[2026-08-22T08:02:44.363+0000] {logging_mixin.py:188} INFO - [2026-08-22T08:02:44.362+0000] {dag.py:3947} INFO - Setting next_dagrun for youtube_english_video_pipeline to 2026-08-21 12:00:00+00:00, run_after=2026-08-22 12:00:00+00:00
[2026-08-22T08:02:44.378+0000] {processor.py:183} INFO - Processing /opt/airflow/dags/youtube_pipeline.py took 0.093 seconds
[2026-08-22T08:03:14.590+0000] {processor.py:161} INFO - Started process (PID=87284) to work on /opt/airflow/dags/youtube_pipeline.py
[2026-08-22T08:03:14.592+0000] {processor.py:830} INFO - Processing file /opt/airflow/dags/youtube_pipeline.py for tasks to queue
[2026-08-22T08:03:14.595+0000] {logging_mixin.py:188} INFO - [2026-08-22T08:03:14.594+0000] {dagbag.py:545} INFO - Filling up the DagBag from /opt/airflow/dags/youtube_pipeline.py
[2026-08-22T08:03:14.682+0000] {processor.py:840} INFO - DAG(s) 'youtube_english_video_pipeline' retrieved from /opt/airflow/dags/youtube_pipeline.py
[2026-08-22T08:03:14.722+0000] {logging_mixin.py:188} INFO - [2026-08-22T08:03:14.722+0000] {dag.py:3089} INFO - Sync 1 DAGs
[2026-08-22T08:03:14.737+0000] {logging_mixin.py:188} INFO - [2026-08-22T08:03:14.737+0000] {dag.py:3947} INFO - Setting next_dagrun for youtube_english_video_pipeline to 2026-08-21 12:00:00+00:00, run_after=2026-08-22 12:00:00+00:00
[2026-08-22T08:03:14.760+0000] {processor.py:183} INFO - Processing /opt/airflow/dags/youtube_pipeline.py took 0.178 seconds
[2026-08-22T08:03:44.922+0000] {processor.py:161} INFO - Started process (PID=87289) to work on /opt/airflow/dags/youtube_pipeline.py
[2026-08-22T08:03:44.923+0000] {processor.py:830} INFO - Processing file /opt/airflow/dags/youtube_pipeline.py for tasks to queue
[2026-08-22T08:03:44.925+0000] {logging_mixin.py:188} INFO - [2026-08-22T08:03:44.925+0000] {dagbag.py:545} INFO - Filling up the DagBag from /opt/airflow/dags/youtube_pipeline.py
[2026-08-22T08:03:44.974+0000] {processor.py:840} INFO - DAG(s) 'youtube_english_video_pipeline' retrieved from /opt/airflow/dags/youtube_pipeline.py
[2026-08-22T08:03:45.012+0000] {logging_mixin.py:188} INFO - [2026-08-22T08:03:45.012+0000] {dag.py:3089} INFO - Sync 1 DAGs
[2026-08-22T08:03:45.030+0000] {logging_mixin.py:188} INFO - [2026-08-22T08:03:45.030+0000] {dag.py:3947} INFO - Setting next_dagrun for youtube_english_video_pipeline to 2026-08-21 12:00:00+00:00, run_after=2026-08-22 12:00:00+00:00
[2026-08-22T08:03:45.048+0000] {processor.py:183} INFO - Processing /opt/airflow/dags/youtube_pipeline.py took 0.133 seconds
[2026-08-22T08:04:15.261+0000] {processor.py:161} INFO - Started process (PID=87294) to work on /opt/airflow/dags/youtube_pipeline.py
[2026-08-22T08:04:15.263+0000] {processor.py:830} INFO - Processing file /opt/airflow/dags/youtube_pipeline.py for tasks to queue
[2026-08-22T08:04:15.265+0000] {logging_mixin.py:188} INFO - [2026-08-22T08:04:15.264+0000] {dagbag.py:545} INFO - Filling up the DagBag from /opt/airflow/dags/youtube_pipeline.py
[2026-08-22T08:04:15.309+0000] {processor.py:840} INFO - DAG(s) 'youtube_english_video_pipeline' retrieved from /opt/airflow/dags/youtube_pipeline.py
[2026-08-22T08:04:15.344+0000] {logging_mixin.py:188} INFO - [2026-08-22T08:04:15.344+0000] {dag.py:3089} INFO - Sync 1 DAGs
[2026-08-22T08:04:15.361+0000] {logging_mixin.py:188} INFO - [2026-08-22T08:04:15.361+0000] {dag.py:3947} INFO - Setting next_dagrun for youtube_english_video_pipeline to 2026-08-21 12:00:00+00:00, run_after=2026-08-22 12:00:00+00:00
[2026-08-22T08:04:15.378+0000] {processor.py:183} INFO - Processing /opt/airflow/dags/youtube_pipeline.py took 0.122 seconds
[2026-08-22T08:04:45.512+0000] {processor.py:161} INFO - Started process (PID=87299) to work on /opt/airflow/dags/youtube_pipeline.py
[2026-08-22T08:04:45.513+0000] {processor.py:830} INFO - Processing file /opt/airflow/dags/youtube_pipeline.py for tasks to queue
[2026-08-22T08:04:45.516+0000] {logging_mixin.py:188} INFO - [2026-08-22T08:04:45.515+0000] {dagbag.py:545} INFO - Filling up the DagBag from /opt/airflow/dags/youtube_pipeline.py
[2026-08-22T08:04:45.584+0000] {processor.py:840} INFO - DAG(s) 'youtube_english_video_pipeline' retrieved from /opt/airflow/dags/youtube_pipeline.py
[2026-08-22T08:04:45.640+0000] {logging_mixin.py:188} INFO - [2026-08-22T08:04:45.639+0000] {dag.py:3089} INFO - Sync 1 DAGs
[2026-08-22T08:04:45.658+0000] {logging_mixin.py:188} INFO - [2026-08-22T08:04:45.658+0000] {dag.py:3947} INFO - Setting next_dagrun for youtube_english_video_pipeline to 2026-08-21 12:00:00+00:00, run_after=2026-08-22 12:00:00+00:00
[2026-08-22T08:04:45.675+0000] {processor.py:183} INFO - Processing /opt/airflow/dags/youtube_pipeline.py took 0.173 seconds
[2026-08-22T08:05:15.878+0000] {processor.py:161} INFO - Started process (PID=87304) to work on /opt/airflow/dags/youtube_pipeline.py
[2026-08-22T08:05:15.879+0000] {processor.py:830} INFO - Processing file /opt/airflow/dags/youtube_pipeline.py for tasks to queue
[2026-08-22T08:05:15.881+0000] {logging_mixin.py:188} INFO - [2026-08-22T08:05:15.880+0000] {dagbag.py:545} INFO - Filling up the DagBag from /opt/airflow/dags/youtube_pipeline.py
[2026-08-22T08:05:15.901+0000] {processor.py:840} INFO - DAG(s) 'youtube_english_video_pipeline' retrieved from /opt/airflow/dags/youtube_pipeline.py
[2026-08-22T08:05:15.930+0000] {logging_mixin.py:188} INFO - [2026-08-22T08:05:15.930+0000] {dag.py:3089} INFO - Sync 1 DAGs
[2026-08-22T08:05:15.944+0000] {logging_mixin.py:188} INFO - [2026-08-22T08:05:15.944+0000] {dag.py:3947} INFO - Setting next_dagrun for youtube_english_video_pipeline to 2026-08-21 12:00:00+00:00, run_after=2026-08-22 12:00:00+00:00
[2026-08-22T08:05:15.960+0000] {processor.py:183} INFO - Processing /opt/airflow/dags/youtube_pipeline.py took 0.087 seconds
[2026-08-22T08:05:46.164+0000] {processor.py:161} INFO - Started process (PID=87309) to work on /opt/airflow/dags/youtube_pipeline.py
[2026-08-22T08:05:46.166+0000] {processor.py:830} INFO - Processing file /opt/airflow/dags/youtube_pipeline.py for tasks to queue
[2026-08-22T08:05:46.168+0000] {logging_mixin.py:188} INFO - [2026-08-22T08:05:46.167+0000] {dagbag.py:545} INFO - Filling up the DagBag from /opt/airflow/dags/youtube_pipeline.py
[2026-08-22T08:05:46.220+0000] {processor.py:840} INFO - DAG(s) 'youtube_english_video_pipeline' retrieved from /opt/airflow/dags/youtube_pipeline.py
[2026-08-22T08:05:46.266+0000] {logging_mixin.py:188} INFO - [2026-08-22T08:05:46.266+0000] {dag.py:3089} INFO - Sync 1 DAGs
[2026-08-22T08:05:46.284+0000] {logging_mixin.py:188} INFO - [2026-08-22T08:05:46.284+0000] {dag.py:3947} INFO - Setting next_dagrun for youtube_english_video_pipeline to 2026-08-21 12:00:00+00:00, run_after=2026-08-22 12:00:00+00:00
[2026-08-22T08:05:46.301+0000] {processor.py:183} INFO - Processing /opt/airflow/dags/youtube_pipeline.py took 0.144 seconds
[2026-08-22T08:06:16.406+0000] {processor.py:161} INFO - Started process (PID=87314) to work on /opt/airflow/dags/youtube_pipeline.py
[2026-08-22T08:06:16.407+0000] {processor.py:830} INFO - Processing file /opt/airflow/dags/youtube_pipeline.py for tasks to queue
[2026-08-22T08:06:16.408+0000] {logging_mixin.py:188} INFO - [2026-08-22T08:06:16.408+0000] {dagbag.py:545} INFO - Filling up the DagBag from /opt/airflow/dags/youtube_pipeline.py
[2026-08-22T08:06:16.429+0000] {processor.py:840} INFO - DAG(s) 'youtube_english_video_pipeline' retrieved from /opt/airflow/dags/youtube_pipeline.py
[2026-08-22T08:06:16.460+0000] {logging_mixin.py:188} INFO - [2026-08-22T08:06:16.460+0000] {dag.py:3089} INFO - Sync 1 DAGs
[2026-08-22T08:06:16.475+0000] {logging_mixin.py:188} INFO - [2026-08-22T08:06:16.475+0000] {dag.py:3947} INFO - Setting next_dagrun for youtube_english_video_pipeline to 2026-08-21 12:00:00+00:00, run_after=2026-08-22 12:00:00+00:00
[2026-08-22T08:06:16.491+0000] {processor.py:183} INFO - Processing /opt/airflow/dags/youtube_pipeline.py took 0.091 seconds
[2026-08-22T08:06:46.681+0000] {processor.py:161} INFO - Started process (PID=87319) to work on /opt/airflow/dags/youtube_pipeline.py
[2026-08-22T08:06:46.683+0000] {processor.py:830} INFO - Processing file /opt/airflow/dags/youtube_pipeline.py for tasks to queue
[2026-08-22T08:06:46.687+0000] {logging_mixin.py:188} INFO - [2026-08-22T08:06:46.687+0000] {dagbag.py:545} INFO - Filling up the DagBag from /opt/airflow/dags/youtube_pipeline.py
[2026-08-22T08:06:46.734+0000] {processor.py:840} INFO - DAG(s) 'youtube_english_video_pipeline' retrieved from /opt/airflow/dags/youtube_pipeline.py
[2026-08-22T08:06:46.770+0000] {logging_mixin.py:188} INFO - [2026-08-22T08:06:46.770+0000] {dag.py:3089} INFO - Sync 1 DAGs
[2026-08-22T08:06:46.787+0000] {logging_mixin.py:188} INFO - [2026-08-22T08:06:46.786+0000] {dag.py:3947} INFO - Setting next_dagrun for youtube_english_video_pipeline to 2026-08-21 12:00:00+00:00, run_after=2026-08-22 12:00:00+00:00
[2026-08-22T08:06:46.805+0000] {processor.py:183} INFO - Processing /opt/airflow/dags/youtube_pipeline.py took 0.133 seconds
[2026-08-22T08:07:16.977+0000] {processor.py:161} INFO - Started process (PID=87324) to work on /opt/airflow/dags/youtube_pipeline.py
[2026-08-22T08:07:16.978+0000] {processor.py:830} INFO - Processing file /opt/airflow/dags/youtube_pipeline.py for tasks to queue
[2026-08-22T08:07:16.980+0000] {logging_mixin.py:188} INFO - [2026-08-22T08:07:16.979+0000] {dagbag.py:545} INFO - Filling up the DagBag from /opt/airflow/dags/youtube_pipeline.py
[2026-08-22T08:07:17.003+0000] {processor.py:840} INFO - DAG(s) 'youtube_english_video_pipeline' retrieved from /opt/airflow/dags/youtube_pipeline.py
[2026-08-22T08:07:17.037+0000] {logging_mixin.py:188} INFO - [2026-08-22T08:07:17.037+0000] {dag.py:3089} INFO - Sync 1 DAGs
[2026-08-22T08:07:17.053+0000] {logging_mixin.py:188} INFO - [2026-08-22T08:07:17.053+0000] {dag.py:3947} INFO - Setting next_dagrun for youtube_english_video_pipeline to 2026-08-21 12:00:00+00:00, run_after=2026-08-22 12:00:00+00:00
[2026-08-22T08:07:17.073+0000] {processor.py:183} INFO - Processing /opt/airflow/dags/youtube_pipeline.py took 0.102 seconds
[2026-08-22T08:07:47.384+0000] {processor.py:161} INFO - Started process (PID=87329) to work on /opt/airflow/dags/youtube_pipeline.py
[2026-08-22T08:07:47.386+0000] {processor.py:830} INFO - Processing file /opt/airflow/dags/youtube_pipeline.py for tasks to queue
[2026-08-22T08:07:47.388+0000] {logging_mixin.py:188} INFO - [2026-08-22T08:07:47.388+0000] {dagbag.py:545} INFO - Filling up the DagBag from /opt/airflow/dags/youtube_pipeline.py
[2026-08-22T08:07:47.437+0000] {processor.py:840} INFO - DAG(s) 'youtube_english_video_pipeline' retrieved from /opt/airflow/dags/youtube_pipeline.py
[2026-08-22T08:07:47.470+0000] {logging_mixin.py:188} INFO - [2026-08-22T08:07:47.470+0000] {dag.py:3089} INFO - Sync 1 DAGs
[2026-08-22T08:07:47.489+0000] {logging_mixin.py:188} INFO - [2026-08-22T08:07:47.489+0000] {dag.py:3947} INFO - Setting next_dagrun for youtube_english_video_pipeline to 2026-08-21 12:00:00+00:00, run_after=2026-08-22 12:00:00+00:00
[2026-08-22T08:07:47.522+0000] {processor.py:183} INFO - Processing /opt/airflow/dags/youtube_pipeline.py took 0.149 seconds
[2026-08-22T08:08:17.571+0000] {processor.py:161} INFO - Started process (PID=87334) to work on /opt/airflow/dags/youtube_pipeline.py
[2026-08-22T08:08:17.572+0000] {processor.py:830} INFO - Processing file /opt/airflow/dags/youtube_pipeline.py for tasks to queue
[2026-08-22T08:08:17.574+0000] {logging_mixin.py:188} INFO - [2026-08-22T08:08:17.574+0000] {dagbag.py:545} INFO - Filling up the DagBag from /opt/airflow/dags/youtube_pipeline.py
[2026-08-22T08:08:17.598+0000] {processor.py:840} INFO - DAG(s) 'youtube_english_video_pipeline' retrieved from /opt/airflow/dags/youtube_pipeline.py
[2026-08-22T08:08:17.633+0000] {logging_mixin.py:188} INFO - [2026-08-22T08:08:17.632+0000] {dag.py:3089} INFO - Sync 1 DAGs
[2026-08-22T08:08:17.648+0000] {logging_mixin.py:188} INFO - [2026-08-22T08:08:17.648+0000] {dag.py:3947} INFO - Setting next_dagrun for youtube_english_video_pipeline to 2026-08-21 12:00:00+00:00, run_after=2026-08-22 12:00:00+00:00
[2026-08-22T08:08:17.665+0000] {processor.py:183} INFO - Processing /opt/airflow/dags/youtube_pipeline.py took 0.100 seconds
[2026-08-22T08:08:47.767+0000] {processor.py:161} INFO - Started process (PID=87339) to work on /opt/airflow/dags/youtube_pipeline.py
[2026-08-22T08:08:47.768+0000] {processor.py:830} INFO - Processing file /opt/airflow/dags/youtube_pipeline.py for tasks to queue
[2026-08-22T08:08:47.770+0000] {logging_mixin.py:188} INFO - [2026-08-22T08:08:47.769+0000] {dagbag.py:545} INFO - Filling up the DagBag from /opt/airflow/dags/youtube_pipeline.py
[2026-08-22T08:08:47.791+0000] {processor.py:840} INFO - DAG(s) 'youtube_english_video_pipeline' retrieved from /opt/airflow/dags/youtube_pipeline.py
[2026-08-22T08:08:47.823+0000] {logging_mixin.py:188} INFO - [2026-08-22T08:08:47.822+0000] {dag.py:3089} INFO - Sync 1 DAGs
[2026-08-22T08:08:47.837+0000] {logging_mixin.py:188} INFO - [2026-08-22T08:08:47.837+0000] {dag.py:3947} INFO - Setting next_dagrun for youtube_english_video_pipeline to 2026-08-21 12:00:00+00:00, run_after=2026-08-22 12:00:00+00:00
[2026-08-22T08:08:47.852+0000] {processor.py:183} INFO - Processing /opt/airflow/dags/youtube_pipeline.py took 0.090 seconds
[2026-08-22T08:09:18.116+0000] {processor.py:161} INFO - Started process (PID=87344) to work on /opt/airflow/dags/youtube_pipeline.py
[2026-08-22T08:09:18.117+0000] {processor.py:830} INFO - Processing file /opt/airflow/dags/youtube_pipeline.py for tasks to queue
[2026-08-22T08:09:18.119+0000] {logging_mixin.py:188} INFO - [2026-08-22T08:09:18.119+0000] {dagbag.py:545} INFO - Filling up the DagBag from /opt/airflow/dags/youtube_pipeline.py
[2026-08-22T08:09:18.139+0000] {processor.py:840} INFO - DAG(s) 'youtube_english_video_pipeline' retrieved from /opt/airflow/dags/youtube_pipeline.py
[2026-08-22T08:09:18.168+0000] {logging_mixin.py:188} INFO - [2026-08-22T08:09:18.168+0000] {dag.py:3089} INFO - Sync 1 DAGs
[2026-08-22T08:09:18.183+0000] {logging_mixin.py:188} INFO - [2026-08-22T08:09:18.183+0000] {dag.py:3947} INFO - Setting next_dagrun for youtube_english_video_pipeline to 2026-08-21 12:00:00+00:00, run_after=2026-08-22 12:00:00+00:00
[2026-08-22T08:09:18.199+0000] {processor.py:183} INFO - Processing /opt/airflow/dags/youtube_pipeline.py took 0.087 seconds
[2026-08-22T08:09:48.343+0000] {processor.py:161} INFO - Started process (PID=87349) to work on /opt/airflow/dags/youtube_pipeline.py
[2026-08-22T08:09:48.345+0000] {processor.py:830} INFO - Processing file /opt/airflow/dags/youtube_pipeline.py for tasks to queue
[2026-08-22T08:09:48.347+0000] {logging_mixin.py:188} INFO - [2026-08-22T08:09:48.346+0000] {dagbag.py:545} INFO - Filling up the DagBag from /opt/airflow/dags/youtube_pipeline.py
[2026-08-22T08:09:48.401+0000] {processor.py:840} INFO - DAG(s) 'youtube_english_video_pipeline' retrieved from /opt/airflow/dags/youtube_pipeline.py
[2026-08-22T08:09:48.441+0000] {logging_mixin.py:188} INFO - [2026-08-22T08:09:48.441+0000] {dag.py:3089} INFO - Sync 1 DAGs
[2026-08-22T08:09:48.458+0000] {logging_mixin.py:188} INFO - [2026-08-22T08:09:48.458+0000] {dag.py:3947} INFO - Setting next_dagrun for youtube_english_video_pipeline to 2026-08-21 12:00:00+00:00, run_after=2026-08-22 12:00:00+00:00
[2026-08-22T08:09:48.476+0000] {processor.py:183} INFO - Processing /opt/airflow/dags/youtube_pipeline.py took 0.139 seconds
[2026-08-22T08:10:18.656+0000] {processor.py:161} INFO - Started process (PID=87354) to work on /opt/airflow/dags/youtube_pipeline.py
[2026-08-22T08:10:18.658+0000] {processor.py:830} INFO - Processing file /opt/airflow/dags/youtube_pipeline.py for tasks to queue
[2026-08-22T08:10:18.665+0000] {logging_mixin.py:188} INFO - [2026-08-22T08:10:18.664+0000] {dagbag.py:545} INFO - Filling up the DagBag from /opt/airflow/dags/youtube_pipeline.py
[2026-08-22T08:10:18.729+0000] {processor.py:840} INFO - DAG(s) 'youtube_english_video_pipeline' retrieved from /opt/airflow/dags/youtube_pipeline.py
[2026-08-22T08:10:18.786+0000] {logging_mixin.py:188} INFO - [2026-08-22T08:10:18.785+0000] {dag.py:3089} INFO - Sync 1 DAGs
[2026-08-22T08:10:18.825+0000] {logging_mixin.py:188} INFO - [2026-08-22T08:10:18.825+0000] {dag.py:3947} INFO - Setting next_dagrun for youtube_english_video_pipeline to 2026-08-21 12:00:00+00:00, run_after=2026-08-22 12:00:00+00:00
[2026-08-22T08:10:18.857+0000] {processor.py:183} INFO - Processing /opt/airflow/dags/youtube_pipeline.py took 0.212 seconds
[2026-08-22T08:10:48.994+0000] {processor.py:161} INFO - Started process (PID=87359) to work on /opt/airflow/dags/youtube_pipeline.py
[2026-08-22T08:10:48.995+0000] {processor.py:830} INFO - Processing file /opt/airflow/dags/youtube_pipeline.py for tasks to queue
[2026-08-22T08:10:48.998+0000] {logging_mixin.py:188} INFO - [2026-08-22T08:10:48.997+0000] {dagbag.py:545} INFO - Filling up the DagBag from /opt/airflow/dags/youtube_pipeline.py
[2026-08-22T08:10:49.042+0000] {processor.py:840} INFO - DAG(s) 'youtube_english_video_pipeline' retrieved from /opt/airflow/dags/youtube_pipeline.py
[2026-08-22T08:10:49.078+0000] {logging_mixin.py:188} INFO - [2026-08-22T08:10:49.077+0000] {dag.py:3089} INFO - Sync 1 DAGs
[2026-08-22T08:10:49.096+0000] {logging_mixin.py:188} INFO - [2026-08-22T08:10:49.096+0000] {dag.py:3947} INFO - Setting next_dagrun for youtube_english_video_pipeline to 2026-08-21 12:00:00+00:00, run_after=2026-08-22 12:00:00+00:00
[2026-08-22T08:10:49.116+0000] {processor.py:183} INFO - Processing /opt/airflow/dags/youtube_pipeline.py took 0.128 seconds
[2026-08-22T08:11:19.329+0000] {processor.py:161} INFO - Started process (PID=87364) to work on /opt/airflow/dags/youtube_pipeline.py
[2026-08-22T08:11:19.330+0000] {processor.py:830} INFO - Processing file /opt/airflow/dags/youtube_pipeline.py for tasks to queue
[2026-08-22T08:11:19.332+0000] {logging_mixin.py:188} INFO - [2026-08-22T08:11:19.332+0000] {dagbag.py:545} INFO - Filling up the DagBag from /opt/airflow/dags/youtube_pipeline.py
[2026-08-22T08:11:19.367+0000] {processor.py:840} INFO - DAG(s) 'youtube_english_video_pipeline' retrieved from /opt/airflow/dags/youtube_pipeline.py
[2026-08-22T08:11:19.397+0000] {logging_mixin.py:188} INFO - [2026-08-22T08:11:19.397+0000] {dag.py:3089} INFO - Sync 1 DAGs
[2026-08-22T08:11:19.412+0000] {logging_mixin.py:188} INFO - [2026-08-22T08:11:19.412+0000] {dag.py:3947} INFO - Setting next_dagrun for youtube_english_video_pipeline to 2026-08-21 12:00:00+00:00, run_after=2026-08-22 12:00:00+00:00
[2026-08-22T08:11:19.432+0000] {processor.py:183} INFO - Processing /opt/airflow/dags/youtube_pipeline.py took 0.109 seconds
[2026-08-22T08:11:49.626+0000] {processor.py:161} INFO - Started process (PID=87369) to work on /opt/airflow/dags/youtube_pipeline.py
[2026-08-22T08:11:49.627+0000] {processor.py:830} INFO - Processing file /opt/airflow/dags/youtube_pipeline.py for tasks to queue
[2026-08-22T08:11:49.628+0000] {logging_mixin.py:188} INFO - [2026-08-22T08:11:49.628+0000] {dagbag.py:545} INFO - Filling up the DagBag from /opt/airflow/dags/youtube_pipeline.py
[2026-08-22T08:11:49.675+0000] {processor.py:840} INFO - DAG(s) 'youtube_english_video_pipeline' retrieved from /opt/airflow/dags/youtube_pipeline.py
[2026-08-22T08:11:49.708+0000] {logging_mixin.py:188} INFO - [2026-08-22T08:11:49.708+0000] {dag.py:3089} INFO - Sync 1 DAGs
[2026-08-22T08:11:49.728+0000] {logging_mixin.py:188} INFO - [2026-08-22T08:11:49.727+0000] {dag.py:3947} INFO - Setting next_dagrun for youtube_english_video_pipeline to 2026-08-21 12:00:00+00:00, run_after=2026-08-22 12:00:00+00:00
[2026-08-22T08:11:49.744+0000] {processor.py:183} INFO - Processing /opt/airflow/dags/youtube_pipeline.py took 0.124 seconds
[2026-08-22T08:12:19.990+0000] {processor.py:161} INFO - Started process (PID=87374) to work on /opt/airflow/dags/youtube_pipeline.py
[2026-08-22T08:12:19.991+0000] {processor.py:830} INFO - Processing file /opt/airflow/dags/youtube_pipeline.py for tasks to queue
[2026-08-22T08:12:19.993+0000] {logging_mixin.py:188} INFO - [2026-08-22T08:12:19.992+0000] {dagbag.py:545} INFO - Filling up the DagBag from /opt/airflow/dags/youtube_pipeline.py
[2026-08-22T08:12:20.045+0000] {processor.py:840} INFO - DAG(s) 'youtube_english_video_pipeline' retrieved from /opt/airflow/dags/youtube_pipeline.py
[2026-08-22T08:12:20.082+0000] {logging_mixin.py:188} INFO - [2026-08-22T08:12:20.082+0000] {dag.py:3089} INFO - Sync 1 DAGs
[2026-08-22T08:12:20.100+0000] {logging_mixin.py:188} INFO - [2026-08-22T08:12:20.100+0000] {dag.py:3947} INFO - Setting next_dagrun for youtube_english_video_pipeline to 2026-08-21 12:00:00+00:00, run_after=2026-08-22 12:00:00+00:00
[2026-08-22T08:12:20.135+0000] {processor.py:183} INFO - Processing /opt/airflow/dags/youtube_pipeline.py took 0.152 seconds
[2026-08-22T08:12:50.199+0000] {processor.py:161} INFO - Started process (PID=87379) to work on /opt/airflow/dags/youtube_pipeline.py
[2026-08-22T08:12:50.200+0000] {processor.py:830} INFO - Processing file /opt/airflow/dags/youtube_pipeline.py for tasks to queue
[2026-08-22T08:12:50.203+0000] {logging_mixin.py:188} INFO - [2026-08-22T08:12:50.203+0000] {dagbag.py:545} INFO - Filling up the DagBag from /opt/airflow/dags/youtube_pipeline.py
[2026-08-22T08:12:50.252+0000] {processor.py:840} INFO - DAG(s) 'youtube_english_video_pipeline' retrieved from /opt/airflow/dags/youtube_pipeline.py
[2026-08-22T08:12:50.289+0000] {logging_mixin.py:188} INFO - [2026-08-22T08:12:50.289+0000] {dag.py:3089} INFO - Sync 1 DAGs
[2026-08-22T08:12:50.311+0000] {logging_mixin.py:188} INFO - [2026-08-22T08:12:50.311+0000] {dag.py:3947} INFO - Setting next_dagrun for youtube_english_video_pipeline to 2026-08-21 12:00:00+00:00, run_after=2026-08-22 12:00:00+00:00
[2026-08-22T08:12:50.331+0000] {processor.py:183} INFO - Processing /opt/airflow/dags/youtube_pipeline.py took 0.138 seconds
[2026-08-22T08:13:20.444+0000] {processor.py:161} INFO - Started process (PID=87384) to work on /opt/airflow/dags/youtube_pipeline.py
[2026-08-22T08:13:20.446+0000] {processor.py:830} INFO - Processing file /opt/airflow/dags/youtube_pipeline.py for tasks to queue
[2026-08-22T08:13:20.448+0000] {logging_mixin.py:188} INFO - [2026-08-22T08:13:20.447+0000] {dagbag.py:545} INFO - Filling up the DagBag from /opt/airflow/dags/youtube_pipeline.py
[2026-08-22T08:13:20.489+0000] {processor.py:840} INFO - DAG(s) 'youtube_english_video_pipeline' retrieved from /opt/airflow/dags/youtube_pipeline.py
[2026-08-22T08:13:20.524+0000] {logging_mixin.py:188} INFO - [2026-08-22T08:13:20.524+0000] {dag.py:3089} INFO - Sync 1 DAGs
[2026-08-22T08:13:20.540+0000] {logging_mixin.py:188} INFO - [2026-08-22T08:13:20.540+0000] {dag.py:3947} INFO - Setting next_dagrun for youtube_english_video_pipeline to 2026-08-21 12:00:00+00:00, run_after=2026-08-22 12:00:00+00:00
[2026-08-22T08:13:20.558+0000] {processor.py:183} INFO - Processing /opt/airflow/dags/youtube_pipeline.py took 0.121 seconds
[2026-08-22T08:13:50.889+0000] {processor.py:161} INFO - Started process (PID=87389) to work on /opt/airflow/dags/youtube_pipeline.py
[2026-08-22T08:13:50.890+0000] {processor.py:830} INFO - Processing file /opt/airflow/dags/youtube_pipeline.py for tasks to queue
[2026-08-22T08:13:50.891+0000] {logging_mixin.py:188} INFO - [2026-08-22T08:13:50.891+0000] {dagbag.py:545} INFO - Filling up the DagBag from /opt/airflow/dags/youtube_pipeline.py
[2026-08-22T08:13:50.918+0000] {processor.py:840} INFO - DAG(s) 'youtube_english_video_pipeline' retrieved from /opt/airflow/dags/youtube_pipeline.py
[2026-08-22T08:13:50.953+0000] {logging_mixin.py:188} INFO - [2026-08-22T08:13:50.953+0000] {dag.py:3089} INFO - Sync 1 DAGs
[2026-08-22T08:13:50.971+0000] {logging_mixin.py:188} INFO - [2026-08-22T08:13:50.971+0000] {dag.py:3947} INFO - Setting next_dagrun for youtube_english_video_pipeline to 2026-08-21 12:00:00+00:00, run_after=2026-08-22 12:00:00+00:00
[2026-08-22T08:13:51.006+0000] {processor.py:183} INFO - Processing /opt/airflow/dags/youtube_pipeline.py took 0.122 seconds
[2026-08-22T08:14:21.193+0000] {processor.py:161} INFO - Started process (PID=87394) to work on /opt/airflow/dags/youtube_pipeline.py
[2026-08-22T08:14:21.195+0000] {processor.py:830} INFO - Processing file /opt/airflow/dags/youtube_pipeline.py for tasks to queue
[2026-08-22T08:14:21.197+0000] {logging_mixin.py:188} INFO - [2026-08-22T08:14:21.197+0000] {dagbag.py:545} INFO - Filling up the DagBag from /opt/airflow/dags/youtube_pipeline.py
[2026-08-22T08:14:21.245+0000] {processor.py:840} INFO - DAG(s) 'youtube_english_video_pipeline' retrieved from /opt/airflow/dags/youtube_pipeline.py
[2026-08-22T08:14:21.276+0000] {logging_mixin.py:188} INFO - [2026-08-22T08:14:21.275+0000] {dag.py:3089} INFO - Sync 1 DAGs
[2026-08-22T08:14:21.291+0000] {logging_mixin.py:188} INFO - [2026-08-22T08:14:21.291+0000] {dag.py:3947} INFO - Setting next_dagrun for youtube_english_video_pipeline to 2026-08-21 12:00:00+00:00, run_after=2026-08-22 12:00:00+00:00
[2026-08-22T08:14:21.307+0000] {processor.py:183} INFO - Processing /opt/airflow/dags/youtube_pipeline.py took 0.122 seconds
[2026-08-22T08:14:51.512+0000] {processor.py:161} INFO - Started process (PID=87399) to work on /opt/airflow/dags/youtube_pipeline.py
[2026-08-22T08:14:51.514+0000] {processor.py:830} INFO - Processing file /opt/airflow/dags/youtube_pipeline.py for tasks to queue
[2026-08-22T08:14:51.516+0000] {logging_mixin.py:188} INFO - [2026-08-22T08:14:51.516+0000] {dagbag.py:545} INFO - Filling up the DagBag from /opt/airflow/dags/youtube_pipeline.py
[2026-08-22T08:14:51.563+0000] {processor.py:840} INFO - DAG(s) 'youtube_english_video_pipeline' retrieved from /opt/airflow/dags/youtube_pipeline.py
[2026-08-22T08:14:51.600+0000] {logging_mixin.py:188} INFO - [2026-08-22T08:14:51.600+0000] {dag.py:3089} INFO - Sync 1 DAGs
[2026-08-22T08:14:51.615+0000] {logging_mixin.py:188} INFO - [2026-08-22T08:14:51.615+0000] {dag.py:3947} INFO - Setting next_dagrun for youtube_english_video_pipeline to 2026-08-21 12:00:00+00:00, run_after=2026-08-22 12:00:00+00:00
[2026-08-22T08:14:51.631+0000] {processor.py:183} INFO - Processing /opt/airflow/dags/youtube_pipeline.py took 0.126 seconds
[2026-08-22T08:15:21.818+0000] {processor.py:161} INFO - Started process (PID=87404) to work on /opt/airflow/dags/youtube_pipeline.py
[2026-08-22T08:15:21.820+0000] {processor.py:830} INFO - Processing file /opt/airflow/dags/youtube_pipeline.py for tasks to queue
[2026-08-22T08:15:21.822+0000] {logging_mixin.py:188} INFO - [2026-08-22T08:15:21.822+0000] {dagbag.py:545} INFO - Filling up the DagBag from /opt/airflow/dags/youtube_pipeline.py
[2026-08-22T08:15:21.880+0000] {processor.py:840} INFO - DAG(s) 'youtube_english_video_pipeline' retrieved from /opt/airflow/dags/youtube_pipeline.py
[2026-08-22T08:15:21.911+0000] {logging_mixin.py:188} INFO - [2026-08-22T08:15:21.911+0000] {dag.py:3089} INFO - Sync 1 DAGs
[2026-08-22T08:15:21.926+0000] {logging_mixin.py:188} INFO - [2026-08-22T08:15:21.925+0000] {dag.py:3947} INFO - Setting next_dagrun for youtube_english_video_pipeline to 2026-08-21 12:00:00+00:00, run_after=2026-08-22 12:00:00+00:00
[2026-08-22T08:15:21.940+0000] {processor.py:183} INFO - Processing /opt/airflow/dags/youtube_pipeline.py took 0.127 seconds
[2026-08-22T08:15:52.154+0000] {processor.py:161} INFO - Started process (PID=87409) to work on /opt/airflow/dags/youtube_pipeline.py
[2026-08-22T08:15:52.155+0000] {processor.py:830} INFO - Processing file /opt/airflow/dags/youtube_pipeline.py for tasks to queue
[2026-08-22T08:15:52.157+0000] {logging_mixin.py:188} INFO - [2026-08-22T08:15:52.157+0000] {dagbag.py:545} INFO - Filling up the DagBag from /opt/airflow/dags/youtube_pipeline.py
[2026-08-22T08:15:52.202+0000] {processor.py:840} INFO - DAG(s) 'youtube_english_video_pipeline' retrieved from /opt/airflow/dags/youtube_pipeline.py
[2026-08-22T08:15:52.234+0000] {logging_mixin.py:188} INFO - [2026-08-22T08:15:52.234+0000] {dag.py:3089} INFO - Sync 1 DAGs
[2026-08-22T08:15:52.251+0000] {logging_mixin.py:188} INFO - [2026-08-22T08:15:52.251+0000] {dag.py:3947} INFO - Setting next_dagrun for youtube_english_video_pipeline to 2026-08-21 12:00:00+00:00, run_after=2026-08-22 12:00:00+00:00
[2026-08-22T08:15:52.269+0000] {processor.py:183} INFO - Processing /opt/airflow/dags/youtube_pipeline.py took 0.124 seconds
[2026-08-22T08:16:22.362+0000] {processor.py:161} INFO - Started process (PID=87414) to work on /opt/airflow/dags/youtube_pipeline.py
[2026-08-22T08:16:22.363+0000] {processor.py:830} INFO - Processing file /opt/airflow/dags/youtube_pipeline.py for tasks to queue
[2026-08-22T08:16:22.365+0000] {logging_mixin.py:188} INFO - [2026-08-22T08:16:22.365+0000] {dagbag.py:545} INFO - Filling up the DagBag from /opt/airflow/dags/youtube_pipeline.py
[2026-08-22T08:16:22.388+0000] {processor.py:840} INFO - DAG(s) 'youtube_english_video_pipeline' retrieved from /opt/airflow/dags/youtube_pipeline.py
[2026-08-22T08:16:22.419+0000] {logging_mixin.py:188} INFO - [2026-08-22T08:16:22.419+0000] {dag.py:3089} INFO - Sync 1 DAGs
[2026-08-22T08:16:22.433+0000] {logging_mixin.py:188} INFO - [2026-08-22T08:16:22.433+0000] {dag.py:3947} INFO - Setting next_dagrun for youtube_english_video_pipeline to 2026-08-21 12:00:00+00:00, run_after=2026-08-22 12:00:00+00:00
[2026-08-22T08:16:22.448+0000] {processor.py:183} INFO - Processing /opt/airflow/dags/youtube_pipeline.py took 0.092 seconds
[2026-08-22T08:16:52.688+0000] {processor.py:161} INFO - Started process (PID=87419) to work on /opt/airflow/dags/youtube_pipeline.py
[2026-08-22T08:16:52.691+0000] {processor.py:830} INFO - Processing file /opt/airflow/dags/youtube_pipeline.py for tasks to queue
[2026-08-22T08:16:52.696+0000] {logging_mixin.py:188} INFO - [2026-08-22T08:16:52.695+0000] {dagbag.py:545} INFO - Filling up the DagBag from /opt/airflow/dags/youtube_pipeline.py
[2026-08-22T08:16:52.781+0000] {processor.py:840} INFO - DAG(s) 'youtube_english_video_pipeline' retrieved from /opt/airflow/dags/youtube_pipeline.py
[2026-08-22T08:16:52.820+0000] {logging_mixin.py:188} INFO - [2026-08-22T08:16:52.820+0000] {dag.py:3089} INFO - Sync 1 DAGs
[2026-08-22T08:16:52.837+0000] {logging_mixin.py:188} INFO - [2026-08-22T08:16:52.837+0000] {dag.py:3947} INFO - Setting next_dagrun for youtube_english_video_pipeline to 2026-08-21 12:00:00+00:00, run_after=2026-08-22 12:00:00+00:00
[2026-08-22T08:16:52.868+0000] {processor.py:183} INFO - Processing /opt/airflow/dags/youtube_pipeline.py took 0.190 seconds
[2026-08-22T08:17:23.112+0000] {processor.py:161} INFO - Started process (PID=87424) to work on /opt/airflow/dags/youtube_pipeline.py
[2026-08-22T08:17:23.113+0000] {processor.py:830} INFO - Processing file /opt/airflow/dags/youtube_pipeline.py for tasks to queue
[2026-08-22T08:17:23.114+0000] {logging_mixin.py:188} INFO - [2026-08-22T08:17:23.114+0000] {dagbag.py:545} INFO - Filling up the DagBag from /opt/airflow/dags/youtube_pipeline.py
[2026-08-22T08:17:23.137+0000] {processor.py:840} INFO - DAG(s) 'youtube_english_video_pipeline' retrieved from /opt/airflow/dags/youtube_pipeline.py
[2026-08-22T08:17:23.166+0000] {logging_mixin.py:188} INFO - [2026-08-22T08:17:23.166+0000] {dag.py:3089} INFO - Sync 1 DAGs
[2026-08-22T08:17:23.180+0000] {logging_mixin.py:188} INFO - [2026-08-22T08:17:23.180+0000] {dag.py:3947} INFO - Setting next_dagrun for youtube_english_video_pipeline to 2026-08-21 12:00:00+00:00, run_after=2026-08-22 12:00:00+00:00
[2026-08-22T08:17:23.195+0000] {processor.py:183} INFO - Processing /opt/airflow/dags/youtube_pipeline.py took 0.088 seconds
[2026-08-22T08:17:53.314+0000] {processor.py:161} INFO - Started process (PID=87429) to work on /opt/airflow/dags/youtube_pipeline.py
[2026-08-22T08:17:53.315+0000] {processor.py:830} INFO - Processing file /opt/airflow/dags/youtube_pipeline.py for tasks to queue
[2026-08-22T08:17:53.316+0000] {logging_mixin.py:188} INFO - [2026-08-22T08:17:53.316+0000] {dagbag.py:545} INFO - Filling up the DagBag from /opt/airflow/dags/youtube_pipeline.py
[2026-08-22T08:17:53.344+0000] {processor.py:840} INFO - DAG(s) 'youtube_english_video_pipeline' retrieved from /opt/airflow/dags/youtube_pipeline.py
[2026-08-22T08:17:53.379+0000] {logging_mixin.py:188} INFO - [2026-08-22T08:17:53.379+0000] {dag.py:3089} INFO - Sync 1 DAGs
[2026-08-22T08:17:53.396+0000] {logging_mixin.py:188} INFO - [2026-08-22T08:17:53.396+0000] {dag.py:3947} INFO - Setting next_dagrun for youtube_english_video_pipeline to 2026-08-21 12:00:00+00:00, run_after=2026-08-22 12:00:00+00:00
[2026-08-22T08:17:53.417+0000] {processor.py:183} INFO - Processing /opt/airflow/dags/youtube_pipeline.py took 0.109 seconds
[2026-08-22T08:18:23.665+0000] {processor.py:161} INFO - Started process (PID=87434) to work on /opt/airflow/dags/youtube_pipeline.py
[2026-08-22T08:18:23.666+0000] {processor.py:830} INFO - Processing file /opt/airflow/dags/youtube_pipeline.py for tasks to queue
[2026-08-22T08:18:23.668+0000] {logging_mixin.py:188} INFO - [2026-08-22T08:18:23.667+0000] {dagbag.py:545} INFO - Filling up the DagBag from /opt/airflow/dags/youtube_pipeline.py
[2026-08-22T08:18:23.706+0000] {processor.py:840} INFO - DAG(s) 'youtube_english_video_pipeline' retrieved from /opt/airflow/dags/youtube_pipeline.py
[2026-08-22T08:18:23.735+0000] {logging_mixin.py:188} INFO - [2026-08-22T08:18:23.735+0000] {dag.py:3089} INFO - Sync 1 DAGs
[2026-08-22T08:18:23.750+0000] {logging_mixin.py:188} INFO - [2026-08-22T08:18:23.749+0000] {dag.py:3947} INFO - Setting next_dagrun for youtube_english_video_pipeline to 2026-08-21 12:00:00+00:00, run_after=2026-08-22 12:00:00+00:00
[2026-08-22T08:18:23.763+0000] {processor.py:183} INFO - Processing /opt/airflow/dags/youtube_pipeline.py took 0.104 seconds
[2026-08-22T08:18:53.896+0000] {processor.py:161} INFO - Started process (PID=87439) to work on /opt/airflow/dags/youtube_pipeline.py
[2026-08-22T08:18:53.898+0000] {processor.py:830} INFO - Processing file /opt/airflow/dags/youtube_pipeline.py for tasks to queue
[2026-08-22T08:18:53.900+0000] {logging_mixin.py:188} INFO - [2026-08-22T08:18:53.900+0000] {dagbag.py:545} INFO - Filling up the DagBag from /opt/airflow/dags/youtube_pipeline.py
[2026-08-22T08:18:53.952+0000] {processor.py:840} INFO - DAG(s) 'youtube_english_video_pipeline' retrieved from /opt/airflow/dags/youtube_pipeline.py
[2026-08-22T08:18:53.984+0000] {logging_mixin.py:188} INFO - [2026-08-22T08:18:53.984+0000] {dag.py:3089} INFO - Sync 1 DAGs
[2026-08-22T08:18:54.000+0000] {logging_mixin.py:188} INFO - [2026-08-22T08:18:53.999+0000] {dag.py:3947} INFO - Setting next_dagrun for youtube_english_video_pipeline to 2026-08-21 12:00:00+00:00, run_after=2026-08-22 12:00:00+00:00
[2026-08-22T08:18:54.017+0000] {processor.py:183} INFO - Processing /opt/airflow/dags/youtube_pipeline.py took 0.128 seconds
[2026-08-22T08:19:24.200+0000] {processor.py:161} INFO - Started process (PID=87444) to work on /opt/airflow/dags/youtube_pipeline.py
[2026-08-22T08:19:24.201+0000] {processor.py:830} INFO - Processing file /opt/airflow/dags/youtube_pipeline.py for tasks to queue
[2026-08-22T08:19:24.203+0000] {logging_mixin.py:188} INFO - [2026-08-22T08:19:24.202+0000] {dagbag.py:545} INFO - Filling up the DagBag from /opt/airflow/dags/youtube_pipeline.py
[2026-08-22T08:19:24.225+0000] {processor.py:840} INFO - DAG(s) 'youtube_english_video_pipeline' retrieved from /opt/airflow/dags/youtube_pipeline.py
[2026-08-22T08:19:24.254+0000] {logging_mixin.py:188} INFO - [2026-08-22T08:19:24.254+0000] {dag.py:3089} INFO - Sync 1 DAGs
[2026-08-22T08:19:24.268+0000] {logging_mixin.py:188} INFO - [2026-08-22T08:19:24.268+0000] {dag.py:3947} INFO - Setting next_dagrun for youtube_english_video_pipeline to 2026-08-21 12:00:00+00:00, run_after=2026-08-22 12:00:00+00:00
[2026-08-22T08:19:24.283+0000] {processor.py:183} INFO - Processing /opt/airflow/dags/youtube_pipeline.py took 0.088 seconds
[2026-08-22T08:19:54.443+0000] {processor.py:161} INFO - Started process (PID=87449) to work on /opt/airflow/dags/youtube_pipeline.py
[2026-08-22T08:19:54.445+0000] {processor.py:830} INFO - Processing file /opt/airflow/dags/youtube_pipeline.py for tasks to queue
[2026-08-22T08:19:54.447+0000] {logging_mixin.py:188} INFO - [2026-08-22T08:19:54.447+0000] {dagbag.py:545} INFO - Filling up the DagBag from /opt/airflow/dags/youtube_pipeline.py
[2026-08-22T08:19:54.469+0000] {processor.py:840} INFO - DAG(s) 'youtube_english_video_pipeline' retrieved from /opt/airflow/dags/youtube_pipeline.py
[2026-08-22T08:19:54.501+0000] {logging_mixin.py:188} INFO - [2026-08-22T08:19:54.501+0000] {dag.py:3089} INFO - Sync 1 DAGs
[2026-08-22T08:19:54.516+0000] {logging_mixin.py:188} INFO - [2026-08-22T08:19:54.516+0000] {dag.py:3947} INFO - Setting next_dagrun for youtube_english_video_pipeline to 2026-08-21 12:00:00+00:00, run_after=2026-08-22 12:00:00+00:00
[2026-08-22T08:19:54.532+0000] {processor.py:183} INFO - Processing /opt/airflow/dags/youtube_pipeline.py took 0.095 seconds
[2026-08-22T08:20:24.852+0000] {processor.py:161} INFO - Started process (PID=87454) to work on /opt/airflow/dags/youtube_pipeline.py
[2026-08-22T08:20:24.854+0000] {processor.py:830} INFO - Processing file /opt/airflow/dags/youtube_pipeline.py for tasks to queue
[2026-08-22T08:20:24.856+0000] {logging_mixin.py:188} INFO - [2026-08-22T08:20:24.855+0000] {dagbag.py:545} INFO - Filling up the DagBag from /opt/airflow/dags/youtube_pipeline.py
[2026-08-22T08:20:24.964+0000] {processor.py:840} INFO - DAG(s) 'youtube_english_video_pipeline' retrieved from /opt/airflow/dags/youtube_pipeline.py
[2026-08-22T08:20:25.040+0000] {logging_mixin.py:188} INFO - [2026-08-22T08:20:25.040+0000] {dag.py:3089} INFO - Sync 1 DAGs
[2026-08-22T08:20:25.067+0000] {logging_mixin.py:188} INFO - [2026-08-22T08:20:25.066+0000] {dag.py:3947} INFO - Setting next_dagrun for youtube_english_video_pipeline to 2026-08-21 12:00:00+00:00, run_after=2026-08-22 12:00:00+00:00
[2026-08-22T08:20:25.088+0000] {processor.py:183} INFO - Processing /opt/airflow/dags/youtube_pipeline.py took 0.244 seconds
[2026-08-22T08:20:55.374+0000] {processor.py:161} INFO - Started process (PID=87459) to work on /opt/airflow/dags/youtube_pipeline.py
[2026-08-22T08:20:55.375+0000] {processor.py:830} INFO - Processing file /opt/airflow/dags/youtube_pipeline.py for tasks to queue
[2026-08-22T08:20:55.377+0000] {logging_mixin.py:188} INFO - [2026-08-22T08:20:55.377+0000] {dagbag.py:545} INFO - Filling up the DagBag from /opt/airflow/dags/youtube_pipeline.py
[2026-08-22T08:20:55.425+0000] {processor.py:840} INFO - DAG(s) 'youtube_english_video_pipeline' retrieved from /opt/airflow/dags/youtube_pipeline.py
[2026-08-22T08:20:55.457+0000] {logging_mixin.py:188} INFO - [2026-08-22T08:20:55.456+0000] {dag.py:3089} INFO - Sync 1 DAGs
[2026-08-22T08:20:55.473+0000] {logging_mixin.py:188} INFO - [2026-08-22T08:20:55.473+0000] {dag.py:3947} INFO - Setting next_dagrun for youtube_english_video_pipeline to 2026-08-21 12:00:00+00:00, run_after=2026-08-22 12:00:00+00:00
[2026-08-22T08:20:55.489+0000] {processor.py:183} INFO - Processing /opt/airflow/dags/youtube_pipeline.py took 0.125 seconds
[2026-08-22T08:21:25.563+0000] {processor.py:161} INFO - Started process (PID=87464) to work on /opt/airflow/dags/youtube_pipeline.py
[2026-08-22T08:21:25.564+0000] {processor.py:830} INFO - Processing file /opt/airflow/dags/youtube_pipeline.py for tasks to queue
[2026-08-22T08:21:25.566+0000] {logging_mixin.py:188} INFO - [2026-08-22T08:21:25.565+0000] {dagbag.py:545} INFO - Filling up the DagBag from /opt/airflow/dags/youtube_pipeline.py
[2026-08-22T08:21:25.594+0000] {processor.py:840} INFO - DAG(s) 'youtube_english_video_pipeline' retrieved from /opt/airflow/dags/youtube_pipeline.py
[2026-08-22T08:21:25.629+0000] {logging_mixin.py:188} INFO - [2026-08-22T08:21:25.628+0000] {dag.py:3089} INFO - Sync 1 DAGs
[2026-08-22T08:21:25.656+0000] {logging_mixin.py:188} INFO - [2026-08-22T08:21:25.656+0000] {dag.py:3947} INFO - Setting next_dagrun for youtube_english_video_pipeline to 2026-08-21 12:00:00+00:00, run_after=2026-08-22 12:00:00+00:00
[2026-08-22T08:21:25.679+0000] {processor.py:183} INFO - Processing /opt/airflow/dags/youtube_pipeline.py took 0.122 seconds
[2026-08-22T08:21:55.796+0000] {processor.py:161} INFO - Started process (PID=87469) to work on /opt/airflow/dags/youtube_pipeline.py
[2026-08-22T08:21:55.797+0000] {processor.py:830} INFO - Processing file /opt/airflow/dags/youtube_pipeline.py for tasks to queue
[2026-08-22T08:21:55.801+0000] {logging_mixin.py:188} INFO - [2026-08-22T08:21:55.800+0000] {dagbag.py:545} INFO - Filling up the DagBag from /opt/airflow/dags/youtube_pipeline.py
[2026-08-22T08:21:55.855+0000] {processor.py:840} INFO - DAG(s) 'youtube_english_video_pipeline' retrieved from /opt/airflow/dags/youtube_pipeline.py
[2026-08-22T08:21:55.889+0000] {logging_mixin.py:188} INFO - [2026-08-22T08:21:55.889+0000] {dag.py:3089} INFO - Sync 1 DAGs
[2026-08-22T08:21:55.904+0000] {logging_mixin.py:188} INFO - [2026-08-22T08:21:55.904+0000] {dag.py:3947} INFO - Setting next_dagrun for youtube_english_video_pipeline to 2026-08-21 12:00:00+00:00, run_after=2026-08-22 12:00:00+00:00
[2026-08-22T08:21:55.920+0000] {processor.py:183} INFO - Processing /opt/airflow/dags/youtube_pipeline.py took 0.133 seconds
[2026-08-22T08:22:25.987+0000] {processor.py:161} INFO - Started process (PID=87474) to work on /opt/airflow/dags/youtube_pipeline.py
[2026-08-22T08:22:25.990+0000] {processor.py:830} INFO - Processing file /opt/airflow/dags/youtube_pipeline.py for tasks to queue
[2026-08-22T08:22:25.991+0000] {logging_mixin.py:188} INFO - [2026-08-22T08:22:25.991+0000] {dagbag.py:545} INFO - Filling up the DagBag from /opt/airflow/dags/youtube_pipeline.py
[2026-08-22T08:22:26.016+0000] {processor.py:840} INFO - DAG(s) 'youtube_english_video_pipeline' retrieved from /opt/airflow/dags/youtube_pipeline.py
[2026-08-22T08:22:26.049+0000] {logging_mixin.py:188} INFO - [2026-08-22T08:22:26.048+0000] {dag.py:3089} INFO - Sync 1 DAGs
[2026-08-22T08:22:26.066+0000] {logging_mixin.py:188} INFO - [2026-08-22T08:22:26.065+0000] {dag.py:3947} INFO - Setting next_dagrun for youtube_english_video_pipeline to 2026-08-21 12:00:00+00:00, run_after=2026-08-22 12:00:00+00:00
[2026-08-22T08:22:26.081+0000] {processor.py:183} INFO - Processing /opt/airflow/dags/youtube_pipeline.py took 0.100 seconds
[2026-08-22T08:22:56.205+0000] {processor.py:161} INFO - Started process (PID=87479) to work on /opt/airflow/dags/youtube_pipeline.py
[2026-08-22T08:22:56.206+0000] {processor.py:830} INFO - Processing file /opt/airflow/dags/youtube_pipeline.py for tasks to queue
[2026-08-22T08:22:56.207+0000] {logging_mixin.py:188} INFO - [2026-08-22T08:22:56.207+0000] {dagbag.py:545} INFO - Filling up the DagBag from /opt/airflow/dags/youtube_pipeline.py
[2026-08-22T08:22:56.230+0000] {processor.py:840} INFO - DAG(s) 'youtube_english_video_pipeline' retrieved from /opt/airflow/dags/youtube_pipeline.py
[2026-08-22T08:22:56.260+0000] {logging_mixin.py:188} INFO - [2026-08-22T08:22:56.260+0000] {dag.py:3089} INFO - Sync 1 DAGs
[2026-08-22T08:22:56.275+0000] {logging_mixin.py:188} INFO - [2026-08-22T08:22:56.274+0000] {dag.py:3947} INFO - Setting next_dagrun for youtube_english_video_pipeline to 2026-08-21 12:00:00+00:00, run_after=2026-08-22 12:00:00+00:00
[2026-08-22T08:22:56.289+0000] {processor.py:183} INFO - Processing /opt/airflow/dags/youtube_pipeline.py took 0.089 seconds
[2026-08-22T08:23:26.572+0000] {processor.py:161} INFO - Started process (PID=87484) to work on /opt/airflow/dags/youtube_pipeline.py
[2026-08-22T08:23:26.573+0000] {processor.py:830} INFO - Processing file /opt/airflow/dags/youtube_pipeline.py for tasks to queue
[2026-08-22T08:23:26.575+0000] {logging_mixin.py:188} INFO - [2026-08-22T08:23:26.574+0000] {dagbag.py:545} INFO - Filling up the DagBag from /opt/airflow/dags/youtube_pipeline.py
[2026-08-22T08:23:26.594+0000] {processor.py:840} INFO - DAG(s) 'youtube_english_video_pipeline' retrieved from /opt/airflow/dags/youtube_pipeline.py
[2026-08-22T08:23:26.624+0000] {logging_mixin.py:188} INFO - [2026-08-22T08:23:26.624+0000] {dag.py:3089} INFO - Sync 1 DAGs
[2026-08-22T08:23:26.639+0000] {logging_mixin.py:188} INFO - [2026-08-22T08:23:26.639+0000] {dag.py:3947} INFO - Setting next_dagrun for youtube_english_video_pipeline to 2026-08-21 12:00:00+00:00, run_after=2026-08-22 12:00:00+00:00
[2026-08-22T08:23:26.657+0000] {processor.py:183} INFO - Processing /opt/airflow/dags/youtube_pipeline.py took 0.092 seconds
[2026-08-22T08:23:56.793+0000] {processor.py:161} INFO - Started process (PID=87489) to work on /opt/airflow/dags/youtube_pipeline.py
[2026-08-22T08:23:56.794+0000] {processor.py:830} INFO - Processing file /opt/airflow/dags/youtube_pipeline.py for tasks to queue
[2026-08-22T08:23:56.795+0000] {logging_mixin.py:188} INFO - [2026-08-22T08:23:56.795+0000] {dagbag.py:545} INFO - Filling up the DagBag from /opt/airflow/dags/youtube_pipeline.py
[2026-08-22T08:23:56.824+0000] {processor.py:840} INFO - DAG(s) 'youtube_english_video_pipeline' retrieved from /opt/airflow/dags/youtube_pipeline.py
[2026-08-22T08:23:56.855+0000] {logging_mixin.py:188} INFO - [2026-08-22T08:23:56.855+0000] {dag.py:3089} INFO - Sync 1 DAGs
[2026-08-22T08:23:56.871+0000] {logging_mixin.py:188} INFO - [2026-08-22T08:23:56.871+0000] {dag.py:3947} INFO - Setting next_dagrun for youtube_english_video_pipeline to 2026-08-21 12:00:00+00:00, run_after=2026-08-22 12:00:00+00:00
[2026-08-22T08:23:56.887+0000] {processor.py:183} INFO - Processing /opt/airflow/dags/youtube_pipeline.py took 0.099 seconds
[2026-08-22T08:24:27.098+0000] {processor.py:161} INFO - Started process (PID=87494) to work on /opt/airflow/dags/youtube_pipeline.py
[2026-08-22T08:24:27.099+0000] {processor.py:830} INFO - Processing file /opt/airflow/dags/youtube_pipeline.py for tasks to queue
[2026-08-22T08:24:27.101+0000] {logging_mixin.py:188} INFO - [2026-08-22T08:24:27.101+0000] {dagbag.py:545} INFO - Filling up the DagBag from /opt/airflow/dags/youtube_pipeline.py
[2026-08-22T08:24:27.174+0000] {processor.py:840} INFO - DAG(s) 'youtube_english_video_pipeline' retrieved from /opt/airflow/dags/youtube_pipeline.py
[2026-08-22T08:24:27.210+0000] {logging_mixin.py:188} INFO - [2026-08-22T08:24:27.210+0000] {dag.py:3089} INFO - Sync 1 DAGs
[2026-08-22T08:24:27.228+0000] {logging_mixin.py:188} INFO - [2026-08-22T08:24:27.228+0000] {dag.py:3947} INFO - Setting next_dagrun for youtube_english_video_pipeline to 2026-08-21 12:00:00+00:00, run_after=2026-08-22 12:00:00+00:00
[2026-08-22T08:24:27.245+0000] {processor.py:183} INFO - Processing /opt/airflow/dags/youtube_pipeline.py took 0.152 seconds
[2026-08-22T08:24:57.414+0000] {processor.py:161} INFO - Started process (PID=87499) to work on /opt/airflow/dags/youtube_pipeline.py
[2026-08-22T08:24:57.416+0000] {processor.py:830} INFO - Processing file /opt/airflow/dags/youtube_pipeline.py for tasks to queue
[2026-08-22T08:24:57.418+0000] {logging_mixin.py:188} INFO - [2026-08-22T08:24:57.417+0000] {dagbag.py:545} INFO - Filling up the DagBag from /opt/airflow/dags/youtube_pipeline.py
[2026-08-22T08:24:57.470+0000] {processor.py:840} INFO - DAG(s) 'youtube_english_video_pipeline' retrieved from /opt/airflow/dags/youtube_pipeline.py
[2026-08-22T08:24:57.504+0000] {logging_mixin.py:188} INFO - [2026-08-22T08:24:57.503+0000] {dag.py:3089} INFO - Sync 1 DAGs
[2026-08-22T08:24:57.522+0000] {logging_mixin.py:188} INFO - [2026-08-22T08:24:57.522+0000] {dag.py:3947} INFO - Setting next_dagrun for youtube_english_video_pipeline to 2026-08-21 12:00:00+00:00, run_after=2026-08-22 12:00:00+00:00
[2026-08-22T08:24:57.541+0000] {processor.py:183} INFO - Processing /opt/airflow/dags/youtube_pipeline.py took 0.133 seconds
[2026-08-22T08:25:27.768+0000] {processor.py:161} INFO - Started process (PID=87504) to work on /opt/airflow/dags/youtube_pipeline.py
[2026-08-22T08:25:27.769+0000] {processor.py:830} INFO - Processing file /opt/airflow/dags/youtube_pipeline.py for tasks to queue
[2026-08-22T08:25:27.771+0000] {logging_mixin.py:188} INFO - [2026-08-22T08:25:27.770+0000] {dagbag.py:545} INFO - Filling up the DagBag from /opt/airflow/dags/youtube_pipeline.py
[2026-08-22T08:25:27.794+0000] {processor.py:840} INFO - DAG(s) 'youtube_english_video_pipeline' retrieved from /opt/airflow/dags/youtube_pipeline.py
[2026-08-22T08:25:27.826+0000] {logging_mixin.py:188} INFO - [2026-08-22T08:25:27.825+0000] {dag.py:3089} INFO - Sync 1 DAGs
[2026-08-22T08:25:27.840+0000] {logging_mixin.py:188} INFO - [2026-08-22T08:25:27.840+0000] {dag.py:3947} INFO - Setting next_dagrun for youtube_english_video_pipeline to 2026-08-21 12:00:00+00:00, run_after=2026-08-22 12:00:00+00:00
[2026-08-22T08:25:27.855+0000] {processor.py:183} INFO - Processing /opt/airflow/dags/youtube_pipeline.py took 0.092 seconds
[2026-08-22T08:25:58.005+0000] {processor.py:161} INFO - Started process (PID=87509) to work on /opt/airflow/dags/youtube_pipeline.py
[2026-08-22T08:25:58.006+0000] {processor.py:830} INFO - Processing file /opt/airflow/dags/youtube_pipeline.py for tasks to queue
[2026-08-22T08:25:58.009+0000] {logging_mixin.py:188} INFO - [2026-08-22T08:25:58.009+0000] {dagbag.py:545} INFO - Filling up the DagBag from /opt/airflow/dags/youtube_pipeline.py
[2026-08-22T08:25:58.033+0000] {processor.py:840} INFO - DAG(s) 'youtube_english_video_pipeline' retrieved from /opt/airflow/dags/youtube_pipeline.py
[2026-08-22T08:25:58.065+0000] {logging_mixin.py:188} INFO - [2026-08-22T08:25:58.065+0000] {dag.py:3089} INFO - Sync 1 DAGs
[2026-08-22T08:25:58.081+0000] {logging_mixin.py:188} INFO - [2026-08-22T08:25:58.081+0000] {dag.py:3947} INFO - Setting next_dagrun for youtube_english_video_pipeline to 2026-08-21 12:00:00+00:00, run_after=2026-08-22 12:00:00+00:00
[2026-08-22T08:25:58.102+0000] {processor.py:183} INFO - Processing /opt/airflow/dags/youtube_pipeline.py took 0.103 seconds
[2026-08-22T08:26:28.371+0000] {processor.py:161} INFO - Started process (PID=87514) to work on /opt/airflow/dags/youtube_pipeline.py
[2026-08-22T08:26:28.372+0000] {processor.py:830} INFO - Processing file /opt/airflow/dags/youtube_pipeline.py for tasks to queue
[2026-08-22T08:26:28.374+0000] {logging_mixin.py:188} INFO - [2026-08-22T08:26:28.373+0000] {dagbag.py:545} INFO - Filling up the DagBag from /opt/airflow/dags/youtube_pipeline.py
[2026-08-22T08:26:28.395+0000] {processor.py:840} INFO - DAG(s) 'youtube_english_video_pipeline' retrieved from /opt/airflow/dags/youtube_pipeline.py
[2026-08-22T08:26:28.426+0000] {logging_mixin.py:188} INFO - [2026-08-22T08:26:28.426+0000] {dag.py:3089} INFO - Sync 1 DAGs
[2026-08-22T08:26:28.443+0000] {logging_mixin.py:188} INFO - [2026-08-22T08:26:28.442+0000] {dag.py:3947} INFO - Setting next_dagrun for youtube_english_video_pipeline to 2026-08-21 12:00:00+00:00, run_after=2026-08-22 12:00:00+00:00
[2026-08-22T08:26:28.462+0000] {processor.py:183} INFO - Processing /opt/airflow/dags/youtube_pipeline.py took 0.095 seconds
[2026-08-22T08:26:58.702+0000] {processor.py:161} INFO - Started process (PID=87519) to work on /opt/airflow/dags/youtube_pipeline.py
[2026-08-22T08:26:58.705+0000] {processor.py:830} INFO - Processing file /opt/airflow/dags/youtube_pipeline.py for tasks to queue
[2026-08-22T08:26:58.711+0000] {logging_mixin.py:188} INFO - [2026-08-22T08:26:58.710+0000] {dagbag.py:545} INFO - Filling up the DagBag from /opt/airflow/dags/youtube_pipeline.py
[2026-08-22T08:26:58.772+0000] {processor.py:840} INFO - DAG(s) 'youtube_english_video_pipeline' retrieved from /opt/airflow/dags/youtube_pipeline.py
[2026-08-22T08:26:58.805+0000] {logging_mixin.py:188} INFO - [2026-08-22T08:26:58.805+0000] {dag.py:3089} INFO - Sync 1 DAGs
[2026-08-22T08:26:58.821+0000] {logging_mixin.py:188} INFO - [2026-08-22T08:26:58.821+0000] {dag.py:3947} INFO - Setting next_dagrun for youtube_english_video_pipeline to 2026-08-21 12:00:00+00:00, run_after=2026-08-22 12:00:00+00:00
[2026-08-22T08:26:58.837+0000] {processor.py:183} INFO - Processing /opt/airflow/dags/youtube_pipeline.py took 0.148 seconds
[2026-08-22T08:27:28.931+0000] {processor.py:161} INFO - Started process (PID=87524) to work on /opt/airflow/dags/youtube_pipeline.py
[2026-08-22T08:27:28.932+0000] {processor.py:830} INFO - Processing file /opt/airflow/dags/youtube_pipeline.py for tasks to queue
[2026-08-22T08:27:28.934+0000] {logging_mixin.py:188} INFO - [2026-08-22T08:27:28.934+0000] {dagbag.py:545} INFO - Filling up the DagBag from /opt/airflow/dags/youtube_pipeline.py
[2026-08-22T08:27:28.970+0000] {processor.py:840} INFO - DAG(s) 'youtube_english_video_pipeline' retrieved from /opt/airflow/dags/youtube_pipeline.py
[2026-08-22T08:27:29.007+0000] {logging_mixin.py:188} INFO - [2026-08-22T08:27:29.007+0000] {dag.py:3089} INFO - Sync 1 DAGs
[2026-08-22T08:27:29.022+0000] {logging_mixin.py:188} INFO - [2026-08-22T08:27:29.022+0000] {dag.py:3947} INFO - Setting next_dagrun for youtube_english_video_pipeline to 2026-08-21 12:00:00+00:00, run_after=2026-08-22 12:00:00+00:00
[2026-08-22T08:27:29.041+0000] {processor.py:183} INFO - Processing /opt/airflow/dags/youtube_pipeline.py took 0.119 seconds
[2026-08-22T08:27:59.279+0000] {processor.py:161} INFO - Started process (PID=87529) to work on /opt/airflow/dags/youtube_pipeline.py
[2026-08-22T08:27:59.281+0000] {processor.py:830} INFO - Processing file /opt/airflow/dags/youtube_pipeline.py for tasks to queue
[2026-08-22T08:27:59.283+0000] {logging_mixin.py:188} INFO - [2026-08-22T08:27:59.283+0000] {dagbag.py:545} INFO - Filling up the DagBag from /opt/airflow/dags/youtube_pipeline.py
[2026-08-22T08:27:59.374+0000] {processor.py:840} INFO - DAG(s) 'youtube_english_video_pipeline' retrieved from /opt/airflow/dags/youtube_pipeline.py
[2026-08-22T08:27:59.407+0000] {logging_mixin.py:188} INFO - [2026-08-22T08:27:59.406+0000] {dag.py:3089} INFO - Sync 1 DAGs
[2026-08-22T08:27:59.425+0000] {logging_mixin.py:188} INFO - [2026-08-22T08:27:59.424+0000] {dag.py:3947} INFO - Setting next_dagrun for youtube_english_video_pipeline to 2026-08-21 12:00:00+00:00, run_after=2026-08-22 12:00:00+00:00
[2026-08-22T08:27:59.442+0000] {processor.py:183} INFO - Processing /opt/airflow/dags/youtube_pipeline.py took 0.177 seconds
[2026-08-22T08:28:29.602+0000] {processor.py:161} INFO - Started process (PID=87534) to work on /opt/airflow/dags/youtube_pipeline.py
[2026-08-22T08:28:29.605+0000] {processor.py:830} INFO - Processing file /opt/airflow/dags/youtube_pipeline.py for tasks to queue
[2026-08-22T08:28:29.610+0000] {logging_mixin.py:188} INFO - [2026-08-22T08:28:29.609+0000] {dagbag.py:545} INFO - Filling up the DagBag from /opt/airflow/dags/youtube_pipeline.py
[2026-08-22T08:28:29.656+0000] {processor.py:840} INFO - DAG(s) 'youtube_english_video_pipeline' retrieved from /opt/airflow/dags/youtube_pipeline.py
[2026-08-22T08:28:29.694+0000] {logging_mixin.py:188} INFO - [2026-08-22T08:28:29.694+0000] {dag.py:3089} INFO - Sync 1 DAGs
[2026-08-22T08:28:29.714+0000] {logging_mixin.py:188} INFO - [2026-08-22T08:28:29.714+0000] {dag.py:3947} INFO - Setting next_dagrun for youtube_english_video_pipeline to 2026-08-21 12:00:00+00:00, run_after=2026-08-22 12:00:00+00:00
[2026-08-22T08:28:29.737+0000] {processor.py:183} INFO - Processing /opt/airflow/dags/youtube_pipeline.py took 0.152 seconds
[2026-08-22T08:28:59.898+0000] {processor.py:161} INFO - Started process (PID=87539) to work on /opt/airflow/dags/youtube_pipeline.py
[2026-08-22T08:28:59.900+0000] {processor.py:830} INFO - Processing file /opt/airflow/dags/youtube_pipeline.py for tasks to queue
[2026-08-22T08:28:59.902+0000] {logging_mixin.py:188} INFO - [2026-08-22T08:28:59.902+0000] {dagbag.py:545} INFO - Filling up the DagBag from /opt/airflow/dags/youtube_pipeline.py
[2026-08-22T08:28:59.939+0000] {processor.py:840} INFO - DAG(s) 'youtube_english_video_pipeline' retrieved from /opt/airflow/dags/youtube_pipeline.py
[2026-08-22T08:28:59.982+0000] {logging_mixin.py:188} INFO - [2026-08-22T08:28:59.982+0000] {dag.py:3089} INFO - Sync 1 DAGs
[2026-08-22T08:29:00.000+0000] {logging_mixin.py:188} INFO - [2026-08-22T08:28:59.999+0000] {dag.py:3947} INFO - Setting next_dagrun for youtube_english_video_pipeline to 2026-08-21 12:00:00+00:00, run_after=2026-08-22 12:00:00+00:00
[2026-08-22T08:29:00.023+0000] {processor.py:183} INFO - Processing /opt/airflow/dags/youtube_pipeline.py took 0.133 seconds
[2026-08-22T08:29:30.152+0000] {processor.py:161} INFO - Started process (PID=87544) to work on /opt/airflow/dags/youtube_pipeline.py
[2026-08-22T08:29:30.153+0000] {processor.py:830} INFO - Processing file /opt/airflow/dags/youtube_pipeline.py for tasks to queue
[2026-08-22T08:29:30.155+0000] {logging_mixin.py:188} INFO - [2026-08-22T08:29:30.155+0000] {dagbag.py:545} INFO - Filling up the DagBag from /opt/airflow/dags/youtube_pipeline.py
[2026-08-22T08:29:30.178+0000] {processor.py:840} INFO - DAG(s) 'youtube_english_video_pipeline' retrieved from /opt/airflow/dags/youtube_pipeline.py
[2026-08-22T08:29:30.219+0000] {logging_mixin.py:188} INFO - [2026-08-22T08:29:30.219+0000] {dag.py:3089} INFO - Sync 1 DAGs
[2026-08-22T08:29:30.234+0000] {logging_mixin.py:188} INFO - [2026-08-22T08:29:30.233+0000] {dag.py:3947} INFO - Setting next_dagrun for youtube_english_video_pipeline to 2026-08-21 12:00:00+00:00, run_after=2026-08-22 12:00:00+00:00
[2026-08-22T08:29:30.256+0000] {processor.py:183} INFO - Processing /opt/airflow/dags/youtube_pipeline.py took 0.110 seconds
[2026-08-22T08:30:00.465+0000] {processor.py:161} INFO - Started process (PID=87549) to work on /opt/airflow/dags/youtube_pipeline.py
[2026-08-22T08:30:00.466+0000] {processor.py:830} INFO - Processing file /opt/airflow/dags/youtube_pipeline.py for tasks to queue
[2026-08-22T08:30:00.468+0000] {logging_mixin.py:188} INFO - [2026-08-22T08:30:00.468+0000] {dagbag.py:545} INFO - Filling up the DagBag from /opt/airflow/dags/youtube_pipeline.py
[2026-08-22T08:30:00.492+0000] {processor.py:840} INFO - DAG(s) 'youtube_english_video_pipeline' retrieved from /opt/airflow/dags/youtube_pipeline.py
[2026-08-22T08:30:00.521+0000] {logging_mixin.py:188} INFO - [2026-08-22T08:30:00.521+0000] {dag.py:3089} INFO - Sync 1 DAGs
[2026-08-22T08:30:00.536+0000] {logging_mixin.py:188} INFO - [2026-08-22T08:30:00.536+0000] {dag.py:3947} INFO - Setting next_dagrun for youtube_english_video_pipeline to 2026-08-21 12:00:00+00:00, run_after=2026-08-22 12:00:00+00:00
[2026-08-22T08:30:00.551+0000] {processor.py:183} INFO - Processing /opt/airflow/dags/youtube_pipeline.py took 0.091 seconds
[2026-08-22T08:30:30.660+0000] {processor.py:161} INFO - Started process (PID=87554) to work on /opt/airflow/dags/youtube_pipeline.py
[2026-08-22T08:30:30.666+0000] {processor.py:830} INFO - Processing file /opt/airflow/dags/youtube_pipeline.py for tasks to queue
[2026-08-22T08:30:30.669+0000] {logging_mixin.py:188} INFO - [2026-08-22T08:30:30.668+0000] {dagbag.py:545} INFO - Filling up the DagBag from /opt/airflow/dags/youtube_pipeline.py
[2026-08-22T08:30:30.738+0000] {processor.py:840} INFO - DAG(s) 'youtube_english_video_pipeline' retrieved from /opt/airflow/dags/youtube_pipeline.py
[2026-08-22T08:30:30.770+0000] {logging_mixin.py:188} INFO - [2026-08-22T08:30:30.770+0000] {dag.py:3089} INFO - Sync 1 DAGs
[2026-08-22T08:30:30.786+0000] {logging_mixin.py:188} INFO - [2026-08-22T08:30:30.786+0000] {dag.py:3947} INFO - Setting next_dagrun for youtube_english_video_pipeline to 2026-08-21 12:00:00+00:00, run_after=2026-08-22 12:00:00+00:00
[2026-08-22T08:30:30.802+0000] {processor.py:183} INFO - Processing /opt/airflow/dags/youtube_pipeline.py took 0.147 seconds
[2026-08-22T08:31:01.090+0000] {processor.py:161} INFO - Started process (PID=87559) to work on /opt/airflow/dags/youtube_pipeline.py
[2026-08-22T08:31:01.092+0000] {processor.py:830} INFO - Processing file /opt/airflow/dags/youtube_pipeline.py for tasks to queue
[2026-08-22T08:31:01.093+0000] {logging_mixin.py:188} INFO - [2026-08-22T08:31:01.093+0000] {dagbag.py:545} INFO - Filling up the DagBag from /opt/airflow/dags/youtube_pipeline.py
[2026-08-22T08:31:01.132+0000] {processor.py:840} INFO - DAG(s) 'youtube_english_video_pipeline' retrieved from /opt/airflow/dags/youtube_pipeline.py
[2026-08-22T08:31:01.163+0000] {logging_mixin.py:188} INFO - [2026-08-22T08:31:01.163+0000] {dag.py:3089} INFO - Sync 1 DAGs
[2026-08-22T08:31:01.180+0000] {logging_mixin.py:188} INFO - [2026-08-22T08:31:01.179+0000] {dag.py:3947} INFO - Setting next_dagrun for youtube_english_video_pipeline to 2026-08-21 12:00:00+00:00, run_after=2026-08-22 12:00:00+00:00
[2026-08-22T08:31:01.198+0000] {processor.py:183} INFO - Processing /opt/airflow/dags/youtube_pipeline.py took 0.114 seconds
[2026-08-22T08:31:31.453+0000] {processor.py:161} INFO - Started process (PID=87564) to work on /opt/airflow/dags/youtube_pipeline.py
[2026-08-22T08:31:31.455+0000] {processor.py:830} INFO - Processing file /opt/airflow/dags/youtube_pipeline.py for tasks to queue
[2026-08-22T08:31:31.460+0000] {logging_mixin.py:188} INFO - [2026-08-22T08:31:31.459+0000] {dagbag.py:545} INFO - Filling up the DagBag from /opt/airflow/dags/youtube_pipeline.py
[2026-08-22T08:31:31.522+0000] {processor.py:840} INFO - DAG(s) 'youtube_english_video_pipeline' retrieved from /opt/airflow/dags/youtube_pipeline.py
[2026-08-22T08:31:31.559+0000] {logging_mixin.py:188} INFO - [2026-08-22T08:31:31.559+0000] {dag.py:3089} INFO - Sync 1 DAGs
[2026-08-22T08:31:31.575+0000] {logging_mixin.py:188} INFO - [2026-08-22T08:31:31.575+0000] {dag.py:3947} INFO - Setting next_dagrun for youtube_english_video_pipeline to 2026-08-21 12:00:00+00:00, run_after=2026-08-22 12:00:00+00:00
[2026-08-22T08:31:31.591+0000] {processor.py:183} INFO - Processing /opt/airflow/dags/youtube_pipeline.py took 0.150 seconds
[2026-08-22T08:32:01.738+0000] {processor.py:161} INFO - Started process (PID=87569) to work on /opt/airflow/dags/youtube_pipeline.py
[2026-08-22T08:32:01.739+0000] {processor.py:830} INFO - Processing file /opt/airflow/dags/youtube_pipeline.py for tasks to queue
[2026-08-22T08:32:01.743+0000] {logging_mixin.py:188} INFO - [2026-08-22T08:32:01.742+0000] {dagbag.py:545} INFO - Filling up the DagBag from /opt/airflow/dags/youtube_pipeline.py
[2026-08-22T08:32:01.798+0000] {processor.py:840} INFO - DAG(s) 'youtube_english_video_pipeline' retrieved from /opt/airflow/dags/youtube_pipeline.py
[2026-08-22T08:32:01.829+0000] {logging_mixin.py:188} INFO - [2026-08-22T08:32:01.829+0000] {dag.py:3089} INFO - Sync 1 DAGs
[2026-08-22T08:32:01.843+0000] {logging_mixin.py:188} INFO - [2026-08-22T08:32:01.843+0000] {dag.py:3947} INFO - Setting next_dagrun for youtube_english_video_pipeline to 2026-08-21 12:00:00+00:00, run_after=2026-08-22 12:00:00+00:00
[2026-08-22T08:32:01.856+0000] {processor.py:183} INFO - Processing /opt/airflow/dags/youtube_pipeline.py took 0.124 seconds
[2026-08-22T08:32:32.097+0000] {processor.py:161} INFO - Started process (PID=87574) to work on /opt/airflow/dags/youtube_pipeline.py
[2026-08-22T08:32:32.098+0000] {processor.py:830} INFO - Processing file /opt/airflow/dags/youtube_pipeline.py for tasks to queue
[2026-08-22T08:32:32.100+0000] {logging_mixin.py:188} INFO - [2026-08-22T08:32:32.100+0000] {dagbag.py:545} INFO - Filling up the DagBag from /opt/airflow/dags/youtube_pipeline.py
[2026-08-22T08:32:32.145+0000] {processor.py:840} INFO - DAG(s) 'youtube_english_video_pipeline' retrieved from /opt/airflow/dags/youtube_pipeline.py
[2026-08-22T08:32:32.177+0000] {logging_mixin.py:188} INFO - [2026-08-22T08:32:32.177+0000] {dag.py:3089} INFO - Sync 1 DAGs
[2026-08-22T08:32:32.190+0000] {logging_mixin.py:188} INFO - [2026-08-22T08:32:32.190+0000] {dag.py:3947} INFO - Setting next_dagrun for youtube_english_video_pipeline to 2026-08-21 12:00:00+00:00, run_after=2026-08-22 12:00:00+00:00
[2026-08-22T08:32:32.205+0000] {processor.py:183} INFO - Processing /opt/airflow/dags/youtube_pipeline.py took 0.116 seconds
[2026-08-22T08:33:02.413+0000] {processor.py:161} INFO - Started process (PID=87579) to work on /opt/airflow/dags/youtube_pipeline.py
[2026-08-22T08:33:02.415+0000] {processor.py:830} INFO - Processing file /opt/airflow/dags/youtube_pipeline.py for tasks to queue
[2026-08-22T08:33:02.416+0000] {logging_mixin.py:188} INFO - [2026-08-22T08:33:02.416+0000] {dagbag.py:545} INFO - Filling up the DagBag from /opt/airflow/dags/youtube_pipeline.py
[2026-08-22T08:33:02.460+0000] {processor.py:840} INFO - DAG(s) 'youtube_english_video_pipeline' retrieved from /opt/airflow/dags/youtube_pipeline.py
[2026-08-22T08:33:02.492+0000] {logging_mixin.py:188} INFO - [2026-08-22T08:33:02.491+0000] {dag.py:3089} INFO - Sync 1 DAGs
[2026-08-22T08:33:02.507+0000] {logging_mixin.py:188} INFO - [2026-08-22T08:33:02.507+0000] {dag.py:3947} INFO - Setting next_dagrun for youtube_english_video_pipeline to 2026-08-21 12:00:00+00:00, run_after=2026-08-22 12:00:00+00:00
[2026-08-22T08:33:02.523+0000] {processor.py:183} INFO - Processing /opt/airflow/dags/youtube_pipeline.py took 0.116 seconds
[2026-08-22T08:33:32.738+0000] {processor.py:161} INFO - Started process (PID=87584) to work on /opt/airflow/dags/youtube_pipeline.py
[2026-08-22T08:33:32.739+0000] {processor.py:830} INFO - Processing file /opt/airflow/dags/youtube_pipeline.py for tasks to queue
[2026-08-22T08:33:32.740+0000] {logging_mixin.py:188} INFO - [2026-08-22T08:33:32.740+0000] {dagbag.py:545} INFO - Filling up the DagBag from /opt/airflow/dags/youtube_pipeline.py
[2026-08-22T08:33:32.763+0000] {processor.py:840} INFO - DAG(s) 'youtube_english_video_pipeline' retrieved from /opt/airflow/dags/youtube_pipeline.py
[2026-08-22T08:33:32.794+0000] {logging_mixin.py:188} INFO - [2026-08-22T08:33:32.793+0000] {dag.py:3089} INFO - Sync 1 DAGs
[2026-08-22T08:33:32.807+0000] {logging_mixin.py:188} INFO - [2026-08-22T08:33:32.807+0000] {dag.py:3947} INFO - Setting next_dagrun for youtube_english_video_pipeline to 2026-08-21 12:00:00+00:00, run_after=2026-08-22 12:00:00+00:00
[2026-08-22T08:33:32.821+0000] {processor.py:183} INFO - Processing /opt/airflow/dags/youtube_pipeline.py took 0.088 seconds
[2026-08-22T08:34:03.008+0000] {processor.py:161} INFO - Started process (PID=87589) to work on /opt/airflow/dags/youtube_pipeline.py
[2026-08-22T08:34:03.009+0000] {processor.py:830} INFO - Processing file /opt/airflow/dags/youtube_pipeline.py for tasks to queue
[2026-08-22T08:34:03.011+0000] {logging_mixin.py:188} INFO - [2026-08-22T08:34:03.011+0000] {dagbag.py:545} INFO - Filling up the DagBag from /opt/airflow/dags/youtube_pipeline.py
[2026-08-22T08:34:03.048+0000] {processor.py:840} INFO - DAG(s) 'youtube_english_video_pipeline' retrieved from /opt/airflow/dags/youtube_pipeline.py
[2026-08-22T08:34:03.077+0000] {logging_mixin.py:188} INFO - [2026-08-22T08:34:03.077+0000] {dag.py:3089} INFO - Sync 1 DAGs
[2026-08-22T08:34:03.092+0000] {logging_mixin.py:188} INFO - [2026-08-22T08:34:03.092+0000] {dag.py:3947} INFO - Setting next_dagrun for youtube_english_video_pipeline to 2026-08-21 12:00:00+00:00, run_after=2026-08-22 12:00:00+00:00
[2026-08-22T08:34:03.116+0000] {processor.py:183} INFO - Processing /opt/airflow/dags/youtube_pipeline.py took 0.115 seconds
[2026-08-22T08:34:33.312+0000] {processor.py:161} INFO - Started process (PID=87594) to work on /opt/airflow/dags/youtube_pipeline.py
[2026-08-22T08:34:33.313+0000] {processor.py:830} INFO - Processing file /opt/airflow/dags/youtube_pipeline.py for tasks to queue
[2026-08-22T08:34:33.315+0000] {logging_mixin.py:188} INFO - [2026-08-22T08:34:33.314+0000] {dagbag.py:545} INFO - Filling up the DagBag from /opt/airflow/dags/youtube_pipeline.py
[2026-08-22T08:34:33.338+0000] {processor.py:840} INFO - DAG(s) 'youtube_english_video_pipeline' retrieved from /opt/airflow/dags/youtube_pipeline.py
[2026-08-22T08:34:33.371+0000] {logging_mixin.py:188} INFO - [2026-08-22T08:34:33.371+0000] {dag.py:3089} INFO - Sync 1 DAGs
[2026-08-22T08:34:33.387+0000] {logging_mixin.py:188} INFO - [2026-08-22T08:34:33.387+0000] {dag.py:3947} INFO - Setting next_dagrun for youtube_english_video_pipeline to 2026-08-21 12:00:00+00:00, run_after=2026-08-22 12:00:00+00:00
[2026-08-22T08:34:33.403+0000] {processor.py:183} INFO - Processing /opt/airflow/dags/youtube_pipeline.py took 0.096 seconds
[2026-08-22T08:35:03.598+0000] {processor.py:161} INFO - Started process (PID=87599) to work on /opt/airflow/dags/youtube_pipeline.py
[2026-08-22T08:35:03.600+0000] {processor.py:830} INFO - Processing file /opt/airflow/dags/youtube_pipeline.py for tasks to queue
[2026-08-22T08:35:03.602+0000] {logging_mixin.py:188} INFO - [2026-08-22T08:35:03.602+0000] {dagbag.py:545} INFO - Filling up the DagBag from /opt/airflow/dags/youtube_pipeline.py
[2026-08-22T08:35:03.654+0000] {processor.py:840} INFO - DAG(s) 'youtube_english_video_pipeline' retrieved from /opt/airflow/dags/youtube_pipeline.py
[2026-08-22T08:35:03.688+0000] {logging_mixin.py:188} INFO - [2026-08-22T08:35:03.688+0000] {dag.py:3089} INFO - Sync 1 DAGs
[2026-08-22T08:35:03.710+0000] {logging_mixin.py:188} INFO - [2026-08-22T08:35:03.710+0000] {dag.py:3947} INFO - Setting next_dagrun for youtube_english_video_pipeline to 2026-08-21 12:00:00+00:00, run_after=2026-08-22 12:00:00+00:00
[2026-08-22T08:35:03.730+0000] {processor.py:183} INFO - Processing /opt/airflow/dags/youtube_pipeline.py took 0.138 seconds
[2026-08-22T08:35:34.057+0000] {processor.py:161} INFO - Started process (PID=87604) to work on /opt/airflow/dags/youtube_pipeline.py
[2026-08-22T08:35:34.064+0000] {processor.py:830} INFO - Processing file /opt/airflow/dags/youtube_pipeline.py for tasks to queue
[2026-08-22T08:35:34.066+0000] {logging_mixin.py:188} INFO - [2026-08-22T08:35:34.066+0000] {dagbag.py:545} INFO - Filling up the DagBag from /opt/airflow/dags/youtube_pipeline.py
[2026-08-22T08:35:34.252+0000] {processor.py:840} INFO - DAG(s) 'youtube_english_video_pipeline' retrieved from /opt/airflow/dags/youtube_pipeline.py
[2026-08-22T08:35:34.283+0000] {logging_mixin.py:188} INFO - [2026-08-22T08:35:34.283+0000] {dag.py:3089} INFO - Sync 1 DAGs
[2026-08-22T08:35:34.299+0000] {logging_mixin.py:188} INFO - [2026-08-22T08:35:34.299+0000] {dag.py:3947} INFO - Setting next_dagrun for youtube_english_video_pipeline to 2026-08-21 12:00:00+00:00, run_after=2026-08-22 12:00:00+00:00
[2026-08-22T08:35:34.316+0000] {processor.py:183} INFO - Processing /opt/airflow/dags/youtube_pipeline.py took 0.283 seconds
[2026-08-22T08:36:04.566+0000] {processor.py:161} INFO - Started process (PID=87609) to work on /opt/airflow/dags/youtube_pipeline.py
[2026-08-22T08:36:04.567+0000] {processor.py:830} INFO - Processing file /opt/airflow/dags/youtube_pipeline.py for tasks to queue
[2026-08-22T08:36:04.569+0000] {logging_mixin.py:188} INFO - [2026-08-22T08:36:04.569+0000] {dagbag.py:545} INFO - Filling up the DagBag from /opt/airflow/dags/youtube_pipeline.py
[2026-08-22T08:36:04.596+0000] {processor.py:840} INFO - DAG(s) 'youtube_english_video_pipeline' retrieved from /opt/airflow/dags/youtube_pipeline.py
[2026-08-22T08:36:04.632+0000] {logging_mixin.py:188} INFO - [2026-08-22T08:36:04.632+0000] {dag.py:3089} INFO - Sync 1 DAGs
[2026-08-22T08:36:04.648+0000] {logging_mixin.py:188} INFO - [2026-08-22T08:36:04.647+0000] {dag.py:3947} INFO - Setting next_dagrun for youtube_english_video_pipeline to 2026-08-21 12:00:00+00:00, run_after=2026-08-22 12:00:00+00:00
[2026-08-22T08:36:04.664+0000] {processor.py:183} INFO - Processing /opt/airflow/dags/youtube_pipeline.py took 0.106 seconds
[2026-08-22T08:36:34.773+0000] {processor.py:161} INFO - Started process (PID=87614) to work on /opt/airflow/dags/youtube_pipeline.py
[2026-08-22T08:36:34.773+0000] {processor.py:830} INFO - Processing file /opt/airflow/dags/youtube_pipeline.py for tasks to queue
[2026-08-22T08:36:34.775+0000] {logging_mixin.py:188} INFO - [2026-08-22T08:36:34.775+0000] {dagbag.py:545} INFO - Filling up the DagBag from /opt/airflow/dags/youtube_pipeline.py
[2026-08-22T08:36:34.805+0000] {processor.py:840} INFO - DAG(s) 'youtube_english_video_pipeline' retrieved from /opt/airflow/dags/youtube_pipeline.py
[2026-08-22T08:36:34.836+0000] {logging_mixin.py:188} INFO - [2026-08-22T08:36:34.836+0000] {dag.py:3089} INFO - Sync 1 DAGs
[2026-08-22T08:36:34.853+0000] {logging_mixin.py:188} INFO - [2026-08-22T08:36:34.853+0000] {dag.py:3947} INFO - Setting next_dagrun for youtube_english_video_pipeline to 2026-08-21 12:00:00+00:00, run_after=2026-08-22 12:00:00+00:00
[2026-08-22T08:36:34.875+0000] {processor.py:183} INFO - Processing /opt/airflow/dags/youtube_pipeline.py took 0.110 seconds
[2026-08-22T08:37:05.113+0000] {processor.py:161} INFO - Started process (PID=87619) to work on /opt/airflow/dags/youtube_pipeline.py
[2026-08-22T08:37:05.114+0000] {processor.py:830} INFO - Processing file /opt/airflow/dags/youtube_pipeline.py for tasks to queue
[2026-08-22T08:37:05.115+0000] {logging_mixin.py:188} INFO - [2026-08-22T08:37:05.115+0000] {dagbag.py:545} INFO - Filling up the DagBag from /opt/airflow/dags/youtube_pipeline.py
[2026-08-22T08:37:05.137+0000] {processor.py:840} INFO - DAG(s) 'youtube_english_video_pipeline' retrieved from /opt/airflow/dags/youtube_pipeline.py
[2026-08-22T08:37:05.180+0000] {logging_mixin.py:188} INFO - [2026-08-22T08:37:05.180+0000] {dag.py:3089} INFO - Sync 1 DAGs
[2026-08-22T08:37:05.196+0000] {logging_mixin.py:188} INFO - [2026-08-22T08:37:05.196+0000] {dag.py:3947} INFO - Setting next_dagrun for youtube_english_video_pipeline to 2026-08-21 12:00:00+00:00, run_after=2026-08-22 12:00:00+00:00
[2026-08-22T08:37:05.211+0000] {processor.py:183} INFO - Processing /opt/airflow/dags/youtube_pipeline.py took 0.103 seconds
[2026-08-22T08:37:35.335+0000] {processor.py:161} INFO - Started process (PID=87624) to work on /opt/airflow/dags/youtube_pipeline.py
[2026-08-22T08:37:35.336+0000] {processor.py:830} INFO - Processing file /opt/airflow/dags/youtube_pipeline.py for tasks to queue
[2026-08-22T08:37:35.338+0000] {logging_mixin.py:188} INFO - [2026-08-22T08:37:35.338+0000] {dagbag.py:545} INFO - Filling up the DagBag from /opt/airflow/dags/youtube_pipeline.py
[2026-08-22T08:37:35.447+0000] {processor.py:840} INFO - DAG(s) 'youtube_english_video_pipeline' retrieved from /opt/airflow/dags/youtube_pipeline.py
[2026-08-22T08:37:35.482+0000] {logging_mixin.py:188} INFO - [2026-08-22T08:37:35.482+0000] {dag.py:3089} INFO - Sync 1 DAGs
[2026-08-22T08:37:35.497+0000] {logging_mixin.py:188} INFO - [2026-08-22T08:37:35.497+0000] {dag.py:3947} INFO - Setting next_dagrun for youtube_english_video_pipeline to 2026-08-21 12:00:00+00:00, run_after=2026-08-22 12:00:00+00:00
[2026-08-22T08:37:35.518+0000] {processor.py:183} INFO - Processing /opt/airflow/dags/youtube_pipeline.py took 0.189 seconds
[2026-08-22T08:38:05.648+0000] {processor.py:161} INFO - Started process (PID=87629) to work on /opt/airflow/dags/youtube_pipeline.py
[2026-08-22T08:38:05.648+0000] {processor.py:830} INFO - Processing file /opt/airflow/dags/youtube_pipeline.py for tasks to queue
[2026-08-22T08:38:05.650+0000] {logging_mixin.py:188} INFO - [2026-08-22T08:38:05.650+0000] {dagbag.py:545} INFO - Filling up the DagBag from /opt/airflow/dags/youtube_pipeline.py
[2026-08-22T08:38:05.670+0000] {processor.py:840} INFO - DAG(s) 'youtube_english_video_pipeline' retrieved from /opt/airflow/dags/youtube_pipeline.py
[2026-08-22T08:38:05.701+0000] {logging_mixin.py:188} INFO - [2026-08-22T08:38:05.701+0000] {dag.py:3089} INFO - Sync 1 DAGs
[2026-08-22T08:38:05.716+0000] {logging_mixin.py:188} INFO - [2026-08-22T08:38:05.715+0000] {dag.py:3947} INFO - Setting next_dagrun for youtube_english_video_pipeline to 2026-08-21 12:00:00+00:00, run_after=2026-08-22 12:00:00+00:00
[2026-08-22T08:38:05.735+0000] {processor.py:183} INFO - Processing /opt/airflow/dags/youtube_pipeline.py took 0.093 seconds
[2026-08-22T08:38:35.956+0000] {processor.py:161} INFO - Started process (PID=87634) to work on /opt/airflow/dags/youtube_pipeline.py
[2026-08-22T08:38:35.959+0000] {processor.py:830} INFO - Processing file /opt/airflow/dags/youtube_pipeline.py for tasks to queue
[2026-08-22T08:38:35.961+0000] {logging_mixin.py:188} INFO - [2026-08-22T08:38:35.961+0000] {dagbag.py:545} INFO - Filling up the DagBag from /opt/airflow/dags/youtube_pipeline.py
[2026-08-22T08:38:36.013+0000] {processor.py:840} INFO - DAG(s) 'youtube_english_video_pipeline' retrieved from /opt/airflow/dags/youtube_pipeline.py
[2026-08-22T08:38:36.043+0000] {logging_mixin.py:188} INFO - [2026-08-22T08:38:36.043+0000] {dag.py:3089} INFO - Sync 1 DAGs
[2026-08-22T08:38:36.057+0000] {logging_mixin.py:188} INFO - [2026-08-22T08:38:36.057+0000] {dag.py:3947} INFO - Setting next_dagrun for youtube_english_video_pipeline to 2026-08-21 12:00:00+00:00, run_after=2026-08-22 12:00:00+00:00
[2026-08-22T08:38:36.075+0000] {processor.py:183} INFO - Processing /opt/airflow/dags/youtube_pipeline.py took 0.125 seconds
[2026-08-22T08:39:06.232+0000] {processor.py:161} INFO - Started process (PID=87639) to work on /opt/airflow/dags/youtube_pipeline.py
[2026-08-22T08:39:06.233+0000] {processor.py:830} INFO - Processing file /opt/airflow/dags/youtube_pipeline.py for tasks to queue
[2026-08-22T08:39:06.234+0000] {logging_mixin.py:188} INFO - [2026-08-22T08:39:06.234+0000] {dagbag.py:545} INFO - Filling up the DagBag from /opt/airflow/dags/youtube_pipeline.py
[2026-08-22T08:39:06.268+0000] {processor.py:840} INFO - DAG(s) 'youtube_english_video_pipeline' retrieved from /opt/airflow/dags/youtube_pipeline.py
[2026-08-22T08:39:06.299+0000] {logging_mixin.py:188} INFO - [2026-08-22T08:39:06.299+0000] {dag.py:3089} INFO - Sync 1 DAGs
[2026-08-22T08:39:06.314+0000] {logging_mixin.py:188} INFO - [2026-08-22T08:39:06.314+0000] {dag.py:3947} INFO - Setting next_dagrun for youtube_english_video_pipeline to 2026-08-21 12:00:00+00:00, run_after=2026-08-22 12:00:00+00:00
[2026-08-22T08:39:06.338+0000] {processor.py:183} INFO - Processing /opt/airflow/dags/youtube_pipeline.py took 0.112 seconds
[2026-08-22T08:39:36.551+0000] {processor.py:161} INFO - Started process (PID=87644) to work on /opt/airflow/dags/youtube_pipeline.py
[2026-08-22T08:39:36.552+0000] {processor.py:830} INFO - Processing file /opt/airflow/dags/youtube_pipeline.py for tasks to queue
[2026-08-22T08:39:36.554+0000] {logging_mixin.py:188} INFO - [2026-08-22T08:39:36.554+0000] {dagbag.py:545} INFO - Filling up the DagBag from /opt/airflow/dags/youtube_pipeline.py
[2026-08-22T08:39:36.575+0000] {processor.py:840} INFO - DAG(s) 'youtube_english_video_pipeline' retrieved from /opt/airflow/dags/youtube_pipeline.py
[2026-08-22T08:39:36.603+0000] {logging_mixin.py:188} INFO - [2026-08-22T08:39:36.603+0000] {dag.py:3089} INFO - Sync 1 DAGs
[2026-08-22T08:39:36.618+0000] {logging_mixin.py:188} INFO - [2026-08-22T08:39:36.618+0000] {dag.py:3947} INFO - Setting next_dagrun for youtube_english_video_pipeline to 2026-08-21 12:00:00+00:00, run_after=2026-08-22 12:00:00+00:00
[2026-08-22T08:39:36.632+0000] {processor.py:183} INFO - Processing /opt/airflow/dags/youtube_pipeline.py took 0.086 seconds
[2026-08-22T08:40:06.821+0000] {processor.py:161} INFO - Started process (PID=87649) to work on /opt/airflow/dags/youtube_pipeline.py
[2026-08-22T08:40:06.823+0000] {processor.py:830} INFO - Processing file /opt/airflow/dags/youtube_pipeline.py for tasks to queue
[2026-08-22T08:40:06.824+0000] {logging_mixin.py:188} INFO - [2026-08-22T08:40:06.824+0000] {dagbag.py:545} INFO - Filling up the DagBag from /opt/airflow/dags/youtube_pipeline.py
[2026-08-22T08:40:06.885+0000] {processor.py:840} INFO - DAG(s) 'youtube_english_video_pipeline' retrieved from /opt/airflow/dags/youtube_pipeline.py
[2026-08-22T08:40:06.915+0000] {logging_mixin.py:188} INFO - [2026-08-22T08:40:06.915+0000] {dag.py:3089} INFO - Sync 1 DAGs
[2026-08-22T08:40:06.930+0000] {logging_mixin.py:188} INFO - [2026-08-22T08:40:06.930+0000] {dag.py:3947} INFO - Setting next_dagrun for youtube_english_video_pipeline to 2026-08-21 12:00:00+00:00, run_after=2026-08-22 12:00:00+00:00
[2026-08-22T08:40:06.950+0000] {processor.py:183} INFO - Processing /opt/airflow/dags/youtube_pipeline.py took 0.135 seconds
[2026-08-22T08:40:37.094+0000] {processor.py:161} INFO - Started process (PID=87654) to work on /opt/airflow/dags/youtube_pipeline.py
[2026-08-22T08:40:37.095+0000] {processor.py:830} INFO - Processing file /opt/airflow/dags/youtube_pipeline.py for tasks to queue
[2026-08-22T08:40:37.096+0000] {logging_mixin.py:188} INFO - [2026-08-22T08:40:37.096+0000] {dagbag.py:545} INFO - Filling up the DagBag from /opt/airflow/dags/youtube_pipeline.py
[2026-08-22T08:40:37.141+0000] {processor.py:840} INFO - DAG(s) 'youtube_english_video_pipeline' retrieved from /opt/airflow/dags/youtube_pipeline.py
[2026-08-22T08:40:37.170+0000] {logging_mixin.py:188} INFO - [2026-08-22T08:40:37.170+0000] {dag.py:3089} INFO - Sync 1 DAGs
[2026-08-22T08:40:37.185+0000] {logging_mixin.py:188} INFO - [2026-08-22T08:40:37.185+0000] {dag.py:3947} INFO - Setting next_dagrun for youtube_english_video_pipeline to 2026-08-21 12:00:00+00:00, run_after=2026-08-22 12:00:00+00:00
[2026-08-22T08:40:37.200+0000] {processor.py:183} INFO - Processing /opt/airflow/dags/youtube_pipeline.py took 0.112 seconds
[2026-08-22T08:41:07.399+0000] {processor.py:161} INFO - Started process (PID=87659) to work on /opt/airflow/dags/youtube_pipeline.py
[2026-08-22T08:41:07.401+0000] {processor.py:830} INFO - Processing file /opt/airflow/dags/youtube_pipeline.py for tasks to queue
[2026-08-22T08:41:07.402+0000] {logging_mixin.py:188} INFO - [2026-08-22T08:41:07.402+0000] {dagbag.py:545} INFO - Filling up the DagBag from /opt/airflow/dags/youtube_pipeline.py
[2026-08-22T08:41:07.462+0000] {processor.py:840} INFO - DAG(s) 'youtube_english_video_pipeline' retrieved from /opt/airflow/dags/youtube_pipeline.py
[2026-08-22T08:41:07.494+0000] {logging_mixin.py:188} INFO - [2026-08-22T08:41:07.494+0000] {dag.py:3089} INFO - Sync 1 DAGs
[2026-08-22T08:41:07.509+0000] {logging_mixin.py:188} INFO - [2026-08-22T08:41:07.509+0000] {dag.py:3947} INFO - Setting next_dagrun for youtube_english_video_pipeline to 2026-08-21 12:00:00+00:00, run_after=2026-08-22 12:00:00+00:00
[2026-08-22T08:41:07.524+0000] {processor.py:183} INFO - Processing /opt/airflow/dags/youtube_pipeline.py took 0.132 seconds
[2026-08-22T08:41:37.661+0000] {processor.py:161} INFO - Started process (PID=87664) to work on /opt/airflow/dags/youtube_pipeline.py
[2026-08-22T08:41:37.662+0000] {processor.py:830} INFO - Processing file /opt/airflow/dags/youtube_pipeline.py for tasks to queue
[2026-08-22T08:41:37.664+0000] {logging_mixin.py:188} INFO - [2026-08-22T08:41:37.664+0000] {dagbag.py:545} INFO - Filling up the DagBag from /opt/airflow/dags/youtube_pipeline.py
[2026-08-22T08:41:37.687+0000] {processor.py:840} INFO - DAG(s) 'youtube_english_video_pipeline' retrieved from /opt/airflow/dags/youtube_pipeline.py
[2026-08-22T08:41:37.717+0000] {logging_mixin.py:188} INFO - [2026-08-22T08:41:37.717+0000] {dag.py:3089} INFO - Sync 1 DAGs
[2026-08-22T08:41:37.733+0000] {logging_mixin.py:188} INFO - [2026-08-22T08:41:37.733+0000] {dag.py:3947} INFO - Setting next_dagrun for youtube_english_video_pipeline to 2026-08-21 12:00:00+00:00, run_after=2026-08-22 12:00:00+00:00
[2026-08-22T08:41:37.760+0000] {processor.py:183} INFO - Processing /opt/airflow/dags/youtube_pipeline.py took 0.104 seconds
[2026-08-22T08:42:07.972+0000] {processor.py:161} INFO - Started process (PID=87669) to work on /opt/airflow/dags/youtube_pipeline.py
[2026-08-22T08:42:07.975+0000] {processor.py:830} INFO - Processing file /opt/airflow/dags/youtube_pipeline.py for tasks to queue
[2026-08-22T08:42:07.978+0000] {logging_mixin.py:188} INFO - [2026-08-22T08:42:07.977+0000] {dagbag.py:545} INFO - Filling up the DagBag from /opt/airflow/dags/youtube_pipeline.py
[2026-08-22T08:42:08.029+0000] {processor.py:840} INFO - DAG(s) 'youtube_english_video_pipeline' retrieved from /opt/airflow/dags/youtube_pipeline.py
[2026-08-22T08:42:08.065+0000] {logging_mixin.py:188} INFO - [2026-08-22T08:42:08.065+0000] {dag.py:3089} INFO - Sync 1 DAGs
[2026-08-22T08:42:08.083+0000] {logging_mixin.py:188} INFO - [2026-08-22T08:42:08.083+0000] {dag.py:3947} INFO - Setting next_dagrun for youtube_english_video_pipeline to 2026-08-21 12:00:00+00:00, run_after=2026-08-22 12:00:00+00:00
[2026-08-22T08:42:08.098+0000] {processor.py:183} INFO - Processing /opt/airflow/dags/youtube_pipeline.py took 0.135 seconds
[2026-08-22T08:42:38.207+0000] {processor.py:161} INFO - Started process (PID=87674) to work on /opt/airflow/dags/youtube_pipeline.py
[2026-08-22T08:42:38.208+0000] {processor.py:830} INFO - Processing file /opt/airflow/dags/youtube_pipeline.py for tasks to queue
[2026-08-22T08:42:38.209+0000] {logging_mixin.py:188} INFO - [2026-08-22T08:42:38.209+0000] {dagbag.py:545} INFO - Filling up the DagBag from /opt/airflow/dags/youtube_pipeline.py
[2026-08-22T08:42:38.233+0000] {processor.py:840} INFO - DAG(s) 'youtube_english_video_pipeline' retrieved from /opt/airflow/dags/youtube_pipeline.py
[2026-08-22T08:42:38.266+0000] {logging_mixin.py:188} INFO - [2026-08-22T08:42:38.266+0000] {dag.py:3089} INFO - Sync 1 DAGs
[2026-08-22T08:42:38.281+0000] {logging_mixin.py:188} INFO - [2026-08-22T08:42:38.281+0000] {dag.py:3947} INFO - Setting next_dagrun for youtube_english_video_pipeline to 2026-08-21 12:00:00+00:00, run_after=2026-08-22 12:00:00+00:00
[2026-08-22T08:42:38.299+0000] {processor.py:183} INFO - Processing /opt/airflow/dags/youtube_pipeline.py took 0.098 seconds
[2026-08-22T08:43:08.440+0000] {processor.py:161} INFO - Started process (PID=87679) to work on /opt/airflow/dags/youtube_pipeline.py
[2026-08-22T08:43:08.442+0000] {processor.py:830} INFO - Processing file /opt/airflow/dags/youtube_pipeline.py for tasks to queue
[2026-08-22T08:43:08.443+0000] {logging_mixin.py:188} INFO - [2026-08-22T08:43:08.443+0000] {dagbag.py:545} INFO - Filling up the DagBag from /opt/airflow/dags/youtube_pipeline.py
[2026-08-22T08:43:08.467+0000] {processor.py:840} INFO - DAG(s) 'youtube_english_video_pipeline' retrieved from /opt/airflow/dags/youtube_pipeline.py
[2026-08-22T08:43:08.496+0000] {logging_mixin.py:188} INFO - [2026-08-22T08:43:08.496+0000] {dag.py:3089} INFO - Sync 1 DAGs
[2026-08-22T08:43:08.510+0000] {logging_mixin.py:188} INFO - [2026-08-22T08:43:08.510+0000] {dag.py:3947} INFO - Setting next_dagrun for youtube_english_video_pipeline to 2026-08-21 12:00:00+00:00, run_after=2026-08-22 12:00:00+00:00
[2026-08-22T08:43:08.526+0000] {processor.py:183} INFO - Processing /opt/airflow/dags/youtube_pipeline.py took 0.091 seconds
[2026-08-22T08:43:38.782+0000] {processor.py:161} INFO - Started process (PID=87684) to work on /opt/airflow/dags/youtube_pipeline.py
[2026-08-22T08:43:38.783+0000] {processor.py:830} INFO - Processing file /opt/airflow/dags/youtube_pipeline.py for tasks to queue
[2026-08-22T08:43:38.785+0000] {logging_mixin.py:188} INFO - [2026-08-22T08:43:38.785+0000] {dagbag.py:545} INFO - Filling up the DagBag from /opt/airflow/dags/youtube_pipeline.py
[2026-08-22T08:43:38.814+0000] {processor.py:840} INFO - DAG(s) 'youtube_english_video_pipeline' retrieved from /opt/airflow/dags/youtube_pipeline.py
[2026-08-22T08:43:38.844+0000] {logging_mixin.py:188} INFO - [2026-08-22T08:43:38.844+0000] {dag.py:3089} INFO - Sync 1 DAGs
[2026-08-22T08:43:38.860+0000] {logging_mixin.py:188} INFO - [2026-08-22T08:43:38.860+0000] {dag.py:3947} INFO - Setting next_dagrun for youtube_english_video_pipeline to 2026-08-21 12:00:00+00:00, run_after=2026-08-22 12:00:00+00:00
[2026-08-22T08:43:38.878+0000] {processor.py:183} INFO - Processing /opt/airflow/dags/youtube_pipeline.py took 0.102 seconds
[2026-08-22T08:44:09.050+0000] {processor.py:161} INFO - Started process (PID=87689) to work on /opt/airflow/dags/youtube_pipeline.py
[2026-08-22T08:44:09.051+0000] {processor.py:830} INFO - Processing file /opt/airflow/dags/youtube_pipeline.py for tasks to queue
[2026-08-22T08:44:09.054+0000] {logging_mixin.py:188} INFO - [2026-08-22T08:44:09.053+0000] {dagbag.py:545} INFO - Filling up the DagBag from /opt/airflow/dags/youtube_pipeline.py
[2026-08-22T08:44:09.081+0000] {processor.py:840} INFO - DAG(s) 'youtube_english_video_pipeline' retrieved from /opt/airflow/dags/youtube_pipeline.py
[2026-08-22T08:44:09.109+0000] {logging_mixin.py:188} INFO - [2026-08-22T08:44:09.109+0000] {dag.py:3089} INFO - Sync 1 DAGs
[2026-08-22T08:44:09.123+0000] {logging_mixin.py:188} INFO - [2026-08-22T08:44:09.123+0000] {dag.py:3947} INFO - Setting next_dagrun for youtube_english_video_pipeline to 2026-08-21 12:00:00+00:00, run_after=2026-08-22 12:00:00+00:00
[2026-08-22T08:44:09.139+0000] {processor.py:183} INFO - Processing /opt/airflow/dags/youtube_pipeline.py took 0.096 seconds
[2026-08-22T08:44:39.326+0000] {processor.py:161} INFO - Started process (PID=87694) to work on /opt/airflow/dags/youtube_pipeline.py
[2026-08-22T08:44:39.327+0000] {processor.py:830} INFO - Processing file /opt/airflow/dags/youtube_pipeline.py for tasks to queue
[2026-08-22T08:44:39.329+0000] {logging_mixin.py:188} INFO - [2026-08-22T08:44:39.328+0000] {dagbag.py:545} INFO - Filling up the DagBag from /opt/airflow/dags/youtube_pipeline.py
[2026-08-22T08:44:39.351+0000] {processor.py:840} INFO - DAG(s) 'youtube_english_video_pipeline' retrieved from /opt/airflow/dags/youtube_pipeline.py
[2026-08-22T08:44:39.379+0000] {logging_mixin.py:188} INFO - [2026-08-22T08:44:39.379+0000] {dag.py:3089} INFO - Sync 1 DAGs
[2026-08-22T08:44:39.393+0000] {logging_mixin.py:188} INFO - [2026-08-22T08:44:39.392+0000] {dag.py:3947} INFO - Setting next_dagrun for youtube_english_video_pipeline to 2026-08-21 12:00:00+00:00, run_after=2026-08-22 12:00:00+00:00
[2026-08-22T08:44:39.406+0000] {processor.py:183} INFO - Processing /opt/airflow/dags/youtube_pipeline.py took 0.084 seconds
[2026-08-22T08:45:09.623+0000] {processor.py:161} INFO - Started process (PID=87699) to work on /opt/airflow/dags/youtube_pipeline.py
[2026-08-22T08:45:09.624+0000] {processor.py:830} INFO - Processing file /opt/airflow/dags/youtube_pipeline.py for tasks to queue
[2026-08-22T08:45:09.626+0000] {logging_mixin.py:188} INFO - [2026-08-22T08:45:09.625+0000] {dagbag.py:545} INFO - Filling up the DagBag from /opt/airflow/dags/youtube_pipeline.py
[2026-08-22T08:45:09.702+0000] {processor.py:840} INFO - DAG(s) 'youtube_english_video_pipeline' retrieved from /opt/airflow/dags/youtube_pipeline.py
[2026-08-22T08:45:09.749+0000] {logging_mixin.py:188} INFO - [2026-08-22T08:45:09.749+0000] {dag.py:3089} INFO - Sync 1 DAGs
[2026-08-22T08:45:09.765+0000] {logging_mixin.py:188} INFO - [2026-08-22T08:45:09.765+0000] {dag.py:3947} INFO - Setting next_dagrun for youtube_english_video_pipeline to 2026-08-21 12:00:00+00:00, run_after=2026-08-22 12:00:00+00:00
[2026-08-22T08:45:09.785+0000] {processor.py:183} INFO - Processing /opt/airflow/dags/youtube_pipeline.py took 0.169 seconds
[2026-08-22T08:45:39.969+0000] {processor.py:161} INFO - Started process (PID=87704) to work on /opt/airflow/dags/youtube_pipeline.py
[2026-08-22T08:45:39.973+0000] {processor.py:830} INFO - Processing file /opt/airflow/dags/youtube_pipeline.py for tasks to queue
[2026-08-22T08:45:39.975+0000] {logging_mixin.py:188} INFO - [2026-08-22T08:45:39.975+0000] {dagbag.py:545} INFO - Filling up the DagBag from /opt/airflow/dags/youtube_pipeline.py
[2026-08-22T08:45:40.049+0000] {processor.py:840} INFO - DAG(s) 'youtube_english_video_pipeline' retrieved from /opt/airflow/dags/youtube_pipeline.py
[2026-08-22T08:45:40.117+0000] {logging_mixin.py:188} INFO - [2026-08-22T08:45:40.116+0000] {dag.py:3089} INFO - Sync 1 DAGs
[2026-08-22T08:45:40.134+0000] {logging_mixin.py:188} INFO - [2026-08-22T08:45:40.134+0000] {dag.py:3947} INFO - Setting next_dagrun for youtube_english_video_pipeline to 2026-08-21 12:00:00+00:00, run_after=2026-08-22 12:00:00+00:00
[2026-08-22T08:45:40.155+0000] {processor.py:183} INFO - Processing /opt/airflow/dags/youtube_pipeline.py took 0.250 seconds
[2026-08-22T08:46:10.484+0000] {processor.py:161} INFO - Started process (PID=87709) to work on /opt/airflow/dags/youtube_pipeline.py
[2026-08-22T08:46:10.485+0000] {processor.py:830} INFO - Processing file /opt/airflow/dags/youtube_pipeline.py for tasks to queue
[2026-08-22T08:46:10.487+0000] {logging_mixin.py:188} INFO - [2026-08-22T08:46:10.487+0000] {dagbag.py:545} INFO - Filling up the DagBag from /opt/airflow/dags/youtube_pipeline.py
[2026-08-22T08:46:10.551+0000] {processor.py:840} INFO - DAG(s) 'youtube_english_video_pipeline' retrieved from /opt/airflow/dags/youtube_pipeline.py
[2026-08-22T08:46:10.590+0000] {logging_mixin.py:188} INFO - [2026-08-22T08:46:10.589+0000] {dag.py:3089} INFO - Sync 1 DAGs
[2026-08-22T08:46:10.608+0000] {logging_mixin.py:188} INFO - [2026-08-22T08:46:10.608+0000] {dag.py:3947} INFO - Setting next_dagrun for youtube_english_video_pipeline to 2026-08-21 12:00:00+00:00, run_after=2026-08-22 12:00:00+00:00
[2026-08-22T08:46:10.629+0000] {processor.py:183} INFO - Processing /opt/airflow/dags/youtube_pipeline.py took 0.152 seconds
[2026-08-22T08:46:40.737+0000] {processor.py:161} INFO - Started process (PID=87714) to work on /opt/airflow/dags/youtube_pipeline.py
[2026-08-22T08:46:40.738+0000] {processor.py:830} INFO - Processing file /opt/airflow/dags/youtube_pipeline.py for tasks to queue
[2026-08-22T08:46:40.743+0000] {logging_mixin.py:188} INFO - [2026-08-22T08:46:40.742+0000] {dagbag.py:545} INFO - Filling up the DagBag from /opt/airflow/dags/youtube_pipeline.py
[2026-08-22T08:46:40.831+0000] {processor.py:840} INFO - DAG(s) 'youtube_english_video_pipeline' retrieved from /opt/airflow/dags/youtube_pipeline.py
[2026-08-22T08:46:40.884+0000] {logging_mixin.py:188} INFO - [2026-08-22T08:46:40.884+0000] {dag.py:3089} INFO - Sync 1 DAGs
[2026-08-22T08:46:40.906+0000] {logging_mixin.py:188} INFO - [2026-08-22T08:46:40.905+0000] {dag.py:3947} INFO - Setting next_dagrun for youtube_english_video_pipeline to 2026-08-21 12:00:00+00:00, run_after=2026-08-22 12:00:00+00:00
[2026-08-22T08:46:40.931+0000] {processor.py:183} INFO - Processing /opt/airflow/dags/youtube_pipeline.py took 0.204 seconds
[2026-08-22T08:47:11.191+0000] {processor.py:161} INFO - Started process (PID=87719) to work on /opt/airflow/dags/youtube_pipeline.py
[2026-08-22T08:47:11.193+0000] {processor.py:830} INFO - Processing file /opt/airflow/dags/youtube_pipeline.py for tasks to queue
[2026-08-22T08:47:11.195+0000] {logging_mixin.py:188} INFO - [2026-08-22T08:47:11.194+0000] {dagbag.py:545} INFO - Filling up the DagBag from /opt/airflow/dags/youtube_pipeline.py
[2026-08-22T08:47:11.220+0000] {processor.py:840} INFO - DAG(s) 'youtube_english_video_pipeline' retrieved from /opt/airflow/dags/youtube_pipeline.py
[2026-08-22T08:47:11.255+0000] {logging_mixin.py:188} INFO - [2026-08-22T08:47:11.255+0000] {dag.py:3089} INFO - Sync 1 DAGs
[2026-08-22T08:47:11.272+0000] {logging_mixin.py:188} INFO - [2026-08-22T08:47:11.272+0000] {dag.py:3947} INFO - Setting next_dagrun for youtube_english_video_pipeline to 2026-08-21 12:00:00+00:00, run_after=2026-08-22 12:00:00+00:00
[2026-08-22T08:47:11.290+0000] {processor.py:183} INFO - Processing /opt/airflow/dags/youtube_pipeline.py took 0.107 seconds
[2026-08-22T08:47:41.385+0000] {processor.py:161} INFO - Started process (PID=87724) to work on /opt/airflow/dags/youtube_pipeline.py
[2026-08-22T08:47:41.391+0000] {processor.py:830} INFO - Processing file /opt/airflow/dags/youtube_pipeline.py for tasks to queue
[2026-08-22T08:47:41.394+0000] {logging_mixin.py:188} INFO - [2026-08-22T08:47:41.394+0000] {dagbag.py:545} INFO - Filling up the DagBag from /opt/airflow/dags/youtube_pipeline.py
[2026-08-22T08:47:41.473+0000] {processor.py:840} INFO - DAG(s) 'youtube_english_video_pipeline' retrieved from /opt/airflow/dags/youtube_pipeline.py
[2026-08-22T08:47:41.508+0000] {logging_mixin.py:188} INFO - [2026-08-22T08:47:41.508+0000] {dag.py:3089} INFO - Sync 1 DAGs
[2026-08-22T08:47:41.523+0000] {logging_mixin.py:188} INFO - [2026-08-22T08:47:41.523+0000] {dag.py:3947} INFO - Setting next_dagrun for youtube_english_video_pipeline to 2026-08-21 12:00:00+00:00, run_after=2026-08-22 12:00:00+00:00
[2026-08-22T08:47:41.538+0000] {processor.py:183} INFO - Processing /opt/airflow/dags/youtube_pipeline.py took 0.157 seconds
[2026-08-22T08:48:11.756+0000] {processor.py:161} INFO - Started process (PID=87729) to work on /opt/airflow/dags/youtube_pipeline.py
[2026-08-22T08:48:11.757+0000] {processor.py:830} INFO - Processing file /opt/airflow/dags/youtube_pipeline.py for tasks to queue
[2026-08-22T08:48:11.759+0000] {logging_mixin.py:188} INFO - [2026-08-22T08:48:11.759+0000] {dagbag.py:545} INFO - Filling up the DagBag from /opt/airflow/dags/youtube_pipeline.py
[2026-08-22T08:48:11.791+0000] {processor.py:840} INFO - DAG(s) 'youtube_english_video_pipeline' retrieved from /opt/airflow/dags/youtube_pipeline.py
[2026-08-22T08:48:11.860+0000] {logging_mixin.py:188} INFO - [2026-08-22T08:48:11.860+0000] {dag.py:3089} INFO - Sync 1 DAGs
[2026-08-22T08:48:11.887+0000] {logging_mixin.py:188} INFO - [2026-08-22T08:48:11.887+0000] {dag.py:3947} INFO - Setting next_dagrun for youtube_english_video_pipeline to 2026-08-21 12:00:00+00:00, run_after=2026-08-22 12:00:00+00:00
[2026-08-22T08:48:11.916+0000] {processor.py:183} INFO - Processing /opt/airflow/dags/youtube_pipeline.py took 0.166 seconds
[2026-08-22T08:48:42.011+0000] {processor.py:161} INFO - Started process (PID=87734) to work on /opt/airflow/dags/youtube_pipeline.py
[2026-08-22T08:48:42.012+0000] {processor.py:830} INFO - Processing file /opt/airflow/dags/youtube_pipeline.py for tasks to queue
[2026-08-22T08:48:42.013+0000] {logging_mixin.py:188} INFO - [2026-08-22T08:48:42.013+0000] {dagbag.py:545} INFO - Filling up the DagBag from /opt/airflow/dags/youtube_pipeline.py
[2026-08-22T08:48:42.038+0000] {processor.py:840} INFO - DAG(s) 'youtube_english_video_pipeline' retrieved from /opt/airflow/dags/youtube_pipeline.py
[2026-08-22T08:48:42.068+0000] {logging_mixin.py:188} INFO - [2026-08-22T08:48:42.067+0000] {dag.py:3089} INFO - Sync 1 DAGs
[2026-08-22T08:48:42.082+0000] {logging_mixin.py:188} INFO - [2026-08-22T08:48:42.082+0000] {dag.py:3947} INFO - Setting next_dagrun for youtube_english_video_pipeline to 2026-08-21 12:00:00+00:00, run_after=2026-08-22 12:00:00+00:00
[2026-08-22T08:48:42.101+0000] {processor.py:183} INFO - Processing /opt/airflow/dags/youtube_pipeline.py took 0.098 seconds
[2026-08-22T08:49:12.295+0000] {processor.py:161} INFO - Started process (PID=87739) to work on /opt/airflow/dags/youtube_pipeline.py
[2026-08-22T08:49:12.298+0000] {processor.py:830} INFO - Processing file /opt/airflow/dags/youtube_pipeline.py for tasks to queue
[2026-08-22T08:49:12.300+0000] {logging_mixin.py:188} INFO - [2026-08-22T08:49:12.300+0000] {dagbag.py:545} INFO - Filling up the DagBag from /opt/airflow/dags/youtube_pipeline.py
[2026-08-22T08:49:12.343+0000] {processor.py:840} INFO - DAG(s) 'youtube_english_video_pipeline' retrieved from /opt/airflow/dags/youtube_pipeline.py
[2026-08-22T08:49:12.372+0000] {logging_mixin.py:188} INFO - [2026-08-22T08:49:12.372+0000] {dag.py:3089} INFO - Sync 1 DAGs
[2026-08-22T08:49:12.388+0000] {logging_mixin.py:188} INFO - [2026-08-22T08:49:12.387+0000] {dag.py:3947} INFO - Setting next_dagrun for youtube_english_video_pipeline to 2026-08-21 12:00:00+00:00, run_after=2026-08-22 12:00:00+00:00
[2026-08-22T08:49:12.402+0000] {processor.py:183} INFO - Processing /opt/airflow/dags/youtube_pipeline.py took 0.113 seconds
[2026-08-22T08:49:42.571+0000] {processor.py:161} INFO - Started process (PID=87744) to work on /opt/airflow/dags/youtube_pipeline.py
[2026-08-22T08:49:42.580+0000] {processor.py:830} INFO - Processing file /opt/airflow/dags/youtube_pipeline.py for tasks to queue
[2026-08-22T08:49:42.589+0000] {logging_mixin.py:188} INFO - [2026-08-22T08:49:42.589+0000] {dagbag.py:545} INFO - Filling up the DagBag from /opt/airflow/dags/youtube_pipeline.py
[2026-08-22T08:49:42.786+0000] {processor.py:840} INFO - DAG(s) 'youtube_english_video_pipeline' retrieved from /opt/airflow/dags/youtube_pipeline.py
[2026-08-22T08:49:42.818+0000] {logging_mixin.py:188} INFO - [2026-08-22T08:49:42.818+0000] {dag.py:3089} INFO - Sync 1 DAGs
[2026-08-22T08:49:42.845+0000] {logging_mixin.py:188} INFO - [2026-08-22T08:49:42.845+0000] {dag.py:3947} INFO - Setting next_dagrun for youtube_english_video_pipeline to 2026-08-21 12:00:00+00:00, run_after=2026-08-22 12:00:00+00:00
[2026-08-22T08:49:42.860+0000] {processor.py:183} INFO - Processing /opt/airflow/dags/youtube_pipeline.py took 0.298 seconds
[2026-08-22T08:50:13.151+0000] {processor.py:161} INFO - Started process (PID=87749) to work on /opt/airflow/dags/youtube_pipeline.py
[2026-08-22T08:50:13.153+0000] {processor.py:830} INFO - Processing file /opt/airflow/dags/youtube_pipeline.py for tasks to queue
[2026-08-22T08:50:13.156+0000] {logging_mixin.py:188} INFO - [2026-08-22T08:50:13.156+0000] {dagbag.py:545} INFO - Filling up the DagBag from /opt/airflow/dags/youtube_pipeline.py
[2026-08-22T08:50:13.212+0000] {processor.py:840} INFO - DAG(s) 'youtube_english_video_pipeline' retrieved from /opt/airflow/dags/youtube_pipeline.py
[2026-08-22T08:50:13.245+0000] {logging_mixin.py:188} INFO - [2026-08-22T08:50:13.245+0000] {dag.py:3089} INFO - Sync 1 DAGs
[2026-08-22T08:50:13.262+0000] {logging_mixin.py:188} INFO - [2026-08-22T08:50:13.262+0000] {dag.py:3947} INFO - Setting next_dagrun for youtube_english_video_pipeline to 2026-08-21 12:00:00+00:00, run_after=2026-08-22 12:00:00+00:00
[2026-08-22T08:50:13.293+0000] {processor.py:183} INFO - Processing /opt/airflow/dags/youtube_pipeline.py took 0.155 seconds
[2026-08-22T08:50:43.472+0000] {processor.py:161} INFO - Started process (PID=87754) to work on /opt/airflow/dags/youtube_pipeline.py
[2026-08-22T08:50:43.473+0000] {processor.py:830} INFO - Processing file /opt/airflow/dags/youtube_pipeline.py for tasks to queue
[2026-08-22T08:50:43.477+0000] {logging_mixin.py:188} INFO - [2026-08-22T08:50:43.476+0000] {dagbag.py:545} INFO - Filling up the DagBag from /opt/airflow/dags/youtube_pipeline.py
[2026-08-22T08:50:43.527+0000] {processor.py:840} INFO - DAG(s) 'youtube_english_video_pipeline' retrieved from /opt/airflow/dags/youtube_pipeline.py
[2026-08-22T08:50:43.557+0000] {logging_mixin.py:188} INFO - [2026-08-22T08:50:43.557+0000] {dag.py:3089} INFO - Sync 1 DAGs
[2026-08-22T08:50:43.571+0000] {logging_mixin.py:188} INFO - [2026-08-22T08:50:43.571+0000] {dag.py:3947} INFO - Setting next_dagrun for youtube_english_video_pipeline to 2026-08-21 12:00:00+00:00, run_after=2026-08-22 12:00:00+00:00
[2026-08-22T08:50:43.591+0000] {processor.py:183} INFO - Processing /opt/airflow/dags/youtube_pipeline.py took 0.130 seconds
[2026-08-22T08:51:13.761+0000] {processor.py:161} INFO - Started process (PID=87759) to work on /opt/airflow/dags/youtube_pipeline.py
[2026-08-22T08:51:13.763+0000] {processor.py:830} INFO - Processing file /opt/airflow/dags/youtube_pipeline.py for tasks to queue
[2026-08-22T08:51:13.764+0000] {logging_mixin.py:188} INFO - [2026-08-22T08:51:13.764+0000] {dagbag.py:545} INFO - Filling up the DagBag from /opt/airflow/dags/youtube_pipeline.py
[2026-08-22T08:51:13.808+0000] {processor.py:840} INFO - DAG(s) 'youtube_english_video_pipeline' retrieved from /opt/airflow/dags/youtube_pipeline.py
[2026-08-22T08:51:13.837+0000] {logging_mixin.py:188} INFO - [2026-08-22T08:51:13.837+0000] {dag.py:3089} INFO - Sync 1 DAGs
[2026-08-22T08:51:13.851+0000] {logging_mixin.py:188} INFO - [2026-08-22T08:51:13.851+0000] {dag.py:3947} INFO - Setting next_dagrun for youtube_english_video_pipeline to 2026-08-21 12:00:00+00:00, run_after=2026-08-22 12:00:00+00:00
[2026-08-22T08:51:13.864+0000] {processor.py:183} INFO - Processing /opt/airflow/dags/youtube_pipeline.py took 0.109 seconds
[2026-08-22T08:51:43.994+0000] {processor.py:161} INFO - Started process (PID=87764) to work on /opt/airflow/dags/youtube_pipeline.py
[2026-08-22T08:51:43.994+0000] {processor.py:830} INFO - Processing file /opt/airflow/dags/youtube_pipeline.py for tasks to queue
[2026-08-22T08:51:43.996+0000] {logging_mixin.py:188} INFO - [2026-08-22T08:51:43.996+0000] {dagbag.py:545} INFO - Filling up the DagBag from /opt/airflow/dags/youtube_pipeline.py
[2026-08-22T08:51:44.018+0000] {processor.py:840} INFO - DAG(s) 'youtube_english_video_pipeline' retrieved from /opt/airflow/dags/youtube_pipeline.py
[2026-08-22T08:51:44.046+0000] {logging_mixin.py:188} INFO - [2026-08-22T08:51:44.046+0000] {dag.py:3089} INFO - Sync 1 DAGs
[2026-08-22T08:51:44.060+0000] {logging_mixin.py:188} INFO - [2026-08-22T08:51:44.060+0000] {dag.py:3947} INFO - Setting next_dagrun for youtube_english_video_pipeline to 2026-08-21 12:00:00+00:00, run_after=2026-08-22 12:00:00+00:00
[2026-08-22T08:51:44.077+0000] {processor.py:183} INFO - Processing /opt/airflow/dags/youtube_pipeline.py took 0.089 seconds
[2026-08-22T08:52:14.341+0000] {processor.py:161} INFO - Started process (PID=87769) to work on /opt/airflow/dags/youtube_pipeline.py
[2026-08-22T08:52:14.342+0000] {processor.py:830} INFO - Processing file /opt/airflow/dags/youtube_pipeline.py for tasks to queue
[2026-08-22T08:52:14.344+0000] {logging_mixin.py:188} INFO - [2026-08-22T08:52:14.343+0000] {dagbag.py:545} INFO - Filling up the DagBag from /opt/airflow/dags/youtube_pipeline.py
[2026-08-22T08:52:14.381+0000] {processor.py:840} INFO - DAG(s) 'youtube_english_video_pipeline' retrieved from /opt/airflow/dags/youtube_pipeline.py
[2026-08-22T08:52:14.411+0000] {logging_mixin.py:188} INFO - [2026-08-22T08:52:14.411+0000] {dag.py:3089} INFO - Sync 1 DAGs
[2026-08-22T08:52:14.426+0000] {logging_mixin.py:188} INFO - [2026-08-22T08:52:14.426+0000] {dag.py:3947} INFO - Setting next_dagrun for youtube_english_video_pipeline to 2026-08-21 12:00:00+00:00, run_after=2026-08-22 12:00:00+00:00
[2026-08-22T08:52:14.441+0000] {processor.py:183} INFO - Processing /opt/airflow/dags/youtube_pipeline.py took 0.106 seconds
[2026-08-22T08:52:44.551+0000] {processor.py:161} INFO - Started process (PID=87774) to work on /opt/airflow/dags/youtube_pipeline.py
[2026-08-22T08:52:44.552+0000] {processor.py:830} INFO - Processing file /opt/airflow/dags/youtube_pipeline.py for tasks to queue
[2026-08-22T08:52:44.553+0000] {logging_mixin.py:188} INFO - [2026-08-22T08:52:44.553+0000] {dagbag.py:545} INFO - Filling up the DagBag from /opt/airflow/dags/youtube_pipeline.py
[2026-08-22T08:52:44.575+0000] {processor.py:840} INFO - DAG(s) 'youtube_english_video_pipeline' retrieved from /opt/airflow/dags/youtube_pipeline.py
[2026-08-22T08:52:44.605+0000] {logging_mixin.py:188} INFO - [2026-08-22T08:52:44.605+0000] {dag.py:3089} INFO - Sync 1 DAGs
[2026-08-22T08:52:44.619+0000] {logging_mixin.py:188} INFO - [2026-08-22T08:52:44.619+0000] {dag.py:3947} INFO - Setting next_dagrun for youtube_english_video_pipeline to 2026-08-21 12:00:00+00:00, run_after=2026-08-22 12:00:00+00:00
[2026-08-22T08:52:44.633+0000] {processor.py:183} INFO - Processing /opt/airflow/dags/youtube_pipeline.py took 0.088 seconds
[2026-08-22T08:53:14.959+0000] {processor.py:161} INFO - Started process (PID=87779) to work on /opt/airflow/dags/youtube_pipeline.py
[2026-08-22T08:53:14.961+0000] {processor.py:830} INFO - Processing file /opt/airflow/dags/youtube_pipeline.py for tasks to queue
[2026-08-22T08:53:14.965+0000] {logging_mixin.py:188} INFO - [2026-08-22T08:53:14.964+0000] {dagbag.py:545} INFO - Filling up the DagBag from /opt/airflow/dags/youtube_pipeline.py
[2026-08-22T08:53:15.030+0000] {processor.py:840} INFO - DAG(s) 'youtube_english_video_pipeline' retrieved from /opt/airflow/dags/youtube_pipeline.py
[2026-08-22T08:53:15.061+0000] {logging_mixin.py:188} INFO - [2026-08-22T08:53:15.060+0000] {dag.py:3089} INFO - Sync 1 DAGs
[2026-08-22T08:53:15.075+0000] {logging_mixin.py:188} INFO - [2026-08-22T08:53:15.075+0000] {dag.py:3947} INFO - Setting next_dagrun for youtube_english_video_pipeline to 2026-08-21 12:00:00+00:00, run_after=2026-08-22 12:00:00+00:00
[2026-08-22T08:53:15.093+0000] {processor.py:183} INFO - Processing /opt/airflow/dags/youtube_pipeline.py took 0.144 seconds
[2026-08-22T08:53:45.141+0000] {processor.py:161} INFO - Started process (PID=87784) to work on /opt/airflow/dags/youtube_pipeline.py
[2026-08-22T08:53:45.141+0000] {processor.py:830} INFO - Processing file /opt/airflow/dags/youtube_pipeline.py for tasks to queue
[2026-08-22T08:53:45.143+0000] {logging_mixin.py:188} INFO - [2026-08-22T08:53:45.143+0000] {dagbag.py:545} INFO - Filling up the DagBag from /opt/airflow/dags/youtube_pipeline.py
[2026-08-22T08:53:45.168+0000] {processor.py:840} INFO - DAG(s) 'youtube_english_video_pipeline' retrieved from /opt/airflow/dags/youtube_pipeline.py
[2026-08-22T08:53:45.196+0000] {logging_mixin.py:188} INFO - [2026-08-22T08:53:45.196+0000] {dag.py:3089} INFO - Sync 1 DAGs
[2026-08-22T08:53:45.211+0000] {logging_mixin.py:188} INFO - [2026-08-22T08:53:45.211+0000] {dag.py:3947} INFO - Setting next_dagrun for youtube_english_video_pipeline to 2026-08-21 12:00:00+00:00, run_after=2026-08-22 12:00:00+00:00
[2026-08-22T08:53:45.235+0000] {processor.py:183} INFO - Processing /opt/airflow/dags/youtube_pipeline.py took 0.100 seconds
[2026-08-22T08:54:15.335+0000] {processor.py:161} INFO - Started process (PID=87789) to work on /opt/airflow/dags/youtube_pipeline.py
[2026-08-22T08:54:15.336+0000] {processor.py:830} INFO - Processing file /opt/airflow/dags/youtube_pipeline.py for tasks to queue
[2026-08-22T08:54:15.338+0000] {logging_mixin.py:188} INFO - [2026-08-22T08:54:15.338+0000] {dagbag.py:545} INFO - Filling up the DagBag from /opt/airflow/dags/youtube_pipeline.py
[2026-08-22T08:54:15.393+0000] {processor.py:840} INFO - DAG(s) 'youtube_english_video_pipeline' retrieved from /opt/airflow/dags/youtube_pipeline.py
[2026-08-22T08:54:15.423+0000] {logging_mixin.py:188} INFO - [2026-08-22T08:54:15.423+0000] {dag.py:3089} INFO - Sync 1 DAGs
[2026-08-22T08:54:15.440+0000] {logging_mixin.py:188} INFO - [2026-08-22T08:54:15.440+0000] {dag.py:3947} INFO - Setting next_dagrun for youtube_english_video_pipeline to 2026-08-21 12:00:00+00:00, run_after=2026-08-22 12:00:00+00:00
[2026-08-22T08:54:15.460+0000] {processor.py:183} INFO - Processing /opt/airflow/dags/youtube_pipeline.py took 0.131 seconds
[2026-08-22T08:54:45.740+0000] {processor.py:161} INFO - Started process (PID=87794) to work on /opt/airflow/dags/youtube_pipeline.py
[2026-08-22T08:54:45.741+0000] {processor.py:830} INFO - Processing file /opt/airflow/dags/youtube_pipeline.py for tasks to queue
[2026-08-22T08:54:45.744+0000] {logging_mixin.py:188} INFO - [2026-08-22T08:54:45.743+0000] {dagbag.py:545} INFO - Filling up the DagBag from /opt/airflow/dags/youtube_pipeline.py
[2026-08-22T08:54:45.776+0000] {processor.py:840} INFO - DAG(s) 'youtube_english_video_pipeline' retrieved from /opt/airflow/dags/youtube_pipeline.py
[2026-08-22T08:54:45.812+0000] {logging_mixin.py:188} INFO - [2026-08-22T08:54:45.812+0000] {dag.py:3089} INFO - Sync 1 DAGs
[2026-08-22T08:54:45.829+0000] {logging_mixin.py:188} INFO - [2026-08-22T08:54:45.829+0000] {dag.py:3947} INFO - Setting next_dagrun for youtube_english_video_pipeline to 2026-08-21 12:00:00+00:00, run_after=2026-08-22 12:00:00+00:00
[2026-08-22T08:54:45.848+0000] {processor.py:183} INFO - Processing /opt/airflow/dags/youtube_pipeline.py took 0.114 seconds
[2026-08-22T08:55:16.087+0000] {processor.py:161} INFO - Started process (PID=87799) to work on /opt/airflow/dags/youtube_pipeline.py
[2026-08-22T08:55:16.088+0000] {processor.py:830} INFO - Processing file /opt/airflow/dags/youtube_pipeline.py for tasks to queue
[2026-08-22T08:55:16.089+0000] {logging_mixin.py:188} INFO - [2026-08-22T08:55:16.089+0000] {dagbag.py:545} INFO - Filling up the DagBag from /opt/airflow/dags/youtube_pipeline.py
[2026-08-22T08:55:16.112+0000] {processor.py:840} INFO - DAG(s) 'youtube_english_video_pipeline' retrieved from /opt/airflow/dags/youtube_pipeline.py
[2026-08-22T08:55:16.143+0000] {logging_mixin.py:188} INFO - [2026-08-22T08:55:16.143+0000] {dag.py:3089} INFO - Sync 1 DAGs
[2026-08-22T08:55:16.158+0000] {logging_mixin.py:188} INFO - [2026-08-22T08:55:16.158+0000] {dag.py:3947} INFO - Setting next_dagrun for youtube_english_video_pipeline to 2026-08-21 12:00:00+00:00, run_after=2026-08-22 12:00:00+00:00
[2026-08-22T08:55:16.172+0000] {processor.py:183} INFO - Processing /opt/airflow/dags/youtube_pipeline.py took 0.091 seconds
[2026-08-22T08:55:46.334+0000] {processor.py:161} INFO - Started process (PID=87804) to work on /opt/airflow/dags/youtube_pipeline.py
[2026-08-22T08:55:46.335+0000] {processor.py:830} INFO - Processing file /opt/airflow/dags/youtube_pipeline.py for tasks to queue
[2026-08-22T08:55:46.336+0000] {logging_mixin.py:188} INFO - [2026-08-22T08:55:46.336+0000] {dagbag.py:545} INFO - Filling up the DagBag from /opt/airflow/dags/youtube_pipeline.py
[2026-08-22T08:55:46.358+0000] {processor.py:840} INFO - DAG(s) 'youtube_english_video_pipeline' retrieved from /opt/airflow/dags/youtube_pipeline.py
[2026-08-22T08:55:46.390+0000] {logging_mixin.py:188} INFO - [2026-08-22T08:55:46.389+0000] {dag.py:3089} INFO - Sync 1 DAGs
[2026-08-22T08:55:46.405+0000] {logging_mixin.py:188} INFO - [2026-08-22T08:55:46.404+0000] {dag.py:3947} INFO - Setting next_dagrun for youtube_english_video_pipeline to 2026-08-21 12:00:00+00:00, run_after=2026-08-22 12:00:00+00:00
[2026-08-22T08:55:46.420+0000] {processor.py:183} INFO - Processing /opt/airflow/dags/youtube_pipeline.py took 0.092 seconds
[2026-08-22T08:56:16.721+0000] {processor.py:161} INFO - Started process (PID=87809) to work on /opt/airflow/dags/youtube_pipeline.py
[2026-08-22T08:56:16.723+0000] {processor.py:830} INFO - Processing file /opt/airflow/dags/youtube_pipeline.py for tasks to queue
[2026-08-22T08:56:16.725+0000] {logging_mixin.py:188} INFO - [2026-08-22T08:56:16.724+0000] {dagbag.py:545} INFO - Filling up the DagBag from /opt/airflow/dags/youtube_pipeline.py
[2026-08-22T08:56:16.775+0000] {processor.py:840} INFO - DAG(s) 'youtube_english_video_pipeline' retrieved from /opt/airflow/dags/youtube_pipeline.py
[2026-08-22T08:56:16.806+0000] {logging_mixin.py:188} INFO - [2026-08-22T08:56:16.805+0000] {dag.py:3089} INFO - Sync 1 DAGs
[2026-08-22T08:56:16.822+0000] {logging_mixin.py:188} INFO - [2026-08-22T08:56:16.822+0000] {dag.py:3947} INFO - Setting next_dagrun for youtube_english_video_pipeline to 2026-08-21 12:00:00+00:00, run_after=2026-08-22 12:00:00+00:00
[2026-08-22T08:56:16.840+0000] {processor.py:183} INFO - Processing /opt/airflow/dags/youtube_pipeline.py took 0.124 seconds
[2026-08-22T08:56:46.939+0000] {processor.py:161} INFO - Started process (PID=87814) to work on /opt/airflow/dags/youtube_pipeline.py
[2026-08-22T08:56:46.940+0000] {processor.py:830} INFO - Processing file /opt/airflow/dags/youtube_pipeline.py for tasks to queue
[2026-08-22T08:56:46.941+0000] {logging_mixin.py:188} INFO - [2026-08-22T08:56:46.941+0000] {dagbag.py:545} INFO - Filling up the DagBag from /opt/airflow/dags/youtube_pipeline.py
[2026-08-22T08:56:46.967+0000] {processor.py:840} INFO - DAG(s) 'youtube_english_video_pipeline' retrieved from /opt/airflow/dags/youtube_pipeline.py
[2026-08-22T08:56:46.998+0000] {logging_mixin.py:188} INFO - [2026-08-22T08:56:46.998+0000] {dag.py:3089} INFO - Sync 1 DAGs
[2026-08-22T08:56:47.012+0000] {logging_mixin.py:188} INFO - [2026-08-22T08:56:47.011+0000] {dag.py:3947} INFO - Setting next_dagrun for youtube_english_video_pipeline to 2026-08-21 12:00:00+00:00, run_after=2026-08-22 12:00:00+00:00
[2026-08-22T08:56:47.034+0000] {processor.py:183} INFO - Processing /opt/airflow/dags/youtube_pipeline.py took 0.100 seconds
[2026-08-22T08:57:17.255+0000] {processor.py:161} INFO - Started process (PID=87819) to work on /opt/airflow/dags/youtube_pipeline.py
[2026-08-22T08:57:17.257+0000] {processor.py:830} INFO - Processing file /opt/airflow/dags/youtube_pipeline.py for tasks to queue
[2026-08-22T08:57:17.262+0000] {logging_mixin.py:188} INFO - [2026-08-22T08:57:17.261+0000] {dagbag.py:545} INFO - Filling up the DagBag from /opt/airflow/dags/youtube_pipeline.py
[2026-08-22T08:57:17.366+0000] {processor.py:840} INFO - DAG(s) 'youtube_english_video_pipeline' retrieved from /opt/airflow/dags/youtube_pipeline.py
[2026-08-22T08:57:17.400+0000] {logging_mixin.py:188} INFO - [2026-08-22T08:57:17.400+0000] {dag.py:3089} INFO - Sync 1 DAGs
[2026-08-22T08:57:17.417+0000] {logging_mixin.py:188} INFO - [2026-08-22T08:57:17.417+0000] {dag.py:3947} INFO - Setting next_dagrun for youtube_english_video_pipeline to 2026-08-21 12:00:00+00:00, run_after=2026-08-22 12:00:00+00:00
[2026-08-22T08:57:17.434+0000] {processor.py:183} INFO - Processing /opt/airflow/dags/youtube_pipeline.py took 0.189 seconds
[2026-08-22T08:57:47.726+0000] {processor.py:161} INFO - Started process (PID=87824) to work on /opt/airflow/dags/youtube_pipeline.py
[2026-08-22T08:57:47.733+0000] {processor.py:830} INFO - Processing file /opt/airflow/dags/youtube_pipeline.py for tasks to queue
[2026-08-22T08:57:47.748+0000] {logging_mixin.py:188} INFO - [2026-08-22T08:57:47.748+0000] {dagbag.py:545} INFO - Filling up the DagBag from /opt/airflow/dags/youtube_pipeline.py
[2026-08-22T08:57:47.845+0000] {processor.py:840} INFO - DAG(s) 'youtube_english_video_pipeline' retrieved from /opt/airflow/dags/youtube_pipeline.py
[2026-08-22T08:57:47.876+0000] {logging_mixin.py:188} INFO - [2026-08-22T08:57:47.876+0000] {dag.py:3089} INFO - Sync 1 DAGs
[2026-08-22T08:57:47.890+0000] {logging_mixin.py:188} INFO - [2026-08-22T08:57:47.890+0000] {dag.py:3947} INFO - Setting next_dagrun for youtube_english_video_pipeline to 2026-08-21 12:00:00+00:00, run_after=2026-08-22 12:00:00+00:00
[2026-08-22T08:57:47.910+0000] {processor.py:183} INFO - Processing /opt/airflow/dags/youtube_pipeline.py took 0.190 seconds
[2026-08-22T08:58:18.072+0000] {processor.py:161} INFO - Started process (PID=87829) to work on /opt/airflow/dags/youtube_pipeline.py
[2026-08-22T08:58:18.074+0000] {processor.py:830} INFO - Processing file /opt/airflow/dags/youtube_pipeline.py for tasks to queue
[2026-08-22T08:58:18.078+0000] {logging_mixin.py:188} INFO - [2026-08-22T08:58:18.077+0000] {dagbag.py:545} INFO - Filling up the DagBag from /opt/airflow/dags/youtube_pipeline.py
[2026-08-22T08:58:18.129+0000] {processor.py:840} INFO - DAG(s) 'youtube_english_video_pipeline' retrieved from /opt/airflow/dags/youtube_pipeline.py
[2026-08-22T08:58:18.169+0000] {logging_mixin.py:188} INFO - [2026-08-22T08:58:18.168+0000] {dag.py:3089} INFO - Sync 1 DAGs
[2026-08-22T08:58:18.202+0000] {logging_mixin.py:188} INFO - [2026-08-22T08:58:18.201+0000] {dag.py:3947} INFO - Setting next_dagrun for youtube_english_video_pipeline to 2026-08-21 12:00:00+00:00, run_after=2026-08-22 12:00:00+00:00
[2026-08-22T08:58:18.224+0000] {processor.py:183} INFO - Processing /opt/airflow/dags/youtube_pipeline.py took 0.162 seconds
[2026-08-22T08:58:48.614+0000] {processor.py:161} INFO - Started process (PID=87834) to work on /opt/airflow/dags/youtube_pipeline.py
[2026-08-22T08:58:48.615+0000] {processor.py:830} INFO - Processing file /opt/airflow/dags/youtube_pipeline.py for tasks to queue
[2026-08-22T08:58:48.617+0000] {logging_mixin.py:188} INFO - [2026-08-22T08:58:48.616+0000] {dagbag.py:545} INFO - Filling up the DagBag from /opt/airflow/dags/youtube_pipeline.py
[2026-08-22T08:58:48.637+0000] {processor.py:840} INFO - DAG(s) 'youtube_english_video_pipeline' retrieved from /opt/airflow/dags/youtube_pipeline.py
[2026-08-22T08:58:48.666+0000] {logging_mixin.py:188} INFO - [2026-08-22T08:58:48.666+0000] {dag.py:3089} INFO - Sync 1 DAGs
[2026-08-22T08:58:48.680+0000] {logging_mixin.py:188} INFO - [2026-08-22T08:58:48.680+0000] {dag.py:3947} INFO - Setting next_dagrun for youtube_english_video_pipeline to 2026-08-21 12:00:00+00:00, run_after=2026-08-22 12:00:00+00:00
[2026-08-22T08:58:48.698+0000] {processor.py:183} INFO - Processing /opt/airflow/dags/youtube_pipeline.py took 0.089 seconds
[2026-08-22T08:59:18.895+0000] {processor.py:161} INFO - Started process (PID=87839) to work on /opt/airflow/dags/youtube_pipeline.py
[2026-08-22T08:59:18.896+0000] {processor.py:830} INFO - Processing file /opt/airflow/dags/youtube_pipeline.py for tasks to queue
[2026-08-22T08:59:18.898+0000] {logging_mixin.py:188} INFO - [2026-08-22T08:59:18.897+0000] {dagbag.py:545} INFO - Filling up the DagBag from /opt/airflow/dags/youtube_pipeline.py
[2026-08-22T08:59:18.922+0000] {processor.py:840} INFO - DAG(s) 'youtube_english_video_pipeline' retrieved from /opt/airflow/dags/youtube_pipeline.py
[2026-08-22T08:59:18.953+0000] {logging_mixin.py:188} INFO - [2026-08-22T08:59:18.953+0000] {dag.py:3089} INFO - Sync 1 DAGs
[2026-08-22T08:59:18.969+0000] {logging_mixin.py:188} INFO - [2026-08-22T08:59:18.969+0000] {dag.py:3947} INFO - Setting next_dagrun for youtube_english_video_pipeline to 2026-08-21 12:00:00+00:00, run_after=2026-08-22 12:00:00+00:00
[2026-08-22T08:59:18.984+0000] {processor.py:183} INFO - Processing /opt/airflow/dags/youtube_pipeline.py took 0.098 seconds
[2026-08-22T08:59:49.128+0000] {processor.py:161} INFO - Started process (PID=87844) to work on /opt/airflow/dags/youtube_pipeline.py
[2026-08-22T08:59:49.129+0000] {processor.py:830} INFO - Processing file /opt/airflow/dags/youtube_pipeline.py for tasks to queue
[2026-08-22T08:59:49.131+0000] {logging_mixin.py:188} INFO - [2026-08-22T08:59:49.130+0000] {dagbag.py:545} INFO - Filling up the DagBag from /opt/airflow/dags/youtube_pipeline.py
[2026-08-22T08:59:49.154+0000] {processor.py:840} INFO - DAG(s) 'youtube_english_video_pipeline' retrieved from /opt/airflow/dags/youtube_pipeline.py
[2026-08-22T08:59:49.184+0000] {logging_mixin.py:188} INFO - [2026-08-22T08:59:49.184+0000] {dag.py:3089} INFO - Sync 1 DAGs
[2026-08-22T08:59:49.198+0000] {logging_mixin.py:188} INFO - [2026-08-22T08:59:49.198+0000] {dag.py:3947} INFO - Setting next_dagrun for youtube_english_video_pipeline to 2026-08-21 12:00:00+00:00, run_after=2026-08-22 12:00:00+00:00
[2026-08-22T08:59:49.223+0000] {processor.py:183} INFO - Processing /opt/airflow/dags/youtube_pipeline.py took 0.100 seconds
[2026-08-22T09:00:19.470+0000] {processor.py:161} INFO - Started process (PID=87849) to work on /opt/airflow/dags/youtube_pipeline.py
[2026-08-22T09:00:19.470+0000] {processor.py:830} INFO - Processing file /opt/airflow/dags/youtube_pipeline.py for tasks to queue
[2026-08-22T09:00:19.472+0000] {logging_mixin.py:188} INFO - [2026-08-22T09:00:19.472+0000] {dagbag.py:545} INFO - Filling up the DagBag from /opt/airflow/dags/youtube_pipeline.py
[2026-08-22T09:00:19.493+0000] {processor.py:840} INFO - DAG(s) 'youtube_english_video_pipeline' retrieved from /opt/airflow/dags/youtube_pipeline.py
[2026-08-22T09:00:19.521+0000] {logging_mixin.py:188} INFO - [2026-08-22T09:00:19.521+0000] {dag.py:3089} INFO - Sync 1 DAGs
[2026-08-22T09:00:19.536+0000] {logging_mixin.py:188} INFO - [2026-08-22T09:00:19.536+0000] {dag.py:3947} INFO - Setting next_dagrun for youtube_english_video_pipeline to 2026-08-21 12:00:00+00:00, run_after=2026-08-22 12:00:00+00:00
[2026-08-22T09:00:19.559+0000] {processor.py:183} INFO - Processing /opt/airflow/dags/youtube_pipeline.py took 0.094 seconds
[2026-08-22T09:00:49.831+0000] {processor.py:161} INFO - Started process (PID=87854) to work on /opt/airflow/dags/youtube_pipeline.py
[2026-08-22T09:00:49.833+0000] {processor.py:830} INFO - Processing file /opt/airflow/dags/youtube_pipeline.py for tasks to queue
[2026-08-22T09:00:49.835+0000] {logging_mixin.py:188} INFO - [2026-08-22T09:00:49.834+0000] {dagbag.py:545} INFO - Filling up the DagBag from /opt/airflow/dags/youtube_pipeline.py
[2026-08-22T09:00:49.872+0000] {processor.py:840} INFO - DAG(s) 'youtube_english_video_pipeline' retrieved from /opt/airflow/dags/youtube_pipeline.py
[2026-08-22T09:00:49.901+0000] {logging_mixin.py:188} INFO - [2026-08-22T09:00:49.901+0000] {dag.py:3089} INFO - Sync 1 DAGs
[2026-08-22T09:00:49.915+0000] {logging_mixin.py:188} INFO - [2026-08-22T09:00:49.915+0000] {dag.py:3947} INFO - Setting next_dagrun for youtube_english_video_pipeline to 2026-08-21 12:00:00+00:00, run_after=2026-08-22 12:00:00+00:00
[2026-08-22T09:00:49.930+0000] {processor.py:183} INFO - Processing /opt/airflow/dags/youtube_pipeline.py took 0.104 seconds
[2026-08-22T09:01:20.064+0000] {processor.py:161} INFO - Started process (PID=87859) to work on /opt/airflow/dags/youtube_pipeline.py
[2026-08-22T09:01:20.065+0000] {processor.py:830} INFO - Processing file /opt/airflow/dags/youtube_pipeline.py for tasks to queue
[2026-08-22T09:01:20.067+0000] {logging_mixin.py:188} INFO - [2026-08-22T09:01:20.067+0000] {dagbag.py:545} INFO - Filling up the DagBag from /opt/airflow/dags/youtube_pipeline.py
[2026-08-22T09:01:20.117+0000] {processor.py:840} INFO - DAG(s) 'youtube_english_video_pipeline' retrieved from /opt/airflow/dags/youtube_pipeline.py
[2026-08-22T09:01:20.150+0000] {logging_mixin.py:188} INFO - [2026-08-22T09:01:20.150+0000] {dag.py:3089} INFO - Sync 1 DAGs
[2026-08-22T09:01:20.166+0000] {logging_mixin.py:188} INFO - [2026-08-22T09:01:20.166+0000] {dag.py:3947} INFO - Setting next_dagrun for youtube_english_video_pipeline to 2026-08-21 12:00:00+00:00, run_after=2026-08-22 12:00:00+00:00
[2026-08-22T09:01:20.183+0000] {processor.py:183} INFO - Processing /opt/airflow/dags/youtube_pipeline.py took 0.125 seconds
[2026-08-22T09:01:50.388+0000] {processor.py:161} INFO - Started process (PID=87864) to work on /opt/airflow/dags/youtube_pipeline.py
[2026-08-22T09:01:50.389+0000] {processor.py:830} INFO - Processing file /opt/airflow/dags/youtube_pipeline.py for tasks to queue
[2026-08-22T09:01:50.390+0000] {logging_mixin.py:188} INFO - [2026-08-22T09:01:50.390+0000] {dagbag.py:545} INFO - Filling up the DagBag from /opt/airflow/dags/youtube_pipeline.py
[2026-08-22T09:01:50.414+0000] {processor.py:840} INFO - DAG(s) 'youtube_english_video_pipeline' retrieved from /opt/airflow/dags/youtube_pipeline.py
[2026-08-22T09:01:50.443+0000] {logging_mixin.py:188} INFO - [2026-08-22T09:01:50.443+0000] {dag.py:3089} INFO - Sync 1 DAGs
[2026-08-22T09:01:50.457+0000] {logging_mixin.py:188} INFO - [2026-08-22T09:01:50.457+0000] {dag.py:3947} INFO - Setting next_dagrun for youtube_english_video_pipeline to 2026-08-21 12:00:00+00:00, run_after=2026-08-22 12:00:00+00:00
[2026-08-22T09:01:50.472+0000] {processor.py:183} INFO - Processing /opt/airflow/dags/youtube_pipeline.py took 0.089 seconds
[2026-08-22T09:02:20.708+0000] {processor.py:161} INFO - Started process (PID=87869) to work on /opt/airflow/dags/youtube_pipeline.py
[2026-08-22T09:02:20.710+0000] {processor.py:830} INFO - Processing file /opt/airflow/dags/youtube_pipeline.py for tasks to queue
[2026-08-22T09:02:20.711+0000] {logging_mixin.py:188} INFO - [2026-08-22T09:02:20.711+0000] {dagbag.py:545} INFO - Filling up the DagBag from /opt/airflow/dags/youtube_pipeline.py
[2026-08-22T09:02:20.747+0000] {processor.py:840} INFO - DAG(s) 'youtube_english_video_pipeline' retrieved from /opt/airflow/dags/youtube_pipeline.py
[2026-08-22T09:02:20.777+0000] {logging_mixin.py:188} INFO - [2026-08-22T09:02:20.777+0000] {dag.py:3089} INFO - Sync 1 DAGs
[2026-08-22T09:02:20.792+0000] {logging_mixin.py:188} INFO - [2026-08-22T09:02:20.792+0000] {dag.py:3947} INFO - Setting next_dagrun for youtube_english_video_pipeline to 2026-08-21 12:00:00+00:00, run_after=2026-08-22 12:00:00+00:00
[2026-08-22T09:02:20.811+0000] {processor.py:183} INFO - Processing /opt/airflow/dags/youtube_pipeline.py took 0.108 seconds
[2026-08-22T09:02:50.974+0000] {processor.py:161} INFO - Started process (PID=87874) to work on /opt/airflow/dags/youtube_pipeline.py
[2026-08-22T09:02:50.981+0000] {processor.py:830} INFO - Processing file /opt/airflow/dags/youtube_pipeline.py for tasks to queue
[2026-08-22T09:02:50.983+0000] {logging_mixin.py:188} INFO - [2026-08-22T09:02:50.983+0000] {dagbag.py:545} INFO - Filling up the DagBag from /opt/airflow/dags/youtube_pipeline.py
[2026-08-22T09:02:51.143+0000] {processor.py:840} INFO - DAG(s) 'youtube_english_video_pipeline' retrieved from /opt/airflow/dags/youtube_pipeline.py
[2026-08-22T09:02:51.181+0000] {logging_mixin.py:188} INFO - [2026-08-22T09:02:51.180+0000] {dag.py:3089} INFO - Sync 1 DAGs
[2026-08-22T09:02:51.198+0000] {logging_mixin.py:188} INFO - [2026-08-22T09:02:51.198+0000] {dag.py:3947} INFO - Setting next_dagrun for youtube_english_video_pipeline to 2026-08-21 12:00:00+00:00, run_after=2026-08-22 12:00:00+00:00
[2026-08-22T09:02:51.217+0000] {processor.py:183} INFO - Processing /opt/airflow/dags/youtube_pipeline.py took 0.250 seconds
[2026-08-22T09:03:21.328+0000] {processor.py:161} INFO - Started process (PID=87879) to work on /opt/airflow/dags/youtube_pipeline.py
[2026-08-22T09:03:21.333+0000] {processor.py:830} INFO - Processing file /opt/airflow/dags/youtube_pipeline.py for tasks to queue
[2026-08-22T09:03:21.337+0000] {logging_mixin.py:188} INFO - [2026-08-22T09:03:21.336+0000] {dagbag.py:545} INFO - Filling up the DagBag from /opt/airflow/dags/youtube_pipeline.py
[2026-08-22T09:03:21.415+0000] {processor.py:840} INFO - DAG(s) 'youtube_english_video_pipeline' retrieved from /opt/airflow/dags/youtube_pipeline.py
[2026-08-22T09:03:21.455+0000] {logging_mixin.py:188} INFO - [2026-08-22T09:03:21.455+0000] {dag.py:3089} INFO - Sync 1 DAGs
[2026-08-22T09:03:21.473+0000] {logging_mixin.py:188} INFO - [2026-08-22T09:03:21.472+0000] {dag.py:3947} INFO - Setting next_dagrun for youtube_english_video_pipeline to 2026-08-21 12:00:00+00:00, run_after=2026-08-22 12:00:00+00:00
[2026-08-22T09:03:21.492+0000] {processor.py:183} INFO - Processing /opt/airflow/dags/youtube_pipeline.py took 0.174 seconds
[2026-08-22T09:03:51.726+0000] {processor.py:161} INFO - Started process (PID=87884) to work on /opt/airflow/dags/youtube_pipeline.py
[2026-08-22T09:03:51.727+0000] {processor.py:830} INFO - Processing file /opt/airflow/dags/youtube_pipeline.py for tasks to queue
[2026-08-22T09:03:51.729+0000] {logging_mixin.py:188} INFO - [2026-08-22T09:03:51.729+0000] {dagbag.py:545} INFO - Filling up the DagBag from /opt/airflow/dags/youtube_pipeline.py
[2026-08-22T09:03:51.764+0000] {processor.py:840} INFO - DAG(s) 'youtube_english_video_pipeline' retrieved from /opt/airflow/dags/youtube_pipeline.py
[2026-08-22T09:03:51.795+0000] {logging_mixin.py:188} INFO - [2026-08-22T09:03:51.795+0000] {dag.py:3089} INFO - Sync 1 DAGs
[2026-08-22T09:03:51.814+0000] {logging_mixin.py:188} INFO - [2026-08-22T09:03:51.814+0000] {dag.py:3947} INFO - Setting next_dagrun for youtube_english_video_pipeline to 2026-08-21 12:00:00+00:00, run_after=2026-08-22 12:00:00+00:00
[2026-08-22T09:03:51.835+0000] {processor.py:183} INFO - Processing /opt/airflow/dags/youtube_pipeline.py took 0.114 seconds
[2026-08-22T09:04:21.958+0000] {processor.py:161} INFO - Started process (PID=87889) to work on /opt/airflow/dags/youtube_pipeline.py
[2026-08-22T09:04:21.961+0000] {processor.py:830} INFO - Processing file /opt/airflow/dags/youtube_pipeline.py for tasks to queue
[2026-08-22T09:04:21.963+0000] {logging_mixin.py:188} INFO - [2026-08-22T09:04:21.963+0000] {dagbag.py:545} INFO - Filling up the DagBag from /opt/airflow/dags/youtube_pipeline.py
[2026-08-22T09:04:21.987+0000] {processor.py:840} INFO - DAG(s) 'youtube_english_video_pipeline' retrieved from /opt/airflow/dags/youtube_pipeline.py
[2026-08-22T09:04:22.016+0000] {logging_mixin.py:188} INFO - [2026-08-22T09:04:22.016+0000] {dag.py:3089} INFO - Sync 1 DAGs
[2026-08-22T09:04:22.032+0000] {logging_mixin.py:188} INFO - [2026-08-22T09:04:22.032+0000] {dag.py:3947} INFO - Setting next_dagrun for youtube_english_video_pipeline to 2026-08-21 12:00:00+00:00, run_after=2026-08-22 12:00:00+00:00
[2026-08-22T09:04:22.047+0000] {processor.py:183} INFO - Processing /opt/airflow/dags/youtube_pipeline.py took 0.094 seconds
[2026-08-22T09:04:52.178+0000] {processor.py:161} INFO - Started process (PID=87894) to work on /opt/airflow/dags/youtube_pipeline.py
[2026-08-22T09:04:52.180+0000] {processor.py:830} INFO - Processing file /opt/airflow/dags/youtube_pipeline.py for tasks to queue
[2026-08-22T09:04:52.182+0000] {logging_mixin.py:188} INFO - [2026-08-22T09:04:52.181+0000] {dagbag.py:545} INFO - Filling up the DagBag from /opt/airflow/dags/youtube_pipeline.py
[2026-08-22T09:04:52.236+0000] {processor.py:840} INFO - DAG(s) 'youtube_english_video_pipeline' retrieved from /opt/airflow/dags/youtube_pipeline.py
[2026-08-22T09:04:52.269+0000] {logging_mixin.py:188} INFO - [2026-08-22T09:04:52.268+0000] {dag.py:3089} INFO - Sync 1 DAGs
[2026-08-22T09:04:52.287+0000] {logging_mixin.py:188} INFO - [2026-08-22T09:04:52.287+0000] {dag.py:3947} INFO - Setting next_dagrun for youtube_english_video_pipeline to 2026-08-21 12:00:00+00:00, run_after=2026-08-22 12:00:00+00:00
[2026-08-22T09:04:52.310+0000] {processor.py:183} INFO - Processing /opt/airflow/dags/youtube_pipeline.py took 0.137 seconds
[2026-08-22T09:05:22.563+0000] {processor.py:161} INFO - Started process (PID=87899) to work on /opt/airflow/dags/youtube_pipeline.py
[2026-08-22T09:05:22.564+0000] {processor.py:830} INFO - Processing file /opt/airflow/dags/youtube_pipeline.py for tasks to queue
[2026-08-22T09:05:22.565+0000] {logging_mixin.py:188} INFO - [2026-08-22T09:05:22.565+0000] {dagbag.py:545} INFO - Filling up the DagBag from /opt/airflow/dags/youtube_pipeline.py
[2026-08-22T09:05:22.594+0000] {processor.py:840} INFO - DAG(s) 'youtube_english_video_pipeline' retrieved from /opt/airflow/dags/youtube_pipeline.py
[2026-08-22T09:05:22.625+0000] {logging_mixin.py:188} INFO - [2026-08-22T09:05:22.625+0000] {dag.py:3089} INFO - Sync 1 DAGs
[2026-08-22T09:05:22.642+0000] {logging_mixin.py:188} INFO - [2026-08-22T09:05:22.642+0000] {dag.py:3947} INFO - Setting next_dagrun for youtube_english_video_pipeline to 2026-08-21 12:00:00+00:00, run_after=2026-08-22 12:00:00+00:00
[2026-08-22T09:05:22.661+0000] {processor.py:183} INFO - Processing /opt/airflow/dags/youtube_pipeline.py took 0.105 seconds
[2026-08-22T09:05:52.882+0000] {processor.py:161} INFO - Started process (PID=87904) to work on /opt/airflow/dags/youtube_pipeline.py
[2026-08-22T09:05:52.883+0000] {processor.py:830} INFO - Processing file /opt/airflow/dags/youtube_pipeline.py for tasks to queue
[2026-08-22T09:05:52.885+0000] {logging_mixin.py:188} INFO - [2026-08-22T09:05:52.885+0000] {dagbag.py:545} INFO - Filling up the DagBag from /opt/airflow/dags/youtube_pipeline.py
[2026-08-22T09:05:52.962+0000] {processor.py:840} INFO - DAG(s) 'youtube_english_video_pipeline' retrieved from /opt/airflow/dags/youtube_pipeline.py
[2026-08-22T09:05:52.991+0000] {logging_mixin.py:188} INFO - [2026-08-22T09:05:52.991+0000] {dag.py:3089} INFO - Sync 1 DAGs
[2026-08-22T09:05:53.005+0000] {logging_mixin.py:188} INFO - [2026-08-22T09:05:53.005+0000] {dag.py:3947} INFO - Setting next_dagrun for youtube_english_video_pipeline to 2026-08-21 12:00:00+00:00, run_after=2026-08-22 12:00:00+00:00
[2026-08-22T09:05:53.022+0000] {processor.py:183} INFO - Processing /opt/airflow/dags/youtube_pipeline.py took 0.145 seconds
[2026-08-22T09:06:23.152+0000] {processor.py:161} INFO - Started process (PID=87909) to work on /opt/airflow/dags/youtube_pipeline.py
[2026-08-22T09:06:23.153+0000] {processor.py:830} INFO - Processing file /opt/airflow/dags/youtube_pipeline.py for tasks to queue
[2026-08-22T09:06:23.155+0000] {logging_mixin.py:188} INFO - [2026-08-22T09:06:23.155+0000] {dagbag.py:545} INFO - Filling up the DagBag from /opt/airflow/dags/youtube_pipeline.py
[2026-08-22T09:06:23.196+0000] {processor.py:840} INFO - DAG(s) 'youtube_english_video_pipeline' retrieved from /opt/airflow/dags/youtube_pipeline.py
[2026-08-22T09:06:23.237+0000] {logging_mixin.py:188} INFO - [2026-08-22T09:06:23.237+0000] {dag.py:3089} INFO - Sync 1 DAGs
[2026-08-22T09:06:23.258+0000] {logging_mixin.py:188} INFO - [2026-08-22T09:06:23.258+0000] {dag.py:3947} INFO - Setting next_dagrun for youtube_english_video_pipeline to 2026-08-21 12:00:00+00:00, run_after=2026-08-22 12:00:00+00:00
[2026-08-22T09:06:23.277+0000] {processor.py:183} INFO - Processing /opt/airflow/dags/youtube_pipeline.py took 0.133 seconds
[2026-08-22T09:06:53.455+0000] {processor.py:161} INFO - Started process (PID=87914) to work on /opt/airflow/dags/youtube_pipeline.py
[2026-08-22T09:06:53.456+0000] {processor.py:830} INFO - Processing file /opt/airflow/dags/youtube_pipeline.py for tasks to queue
[2026-08-22T09:06:53.458+0000] {logging_mixin.py:188} INFO - [2026-08-22T09:06:53.458+0000] {dagbag.py:545} INFO - Filling up the DagBag from /opt/airflow/dags/youtube_pipeline.py
[2026-08-22T09:06:53.478+0000] {processor.py:840} INFO - DAG(s) 'youtube_english_video_pipeline' retrieved from /opt/airflow/dags/youtube_pipeline.py
[2026-08-22T09:06:53.507+0000] {logging_mixin.py:188} INFO - [2026-08-22T09:06:53.507+0000] {dag.py:3089} INFO - Sync 1 DAGs
[2026-08-22T09:06:53.521+0000] {logging_mixin.py:188} INFO - [2026-08-22T09:06:53.521+0000] {dag.py:3947} INFO - Setting next_dagrun for youtube_english_video_pipeline to 2026-08-21 12:00:00+00:00, run_after=2026-08-22 12:00:00+00:00
[2026-08-22T09:06:53.536+0000] {processor.py:183} INFO - Processing /opt/airflow/dags/youtube_pipeline.py took 0.085 seconds
[2026-08-22T09:07:23.707+0000] {processor.py:161} INFO - Started process (PID=87919) to work on /opt/airflow/dags/youtube_pipeline.py
[2026-08-22T09:07:23.708+0000] {processor.py:830} INFO - Processing file /opt/airflow/dags/youtube_pipeline.py for tasks to queue
[2026-08-22T09:07:23.710+0000] {logging_mixin.py:188} INFO - [2026-08-22T09:07:23.710+0000] {dagbag.py:545} INFO - Filling up the DagBag from /opt/airflow/dags/youtube_pipeline.py
[2026-08-22T09:07:23.732+0000] {processor.py:840} INFO - DAG(s) 'youtube_english_video_pipeline' retrieved from /opt/airflow/dags/youtube_pipeline.py
[2026-08-22T09:07:23.763+0000] {logging_mixin.py:188} INFO - [2026-08-22T09:07:23.763+0000] {dag.py:3089} INFO - Sync 1 DAGs
[2026-08-22T09:07:23.777+0000] {logging_mixin.py:188} INFO - [2026-08-22T09:07:23.777+0000] {dag.py:3947} INFO - Setting next_dagrun for youtube_english_video_pipeline to 2026-08-21 12:00:00+00:00, run_after=2026-08-22 12:00:00+00:00
[2026-08-22T09:07:23.798+0000] {processor.py:183} INFO - Processing /opt/airflow/dags/youtube_pipeline.py took 0.097 seconds
[2026-08-22T09:07:54.018+0000] {processor.py:161} INFO - Started process (PID=87924) to work on /opt/airflow/dags/youtube_pipeline.py
[2026-08-22T09:07:54.019+0000] {processor.py:830} INFO - Processing file /opt/airflow/dags/youtube_pipeline.py for tasks to queue
[2026-08-22T09:07:54.021+0000] {logging_mixin.py:188} INFO - [2026-08-22T09:07:54.021+0000] {dagbag.py:545} INFO - Filling up the DagBag from /opt/airflow/dags/youtube_pipeline.py
[2026-08-22T09:07:54.047+0000] {processor.py:840} INFO - DAG(s) 'youtube_english_video_pipeline' retrieved from /opt/airflow/dags/youtube_pipeline.py
[2026-08-22T09:07:54.079+0000] {logging_mixin.py:188} INFO - [2026-08-22T09:07:54.079+0000] {dag.py:3089} INFO - Sync 1 DAGs
[2026-08-22T09:07:54.094+0000] {logging_mixin.py:188} INFO - [2026-08-22T09:07:54.094+0000] {dag.py:3947} INFO - Setting next_dagrun for youtube_english_video_pipeline to 2026-08-21 12:00:00+00:00, run_after=2026-08-22 12:00:00+00:00
[2026-08-22T09:07:54.108+0000] {processor.py:183} INFO - Processing /opt/airflow/dags/youtube_pipeline.py took 0.096 seconds
[2026-08-22T09:08:24.275+0000] {processor.py:161} INFO - Started process (PID=87929) to work on /opt/airflow/dags/youtube_pipeline.py
[2026-08-22T09:08:24.276+0000] {processor.py:830} INFO - Processing file /opt/airflow/dags/youtube_pipeline.py for tasks to queue
[2026-08-22T09:08:24.278+0000] {logging_mixin.py:188} INFO - [2026-08-22T09:08:24.278+0000] {dagbag.py:545} INFO - Filling up the DagBag from /opt/airflow/dags/youtube_pipeline.py
[2026-08-22T09:08:24.302+0000] {processor.py:840} INFO - DAG(s) 'youtube_english_video_pipeline' retrieved from /opt/airflow/dags/youtube_pipeline.py
[2026-08-22T09:08:24.335+0000] {logging_mixin.py:188} INFO - [2026-08-22T09:08:24.335+0000] {dag.py:3089} INFO - Sync 1 DAGs
[2026-08-22T09:08:24.349+0000] {logging_mixin.py:188} INFO - [2026-08-22T09:08:24.349+0000] {dag.py:3947} INFO - Setting next_dagrun for youtube_english_video_pipeline to 2026-08-21 12:00:00+00:00, run_after=2026-08-22 12:00:00+00:00
[2026-08-22T09:08:24.363+0000] {processor.py:183} INFO - Processing /opt/airflow/dags/youtube_pipeline.py took 0.094 seconds
[2026-08-22T09:08:54.593+0000] {processor.py:161} INFO - Started process (PID=87934) to work on /opt/airflow/dags/youtube_pipeline.py
[2026-08-22T09:08:54.594+0000] {processor.py:830} INFO - Processing file /opt/airflow/dags/youtube_pipeline.py for tasks to queue
[2026-08-22T09:08:54.595+0000] {logging_mixin.py:188} INFO - [2026-08-22T09:08:54.595+0000] {dagbag.py:545} INFO - Filling up the DagBag from /opt/airflow/dags/youtube_pipeline.py
[2026-08-22T09:08:54.616+0000] {processor.py:840} INFO - DAG(s) 'youtube_english_video_pipeline' retrieved from /opt/airflow/dags/youtube_pipeline.py
[2026-08-22T09:08:54.646+0000] {logging_mixin.py:188} INFO - [2026-08-22T09:08:54.646+0000] {dag.py:3089} INFO - Sync 1 DAGs
[2026-08-22T09:08:54.660+0000] {logging_mixin.py:188} INFO - [2026-08-22T09:08:54.660+0000] {dag.py:3947} INFO - Setting next_dagrun for youtube_english_video_pipeline to 2026-08-21 12:00:00+00:00, run_after=2026-08-22 12:00:00+00:00
[2026-08-22T09:08:54.676+0000] {processor.py:183} INFO - Processing /opt/airflow/dags/youtube_pipeline.py took 0.088 seconds
[2026-08-22T09:09:24.809+0000] {processor.py:161} INFO - Started process (PID=87939) to work on /opt/airflow/dags/youtube_pipeline.py
[2026-08-22T09:09:24.810+0000] {processor.py:830} INFO - Processing file /opt/airflow/dags/youtube_pipeline.py for tasks to queue
[2026-08-22T09:09:24.811+0000] {logging_mixin.py:188} INFO - [2026-08-22T09:09:24.811+0000] {dagbag.py:545} INFO - Filling up the DagBag from /opt/airflow/dags/youtube_pipeline.py
[2026-08-22T09:09:24.836+0000] {processor.py:840} INFO - DAG(s) 'youtube_english_video_pipeline' retrieved from /opt/airflow/dags/youtube_pipeline.py
[2026-08-22T09:09:24.864+0000] {logging_mixin.py:188} INFO - [2026-08-22T09:09:24.864+0000] {dag.py:3089} INFO - Sync 1 DAGs
[2026-08-22T09:09:24.878+0000] {logging_mixin.py:188} INFO - [2026-08-22T09:09:24.878+0000] {dag.py:3947} INFO - Setting next_dagrun for youtube_english_video_pipeline to 2026-08-21 12:00:00+00:00, run_after=2026-08-22 12:00:00+00:00
[2026-08-22T09:09:24.894+0000] {processor.py:183} INFO - Processing /opt/airflow/dags/youtube_pipeline.py took 0.091 seconds
[2026-08-22T09:09:55.157+0000] {processor.py:161} INFO - Started process (PID=87944) to work on /opt/airflow/dags/youtube_pipeline.py
[2026-08-22T09:09:55.160+0000] {processor.py:830} INFO - Processing file /opt/airflow/dags/youtube_pipeline.py for tasks to queue
[2026-08-22T09:09:55.163+0000] {logging_mixin.py:188} INFO - [2026-08-22T09:09:55.163+0000] {dagbag.py:545} INFO - Filling up the DagBag from /opt/airflow/dags/youtube_pipeline.py
[2026-08-22T09:09:55.325+0000] {processor.py:840} INFO - DAG(s) 'youtube_english_video_pipeline' retrieved from /opt/airflow/dags/youtube_pipeline.py
[2026-08-22T09:09:55.360+0000] {logging_mixin.py:188} INFO - [2026-08-22T09:09:55.360+0000] {dag.py:3089} INFO - Sync 1 DAGs
[2026-08-22T09:09:55.375+0000] {logging_mixin.py:188} INFO - [2026-08-22T09:09:55.374+0000] {dag.py:3947} INFO - Setting next_dagrun for youtube_english_video_pipeline to 2026-08-21 12:00:00+00:00, run_after=2026-08-22 12:00:00+00:00
[2026-08-22T09:09:55.391+0000] {processor.py:183} INFO - Processing /opt/airflow/dags/youtube_pipeline.py took 0.240 seconds
[2026-08-22T09:10:25.630+0000] {processor.py:161} INFO - Started process (PID=87949) to work on /opt/airflow/dags/youtube_pipeline.py
[2026-08-22T09:10:25.631+0000] {processor.py:830} INFO - Processing file /opt/airflow/dags/youtube_pipeline.py for tasks to queue
[2026-08-22T09:10:25.632+0000] {logging_mixin.py:188} INFO - [2026-08-22T09:10:25.632+0000] {dagbag.py:545} INFO - Filling up the DagBag from /opt/airflow/dags/youtube_pipeline.py
[2026-08-22T09:10:25.655+0000] {processor.py:840} INFO - DAG(s) 'youtube_english_video_pipeline' retrieved from /opt/airflow/dags/youtube_pipeline.py
[2026-08-22T09:10:25.684+0000] {logging_mixin.py:188} INFO - [2026-08-22T09:10:25.684+0000] {dag.py:3089} INFO - Sync 1 DAGs
[2026-08-22T09:10:25.699+0000] {logging_mixin.py:188} INFO - [2026-08-22T09:10:25.699+0000] {dag.py:3947} INFO - Setting next_dagrun for youtube_english_video_pipeline to 2026-08-21 12:00:00+00:00, run_after=2026-08-22 12:00:00+00:00
[2026-08-22T09:10:25.722+0000] {processor.py:183} INFO - Processing /opt/airflow/dags/youtube_pipeline.py took 0.097 seconds
[2026-08-22T09:10:55.989+0000] {processor.py:161} INFO - Started process (PID=87954) to work on /opt/airflow/dags/youtube_pipeline.py
[2026-08-22T09:10:55.993+0000] {processor.py:830} INFO - Processing file /opt/airflow/dags/youtube_pipeline.py for tasks to queue
[2026-08-22T09:10:55.996+0000] {logging_mixin.py:188} INFO - [2026-08-22T09:10:55.995+0000] {dagbag.py:545} INFO - Filling up the DagBag from /opt/airflow/dags/youtube_pipeline.py
[2026-08-22T09:10:56.060+0000] {processor.py:840} INFO - DAG(s) 'youtube_english_video_pipeline' retrieved from /opt/airflow/dags/youtube_pipeline.py
[2026-08-22T09:10:56.098+0000] {logging_mixin.py:188} INFO - [2026-08-22T09:10:56.097+0000] {dag.py:3089} INFO - Sync 1 DAGs
[2026-08-22T09:10:56.129+0000] {logging_mixin.py:188} INFO - [2026-08-22T09:10:56.129+0000] {dag.py:3947} INFO - Setting next_dagrun for youtube_english_video_pipeline to 2026-08-21 12:00:00+00:00, run_after=2026-08-22 12:00:00+00:00
[2026-08-22T09:10:56.154+0000] {processor.py:183} INFO - Processing /opt/airflow/dags/youtube_pipeline.py took 0.179 seconds
[2026-08-22T09:11:26.220+0000] {processor.py:161} INFO - Started process (PID=87959) to work on /opt/airflow/dags/youtube_pipeline.py
[2026-08-22T09:11:26.221+0000] {processor.py:830} INFO - Processing file /opt/airflow/dags/youtube_pipeline.py for tasks to queue
[2026-08-22T09:11:26.222+0000] {logging_mixin.py:188} INFO - [2026-08-22T09:11:26.222+0000] {dagbag.py:545} INFO - Filling up the DagBag from /opt/airflow/dags/youtube_pipeline.py
[2026-08-22T09:11:26.244+0000] {processor.py:840} INFO - DAG(s) 'youtube_english_video_pipeline' retrieved from /opt/airflow/dags/youtube_pipeline.py
[2026-08-22T09:11:26.276+0000] {logging_mixin.py:188} INFO - [2026-08-22T09:11:26.276+0000] {dag.py:3089} INFO - Sync 1 DAGs
[2026-08-22T09:11:26.293+0000] {logging_mixin.py:188} INFO - [2026-08-22T09:11:26.293+0000] {dag.py:3947} INFO - Setting next_dagrun for youtube_english_video_pipeline to 2026-08-21 12:00:00+00:00, run_after=2026-08-22 12:00:00+00:00
[2026-08-22T09:11:26.307+0000] {processor.py:183} INFO - Processing /opt/airflow/dags/youtube_pipeline.py took 0.092 seconds
[2026-08-22T09:11:56.485+0000] {processor.py:161} INFO - Started process (PID=87964) to work on /opt/airflow/dags/youtube_pipeline.py
[2026-08-22T09:11:56.486+0000] {processor.py:830} INFO - Processing file /opt/airflow/dags/youtube_pipeline.py for tasks to queue
[2026-08-22T09:11:56.487+0000] {logging_mixin.py:188} INFO - [2026-08-22T09:11:56.487+0000] {dagbag.py:545} INFO - Filling up the DagBag from /opt/airflow/dags/youtube_pipeline.py
[2026-08-22T09:11:56.512+0000] {processor.py:840} INFO - DAG(s) 'youtube_english_video_pipeline' retrieved from /opt/airflow/dags/youtube_pipeline.py
[2026-08-22T09:11:56.547+0000] {logging_mixin.py:188} INFO - [2026-08-22T09:11:56.547+0000] {dag.py:3089} INFO - Sync 1 DAGs
[2026-08-22T09:11:56.564+0000] {logging_mixin.py:188} INFO - [2026-08-22T09:11:56.564+0000] {dag.py:3947} INFO - Setting next_dagrun for youtube_english_video_pipeline to 2026-08-21 12:00:00+00:00, run_after=2026-08-22 12:00:00+00:00
[2026-08-22T09:11:56.579+0000] {processor.py:183} INFO - Processing /opt/airflow/dags/youtube_pipeline.py took 0.101 seconds
[2026-08-22T09:12:26.745+0000] {processor.py:161} INFO - Started process (PID=87969) to work on /opt/airflow/dags/youtube_pipeline.py
[2026-08-22T09:12:26.746+0000] {processor.py:830} INFO - Processing file /opt/airflow/dags/youtube_pipeline.py for tasks to queue
[2026-08-22T09:12:26.747+0000] {logging_mixin.py:188} INFO - [2026-08-22T09:12:26.747+0000] {dagbag.py:545} INFO - Filling up the DagBag from /opt/airflow/dags/youtube_pipeline.py
[2026-08-22T09:12:26.776+0000] {processor.py:840} INFO - DAG(s) 'youtube_english_video_pipeline' retrieved from /opt/airflow/dags/youtube_pipeline.py
[2026-08-22T09:12:26.809+0000] {logging_mixin.py:188} INFO - [2026-08-22T09:12:26.809+0000] {dag.py:3089} INFO - Sync 1 DAGs
[2026-08-22T09:12:26.828+0000] {logging_mixin.py:188} INFO - [2026-08-22T09:12:26.828+0000] {dag.py:3947} INFO - Setting next_dagrun for youtube_english_video_pipeline to 2026-08-21 12:00:00+00:00, run_after=2026-08-22 12:00:00+00:00
[2026-08-22T09:12:26.852+0000] {processor.py:183} INFO - Processing /opt/airflow/dags/youtube_pipeline.py took 0.117 seconds
[2026-08-22T09:12:57.001+0000] {processor.py:161} INFO - Started process (PID=87974) to work on /opt/airflow/dags/youtube_pipeline.py
[2026-08-22T09:12:57.002+0000] {processor.py:830} INFO - Processing file /opt/airflow/dags/youtube_pipeline.py for tasks to queue
[2026-08-22T09:12:57.004+0000] {logging_mixin.py:188} INFO - [2026-08-22T09:12:57.004+0000] {dagbag.py:545} INFO - Filling up the DagBag from /opt/airflow/dags/youtube_pipeline.py
[2026-08-22T09:12:57.028+0000] {processor.py:840} INFO - DAG(s) 'youtube_english_video_pipeline' retrieved from /opt/airflow/dags/youtube_pipeline.py
[2026-08-22T09:12:57.064+0000] {logging_mixin.py:188} INFO - [2026-08-22T09:12:57.063+0000] {dag.py:3089} INFO - Sync 1 DAGs
[2026-08-22T09:12:57.081+0000] {logging_mixin.py:188} INFO - [2026-08-22T09:12:57.081+0000] {dag.py:3947} INFO - Setting next_dagrun for youtube_english_video_pipeline to 2026-08-21 12:00:00+00:00, run_after=2026-08-22 12:00:00+00:00
[2026-08-22T09:12:57.107+0000] {processor.py:183} INFO - Processing /opt/airflow/dags/youtube_pipeline.py took 0.112 seconds
[2026-08-22T09:13:27.369+0000] {processor.py:161} INFO - Started process (PID=87979) to work on /opt/airflow/dags/youtube_pipeline.py
[2026-08-22T09:13:27.370+0000] {processor.py:830} INFO - Processing file /opt/airflow/dags/youtube_pipeline.py for tasks to queue
[2026-08-22T09:13:27.372+0000] {logging_mixin.py:188} INFO - [2026-08-22T09:13:27.372+0000] {dagbag.py:545} INFO - Filling up the DagBag from /opt/airflow/dags/youtube_pipeline.py
[2026-08-22T09:13:27.418+0000] {processor.py:840} INFO - DAG(s) 'youtube_english_video_pipeline' retrieved from /opt/airflow/dags/youtube_pipeline.py
[2026-08-22T09:13:27.447+0000] {logging_mixin.py:188} INFO - [2026-08-22T09:13:27.447+0000] {dag.py:3089} INFO - Sync 1 DAGs
[2026-08-22T09:13:27.461+0000] {logging_mixin.py:188} INFO - [2026-08-22T09:13:27.461+0000] {dag.py:3947} INFO - Setting next_dagrun for youtube_english_video_pipeline to 2026-08-21 12:00:00+00:00, run_after=2026-08-22 12:00:00+00:00
[2026-08-22T09:13:27.484+0000] {processor.py:183} INFO - Processing /opt/airflow/dags/youtube_pipeline.py took 0.121 seconds
[2026-08-22T09:13:57.677+0000] {processor.py:161} INFO - Started process (PID=87984) to work on /opt/airflow/dags/youtube_pipeline.py
[2026-08-22T09:13:57.678+0000] {processor.py:830} INFO - Processing file /opt/airflow/dags/youtube_pipeline.py for tasks to queue
[2026-08-22T09:13:57.679+0000] {logging_mixin.py:188} INFO - [2026-08-22T09:13:57.679+0000] {dagbag.py:545} INFO - Filling up the DagBag from /opt/airflow/dags/youtube_pipeline.py
[2026-08-22T09:13:57.702+0000] {processor.py:840} INFO - DAG(s) 'youtube_english_video_pipeline' retrieved from /opt/airflow/dags/youtube_pipeline.py
[2026-08-22T09:13:57.732+0000] {logging_mixin.py:188} INFO - [2026-08-22T09:13:57.732+0000] {dag.py:3089} INFO - Sync 1 DAGs
[2026-08-22T09:13:57.747+0000] {logging_mixin.py:188} INFO - [2026-08-22T09:13:57.747+0000] {dag.py:3947} INFO - Setting next_dagrun for youtube_english_video_pipeline to 2026-08-21 12:00:00+00:00, run_after=2026-08-22 12:00:00+00:00
[2026-08-22T09:13:57.761+0000] {processor.py:183} INFO - Processing /opt/airflow/dags/youtube_pipeline.py took 0.091 seconds
[2026-08-22T09:14:27.953+0000] {processor.py:161} INFO - Started process (PID=87989) to work on /opt/airflow/dags/youtube_pipeline.py
[2026-08-22T09:14:27.954+0000] {processor.py:830} INFO - Processing file /opt/airflow/dags/youtube_pipeline.py for tasks to queue
[2026-08-22T09:14:27.956+0000] {logging_mixin.py:188} INFO - [2026-08-22T09:14:27.956+0000] {dagbag.py:545} INFO - Filling up the DagBag from /opt/airflow/dags/youtube_pipeline.py
[2026-08-22T09:14:27.977+0000] {processor.py:840} INFO - DAG(s) 'youtube_english_video_pipeline' retrieved from /opt/airflow/dags/youtube_pipeline.py
[2026-08-22T09:14:28.012+0000] {logging_mixin.py:188} INFO - [2026-08-22T09:14:28.011+0000] {dag.py:3089} INFO - Sync 1 DAGs
[2026-08-22T09:14:28.033+0000] {logging_mixin.py:188} INFO - [2026-08-22T09:14:28.032+0000] {dag.py:3947} INFO - Setting next_dagrun for youtube_english_video_pipeline to 2026-08-21 12:00:00+00:00, run_after=2026-08-22 12:00:00+00:00
[2026-08-22T09:14:28.048+0000] {processor.py:183} INFO - Processing /opt/airflow/dags/youtube_pipeline.py took 0.100 seconds
[2026-08-22T09:14:58.219+0000] {processor.py:161} INFO - Started process (PID=87994) to work on /opt/airflow/dags/youtube_pipeline.py
[2026-08-22T09:14:58.220+0000] {processor.py:830} INFO - Processing file /opt/airflow/dags/youtube_pipeline.py for tasks to queue
[2026-08-22T09:14:58.222+0000] {logging_mixin.py:188} INFO - [2026-08-22T09:14:58.221+0000] {dagbag.py:545} INFO - Filling up the DagBag from /opt/airflow/dags/youtube_pipeline.py
[2026-08-22T09:14:58.244+0000] {processor.py:840} INFO - DAG(s) 'youtube_english_video_pipeline' retrieved from /opt/airflow/dags/youtube_pipeline.py
[2026-08-22T09:14:58.272+0000] {logging_mixin.py:188} INFO - [2026-08-22T09:14:58.272+0000] {dag.py:3089} INFO - Sync 1 DAGs
[2026-08-22T09:14:58.286+0000] {logging_mixin.py:188} INFO - [2026-08-22T09:14:58.286+0000] {dag.py:3947} INFO - Setting next_dagrun for youtube_english_video_pipeline to 2026-08-21 12:00:00+00:00, run_after=2026-08-22 12:00:00+00:00
[2026-08-22T09:14:58.303+0000] {processor.py:183} INFO - Processing /opt/airflow/dags/youtube_pipeline.py took 0.089 seconds
[2026-08-22T09:15:28.710+0000] {processor.py:161} INFO - Started process (PID=87999) to work on /opt/airflow/dags/youtube_pipeline.py
[2026-08-22T09:15:28.713+0000] {processor.py:830} INFO - Processing file /opt/airflow/dags/youtube_pipeline.py for tasks to queue
[2026-08-22T09:15:28.717+0000] {logging_mixin.py:188} INFO - [2026-08-22T09:15:28.716+0000] {dagbag.py:545} INFO - Filling up the DagBag from /opt/airflow/dags/youtube_pipeline.py
[2026-08-22T09:15:28.785+0000] {processor.py:840} INFO - DAG(s) 'youtube_english_video_pipeline' retrieved from /opt/airflow/dags/youtube_pipeline.py
[2026-08-22T09:15:28.822+0000] {logging_mixin.py:188} INFO - [2026-08-22T09:15:28.821+0000] {dag.py:3089} INFO - Sync 1 DAGs
[2026-08-22T09:15:28.837+0000] {logging_mixin.py:188} INFO - [2026-08-22T09:15:28.837+0000] {dag.py:3947} INFO - Setting next_dagrun for youtube_english_video_pipeline to 2026-08-21 12:00:00+00:00, run_after=2026-08-22 12:00:00+00:00
[2026-08-22T09:15:28.864+0000] {processor.py:183} INFO - Processing /opt/airflow/dags/youtube_pipeline.py took 0.166 seconds
[2026-08-22T09:15:59.115+0000] {processor.py:161} INFO - Started process (PID=88004) to work on /opt/airflow/dags/youtube_pipeline.py
[2026-08-22T09:15:59.117+0000] {processor.py:830} INFO - Processing file /opt/airflow/dags/youtube_pipeline.py for tasks to queue
[2026-08-22T09:15:59.118+0000] {logging_mixin.py:188} INFO - [2026-08-22T09:15:59.118+0000] {dagbag.py:545} INFO - Filling up the DagBag from /opt/airflow/dags/youtube_pipeline.py
[2026-08-22T09:15:59.140+0000] {processor.py:840} INFO - DAG(s) 'youtube_english_video_pipeline' retrieved from /opt/airflow/dags/youtube_pipeline.py
[2026-08-22T09:15:59.173+0000] {logging_mixin.py:188} INFO - [2026-08-22T09:15:59.173+0000] {dag.py:3089} INFO - Sync 1 DAGs
[2026-08-22T09:15:59.192+0000] {logging_mixin.py:188} INFO - [2026-08-22T09:15:59.192+0000] {dag.py:3947} INFO - Setting next_dagrun for youtube_english_video_pipeline to 2026-08-21 12:00:00+00:00, run_after=2026-08-22 12:00:00+00:00
[2026-08-22T09:15:59.213+0000] {processor.py:183} INFO - Processing /opt/airflow/dags/youtube_pipeline.py took 0.103 seconds
[2026-08-22T09:16:29.327+0000] {processor.py:161} INFO - Started process (PID=88009) to work on /opt/airflow/dags/youtube_pipeline.py
[2026-08-22T09:16:29.328+0000] {processor.py:830} INFO - Processing file /opt/airflow/dags/youtube_pipeline.py for tasks to queue
[2026-08-22T09:16:29.330+0000] {logging_mixin.py:188} INFO - [2026-08-22T09:16:29.330+0000] {dagbag.py:545} INFO - Filling up the DagBag from /opt/airflow/dags/youtube_pipeline.py
[2026-08-22T09:16:29.357+0000] {processor.py:840} INFO - DAG(s) 'youtube_english_video_pipeline' retrieved from /opt/airflow/dags/youtube_pipeline.py
[2026-08-22T09:16:29.388+0000] {logging_mixin.py:188} INFO - [2026-08-22T09:16:29.388+0000] {dag.py:3089} INFO - Sync 1 DAGs
[2026-08-22T09:16:29.405+0000] {logging_mixin.py:188} INFO - [2026-08-22T09:16:29.405+0000] {dag.py:3947} INFO - Setting next_dagrun for youtube_english_video_pipeline to 2026-08-21 12:00:00+00:00, run_after=2026-08-22 12:00:00+00:00
[2026-08-22T09:16:29.431+0000] {processor.py:183} INFO - Processing /opt/airflow/dags/youtube_pipeline.py took 0.109 seconds
[2026-08-22T09:16:59.578+0000] {processor.py:161} INFO - Started process (PID=88014) to work on /opt/airflow/dags/youtube_pipeline.py
[2026-08-22T09:16:59.579+0000] {processor.py:830} INFO - Processing file /opt/airflow/dags/youtube_pipeline.py for tasks to queue
[2026-08-22T09:16:59.581+0000] {logging_mixin.py:188} INFO - [2026-08-22T09:16:59.580+0000] {dagbag.py:545} INFO - Filling up the DagBag from /opt/airflow/dags/youtube_pipeline.py
[2026-08-22T09:16:59.602+0000] {processor.py:840} INFO - DAG(s) 'youtube_english_video_pipeline' retrieved from /opt/airflow/dags/youtube_pipeline.py
[2026-08-22T09:16:59.631+0000] {logging_mixin.py:188} INFO - [2026-08-22T09:16:59.631+0000] {dag.py:3089} INFO - Sync 1 DAGs
[2026-08-22T09:16:59.647+0000] {logging_mixin.py:188} INFO - [2026-08-22T09:16:59.647+0000] {dag.py:3947} INFO - Setting next_dagrun for youtube_english_video_pipeline to 2026-08-21 12:00:00+00:00, run_after=2026-08-22 12:00:00+00:00
[2026-08-22T09:16:59.671+0000] {processor.py:183} INFO - Processing /opt/airflow/dags/youtube_pipeline.py took 0.098 seconds
[2026-08-22T09:17:29.981+0000] {processor.py:161} INFO - Started process (PID=88019) to work on /opt/airflow/dags/youtube_pipeline.py
[2026-08-22T09:17:29.983+0000] {processor.py:830} INFO - Processing file /opt/airflow/dags/youtube_pipeline.py for tasks to queue
[2026-08-22T09:17:29.986+0000] {logging_mixin.py:188} INFO - [2026-08-22T09:17:29.986+0000] {dagbag.py:545} INFO - Filling up the DagBag from /opt/airflow/dags/youtube_pipeline.py
[2026-08-22T09:17:30.028+0000] {processor.py:840} INFO - DAG(s) 'youtube_english_video_pipeline' retrieved from /opt/airflow/dags/youtube_pipeline.py
[2026-08-22T09:17:30.072+0000] {logging_mixin.py:188} INFO - [2026-08-22T09:17:30.072+0000] {dag.py:3089} INFO - Sync 1 DAGs
[2026-08-22T09:17:30.092+0000] {logging_mixin.py:188} INFO - [2026-08-22T09:17:30.091+0000] {dag.py:3947} INFO - Setting next_dagrun for youtube_english_video_pipeline to 2026-08-21 12:00:00+00:00, run_after=2026-08-22 12:00:00+00:00
[2026-08-22T09:17:30.113+0000] {processor.py:183} INFO - Processing /opt/airflow/dags/youtube_pipeline.py took 0.141 seconds
[2026-08-22T09:18:00.331+0000] {processor.py:161} INFO - Started process (PID=88024) to work on /opt/airflow/dags/youtube_pipeline.py
[2026-08-22T09:18:00.333+0000] {processor.py:830} INFO - Processing file /opt/airflow/dags/youtube_pipeline.py for tasks to queue
[2026-08-22T09:18:00.335+0000] {logging_mixin.py:188} INFO - [2026-08-22T09:18:00.334+0000] {dagbag.py:545} INFO - Filling up the DagBag from /opt/airflow/dags/youtube_pipeline.py
[2026-08-22T09:18:00.386+0000] {processor.py:840} INFO - DAG(s) 'youtube_english_video_pipeline' retrieved from /opt/airflow/dags/youtube_pipeline.py
[2026-08-22T09:18:00.427+0000] {logging_mixin.py:188} INFO - [2026-08-22T09:18:00.427+0000] {dag.py:3089} INFO - Sync 1 DAGs
[2026-08-22T09:18:00.447+0000] {logging_mixin.py:188} INFO - [2026-08-22T09:18:00.447+0000] {dag.py:3947} INFO - Setting next_dagrun for youtube_english_video_pipeline to 2026-08-21 12:00:00+00:00, run_after=2026-08-22 12:00:00+00:00
[2026-08-22T09:18:00.480+0000] {processor.py:183} INFO - Processing /opt/airflow/dags/youtube_pipeline.py took 0.156 seconds
[2026-08-22T09:18:30.648+0000] {processor.py:161} INFO - Started process (PID=88029) to work on /opt/airflow/dags/youtube_pipeline.py
[2026-08-22T09:18:30.650+0000] {processor.py:830} INFO - Processing file /opt/airflow/dags/youtube_pipeline.py for tasks to queue
[2026-08-22T09:18:30.652+0000] {logging_mixin.py:188} INFO - [2026-08-22T09:18:30.652+0000] {dagbag.py:545} INFO - Filling up the DagBag from /opt/airflow/dags/youtube_pipeline.py
[2026-08-22T09:18:30.706+0000] {processor.py:840} INFO - DAG(s) 'youtube_english_video_pipeline' retrieved from /opt/airflow/dags/youtube_pipeline.py
[2026-08-22T09:18:30.750+0000] {logging_mixin.py:188} INFO - [2026-08-22T09:18:30.750+0000] {dag.py:3089} INFO - Sync 1 DAGs
[2026-08-22T09:18:30.772+0000] {logging_mixin.py:188} INFO - [2026-08-22T09:18:30.772+0000] {dag.py:3947} INFO - Setting next_dagrun for youtube_english_video_pipeline to 2026-08-21 12:00:00+00:00, run_after=2026-08-22 12:00:00+00:00
[2026-08-22T09:18:30.799+0000] {processor.py:183} INFO - Processing /opt/airflow/dags/youtube_pipeline.py took 0.159 seconds
[2026-08-22T09:19:01.121+0000] {processor.py:161} INFO - Started process (PID=88034) to work on /opt/airflow/dags/youtube_pipeline.py
[2026-08-22T09:19:01.124+0000] {processor.py:830} INFO - Processing file /opt/airflow/dags/youtube_pipeline.py for tasks to queue
[2026-08-22T09:19:01.129+0000] {logging_mixin.py:188} INFO - [2026-08-22T09:19:01.128+0000] {dagbag.py:545} INFO - Filling up the DagBag from /opt/airflow/dags/youtube_pipeline.py
[2026-08-22T09:19:01.238+0000] {processor.py:840} INFO - DAG(s) 'youtube_english_video_pipeline' retrieved from /opt/airflow/dags/youtube_pipeline.py
[2026-08-22T09:19:01.297+0000] {logging_mixin.py:188} INFO - [2026-08-22T09:19:01.296+0000] {dag.py:3089} INFO - Sync 1 DAGs
[2026-08-22T09:19:01.328+0000] {logging_mixin.py:188} INFO - [2026-08-22T09:19:01.328+0000] {dag.py:3947} INFO - Setting next_dagrun for youtube_english_video_pipeline to 2026-08-21 12:00:00+00:00, run_after=2026-08-22 12:00:00+00:00
[2026-08-22T09:19:01.361+0000] {processor.py:183} INFO - Processing /opt/airflow/dags/youtube_pipeline.py took 0.256 seconds
[2026-08-22T09:19:31.663+0000] {processor.py:161} INFO - Started process (PID=88039) to work on /opt/airflow/dags/youtube_pipeline.py
[2026-08-22T09:19:31.668+0000] {processor.py:830} INFO - Processing file /opt/airflow/dags/youtube_pipeline.py for tasks to queue
[2026-08-22T09:19:31.675+0000] {logging_mixin.py:188} INFO - [2026-08-22T09:19:31.673+0000] {dagbag.py:545} INFO - Filling up the DagBag from /opt/airflow/dags/youtube_pipeline.py
[2026-08-22T09:19:31.728+0000] {processor.py:840} INFO - DAG(s) 'youtube_english_video_pipeline' retrieved from /opt/airflow/dags/youtube_pipeline.py
[2026-08-22T09:19:31.775+0000] {logging_mixin.py:188} INFO - [2026-08-22T09:19:31.775+0000] {dag.py:3089} INFO - Sync 1 DAGs
[2026-08-22T09:19:31.797+0000] {logging_mixin.py:188} INFO - [2026-08-22T09:19:31.796+0000] {dag.py:3947} INFO - Setting next_dagrun for youtube_english_video_pipeline to 2026-08-21 12:00:00+00:00, run_after=2026-08-22 12:00:00+00:00
[2026-08-22T09:19:31.822+0000] {processor.py:183} INFO - Processing /opt/airflow/dags/youtube_pipeline.py took 0.168 seconds
[2026-08-22T09:20:01.885+0000] {processor.py:161} INFO - Started process (PID=88044) to work on /opt/airflow/dags/youtube_pipeline.py
[2026-08-22T09:20:01.887+0000] {processor.py:830} INFO - Processing file /opt/airflow/dags/youtube_pipeline.py for tasks to queue
[2026-08-22T09:20:01.889+0000] {logging_mixin.py:188} INFO - [2026-08-22T09:20:01.889+0000] {dagbag.py:545} INFO - Filling up the DagBag from /opt/airflow/dags/youtube_pipeline.py
[2026-08-22T09:20:01.941+0000] {processor.py:840} INFO - DAG(s) 'youtube_english_video_pipeline' retrieved from /opt/airflow/dags/youtube_pipeline.py
[2026-08-22T09:20:01.989+0000] {logging_mixin.py:188} INFO - [2026-08-22T09:20:01.988+0000] {dag.py:3089} INFO - Sync 1 DAGs
[2026-08-22T09:20:02.010+0000] {logging_mixin.py:188} INFO - [2026-08-22T09:20:02.010+0000] {dag.py:3947} INFO - Setting next_dagrun for youtube_english_video_pipeline to 2026-08-21 12:00:00+00:00, run_after=2026-08-22 12:00:00+00:00
[2026-08-22T09:20:02.042+0000] {processor.py:183} INFO - Processing /opt/airflow/dags/youtube_pipeline.py took 0.164 seconds
[2026-08-22T09:20:32.444+0000] {processor.py:161} INFO - Started process (PID=88049) to work on /opt/airflow/dags/youtube_pipeline.py
[2026-08-22T09:20:32.446+0000] {processor.py:830} INFO - Processing file /opt/airflow/dags/youtube_pipeline.py for tasks to queue
[2026-08-22T09:20:32.448+0000] {logging_mixin.py:188} INFO - [2026-08-22T09:20:32.447+0000] {dagbag.py:545} INFO - Filling up the DagBag from /opt/airflow/dags/youtube_pipeline.py
[2026-08-22T09:20:32.489+0000] {processor.py:840} INFO - DAG(s) 'youtube_english_video_pipeline' retrieved from /opt/airflow/dags/youtube_pipeline.py
[2026-08-22T09:20:32.536+0000] {logging_mixin.py:188} INFO - [2026-08-22T09:20:32.536+0000] {dag.py:3089} INFO - Sync 1 DAGs
[2026-08-22T09:20:32.557+0000] {logging_mixin.py:188} INFO - [2026-08-22T09:20:32.557+0000] {dag.py:3947} INFO - Setting next_dagrun for youtube_english_video_pipeline to 2026-08-21 12:00:00+00:00, run_after=2026-08-22 12:00:00+00:00
[2026-08-22T09:20:32.580+0000] {processor.py:183} INFO - Processing /opt/airflow/dags/youtube_pipeline.py took 0.145 seconds
[2026-08-22T09:21:02.793+0000] {processor.py:161} INFO - Started process (PID=88054) to work on /opt/airflow/dags/youtube_pipeline.py
[2026-08-22T09:21:02.795+0000] {processor.py:830} INFO - Processing file /opt/airflow/dags/youtube_pipeline.py for tasks to queue
[2026-08-22T09:21:02.799+0000] {logging_mixin.py:188} INFO - [2026-08-22T09:21:02.798+0000] {dagbag.py:545} INFO - Filling up the DagBag from /opt/airflow/dags/youtube_pipeline.py
[2026-08-22T09:21:02.881+0000] {processor.py:840} INFO - DAG(s) 'youtube_english_video_pipeline' retrieved from /opt/airflow/dags/youtube_pipeline.py
[2026-08-22T09:21:02.939+0000] {logging_mixin.py:188} INFO - [2026-08-22T09:21:02.939+0000] {dag.py:3089} INFO - Sync 1 DAGs
[2026-08-22T09:21:02.967+0000] {logging_mixin.py:188} INFO - [2026-08-22T09:21:02.967+0000] {dag.py:3947} INFO - Setting next_dagrun for youtube_english_video_pipeline to 2026-08-21 12:00:00+00:00, run_after=2026-08-22 12:00:00+00:00
[2026-08-22T09:21:02.996+0000] {processor.py:183} INFO - Processing /opt/airflow/dags/youtube_pipeline.py took 0.217 seconds
[2026-08-22T09:21:33.202+0000] {processor.py:161} INFO - Started process (PID=88059) to work on /opt/airflow/dags/youtube_pipeline.py
[2026-08-22T09:21:33.204+0000] {processor.py:830} INFO - Processing file /opt/airflow/dags/youtube_pipeline.py for tasks to queue
[2026-08-22T09:21:33.206+0000] {logging_mixin.py:188} INFO - [2026-08-22T09:21:33.205+0000] {dagbag.py:545} INFO - Filling up the DagBag from /opt/airflow/dags/youtube_pipeline.py
[2026-08-22T09:21:33.244+0000] {processor.py:840} INFO - DAG(s) 'youtube_english_video_pipeline' retrieved from /opt/airflow/dags/youtube_pipeline.py
[2026-08-22T09:21:33.302+0000] {logging_mixin.py:188} INFO - [2026-08-22T09:21:33.301+0000] {dag.py:3089} INFO - Sync 1 DAGs
[2026-08-22T09:21:33.327+0000] {logging_mixin.py:188} INFO - [2026-08-22T09:21:33.326+0000] {dag.py:3947} INFO - Setting next_dagrun for youtube_english_video_pipeline to 2026-08-21 12:00:00+00:00, run_after=2026-08-22 12:00:00+00:00
[2026-08-22T09:21:33.351+0000] {processor.py:183} INFO - Processing /opt/airflow/dags/youtube_pipeline.py took 0.156 seconds
[2026-08-22T09:22:03.553+0000] {processor.py:161} INFO - Started process (PID=88064) to work on /opt/airflow/dags/youtube_pipeline.py
[2026-08-22T09:22:03.554+0000] {processor.py:830} INFO - Processing file /opt/airflow/dags/youtube_pipeline.py for tasks to queue
[2026-08-22T09:22:03.557+0000] {logging_mixin.py:188} INFO - [2026-08-22T09:22:03.557+0000] {dagbag.py:545} INFO - Filling up the DagBag from /opt/airflow/dags/youtube_pipeline.py
[2026-08-22T09:22:03.601+0000] {processor.py:840} INFO - DAG(s) 'youtube_english_video_pipeline' retrieved from /opt/airflow/dags/youtube_pipeline.py
[2026-08-22T09:22:03.644+0000] {logging_mixin.py:188} INFO - [2026-08-22T09:22:03.644+0000] {dag.py:3089} INFO - Sync 1 DAGs
[2026-08-22T09:22:03.667+0000] {logging_mixin.py:188} INFO - [2026-08-22T09:22:03.666+0000] {dag.py:3947} INFO - Setting next_dagrun for youtube_english_video_pipeline to 2026-08-21 12:00:00+00:00, run_after=2026-08-22 12:00:00+00:00
[2026-08-22T09:22:03.689+0000] {processor.py:183} INFO - Processing /opt/airflow/dags/youtube_pipeline.py took 0.144 seconds
[2026-08-22T09:22:33.995+0000] {processor.py:161} INFO - Started process (PID=88069) to work on /opt/airflow/dags/youtube_pipeline.py
[2026-08-22T09:22:33.998+0000] {processor.py:830} INFO - Processing file /opt/airflow/dags/youtube_pipeline.py for tasks to queue
[2026-08-22T09:22:34.001+0000] {logging_mixin.py:188} INFO - [2026-08-22T09:22:34.001+0000] {dagbag.py:545} INFO - Filling up the DagBag from /opt/airflow/dags/youtube_pipeline.py
[2026-08-22T09:22:34.150+0000] {processor.py:840} INFO - DAG(s) 'youtube_english_video_pipeline' retrieved from /opt/airflow/dags/youtube_pipeline.py
[2026-08-22T09:22:34.231+0000] {logging_mixin.py:188} INFO - [2026-08-22T09:22:34.230+0000] {dag.py:3089} INFO - Sync 1 DAGs
[2026-08-22T09:22:34.263+0000] {logging_mixin.py:188} INFO - [2026-08-22T09:22:34.262+0000] {dag.py:3947} INFO - Setting next_dagrun for youtube_english_video_pipeline to 2026-08-21 12:00:00+00:00, run_after=2026-08-22 12:00:00+00:00
[2026-08-22T09:22:34.291+0000] {processor.py:183} INFO - Processing /opt/airflow/dags/youtube_pipeline.py took 0.309 seconds
[2026-08-22T09:23:04.625+0000] {processor.py:161} INFO - Started process (PID=88074) to work on /opt/airflow/dags/youtube_pipeline.py
[2026-08-22T09:23:04.628+0000] {processor.py:830} INFO - Processing file /opt/airflow/dags/youtube_pipeline.py for tasks to queue
[2026-08-22T09:23:04.632+0000] {logging_mixin.py:188} INFO - [2026-08-22T09:23:04.630+0000] {dagbag.py:545} INFO - Filling up the DagBag from /opt/airflow/dags/youtube_pipeline.py
[2026-08-22T09:23:04.695+0000] {processor.py:840} INFO - DAG(s) 'youtube_english_video_pipeline' retrieved from /opt/airflow/dags/youtube_pipeline.py
[2026-08-22T09:23:04.742+0000] {logging_mixin.py:188} INFO - [2026-08-22T09:23:04.741+0000] {dag.py:3089} INFO - Sync 1 DAGs
[2026-08-22T09:23:04.764+0000] {logging_mixin.py:188} INFO - [2026-08-22T09:23:04.764+0000] {dag.py:3947} INFO - Setting next_dagrun for youtube_english_video_pipeline to 2026-08-21 12:00:00+00:00, run_after=2026-08-22 12:00:00+00:00
[2026-08-22T09:23:04.810+0000] {processor.py:183} INFO - Processing /opt/airflow/dags/youtube_pipeline.py took 0.200 seconds
[2026-08-22T09:23:34.935+0000] {processor.py:161} INFO - Started process (PID=88079) to work on /opt/airflow/dags/youtube_pipeline.py
[2026-08-22T09:23:34.946+0000] {processor.py:830} INFO - Processing file /opt/airflow/dags/youtube_pipeline.py for tasks to queue
[2026-08-22T09:23:34.958+0000] {logging_mixin.py:188} INFO - [2026-08-22T09:23:34.957+0000] {dagbag.py:545} INFO - Filling up the DagBag from /opt/airflow/dags/youtube_pipeline.py
[2026-08-22T09:23:35.014+0000] {processor.py:840} INFO - DAG(s) 'youtube_english_video_pipeline' retrieved from /opt/airflow/dags/youtube_pipeline.py
[2026-08-22T09:23:35.081+0000] {logging_mixin.py:188} INFO - [2026-08-22T09:23:35.080+0000] {dag.py:3089} INFO - Sync 1 DAGs
[2026-08-22T09:23:35.105+0000] {logging_mixin.py:188} INFO - [2026-08-22T09:23:35.105+0000] {dag.py:3947} INFO - Setting next_dagrun for youtube_english_video_pipeline to 2026-08-21 12:00:00+00:00, run_after=2026-08-22 12:00:00+00:00
[2026-08-22T09:23:35.141+0000] {processor.py:183} INFO - Processing /opt/airflow/dags/youtube_pipeline.py took 0.219 seconds
[2026-08-22T09:24:05.411+0000] {processor.py:161} INFO - Started process (PID=88084) to work on /opt/airflow/dags/youtube_pipeline.py
[2026-08-22T09:24:05.413+0000] {processor.py:830} INFO - Processing file /opt/airflow/dags/youtube_pipeline.py for tasks to queue
[2026-08-22T09:24:05.418+0000] {logging_mixin.py:188} INFO - [2026-08-22T09:24:05.417+0000] {dagbag.py:545} INFO - Filling up the DagBag from /opt/airflow/dags/youtube_pipeline.py
[2026-08-22T09:24:05.469+0000] {processor.py:840} INFO - DAG(s) 'youtube_english_video_pipeline' retrieved from /opt/airflow/dags/youtube_pipeline.py
[2026-08-22T09:24:05.516+0000] {logging_mixin.py:188} INFO - [2026-08-22T09:24:05.516+0000] {dag.py:3089} INFO - Sync 1 DAGs
[2026-08-22T09:24:05.543+0000] {logging_mixin.py:188} INFO - [2026-08-22T09:24:05.543+0000] {dag.py:3947} INFO - Setting next_dagrun for youtube_english_video_pipeline to 2026-08-21 12:00:00+00:00, run_after=2026-08-22 12:00:00+00:00
[2026-08-22T09:24:05.571+0000] {processor.py:183} INFO - Processing /opt/airflow/dags/youtube_pipeline.py took 0.173 seconds
[2026-08-22T09:24:35.702+0000] {processor.py:161} INFO - Started process (PID=88089) to work on /opt/airflow/dags/youtube_pipeline.py
[2026-08-22T09:24:35.704+0000] {processor.py:830} INFO - Processing file /opt/airflow/dags/youtube_pipeline.py for tasks to queue
[2026-08-22T09:24:35.706+0000] {logging_mixin.py:188} INFO - [2026-08-22T09:24:35.706+0000] {dagbag.py:545} INFO - Filling up the DagBag from /opt/airflow/dags/youtube_pipeline.py
[2026-08-22T09:24:35.753+0000] {processor.py:840} INFO - DAG(s) 'youtube_english_video_pipeline' retrieved from /opt/airflow/dags/youtube_pipeline.py
[2026-08-22T09:24:35.807+0000] {logging_mixin.py:188} INFO - [2026-08-22T09:24:35.806+0000] {dag.py:3089} INFO - Sync 1 DAGs
[2026-08-22T09:24:35.831+0000] {logging_mixin.py:188} INFO - [2026-08-22T09:24:35.830+0000] {dag.py:3947} INFO - Setting next_dagrun for youtube_english_video_pipeline to 2026-08-21 12:00:00+00:00, run_after=2026-08-22 12:00:00+00:00
[2026-08-22T09:24:35.856+0000] {processor.py:183} INFO - Processing /opt/airflow/dags/youtube_pipeline.py took 0.165 seconds
[2026-08-22T09:25:06.175+0000] {processor.py:161} INFO - Started process (PID=88094) to work on /opt/airflow/dags/youtube_pipeline.py
[2026-08-22T09:25:06.177+0000] {processor.py:830} INFO - Processing file /opt/airflow/dags/youtube_pipeline.py for tasks to queue
[2026-08-22T09:25:06.179+0000] {logging_mixin.py:188} INFO - [2026-08-22T09:25:06.179+0000] {dagbag.py:545} INFO - Filling up the DagBag from /opt/airflow/dags/youtube_pipeline.py
[2026-08-22T09:25:06.241+0000] {processor.py:840} INFO - DAG(s) 'youtube_english_video_pipeline' retrieved from /opt/airflow/dags/youtube_pipeline.py
[2026-08-22T09:25:06.283+0000] {logging_mixin.py:188} INFO - [2026-08-22T09:25:06.283+0000] {dag.py:3089} INFO - Sync 1 DAGs
[2026-08-22T09:25:06.311+0000] {logging_mixin.py:188} INFO - [2026-08-22T09:25:06.310+0000] {dag.py:3947} INFO - Setting next_dagrun for youtube_english_video_pipeline to 2026-08-21 12:00:00+00:00, run_after=2026-08-22 12:00:00+00:00
[2026-08-22T09:25:06.339+0000] {processor.py:183} INFO - Processing /opt/airflow/dags/youtube_pipeline.py took 0.172 seconds
[2026-08-22T09:25:36.616+0000] {processor.py:161} INFO - Started process (PID=88099) to work on /opt/airflow/dags/youtube_pipeline.py
[2026-08-22T09:25:36.618+0000] {processor.py:830} INFO - Processing file /opt/airflow/dags/youtube_pipeline.py for tasks to queue
[2026-08-22T09:25:36.622+0000] {logging_mixin.py:188} INFO - [2026-08-22T09:25:36.622+0000] {dagbag.py:545} INFO - Filling up the DagBag from /opt/airflow/dags/youtube_pipeline.py
[2026-08-22T09:25:36.718+0000] {processor.py:840} INFO - DAG(s) 'youtube_english_video_pipeline' retrieved from /opt/airflow/dags/youtube_pipeline.py
[2026-08-22T09:25:36.784+0000] {logging_mixin.py:188} INFO - [2026-08-22T09:25:36.784+0000] {dag.py:3089} INFO - Sync 1 DAGs
[2026-08-22T09:25:36.814+0000] {logging_mixin.py:188} INFO - [2026-08-22T09:25:36.814+0000] {dag.py:3947} INFO - Setting next_dagrun for youtube_english_video_pipeline to 2026-08-21 12:00:00+00:00, run_after=2026-08-22 12:00:00+00:00
[2026-08-22T09:25:36.847+0000] {processor.py:183} INFO - Processing /opt/airflow/dags/youtube_pipeline.py took 0.241 seconds
[2026-08-22T09:26:07.259+0000] {processor.py:161} INFO - Started process (PID=88104) to work on /opt/airflow/dags/youtube_pipeline.py
[2026-08-22T09:26:07.262+0000] {processor.py:830} INFO - Processing file /opt/airflow/dags/youtube_pipeline.py for tasks to queue
[2026-08-22T09:26:07.265+0000] {logging_mixin.py:188} INFO - [2026-08-22T09:26:07.265+0000] {dagbag.py:545} INFO - Filling up the DagBag from /opt/airflow/dags/youtube_pipeline.py
[2026-08-22T09:26:07.357+0000] {processor.py:840} INFO - DAG(s) 'youtube_english_video_pipeline' retrieved from /opt/airflow/dags/youtube_pipeline.py
[2026-08-22T09:26:07.435+0000] {logging_mixin.py:188} INFO - [2026-08-22T09:26:07.435+0000] {dag.py:3089} INFO - Sync 1 DAGs
[2026-08-22T09:26:07.464+0000] {logging_mixin.py:188} INFO - [2026-08-22T09:26:07.464+0000] {dag.py:3947} INFO - Setting next_dagrun for youtube_english_video_pipeline to 2026-08-21 12:00:00+00:00, run_after=2026-08-22 12:00:00+00:00
[2026-08-22T09:26:07.494+0000] {processor.py:183} INFO - Processing /opt/airflow/dags/youtube_pipeline.py took 0.244 seconds
[2026-08-22T09:26:37.828+0000] {processor.py:161} INFO - Started process (PID=88109) to work on /opt/airflow/dags/youtube_pipeline.py
[2026-08-22T09:26:37.830+0000] {processor.py:830} INFO - Processing file /opt/airflow/dags/youtube_pipeline.py for tasks to queue
[2026-08-22T09:26:37.833+0000] {logging_mixin.py:188} INFO - [2026-08-22T09:26:37.832+0000] {dagbag.py:545} INFO - Filling up the DagBag from /opt/airflow/dags/youtube_pipeline.py
[2026-08-22T09:26:37.926+0000] {processor.py:840} INFO - DAG(s) 'youtube_english_video_pipeline' retrieved from /opt/airflow/dags/youtube_pipeline.py
[2026-08-22T09:26:37.982+0000] {logging_mixin.py:188} INFO - [2026-08-22T09:26:37.982+0000] {dag.py:3089} INFO - Sync 1 DAGs
[2026-08-22T09:26:38.004+0000] {logging_mixin.py:188} INFO - [2026-08-22T09:26:38.004+0000] {dag.py:3947} INFO - Setting next_dagrun for youtube_english_video_pipeline to 2026-08-21 12:00:00+00:00, run_after=2026-08-22 12:00:00+00:00
[2026-08-22T09:26:38.031+0000] {processor.py:183} INFO - Processing /opt/airflow/dags/youtube_pipeline.py took 0.212 seconds
[2026-08-22T09:27:08.464+0000] {processor.py:161} INFO - Started process (PID=88114) to work on /opt/airflow/dags/youtube_pipeline.py
[2026-08-22T09:27:08.473+0000] {processor.py:830} INFO - Processing file /opt/airflow/dags/youtube_pipeline.py for tasks to queue
[2026-08-22T09:27:08.478+0000] {logging_mixin.py:188} INFO - [2026-08-22T09:27:08.478+0000] {dagbag.py:545} INFO - Filling up the DagBag from /opt/airflow/dags/youtube_pipeline.py
[2026-08-22T09:27:08.670+0000] {processor.py:840} INFO - DAG(s) 'youtube_english_video_pipeline' retrieved from /opt/airflow/dags/youtube_pipeline.py
[2026-08-22T09:27:08.721+0000] {logging_mixin.py:188} INFO - [2026-08-22T09:27:08.721+0000] {dag.py:3089} INFO - Sync 1 DAGs
[2026-08-22T09:27:08.748+0000] {logging_mixin.py:188} INFO - [2026-08-22T09:27:08.748+0000] {dag.py:3947} INFO - Setting next_dagrun for youtube_english_video_pipeline to 2026-08-21 12:00:00+00:00, run_after=2026-08-22 12:00:00+00:00
[2026-08-22T09:27:08.785+0000] {processor.py:183} INFO - Processing /opt/airflow/dags/youtube_pipeline.py took 0.331 seconds
[2026-08-22T09:27:39.200+0000] {processor.py:161} INFO - Started process (PID=88119) to work on /opt/airflow/dags/youtube_pipeline.py
[2026-08-22T09:27:39.203+0000] {processor.py:830} INFO - Processing file /opt/airflow/dags/youtube_pipeline.py for tasks to queue
[2026-08-22T09:27:39.206+0000] {logging_mixin.py:188} INFO - [2026-08-22T09:27:39.206+0000] {dagbag.py:545} INFO - Filling up the DagBag from /opt/airflow/dags/youtube_pipeline.py
[2026-08-22T09:27:39.274+0000] {processor.py:840} INFO - DAG(s) 'youtube_english_video_pipeline' retrieved from /opt/airflow/dags/youtube_pipeline.py
[2026-08-22T09:27:39.324+0000] {logging_mixin.py:188} INFO - [2026-08-22T09:27:39.324+0000] {dag.py:3089} INFO - Sync 1 DAGs
[2026-08-22T09:27:39.344+0000] {logging_mixin.py:188} INFO - [2026-08-22T09:27:39.344+0000] {dag.py:3947} INFO - Setting next_dagrun for youtube_english_video_pipeline to 2026-08-21 12:00:00+00:00, run_after=2026-08-22 12:00:00+00:00
[2026-08-22T09:27:39.366+0000] {processor.py:183} INFO - Processing /opt/airflow/dags/youtube_pipeline.py took 0.180 seconds
[2026-08-22T09:28:09.478+0000] {processor.py:161} INFO - Started process (PID=88124) to work on /opt/airflow/dags/youtube_pipeline.py
[2026-08-22T09:28:09.479+0000] {processor.py:830} INFO - Processing file /opt/airflow/dags/youtube_pipeline.py for tasks to queue
[2026-08-22T09:28:09.482+0000] {logging_mixin.py:188} INFO - [2026-08-22T09:28:09.481+0000] {dagbag.py:545} INFO - Filling up the DagBag from /opt/airflow/dags/youtube_pipeline.py
[2026-08-22T09:28:09.531+0000] {processor.py:840} INFO - DAG(s) 'youtube_english_video_pipeline' retrieved from /opt/airflow/dags/youtube_pipeline.py
[2026-08-22T09:28:09.577+0000] {logging_mixin.py:188} INFO - [2026-08-22T09:28:09.577+0000] {dag.py:3089} INFO - Sync 1 DAGs
[2026-08-22T09:28:09.598+0000] {logging_mixin.py:188} INFO - [2026-08-22T09:28:09.598+0000] {dag.py:3947} INFO - Setting next_dagrun for youtube_english_video_pipeline to 2026-08-21 12:00:00+00:00, run_after=2026-08-22 12:00:00+00:00
[2026-08-22T09:28:09.627+0000] {processor.py:183} INFO - Processing /opt/airflow/dags/youtube_pipeline.py took 0.159 seconds
[2026-08-22T09:28:40.012+0000] {processor.py:161} INFO - Started process (PID=88129) to work on /opt/airflow/dags/youtube_pipeline.py
[2026-08-22T09:28:40.014+0000] {processor.py:830} INFO - Processing file /opt/airflow/dags/youtube_pipeline.py for tasks to queue
[2026-08-22T09:28:40.016+0000] {logging_mixin.py:188} INFO - [2026-08-22T09:28:40.016+0000] {dagbag.py:545} INFO - Filling up the DagBag from /opt/airflow/dags/youtube_pipeline.py
[2026-08-22T09:28:40.071+0000] {processor.py:840} INFO - DAG(s) 'youtube_english_video_pipeline' retrieved from /opt/airflow/dags/youtube_pipeline.py
[2026-08-22T09:28:40.121+0000] {logging_mixin.py:188} INFO - [2026-08-22T09:28:40.121+0000] {dag.py:3089} INFO - Sync 1 DAGs
[2026-08-22T09:28:40.146+0000] {logging_mixin.py:188} INFO - [2026-08-22T09:28:40.145+0000] {dag.py:3947} INFO - Setting next_dagrun for youtube_english_video_pipeline to 2026-08-21 12:00:00+00:00, run_after=2026-08-22 12:00:00+00:00
[2026-08-22T09:28:40.174+0000] {processor.py:183} INFO - Processing /opt/airflow/dags/youtube_pipeline.py took 0.176 seconds
[2026-08-22T09:29:10.273+0000] {processor.py:161} INFO - Started process (PID=88134) to work on /opt/airflow/dags/youtube_pipeline.py
[2026-08-22T09:29:10.274+0000] {processor.py:830} INFO - Processing file /opt/airflow/dags/youtube_pipeline.py for tasks to queue
[2026-08-22T09:29:10.277+0000] {logging_mixin.py:188} INFO - [2026-08-22T09:29:10.276+0000] {dagbag.py:545} INFO - Filling up the DagBag from /opt/airflow/dags/youtube_pipeline.py
[2026-08-22T09:29:10.331+0000] {processor.py:840} INFO - DAG(s) 'youtube_english_video_pipeline' retrieved from /opt/airflow/dags/youtube_pipeline.py
[2026-08-22T09:29:10.390+0000] {logging_mixin.py:188} INFO - [2026-08-22T09:29:10.390+0000] {dag.py:3089} INFO - Sync 1 DAGs
[2026-08-22T09:29:10.426+0000] {logging_mixin.py:188} INFO - [2026-08-22T09:29:10.426+0000] {dag.py:3947} INFO - Setting next_dagrun for youtube_english_video_pipeline to 2026-08-21 12:00:00+00:00, run_after=2026-08-22 12:00:00+00:00
[2026-08-22T09:29:10.453+0000] {processor.py:183} INFO - Processing /opt/airflow/dags/youtube_pipeline.py took 0.191 seconds
[2026-08-22T09:29:40.769+0000] {processor.py:161} INFO - Started process (PID=88139) to work on /opt/airflow/dags/youtube_pipeline.py
[2026-08-22T09:29:40.770+0000] {processor.py:830} INFO - Processing file /opt/airflow/dags/youtube_pipeline.py for tasks to queue
[2026-08-22T09:29:40.772+0000] {logging_mixin.py:188} INFO - [2026-08-22T09:29:40.772+0000] {dagbag.py:545} INFO - Filling up the DagBag from /opt/airflow/dags/youtube_pipeline.py
[2026-08-22T09:29:40.821+0000] {processor.py:840} INFO - DAG(s) 'youtube_english_video_pipeline' retrieved from /opt/airflow/dags/youtube_pipeline.py
[2026-08-22T09:29:40.869+0000] {logging_mixin.py:188} INFO - [2026-08-22T09:29:40.869+0000] {dag.py:3089} INFO - Sync 1 DAGs
[2026-08-22T09:29:40.893+0000] {logging_mixin.py:188} INFO - [2026-08-22T09:29:40.893+0000] {dag.py:3947} INFO - Setting next_dagrun for youtube_english_video_pipeline to 2026-08-21 12:00:00+00:00, run_after=2026-08-22 12:00:00+00:00
[2026-08-22T09:29:40.929+0000] {processor.py:183} INFO - Processing /opt/airflow/dags/youtube_pipeline.py took 0.167 seconds
[2026-08-22T09:30:11.033+0000] {processor.py:161} INFO - Started process (PID=88144) to work on /opt/airflow/dags/youtube_pipeline.py
[2026-08-22T09:30:11.034+0000] {processor.py:830} INFO - Processing file /opt/airflow/dags/youtube_pipeline.py for tasks to queue
[2026-08-22T09:30:11.037+0000] {logging_mixin.py:188} INFO - [2026-08-22T09:30:11.036+0000] {dagbag.py:545} INFO - Filling up the DagBag from /opt/airflow/dags/youtube_pipeline.py
[2026-08-22T09:30:11.075+0000] {processor.py:840} INFO - DAG(s) 'youtube_english_video_pipeline' retrieved from /opt/airflow/dags/youtube_pipeline.py
[2026-08-22T09:30:11.118+0000] {logging_mixin.py:188} INFO - [2026-08-22T09:30:11.118+0000] {dag.py:3089} INFO - Sync 1 DAGs
[2026-08-22T09:30:11.141+0000] {logging_mixin.py:188} INFO - [2026-08-22T09:30:11.141+0000] {dag.py:3947} INFO - Setting next_dagrun for youtube_english_video_pipeline to 2026-08-21 12:00:00+00:00, run_after=2026-08-22 12:00:00+00:00
[2026-08-22T09:30:11.171+0000] {processor.py:183} INFO - Processing /opt/airflow/dags/youtube_pipeline.py took 0.147 seconds
[2026-08-22T09:30:41.661+0000] {processor.py:161} INFO - Started process (PID=88149) to work on /opt/airflow/dags/youtube_pipeline.py
[2026-08-22T09:30:41.664+0000] {processor.py:830} INFO - Processing file /opt/airflow/dags/youtube_pipeline.py for tasks to queue
[2026-08-22T09:30:41.668+0000] {logging_mixin.py:188} INFO - [2026-08-22T09:30:41.668+0000] {dagbag.py:545} INFO - Filling up the DagBag from /opt/airflow/dags/youtube_pipeline.py
[2026-08-22T09:30:41.737+0000] {processor.py:840} INFO - DAG(s) 'youtube_english_video_pipeline' retrieved from /opt/airflow/dags/youtube_pipeline.py
[2026-08-22T09:30:41.793+0000] {logging_mixin.py:188} INFO - [2026-08-22T09:30:41.793+0000] {dag.py:3089} INFO - Sync 1 DAGs
[2026-08-22T09:30:41.820+0000] {logging_mixin.py:188} INFO - [2026-08-22T09:30:41.820+0000] {dag.py:3947} INFO - Setting next_dagrun for youtube_english_video_pipeline to 2026-08-21 12:00:00+00:00, run_after=2026-08-22 12:00:00+00:00
[2026-08-22T09:30:41.853+0000] {processor.py:183} INFO - Processing /opt/airflow/dags/youtube_pipeline.py took 0.206 seconds
[2026-08-22T09:31:12.207+0000] {processor.py:161} INFO - Started process (PID=88154) to work on /opt/airflow/dags/youtube_pipeline.py
[2026-08-22T09:31:12.208+0000] {processor.py:830} INFO - Processing file /opt/airflow/dags/youtube_pipeline.py for tasks to queue
[2026-08-22T09:31:12.212+0000] {logging_mixin.py:188} INFO - [2026-08-22T09:31:12.211+0000] {dagbag.py:545} INFO - Filling up the DagBag from /opt/airflow/dags/youtube_pipeline.py
[2026-08-22T09:31:12.298+0000] {processor.py:840} INFO - DAG(s) 'youtube_english_video_pipeline' retrieved from /opt/airflow/dags/youtube_pipeline.py
[2026-08-22T09:31:12.394+0000] {logging_mixin.py:188} INFO - [2026-08-22T09:31:12.394+0000] {dag.py:3089} INFO - Sync 1 DAGs
[2026-08-22T09:31:12.439+0000] {logging_mixin.py:188} INFO - [2026-08-22T09:31:12.439+0000] {dag.py:3947} INFO - Setting next_dagrun for youtube_english_video_pipeline to 2026-08-21 12:00:00+00:00, run_after=2026-08-22 12:00:00+00:00
[2026-08-22T09:31:12.476+0000] {processor.py:183} INFO - Processing /opt/airflow/dags/youtube_pipeline.py took 0.282 seconds
[2026-08-22T09:31:42.824+0000] {processor.py:161} INFO - Started process (PID=88159) to work on /opt/airflow/dags/youtube_pipeline.py
[2026-08-22T09:31:42.826+0000] {processor.py:830} INFO - Processing file /opt/airflow/dags/youtube_pipeline.py for tasks to queue
[2026-08-22T09:31:42.830+0000] {logging_mixin.py:188} INFO - [2026-08-22T09:31:42.830+0000] {dagbag.py:545} INFO - Filling up the DagBag from /opt/airflow/dags/youtube_pipeline.py
[2026-08-22T09:31:42.893+0000] {processor.py:840} INFO - DAG(s) 'youtube_english_video_pipeline' retrieved from /opt/airflow/dags/youtube_pipeline.py
[2026-08-22T09:31:42.967+0000] {logging_mixin.py:188} INFO - [2026-08-22T09:31:42.967+0000] {dag.py:3089} INFO - Sync 1 DAGs
[2026-08-22T09:31:42.995+0000] {logging_mixin.py:188} INFO - [2026-08-22T09:31:42.994+0000] {dag.py:3947} INFO - Setting next_dagrun for youtube_english_video_pipeline to 2026-08-21 12:00:00+00:00, run_after=2026-08-22 12:00:00+00:00
[2026-08-22T09:31:43.019+0000] {processor.py:183} INFO - Processing /opt/airflow/dags/youtube_pipeline.py took 0.205 seconds
[2026-08-22T09:32:13.695+0000] {processor.py:161} INFO - Started process (PID=88164) to work on /opt/airflow/dags/youtube_pipeline.py
[2026-08-22T09:32:13.697+0000] {processor.py:830} INFO - Processing file /opt/airflow/dags/youtube_pipeline.py for tasks to queue
[2026-08-22T09:32:13.702+0000] {logging_mixin.py:188} INFO - [2026-08-22T09:32:13.702+0000] {dagbag.py:545} INFO - Filling up the DagBag from /opt/airflow/dags/youtube_pipeline.py
[2026-08-22T09:32:13.787+0000] {processor.py:840} INFO - DAG(s) 'youtube_english_video_pipeline' retrieved from /opt/airflow/dags/youtube_pipeline.py
[2026-08-22T09:32:13.835+0000] {logging_mixin.py:188} INFO - [2026-08-22T09:32:13.835+0000] {dag.py:3089} INFO - Sync 1 DAGs
[2026-08-22T09:32:13.859+0000] {logging_mixin.py:188} INFO - [2026-08-22T09:32:13.859+0000] {dag.py:3947} INFO - Setting next_dagrun for youtube_english_video_pipeline to 2026-08-21 12:00:00+00:00, run_after=2026-08-22 12:00:00+00:00
[2026-08-22T09:32:13.888+0000] {processor.py:183} INFO - Processing /opt/airflow/dags/youtube_pipeline.py took 0.206 seconds
[2026-08-22T09:32:44.208+0000] {processor.py:161} INFO - Started process (PID=88169) to work on /opt/airflow/dags/youtube_pipeline.py
[2026-08-22T09:32:44.210+0000] {processor.py:830} INFO - Processing file /opt/airflow/dags/youtube_pipeline.py for tasks to queue
[2026-08-22T09:32:44.212+0000] {logging_mixin.py:188} INFO - [2026-08-22T09:32:44.212+0000] {dagbag.py:545} INFO - Filling up the DagBag from /opt/airflow/dags/youtube_pipeline.py
[2026-08-22T09:32:44.259+0000] {processor.py:840} INFO - DAG(s) 'youtube_english_video_pipeline' retrieved from /opt/airflow/dags/youtube_pipeline.py
[2026-08-22T09:32:44.316+0000] {logging_mixin.py:188} INFO - [2026-08-22T09:32:44.316+0000] {dag.py:3089} INFO - Sync 1 DAGs
[2026-08-22T09:32:44.346+0000] {logging_mixin.py:188} INFO - [2026-08-22T09:32:44.346+0000] {dag.py:3947} INFO - Setting next_dagrun for youtube_english_video_pipeline to 2026-08-21 12:00:00+00:00, run_after=2026-08-22 12:00:00+00:00
[2026-08-22T09:32:44.381+0000] {processor.py:183} INFO - Processing /opt/airflow/dags/youtube_pipeline.py took 0.181 seconds
[2026-08-22T09:33:14.513+0000] {processor.py:161} INFO - Started process (PID=88174) to work on /opt/airflow/dags/youtube_pipeline.py
[2026-08-22T09:33:14.515+0000] {processor.py:830} INFO - Processing file /opt/airflow/dags/youtube_pipeline.py for tasks to queue
[2026-08-22T09:33:14.517+0000] {logging_mixin.py:188} INFO - [2026-08-22T09:33:14.517+0000] {dagbag.py:545} INFO - Filling up the DagBag from /opt/airflow/dags/youtube_pipeline.py
[2026-08-22T09:33:14.562+0000] {processor.py:840} INFO - DAG(s) 'youtube_english_video_pipeline' retrieved from /opt/airflow/dags/youtube_pipeline.py
[2026-08-22T09:33:14.604+0000] {logging_mixin.py:188} INFO - [2026-08-22T09:33:14.604+0000] {dag.py:3089} INFO - Sync 1 DAGs
[2026-08-22T09:33:14.636+0000] {logging_mixin.py:188} INFO - [2026-08-22T09:33:14.636+0000] {dag.py:3947} INFO - Setting next_dagrun for youtube_english_video_pipeline to 2026-08-21 12:00:00+00:00, run_after=2026-08-22 12:00:00+00:00
[2026-08-22T09:33:14.659+0000] {processor.py:183} INFO - Processing /opt/airflow/dags/youtube_pipeline.py took 0.154 seconds
[2026-08-22T09:33:44.935+0000] {processor.py:161} INFO - Started process (PID=88179) to work on /opt/airflow/dags/youtube_pipeline.py
[2026-08-22T09:33:44.937+0000] {processor.py:830} INFO - Processing file /opt/airflow/dags/youtube_pipeline.py for tasks to queue
[2026-08-22T09:33:44.940+0000] {logging_mixin.py:188} INFO - [2026-08-22T09:33:44.939+0000] {dagbag.py:545} INFO - Filling up the DagBag from /opt/airflow/dags/youtube_pipeline.py
[2026-08-22T09:33:44.997+0000] {processor.py:840} INFO - DAG(s) 'youtube_english_video_pipeline' retrieved from /opt/airflow/dags/youtube_pipeline.py
[2026-08-22T09:33:45.051+0000] {logging_mixin.py:188} INFO - [2026-08-22T09:33:45.051+0000] {dag.py:3089} INFO - Sync 1 DAGs
[2026-08-22T09:33:45.085+0000] {logging_mixin.py:188} INFO - [2026-08-22T09:33:45.084+0000] {dag.py:3947} INFO - Setting next_dagrun for youtube_english_video_pipeline to 2026-08-21 12:00:00+00:00, run_after=2026-08-22 12:00:00+00:00
[2026-08-22T09:33:45.118+0000] {processor.py:183} INFO - Processing /opt/airflow/dags/youtube_pipeline.py took 0.191 seconds
[2026-08-22T09:34:15.334+0000] {processor.py:161} INFO - Started process (PID=88184) to work on /opt/airflow/dags/youtube_pipeline.py
[2026-08-22T09:34:15.337+0000] {processor.py:830} INFO - Processing file /opt/airflow/dags/youtube_pipeline.py for tasks to queue
[2026-08-22T09:34:15.342+0000] {logging_mixin.py:188} INFO - [2026-08-22T09:34:15.341+0000] {dagbag.py:545} INFO - Filling up the DagBag from /opt/airflow/dags/youtube_pipeline.py
[2026-08-22T09:34:15.451+0000] {processor.py:840} INFO - DAG(s) 'youtube_english_video_pipeline' retrieved from /opt/airflow/dags/youtube_pipeline.py
[2026-08-22T09:34:15.513+0000] {logging_mixin.py:188} INFO - [2026-08-22T09:34:15.513+0000] {dag.py:3089} INFO - Sync 1 DAGs
[2026-08-22T09:34:15.537+0000] {logging_mixin.py:188} INFO - [2026-08-22T09:34:15.537+0000] {dag.py:3947} INFO - Setting next_dagrun for youtube_english_video_pipeline to 2026-08-21 12:00:00+00:00, run_after=2026-08-22 12:00:00+00:00
[2026-08-22T09:34:15.595+0000] {processor.py:183} INFO - Processing /opt/airflow/dags/youtube_pipeline.py took 0.275 seconds
[2026-08-22T09:34:45.748+0000] {processor.py:161} INFO - Started process (PID=88189) to work on /opt/airflow/dags/youtube_pipeline.py
[2026-08-22T09:34:45.749+0000] {processor.py:830} INFO - Processing file /opt/airflow/dags/youtube_pipeline.py for tasks to queue
[2026-08-22T09:34:45.752+0000] {logging_mixin.py:188} INFO - [2026-08-22T09:34:45.751+0000] {dagbag.py:545} INFO - Filling up the DagBag from /opt/airflow/dags/youtube_pipeline.py
[2026-08-22T09:34:45.802+0000] {processor.py:840} INFO - DAG(s) 'youtube_english_video_pipeline' retrieved from /opt/airflow/dags/youtube_pipeline.py
[2026-08-22T09:34:45.855+0000] {logging_mixin.py:188} INFO - [2026-08-22T09:34:45.855+0000] {dag.py:3089} INFO - Sync 1 DAGs
[2026-08-22T09:34:45.880+0000] {logging_mixin.py:188} INFO - [2026-08-22T09:34:45.880+0000] {dag.py:3947} INFO - Setting next_dagrun for youtube_english_video_pipeline to 2026-08-21 12:00:00+00:00, run_after=2026-08-22 12:00:00+00:00
[2026-08-22T09:34:45.903+0000] {processor.py:183} INFO - Processing /opt/airflow/dags/youtube_pipeline.py took 0.163 seconds
[2026-08-22T09:35:16.164+0000] {processor.py:161} INFO - Started process (PID=88194) to work on /opt/airflow/dags/youtube_pipeline.py
[2026-08-22T09:35:16.166+0000] {processor.py:830} INFO - Processing file /opt/airflow/dags/youtube_pipeline.py for tasks to queue
[2026-08-22T09:35:16.169+0000] {logging_mixin.py:188} INFO - [2026-08-22T09:35:16.168+0000] {dagbag.py:545} INFO - Filling up the DagBag from /opt/airflow/dags/youtube_pipeline.py
[2026-08-22T09:35:16.219+0000] {processor.py:840} INFO - DAG(s) 'youtube_english_video_pipeline' retrieved from /opt/airflow/dags/youtube_pipeline.py
[2026-08-22T09:35:16.263+0000] {logging_mixin.py:188} INFO - [2026-08-22T09:35:16.263+0000] {dag.py:3089} INFO - Sync 1 DAGs
[2026-08-22T09:35:16.287+0000] {logging_mixin.py:188} INFO - [2026-08-22T09:35:16.287+0000] {dag.py:3947} INFO - Setting next_dagrun for youtube_english_video_pipeline to 2026-08-21 12:00:00+00:00, run_after=2026-08-22 12:00:00+00:00
[2026-08-22T09:35:16.311+0000] {processor.py:183} INFO - Processing /opt/airflow/dags/youtube_pipeline.py took 0.156 seconds
[2026-08-22T09:35:46.460+0000] {processor.py:161} INFO - Started process (PID=88199) to work on /opt/airflow/dags/youtube_pipeline.py
[2026-08-22T09:35:46.461+0000] {processor.py:830} INFO - Processing file /opt/airflow/dags/youtube_pipeline.py for tasks to queue
[2026-08-22T09:35:46.464+0000] {logging_mixin.py:188} INFO - [2026-08-22T09:35:46.464+0000] {dagbag.py:545} INFO - Filling up the DagBag from /opt/airflow/dags/youtube_pipeline.py
[2026-08-22T09:35:46.523+0000] {processor.py:840} INFO - DAG(s) 'youtube_english_video_pipeline' retrieved from /opt/airflow/dags/youtube_pipeline.py
[2026-08-22T09:35:46.580+0000] {logging_mixin.py:188} INFO - [2026-08-22T09:35:46.580+0000] {dag.py:3089} INFO - Sync 1 DAGs
[2026-08-22T09:35:46.613+0000] {logging_mixin.py:188} INFO - [2026-08-22T09:35:46.613+0000] {dag.py:3947} INFO - Setting next_dagrun for youtube_english_video_pipeline to 2026-08-21 12:00:00+00:00, run_after=2026-08-22 12:00:00+00:00
[2026-08-22T09:35:46.653+0000] {processor.py:183} INFO - Processing /opt/airflow/dags/youtube_pipeline.py took 0.201 seconds
[2026-08-22T09:36:16.753+0000] {processor.py:161} INFO - Started process (PID=88204) to work on /opt/airflow/dags/youtube_pipeline.py
[2026-08-22T09:36:16.755+0000] {processor.py:830} INFO - Processing file /opt/airflow/dags/youtube_pipeline.py for tasks to queue
[2026-08-22T09:36:16.757+0000] {logging_mixin.py:188} INFO - [2026-08-22T09:36:16.757+0000] {dagbag.py:545} INFO - Filling up the DagBag from /opt/airflow/dags/youtube_pipeline.py
[2026-08-22T09:36:16.820+0000] {processor.py:840} INFO - DAG(s) 'youtube_english_video_pipeline' retrieved from /opt/airflow/dags/youtube_pipeline.py
[2026-08-22T09:36:16.869+0000] {logging_mixin.py:188} INFO - [2026-08-22T09:36:16.869+0000] {dag.py:3089} INFO - Sync 1 DAGs
[2026-08-22T09:36:16.893+0000] {logging_mixin.py:188} INFO - [2026-08-22T09:36:16.893+0000] {dag.py:3947} INFO - Setting next_dagrun for youtube_english_video_pipeline to 2026-08-21 12:00:00+00:00, run_after=2026-08-22 12:00:00+00:00
[2026-08-22T09:36:16.919+0000] {processor.py:183} INFO - Processing /opt/airflow/dags/youtube_pipeline.py took 0.174 seconds
[2026-08-22T09:36:47.241+0000] {processor.py:161} INFO - Started process (PID=88209) to work on /opt/airflow/dags/youtube_pipeline.py
[2026-08-22T09:36:47.242+0000] {processor.py:830} INFO - Processing file /opt/airflow/dags/youtube_pipeline.py for tasks to queue
[2026-08-22T09:36:47.244+0000] {logging_mixin.py:188} INFO - [2026-08-22T09:36:47.244+0000] {dagbag.py:545} INFO - Filling up the DagBag from /opt/airflow/dags/youtube_pipeline.py
[2026-08-22T09:36:47.300+0000] {processor.py:840} INFO - DAG(s) 'youtube_english_video_pipeline' retrieved from /opt/airflow/dags/youtube_pipeline.py
[2026-08-22T09:36:47.357+0000] {logging_mixin.py:188} INFO - [2026-08-22T09:36:47.356+0000] {dag.py:3089} INFO - Sync 1 DAGs
[2026-08-22T09:36:47.381+0000] {logging_mixin.py:188} INFO - [2026-08-22T09:36:47.381+0000] {dag.py:3947} INFO - Setting next_dagrun for youtube_english_video_pipeline to 2026-08-21 12:00:00+00:00, run_after=2026-08-22 12:00:00+00:00
[2026-08-22T09:36:47.412+0000] {processor.py:183} INFO - Processing /opt/airflow/dags/youtube_pipeline.py took 0.179 seconds
[2026-08-22T09:37:17.513+0000] {processor.py:161} INFO - Started process (PID=88214) to work on /opt/airflow/dags/youtube_pipeline.py
[2026-08-22T09:37:17.514+0000] {processor.py:830} INFO - Processing file /opt/airflow/dags/youtube_pipeline.py for tasks to queue
[2026-08-22T09:37:17.518+0000] {logging_mixin.py:188} INFO - [2026-08-22T09:37:17.517+0000] {dagbag.py:545} INFO - Filling up the DagBag from /opt/airflow/dags/youtube_pipeline.py
[2026-08-22T09:37:17.564+0000] {processor.py:840} INFO - DAG(s) 'youtube_english_video_pipeline' retrieved from /opt/airflow/dags/youtube_pipeline.py
[2026-08-22T09:37:17.615+0000] {logging_mixin.py:188} INFO - [2026-08-22T09:37:17.614+0000] {dag.py:3089} INFO - Sync 1 DAGs
[2026-08-22T09:37:17.638+0000] {logging_mixin.py:188} INFO - [2026-08-22T09:37:17.638+0000] {dag.py:3947} INFO - Setting next_dagrun for youtube_english_video_pipeline to 2026-08-21 12:00:00+00:00, run_after=2026-08-22 12:00:00+00:00
[2026-08-22T09:37:17.672+0000] {processor.py:183} INFO - Processing /opt/airflow/dags/youtube_pipeline.py took 0.168 seconds
[2026-08-22T09:37:47.997+0000] {processor.py:161} INFO - Started process (PID=88219) to work on /opt/airflow/dags/youtube_pipeline.py
[2026-08-22T09:37:48.001+0000] {processor.py:830} INFO - Processing file /opt/airflow/dags/youtube_pipeline.py for tasks to queue
[2026-08-22T09:37:48.005+0000] {logging_mixin.py:188} INFO - [2026-08-22T09:37:48.004+0000] {dagbag.py:545} INFO - Filling up the DagBag from /opt/airflow/dags/youtube_pipeline.py
[2026-08-22T09:37:48.135+0000] {processor.py:840} INFO - DAG(s) 'youtube_english_video_pipeline' retrieved from /opt/airflow/dags/youtube_pipeline.py
[2026-08-22T09:37:48.188+0000] {logging_mixin.py:188} INFO - [2026-08-22T09:37:48.187+0000] {dag.py:3089} INFO - Sync 1 DAGs
[2026-08-22T09:37:48.214+0000] {logging_mixin.py:188} INFO - [2026-08-22T09:37:48.214+0000] {dag.py:3947} INFO - Setting next_dagrun for youtube_english_video_pipeline to 2026-08-21 12:00:00+00:00, run_after=2026-08-22 12:00:00+00:00
[2026-08-22T09:37:48.247+0000] {processor.py:183} INFO - Processing /opt/airflow/dags/youtube_pipeline.py took 0.260 seconds
[2026-08-22T09:38:18.540+0000] {processor.py:161} INFO - Started process (PID=88224) to work on /opt/airflow/dags/youtube_pipeline.py
[2026-08-22T09:38:18.541+0000] {processor.py:830} INFO - Processing file /opt/airflow/dags/youtube_pipeline.py for tasks to queue
[2026-08-22T09:38:18.543+0000] {logging_mixin.py:188} INFO - [2026-08-22T09:38:18.543+0000] {dagbag.py:545} INFO - Filling up the DagBag from /opt/airflow/dags/youtube_pipeline.py
[2026-08-22T09:38:18.585+0000] {processor.py:840} INFO - DAG(s) 'youtube_english_video_pipeline' retrieved from /opt/airflow/dags/youtube_pipeline.py
[2026-08-22T09:38:18.648+0000] {logging_mixin.py:188} INFO - [2026-08-22T09:38:18.647+0000] {dag.py:3089} INFO - Sync 1 DAGs
[2026-08-22T09:38:18.676+0000] {logging_mixin.py:188} INFO - [2026-08-22T09:38:18.676+0000] {dag.py:3947} INFO - Setting next_dagrun for youtube_english_video_pipeline to 2026-08-21 12:00:00+00:00, run_after=2026-08-22 12:00:00+00:00
[2026-08-22T09:38:18.701+0000] {processor.py:183} INFO - Processing /opt/airflow/dags/youtube_pipeline.py took 0.168 seconds
[2026-08-22T09:38:48.824+0000] {processor.py:161} INFO - Started process (PID=88229) to work on /opt/airflow/dags/youtube_pipeline.py
[2026-08-22T09:38:48.825+0000] {processor.py:830} INFO - Processing file /opt/airflow/dags/youtube_pipeline.py for tasks to queue
[2026-08-22T09:38:48.828+0000] {logging_mixin.py:188} INFO - [2026-08-22T09:38:48.827+0000] {dagbag.py:545} INFO - Filling up the DagBag from /opt/airflow/dags/youtube_pipeline.py
[2026-08-22T09:38:48.875+0000] {processor.py:840} INFO - DAG(s) 'youtube_english_video_pipeline' retrieved from /opt/airflow/dags/youtube_pipeline.py
[2026-08-22T09:38:48.924+0000] {logging_mixin.py:188} INFO - [2026-08-22T09:38:48.924+0000] {dag.py:3089} INFO - Sync 1 DAGs
[2026-08-22T09:38:48.947+0000] {logging_mixin.py:188} INFO - [2026-08-22T09:38:48.947+0000] {dag.py:3947} INFO - Setting next_dagrun for youtube_english_video_pipeline to 2026-08-21 12:00:00+00:00, run_after=2026-08-22 12:00:00+00:00
[2026-08-22T09:38:48.980+0000] {processor.py:183} INFO - Processing /opt/airflow/dags/youtube_pipeline.py took 0.165 seconds
[2026-08-22T09:39:19.282+0000] {processor.py:161} INFO - Started process (PID=88234) to work on /opt/airflow/dags/youtube_pipeline.py
[2026-08-22T09:39:19.283+0000] {processor.py:830} INFO - Processing file /opt/airflow/dags/youtube_pipeline.py for tasks to queue
[2026-08-22T09:39:19.286+0000] {logging_mixin.py:188} INFO - [2026-08-22T09:39:19.285+0000] {dagbag.py:545} INFO - Filling up the DagBag from /opt/airflow/dags/youtube_pipeline.py
[2026-08-22T09:39:19.340+0000] {processor.py:840} INFO - DAG(s) 'youtube_english_video_pipeline' retrieved from /opt/airflow/dags/youtube_pipeline.py
[2026-08-22T09:39:19.385+0000] {logging_mixin.py:188} INFO - [2026-08-22T09:39:19.385+0000] {dag.py:3089} INFO - Sync 1 DAGs
[2026-08-22T09:39:19.414+0000] {logging_mixin.py:188} INFO - [2026-08-22T09:39:19.413+0000] {dag.py:3947} INFO - Setting next_dagrun for youtube_english_video_pipeline to 2026-08-21 12:00:00+00:00, run_after=2026-08-22 12:00:00+00:00
[2026-08-22T09:39:19.446+0000] {processor.py:183} INFO - Processing /opt/airflow/dags/youtube_pipeline.py took 0.172 seconds
[2026-08-22T09:39:49.582+0000] {processor.py:161} INFO - Started process (PID=88239) to work on /opt/airflow/dags/youtube_pipeline.py
[2026-08-22T09:39:49.584+0000] {processor.py:830} INFO - Processing file /opt/airflow/dags/youtube_pipeline.py for tasks to queue
[2026-08-22T09:39:49.588+0000] {logging_mixin.py:188} INFO - [2026-08-22T09:39:49.588+0000] {dagbag.py:545} INFO - Filling up the DagBag from /opt/airflow/dags/youtube_pipeline.py
[2026-08-22T09:39:49.650+0000] {processor.py:840} INFO - DAG(s) 'youtube_english_video_pipeline' retrieved from /opt/airflow/dags/youtube_pipeline.py
[2026-08-22T09:39:49.712+0000] {logging_mixin.py:188} INFO - [2026-08-22T09:39:49.712+0000] {dag.py:3089} INFO - Sync 1 DAGs
[2026-08-22T09:39:49.742+0000] {logging_mixin.py:188} INFO - [2026-08-22T09:39:49.742+0000] {dag.py:3947} INFO - Setting next_dagrun for youtube_english_video_pipeline to 2026-08-21 12:00:00+00:00, run_after=2026-08-22 12:00:00+00:00
[2026-08-22T09:39:49.767+0000] {processor.py:183} INFO - Processing /opt/airflow/dags/youtube_pipeline.py took 0.195 seconds
[2026-08-22T09:40:20.005+0000] {processor.py:161} INFO - Started process (PID=88244) to work on /opt/airflow/dags/youtube_pipeline.py
[2026-08-22T09:40:20.007+0000] {processor.py:830} INFO - Processing file /opt/airflow/dags/youtube_pipeline.py for tasks to queue
[2026-08-22T09:40:20.009+0000] {logging_mixin.py:188} INFO - [2026-08-22T09:40:20.009+0000] {dagbag.py:545} INFO - Filling up the DagBag from /opt/airflow/dags/youtube_pipeline.py
[2026-08-22T09:40:20.054+0000] {processor.py:840} INFO - DAG(s) 'youtube_english_video_pipeline' retrieved from /opt/airflow/dags/youtube_pipeline.py
[2026-08-22T09:40:20.097+0000] {logging_mixin.py:188} INFO - [2026-08-22T09:40:20.097+0000] {dag.py:3089} INFO - Sync 1 DAGs
[2026-08-22T09:40:20.118+0000] {logging_mixin.py:188} INFO - [2026-08-22T09:40:20.117+0000] {dag.py:3947} INFO - Setting next_dagrun for youtube_english_video_pipeline to 2026-08-21 12:00:00+00:00, run_after=2026-08-22 12:00:00+00:00
[2026-08-22T09:40:20.140+0000] {processor.py:183} INFO - Processing /opt/airflow/dags/youtube_pipeline.py took 0.143 seconds
[2026-08-22T09:40:50.487+0000] {processor.py:161} INFO - Started process (PID=88249) to work on /opt/airflow/dags/youtube_pipeline.py
[2026-08-22T09:40:50.489+0000] {processor.py:830} INFO - Processing file /opt/airflow/dags/youtube_pipeline.py for tasks to queue
[2026-08-22T09:40:50.492+0000] {logging_mixin.py:188} INFO - [2026-08-22T09:40:50.491+0000] {dagbag.py:545} INFO - Filling up the DagBag from /opt/airflow/dags/youtube_pipeline.py
[2026-08-22T09:40:50.542+0000] {processor.py:840} INFO - DAG(s) 'youtube_english_video_pipeline' retrieved from /opt/airflow/dags/youtube_pipeline.py
[2026-08-22T09:40:50.597+0000] {logging_mixin.py:188} INFO - [2026-08-22T09:40:50.596+0000] {dag.py:3089} INFO - Sync 1 DAGs
[2026-08-22T09:40:50.623+0000] {logging_mixin.py:188} INFO - [2026-08-22T09:40:50.623+0000] {dag.py:3947} INFO - Setting next_dagrun for youtube_english_video_pipeline to 2026-08-21 12:00:00+00:00, run_after=2026-08-22 12:00:00+00:00
[2026-08-22T09:40:50.662+0000] {processor.py:183} INFO - Processing /opt/airflow/dags/youtube_pipeline.py took 0.184 seconds
[2026-08-22T09:41:20.786+0000] {processor.py:161} INFO - Started process (PID=88254) to work on /opt/airflow/dags/youtube_pipeline.py
[2026-08-22T09:41:20.787+0000] {processor.py:830} INFO - Processing file /opt/airflow/dags/youtube_pipeline.py for tasks to queue
[2026-08-22T09:41:20.790+0000] {logging_mixin.py:188} INFO - [2026-08-22T09:41:20.789+0000] {dagbag.py:545} INFO - Filling up the DagBag from /opt/airflow/dags/youtube_pipeline.py
[2026-08-22T09:41:20.825+0000] {processor.py:840} INFO - DAG(s) 'youtube_english_video_pipeline' retrieved from /opt/airflow/dags/youtube_pipeline.py
[2026-08-22T09:41:20.891+0000] {logging_mixin.py:188} INFO - [2026-08-22T09:41:20.891+0000] {dag.py:3089} INFO - Sync 1 DAGs
[2026-08-22T09:41:20.918+0000] {logging_mixin.py:188} INFO - [2026-08-22T09:41:20.918+0000] {dag.py:3947} INFO - Setting next_dagrun for youtube_english_video_pipeline to 2026-08-21 12:00:00+00:00, run_after=2026-08-22 12:00:00+00:00
[2026-08-22T09:41:20.945+0000] {processor.py:183} INFO - Processing /opt/airflow/dags/youtube_pipeline.py took 0.168 seconds
[2026-08-22T09:41:51.286+0000] {processor.py:161} INFO - Started process (PID=88259) to work on /opt/airflow/dags/youtube_pipeline.py
[2026-08-22T09:41:51.287+0000] {processor.py:830} INFO - Processing file /opt/airflow/dags/youtube_pipeline.py for tasks to queue
[2026-08-22T09:41:51.291+0000] {logging_mixin.py:188} INFO - [2026-08-22T09:41:51.290+0000] {dagbag.py:545} INFO - Filling up the DagBag from /opt/airflow/dags/youtube_pipeline.py
[2026-08-22T09:41:51.341+0000] {processor.py:840} INFO - DAG(s) 'youtube_english_video_pipeline' retrieved from /opt/airflow/dags/youtube_pipeline.py
[2026-08-22T09:41:51.396+0000] {logging_mixin.py:188} INFO - [2026-08-22T09:41:51.395+0000] {dag.py:3089} INFO - Sync 1 DAGs
[2026-08-22T09:41:51.417+0000] {logging_mixin.py:188} INFO - [2026-08-22T09:41:51.417+0000] {dag.py:3947} INFO - Setting next_dagrun for youtube_english_video_pipeline to 2026-08-21 12:00:00+00:00, run_after=2026-08-22 12:00:00+00:00
[2026-08-22T09:41:51.441+0000] {processor.py:183} INFO - Processing /opt/airflow/dags/youtube_pipeline.py took 0.163 seconds
[2026-08-22T09:42:21.688+0000] {processor.py:161} INFO - Started process (PID=88264) to work on /opt/airflow/dags/youtube_pipeline.py
[2026-08-22T09:42:21.690+0000] {processor.py:830} INFO - Processing file /opt/airflow/dags/youtube_pipeline.py for tasks to queue
[2026-08-22T09:42:21.695+0000] {logging_mixin.py:188} INFO - [2026-08-22T09:42:21.694+0000] {dagbag.py:545} INFO - Filling up the DagBag from /opt/airflow/dags/youtube_pipeline.py
[2026-08-22T09:42:21.837+0000] {processor.py:840} INFO - DAG(s) 'youtube_english_video_pipeline' retrieved from /opt/airflow/dags/youtube_pipeline.py
[2026-08-22T09:42:21.888+0000] {logging_mixin.py:188} INFO - [2026-08-22T09:42:21.888+0000] {dag.py:3089} INFO - Sync 1 DAGs
[2026-08-22T09:42:21.911+0000] {logging_mixin.py:188} INFO - [2026-08-22T09:42:21.910+0000] {dag.py:3947} INFO - Setting next_dagrun for youtube_english_video_pipeline to 2026-08-21 12:00:00+00:00, run_after=2026-08-22 12:00:00+00:00
[2026-08-22T09:42:21.941+0000] {processor.py:183} INFO - Processing /opt/airflow/dags/youtube_pipeline.py took 0.266 seconds
[2026-08-22T09:42:52.060+0000] {processor.py:161} INFO - Started process (PID=88269) to work on /opt/airflow/dags/youtube_pipeline.py
[2026-08-22T09:42:52.061+0000] {processor.py:830} INFO - Processing file /opt/airflow/dags/youtube_pipeline.py for tasks to queue
[2026-08-22T09:42:52.063+0000] {logging_mixin.py:188} INFO - [2026-08-22T09:42:52.063+0000] {dagbag.py:545} INFO - Filling up the DagBag from /opt/airflow/dags/youtube_pipeline.py
[2026-08-22T09:42:52.137+0000] {processor.py:840} INFO - DAG(s) 'youtube_english_video_pipeline' retrieved from /opt/airflow/dags/youtube_pipeline.py
[2026-08-22T09:42:52.182+0000] {logging_mixin.py:188} INFO - [2026-08-22T09:42:52.182+0000] {dag.py:3089} INFO - Sync 1 DAGs
[2026-08-22T09:42:52.202+0000] {logging_mixin.py:188} INFO - [2026-08-22T09:42:52.202+0000] {dag.py:3947} INFO - Setting next_dagrun for youtube_english_video_pipeline to 2026-08-21 12:00:00+00:00, run_after=2026-08-22 12:00:00+00:00
[2026-08-22T09:42:52.225+0000] {processor.py:183} INFO - Processing /opt/airflow/dags/youtube_pipeline.py took 0.174 seconds
[2026-08-22T09:43:22.549+0000] {processor.py:161} INFO - Started process (PID=88274) to work on /opt/airflow/dags/youtube_pipeline.py
[2026-08-22T09:43:22.554+0000] {processor.py:830} INFO - Processing file /opt/airflow/dags/youtube_pipeline.py for tasks to queue
[2026-08-22T09:43:22.557+0000] {logging_mixin.py:188} INFO - [2026-08-22T09:43:22.557+0000] {dagbag.py:545} INFO - Filling up the DagBag from /opt/airflow/dags/youtube_pipeline.py
[2026-08-22T09:43:22.645+0000] {processor.py:840} INFO - DAG(s) 'youtube_english_video_pipeline' retrieved from /opt/airflow/dags/youtube_pipeline.py
[2026-08-22T09:43:22.707+0000] {logging_mixin.py:188} INFO - [2026-08-22T09:43:22.707+0000] {dag.py:3089} INFO - Sync 1 DAGs
[2026-08-22T09:43:22.733+0000] {logging_mixin.py:188} INFO - [2026-08-22T09:43:22.733+0000] {dag.py:3947} INFO - Setting next_dagrun for youtube_english_video_pipeline to 2026-08-21 12:00:00+00:00, run_after=2026-08-22 12:00:00+00:00
[2026-08-22T09:43:24.183+0000] {processor.py:183} INFO - Processing /opt/airflow/dags/youtube_pipeline.py took 1.646 seconds
[2026-08-22T09:43:54.569+0000] {processor.py:161} INFO - Started process (PID=88279) to work on /opt/airflow/dags/youtube_pipeline.py
[2026-08-22T09:43:54.571+0000] {processor.py:830} INFO - Processing file /opt/airflow/dags/youtube_pipeline.py for tasks to queue
[2026-08-22T09:43:54.573+0000] {logging_mixin.py:188} INFO - [2026-08-22T09:43:54.572+0000] {dagbag.py:545} INFO - Filling up the DagBag from /opt/airflow/dags/youtube_pipeline.py
[2026-08-22T09:43:54.625+0000] {processor.py:840} INFO - DAG(s) 'youtube_english_video_pipeline' retrieved from /opt/airflow/dags/youtube_pipeline.py
[2026-08-22T09:43:54.682+0000] {logging_mixin.py:188} INFO - [2026-08-22T09:43:54.681+0000] {dag.py:3089} INFO - Sync 1 DAGs
[2026-08-22T09:43:54.705+0000] {logging_mixin.py:188} INFO - [2026-08-22T09:43:54.705+0000] {dag.py:3947} INFO - Setting next_dagrun for youtube_english_video_pipeline to 2026-08-21 12:00:00+00:00, run_after=2026-08-22 12:00:00+00:00
[2026-08-22T09:43:54.729+0000] {processor.py:183} INFO - Processing /opt/airflow/dags/youtube_pipeline.py took 0.167 seconds
[2026-08-22T09:44:24.876+0000] {processor.py:161} INFO - Started process (PID=88284) to work on /opt/airflow/dags/youtube_pipeline.py
[2026-08-22T09:44:24.878+0000] {processor.py:830} INFO - Processing file /opt/airflow/dags/youtube_pipeline.py for tasks to queue
[2026-08-22T09:44:24.882+0000] {logging_mixin.py:188} INFO - [2026-08-22T09:44:24.882+0000] {dagbag.py:545} INFO - Filling up the DagBag from /opt/airflow/dags/youtube_pipeline.py
[2026-08-22T09:44:24.967+0000] {processor.py:840} INFO - DAG(s) 'youtube_english_video_pipeline' retrieved from /opt/airflow/dags/youtube_pipeline.py
[2026-08-22T09:44:25.011+0000] {logging_mixin.py:188} INFO - [2026-08-22T09:44:25.011+0000] {dag.py:3089} INFO - Sync 1 DAGs
[2026-08-22T09:44:25.034+0000] {logging_mixin.py:188} INFO - [2026-08-22T09:44:25.034+0000] {dag.py:3947} INFO - Setting next_dagrun for youtube_english_video_pipeline to 2026-08-21 12:00:00+00:00, run_after=2026-08-22 12:00:00+00:00
[2026-08-22T09:44:25.054+0000] {processor.py:183} INFO - Processing /opt/airflow/dags/youtube_pipeline.py took 0.188 seconds
[2026-08-22T09:44:55.443+0000] {processor.py:161} INFO - Started process (PID=88289) to work on /opt/airflow/dags/youtube_pipeline.py
[2026-08-22T09:44:55.446+0000] {processor.py:830} INFO - Processing file /opt/airflow/dags/youtube_pipeline.py for tasks to queue
[2026-08-22T09:44:55.451+0000] {logging_mixin.py:188} INFO - [2026-08-22T09:44:55.450+0000] {dagbag.py:545} INFO - Filling up the DagBag from /opt/airflow/dags/youtube_pipeline.py
[2026-08-22T09:44:55.581+0000] {processor.py:840} INFO - DAG(s) 'youtube_english_video_pipeline' retrieved from /opt/airflow/dags/youtube_pipeline.py
[2026-08-22T09:44:55.631+0000] {logging_mixin.py:188} INFO - [2026-08-22T09:44:55.631+0000] {dag.py:3089} INFO - Sync 1 DAGs
[2026-08-22T09:44:55.659+0000] {logging_mixin.py:188} INFO - [2026-08-22T09:44:55.659+0000] {dag.py:3947} INFO - Setting next_dagrun for youtube_english_video_pipeline to 2026-08-21 12:00:00+00:00, run_after=2026-08-22 12:00:00+00:00
[2026-08-22T09:44:55.689+0000] {processor.py:183} INFO - Processing /opt/airflow/dags/youtube_pipeline.py took 0.260 seconds
[2026-08-22T09:45:26.030+0000] {processor.py:161} INFO - Started process (PID=88294) to work on /opt/airflow/dags/youtube_pipeline.py
[2026-08-22T09:45:26.032+0000] {processor.py:830} INFO - Processing file /opt/airflow/dags/youtube_pipeline.py for tasks to queue
[2026-08-22T09:45:26.035+0000] {logging_mixin.py:188} INFO - [2026-08-22T09:45:26.034+0000] {dagbag.py:545} INFO - Filling up the DagBag from /opt/airflow/dags/youtube_pipeline.py
[2026-08-22T09:45:26.081+0000] {processor.py:840} INFO - DAG(s) 'youtube_english_video_pipeline' retrieved from /opt/airflow/dags/youtube_pipeline.py
[2026-08-22T09:45:26.125+0000] {logging_mixin.py:188} INFO - [2026-08-22T09:45:26.125+0000] {dag.py:3089} INFO - Sync 1 DAGs
[2026-08-22T09:45:26.146+0000] {logging_mixin.py:188} INFO - [2026-08-22T09:45:26.146+0000] {dag.py:3947} INFO - Setting next_dagrun for youtube_english_video_pipeline to 2026-08-21 12:00:00+00:00, run_after=2026-08-22 12:00:00+00:00
[2026-08-22T09:45:26.451+0000] {processor.py:183} INFO - Processing /opt/airflow/dags/youtube_pipeline.py took 0.428 seconds
[2026-08-22T09:45:56.877+0000] {processor.py:161} INFO - Started process (PID=88299) to work on /opt/airflow/dags/youtube_pipeline.py
[2026-08-22T09:45:56.880+0000] {processor.py:830} INFO - Processing file /opt/airflow/dags/youtube_pipeline.py for tasks to queue
[2026-08-22T09:45:56.884+0000] {logging_mixin.py:188} INFO - [2026-08-22T09:45:56.883+0000] {dagbag.py:545} INFO - Filling up the DagBag from /opt/airflow/dags/youtube_pipeline.py
[2026-08-22T09:45:56.973+0000] {processor.py:840} INFO - DAG(s) 'youtube_english_video_pipeline' retrieved from /opt/airflow/dags/youtube_pipeline.py
[2026-08-22T09:45:57.022+0000] {logging_mixin.py:188} INFO - [2026-08-22T09:45:57.022+0000] {dag.py:3089} INFO - Sync 1 DAGs
[2026-08-22T09:45:57.048+0000] {logging_mixin.py:188} INFO - [2026-08-22T09:45:57.048+0000] {dag.py:3947} INFO - Setting next_dagrun for youtube_english_video_pipeline to 2026-08-21 12:00:00+00:00, run_after=2026-08-22 12:00:00+00:00
[2026-08-22T09:45:57.075+0000] {processor.py:183} INFO - Processing /opt/airflow/dags/youtube_pipeline.py took 0.213 seconds
[2026-08-22T09:46:27.421+0000] {processor.py:161} INFO - Started process (PID=88304) to work on /opt/airflow/dags/youtube_pipeline.py
[2026-08-22T09:46:27.423+0000] {processor.py:830} INFO - Processing file /opt/airflow/dags/youtube_pipeline.py for tasks to queue
[2026-08-22T09:46:27.427+0000] {logging_mixin.py:188} INFO - [2026-08-22T09:46:27.426+0000] {dagbag.py:545} INFO - Filling up the DagBag from /opt/airflow/dags/youtube_pipeline.py
[2026-08-22T09:46:27.516+0000] {processor.py:840} INFO - DAG(s) 'youtube_english_video_pipeline' retrieved from /opt/airflow/dags/youtube_pipeline.py
[2026-08-22T09:46:27.567+0000] {logging_mixin.py:188} INFO - [2026-08-22T09:46:27.566+0000] {dag.py:3089} INFO - Sync 1 DAGs
[2026-08-22T09:46:27.593+0000] {logging_mixin.py:188} INFO - [2026-08-22T09:46:27.593+0000] {dag.py:3947} INFO - Setting next_dagrun for youtube_english_video_pipeline to 2026-08-21 12:00:00+00:00, run_after=2026-08-22 12:00:00+00:00
[2026-08-22T09:46:27.626+0000] {processor.py:183} INFO - Processing /opt/airflow/dags/youtube_pipeline.py took 0.215 seconds
[2026-08-22T09:46:58.084+0000] {processor.py:161} INFO - Started process (PID=88309) to work on /opt/airflow/dags/youtube_pipeline.py
[2026-08-22T09:46:58.088+0000] {processor.py:830} INFO - Processing file /opt/airflow/dags/youtube_pipeline.py for tasks to queue
[2026-08-22T09:46:58.096+0000] {logging_mixin.py:188} INFO - [2026-08-22T09:46:58.095+0000] {dagbag.py:545} INFO - Filling up the DagBag from /opt/airflow/dags/youtube_pipeline.py
[2026-08-22T09:46:58.257+0000] {processor.py:840} INFO - DAG(s) 'youtube_english_video_pipeline' retrieved from /opt/airflow/dags/youtube_pipeline.py
[2026-08-22T09:46:58.350+0000] {logging_mixin.py:188} INFO - [2026-08-22T09:46:58.350+0000] {dag.py:3089} INFO - Sync 1 DAGs
[2026-08-22T09:46:58.406+0000] {logging_mixin.py:188} INFO - [2026-08-22T09:46:58.405+0000] {dag.py:3947} INFO - Setting next_dagrun for youtube_english_video_pipeline to 2026-08-21 12:00:00+00:00, run_after=2026-08-22 12:00:00+00:00
[2026-08-22T09:46:58.449+0000] {processor.py:183} INFO - Processing /opt/airflow/dags/youtube_pipeline.py took 0.390 seconds
[2026-08-22T09:47:28.832+0000] {processor.py:161} INFO - Started process (PID=88314) to work on /opt/airflow/dags/youtube_pipeline.py
[2026-08-22T09:47:28.834+0000] {processor.py:830} INFO - Processing file /opt/airflow/dags/youtube_pipeline.py for tasks to queue
[2026-08-22T09:47:28.836+0000] {logging_mixin.py:188} INFO - [2026-08-22T09:47:28.836+0000] {dagbag.py:545} INFO - Filling up the DagBag from /opt/airflow/dags/youtube_pipeline.py
[2026-08-22T09:47:28.882+0000] {processor.py:840} INFO - DAG(s) 'youtube_english_video_pipeline' retrieved from /opt/airflow/dags/youtube_pipeline.py
[2026-08-22T09:47:28.929+0000] {logging_mixin.py:188} INFO - [2026-08-22T09:47:28.929+0000] {dag.py:3089} INFO - Sync 1 DAGs
[2026-08-22T09:47:28.952+0000] {logging_mixin.py:188} INFO - [2026-08-22T09:47:28.951+0000] {dag.py:3947} INFO - Setting next_dagrun for youtube_english_video_pipeline to 2026-08-21 12:00:00+00:00, run_after=2026-08-22 12:00:00+00:00
[2026-08-22T09:47:28.976+0000] {processor.py:183} INFO - Processing /opt/airflow/dags/youtube_pipeline.py took 0.155 seconds
[2026-08-22T09:47:59.126+0000] {processor.py:161} INFO - Started process (PID=88319) to work on /opt/airflow/dags/youtube_pipeline.py
[2026-08-22T09:47:59.131+0000] {processor.py:830} INFO - Processing file /opt/airflow/dags/youtube_pipeline.py for tasks to queue
[2026-08-22T09:47:59.135+0000] {logging_mixin.py:188} INFO - [2026-08-22T09:47:59.134+0000] {dagbag.py:545} INFO - Filling up the DagBag from /opt/airflow/dags/youtube_pipeline.py
[2026-08-22T09:47:59.242+0000] {processor.py:840} INFO - DAG(s) 'youtube_english_video_pipeline' retrieved from /opt/airflow/dags/youtube_pipeline.py
[2026-08-22T09:47:59.328+0000] {logging_mixin.py:188} INFO - [2026-08-22T09:47:59.327+0000] {dag.py:3089} INFO - Sync 1 DAGs
[2026-08-22T09:47:59.585+0000] {logging_mixin.py:188} INFO - [2026-08-22T09:47:59.585+0000] {dag.py:3947} INFO - Setting next_dagrun for youtube_english_video_pipeline to 2026-08-21 12:00:00+00:00, run_after=2026-08-22 12:00:00+00:00
[2026-08-22T09:47:59.648+0000] {processor.py:183} INFO - Processing /opt/airflow/dags/youtube_pipeline.py took 0.539 seconds
[2026-08-22T09:48:30.099+0000] {processor.py:161} INFO - Started process (PID=88324) to work on /opt/airflow/dags/youtube_pipeline.py
[2026-08-22T09:48:30.100+0000] {processor.py:830} INFO - Processing file /opt/airflow/dags/youtube_pipeline.py for tasks to queue
[2026-08-22T09:48:30.103+0000] {logging_mixin.py:188} INFO - [2026-08-22T09:48:30.103+0000] {dagbag.py:545} INFO - Filling up the DagBag from /opt/airflow/dags/youtube_pipeline.py
[2026-08-22T09:48:30.155+0000] {processor.py:840} INFO - DAG(s) 'youtube_english_video_pipeline' retrieved from /opt/airflow/dags/youtube_pipeline.py
[2026-08-22T09:48:30.201+0000] {logging_mixin.py:188} INFO - [2026-08-22T09:48:30.201+0000] {dag.py:3089} INFO - Sync 1 DAGs
[2026-08-22T09:48:30.223+0000] {logging_mixin.py:188} INFO - [2026-08-22T09:48:30.222+0000] {dag.py:3947} INFO - Setting next_dagrun for youtube_english_video_pipeline to 2026-08-21 12:00:00+00:00, run_after=2026-08-22 12:00:00+00:00
[2026-08-22T09:48:30.246+0000] {processor.py:183} INFO - Processing /opt/airflow/dags/youtube_pipeline.py took 0.157 seconds
[2026-08-22T09:49:00.323+0000] {processor.py:161} INFO - Started process (PID=88329) to work on /opt/airflow/dags/youtube_pipeline.py
[2026-08-22T09:49:00.325+0000] {processor.py:830} INFO - Processing file /opt/airflow/dags/youtube_pipeline.py for tasks to queue
[2026-08-22T09:49:00.327+0000] {logging_mixin.py:188} INFO - [2026-08-22T09:49:00.327+0000] {dagbag.py:545} INFO - Filling up the DagBag from /opt/airflow/dags/youtube_pipeline.py
[2026-08-22T09:49:00.386+0000] {processor.py:840} INFO - DAG(s) 'youtube_english_video_pipeline' retrieved from /opt/airflow/dags/youtube_pipeline.py
[2026-08-22T09:49:00.429+0000] {logging_mixin.py:188} INFO - [2026-08-22T09:49:00.429+0000] {dag.py:3089} INFO - Sync 1 DAGs
[2026-08-22T09:49:00.455+0000] {logging_mixin.py:188} INFO - [2026-08-22T09:49:00.455+0000] {dag.py:3947} INFO - Setting next_dagrun for youtube_english_video_pipeline to 2026-08-21 12:00:00+00:00, run_after=2026-08-22 12:00:00+00:00
[2026-08-22T09:49:00.489+0000] {processor.py:183} INFO - Processing /opt/airflow/dags/youtube_pipeline.py took 0.175 seconds
[2026-08-22T09:49:30.870+0000] {processor.py:161} INFO - Started process (PID=88334) to work on /opt/airflow/dags/youtube_pipeline.py
[2026-08-22T09:49:30.875+0000] {processor.py:830} INFO - Processing file /opt/airflow/dags/youtube_pipeline.py for tasks to queue
[2026-08-22T09:49:30.881+0000] {logging_mixin.py:188} INFO - [2026-08-22T09:49:30.880+0000] {dagbag.py:545} INFO - Filling up the DagBag from /opt/airflow/dags/youtube_pipeline.py
[2026-08-22T09:49:30.945+0000] {processor.py:840} INFO - DAG(s) 'youtube_english_video_pipeline' retrieved from /opt/airflow/dags/youtube_pipeline.py
[2026-08-22T09:49:30.996+0000] {logging_mixin.py:188} INFO - [2026-08-22T09:49:30.996+0000] {dag.py:3089} INFO - Sync 1 DAGs
[2026-08-22T09:49:31.023+0000] {logging_mixin.py:188} INFO - [2026-08-22T09:49:31.023+0000] {dag.py:3947} INFO - Setting next_dagrun for youtube_english_video_pipeline to 2026-08-21 12:00:00+00:00, run_after=2026-08-22 12:00:00+00:00
[2026-08-22T09:49:31.053+0000] {processor.py:183} INFO - Processing /opt/airflow/dags/youtube_pipeline.py took 0.201 seconds
[2026-08-22T09:50:01.388+0000] {processor.py:161} INFO - Started process (PID=88339) to work on /opt/airflow/dags/youtube_pipeline.py
[2026-08-22T09:50:01.390+0000] {processor.py:830} INFO - Processing file /opt/airflow/dags/youtube_pipeline.py for tasks to queue
[2026-08-22T09:50:01.393+0000] {logging_mixin.py:188} INFO - [2026-08-22T09:50:01.392+0000] {dagbag.py:545} INFO - Filling up the DagBag from /opt/airflow/dags/youtube_pipeline.py
[2026-08-22T09:50:01.491+0000] {processor.py:840} INFO - DAG(s) 'youtube_english_video_pipeline' retrieved from /opt/airflow/dags/youtube_pipeline.py
[2026-08-22T09:50:01.547+0000] {logging_mixin.py:188} INFO - [2026-08-22T09:50:01.547+0000] {dag.py:3089} INFO - Sync 1 DAGs
[2026-08-22T09:50:01.727+0000] {logging_mixin.py:188} INFO - [2026-08-22T09:50:01.726+0000] {dag.py:3947} INFO - Setting next_dagrun for youtube_english_video_pipeline to 2026-08-21 12:00:00+00:00, run_after=2026-08-22 12:00:00+00:00
[2026-08-22T09:50:01.754+0000] {processor.py:183} INFO - Processing /opt/airflow/dags/youtube_pipeline.py took 0.383 seconds
[2026-08-22T09:50:32.153+0000] {processor.py:161} INFO - Started process (PID=88344) to work on /opt/airflow/dags/youtube_pipeline.py
[2026-08-22T09:50:32.155+0000] {processor.py:830} INFO - Processing file /opt/airflow/dags/youtube_pipeline.py for tasks to queue
[2026-08-22T09:50:32.157+0000] {logging_mixin.py:188} INFO - [2026-08-22T09:50:32.156+0000] {dagbag.py:545} INFO - Filling up the DagBag from /opt/airflow/dags/youtube_pipeline.py
[2026-08-22T09:50:32.201+0000] {processor.py:840} INFO - DAG(s) 'youtube_english_video_pipeline' retrieved from /opt/airflow/dags/youtube_pipeline.py
[2026-08-22T09:50:32.249+0000] {logging_mixin.py:188} INFO - [2026-08-22T09:50:32.249+0000] {dag.py:3089} INFO - Sync 1 DAGs
[2026-08-22T09:50:32.281+0000] {logging_mixin.py:188} INFO - [2026-08-22T09:50:32.280+0000] {dag.py:3947} INFO - Setting next_dagrun for youtube_english_video_pipeline to 2026-08-21 12:00:00+00:00, run_after=2026-08-22 12:00:00+00:00
[2026-08-22T09:50:32.307+0000] {processor.py:183} INFO - Processing /opt/airflow/dags/youtube_pipeline.py took 0.162 seconds
[2026-08-22T09:51:02.404+0000] {processor.py:161} INFO - Started process (PID=88349) to work on /opt/airflow/dags/youtube_pipeline.py
[2026-08-22T09:51:02.406+0000] {processor.py:830} INFO - Processing file /opt/airflow/dags/youtube_pipeline.py for tasks to queue
[2026-08-22T09:51:02.409+0000] {logging_mixin.py:188} INFO - [2026-08-22T09:51:02.409+0000] {dagbag.py:545} INFO - Filling up the DagBag from /opt/airflow/dags/youtube_pipeline.py
[2026-08-22T09:51:02.470+0000] {processor.py:840} INFO - DAG(s) 'youtube_english_video_pipeline' retrieved from /opt/airflow/dags/youtube_pipeline.py
[2026-08-22T09:51:02.530+0000] {logging_mixin.py:188} INFO - [2026-08-22T09:51:02.529+0000] {dag.py:3089} INFO - Sync 1 DAGs
[2026-08-22T09:51:02.558+0000] {logging_mixin.py:188} INFO - [2026-08-22T09:51:02.558+0000] {dag.py:3947} INFO - Setting next_dagrun for youtube_english_video_pipeline to 2026-08-21 12:00:00+00:00, run_after=2026-08-22 12:00:00+00:00
[2026-08-22T09:51:02.585+0000] {processor.py:183} INFO - Processing /opt/airflow/dags/youtube_pipeline.py took 0.192 seconds
[2026-08-22T09:51:33.050+0000] {processor.py:161} INFO - Started process (PID=88354) to work on /opt/airflow/dags/youtube_pipeline.py
[2026-08-22T09:51:33.052+0000] {processor.py:830} INFO - Processing file /opt/airflow/dags/youtube_pipeline.py for tasks to queue
[2026-08-22T09:51:33.060+0000] {logging_mixin.py:188} INFO - [2026-08-22T09:51:33.059+0000] {dagbag.py:545} INFO - Filling up the DagBag from /opt/airflow/dags/youtube_pipeline.py
[2026-08-22T09:51:33.254+0000] {processor.py:840} INFO - DAG(s) 'youtube_english_video_pipeline' retrieved from /opt/airflow/dags/youtube_pipeline.py
[2026-08-22T09:51:33.312+0000] {logging_mixin.py:188} INFO - [2026-08-22T09:51:33.312+0000] {dag.py:3089} INFO - Sync 1 DAGs
[2026-08-22T09:51:33.338+0000] {logging_mixin.py:188} INFO - [2026-08-22T09:51:33.338+0000] {dag.py:3947} INFO - Setting next_dagrun for youtube_english_video_pipeline to 2026-08-21 12:00:00+00:00, run_after=2026-08-22 12:00:00+00:00
[2026-08-22T09:51:33.388+0000] {processor.py:183} INFO - Processing /opt/airflow/dags/youtube_pipeline.py took 0.351 seconds
[2026-08-22T09:52:03.743+0000] {processor.py:161} INFO - Started process (PID=88359) to work on /opt/airflow/dags/youtube_pipeline.py
[2026-08-22T09:52:03.745+0000] {processor.py:830} INFO - Processing file /opt/airflow/dags/youtube_pipeline.py for tasks to queue
[2026-08-22T09:52:03.748+0000] {logging_mixin.py:188} INFO - [2026-08-22T09:52:03.748+0000] {dagbag.py:545} INFO - Filling up the DagBag from /opt/airflow/dags/youtube_pipeline.py
[2026-08-22T09:52:03.801+0000] {processor.py:840} INFO - DAG(s) 'youtube_english_video_pipeline' retrieved from /opt/airflow/dags/youtube_pipeline.py
[2026-08-22T09:52:03.864+0000] {logging_mixin.py:188} INFO - [2026-08-22T09:52:03.863+0000] {dag.py:3089} INFO - Sync 1 DAGs
[2026-08-22T09:52:04.030+0000] {logging_mixin.py:188} INFO - [2026-08-22T09:52:04.030+0000] {dag.py:3947} INFO - Setting next_dagrun for youtube_english_video_pipeline to 2026-08-21 12:00:00+00:00, run_after=2026-08-22 12:00:00+00:00
[2026-08-22T09:52:04.053+0000] {processor.py:183} INFO - Processing /opt/airflow/dags/youtube_pipeline.py took 0.320 seconds
[2026-08-22T09:52:34.428+0000] {processor.py:161} INFO - Started process (PID=88364) to work on /opt/airflow/dags/youtube_pipeline.py
[2026-08-22T09:52:34.429+0000] {processor.py:830} INFO - Processing file /opt/airflow/dags/youtube_pipeline.py for tasks to queue
[2026-08-22T09:52:34.431+0000] {logging_mixin.py:188} INFO - [2026-08-22T09:52:34.431+0000] {dagbag.py:545} INFO - Filling up the DagBag from /opt/airflow/dags/youtube_pipeline.py
[2026-08-22T09:52:34.480+0000] {processor.py:840} INFO - DAG(s) 'youtube_english_video_pipeline' retrieved from /opt/airflow/dags/youtube_pipeline.py
[2026-08-22T09:52:34.539+0000] {logging_mixin.py:188} INFO - [2026-08-22T09:52:34.538+0000] {dag.py:3089} INFO - Sync 1 DAGs
[2026-08-22T09:52:34.564+0000] {logging_mixin.py:188} INFO - [2026-08-22T09:52:34.564+0000] {dag.py:3947} INFO - Setting next_dagrun for youtube_english_video_pipeline to 2026-08-21 12:00:00+00:00, run_after=2026-08-22 12:00:00+00:00
[2026-08-22T09:52:34.591+0000] {processor.py:183} INFO - Processing /opt/airflow/dags/youtube_pipeline.py took 0.173 seconds
[2026-08-22T09:53:04.689+0000] {processor.py:161} INFO - Started process (PID=88369) to work on /opt/airflow/dags/youtube_pipeline.py
[2026-08-22T09:53:04.691+0000] {processor.py:830} INFO - Processing file /opt/airflow/dags/youtube_pipeline.py for tasks to queue
[2026-08-22T09:53:04.694+0000] {logging_mixin.py:188} INFO - [2026-08-22T09:53:04.693+0000] {dagbag.py:545} INFO - Filling up the DagBag from /opt/airflow/dags/youtube_pipeline.py
[2026-08-22T09:53:04.738+0000] {processor.py:840} INFO - DAG(s) 'youtube_english_video_pipeline' retrieved from /opt/airflow/dags/youtube_pipeline.py
[2026-08-22T09:53:04.786+0000] {logging_mixin.py:188} INFO - [2026-08-22T09:53:04.786+0000] {dag.py:3089} INFO - Sync 1 DAGs
[2026-08-22T09:53:04.812+0000] {logging_mixin.py:188} INFO - [2026-08-22T09:53:04.812+0000] {dag.py:3947} INFO - Setting next_dagrun for youtube_english_video_pipeline to 2026-08-21 12:00:00+00:00, run_after=2026-08-22 12:00:00+00:00
[2026-08-22T09:53:04.847+0000] {processor.py:183} INFO - Processing /opt/airflow/dags/youtube_pipeline.py took 0.168 seconds
[2026-08-22T09:53:35.152+0000] {processor.py:161} INFO - Started process (PID=88374) to work on /opt/airflow/dags/youtube_pipeline.py
[2026-08-22T09:53:35.153+0000] {processor.py:830} INFO - Processing file /opt/airflow/dags/youtube_pipeline.py for tasks to queue
[2026-08-22T09:53:35.155+0000] {logging_mixin.py:188} INFO - [2026-08-22T09:53:35.155+0000] {dagbag.py:545} INFO - Filling up the DagBag from /opt/airflow/dags/youtube_pipeline.py
[2026-08-22T09:53:35.196+0000] {processor.py:840} INFO - DAG(s) 'youtube_english_video_pipeline' retrieved from /opt/airflow/dags/youtube_pipeline.py
[2026-08-22T09:53:35.240+0000] {logging_mixin.py:188} INFO - [2026-08-22T09:53:35.240+0000] {dag.py:3089} INFO - Sync 1 DAGs
[2026-08-22T09:53:35.261+0000] {logging_mixin.py:188} INFO - [2026-08-22T09:53:35.261+0000] {dag.py:3947} INFO - Setting next_dagrun for youtube_english_video_pipeline to 2026-08-21 12:00:00+00:00, run_after=2026-08-22 12:00:00+00:00
[2026-08-22T09:53:35.284+0000] {processor.py:183} INFO - Processing /opt/airflow/dags/youtube_pipeline.py took 0.138 seconds
[2026-08-22T09:54:05.471+0000] {processor.py:161} INFO - Started process (PID=88379) to work on /opt/airflow/dags/youtube_pipeline.py
[2026-08-22T09:54:05.472+0000] {processor.py:830} INFO - Processing file /opt/airflow/dags/youtube_pipeline.py for tasks to queue
[2026-08-22T09:54:05.475+0000] {logging_mixin.py:188} INFO - [2026-08-22T09:54:05.474+0000] {dagbag.py:545} INFO - Filling up the DagBag from /opt/airflow/dags/youtube_pipeline.py
[2026-08-22T09:54:05.515+0000] {processor.py:840} INFO - DAG(s) 'youtube_english_video_pipeline' retrieved from /opt/airflow/dags/youtube_pipeline.py
[2026-08-22T09:54:05.558+0000] {logging_mixin.py:188} INFO - [2026-08-22T09:54:05.558+0000] {dag.py:3089} INFO - Sync 1 DAGs
[2026-08-22T09:54:05.723+0000] {logging_mixin.py:188} INFO - [2026-08-22T09:54:05.722+0000] {dag.py:3947} INFO - Setting next_dagrun for youtube_english_video_pipeline to 2026-08-21 12:00:00+00:00, run_after=2026-08-22 12:00:00+00:00
[2026-08-22T09:54:05.751+0000] {processor.py:183} INFO - Processing /opt/airflow/dags/youtube_pipeline.py took 0.290 seconds
[2026-08-22T09:54:35.957+0000] {processor.py:161} INFO - Started process (PID=88384) to work on /opt/airflow/dags/youtube_pipeline.py
[2026-08-22T09:54:35.959+0000] {processor.py:830} INFO - Processing file /opt/airflow/dags/youtube_pipeline.py for tasks to queue
[2026-08-22T09:54:35.962+0000] {logging_mixin.py:188} INFO - [2026-08-22T09:54:35.961+0000] {dagbag.py:545} INFO - Filling up the DagBag from /opt/airflow/dags/youtube_pipeline.py
[2026-08-22T09:54:36.113+0000] {processor.py:840} INFO - DAG(s) 'youtube_english_video_pipeline' retrieved from /opt/airflow/dags/youtube_pipeline.py
[2026-08-22T09:54:36.160+0000] {logging_mixin.py:188} INFO - [2026-08-22T09:54:36.160+0000] {dag.py:3089} INFO - Sync 1 DAGs
[2026-08-22T09:54:36.208+0000] {logging_mixin.py:188} INFO - [2026-08-22T09:54:36.207+0000] {dag.py:3947} INFO - Setting next_dagrun for youtube_english_video_pipeline to 2026-08-21 12:00:00+00:00, run_after=2026-08-22 12:00:00+00:00
[2026-08-22T09:54:36.243+0000] {processor.py:183} INFO - Processing /opt/airflow/dags/youtube_pipeline.py took 0.298 seconds
[2026-08-22T09:55:06.361+0000] {processor.py:161} INFO - Started process (PID=88389) to work on /opt/airflow/dags/youtube_pipeline.py
[2026-08-22T09:55:06.362+0000] {processor.py:830} INFO - Processing file /opt/airflow/dags/youtube_pipeline.py for tasks to queue
[2026-08-22T09:55:06.365+0000] {logging_mixin.py:188} INFO - [2026-08-22T09:55:06.364+0000] {dagbag.py:545} INFO - Filling up the DagBag from /opt/airflow/dags/youtube_pipeline.py
[2026-08-22T09:55:06.416+0000] {processor.py:840} INFO - DAG(s) 'youtube_english_video_pipeline' retrieved from /opt/airflow/dags/youtube_pipeline.py
[2026-08-22T09:55:06.466+0000] {logging_mixin.py:188} INFO - [2026-08-22T09:55:06.466+0000] {dag.py:3089} INFO - Sync 1 DAGs
[2026-08-22T09:55:06.488+0000] {logging_mixin.py:188} INFO - [2026-08-22T09:55:06.488+0000] {dag.py:3947} INFO - Setting next_dagrun for youtube_english_video_pipeline to 2026-08-21 12:00:00+00:00, run_after=2026-08-22 12:00:00+00:00
[2026-08-22T09:55:06.512+0000] {processor.py:183} INFO - Processing /opt/airflow/dags/youtube_pipeline.py took 0.159 seconds
[2026-08-22T09:55:37.013+0000] {processor.py:161} INFO - Started process (PID=88394) to work on /opt/airflow/dags/youtube_pipeline.py
[2026-08-22T09:55:37.018+0000] {processor.py:830} INFO - Processing file /opt/airflow/dags/youtube_pipeline.py for tasks to queue
[2026-08-22T09:55:37.023+0000] {logging_mixin.py:188} INFO - [2026-08-22T09:55:37.022+0000] {dagbag.py:545} INFO - Filling up the DagBag from /opt/airflow/dags/youtube_pipeline.py
[2026-08-22T09:55:37.176+0000] {processor.py:840} INFO - DAG(s) 'youtube_english_video_pipeline' retrieved from /opt/airflow/dags/youtube_pipeline.py
[2026-08-22T09:55:37.223+0000] {logging_mixin.py:188} INFO - [2026-08-22T09:55:37.223+0000] {dag.py:3089} INFO - Sync 1 DAGs
[2026-08-22T09:55:37.246+0000] {logging_mixin.py:188} INFO - [2026-08-22T09:55:37.246+0000] {dag.py:3947} INFO - Setting next_dagrun for youtube_english_video_pipeline to 2026-08-21 12:00:00+00:00, run_after=2026-08-22 12:00:00+00:00
[2026-08-22T09:55:37.279+0000] {processor.py:183} INFO - Processing /opt/airflow/dags/youtube_pipeline.py took 0.281 seconds
[2026-08-22T09:56:07.744+0000] {processor.py:161} INFO - Started process (PID=88399) to work on /opt/airflow/dags/youtube_pipeline.py
[2026-08-22T09:56:07.748+0000] {processor.py:830} INFO - Processing file /opt/airflow/dags/youtube_pipeline.py for tasks to queue
[2026-08-22T09:56:07.752+0000] {logging_mixin.py:188} INFO - [2026-08-22T09:56:07.752+0000] {dagbag.py:545} INFO - Filling up the DagBag from /opt/airflow/dags/youtube_pipeline.py
[2026-08-22T09:56:07.878+0000] {processor.py:840} INFO - DAG(s) 'youtube_english_video_pipeline' retrieved from /opt/airflow/dags/youtube_pipeline.py
[2026-08-22T09:56:07.929+0000] {logging_mixin.py:188} INFO - [2026-08-22T09:56:07.929+0000] {dag.py:3089} INFO - Sync 1 DAGs
[2026-08-22T09:56:08.116+0000] {logging_mixin.py:188} INFO - [2026-08-22T09:56:08.116+0000] {dag.py:3947} INFO - Setting next_dagrun for youtube_english_video_pipeline to 2026-08-21 12:00:00+00:00, run_after=2026-08-22 12:00:00+00:00
[2026-08-22T09:56:08.139+0000] {processor.py:183} INFO - Processing /opt/airflow/dags/youtube_pipeline.py took 0.412 seconds
[2026-08-22T09:56:38.452+0000] {processor.py:161} INFO - Started process (PID=88404) to work on /opt/airflow/dags/youtube_pipeline.py
[2026-08-22T09:56:38.453+0000] {processor.py:830} INFO - Processing file /opt/airflow/dags/youtube_pipeline.py for tasks to queue
[2026-08-22T09:56:38.456+0000] {logging_mixin.py:188} INFO - [2026-08-22T09:56:38.455+0000] {dagbag.py:545} INFO - Filling up the DagBag from /opt/airflow/dags/youtube_pipeline.py
[2026-08-22T09:56:38.504+0000] {processor.py:840} INFO - DAG(s) 'youtube_english_video_pipeline' retrieved from /opt/airflow/dags/youtube_pipeline.py
[2026-08-22T09:56:38.564+0000] {logging_mixin.py:188} INFO - [2026-08-22T09:56:38.564+0000] {dag.py:3089} INFO - Sync 1 DAGs
[2026-08-22T09:56:38.589+0000] {logging_mixin.py:188} INFO - [2026-08-22T09:56:38.589+0000] {dag.py:3947} INFO - Setting next_dagrun for youtube_english_video_pipeline to 2026-08-21 12:00:00+00:00, run_after=2026-08-22 12:00:00+00:00
[2026-08-22T09:56:38.611+0000] {processor.py:183} INFO - Processing /opt/airflow/dags/youtube_pipeline.py took 0.167 seconds
[2026-08-22T20:29:01.312+0000] {processor.py:161} INFO - Started process (PID=88410) to work on /opt/airflow/dags/youtube_pipeline.py
[2026-08-22T20:29:01.367+0000] {processor.py:830} INFO - Processing file /opt/airflow/dags/youtube_pipeline.py for tasks to queue
[2026-08-22T20:29:01.447+0000] {logging_mixin.py:188} INFO - [2026-08-22T20:29:01.446+0000] {dagbag.py:545} INFO - Filling up the DagBag from /opt/airflow/dags/youtube_pipeline.py
[2026-08-22T20:29:04.918+0000] {processor.py:840} INFO - DAG(s) 'youtube_english_video_pipeline' retrieved from /opt/airflow/dags/youtube_pipeline.py
[2026-08-22T20:29:05.014+0000] {logging_mixin.py:188} INFO - [2026-08-22T20:29:05.013+0000] {dag.py:3089} INFO - Sync 1 DAGs
[2026-08-22T20:29:05.113+0000] {processor.py:183} INFO - Processing /opt/airflow/dags/youtube_pipeline.py took 3.840 seconds
