[2026-09-05T00:31:22.144+0000] {processor.py:161} INFO - Started process (PID=204) to work on /opt/airflow/dags/youtube_pipeline.py
[2026-09-05T00:31:22.146+0000] {processor.py:830} INFO - Processing file /opt/airflow/dags/youtube_pipeline.py for tasks to queue
[2026-09-05T00:31:22.151+0000] {logging_mixin.py:188} INFO - [2026-09-05T00:31:22.150+0000] {dagbag.py:545} INFO - Filling up the DagBag from /opt/airflow/dags/youtube_pipeline.py
[2026-09-05T00:31:22.223+0000] {processor.py:840} INFO - DAG(s) 'youtube_english_video_pipeline' retrieved from /opt/airflow/dags/youtube_pipeline.py
[2026-09-05T00:31:22.310+0000] {logging_mixin.py:188} INFO - [2026-09-05T00:31:22.310+0000] {dag.py:3089} INFO - Sync 1 DAGs
[2026-09-05T00:31:22.365+0000] {processor.py:183} INFO - Processing /opt/airflow/dags/youtube_pipeline.py took 0.231 seconds
[2026-09-05T00:31:52.769+0000] {processor.py:161} INFO - Started process (PID=235) to work on /opt/airflow/dags/youtube_pipeline.py
[2026-09-05T00:31:52.775+0000] {processor.py:830} INFO - Processing file /opt/airflow/dags/youtube_pipeline.py for tasks to queue
[2026-09-05T00:31:52.782+0000] {logging_mixin.py:188} INFO - [2026-09-05T00:31:52.781+0000] {dagbag.py:545} INFO - Filling up the DagBag from /opt/airflow/dags/youtube_pipeline.py
[2026-09-05T00:31:52.874+0000] {processor.py:840} INFO - DAG(s) 'youtube_english_video_pipeline' retrieved from /opt/airflow/dags/youtube_pipeline.py
[2026-09-05T00:31:52.958+0000] {logging_mixin.py:188} INFO - [2026-09-05T00:31:52.958+0000] {dag.py:3089} INFO - Sync 1 DAGs
[2026-09-05T00:31:53.042+0000] {processor.py:183} INFO - Processing /opt/airflow/dags/youtube_pipeline.py took 0.297 seconds
[2026-09-05T00:32:23.454+0000] {processor.py:161} INFO - Started process (PID=246) to work on /opt/airflow/dags/youtube_pipeline.py
[2026-09-05T00:32:23.456+0000] {processor.py:830} INFO - Processing file /opt/airflow/dags/youtube_pipeline.py for tasks to queue
[2026-09-05T00:32:23.459+0000] {logging_mixin.py:188} INFO - [2026-09-05T00:32:23.459+0000] {dagbag.py:545} INFO - Filling up the DagBag from /opt/airflow/dags/youtube_pipeline.py
[2026-09-05T00:32:23.529+0000] {processor.py:840} INFO - DAG(s) 'youtube_english_video_pipeline' retrieved from /opt/airflow/dags/youtube_pipeline.py
[2026-09-05T00:32:23.576+0000] {logging_mixin.py:188} INFO - [2026-09-05T00:32:23.576+0000] {dag.py:3089} INFO - Sync 1 DAGs
[2026-09-05T00:32:23.628+0000] {processor.py:183} INFO - Processing /opt/airflow/dags/youtube_pipeline.py took 0.183 seconds
[2026-09-05T00:32:53.707+0000] {processor.py:161} INFO - Started process (PID=255) to work on /opt/airflow/dags/youtube_pipeline.py
[2026-09-05T00:32:53.709+0000] {processor.py:830} INFO - Processing file /opt/airflow/dags/youtube_pipeline.py for tasks to queue
[2026-09-05T00:32:53.711+0000] {logging_mixin.py:188} INFO - [2026-09-05T00:32:53.711+0000] {dagbag.py:545} INFO - Filling up the DagBag from /opt/airflow/dags/youtube_pipeline.py
[2026-09-05T00:32:53.785+0000] {processor.py:840} INFO - DAG(s) 'youtube_english_video_pipeline' retrieved from /opt/airflow/dags/youtube_pipeline.py
[2026-09-05T00:32:53.846+0000] {logging_mixin.py:188} INFO - [2026-09-05T00:32:53.846+0000] {dag.py:3089} INFO - Sync 1 DAGs
[2026-09-05T00:32:55.019+0000] {processor.py:183} INFO - Processing /opt/airflow/dags/youtube_pipeline.py took 1.323 seconds
[2026-09-05T00:33:25.358+0000] {processor.py:161} INFO - Started process (PID=269) to work on /opt/airflow/dags/youtube_pipeline.py
[2026-09-05T00:33:25.361+0000] {processor.py:830} INFO - Processing file /opt/airflow/dags/youtube_pipeline.py for tasks to queue
[2026-09-05T00:33:25.366+0000] {logging_mixin.py:188} INFO - [2026-09-05T00:33:25.366+0000] {dagbag.py:545} INFO - Filling up the DagBag from /opt/airflow/dags/youtube_pipeline.py
[2026-09-05T00:33:25.447+0000] {processor.py:840} INFO - DAG(s) 'youtube_english_video_pipeline' retrieved from /opt/airflow/dags/youtube_pipeline.py
[2026-09-05T00:33:25.736+0000] {logging_mixin.py:188} INFO - [2026-09-05T00:33:25.736+0000] {dag.py:3089} INFO - Sync 1 DAGs
[2026-09-05T00:33:25.789+0000] {processor.py:183} INFO - Processing /opt/airflow/dags/youtube_pipeline.py took 0.440 seconds
[2026-09-05T00:33:56.373+0000] {processor.py:161} INFO - Started process (PID=525) to work on /opt/airflow/dags/youtube_pipeline.py
[2026-09-05T00:33:56.378+0000] {processor.py:830} INFO - Processing file /opt/airflow/dags/youtube_pipeline.py for tasks to queue
[2026-09-05T00:33:56.384+0000] {logging_mixin.py:188} INFO - [2026-09-05T00:33:56.384+0000] {dagbag.py:545} INFO - Filling up the DagBag from /opt/airflow/dags/youtube_pipeline.py
[2026-09-05T00:33:56.811+0000] {processor.py:840} INFO - DAG(s) 'youtube_english_video_pipeline' retrieved from /opt/airflow/dags/youtube_pipeline.py
[2026-09-05T00:33:56.887+0000] {logging_mixin.py:188} INFO - [2026-09-05T00:33:56.887+0000] {dag.py:3089} INFO - Sync 1 DAGs
[2026-09-05T00:33:56.954+0000] {processor.py:183} INFO - Processing /opt/airflow/dags/youtube_pipeline.py took 0.595 seconds
[2026-09-05T00:34:27.501+0000] {processor.py:161} INFO - Started process (PID=1136) to work on /opt/airflow/dags/youtube_pipeline.py
[2026-09-05T00:34:27.503+0000] {processor.py:830} INFO - Processing file /opt/airflow/dags/youtube_pipeline.py for tasks to queue
[2026-09-05T00:34:27.512+0000] {logging_mixin.py:188} INFO - [2026-09-05T00:34:27.511+0000] {dagbag.py:545} INFO - Filling up the DagBag from /opt/airflow/dags/youtube_pipeline.py
[2026-09-05T00:34:27.584+0000] {processor.py:840} INFO - DAG(s) 'youtube_english_video_pipeline' retrieved from /opt/airflow/dags/youtube_pipeline.py
[2026-09-05T00:34:27.645+0000] {logging_mixin.py:188} INFO - [2026-09-05T00:34:27.644+0000] {dag.py:3089} INFO - Sync 1 DAGs
[2026-09-05T00:34:27.699+0000] {processor.py:183} INFO - Processing /opt/airflow/dags/youtube_pipeline.py took 0.209 seconds
[2026-09-05T00:34:57.914+0000] {processor.py:161} INFO - Started process (PID=1896) to work on /opt/airflow/dags/youtube_pipeline.py
[2026-09-05T00:34:57.918+0000] {processor.py:830} INFO - Processing file /opt/airflow/dags/youtube_pipeline.py for tasks to queue
[2026-09-05T00:34:57.922+0000] {logging_mixin.py:188} INFO - [2026-09-05T00:34:57.921+0000] {dagbag.py:545} INFO - Filling up the DagBag from /opt/airflow/dags/youtube_pipeline.py
[2026-09-05T00:34:57.991+0000] {processor.py:840} INFO - DAG(s) 'youtube_english_video_pipeline' retrieved from /opt/airflow/dags/youtube_pipeline.py
[2026-09-05T00:34:58.060+0000] {logging_mixin.py:188} INFO - [2026-09-05T00:34:58.059+0000] {dag.py:3089} INFO - Sync 1 DAGs
[2026-09-05T00:34:58.116+0000] {processor.py:183} INFO - Processing /opt/airflow/dags/youtube_pipeline.py took 0.210 seconds
[2026-09-05T00:35:28.279+0000] {processor.py:161} INFO - Started process (PID=2807) to work on /opt/airflow/dags/youtube_pipeline.py
[2026-09-05T00:35:28.281+0000] {processor.py:830} INFO - Processing file /opt/airflow/dags/youtube_pipeline.py for tasks to queue
[2026-09-05T00:35:28.284+0000] {logging_mixin.py:188} INFO - [2026-09-05T00:35:28.283+0000] {dagbag.py:545} INFO - Filling up the DagBag from /opt/airflow/dags/youtube_pipeline.py
[2026-09-05T00:35:28.338+0000] {processor.py:840} INFO - DAG(s) 'youtube_english_video_pipeline' retrieved from /opt/airflow/dags/youtube_pipeline.py
[2026-09-05T00:35:28.402+0000] {logging_mixin.py:188} INFO - [2026-09-05T00:35:28.402+0000] {dag.py:3089} INFO - Sync 1 DAGs
[2026-09-05T00:35:28.459+0000] {processor.py:183} INFO - Processing /opt/airflow/dags/youtube_pipeline.py took 0.193 seconds
[2026-09-05T00:35:59.014+0000] {processor.py:161} INFO - Started process (PID=3042) to work on /opt/airflow/dags/youtube_pipeline.py
[2026-09-05T00:35:59.018+0000] {processor.py:830} INFO - Processing file /opt/airflow/dags/youtube_pipeline.py for tasks to queue
[2026-09-05T00:35:59.025+0000] {logging_mixin.py:188} INFO - [2026-09-05T00:35:59.025+0000] {dagbag.py:545} INFO - Filling up the DagBag from /opt/airflow/dags/youtube_pipeline.py
[2026-09-05T00:35:59.369+0000] {processor.py:840} INFO - DAG(s) 'youtube_english_video_pipeline' retrieved from /opt/airflow/dags/youtube_pipeline.py
[2026-09-05T00:35:59.465+0000] {logging_mixin.py:188} INFO - [2026-09-05T00:35:59.464+0000] {dag.py:3089} INFO - Sync 1 DAGs
[2026-09-05T00:35:59.562+0000] {processor.py:183} INFO - Processing /opt/airflow/dags/youtube_pipeline.py took 0.565 seconds
[2026-09-05T00:36:30.115+0000] {processor.py:161} INFO - Started process (PID=3077) to work on /opt/airflow/dags/youtube_pipeline.py
[2026-09-05T00:36:30.121+0000] {processor.py:830} INFO - Processing file /opt/airflow/dags/youtube_pipeline.py for tasks to queue
[2026-09-05T00:36:30.129+0000] {logging_mixin.py:188} INFO - [2026-09-05T00:36:30.128+0000] {dagbag.py:545} INFO - Filling up the DagBag from /opt/airflow/dags/youtube_pipeline.py
[2026-09-05T00:36:30.306+0000] {processor.py:840} INFO - DAG(s) 'youtube_english_video_pipeline' retrieved from /opt/airflow/dags/youtube_pipeline.py
[2026-09-05T00:36:30.395+0000] {logging_mixin.py:188} INFO - [2026-09-05T00:36:30.394+0000] {dag.py:3089} INFO - Sync 1 DAGs
[2026-09-05T00:36:30.450+0000] {processor.py:183} INFO - Processing /opt/airflow/dags/youtube_pipeline.py took 0.356 seconds
[2026-09-05T00:37:00.821+0000] {processor.py:161} INFO - Started process (PID=3335) to work on /opt/airflow/dags/youtube_pipeline.py
[2026-09-05T00:37:00.827+0000] {processor.py:830} INFO - Processing file /opt/airflow/dags/youtube_pipeline.py for tasks to queue
[2026-09-05T00:37:00.832+0000] {logging_mixin.py:188} INFO - [2026-09-05T00:37:00.831+0000] {dagbag.py:545} INFO - Filling up the DagBag from /opt/airflow/dags/youtube_pipeline.py
[2026-09-05T00:37:00.904+0000] {processor.py:840} INFO - DAG(s) 'youtube_english_video_pipeline' retrieved from /opt/airflow/dags/youtube_pipeline.py
[2026-09-05T00:37:00.957+0000] {logging_mixin.py:188} INFO - [2026-09-05T00:37:00.956+0000] {dag.py:3089} INFO - Sync 1 DAGs
[2026-09-05T00:37:01.013+0000] {processor.py:183} INFO - Processing /opt/airflow/dags/youtube_pipeline.py took 0.201 seconds
[2026-09-05T00:37:31.161+0000] {processor.py:161} INFO - Started process (PID=3801) to work on /opt/airflow/dags/youtube_pipeline.py
[2026-09-05T00:37:31.163+0000] {processor.py:830} INFO - Processing file /opt/airflow/dags/youtube_pipeline.py for tasks to queue
[2026-09-05T00:37:31.166+0000] {logging_mixin.py:188} INFO - [2026-09-05T00:37:31.165+0000] {dagbag.py:545} INFO - Filling up the DagBag from /opt/airflow/dags/youtube_pipeline.py
[2026-09-05T00:37:31.233+0000] {processor.py:840} INFO - DAG(s) 'youtube_english_video_pipeline' retrieved from /opt/airflow/dags/youtube_pipeline.py
[2026-09-05T00:37:31.292+0000] {logging_mixin.py:188} INFO - [2026-09-05T00:37:31.291+0000] {dag.py:3089} INFO - Sync 1 DAGs
[2026-09-05T00:37:31.341+0000] {processor.py:183} INFO - Processing /opt/airflow/dags/youtube_pipeline.py took 0.190 seconds
[2026-09-05T00:38:01.561+0000] {processor.py:161} INFO - Started process (PID=4561) to work on /opt/airflow/dags/youtube_pipeline.py
[2026-09-05T00:38:01.563+0000] {processor.py:830} INFO - Processing file /opt/airflow/dags/youtube_pipeline.py for tasks to queue
[2026-09-05T00:38:01.566+0000] {logging_mixin.py:188} INFO - [2026-09-05T00:38:01.565+0000] {dagbag.py:545} INFO - Filling up the DagBag from /opt/airflow/dags/youtube_pipeline.py
[2026-09-05T00:38:01.623+0000] {processor.py:840} INFO - DAG(s) 'youtube_english_video_pipeline' retrieved from /opt/airflow/dags/youtube_pipeline.py
[2026-09-05T00:38:01.678+0000] {logging_mixin.py:188} INFO - [2026-09-05T00:38:01.678+0000] {dag.py:3089} INFO - Sync 1 DAGs
[2026-09-05T00:38:01.728+0000] {processor.py:183} INFO - Processing /opt/airflow/dags/youtube_pipeline.py took 0.179 seconds
[2026-09-05T00:38:31.857+0000] {processor.py:161} INFO - Started process (PID=5321) to work on /opt/airflow/dags/youtube_pipeline.py
[2026-09-05T00:38:31.859+0000] {processor.py:830} INFO - Processing file /opt/airflow/dags/youtube_pipeline.py for tasks to queue
[2026-09-05T00:38:31.861+0000] {logging_mixin.py:188} INFO - [2026-09-05T00:38:31.860+0000] {dagbag.py:545} INFO - Filling up the DagBag from /opt/airflow/dags/youtube_pipeline.py
[2026-09-05T00:38:31.916+0000] {processor.py:840} INFO - DAG(s) 'youtube_english_video_pipeline' retrieved from /opt/airflow/dags/youtube_pipeline.py
[2026-09-05T00:38:31.971+0000] {logging_mixin.py:188} INFO - [2026-09-05T00:38:31.970+0000] {dag.py:3089} INFO - Sync 1 DAGs
[2026-09-05T00:38:32.017+0000] {processor.py:183} INFO - Processing /opt/airflow/dags/youtube_pipeline.py took 0.169 seconds
[2026-09-05T00:39:02.383+0000] {processor.py:161} INFO - Started process (PID=5707) to work on /opt/airflow/dags/youtube_pipeline.py
[2026-09-05T00:39:02.388+0000] {processor.py:830} INFO - Processing file /opt/airflow/dags/youtube_pipeline.py for tasks to queue
[2026-09-05T00:39:02.394+0000] {logging_mixin.py:188} INFO - [2026-09-05T00:39:02.393+0000] {dagbag.py:545} INFO - Filling up the DagBag from /opt/airflow/dags/youtube_pipeline.py
[2026-09-05T00:39:02.527+0000] {processor.py:840} INFO - DAG(s) 'youtube_english_video_pipeline' retrieved from /opt/airflow/dags/youtube_pipeline.py
[2026-09-05T00:39:02.600+0000] {logging_mixin.py:188} INFO - [2026-09-05T00:39:02.599+0000] {dag.py:3089} INFO - Sync 1 DAGs
[2026-09-05T00:39:02.677+0000] {processor.py:183} INFO - Processing /opt/airflow/dags/youtube_pipeline.py took 0.307 seconds
[2026-09-05T00:39:33.059+0000] {processor.py:161} INFO - Started process (PID=5742) to work on /opt/airflow/dags/youtube_pipeline.py
[2026-09-05T00:39:33.063+0000] {processor.py:830} INFO - Processing file /opt/airflow/dags/youtube_pipeline.py for tasks to queue
[2026-09-05T00:39:33.069+0000] {logging_mixin.py:188} INFO - [2026-09-05T00:39:33.068+0000] {dagbag.py:545} INFO - Filling up the DagBag from /opt/airflow/dags/youtube_pipeline.py
[2026-09-05T00:39:33.168+0000] {processor.py:840} INFO - DAG(s) 'youtube_english_video_pipeline' retrieved from /opt/airflow/dags/youtube_pipeline.py
[2026-09-05T00:39:33.245+0000] {logging_mixin.py:188} INFO - [2026-09-05T00:39:33.245+0000] {dag.py:3089} INFO - Sync 1 DAGs
[2026-09-05T00:39:33.321+0000] {processor.py:183} INFO - Processing /opt/airflow/dags/youtube_pipeline.py took 0.275 seconds
[2026-09-05T00:40:03.463+0000] {processor.py:161} INFO - Started process (PID=6155) to work on /opt/airflow/dags/youtube_pipeline.py
[2026-09-05T00:40:03.464+0000] {processor.py:830} INFO - Processing file /opt/airflow/dags/youtube_pipeline.py for tasks to queue
[2026-09-05T00:40:03.467+0000] {logging_mixin.py:188} INFO - [2026-09-05T00:40:03.467+0000] {dagbag.py:545} INFO - Filling up the DagBag from /opt/airflow/dags/youtube_pipeline.py
[2026-09-05T00:40:03.516+0000] {processor.py:840} INFO - DAG(s) 'youtube_english_video_pipeline' retrieved from /opt/airflow/dags/youtube_pipeline.py
[2026-09-05T00:40:03.580+0000] {logging_mixin.py:188} INFO - [2026-09-05T00:40:03.580+0000] {dag.py:3089} INFO - Sync 1 DAGs
[2026-09-05T00:40:03.634+0000] {processor.py:183} INFO - Processing /opt/airflow/dags/youtube_pipeline.py took 0.181 seconds
[2026-09-05T00:40:33.957+0000] {processor.py:161} INFO - Started process (PID=7066) to work on /opt/airflow/dags/youtube_pipeline.py
[2026-09-05T00:40:33.959+0000] {processor.py:830} INFO - Processing file /opt/airflow/dags/youtube_pipeline.py for tasks to queue
[2026-09-05T00:40:33.962+0000] {logging_mixin.py:188} INFO - [2026-09-05T00:40:33.961+0000] {dagbag.py:545} INFO - Filling up the DagBag from /opt/airflow/dags/youtube_pipeline.py
[2026-09-05T00:40:34.039+0000] {processor.py:840} INFO - DAG(s) 'youtube_english_video_pipeline' retrieved from /opt/airflow/dags/youtube_pipeline.py
[2026-09-05T00:40:34.090+0000] {logging_mixin.py:188} INFO - [2026-09-05T00:40:34.090+0000] {dag.py:3089} INFO - Sync 1 DAGs
[2026-09-05T00:40:34.143+0000] {processor.py:183} INFO - Processing /opt/airflow/dags/youtube_pipeline.py took 0.194 seconds
[2026-09-05T00:41:04.520+0000] {processor.py:161} INFO - Started process (PID=7826) to work on /opt/airflow/dags/youtube_pipeline.py
[2026-09-05T00:41:04.527+0000] {processor.py:830} INFO - Processing file /opt/airflow/dags/youtube_pipeline.py for tasks to queue
[2026-09-05T00:41:04.532+0000] {logging_mixin.py:188} INFO - [2026-09-05T00:41:04.532+0000] {dagbag.py:545} INFO - Filling up the DagBag from /opt/airflow/dags/youtube_pipeline.py
[2026-09-05T00:41:04.748+0000] {processor.py:840} INFO - DAG(s) 'youtube_english_video_pipeline' retrieved from /opt/airflow/dags/youtube_pipeline.py
[2026-09-05T00:41:04.804+0000] {logging_mixin.py:188} INFO - [2026-09-05T00:41:04.804+0000] {dag.py:3089} INFO - Sync 1 DAGs
[2026-09-05T00:41:04.870+0000] {processor.py:183} INFO - Processing /opt/airflow/dags/youtube_pipeline.py took 0.366 seconds
[2026-09-05T00:41:35.358+0000] {processor.py:161} INFO - Started process (PID=8284) to work on /opt/airflow/dags/youtube_pipeline.py
[2026-09-05T00:41:35.363+0000] {processor.py:830} INFO - Processing file /opt/airflow/dags/youtube_pipeline.py for tasks to queue
[2026-09-05T00:41:35.370+0000] {logging_mixin.py:188} INFO - [2026-09-05T00:41:35.369+0000] {dagbag.py:545} INFO - Filling up the DagBag from /opt/airflow/dags/youtube_pipeline.py
[2026-09-05T00:41:35.733+0000] {processor.py:840} INFO - DAG(s) 'youtube_english_video_pipeline' retrieved from /opt/airflow/dags/youtube_pipeline.py
[2026-09-05T00:41:35.793+0000] {logging_mixin.py:188} INFO - [2026-09-05T00:41:35.792+0000] {dag.py:3089} INFO - Sync 1 DAGs
[2026-09-05T00:41:35.867+0000] {processor.py:183} INFO - Processing /opt/airflow/dags/youtube_pipeline.py took 0.528 seconds
[2026-09-05T00:42:06.707+0000] {processor.py:161} INFO - Started process (PID=8368) to work on /opt/airflow/dags/youtube_pipeline.py
[2026-09-05T00:42:06.714+0000] {processor.py:830} INFO - Processing file /opt/airflow/dags/youtube_pipeline.py for tasks to queue
[2026-09-05T00:42:06.721+0000] {logging_mixin.py:188} INFO - [2026-09-05T00:42:06.720+0000] {dagbag.py:545} INFO - Filling up the DagBag from /opt/airflow/dags/youtube_pipeline.py
[2026-09-05T00:42:06.997+0000] {processor.py:840} INFO - DAG(s) 'youtube_english_video_pipeline' retrieved from /opt/airflow/dags/youtube_pipeline.py
[2026-09-05T00:42:07.099+0000] {logging_mixin.py:188} INFO - [2026-09-05T00:42:07.099+0000] {dag.py:3089} INFO - Sync 1 DAGs
[2026-09-05T00:42:07.192+0000] {processor.py:183} INFO - Processing /opt/airflow/dags/youtube_pipeline.py took 0.501 seconds
[2026-09-05T00:42:38.018+0000] {processor.py:161} INFO - Started process (PID=8401) to work on /opt/airflow/dags/youtube_pipeline.py
[2026-09-05T00:42:38.023+0000] {processor.py:830} INFO - Processing file /opt/airflow/dags/youtube_pipeline.py for tasks to queue
[2026-09-05T00:42:38.029+0000] {logging_mixin.py:188} INFO - [2026-09-05T00:42:38.029+0000] {dagbag.py:545} INFO - Filling up the DagBag from /opt/airflow/dags/youtube_pipeline.py
[2026-09-05T00:42:38.193+0000] {processor.py:840} INFO - DAG(s) 'youtube_english_video_pipeline' retrieved from /opt/airflow/dags/youtube_pipeline.py
[2026-09-05T00:42:38.244+0000] {logging_mixin.py:188} INFO - [2026-09-05T00:42:38.244+0000] {dag.py:3089} INFO - Sync 1 DAGs
[2026-09-05T00:42:38.305+0000] {processor.py:183} INFO - Processing /opt/airflow/dags/youtube_pipeline.py took 0.296 seconds
[2026-09-05T00:43:08.645+0000] {processor.py:161} INFO - Started process (PID=8669) to work on /opt/airflow/dags/youtube_pipeline.py
[2026-09-05T00:43:08.647+0000] {processor.py:830} INFO - Processing file /opt/airflow/dags/youtube_pipeline.py for tasks to queue
[2026-09-05T00:43:08.654+0000] {logging_mixin.py:188} INFO - [2026-09-05T00:43:08.653+0000] {dagbag.py:545} INFO - Filling up the DagBag from /opt/airflow/dags/youtube_pipeline.py
[2026-09-05T00:43:08.745+0000] {processor.py:840} INFO - DAG(s) 'youtube_english_video_pipeline' retrieved from /opt/airflow/dags/youtube_pipeline.py
[2026-09-05T00:43:08.803+0000] {logging_mixin.py:188} INFO - [2026-09-05T00:43:08.802+0000] {dag.py:3089} INFO - Sync 1 DAGs
[2026-09-05T00:43:08.866+0000] {processor.py:183} INFO - Processing /opt/airflow/dags/youtube_pipeline.py took 0.234 seconds
[2026-09-05T00:43:39.217+0000] {processor.py:161} INFO - Started process (PID=9425) to work on /opt/airflow/dags/youtube_pipeline.py
[2026-09-05T00:43:39.219+0000] {processor.py:830} INFO - Processing file /opt/airflow/dags/youtube_pipeline.py for tasks to queue
[2026-09-05T00:43:39.222+0000] {logging_mixin.py:188} INFO - [2026-09-05T00:43:39.222+0000] {dagbag.py:545} INFO - Filling up the DagBag from /opt/airflow/dags/youtube_pipeline.py
[2026-09-05T00:43:39.314+0000] {processor.py:840} INFO - DAG(s) 'youtube_english_video_pipeline' retrieved from /opt/airflow/dags/youtube_pipeline.py
[2026-09-05T00:43:39.378+0000] {logging_mixin.py:188} INFO - [2026-09-05T00:43:39.377+0000] {dag.py:3089} INFO - Sync 1 DAGs
[2026-09-05T00:43:39.428+0000] {processor.py:183} INFO - Processing /opt/airflow/dags/youtube_pipeline.py took 0.219 seconds
[2026-09-05T00:44:09.519+0000] {processor.py:161} INFO - Started process (PID=10185) to work on /opt/airflow/dags/youtube_pipeline.py
[2026-09-05T00:44:09.522+0000] {processor.py:830} INFO - Processing file /opt/airflow/dags/youtube_pipeline.py for tasks to queue
[2026-09-05T00:44:09.525+0000] {logging_mixin.py:188} INFO - [2026-09-05T00:44:09.525+0000] {dagbag.py:545} INFO - Filling up the DagBag from /opt/airflow/dags/youtube_pipeline.py
[2026-09-05T00:44:09.599+0000] {processor.py:840} INFO - DAG(s) 'youtube_english_video_pipeline' retrieved from /opt/airflow/dags/youtube_pipeline.py
[2026-09-05T00:44:09.657+0000] {logging_mixin.py:188} INFO - [2026-09-05T00:44:09.657+0000] {dag.py:3089} INFO - Sync 1 DAGs
[2026-09-05T00:44:09.710+0000] {processor.py:183} INFO - Processing /opt/airflow/dags/youtube_pipeline.py took 0.200 seconds
[2026-09-05T00:44:40.408+0000] {processor.py:161} INFO - Started process (PID=10794) to work on /opt/airflow/dags/youtube_pipeline.py
[2026-09-05T00:44:40.418+0000] {processor.py:830} INFO - Processing file /opt/airflow/dags/youtube_pipeline.py for tasks to queue
[2026-09-05T00:44:40.426+0000] {logging_mixin.py:188} INFO - [2026-09-05T00:44:40.426+0000] {dagbag.py:545} INFO - Filling up the DagBag from /opt/airflow/dags/youtube_pipeline.py
[2026-09-05T00:44:40.727+0000] {processor.py:840} INFO - DAG(s) 'youtube_english_video_pipeline' retrieved from /opt/airflow/dags/youtube_pipeline.py
[2026-09-05T00:44:40.786+0000] {logging_mixin.py:188} INFO - [2026-09-05T00:44:40.785+0000] {dag.py:3089} INFO - Sync 1 DAGs
[2026-09-05T00:44:40.856+0000] {processor.py:183} INFO - Processing /opt/airflow/dags/youtube_pipeline.py took 0.463 seconds
[2026-09-05T00:45:11.206+0000] {processor.py:161} INFO - Started process (PID=11554) to work on /opt/airflow/dags/youtube_pipeline.py
[2026-09-05T00:45:11.207+0000] {processor.py:830} INFO - Processing file /opt/airflow/dags/youtube_pipeline.py for tasks to queue
[2026-09-05T00:45:11.210+0000] {logging_mixin.py:188} INFO - [2026-09-05T00:45:11.210+0000] {dagbag.py:545} INFO - Filling up the DagBag from /opt/airflow/dags/youtube_pipeline.py
[2026-09-05T00:45:11.272+0000] {processor.py:840} INFO - DAG(s) 'youtube_english_video_pipeline' retrieved from /opt/airflow/dags/youtube_pipeline.py
[2026-09-05T00:45:11.327+0000] {logging_mixin.py:188} INFO - [2026-09-05T00:45:11.326+0000] {dag.py:3089} INFO - Sync 1 DAGs
[2026-09-05T00:45:11.384+0000] {processor.py:183} INFO - Processing /opt/airflow/dags/youtube_pipeline.py took 0.188 seconds
[2026-09-05T00:45:41.536+0000] {processor.py:161} INFO - Started process (PID=11789) to work on /opt/airflow/dags/youtube_pipeline.py
[2026-09-05T00:45:41.539+0000] {processor.py:830} INFO - Processing file /opt/airflow/dags/youtube_pipeline.py for tasks to queue
[2026-09-05T00:45:41.545+0000] {logging_mixin.py:188} INFO - [2026-09-05T00:45:41.544+0000] {dagbag.py:545} INFO - Filling up the DagBag from /opt/airflow/dags/youtube_pipeline.py
[2026-09-05T00:45:41.655+0000] {processor.py:840} INFO - DAG(s) 'youtube_english_video_pipeline' retrieved from /opt/airflow/dags/youtube_pipeline.py
[2026-09-05T00:45:41.740+0000] {logging_mixin.py:188} INFO - [2026-09-05T00:45:41.740+0000] {dag.py:3089} INFO - Sync 1 DAGs
[2026-09-05T00:45:41.817+0000] {processor.py:183} INFO - Processing /opt/airflow/dags/youtube_pipeline.py took 0.297 seconds
[2026-09-05T00:46:12.355+0000] {processor.py:161} INFO - Started process (PID=11819) to work on /opt/airflow/dags/youtube_pipeline.py
[2026-09-05T00:46:12.359+0000] {processor.py:830} INFO - Processing file /opt/airflow/dags/youtube_pipeline.py for tasks to queue
[2026-09-05T00:46:12.362+0000] {logging_mixin.py:188} INFO - [2026-09-05T00:46:12.361+0000] {dagbag.py:545} INFO - Filling up the DagBag from /opt/airflow/dags/youtube_pipeline.py
[2026-09-05T00:46:12.430+0000] {processor.py:840} INFO - DAG(s) 'youtube_english_video_pipeline' retrieved from /opt/airflow/dags/youtube_pipeline.py
[2026-09-05T00:46:12.485+0000] {logging_mixin.py:188} INFO - [2026-09-05T00:46:12.484+0000] {dag.py:3089} INFO - Sync 1 DAGs
[2026-09-05T00:46:12.545+0000] {processor.py:183} INFO - Processing /opt/airflow/dags/youtube_pipeline.py took 0.199 seconds
[2026-09-05T00:46:43.323+0000] {processor.py:161} INFO - Started process (PID=11980) to work on /opt/airflow/dags/youtube_pipeline.py
[2026-09-05T00:46:43.324+0000] {processor.py:830} INFO - Processing file /opt/airflow/dags/youtube_pipeline.py for tasks to queue
[2026-09-05T00:46:43.328+0000] {logging_mixin.py:188} INFO - [2026-09-05T00:46:43.328+0000] {dagbag.py:545} INFO - Filling up the DagBag from /opt/airflow/dags/youtube_pipeline.py
[2026-09-05T00:46:43.400+0000] {processor.py:840} INFO - DAG(s) 'youtube_english_video_pipeline' retrieved from /opt/airflow/dags/youtube_pipeline.py
[2026-09-05T00:46:43.466+0000] {logging_mixin.py:188} INFO - [2026-09-05T00:46:43.466+0000] {dag.py:3089} INFO - Sync 1 DAGs
[2026-09-05T00:46:43.527+0000] {processor.py:183} INFO - Processing /opt/airflow/dags/youtube_pipeline.py took 0.217 seconds
[2026-09-05T00:47:14.061+0000] {processor.py:161} INFO - Started process (PID=12393) to work on /opt/airflow/dags/youtube_pipeline.py
[2026-09-05T00:47:14.069+0000] {processor.py:830} INFO - Processing file /opt/airflow/dags/youtube_pipeline.py for tasks to queue
[2026-09-05T00:47:14.078+0000] {logging_mixin.py:188} INFO - [2026-09-05T00:47:14.078+0000] {dagbag.py:545} INFO - Filling up the DagBag from /opt/airflow/dags/youtube_pipeline.py
[2026-09-05T00:47:14.640+0000] {processor.py:840} INFO - DAG(s) 'youtube_english_video_pipeline' retrieved from /opt/airflow/dags/youtube_pipeline.py
[2026-09-05T00:47:14.717+0000] {logging_mixin.py:188} INFO - [2026-09-05T00:47:14.716+0000] {dag.py:3089} INFO - Sync 1 DAGs
[2026-09-05T00:47:14.775+0000] {processor.py:183} INFO - Processing /opt/airflow/dags/youtube_pipeline.py took 0.728 seconds
[2026-09-05T00:47:45.122+0000] {processor.py:161} INFO - Started process (PID=13154) to work on /opt/airflow/dags/youtube_pipeline.py
[2026-09-05T00:47:45.124+0000] {processor.py:830} INFO - Processing file /opt/airflow/dags/youtube_pipeline.py for tasks to queue
[2026-09-05T00:47:45.126+0000] {logging_mixin.py:188} INFO - [2026-09-05T00:47:45.126+0000] {dagbag.py:545} INFO - Filling up the DagBag from /opt/airflow/dags/youtube_pipeline.py
[2026-09-05T00:47:45.194+0000] {processor.py:840} INFO - DAG(s) 'youtube_english_video_pipeline' retrieved from /opt/airflow/dags/youtube_pipeline.py
[2026-09-05T00:47:45.242+0000] {logging_mixin.py:188} INFO - [2026-09-05T00:47:45.242+0000] {dag.py:3089} INFO - Sync 1 DAGs
[2026-09-05T00:47:45.337+0000] {processor.py:183} INFO - Processing /opt/airflow/dags/youtube_pipeline.py took 0.223 seconds
[2026-09-05T00:48:15.630+0000] {processor.py:161} INFO - Started process (PID=13913) to work on /opt/airflow/dags/youtube_pipeline.py
[2026-09-05T00:48:15.634+0000] {processor.py:830} INFO - Processing file /opt/airflow/dags/youtube_pipeline.py for tasks to queue
[2026-09-05T00:48:15.639+0000] {logging_mixin.py:188} INFO - [2026-09-05T00:48:15.638+0000] {dagbag.py:545} INFO - Filling up the DagBag from /opt/airflow/dags/youtube_pipeline.py
[2026-09-05T00:48:15.801+0000] {processor.py:840} INFO - DAG(s) 'youtube_english_video_pipeline' retrieved from /opt/airflow/dags/youtube_pipeline.py
[2026-09-05T00:48:15.860+0000] {logging_mixin.py:188} INFO - [2026-09-05T00:48:15.860+0000] {dag.py:3089} INFO - Sync 1 DAGs
[2026-09-05T00:48:15.932+0000] {processor.py:183} INFO - Processing /opt/airflow/dags/youtube_pipeline.py took 0.323 seconds
[2026-09-05T00:48:46.373+0000] {processor.py:161} INFO - Started process (PID=14673) to work on /opt/airflow/dags/youtube_pipeline.py
[2026-09-05T00:48:46.376+0000] {processor.py:830} INFO - Processing file /opt/airflow/dags/youtube_pipeline.py for tasks to queue
[2026-09-05T00:48:46.378+0000] {logging_mixin.py:188} INFO - [2026-09-05T00:48:46.378+0000] {dagbag.py:545} INFO - Filling up the DagBag from /opt/airflow/dags/youtube_pipeline.py
[2026-09-05T00:48:46.430+0000] {processor.py:840} INFO - DAG(s) 'youtube_english_video_pipeline' retrieved from /opt/airflow/dags/youtube_pipeline.py
[2026-09-05T00:48:46.474+0000] {logging_mixin.py:188} INFO - [2026-09-05T00:48:46.474+0000] {dag.py:3089} INFO - Sync 1 DAGs
[2026-09-05T00:48:46.526+0000] {processor.py:183} INFO - Processing /opt/airflow/dags/youtube_pipeline.py took 0.161 seconds
[2026-09-05T00:49:16.897+0000] {processor.py:161} INFO - Started process (PID=15210) to work on /opt/airflow/dags/youtube_pipeline.py
[2026-09-05T00:49:16.901+0000] {processor.py:830} INFO - Processing file /opt/airflow/dags/youtube_pipeline.py for tasks to queue
[2026-09-05T00:49:16.909+0000] {logging_mixin.py:188} INFO - [2026-09-05T00:49:16.909+0000] {dagbag.py:545} INFO - Filling up the DagBag from /opt/airflow/dags/youtube_pipeline.py
[2026-09-05T00:49:17.013+0000] {processor.py:840} INFO - DAG(s) 'youtube_english_video_pipeline' retrieved from /opt/airflow/dags/youtube_pipeline.py
[2026-09-05T00:49:17.089+0000] {logging_mixin.py:188} INFO - [2026-09-05T00:49:17.089+0000] {dag.py:3089} INFO - Sync 1 DAGs
[2026-09-05T00:49:17.171+0000] {processor.py:183} INFO - Processing /opt/airflow/dags/youtube_pipeline.py took 0.286 seconds
[2026-09-05T00:49:47.498+0000] {processor.py:161} INFO - Started process (PID=15236) to work on /opt/airflow/dags/youtube_pipeline.py
[2026-09-05T00:49:47.500+0000] {processor.py:830} INFO - Processing file /opt/airflow/dags/youtube_pipeline.py for tasks to queue
[2026-09-05T00:49:47.502+0000] {logging_mixin.py:188} INFO - [2026-09-05T00:49:47.502+0000] {dagbag.py:545} INFO - Filling up the DagBag from /opt/airflow/dags/youtube_pipeline.py
[2026-09-05T00:49:47.572+0000] {processor.py:840} INFO - DAG(s) 'youtube_english_video_pipeline' retrieved from /opt/airflow/dags/youtube_pipeline.py
[2026-09-05T00:49:47.625+0000] {logging_mixin.py:188} INFO - [2026-09-05T00:49:47.624+0000] {dag.py:3089} INFO - Sync 1 DAGs
[2026-09-05T00:49:47.679+0000] {processor.py:183} INFO - Processing /opt/airflow/dags/youtube_pipeline.py took 0.190 seconds
[2026-09-05T00:50:18.332+0000] {processor.py:161} INFO - Started process (PID=15248) to work on /opt/airflow/dags/youtube_pipeline.py
[2026-09-05T00:50:18.333+0000] {processor.py:830} INFO - Processing file /opt/airflow/dags/youtube_pipeline.py for tasks to queue
[2026-09-05T00:50:18.336+0000] {logging_mixin.py:188} INFO - [2026-09-05T00:50:18.336+0000] {dagbag.py:545} INFO - Filling up the DagBag from /opt/airflow/dags/youtube_pipeline.py
[2026-09-05T00:50:18.440+0000] {processor.py:840} INFO - DAG(s) 'youtube_english_video_pipeline' retrieved from /opt/airflow/dags/youtube_pipeline.py
[2026-09-05T00:50:18.529+0000] {logging_mixin.py:188} INFO - [2026-09-05T00:50:18.529+0000] {dag.py:3089} INFO - Sync 1 DAGs
[2026-09-05T00:50:18.601+0000] {processor.py:183} INFO - Processing /opt/airflow/dags/youtube_pipeline.py took 0.278 seconds
[2026-09-05T00:50:48.960+0000] {processor.py:161} INFO - Started process (PID=15287) to work on /opt/airflow/dags/youtube_pipeline.py
[2026-09-05T00:50:48.978+0000] {processor.py:830} INFO - Processing file /opt/airflow/dags/youtube_pipeline.py for tasks to queue
[2026-09-05T00:50:48.990+0000] {logging_mixin.py:188} INFO - [2026-09-05T00:50:48.989+0000] {dagbag.py:545} INFO - Filling up the DagBag from /opt/airflow/dags/youtube_pipeline.py
[2026-09-05T00:50:49.141+0000] {processor.py:840} INFO - DAG(s) 'youtube_english_video_pipeline' retrieved from /opt/airflow/dags/youtube_pipeline.py
[2026-09-05T00:50:49.199+0000] {logging_mixin.py:188} INFO - [2026-09-05T00:50:49.199+0000] {dag.py:3089} INFO - Sync 1 DAGs
[2026-09-05T00:50:49.261+0000] {processor.py:183} INFO - Processing /opt/airflow/dags/youtube_pipeline.py took 0.318 seconds
[2026-09-05T00:51:19.607+0000] {processor.py:161} INFO - Started process (PID=15553) to work on /opt/airflow/dags/youtube_pipeline.py
[2026-09-05T00:51:19.609+0000] {processor.py:830} INFO - Processing file /opt/airflow/dags/youtube_pipeline.py for tasks to queue
[2026-09-05T00:51:19.612+0000] {logging_mixin.py:188} INFO - [2026-09-05T00:51:19.612+0000] {dagbag.py:545} INFO - Filling up the DagBag from /opt/airflow/dags/youtube_pipeline.py
[2026-09-05T00:51:19.704+0000] {processor.py:840} INFO - DAG(s) 'youtube_english_video_pipeline' retrieved from /opt/airflow/dags/youtube_pipeline.py
[2026-09-05T00:51:19.760+0000] {logging_mixin.py:188} INFO - [2026-09-05T00:51:19.760+0000] {dag.py:3089} INFO - Sync 1 DAGs
[2026-09-05T00:51:19.808+0000] {processor.py:183} INFO - Processing /opt/airflow/dags/youtube_pipeline.py took 0.211 seconds
[2026-09-05T00:51:50.081+0000] {processor.py:161} INFO - Started process (PID=16330) to work on /opt/airflow/dags/youtube_pipeline.py
[2026-09-05T00:51:50.083+0000] {processor.py:830} INFO - Processing file /opt/airflow/dags/youtube_pipeline.py for tasks to queue
[2026-09-05T00:51:50.086+0000] {logging_mixin.py:188} INFO - [2026-09-05T00:51:50.085+0000] {dagbag.py:545} INFO - Filling up the DagBag from /opt/airflow/dags/youtube_pipeline.py
[2026-09-05T00:51:50.176+0000] {processor.py:840} INFO - DAG(s) 'youtube_english_video_pipeline' retrieved from /opt/airflow/dags/youtube_pipeline.py
[2026-09-05T00:51:50.232+0000] {logging_mixin.py:188} INFO - [2026-09-05T00:51:50.232+0000] {dag.py:3089} INFO - Sync 1 DAGs
[2026-09-05T00:51:50.278+0000] {processor.py:183} INFO - Processing /opt/airflow/dags/youtube_pipeline.py took 0.209 seconds
[2026-09-05T00:52:20.448+0000] {processor.py:161} INFO - Started process (PID=16638) to work on /opt/airflow/dags/youtube_pipeline.py
[2026-09-05T00:52:20.451+0000] {processor.py:830} INFO - Processing file /opt/airflow/dags/youtube_pipeline.py for tasks to queue
[2026-09-05T00:52:20.457+0000] {logging_mixin.py:188} INFO - [2026-09-05T00:52:20.456+0000] {dagbag.py:545} INFO - Filling up the DagBag from /opt/airflow/dags/youtube_pipeline.py
[2026-09-05T00:52:20.576+0000] {processor.py:840} INFO - DAG(s) 'youtube_english_video_pipeline' retrieved from /opt/airflow/dags/youtube_pipeline.py
[2026-09-05T00:52:20.651+0000] {logging_mixin.py:188} INFO - [2026-09-05T00:52:20.651+0000] {dag.py:3089} INFO - Sync 1 DAGs
[2026-09-05T00:52:20.720+0000] {processor.py:183} INFO - Processing /opt/airflow/dags/youtube_pipeline.py took 0.293 seconds
[2026-09-05T00:52:50.998+0000] {processor.py:161} INFO - Started process (PID=17401) to work on /opt/airflow/dags/youtube_pipeline.py
[2026-09-05T00:52:51.000+0000] {processor.py:830} INFO - Processing file /opt/airflow/dags/youtube_pipeline.py for tasks to queue
[2026-09-05T00:52:51.002+0000] {logging_mixin.py:188} INFO - [2026-09-05T00:52:51.002+0000] {dagbag.py:545} INFO - Filling up the DagBag from /opt/airflow/dags/youtube_pipeline.py
[2026-09-05T00:52:51.060+0000] {processor.py:840} INFO - DAG(s) 'youtube_english_video_pipeline' retrieved from /opt/airflow/dags/youtube_pipeline.py
[2026-09-05T00:52:51.114+0000] {logging_mixin.py:188} INFO - [2026-09-05T00:52:51.114+0000] {dag.py:3089} INFO - Sync 1 DAGs
[2026-09-05T00:52:51.160+0000] {processor.py:183} INFO - Processing /opt/airflow/dags/youtube_pipeline.py took 0.173 seconds
[2026-09-05T00:53:21.246+0000] {processor.py:161} INFO - Started process (PID=18181) to work on /opt/airflow/dags/youtube_pipeline.py
[2026-09-05T00:53:21.248+0000] {processor.py:830} INFO - Processing file /opt/airflow/dags/youtube_pipeline.py for tasks to queue
[2026-09-05T00:53:21.250+0000] {logging_mixin.py:188} INFO - [2026-09-05T00:53:21.250+0000] {dagbag.py:545} INFO - Filling up the DagBag from /opt/airflow/dags/youtube_pipeline.py
[2026-09-05T00:53:21.284+0000] {processor.py:840} INFO - DAG(s) 'youtube_english_video_pipeline' retrieved from /opt/airflow/dags/youtube_pipeline.py
[2026-09-05T00:53:21.335+0000] {logging_mixin.py:188} INFO - [2026-09-05T00:53:21.334+0000] {dag.py:3089} INFO - Sync 1 DAGs
[2026-09-05T00:53:21.385+0000] {processor.py:183} INFO - Processing /opt/airflow/dags/youtube_pipeline.py took 0.146 seconds
[2026-09-05T00:53:51.567+0000] {processor.py:161} INFO - Started process (PID=18694) to work on /opt/airflow/dags/youtube_pipeline.py
[2026-09-05T00:53:51.569+0000] {processor.py:830} INFO - Processing file /opt/airflow/dags/youtube_pipeline.py for tasks to queue
[2026-09-05T00:53:51.573+0000] {logging_mixin.py:188} INFO - [2026-09-05T00:53:51.572+0000] {dagbag.py:545} INFO - Filling up the DagBag from /opt/airflow/dags/youtube_pipeline.py
[2026-09-05T00:53:51.663+0000] {processor.py:840} INFO - DAG(s) 'youtube_english_video_pipeline' retrieved from /opt/airflow/dags/youtube_pipeline.py
[2026-09-05T00:53:51.741+0000] {logging_mixin.py:188} INFO - [2026-09-05T00:53:51.740+0000] {dag.py:3089} INFO - Sync 1 DAGs
[2026-09-05T00:53:51.808+0000] {processor.py:183} INFO - Processing /opt/airflow/dags/youtube_pipeline.py took 0.257 seconds
[2026-09-05T00:54:21.954+0000] {processor.py:161} INFO - Started process (PID=18725) to work on /opt/airflow/dags/youtube_pipeline.py
[2026-09-05T00:54:21.956+0000] {processor.py:830} INFO - Processing file /opt/airflow/dags/youtube_pipeline.py for tasks to queue
[2026-09-05T00:54:21.959+0000] {logging_mixin.py:188} INFO - [2026-09-05T00:54:21.958+0000] {dagbag.py:545} INFO - Filling up the DagBag from /opt/airflow/dags/youtube_pipeline.py
[2026-09-05T00:54:22.025+0000] {processor.py:840} INFO - DAG(s) 'youtube_english_video_pipeline' retrieved from /opt/airflow/dags/youtube_pipeline.py
[2026-09-05T00:54:22.073+0000] {logging_mixin.py:188} INFO - [2026-09-05T00:54:22.072+0000] {dag.py:3089} INFO - Sync 1 DAGs
[2026-09-05T00:54:22.118+0000] {processor.py:183} INFO - Processing /opt/airflow/dags/youtube_pipeline.py took 0.174 seconds
[2026-09-05T00:54:52.564+0000] {processor.py:161} INFO - Started process (PID=18764) to work on /opt/airflow/dags/youtube_pipeline.py
[2026-09-05T00:54:52.565+0000] {processor.py:830} INFO - Processing file /opt/airflow/dags/youtube_pipeline.py for tasks to queue
[2026-09-05T00:54:52.567+0000] {logging_mixin.py:188} INFO - [2026-09-05T00:54:52.567+0000] {dagbag.py:545} INFO - Filling up the DagBag from /opt/airflow/dags/youtube_pipeline.py
[2026-09-05T00:54:52.610+0000] {processor.py:840} INFO - DAG(s) 'youtube_english_video_pipeline' retrieved from /opt/airflow/dags/youtube_pipeline.py
[2026-09-05T00:54:52.657+0000] {logging_mixin.py:188} INFO - [2026-09-05T00:54:52.657+0000] {dag.py:3089} INFO - Sync 1 DAGs
[2026-09-05T00:54:52.711+0000] {processor.py:183} INFO - Processing /opt/airflow/dags/youtube_pipeline.py took 0.155 seconds
[2026-09-05T00:55:22.965+0000] {processor.py:161} INFO - Started process (PID=19031) to work on /opt/airflow/dags/youtube_pipeline.py
[2026-09-05T00:55:22.968+0000] {processor.py:830} INFO - Processing file /opt/airflow/dags/youtube_pipeline.py for tasks to queue
[2026-09-05T00:55:22.972+0000] {logging_mixin.py:188} INFO - [2026-09-05T00:55:22.972+0000] {dagbag.py:545} INFO - Filling up the DagBag from /opt/airflow/dags/youtube_pipeline.py
[2026-09-05T00:55:23.077+0000] {processor.py:840} INFO - DAG(s) 'youtube_english_video_pipeline' retrieved from /opt/airflow/dags/youtube_pipeline.py
[2026-09-05T00:55:23.143+0000] {logging_mixin.py:188} INFO - [2026-09-05T00:55:23.142+0000] {dag.py:3089} INFO - Sync 1 DAGs
[2026-09-05T00:55:23.197+0000] {processor.py:183} INFO - Processing /opt/airflow/dags/youtube_pipeline.py took 0.249 seconds
[2026-09-05T00:55:53.428+0000] {processor.py:161} INFO - Started process (PID=19666) to work on /opt/airflow/dags/youtube_pipeline.py
[2026-09-05T00:55:53.433+0000] {processor.py:830} INFO - Processing file /opt/airflow/dags/youtube_pipeline.py for tasks to queue
[2026-09-05T00:55:53.440+0000] {logging_mixin.py:188} INFO - [2026-09-05T00:55:53.439+0000] {dagbag.py:545} INFO - Filling up the DagBag from /opt/airflow/dags/youtube_pipeline.py
[2026-09-05T00:55:53.549+0000] {processor.py:840} INFO - DAG(s) 'youtube_english_video_pipeline' retrieved from /opt/airflow/dags/youtube_pipeline.py
[2026-09-05T00:55:53.598+0000] {logging_mixin.py:188} INFO - [2026-09-05T00:55:53.597+0000] {dag.py:3089} INFO - Sync 1 DAGs
[2026-09-05T00:55:53.653+0000] {processor.py:183} INFO - Processing /opt/airflow/dags/youtube_pipeline.py took 0.242 seconds
[2026-09-05T00:56:23.798+0000] {processor.py:161} INFO - Started process (PID=20553) to work on /opt/airflow/dags/youtube_pipeline.py
[2026-09-05T00:56:23.801+0000] {processor.py:830} INFO - Processing file /opt/airflow/dags/youtube_pipeline.py for tasks to queue
[2026-09-05T00:56:23.804+0000] {logging_mixin.py:188} INFO - [2026-09-05T00:56:23.804+0000] {dagbag.py:545} INFO - Filling up the DagBag from /opt/airflow/dags/youtube_pipeline.py
[2026-09-05T00:56:23.896+0000] {processor.py:840} INFO - DAG(s) 'youtube_english_video_pipeline' retrieved from /opt/airflow/dags/youtube_pipeline.py
[2026-09-05T00:56:23.949+0000] {logging_mixin.py:188} INFO - [2026-09-05T00:56:23.949+0000] {dag.py:3089} INFO - Sync 1 DAGs
[2026-09-05T00:56:24.001+0000] {processor.py:183} INFO - Processing /opt/airflow/dags/youtube_pipeline.py took 0.214 seconds
[2026-09-05T00:56:54.364+0000] {processor.py:161} INFO - Started process (PID=21313) to work on /opt/airflow/dags/youtube_pipeline.py
[2026-09-05T00:56:54.366+0000] {processor.py:830} INFO - Processing file /opt/airflow/dags/youtube_pipeline.py for tasks to queue
[2026-09-05T00:56:54.373+0000] {logging_mixin.py:188} INFO - [2026-09-05T00:56:54.372+0000] {dagbag.py:545} INFO - Filling up the DagBag from /opt/airflow/dags/youtube_pipeline.py
[2026-09-05T00:56:54.463+0000] {processor.py:840} INFO - DAG(s) 'youtube_english_video_pipeline' retrieved from /opt/airflow/dags/youtube_pipeline.py
[2026-09-05T00:56:54.515+0000] {logging_mixin.py:188} INFO - [2026-09-05T00:56:54.515+0000] {dag.py:3089} INFO - Sync 1 DAGs
[2026-09-05T00:56:54.562+0000] {processor.py:183} INFO - Processing /opt/airflow/dags/youtube_pipeline.py took 0.207 seconds
[2026-09-05T00:57:24.654+0000] {processor.py:161} INFO - Started process (PID=22089) to work on /opt/airflow/dags/youtube_pipeline.py
[2026-09-05T00:57:24.655+0000] {processor.py:830} INFO - Processing file /opt/airflow/dags/youtube_pipeline.py for tasks to queue
[2026-09-05T00:57:24.658+0000] {logging_mixin.py:188} INFO - [2026-09-05T00:57:24.658+0000] {dagbag.py:545} INFO - Filling up the DagBag from /opt/airflow/dags/youtube_pipeline.py
[2026-09-05T00:57:24.725+0000] {processor.py:840} INFO - DAG(s) 'youtube_english_video_pipeline' retrieved from /opt/airflow/dags/youtube_pipeline.py
[2026-09-05T00:57:24.775+0000] {logging_mixin.py:188} INFO - [2026-09-05T00:57:24.775+0000] {dag.py:3089} INFO - Sync 1 DAGs
[2026-09-05T00:57:24.824+0000] {processor.py:183} INFO - Processing /opt/airflow/dags/youtube_pipeline.py took 0.180 seconds
[2026-09-05T00:57:54.989+0000] {processor.py:161} INFO - Started process (PID=22173) to work on /opt/airflow/dags/youtube_pipeline.py
[2026-09-05T00:57:54.991+0000] {processor.py:830} INFO - Processing file /opt/airflow/dags/youtube_pipeline.py for tasks to queue
[2026-09-05T00:57:54.995+0000] {logging_mixin.py:188} INFO - [2026-09-05T00:57:54.994+0000] {dagbag.py:545} INFO - Filling up the DagBag from /opt/airflow/dags/youtube_pipeline.py
[2026-09-05T00:57:55.070+0000] {processor.py:840} INFO - DAG(s) 'youtube_english_video_pipeline' retrieved from /opt/airflow/dags/youtube_pipeline.py
[2026-09-05T00:57:55.147+0000] {logging_mixin.py:188} INFO - [2026-09-05T00:57:55.147+0000] {dag.py:3089} INFO - Sync 1 DAGs
[2026-09-05T00:57:55.217+0000] {processor.py:183} INFO - Processing /opt/airflow/dags/youtube_pipeline.py took 0.246 seconds
[2026-09-05T00:58:25.779+0000] {processor.py:161} INFO - Started process (PID=22204) to work on /opt/airflow/dags/youtube_pipeline.py
[2026-09-05T00:58:25.781+0000] {processor.py:830} INFO - Processing file /opt/airflow/dags/youtube_pipeline.py for tasks to queue
[2026-09-05T00:58:25.786+0000] {logging_mixin.py:188} INFO - [2026-09-05T00:58:25.786+0000] {dagbag.py:545} INFO - Filling up the DagBag from /opt/airflow/dags/youtube_pipeline.py
[2026-09-05T00:58:25.878+0000] {processor.py:840} INFO - DAG(s) 'youtube_english_video_pipeline' retrieved from /opt/airflow/dags/youtube_pipeline.py
[2026-09-05T00:58:25.942+0000] {logging_mixin.py:188} INFO - [2026-09-05T00:58:25.941+0000] {dag.py:3089} INFO - Sync 1 DAGs
[2026-09-05T00:58:26.007+0000] {processor.py:183} INFO - Processing /opt/airflow/dags/youtube_pipeline.py took 0.245 seconds
[2026-09-05T00:58:56.495+0000] {processor.py:161} INFO - Started process (PID=22243) to work on /opt/airflow/dags/youtube_pipeline.py
[2026-09-05T00:58:56.498+0000] {processor.py:830} INFO - Processing file /opt/airflow/dags/youtube_pipeline.py for tasks to queue
[2026-09-05T00:58:56.502+0000] {logging_mixin.py:188} INFO - [2026-09-05T00:58:56.501+0000] {dagbag.py:545} INFO - Filling up the DagBag from /opt/airflow/dags/youtube_pipeline.py
[2026-09-05T00:58:56.643+0000] {processor.py:840} INFO - DAG(s) 'youtube_english_video_pipeline' retrieved from /opt/airflow/dags/youtube_pipeline.py
[2026-09-05T00:58:56.687+0000] {logging_mixin.py:188} INFO - [2026-09-05T00:58:56.686+0000] {dag.py:3089} INFO - Sync 1 DAGs
[2026-09-05T00:58:56.735+0000] {processor.py:183} INFO - Processing /opt/airflow/dags/youtube_pipeline.py took 0.255 seconds
[2026-09-05T00:59:27.198+0000] {processor.py:161} INFO - Started process (PID=22512) to work on /opt/airflow/dags/youtube_pipeline.py
[2026-09-05T00:59:27.200+0000] {processor.py:830} INFO - Processing file /opt/airflow/dags/youtube_pipeline.py for tasks to queue
[2026-09-05T00:59:27.203+0000] {logging_mixin.py:188} INFO - [2026-09-05T00:59:27.202+0000] {dagbag.py:545} INFO - Filling up the DagBag from /opt/airflow/dags/youtube_pipeline.py
[2026-09-05T00:59:27.315+0000] {processor.py:840} INFO - DAG(s) 'youtube_english_video_pipeline' retrieved from /opt/airflow/dags/youtube_pipeline.py
[2026-09-05T00:59:27.388+0000] {logging_mixin.py:188} INFO - [2026-09-05T00:59:27.388+0000] {dag.py:3089} INFO - Sync 1 DAGs
[2026-09-05T00:59:27.436+0000] {processor.py:183} INFO - Processing /opt/airflow/dags/youtube_pipeline.py took 0.248 seconds
[2026-09-05T00:59:57.770+0000] {processor.py:161} INFO - Started process (PID=22517) to work on /opt/airflow/dags/youtube_pipeline.py
[2026-09-05T00:59:57.773+0000] {processor.py:830} INFO - Processing file /opt/airflow/dags/youtube_pipeline.py for tasks to queue
[2026-09-05T00:59:57.777+0000] {logging_mixin.py:188} INFO - [2026-09-05T00:59:57.776+0000] {dagbag.py:545} INFO - Filling up the DagBag from /opt/airflow/dags/youtube_pipeline.py
[2026-09-05T00:59:57.882+0000] {processor.py:840} INFO - DAG(s) 'youtube_english_video_pipeline' retrieved from /opt/airflow/dags/youtube_pipeline.py
[2026-09-05T00:59:57.941+0000] {logging_mixin.py:188} INFO - [2026-09-05T00:59:57.941+0000] {dag.py:3089} INFO - Sync 1 DAGs
[2026-09-05T00:59:58.004+0000] {processor.py:183} INFO - Processing /opt/airflow/dags/youtube_pipeline.py took 0.249 seconds
[2026-09-05T01:00:28.458+0000] {processor.py:161} INFO - Started process (PID=22522) to work on /opt/airflow/dags/youtube_pipeline.py
[2026-09-05T01:00:28.460+0000] {processor.py:830} INFO - Processing file /opt/airflow/dags/youtube_pipeline.py for tasks to queue
[2026-09-05T01:00:28.465+0000] {logging_mixin.py:188} INFO - [2026-09-05T01:00:28.464+0000] {dagbag.py:545} INFO - Filling up the DagBag from /opt/airflow/dags/youtube_pipeline.py
[2026-09-05T01:00:28.612+0000] {processor.py:840} INFO - DAG(s) 'youtube_english_video_pipeline' retrieved from /opt/airflow/dags/youtube_pipeline.py
[2026-09-05T01:00:28.681+0000] {logging_mixin.py:188} INFO - [2026-09-05T01:00:28.681+0000] {dag.py:3089} INFO - Sync 1 DAGs
[2026-09-05T01:00:28.746+0000] {processor.py:183} INFO - Processing /opt/airflow/dags/youtube_pipeline.py took 0.305 seconds
[2026-09-05T01:00:59.637+0000] {processor.py:161} INFO - Started process (PID=22527) to work on /opt/airflow/dags/youtube_pipeline.py
[2026-09-05T01:00:59.649+0000] {processor.py:830} INFO - Processing file /opt/airflow/dags/youtube_pipeline.py for tasks to queue
[2026-09-05T01:00:59.660+0000] {logging_mixin.py:188} INFO - [2026-09-05T01:00:59.659+0000] {dagbag.py:545} INFO - Filling up the DagBag from /opt/airflow/dags/youtube_pipeline.py
[2026-09-05T01:01:00.015+0000] {processor.py:840} INFO - DAG(s) 'youtube_english_video_pipeline' retrieved from /opt/airflow/dags/youtube_pipeline.py
[2026-09-05T01:01:00.084+0000] {logging_mixin.py:188} INFO - [2026-09-05T01:01:00.084+0000] {dag.py:3089} INFO - Sync 1 DAGs
[2026-09-05T01:01:00.156+0000] {processor.py:183} INFO - Processing /opt/airflow/dags/youtube_pipeline.py took 0.543 seconds
[2026-09-05T01:01:30.619+0000] {processor.py:161} INFO - Started process (PID=22532) to work on /opt/airflow/dags/youtube_pipeline.py
[2026-09-05T01:01:30.626+0000] {processor.py:830} INFO - Processing file /opt/airflow/dags/youtube_pipeline.py for tasks to queue
[2026-09-05T01:01:30.633+0000] {logging_mixin.py:188} INFO - [2026-09-05T01:01:30.632+0000] {dagbag.py:545} INFO - Filling up the DagBag from /opt/airflow/dags/youtube_pipeline.py
[2026-09-05T01:01:30.845+0000] {processor.py:840} INFO - DAG(s) 'youtube_english_video_pipeline' retrieved from /opt/airflow/dags/youtube_pipeline.py
[2026-09-05T01:01:30.939+0000] {logging_mixin.py:188} INFO - [2026-09-05T01:01:30.938+0000] {dag.py:3089} INFO - Sync 1 DAGs
[2026-09-05T01:01:31.026+0000] {processor.py:183} INFO - Processing /opt/airflow/dags/youtube_pipeline.py took 0.428 seconds
[2026-09-05T01:02:01.340+0000] {processor.py:161} INFO - Started process (PID=22537) to work on /opt/airflow/dags/youtube_pipeline.py
[2026-09-05T01:02:01.344+0000] {processor.py:830} INFO - Processing file /opt/airflow/dags/youtube_pipeline.py for tasks to queue
[2026-09-05T01:02:01.349+0000] {logging_mixin.py:188} INFO - [2026-09-05T01:02:01.348+0000] {dagbag.py:545} INFO - Filling up the DagBag from /opt/airflow/dags/youtube_pipeline.py
[2026-09-05T01:02:01.447+0000] {processor.py:840} INFO - DAG(s) 'youtube_english_video_pipeline' retrieved from /opt/airflow/dags/youtube_pipeline.py
[2026-09-05T01:02:01.523+0000] {logging_mixin.py:188} INFO - [2026-09-05T01:02:01.523+0000] {dag.py:3089} INFO - Sync 1 DAGs
[2026-09-05T01:02:01.589+0000] {processor.py:183} INFO - Processing /opt/airflow/dags/youtube_pipeline.py took 0.265 seconds
[2026-09-05T01:02:32.000+0000] {processor.py:161} INFO - Started process (PID=22542) to work on /opt/airflow/dags/youtube_pipeline.py
[2026-09-05T01:02:32.006+0000] {processor.py:830} INFO - Processing file /opt/airflow/dags/youtube_pipeline.py for tasks to queue
[2026-09-05T01:02:32.011+0000] {logging_mixin.py:188} INFO - [2026-09-05T01:02:32.010+0000] {dagbag.py:545} INFO - Filling up the DagBag from /opt/airflow/dags/youtube_pipeline.py
[2026-09-05T01:02:32.154+0000] {processor.py:840} INFO - DAG(s) 'youtube_english_video_pipeline' retrieved from /opt/airflow/dags/youtube_pipeline.py
[2026-09-05T01:02:32.215+0000] {logging_mixin.py:188} INFO - [2026-09-05T01:02:32.215+0000] {dag.py:3089} INFO - Sync 1 DAGs
[2026-09-05T01:02:32.281+0000] {processor.py:183} INFO - Processing /opt/airflow/dags/youtube_pipeline.py took 0.294 seconds
[2026-09-05T01:03:02.735+0000] {processor.py:161} INFO - Started process (PID=22547) to work on /opt/airflow/dags/youtube_pipeline.py
[2026-09-05T01:03:02.737+0000] {processor.py:830} INFO - Processing file /opt/airflow/dags/youtube_pipeline.py for tasks to queue
[2026-09-05T01:03:02.741+0000] {logging_mixin.py:188} INFO - [2026-09-05T01:03:02.741+0000] {dagbag.py:545} INFO - Filling up the DagBag from /opt/airflow/dags/youtube_pipeline.py
[2026-09-05T01:03:02.861+0000] {processor.py:840} INFO - DAG(s) 'youtube_english_video_pipeline' retrieved from /opt/airflow/dags/youtube_pipeline.py
[2026-09-05T01:03:02.929+0000] {logging_mixin.py:188} INFO - [2026-09-05T01:03:02.929+0000] {dag.py:3089} INFO - Sync 1 DAGs
[2026-09-05T01:03:03.000+0000] {processor.py:183} INFO - Processing /opt/airflow/dags/youtube_pipeline.py took 0.277 seconds
[2026-09-05T01:03:33.397+0000] {processor.py:161} INFO - Started process (PID=22552) to work on /opt/airflow/dags/youtube_pipeline.py
[2026-09-05T01:03:33.400+0000] {processor.py:830} INFO - Processing file /opt/airflow/dags/youtube_pipeline.py for tasks to queue
[2026-09-05T01:03:33.403+0000] {logging_mixin.py:188} INFO - [2026-09-05T01:03:33.403+0000] {dagbag.py:545} INFO - Filling up the DagBag from /opt/airflow/dags/youtube_pipeline.py
[2026-09-05T01:03:33.459+0000] {processor.py:840} INFO - DAG(s) 'youtube_english_video_pipeline' retrieved from /opt/airflow/dags/youtube_pipeline.py
[2026-09-05T01:03:33.505+0000] {logging_mixin.py:188} INFO - [2026-09-05T01:03:33.505+0000] {dag.py:3089} INFO - Sync 1 DAGs
[2026-09-05T01:03:33.553+0000] {processor.py:183} INFO - Processing /opt/airflow/dags/youtube_pipeline.py took 0.166 seconds
[2026-09-05T01:04:03.769+0000] {processor.py:161} INFO - Started process (PID=22557) to work on /opt/airflow/dags/youtube_pipeline.py
[2026-09-05T01:04:03.773+0000] {processor.py:830} INFO - Processing file /opt/airflow/dags/youtube_pipeline.py for tasks to queue
[2026-09-05T01:04:03.777+0000] {logging_mixin.py:188} INFO - [2026-09-05T01:04:03.776+0000] {dagbag.py:545} INFO - Filling up the DagBag from /opt/airflow/dags/youtube_pipeline.py
[2026-09-05T01:04:03.887+0000] {processor.py:840} INFO - DAG(s) 'youtube_english_video_pipeline' retrieved from /opt/airflow/dags/youtube_pipeline.py
[2026-09-05T01:04:03.939+0000] {logging_mixin.py:188} INFO - [2026-09-05T01:04:03.938+0000] {dag.py:3089} INFO - Sync 1 DAGs
[2026-09-05T01:04:03.984+0000] {processor.py:183} INFO - Processing /opt/airflow/dags/youtube_pipeline.py took 0.225 seconds
[2026-09-05T01:04:34.319+0000] {processor.py:161} INFO - Started process (PID=22564) to work on /opt/airflow/dags/youtube_pipeline.py
[2026-09-05T01:04:34.324+0000] {processor.py:830} INFO - Processing file /opt/airflow/dags/youtube_pipeline.py for tasks to queue
[2026-09-05T01:04:34.330+0000] {logging_mixin.py:188} INFO - [2026-09-05T01:04:34.329+0000] {dagbag.py:545} INFO - Filling up the DagBag from /opt/airflow/dags/youtube_pipeline.py
[2026-09-05T01:04:34.449+0000] {processor.py:840} INFO - DAG(s) 'youtube_english_video_pipeline' retrieved from /opt/airflow/dags/youtube_pipeline.py
[2026-09-05T01:04:34.503+0000] {logging_mixin.py:188} INFO - [2026-09-05T01:04:34.502+0000] {dag.py:3089} INFO - Sync 1 DAGs
[2026-09-05T01:04:34.564+0000] {processor.py:183} INFO - Processing /opt/airflow/dags/youtube_pipeline.py took 0.260 seconds
[2026-09-05T01:05:04.751+0000] {processor.py:161} INFO - Started process (PID=22569) to work on /opt/airflow/dags/youtube_pipeline.py
[2026-09-05T01:05:04.752+0000] {processor.py:830} INFO - Processing file /opt/airflow/dags/youtube_pipeline.py for tasks to queue
[2026-09-05T01:05:04.756+0000] {logging_mixin.py:188} INFO - [2026-09-05T01:05:04.756+0000] {dagbag.py:545} INFO - Filling up the DagBag from /opt/airflow/dags/youtube_pipeline.py
[2026-09-05T01:05:04.842+0000] {processor.py:840} INFO - DAG(s) 'youtube_english_video_pipeline' retrieved from /opt/airflow/dags/youtube_pipeline.py
[2026-09-05T01:05:04.903+0000] {logging_mixin.py:188} INFO - [2026-09-05T01:05:04.902+0000] {dag.py:3089} INFO - Sync 1 DAGs
[2026-09-05T01:05:04.965+0000] {processor.py:183} INFO - Processing /opt/airflow/dags/youtube_pipeline.py took 0.223 seconds
[2026-09-05T01:05:35.244+0000] {processor.py:161} INFO - Started process (PID=22574) to work on /opt/airflow/dags/youtube_pipeline.py
[2026-09-05T01:05:35.245+0000] {processor.py:830} INFO - Processing file /opt/airflow/dags/youtube_pipeline.py for tasks to queue
[2026-09-05T01:05:35.249+0000] {logging_mixin.py:188} INFO - [2026-09-05T01:05:35.248+0000] {dagbag.py:545} INFO - Filling up the DagBag from /opt/airflow/dags/youtube_pipeline.py
[2026-09-05T01:05:35.311+0000] {processor.py:840} INFO - DAG(s) 'youtube_english_video_pipeline' retrieved from /opt/airflow/dags/youtube_pipeline.py
[2026-09-05T01:05:35.361+0000] {logging_mixin.py:188} INFO - [2026-09-05T01:05:35.361+0000] {dag.py:3089} INFO - Sync 1 DAGs
[2026-09-05T01:05:35.404+0000] {processor.py:183} INFO - Processing /opt/airflow/dags/youtube_pipeline.py took 0.169 seconds
[2026-09-05T01:06:05.776+0000] {processor.py:161} INFO - Started process (PID=22579) to work on /opt/airflow/dags/youtube_pipeline.py
[2026-09-05T01:06:05.779+0000] {processor.py:830} INFO - Processing file /opt/airflow/dags/youtube_pipeline.py for tasks to queue
[2026-09-05T01:06:05.784+0000] {logging_mixin.py:188} INFO - [2026-09-05T01:06:05.783+0000] {dagbag.py:545} INFO - Filling up the DagBag from /opt/airflow/dags/youtube_pipeline.py
[2026-09-05T01:06:05.883+0000] {processor.py:840} INFO - DAG(s) 'youtube_english_video_pipeline' retrieved from /opt/airflow/dags/youtube_pipeline.py
[2026-09-05T01:06:05.935+0000] {logging_mixin.py:188} INFO - [2026-09-05T01:06:05.934+0000] {dag.py:3089} INFO - Sync 1 DAGs
[2026-09-05T01:06:05.986+0000] {processor.py:183} INFO - Processing /opt/airflow/dags/youtube_pipeline.py took 0.221 seconds
[2026-09-05T01:06:36.573+0000] {processor.py:161} INFO - Started process (PID=22584) to work on /opt/airflow/dags/youtube_pipeline.py
[2026-09-05T01:06:36.578+0000] {processor.py:830} INFO - Processing file /opt/airflow/dags/youtube_pipeline.py for tasks to queue
[2026-09-05T01:06:36.582+0000] {logging_mixin.py:188} INFO - [2026-09-05T01:06:36.581+0000] {dagbag.py:545} INFO - Filling up the DagBag from /opt/airflow/dags/youtube_pipeline.py
[2026-09-05T01:06:36.647+0000] {processor.py:840} INFO - DAG(s) 'youtube_english_video_pipeline' retrieved from /opt/airflow/dags/youtube_pipeline.py
[2026-09-05T01:06:36.693+0000] {logging_mixin.py:188} INFO - [2026-09-05T01:06:36.693+0000] {dag.py:3089} INFO - Sync 1 DAGs
[2026-09-05T01:06:36.760+0000] {processor.py:183} INFO - Processing /opt/airflow/dags/youtube_pipeline.py took 0.196 seconds
[2026-09-05T01:07:06.967+0000] {processor.py:161} INFO - Started process (PID=22589) to work on /opt/airflow/dags/youtube_pipeline.py
[2026-09-05T01:07:06.970+0000] {processor.py:830} INFO - Processing file /opt/airflow/dags/youtube_pipeline.py for tasks to queue
[2026-09-05T01:07:06.976+0000] {logging_mixin.py:188} INFO - [2026-09-05T01:07:06.975+0000] {dagbag.py:545} INFO - Filling up the DagBag from /opt/airflow/dags/youtube_pipeline.py
[2026-09-05T01:07:07.073+0000] {processor.py:840} INFO - DAG(s) 'youtube_english_video_pipeline' retrieved from /opt/airflow/dags/youtube_pipeline.py
[2026-09-05T01:07:07.137+0000] {logging_mixin.py:188} INFO - [2026-09-05T01:07:07.137+0000] {dag.py:3089} INFO - Sync 1 DAGs
[2026-09-05T01:07:07.204+0000] {processor.py:183} INFO - Processing /opt/airflow/dags/youtube_pipeline.py took 0.254 seconds
[2026-09-05T01:07:37.565+0000] {processor.py:161} INFO - Started process (PID=22594) to work on /opt/airflow/dags/youtube_pipeline.py
[2026-09-05T01:07:37.568+0000] {processor.py:830} INFO - Processing file /opt/airflow/dags/youtube_pipeline.py for tasks to queue
[2026-09-05T01:07:37.572+0000] {logging_mixin.py:188} INFO - [2026-09-05T01:07:37.571+0000] {dagbag.py:545} INFO - Filling up the DagBag from /opt/airflow/dags/youtube_pipeline.py
[2026-09-05T01:07:37.667+0000] {processor.py:840} INFO - DAG(s) 'youtube_english_video_pipeline' retrieved from /opt/airflow/dags/youtube_pipeline.py
[2026-09-05T01:07:37.726+0000] {logging_mixin.py:188} INFO - [2026-09-05T01:07:37.726+0000] {dag.py:3089} INFO - Sync 1 DAGs
[2026-09-05T01:07:37.776+0000] {processor.py:183} INFO - Processing /opt/airflow/dags/youtube_pipeline.py took 0.220 seconds
[2026-09-05T01:08:07.931+0000] {processor.py:161} INFO - Started process (PID=22599) to work on /opt/airflow/dags/youtube_pipeline.py
[2026-09-05T01:08:07.934+0000] {processor.py:830} INFO - Processing file /opt/airflow/dags/youtube_pipeline.py for tasks to queue
[2026-09-05T01:08:07.937+0000] {logging_mixin.py:188} INFO - [2026-09-05T01:08:07.937+0000] {dagbag.py:545} INFO - Filling up the DagBag from /opt/airflow/dags/youtube_pipeline.py
[2026-09-05T01:08:08.055+0000] {processor.py:840} INFO - DAG(s) 'youtube_english_video_pipeline' retrieved from /opt/airflow/dags/youtube_pipeline.py
[2026-09-05T01:08:08.105+0000] {logging_mixin.py:188} INFO - [2026-09-05T01:08:08.105+0000] {dag.py:3089} INFO - Sync 1 DAGs
[2026-09-05T01:08:08.148+0000] {processor.py:183} INFO - Processing /opt/airflow/dags/youtube_pipeline.py took 0.229 seconds
[2026-09-05T01:08:38.525+0000] {processor.py:161} INFO - Started process (PID=22604) to work on /opt/airflow/dags/youtube_pipeline.py
[2026-09-05T01:08:38.527+0000] {processor.py:830} INFO - Processing file /opt/airflow/dags/youtube_pipeline.py for tasks to queue
[2026-09-05T01:08:38.531+0000] {logging_mixin.py:188} INFO - [2026-09-05T01:08:38.530+0000] {dagbag.py:545} INFO - Filling up the DagBag from /opt/airflow/dags/youtube_pipeline.py
[2026-09-05T01:08:38.619+0000] {processor.py:840} INFO - DAG(s) 'youtube_english_video_pipeline' retrieved from /opt/airflow/dags/youtube_pipeline.py
[2026-09-05T01:08:38.661+0000] {logging_mixin.py:188} INFO - [2026-09-05T01:08:38.661+0000] {dag.py:3089} INFO - Sync 1 DAGs
[2026-09-05T01:08:38.709+0000] {processor.py:183} INFO - Processing /opt/airflow/dags/youtube_pipeline.py took 0.197 seconds
[2026-09-05T01:09:08.899+0000] {processor.py:161} INFO - Started process (PID=22609) to work on /opt/airflow/dags/youtube_pipeline.py
[2026-09-05T01:09:08.901+0000] {processor.py:830} INFO - Processing file /opt/airflow/dags/youtube_pipeline.py for tasks to queue
[2026-09-05T01:09:08.906+0000] {logging_mixin.py:188} INFO - [2026-09-05T01:09:08.905+0000] {dagbag.py:545} INFO - Filling up the DagBag from /opt/airflow/dags/youtube_pipeline.py
[2026-09-05T01:09:08.984+0000] {processor.py:840} INFO - DAG(s) 'youtube_english_video_pipeline' retrieved from /opt/airflow/dags/youtube_pipeline.py
[2026-09-05T01:09:09.144+0000] {logging_mixin.py:188} INFO - [2026-09-05T01:09:09.144+0000] {dag.py:3089} INFO - Sync 1 DAGs
[2026-09-05T01:09:09.192+0000] {processor.py:183} INFO - Processing /opt/airflow/dags/youtube_pipeline.py took 0.310 seconds
[2026-09-05T01:09:39.494+0000] {processor.py:161} INFO - Started process (PID=22616) to work on /opt/airflow/dags/youtube_pipeline.py
[2026-09-05T01:09:39.496+0000] {processor.py:830} INFO - Processing file /opt/airflow/dags/youtube_pipeline.py for tasks to queue
[2026-09-05T01:09:39.500+0000] {logging_mixin.py:188} INFO - [2026-09-05T01:09:39.499+0000] {dagbag.py:545} INFO - Filling up the DagBag from /opt/airflow/dags/youtube_pipeline.py
[2026-09-05T01:09:39.580+0000] {processor.py:840} INFO - DAG(s) 'youtube_english_video_pipeline' retrieved from /opt/airflow/dags/youtube_pipeline.py
[2026-09-05T01:09:39.627+0000] {logging_mixin.py:188} INFO - [2026-09-05T01:09:39.627+0000] {dag.py:3089} INFO - Sync 1 DAGs
[2026-09-05T01:09:39.674+0000] {processor.py:183} INFO - Processing /opt/airflow/dags/youtube_pipeline.py took 0.191 seconds
[2026-09-05T01:10:09.914+0000] {processor.py:161} INFO - Started process (PID=22658) to work on /opt/airflow/dags/youtube_pipeline.py
[2026-09-05T01:10:09.917+0000] {processor.py:830} INFO - Processing file /opt/airflow/dags/youtube_pipeline.py for tasks to queue
[2026-09-05T01:10:09.920+0000] {logging_mixin.py:188} INFO - [2026-09-05T01:10:09.920+0000] {dagbag.py:545} INFO - Filling up the DagBag from /opt/airflow/dags/youtube_pipeline.py
[2026-09-05T01:10:09.997+0000] {processor.py:840} INFO - DAG(s) 'youtube_english_video_pipeline' retrieved from /opt/airflow/dags/youtube_pipeline.py
[2026-09-05T01:10:10.060+0000] {logging_mixin.py:188} INFO - [2026-09-05T01:10:10.060+0000] {dag.py:3089} INFO - Sync 1 DAGs
[2026-09-05T01:10:10.107+0000] {processor.py:183} INFO - Processing /opt/airflow/dags/youtube_pipeline.py took 0.203 seconds
[2026-09-05T01:10:40.344+0000] {processor.py:161} INFO - Started process (PID=22924) to work on /opt/airflow/dags/youtube_pipeline.py
[2026-09-05T01:10:40.347+0000] {processor.py:830} INFO - Processing file /opt/airflow/dags/youtube_pipeline.py for tasks to queue
[2026-09-05T01:10:40.351+0000] {logging_mixin.py:188} INFO - [2026-09-05T01:10:40.351+0000] {dagbag.py:545} INFO - Filling up the DagBag from /opt/airflow/dags/youtube_pipeline.py
[2026-09-05T01:10:40.428+0000] {processor.py:840} INFO - DAG(s) 'youtube_english_video_pipeline' retrieved from /opt/airflow/dags/youtube_pipeline.py
[2026-09-05T01:10:40.495+0000] {logging_mixin.py:188} INFO - [2026-09-05T01:10:40.495+0000] {dag.py:3089} INFO - Sync 1 DAGs
[2026-09-05T01:10:40.543+0000] {processor.py:183} INFO - Processing /opt/airflow/dags/youtube_pipeline.py took 0.217 seconds
[2026-09-05T01:11:10.649+0000] {processor.py:161} INFO - Started process (PID=22929) to work on /opt/airflow/dags/youtube_pipeline.py
[2026-09-05T01:11:10.651+0000] {processor.py:830} INFO - Processing file /opt/airflow/dags/youtube_pipeline.py for tasks to queue
[2026-09-05T01:11:10.655+0000] {logging_mixin.py:188} INFO - [2026-09-05T01:11:10.654+0000] {dagbag.py:545} INFO - Filling up the DagBag from /opt/airflow/dags/youtube_pipeline.py
[2026-09-05T01:11:10.689+0000] {processor.py:840} INFO - DAG(s) 'youtube_english_video_pipeline' retrieved from /opt/airflow/dags/youtube_pipeline.py
[2026-09-05T01:11:10.736+0000] {logging_mixin.py:188} INFO - [2026-09-05T01:11:10.736+0000] {dag.py:3089} INFO - Sync 1 DAGs
[2026-09-05T01:11:10.780+0000] {processor.py:183} INFO - Processing /opt/airflow/dags/youtube_pipeline.py took 0.141 seconds
[2026-09-05T01:11:41.104+0000] {processor.py:161} INFO - Started process (PID=22934) to work on /opt/airflow/dags/youtube_pipeline.py
[2026-09-05T01:11:41.106+0000] {processor.py:830} INFO - Processing file /opt/airflow/dags/youtube_pipeline.py for tasks to queue
[2026-09-05T01:11:41.108+0000] {logging_mixin.py:188} INFO - [2026-09-05T01:11:41.108+0000] {dagbag.py:545} INFO - Filling up the DagBag from /opt/airflow/dags/youtube_pipeline.py
[2026-09-05T01:11:41.156+0000] {processor.py:840} INFO - DAG(s) 'youtube_english_video_pipeline' retrieved from /opt/airflow/dags/youtube_pipeline.py
[2026-09-05T01:11:41.204+0000] {logging_mixin.py:188} INFO - [2026-09-05T01:11:41.203+0000] {dag.py:3089} INFO - Sync 1 DAGs
[2026-09-05T01:11:41.248+0000] {processor.py:183} INFO - Processing /opt/airflow/dags/youtube_pipeline.py took 0.151 seconds
[2026-09-05T01:12:11.358+0000] {processor.py:161} INFO - Started process (PID=22939) to work on /opt/airflow/dags/youtube_pipeline.py
[2026-09-05T01:12:11.359+0000] {processor.py:830} INFO - Processing file /opt/airflow/dags/youtube_pipeline.py for tasks to queue
[2026-09-05T01:12:11.361+0000] {logging_mixin.py:188} INFO - [2026-09-05T01:12:11.361+0000] {dagbag.py:545} INFO - Filling up the DagBag from /opt/airflow/dags/youtube_pipeline.py
[2026-09-05T01:12:11.405+0000] {processor.py:840} INFO - DAG(s) 'youtube_english_video_pipeline' retrieved from /opt/airflow/dags/youtube_pipeline.py
[2026-09-05T01:12:11.463+0000] {logging_mixin.py:188} INFO - [2026-09-05T01:12:11.462+0000] {dag.py:3089} INFO - Sync 1 DAGs
[2026-09-05T01:12:11.499+0000] {processor.py:183} INFO - Processing /opt/airflow/dags/youtube_pipeline.py took 0.148 seconds
[2026-09-05T01:12:41.723+0000] {processor.py:161} INFO - Started process (PID=22944) to work on /opt/airflow/dags/youtube_pipeline.py
[2026-09-05T01:12:41.724+0000] {processor.py:830} INFO - Processing file /opt/airflow/dags/youtube_pipeline.py for tasks to queue
[2026-09-05T01:12:41.727+0000] {logging_mixin.py:188} INFO - [2026-09-05T01:12:41.726+0000] {dagbag.py:545} INFO - Filling up the DagBag from /opt/airflow/dags/youtube_pipeline.py
[2026-09-05T01:12:41.768+0000] {processor.py:840} INFO - DAG(s) 'youtube_english_video_pipeline' retrieved from /opt/airflow/dags/youtube_pipeline.py
[2026-09-05T01:12:41.810+0000] {logging_mixin.py:188} INFO - [2026-09-05T01:12:41.810+0000] {dag.py:3089} INFO - Sync 1 DAGs
[2026-09-05T01:12:41.849+0000] {processor.py:183} INFO - Processing /opt/airflow/dags/youtube_pipeline.py took 0.136 seconds
[2026-09-05T01:13:11.968+0000] {processor.py:161} INFO - Started process (PID=22949) to work on /opt/airflow/dags/youtube_pipeline.py
[2026-09-05T01:13:11.969+0000] {processor.py:830} INFO - Processing file /opt/airflow/dags/youtube_pipeline.py for tasks to queue
[2026-09-05T01:13:11.972+0000] {logging_mixin.py:188} INFO - [2026-09-05T01:13:11.971+0000] {dagbag.py:545} INFO - Filling up the DagBag from /opt/airflow/dags/youtube_pipeline.py
[2026-09-05T01:13:12.009+0000] {processor.py:840} INFO - DAG(s) 'youtube_english_video_pipeline' retrieved from /opt/airflow/dags/youtube_pipeline.py
[2026-09-05T01:13:12.065+0000] {logging_mixin.py:188} INFO - [2026-09-05T01:13:12.065+0000] {dag.py:3089} INFO - Sync 1 DAGs
[2026-09-05T01:13:12.109+0000] {processor.py:183} INFO - Processing /opt/airflow/dags/youtube_pipeline.py took 0.150 seconds
[2026-09-05T01:13:42.308+0000] {processor.py:161} INFO - Started process (PID=22954) to work on /opt/airflow/dags/youtube_pipeline.py
[2026-09-05T01:13:42.310+0000] {processor.py:830} INFO - Processing file /opt/airflow/dags/youtube_pipeline.py for tasks to queue
[2026-09-05T01:13:42.312+0000] {logging_mixin.py:188} INFO - [2026-09-05T01:13:42.311+0000] {dagbag.py:545} INFO - Filling up the DagBag from /opt/airflow/dags/youtube_pipeline.py
[2026-09-05T01:13:42.349+0000] {processor.py:840} INFO - DAG(s) 'youtube_english_video_pipeline' retrieved from /opt/airflow/dags/youtube_pipeline.py
[2026-09-05T01:13:42.392+0000] {logging_mixin.py:188} INFO - [2026-09-05T01:13:42.392+0000] {dag.py:3089} INFO - Sync 1 DAGs
[2026-09-05T01:13:42.442+0000] {processor.py:183} INFO - Processing /opt/airflow/dags/youtube_pipeline.py took 0.141 seconds
[2026-09-05T01:14:12.577+0000] {processor.py:161} INFO - Started process (PID=22959) to work on /opt/airflow/dags/youtube_pipeline.py
[2026-09-05T01:14:12.578+0000] {processor.py:830} INFO - Processing file /opt/airflow/dags/youtube_pipeline.py for tasks to queue
[2026-09-05T01:14:12.580+0000] {logging_mixin.py:188} INFO - [2026-09-05T01:14:12.580+0000] {dagbag.py:545} INFO - Filling up the DagBag from /opt/airflow/dags/youtube_pipeline.py
[2026-09-05T01:14:12.620+0000] {processor.py:840} INFO - DAG(s) 'youtube_english_video_pipeline' retrieved from /opt/airflow/dags/youtube_pipeline.py
[2026-09-05T01:14:12.670+0000] {logging_mixin.py:188} INFO - [2026-09-05T01:14:12.670+0000] {dag.py:3089} INFO - Sync 1 DAGs
[2026-09-05T01:14:12.712+0000] {processor.py:183} INFO - Processing /opt/airflow/dags/youtube_pipeline.py took 0.142 seconds
[2026-09-05T01:14:42.928+0000] {processor.py:161} INFO - Started process (PID=22964) to work on /opt/airflow/dags/youtube_pipeline.py
[2026-09-05T01:14:42.930+0000] {processor.py:830} INFO - Processing file /opt/airflow/dags/youtube_pipeline.py for tasks to queue
[2026-09-05T01:14:42.932+0000] {logging_mixin.py:188} INFO - [2026-09-05T01:14:42.931+0000] {dagbag.py:545} INFO - Filling up the DagBag from /opt/airflow/dags/youtube_pipeline.py
[2026-09-05T01:14:42.976+0000] {processor.py:840} INFO - DAG(s) 'youtube_english_video_pipeline' retrieved from /opt/airflow/dags/youtube_pipeline.py
[2026-09-05T01:14:43.022+0000] {logging_mixin.py:188} INFO - [2026-09-05T01:14:43.022+0000] {dag.py:3089} INFO - Sync 1 DAGs
[2026-09-05T01:14:43.065+0000] {processor.py:183} INFO - Processing /opt/airflow/dags/youtube_pipeline.py took 0.144 seconds
[2026-09-05T01:15:13.189+0000] {processor.py:161} INFO - Started process (PID=22969) to work on /opt/airflow/dags/youtube_pipeline.py
[2026-09-05T01:15:13.190+0000] {processor.py:830} INFO - Processing file /opt/airflow/dags/youtube_pipeline.py for tasks to queue
[2026-09-05T01:15:13.193+0000] {logging_mixin.py:188} INFO - [2026-09-05T01:15:13.192+0000] {dagbag.py:545} INFO - Filling up the DagBag from /opt/airflow/dags/youtube_pipeline.py
[2026-09-05T01:15:13.239+0000] {processor.py:840} INFO - DAG(s) 'youtube_english_video_pipeline' retrieved from /opt/airflow/dags/youtube_pipeline.py
[2026-09-05T01:15:13.294+0000] {logging_mixin.py:188} INFO - [2026-09-05T01:15:13.294+0000] {dag.py:3089} INFO - Sync 1 DAGs
[2026-09-05T01:15:13.340+0000] {processor.py:183} INFO - Processing /opt/airflow/dags/youtube_pipeline.py took 0.159 seconds
[2026-09-05T01:15:43.680+0000] {processor.py:161} INFO - Started process (PID=22976) to work on /opt/airflow/dags/youtube_pipeline.py
[2026-09-05T01:15:43.681+0000] {processor.py:830} INFO - Processing file /opt/airflow/dags/youtube_pipeline.py for tasks to queue
[2026-09-05T01:15:43.683+0000] {logging_mixin.py:188} INFO - [2026-09-05T01:15:43.683+0000] {dagbag.py:545} INFO - Filling up the DagBag from /opt/airflow/dags/youtube_pipeline.py
[2026-09-05T01:15:43.814+0000] {processor.py:840} INFO - DAG(s) 'youtube_english_video_pipeline' retrieved from /opt/airflow/dags/youtube_pipeline.py
[2026-09-05T01:15:43.869+0000] {logging_mixin.py:188} INFO - [2026-09-05T01:15:43.868+0000] {dag.py:3089} INFO - Sync 1 DAGs
[2026-09-05T01:15:43.926+0000] {processor.py:183} INFO - Processing /opt/airflow/dags/youtube_pipeline.py took 0.253 seconds
[2026-09-05T01:16:14.214+0000] {processor.py:161} INFO - Started process (PID=22981) to work on /opt/airflow/dags/youtube_pipeline.py
[2026-09-05T01:16:14.216+0000] {processor.py:830} INFO - Processing file /opt/airflow/dags/youtube_pipeline.py for tasks to queue
[2026-09-05T01:16:14.218+0000] {logging_mixin.py:188} INFO - [2026-09-05T01:16:14.218+0000] {dagbag.py:545} INFO - Filling up the DagBag from /opt/airflow/dags/youtube_pipeline.py
[2026-09-05T01:16:14.262+0000] {processor.py:840} INFO - DAG(s) 'youtube_english_video_pipeline' retrieved from /opt/airflow/dags/youtube_pipeline.py
[2026-09-05T01:16:14.303+0000] {logging_mixin.py:188} INFO - [2026-09-05T01:16:14.303+0000] {dag.py:3089} INFO - Sync 1 DAGs
[2026-09-05T01:16:14.343+0000] {processor.py:183} INFO - Processing /opt/airflow/dags/youtube_pipeline.py took 0.136 seconds
[2026-09-05T01:16:44.541+0000] {processor.py:161} INFO - Started process (PID=22986) to work on /opt/airflow/dags/youtube_pipeline.py
[2026-09-05T01:16:44.542+0000] {processor.py:830} INFO - Processing file /opt/airflow/dags/youtube_pipeline.py for tasks to queue
[2026-09-05T01:16:44.544+0000] {logging_mixin.py:188} INFO - [2026-09-05T01:16:44.544+0000] {dagbag.py:545} INFO - Filling up the DagBag from /opt/airflow/dags/youtube_pipeline.py
[2026-09-05T01:16:44.581+0000] {processor.py:840} INFO - DAG(s) 'youtube_english_video_pipeline' retrieved from /opt/airflow/dags/youtube_pipeline.py
[2026-09-05T01:16:44.634+0000] {logging_mixin.py:188} INFO - [2026-09-05T01:16:44.634+0000] {dag.py:3089} INFO - Sync 1 DAGs
[2026-09-05T01:16:44.683+0000] {processor.py:183} INFO - Processing /opt/airflow/dags/youtube_pipeline.py took 0.149 seconds
[2026-09-05T01:17:14.813+0000] {processor.py:161} INFO - Started process (PID=22991) to work on /opt/airflow/dags/youtube_pipeline.py
[2026-09-05T01:17:14.814+0000] {processor.py:830} INFO - Processing file /opt/airflow/dags/youtube_pipeline.py for tasks to queue
[2026-09-05T01:17:14.817+0000] {logging_mixin.py:188} INFO - [2026-09-05T01:17:14.816+0000] {dagbag.py:545} INFO - Filling up the DagBag from /opt/airflow/dags/youtube_pipeline.py
[2026-09-05T01:17:14.858+0000] {processor.py:840} INFO - DAG(s) 'youtube_english_video_pipeline' retrieved from /opt/airflow/dags/youtube_pipeline.py
[2026-09-05T01:17:14.913+0000] {logging_mixin.py:188} INFO - [2026-09-05T01:17:14.913+0000] {dag.py:3089} INFO - Sync 1 DAGs
[2026-09-05T01:17:14.960+0000] {processor.py:183} INFO - Processing /opt/airflow/dags/youtube_pipeline.py took 0.155 seconds
[2026-09-05T01:17:45.186+0000] {processor.py:161} INFO - Started process (PID=22996) to work on /opt/airflow/dags/youtube_pipeline.py
[2026-09-05T01:17:45.187+0000] {processor.py:830} INFO - Processing file /opt/airflow/dags/youtube_pipeline.py for tasks to queue
[2026-09-05T01:17:45.189+0000] {logging_mixin.py:188} INFO - [2026-09-05T01:17:45.189+0000] {dagbag.py:545} INFO - Filling up the DagBag from /opt/airflow/dags/youtube_pipeline.py
[2026-09-05T01:17:45.236+0000] {processor.py:840} INFO - DAG(s) 'youtube_english_video_pipeline' retrieved from /opt/airflow/dags/youtube_pipeline.py
[2026-09-05T01:17:45.288+0000] {logging_mixin.py:188} INFO - [2026-09-05T01:17:45.288+0000] {dag.py:3089} INFO - Sync 1 DAGs
[2026-09-05T01:17:45.335+0000] {processor.py:183} INFO - Processing /opt/airflow/dags/youtube_pipeline.py took 0.157 seconds
[2026-09-05T01:18:15.410+0000] {processor.py:161} INFO - Started process (PID=23001) to work on /opt/airflow/dags/youtube_pipeline.py
[2026-09-05T01:18:15.411+0000] {processor.py:830} INFO - Processing file /opt/airflow/dags/youtube_pipeline.py for tasks to queue
[2026-09-05T01:18:15.414+0000] {logging_mixin.py:188} INFO - [2026-09-05T01:18:15.414+0000] {dagbag.py:545} INFO - Filling up the DagBag from /opt/airflow/dags/youtube_pipeline.py
[2026-09-05T01:18:15.457+0000] {processor.py:840} INFO - DAG(s) 'youtube_english_video_pipeline' retrieved from /opt/airflow/dags/youtube_pipeline.py
[2026-09-05T01:18:15.501+0000] {logging_mixin.py:188} INFO - [2026-09-05T01:18:15.501+0000] {dag.py:3089} INFO - Sync 1 DAGs
[2026-09-05T01:18:15.546+0000] {processor.py:183} INFO - Processing /opt/airflow/dags/youtube_pipeline.py took 0.145 seconds
[2026-09-05T01:18:45.781+0000] {processor.py:161} INFO - Started process (PID=23006) to work on /opt/airflow/dags/youtube_pipeline.py
[2026-09-05T01:18:45.782+0000] {processor.py:830} INFO - Processing file /opt/airflow/dags/youtube_pipeline.py for tasks to queue
[2026-09-05T01:18:45.785+0000] {logging_mixin.py:188} INFO - [2026-09-05T01:18:45.785+0000] {dagbag.py:545} INFO - Filling up the DagBag from /opt/airflow/dags/youtube_pipeline.py
[2026-09-05T01:18:45.821+0000] {processor.py:840} INFO - DAG(s) 'youtube_english_video_pipeline' retrieved from /opt/airflow/dags/youtube_pipeline.py
[2026-09-05T01:18:45.879+0000] {logging_mixin.py:188} INFO - [2026-09-05T01:18:45.879+0000] {dag.py:3089} INFO - Sync 1 DAGs
[2026-09-05T01:18:45.922+0000] {processor.py:183} INFO - Processing /opt/airflow/dags/youtube_pipeline.py took 0.149 seconds
[2026-09-05T01:19:16.045+0000] {processor.py:161} INFO - Started process (PID=23011) to work on /opt/airflow/dags/youtube_pipeline.py
[2026-09-05T01:19:16.046+0000] {processor.py:830} INFO - Processing file /opt/airflow/dags/youtube_pipeline.py for tasks to queue
[2026-09-05T01:19:16.049+0000] {logging_mixin.py:188} INFO - [2026-09-05T01:19:16.048+0000] {dagbag.py:545} INFO - Filling up the DagBag from /opt/airflow/dags/youtube_pipeline.py
[2026-09-05T01:19:16.093+0000] {processor.py:840} INFO - DAG(s) 'youtube_english_video_pipeline' retrieved from /opt/airflow/dags/youtube_pipeline.py
[2026-09-05T01:19:16.146+0000] {logging_mixin.py:188} INFO - [2026-09-05T01:19:16.146+0000] {dag.py:3089} INFO - Sync 1 DAGs
[2026-09-05T01:19:16.182+0000] {processor.py:183} INFO - Processing /opt/airflow/dags/youtube_pipeline.py took 0.144 seconds
[2026-09-05T01:19:46.411+0000] {processor.py:161} INFO - Started process (PID=23016) to work on /opt/airflow/dags/youtube_pipeline.py
[2026-09-05T01:19:46.412+0000] {processor.py:830} INFO - Processing file /opt/airflow/dags/youtube_pipeline.py for tasks to queue
[2026-09-05T01:19:46.414+0000] {logging_mixin.py:188} INFO - [2026-09-05T01:19:46.414+0000] {dagbag.py:545} INFO - Filling up the DagBag from /opt/airflow/dags/youtube_pipeline.py
[2026-09-05T01:19:46.464+0000] {processor.py:840} INFO - DAG(s) 'youtube_english_video_pipeline' retrieved from /opt/airflow/dags/youtube_pipeline.py
[2026-09-05T01:19:46.505+0000] {logging_mixin.py:188} INFO - [2026-09-05T01:19:46.505+0000] {dag.py:3089} INFO - Sync 1 DAGs
[2026-09-05T01:19:46.549+0000] {processor.py:183} INFO - Processing /opt/airflow/dags/youtube_pipeline.py took 0.145 seconds
[2026-09-05T01:20:16.666+0000] {processor.py:161} INFO - Started process (PID=23021) to work on /opt/airflow/dags/youtube_pipeline.py
[2026-09-05T01:20:16.667+0000] {processor.py:830} INFO - Processing file /opt/airflow/dags/youtube_pipeline.py for tasks to queue
[2026-09-05T01:20:16.670+0000] {logging_mixin.py:188} INFO - [2026-09-05T01:20:16.669+0000] {dagbag.py:545} INFO - Filling up the DagBag from /opt/airflow/dags/youtube_pipeline.py
[2026-09-05T01:20:16.731+0000] {processor.py:840} INFO - DAG(s) 'youtube_english_video_pipeline' retrieved from /opt/airflow/dags/youtube_pipeline.py
[2026-09-05T01:20:16.772+0000] {logging_mixin.py:188} INFO - [2026-09-05T01:20:16.772+0000] {dag.py:3089} INFO - Sync 1 DAGs
[2026-09-05T01:20:16.811+0000] {processor.py:183} INFO - Processing /opt/airflow/dags/youtube_pipeline.py took 0.154 seconds
[2026-09-05T01:20:47.048+0000] {processor.py:161} INFO - Started process (PID=23028) to work on /opt/airflow/dags/youtube_pipeline.py
[2026-09-05T01:20:47.049+0000] {processor.py:830} INFO - Processing file /opt/airflow/dags/youtube_pipeline.py for tasks to queue
[2026-09-05T01:20:47.051+0000] {logging_mixin.py:188} INFO - [2026-09-05T01:20:47.051+0000] {dagbag.py:545} INFO - Filling up the DagBag from /opt/airflow/dags/youtube_pipeline.py
[2026-09-05T01:20:47.098+0000] {processor.py:840} INFO - DAG(s) 'youtube_english_video_pipeline' retrieved from /opt/airflow/dags/youtube_pipeline.py
[2026-09-05T01:20:47.141+0000] {logging_mixin.py:188} INFO - [2026-09-05T01:20:47.141+0000] {dag.py:3089} INFO - Sync 1 DAGs
[2026-09-05T01:20:47.191+0000] {processor.py:183} INFO - Processing /opt/airflow/dags/youtube_pipeline.py took 0.149 seconds
[2026-09-05T01:21:17.389+0000] {processor.py:161} INFO - Started process (PID=23033) to work on /opt/airflow/dags/youtube_pipeline.py
[2026-09-05T01:21:17.390+0000] {processor.py:830} INFO - Processing file /opt/airflow/dags/youtube_pipeline.py for tasks to queue
[2026-09-05T01:21:17.392+0000] {logging_mixin.py:188} INFO - [2026-09-05T01:21:17.392+0000] {dagbag.py:545} INFO - Filling up the DagBag from /opt/airflow/dags/youtube_pipeline.py
[2026-09-05T01:21:17.440+0000] {processor.py:840} INFO - DAG(s) 'youtube_english_video_pipeline' retrieved from /opt/airflow/dags/youtube_pipeline.py
[2026-09-05T01:21:17.499+0000] {logging_mixin.py:188} INFO - [2026-09-05T01:21:17.499+0000] {dag.py:3089} INFO - Sync 1 DAGs
[2026-09-05T01:21:17.550+0000] {processor.py:183} INFO - Processing /opt/airflow/dags/youtube_pipeline.py took 0.172 seconds
[2026-09-05T01:21:47.803+0000] {processor.py:161} INFO - Started process (PID=23038) to work on /opt/airflow/dags/youtube_pipeline.py
[2026-09-05T01:21:47.805+0000] {processor.py:830} INFO - Processing file /opt/airflow/dags/youtube_pipeline.py for tasks to queue
[2026-09-05T01:21:47.808+0000] {logging_mixin.py:188} INFO - [2026-09-05T01:21:47.808+0000] {dagbag.py:545} INFO - Filling up the DagBag from /opt/airflow/dags/youtube_pipeline.py
[2026-09-05T01:21:47.857+0000] {processor.py:840} INFO - DAG(s) 'youtube_english_video_pipeline' retrieved from /opt/airflow/dags/youtube_pipeline.py
[2026-09-05T01:21:47.903+0000] {logging_mixin.py:188} INFO - [2026-09-05T01:21:47.903+0000] {dag.py:3089} INFO - Sync 1 DAGs
[2026-09-05T01:21:47.926+0000] {logging_mixin.py:188} INFO - [2026-09-05T01:21:47.926+0000] {dag.py:3947} INFO - Setting next_dagrun for youtube_english_video_pipeline to 2026-09-04 12:00:00+00:00, run_after=2026-09-05 12:00:00+00:00
[2026-09-05T01:21:47.946+0000] {processor.py:183} INFO - Processing /opt/airflow/dags/youtube_pipeline.py took 0.153 seconds
[2026-09-05T01:22:18.152+0000] {processor.py:161} INFO - Started process (PID=23043) to work on /opt/airflow/dags/youtube_pipeline.py
[2026-09-05T01:22:18.154+0000] {processor.py:830} INFO - Processing file /opt/airflow/dags/youtube_pipeline.py for tasks to queue
[2026-09-05T01:22:18.157+0000] {logging_mixin.py:188} INFO - [2026-09-05T01:22:18.157+0000] {dagbag.py:545} INFO - Filling up the DagBag from /opt/airflow/dags/youtube_pipeline.py
[2026-09-05T01:22:18.194+0000] {processor.py:840} INFO - DAG(s) 'youtube_english_video_pipeline' retrieved from /opt/airflow/dags/youtube_pipeline.py
[2026-09-05T01:22:18.243+0000] {logging_mixin.py:188} INFO - [2026-09-05T01:22:18.242+0000] {dag.py:3089} INFO - Sync 1 DAGs
[2026-09-05T01:22:18.277+0000] {logging_mixin.py:188} INFO - [2026-09-05T01:22:18.277+0000] {dag.py:3947} INFO - Setting next_dagrun for youtube_english_video_pipeline to 2026-09-04 12:00:00+00:00, run_after=2026-09-05 12:00:00+00:00
[2026-09-05T01:22:18.314+0000] {processor.py:183} INFO - Processing /opt/airflow/dags/youtube_pipeline.py took 0.172 seconds
[2026-09-05T01:22:48.416+0000] {processor.py:161} INFO - Started process (PID=23048) to work on /opt/airflow/dags/youtube_pipeline.py
[2026-09-05T01:22:48.417+0000] {processor.py:830} INFO - Processing file /opt/airflow/dags/youtube_pipeline.py for tasks to queue
[2026-09-05T01:22:48.419+0000] {logging_mixin.py:188} INFO - [2026-09-05T01:22:48.419+0000] {dagbag.py:545} INFO - Filling up the DagBag from /opt/airflow/dags/youtube_pipeline.py
[2026-09-05T01:22:48.448+0000] {processor.py:840} INFO - DAG(s) 'youtube_english_video_pipeline' retrieved from /opt/airflow/dags/youtube_pipeline.py
[2026-09-05T01:22:48.489+0000] {logging_mixin.py:188} INFO - [2026-09-05T01:22:48.489+0000] {dag.py:3089} INFO - Sync 1 DAGs
[2026-09-05T01:22:48.511+0000] {logging_mixin.py:188} INFO - [2026-09-05T01:22:48.511+0000] {dag.py:3947} INFO - Setting next_dagrun for youtube_english_video_pipeline to 2026-09-04 12:00:00+00:00, run_after=2026-09-05 12:00:00+00:00
[2026-09-05T01:22:48.541+0000] {processor.py:183} INFO - Processing /opt/airflow/dags/youtube_pipeline.py took 0.134 seconds
[2026-09-05T01:23:18.800+0000] {processor.py:161} INFO - Started process (PID=23053) to work on /opt/airflow/dags/youtube_pipeline.py
[2026-09-05T01:23:18.802+0000] {processor.py:830} INFO - Processing file /opt/airflow/dags/youtube_pipeline.py for tasks to queue
[2026-09-05T01:23:18.804+0000] {logging_mixin.py:188} INFO - [2026-09-05T01:23:18.804+0000] {dagbag.py:545} INFO - Filling up the DagBag from /opt/airflow/dags/youtube_pipeline.py
[2026-09-05T01:23:18.849+0000] {processor.py:840} INFO - DAG(s) 'youtube_english_video_pipeline' retrieved from /opt/airflow/dags/youtube_pipeline.py
[2026-09-05T01:23:18.889+0000] {logging_mixin.py:188} INFO - [2026-09-05T01:23:18.889+0000] {dag.py:3089} INFO - Sync 1 DAGs
[2026-09-05T01:23:18.909+0000] {logging_mixin.py:188} INFO - [2026-09-05T01:23:18.909+0000] {dag.py:3947} INFO - Setting next_dagrun for youtube_english_video_pipeline to 2026-09-04 12:00:00+00:00, run_after=2026-09-05 12:00:00+00:00
[2026-09-05T01:23:18.938+0000] {processor.py:183} INFO - Processing /opt/airflow/dags/youtube_pipeline.py took 0.145 seconds
[2026-09-05T01:23:49.049+0000] {processor.py:161} INFO - Started process (PID=23058) to work on /opt/airflow/dags/youtube_pipeline.py
[2026-09-05T01:23:49.051+0000] {processor.py:830} INFO - Processing file /opt/airflow/dags/youtube_pipeline.py for tasks to queue
[2026-09-05T01:23:49.053+0000] {logging_mixin.py:188} INFO - [2026-09-05T01:23:49.053+0000] {dagbag.py:545} INFO - Filling up the DagBag from /opt/airflow/dags/youtube_pipeline.py
[2026-09-05T01:23:49.098+0000] {processor.py:840} INFO - DAG(s) 'youtube_english_video_pipeline' retrieved from /opt/airflow/dags/youtube_pipeline.py
[2026-09-05T01:23:49.141+0000] {logging_mixin.py:188} INFO - [2026-09-05T01:23:49.141+0000] {dag.py:3089} INFO - Sync 1 DAGs
[2026-09-05T01:23:49.162+0000] {logging_mixin.py:188} INFO - [2026-09-05T01:23:49.162+0000] {dag.py:3947} INFO - Setting next_dagrun for youtube_english_video_pipeline to 2026-09-04 12:00:00+00:00, run_after=2026-09-05 12:00:00+00:00
[2026-09-05T01:23:49.192+0000] {processor.py:183} INFO - Processing /opt/airflow/dags/youtube_pipeline.py took 0.154 seconds
[2026-09-05T01:24:19.436+0000] {processor.py:161} INFO - Started process (PID=23063) to work on /opt/airflow/dags/youtube_pipeline.py
[2026-09-05T01:24:19.438+0000] {processor.py:830} INFO - Processing file /opt/airflow/dags/youtube_pipeline.py for tasks to queue
[2026-09-05T01:24:19.440+0000] {logging_mixin.py:188} INFO - [2026-09-05T01:24:19.440+0000] {dagbag.py:545} INFO - Filling up the DagBag from /opt/airflow/dags/youtube_pipeline.py
[2026-09-05T01:24:19.490+0000] {processor.py:840} INFO - DAG(s) 'youtube_english_video_pipeline' retrieved from /opt/airflow/dags/youtube_pipeline.py
[2026-09-05T01:24:19.547+0000] {logging_mixin.py:188} INFO - [2026-09-05T01:24:19.547+0000] {dag.py:3089} INFO - Sync 1 DAGs
[2026-09-05T01:24:19.569+0000] {logging_mixin.py:188} INFO - [2026-09-05T01:24:19.569+0000] {dag.py:3947} INFO - Setting next_dagrun for youtube_english_video_pipeline to 2026-09-04 12:00:00+00:00, run_after=2026-09-05 12:00:00+00:00
[2026-09-05T01:24:19.590+0000] {processor.py:183} INFO - Processing /opt/airflow/dags/youtube_pipeline.py took 0.161 seconds
[2026-09-05T01:24:49.669+0000] {processor.py:161} INFO - Started process (PID=23068) to work on /opt/airflow/dags/youtube_pipeline.py
[2026-09-05T01:24:49.671+0000] {processor.py:830} INFO - Processing file /opt/airflow/dags/youtube_pipeline.py for tasks to queue
[2026-09-05T01:24:49.673+0000] {logging_mixin.py:188} INFO - [2026-09-05T01:24:49.673+0000] {dagbag.py:545} INFO - Filling up the DagBag from /opt/airflow/dags/youtube_pipeline.py
[2026-09-05T01:24:49.719+0000] {processor.py:840} INFO - DAG(s) 'youtube_english_video_pipeline' retrieved from /opt/airflow/dags/youtube_pipeline.py
[2026-09-05T01:24:49.762+0000] {logging_mixin.py:188} INFO - [2026-09-05T01:24:49.761+0000] {dag.py:3089} INFO - Sync 1 DAGs
[2026-09-05T01:24:49.782+0000] {logging_mixin.py:188} INFO - [2026-09-05T01:24:49.782+0000] {dag.py:3947} INFO - Setting next_dagrun for youtube_english_video_pipeline to 2026-09-04 12:00:00+00:00, run_after=2026-09-05 12:00:00+00:00
[2026-09-05T01:24:49.813+0000] {processor.py:183} INFO - Processing /opt/airflow/dags/youtube_pipeline.py took 0.153 seconds
[2026-09-05T01:25:20.043+0000] {processor.py:161} INFO - Started process (PID=23073) to work on /opt/airflow/dags/youtube_pipeline.py
[2026-09-05T01:25:20.044+0000] {processor.py:830} INFO - Processing file /opt/airflow/dags/youtube_pipeline.py for tasks to queue
[2026-09-05T01:25:20.047+0000] {logging_mixin.py:188} INFO - [2026-09-05T01:25:20.046+0000] {dagbag.py:545} INFO - Filling up the DagBag from /opt/airflow/dags/youtube_pipeline.py
[2026-09-05T01:25:20.090+0000] {processor.py:840} INFO - DAG(s) 'youtube_english_video_pipeline' retrieved from /opt/airflow/dags/youtube_pipeline.py
[2026-09-05T01:25:20.135+0000] {logging_mixin.py:188} INFO - [2026-09-05T01:25:20.135+0000] {dag.py:3089} INFO - Sync 1 DAGs
[2026-09-05T01:25:20.159+0000] {logging_mixin.py:188} INFO - [2026-09-05T01:25:20.159+0000] {dag.py:3947} INFO - Setting next_dagrun for youtube_english_video_pipeline to 2026-09-04 12:00:00+00:00, run_after=2026-09-05 12:00:00+00:00
[2026-09-05T01:25:20.179+0000] {processor.py:183} INFO - Processing /opt/airflow/dags/youtube_pipeline.py took 0.144 seconds
[2026-09-05T01:25:50.291+0000] {processor.py:161} INFO - Started process (PID=23078) to work on /opt/airflow/dags/youtube_pipeline.py
[2026-09-05T01:25:50.292+0000] {processor.py:830} INFO - Processing file /opt/airflow/dags/youtube_pipeline.py for tasks to queue
[2026-09-05T01:25:50.295+0000] {logging_mixin.py:188} INFO - [2026-09-05T01:25:50.295+0000] {dagbag.py:545} INFO - Filling up the DagBag from /opt/airflow/dags/youtube_pipeline.py
[2026-09-05T01:25:50.348+0000] {processor.py:840} INFO - DAG(s) 'youtube_english_video_pipeline' retrieved from /opt/airflow/dags/youtube_pipeline.py
[2026-09-05T01:25:50.392+0000] {logging_mixin.py:188} INFO - [2026-09-05T01:25:50.392+0000] {dag.py:3089} INFO - Sync 1 DAGs
[2026-09-05T01:25:50.412+0000] {logging_mixin.py:188} INFO - [2026-09-05T01:25:50.412+0000] {dag.py:3947} INFO - Setting next_dagrun for youtube_english_video_pipeline to 2026-09-04 12:00:00+00:00, run_after=2026-09-05 12:00:00+00:00
[2026-09-05T01:25:50.446+0000] {processor.py:183} INFO - Processing /opt/airflow/dags/youtube_pipeline.py took 0.163 seconds
[2026-09-05T01:26:20.677+0000] {processor.py:161} INFO - Started process (PID=23083) to work on /opt/airflow/dags/youtube_pipeline.py
[2026-09-05T01:26:20.678+0000] {processor.py:830} INFO - Processing file /opt/airflow/dags/youtube_pipeline.py for tasks to queue
[2026-09-05T01:26:20.680+0000] {logging_mixin.py:188} INFO - [2026-09-05T01:26:20.680+0000] {dagbag.py:545} INFO - Filling up the DagBag from /opt/airflow/dags/youtube_pipeline.py
[2026-09-05T01:26:20.826+0000] {processor.py:840} INFO - DAG(s) 'youtube_english_video_pipeline' retrieved from /opt/airflow/dags/youtube_pipeline.py
[2026-09-05T01:26:20.900+0000] {logging_mixin.py:188} INFO - [2026-09-05T01:26:20.900+0000] {dag.py:3089} INFO - Sync 1 DAGs
[2026-09-05T01:26:20.936+0000] {logging_mixin.py:188} INFO - [2026-09-05T01:26:20.936+0000] {dag.py:3947} INFO - Setting next_dagrun for youtube_english_video_pipeline to 2026-09-04 12:00:00+00:00, run_after=2026-09-05 12:00:00+00:00
[2026-09-05T01:26:20.983+0000] {processor.py:183} INFO - Processing /opt/airflow/dags/youtube_pipeline.py took 0.314 seconds
[2026-09-05T01:26:51.254+0000] {processor.py:161} INFO - Started process (PID=23088) to work on /opt/airflow/dags/youtube_pipeline.py
[2026-09-05T01:26:51.256+0000] {processor.py:830} INFO - Processing file /opt/airflow/dags/youtube_pipeline.py for tasks to queue
[2026-09-05T01:26:51.258+0000] {logging_mixin.py:188} INFO - [2026-09-05T01:26:51.258+0000] {dagbag.py:545} INFO - Filling up the DagBag from /opt/airflow/dags/youtube_pipeline.py
[2026-09-05T01:26:51.302+0000] {processor.py:840} INFO - DAG(s) 'youtube_english_video_pipeline' retrieved from /opt/airflow/dags/youtube_pipeline.py
[2026-09-05T01:26:51.342+0000] {logging_mixin.py:188} INFO - [2026-09-05T01:26:51.342+0000] {dag.py:3089} INFO - Sync 1 DAGs
[2026-09-05T01:26:51.368+0000] {logging_mixin.py:188} INFO - [2026-09-05T01:26:51.367+0000] {dag.py:3947} INFO - Setting next_dagrun for youtube_english_video_pipeline to 2026-09-04 12:00:00+00:00, run_after=2026-09-05 12:00:00+00:00
[2026-09-05T01:26:51.392+0000] {processor.py:183} INFO - Processing /opt/airflow/dags/youtube_pipeline.py took 0.146 seconds
[2026-09-05T01:27:21.481+0000] {processor.py:161} INFO - Started process (PID=23093) to work on /opt/airflow/dags/youtube_pipeline.py
[2026-09-05T01:27:21.482+0000] {processor.py:830} INFO - Processing file /opt/airflow/dags/youtube_pipeline.py for tasks to queue
[2026-09-05T01:27:21.485+0000] {logging_mixin.py:188} INFO - [2026-09-05T01:27:21.484+0000] {dagbag.py:545} INFO - Filling up the DagBag from /opt/airflow/dags/youtube_pipeline.py
[2026-09-05T01:27:21.530+0000] {processor.py:840} INFO - DAG(s) 'youtube_english_video_pipeline' retrieved from /opt/airflow/dags/youtube_pipeline.py
[2026-09-05T01:27:21.577+0000] {logging_mixin.py:188} INFO - [2026-09-05T01:27:21.577+0000] {dag.py:3089} INFO - Sync 1 DAGs
[2026-09-05T01:27:21.601+0000] {logging_mixin.py:188} INFO - [2026-09-05T01:27:21.600+0000] {dag.py:3947} INFO - Setting next_dagrun for youtube_english_video_pipeline to 2026-09-04 12:00:00+00:00, run_after=2026-09-05 12:00:00+00:00
[2026-09-05T01:27:21.634+0000] {processor.py:183} INFO - Processing /opt/airflow/dags/youtube_pipeline.py took 0.161 seconds
[2026-09-05T01:27:51.855+0000] {processor.py:161} INFO - Started process (PID=23098) to work on /opt/airflow/dags/youtube_pipeline.py
[2026-09-05T01:27:51.857+0000] {processor.py:830} INFO - Processing file /opt/airflow/dags/youtube_pipeline.py for tasks to queue
[2026-09-05T01:27:51.859+0000] {logging_mixin.py:188} INFO - [2026-09-05T01:27:51.858+0000] {dagbag.py:545} INFO - Filling up the DagBag from /opt/airflow/dags/youtube_pipeline.py
[2026-09-05T01:27:51.902+0000] {processor.py:840} INFO - DAG(s) 'youtube_english_video_pipeline' retrieved from /opt/airflow/dags/youtube_pipeline.py
[2026-09-05T01:27:51.942+0000] {logging_mixin.py:188} INFO - [2026-09-05T01:27:51.942+0000] {dag.py:3089} INFO - Sync 1 DAGs
[2026-09-05T01:27:51.961+0000] {logging_mixin.py:188} INFO - [2026-09-05T01:27:51.961+0000] {dag.py:3947} INFO - Setting next_dagrun for youtube_english_video_pipeline to 2026-09-04 12:00:00+00:00, run_after=2026-09-05 12:00:00+00:00
[2026-09-05T01:27:51.992+0000] {processor.py:183} INFO - Processing /opt/airflow/dags/youtube_pipeline.py took 0.144 seconds
[2026-09-05T01:28:22.182+0000] {processor.py:161} INFO - Started process (PID=23103) to work on /opt/airflow/dags/youtube_pipeline.py
[2026-09-05T01:28:22.184+0000] {processor.py:830} INFO - Processing file /opt/airflow/dags/youtube_pipeline.py for tasks to queue
[2026-09-05T01:28:22.188+0000] {logging_mixin.py:188} INFO - [2026-09-05T01:28:22.187+0000] {dagbag.py:545} INFO - Filling up the DagBag from /opt/airflow/dags/youtube_pipeline.py
[2026-09-05T01:28:22.258+0000] {processor.py:840} INFO - DAG(s) 'youtube_english_video_pipeline' retrieved from /opt/airflow/dags/youtube_pipeline.py
[2026-09-05T01:28:22.311+0000] {logging_mixin.py:188} INFO - [2026-09-05T01:28:22.311+0000] {dag.py:3089} INFO - Sync 1 DAGs
[2026-09-05T01:28:22.345+0000] {logging_mixin.py:188} INFO - [2026-09-05T01:28:22.345+0000] {dag.py:3947} INFO - Setting next_dagrun for youtube_english_video_pipeline to 2026-09-04 12:00:00+00:00, run_after=2026-09-05 12:00:00+00:00
[2026-09-05T01:28:22.385+0000] {processor.py:183} INFO - Processing /opt/airflow/dags/youtube_pipeline.py took 0.216 seconds
[2026-09-05T01:28:52.559+0000] {processor.py:161} INFO - Started process (PID=23108) to work on /opt/airflow/dags/youtube_pipeline.py
[2026-09-05T01:28:52.561+0000] {processor.py:830} INFO - Processing file /opt/airflow/dags/youtube_pipeline.py for tasks to queue
[2026-09-05T01:28:52.565+0000] {logging_mixin.py:188} INFO - [2026-09-05T01:28:52.564+0000] {dagbag.py:545} INFO - Filling up the DagBag from /opt/airflow/dags/youtube_pipeline.py
[2026-09-05T01:28:52.629+0000] {processor.py:840} INFO - DAG(s) 'youtube_english_video_pipeline' retrieved from /opt/airflow/dags/youtube_pipeline.py
[2026-09-05T01:28:52.684+0000] {logging_mixin.py:188} INFO - [2026-09-05T01:28:52.684+0000] {dag.py:3089} INFO - Sync 1 DAGs
[2026-09-05T01:28:52.709+0000] {logging_mixin.py:188} INFO - [2026-09-05T01:28:52.709+0000] {dag.py:3947} INFO - Setting next_dagrun for youtube_english_video_pipeline to 2026-09-04 12:00:00+00:00, run_after=2026-09-05 12:00:00+00:00
[2026-09-05T01:28:52.743+0000] {processor.py:183} INFO - Processing /opt/airflow/dags/youtube_pipeline.py took 0.197 seconds
[2026-09-05T01:29:22.966+0000] {processor.py:161} INFO - Started process (PID=23113) to work on /opt/airflow/dags/youtube_pipeline.py
[2026-09-05T01:29:22.968+0000] {processor.py:830} INFO - Processing file /opt/airflow/dags/youtube_pipeline.py for tasks to queue
[2026-09-05T01:29:22.971+0000] {logging_mixin.py:188} INFO - [2026-09-05T01:29:22.971+0000] {dagbag.py:545} INFO - Filling up the DagBag from /opt/airflow/dags/youtube_pipeline.py
[2026-09-05T01:29:23.030+0000] {processor.py:840} INFO - DAG(s) 'youtube_english_video_pipeline' retrieved from /opt/airflow/dags/youtube_pipeline.py
[2026-09-05T01:29:23.129+0000] {logging_mixin.py:188} INFO - [2026-09-05T01:29:23.128+0000] {dag.py:3089} INFO - Sync 1 DAGs
[2026-09-05T01:29:23.156+0000] {logging_mixin.py:188} INFO - [2026-09-05T01:29:23.155+0000] {dag.py:3947} INFO - Setting next_dagrun for youtube_english_video_pipeline to 2026-09-04 12:00:00+00:00, run_after=2026-09-05 12:00:00+00:00
[2026-09-05T01:29:23.179+0000] {processor.py:183} INFO - Processing /opt/airflow/dags/youtube_pipeline.py took 0.223 seconds
[2026-09-05T01:29:53.283+0000] {processor.py:161} INFO - Started process (PID=23118) to work on /opt/airflow/dags/youtube_pipeline.py
[2026-09-05T01:29:53.285+0000] {processor.py:830} INFO - Processing file /opt/airflow/dags/youtube_pipeline.py for tasks to queue
[2026-09-05T01:29:53.288+0000] {logging_mixin.py:188} INFO - [2026-09-05T01:29:53.288+0000] {dagbag.py:545} INFO - Filling up the DagBag from /opt/airflow/dags/youtube_pipeline.py
[2026-09-05T01:29:53.341+0000] {processor.py:840} INFO - DAG(s) 'youtube_english_video_pipeline' retrieved from /opt/airflow/dags/youtube_pipeline.py
[2026-09-05T01:29:53.412+0000] {logging_mixin.py:188} INFO - [2026-09-05T01:29:53.411+0000] {dag.py:3089} INFO - Sync 1 DAGs
[2026-09-05T01:29:53.443+0000] {logging_mixin.py:188} INFO - [2026-09-05T01:29:53.443+0000] {dag.py:3947} INFO - Setting next_dagrun for youtube_english_video_pipeline to 2026-09-04 12:00:00+00:00, run_after=2026-09-05 12:00:00+00:00
[2026-09-05T01:29:53.483+0000] {processor.py:183} INFO - Processing /opt/airflow/dags/youtube_pipeline.py took 0.213 seconds
[2026-09-05T01:30:23.731+0000] {processor.py:161} INFO - Started process (PID=23123) to work on /opt/airflow/dags/youtube_pipeline.py
[2026-09-05T01:30:23.733+0000] {processor.py:830} INFO - Processing file /opt/airflow/dags/youtube_pipeline.py for tasks to queue
[2026-09-05T01:30:23.736+0000] {logging_mixin.py:188} INFO - [2026-09-05T01:30:23.735+0000] {dagbag.py:545} INFO - Filling up the DagBag from /opt/airflow/dags/youtube_pipeline.py
[2026-09-05T01:30:23.781+0000] {processor.py:840} INFO - DAG(s) 'youtube_english_video_pipeline' retrieved from /opt/airflow/dags/youtube_pipeline.py
[2026-09-05T01:30:23.848+0000] {logging_mixin.py:188} INFO - [2026-09-05T01:30:23.847+0000] {dag.py:3089} INFO - Sync 1 DAGs
[2026-09-05T01:30:23.886+0000] {logging_mixin.py:188} INFO - [2026-09-05T01:30:23.885+0000] {dag.py:3947} INFO - Setting next_dagrun for youtube_english_video_pipeline to 2026-09-04 12:00:00+00:00, run_after=2026-09-05 12:00:00+00:00
[2026-09-05T01:30:23.928+0000] {processor.py:183} INFO - Processing /opt/airflow/dags/youtube_pipeline.py took 0.208 seconds
[2026-09-05T01:30:54.042+0000] {processor.py:161} INFO - Started process (PID=23128) to work on /opt/airflow/dags/youtube_pipeline.py
[2026-09-05T01:30:54.044+0000] {processor.py:830} INFO - Processing file /opt/airflow/dags/youtube_pipeline.py for tasks to queue
[2026-09-05T01:30:54.047+0000] {logging_mixin.py:188} INFO - [2026-09-05T01:30:54.046+0000] {dagbag.py:545} INFO - Filling up the DagBag from /opt/airflow/dags/youtube_pipeline.py
[2026-09-05T01:30:54.105+0000] {processor.py:840} INFO - DAG(s) 'youtube_english_video_pipeline' retrieved from /opt/airflow/dags/youtube_pipeline.py
[2026-09-05T01:30:54.185+0000] {logging_mixin.py:188} INFO - [2026-09-05T01:30:54.184+0000] {dag.py:3089} INFO - Sync 1 DAGs
[2026-09-05T01:30:54.214+0000] {logging_mixin.py:188} INFO - [2026-09-05T01:30:54.214+0000] {dag.py:3947} INFO - Setting next_dagrun for youtube_english_video_pipeline to 2026-09-04 12:00:00+00:00, run_after=2026-09-05 12:00:00+00:00
[2026-09-05T01:30:54.243+0000] {processor.py:183} INFO - Processing /opt/airflow/dags/youtube_pipeline.py took 0.213 seconds
[2026-09-05T01:31:24.511+0000] {processor.py:161} INFO - Started process (PID=23133) to work on /opt/airflow/dags/youtube_pipeline.py
[2026-09-05T01:31:24.513+0000] {processor.py:830} INFO - Processing file /opt/airflow/dags/youtube_pipeline.py for tasks to queue
[2026-09-05T01:31:24.516+0000] {logging_mixin.py:188} INFO - [2026-09-05T01:31:24.516+0000] {dagbag.py:545} INFO - Filling up the DagBag from /opt/airflow/dags/youtube_pipeline.py
[2026-09-05T01:31:24.585+0000] {processor.py:840} INFO - DAG(s) 'youtube_english_video_pipeline' retrieved from /opt/airflow/dags/youtube_pipeline.py
[2026-09-05T01:31:24.679+0000] {logging_mixin.py:188} INFO - [2026-09-05T01:31:24.679+0000] {dag.py:3089} INFO - Sync 1 DAGs
[2026-09-05T01:31:24.718+0000] {logging_mixin.py:188} INFO - [2026-09-05T01:31:24.718+0000] {dag.py:3947} INFO - Setting next_dagrun for youtube_english_video_pipeline to 2026-09-04 12:00:00+00:00, run_after=2026-09-05 12:00:00+00:00
[2026-09-05T01:31:24.754+0000] {processor.py:183} INFO - Processing /opt/airflow/dags/youtube_pipeline.py took 0.255 seconds
[2026-09-05T01:31:55.151+0000] {processor.py:161} INFO - Started process (PID=23138) to work on /opt/airflow/dags/youtube_pipeline.py
[2026-09-05T01:31:55.153+0000] {processor.py:830} INFO - Processing file /opt/airflow/dags/youtube_pipeline.py for tasks to queue
[2026-09-05T01:31:55.156+0000] {logging_mixin.py:188} INFO - [2026-09-05T01:31:55.155+0000] {dagbag.py:545} INFO - Filling up the DagBag from /opt/airflow/dags/youtube_pipeline.py
[2026-09-05T01:31:55.211+0000] {processor.py:840} INFO - DAG(s) 'youtube_english_video_pipeline' retrieved from /opt/airflow/dags/youtube_pipeline.py
[2026-09-05T01:31:55.276+0000] {logging_mixin.py:188} INFO - [2026-09-05T01:31:55.275+0000] {dag.py:3089} INFO - Sync 1 DAGs
[2026-09-05T01:31:55.314+0000] {logging_mixin.py:188} INFO - [2026-09-05T01:31:55.314+0000] {dag.py:3947} INFO - Setting next_dagrun for youtube_english_video_pipeline to 2026-09-04 12:00:00+00:00, run_after=2026-09-05 12:00:00+00:00
[2026-09-05T01:31:55.348+0000] {processor.py:183} INFO - Processing /opt/airflow/dags/youtube_pipeline.py took 0.206 seconds
[2026-09-05T01:32:25.668+0000] {processor.py:161} INFO - Started process (PID=23143) to work on /opt/airflow/dags/youtube_pipeline.py
[2026-09-05T01:32:25.671+0000] {processor.py:830} INFO - Processing file /opt/airflow/dags/youtube_pipeline.py for tasks to queue
[2026-09-05T01:32:25.679+0000] {logging_mixin.py:188} INFO - [2026-09-05T01:32:25.678+0000] {dagbag.py:545} INFO - Filling up the DagBag from /opt/airflow/dags/youtube_pipeline.py
[2026-09-05T01:32:25.748+0000] {processor.py:840} INFO - DAG(s) 'youtube_english_video_pipeline' retrieved from /opt/airflow/dags/youtube_pipeline.py
[2026-09-05T01:32:25.820+0000] {logging_mixin.py:188} INFO - [2026-09-05T01:32:25.820+0000] {dag.py:3089} INFO - Sync 1 DAGs
[2026-09-05T01:32:25.854+0000] {logging_mixin.py:188} INFO - [2026-09-05T01:32:25.853+0000] {dag.py:3947} INFO - Setting next_dagrun for youtube_english_video_pipeline to 2026-09-04 12:00:00+00:00, run_after=2026-09-05 12:00:00+00:00
[2026-09-05T01:32:25.887+0000] {processor.py:183} INFO - Processing /opt/airflow/dags/youtube_pipeline.py took 0.232 seconds
[2026-09-05T01:32:56.187+0000] {processor.py:161} INFO - Started process (PID=23148) to work on /opt/airflow/dags/youtube_pipeline.py
[2026-09-05T01:32:56.189+0000] {processor.py:830} INFO - Processing file /opt/airflow/dags/youtube_pipeline.py for tasks to queue
[2026-09-05T01:32:56.193+0000] {logging_mixin.py:188} INFO - [2026-09-05T01:32:56.192+0000] {dagbag.py:545} INFO - Filling up the DagBag from /opt/airflow/dags/youtube_pipeline.py
[2026-09-05T01:32:56.246+0000] {processor.py:840} INFO - DAG(s) 'youtube_english_video_pipeline' retrieved from /opt/airflow/dags/youtube_pipeline.py
[2026-09-05T01:32:56.304+0000] {logging_mixin.py:188} INFO - [2026-09-05T01:32:56.304+0000] {dag.py:3089} INFO - Sync 1 DAGs
[2026-09-05T01:32:56.339+0000] {logging_mixin.py:188} INFO - [2026-09-05T01:32:56.338+0000] {dag.py:3947} INFO - Setting next_dagrun for youtube_english_video_pipeline to 2026-09-04 12:00:00+00:00, run_after=2026-09-05 12:00:00+00:00
[2026-09-05T01:32:56.373+0000] {processor.py:183} INFO - Processing /opt/airflow/dags/youtube_pipeline.py took 0.198 seconds
[2026-09-05T01:33:26.680+0000] {processor.py:161} INFO - Started process (PID=23153) to work on /opt/airflow/dags/youtube_pipeline.py
[2026-09-05T01:33:26.682+0000] {processor.py:830} INFO - Processing file /opt/airflow/dags/youtube_pipeline.py for tasks to queue
[2026-09-05T01:33:26.685+0000] {logging_mixin.py:188} INFO - [2026-09-05T01:33:26.684+0000] {dagbag.py:545} INFO - Filling up the DagBag from /opt/airflow/dags/youtube_pipeline.py
[2026-09-05T01:33:26.737+0000] {processor.py:840} INFO - DAG(s) 'youtube_english_video_pipeline' retrieved from /opt/airflow/dags/youtube_pipeline.py
[2026-09-05T01:33:26.795+0000] {logging_mixin.py:188} INFO - [2026-09-05T01:33:26.794+0000] {dag.py:3089} INFO - Sync 1 DAGs
[2026-09-05T01:33:26.830+0000] {logging_mixin.py:188} INFO - [2026-09-05T01:33:26.830+0000] {dag.py:3947} INFO - Setting next_dagrun for youtube_english_video_pipeline to 2026-09-04 12:00:00+00:00, run_after=2026-09-05 12:00:00+00:00
[2026-09-05T01:33:26.858+0000] {processor.py:183} INFO - Processing /opt/airflow/dags/youtube_pipeline.py took 0.188 seconds
[2026-09-05T01:33:57.170+0000] {processor.py:161} INFO - Started process (PID=23158) to work on /opt/airflow/dags/youtube_pipeline.py
[2026-09-05T01:33:57.172+0000] {processor.py:830} INFO - Processing file /opt/airflow/dags/youtube_pipeline.py for tasks to queue
[2026-09-05T01:33:57.175+0000] {logging_mixin.py:188} INFO - [2026-09-05T01:33:57.175+0000] {dagbag.py:545} INFO - Filling up the DagBag from /opt/airflow/dags/youtube_pipeline.py
[2026-09-05T01:33:57.253+0000] {processor.py:840} INFO - DAG(s) 'youtube_english_video_pipeline' retrieved from /opt/airflow/dags/youtube_pipeline.py
[2026-09-05T01:33:57.320+0000] {logging_mixin.py:188} INFO - [2026-09-05T01:33:57.320+0000] {dag.py:3089} INFO - Sync 1 DAGs
[2026-09-05T01:33:57.353+0000] {logging_mixin.py:188} INFO - [2026-09-05T01:33:57.353+0000] {dag.py:3947} INFO - Setting next_dagrun for youtube_english_video_pipeline to 2026-09-04 12:00:00+00:00, run_after=2026-09-05 12:00:00+00:00
[2026-09-05T01:33:57.385+0000] {processor.py:183} INFO - Processing /opt/airflow/dags/youtube_pipeline.py took 0.225 seconds
[2026-09-05T01:34:27.706+0000] {processor.py:161} INFO - Started process (PID=23163) to work on /opt/airflow/dags/youtube_pipeline.py
[2026-09-05T01:34:27.709+0000] {processor.py:830} INFO - Processing file /opt/airflow/dags/youtube_pipeline.py for tasks to queue
[2026-09-05T01:34:27.712+0000] {logging_mixin.py:188} INFO - [2026-09-05T01:34:27.711+0000] {dagbag.py:545} INFO - Filling up the DagBag from /opt/airflow/dags/youtube_pipeline.py
[2026-09-05T01:34:27.787+0000] {processor.py:840} INFO - DAG(s) 'youtube_english_video_pipeline' retrieved from /opt/airflow/dags/youtube_pipeline.py
[2026-09-05T01:34:27.852+0000] {logging_mixin.py:188} INFO - [2026-09-05T01:34:27.852+0000] {dag.py:3089} INFO - Sync 1 DAGs
[2026-09-05T01:34:27.880+0000] {logging_mixin.py:188} INFO - [2026-09-05T01:34:27.880+0000] {dag.py:3947} INFO - Setting next_dagrun for youtube_english_video_pipeline to 2026-09-04 12:00:00+00:00, run_after=2026-09-05 12:00:00+00:00
[2026-09-05T01:34:27.908+0000] {processor.py:183} INFO - Processing /opt/airflow/dags/youtube_pipeline.py took 0.214 seconds
[2026-09-05T01:34:58.210+0000] {processor.py:161} INFO - Started process (PID=23168) to work on /opt/airflow/dags/youtube_pipeline.py
[2026-09-05T01:34:58.212+0000] {processor.py:830} INFO - Processing file /opt/airflow/dags/youtube_pipeline.py for tasks to queue
[2026-09-05T01:34:58.216+0000] {logging_mixin.py:188} INFO - [2026-09-05T01:34:58.216+0000] {dagbag.py:545} INFO - Filling up the DagBag from /opt/airflow/dags/youtube_pipeline.py
[2026-09-05T01:34:58.292+0000] {processor.py:840} INFO - DAG(s) 'youtube_english_video_pipeline' retrieved from /opt/airflow/dags/youtube_pipeline.py
[2026-09-05T01:34:58.359+0000] {logging_mixin.py:188} INFO - [2026-09-05T01:34:58.358+0000] {dag.py:3089} INFO - Sync 1 DAGs
[2026-09-05T01:34:58.394+0000] {logging_mixin.py:188} INFO - [2026-09-05T01:34:58.394+0000] {dag.py:3947} INFO - Setting next_dagrun for youtube_english_video_pipeline to 2026-09-04 12:00:00+00:00, run_after=2026-09-05 12:00:00+00:00
[2026-09-05T01:34:58.422+0000] {processor.py:183} INFO - Processing /opt/airflow/dags/youtube_pipeline.py took 0.225 seconds
[2026-09-05T01:35:28.742+0000] {processor.py:161} INFO - Started process (PID=23173) to work on /opt/airflow/dags/youtube_pipeline.py
[2026-09-05T01:35:28.744+0000] {processor.py:830} INFO - Processing file /opt/airflow/dags/youtube_pipeline.py for tasks to queue
[2026-09-05T01:35:28.746+0000] {logging_mixin.py:188} INFO - [2026-09-05T01:35:28.746+0000] {dagbag.py:545} INFO - Filling up the DagBag from /opt/airflow/dags/youtube_pipeline.py
[2026-09-05T01:35:28.806+0000] {processor.py:840} INFO - DAG(s) 'youtube_english_video_pipeline' retrieved from /opt/airflow/dags/youtube_pipeline.py
[2026-09-05T01:35:28.863+0000] {logging_mixin.py:188} INFO - [2026-09-05T01:35:28.863+0000] {dag.py:3089} INFO - Sync 1 DAGs
[2026-09-05T01:35:28.892+0000] {logging_mixin.py:188} INFO - [2026-09-05T01:35:28.892+0000] {dag.py:3947} INFO - Setting next_dagrun for youtube_english_video_pipeline to 2026-09-04 12:00:00+00:00, run_after=2026-09-05 12:00:00+00:00
[2026-09-05T01:35:28.925+0000] {processor.py:183} INFO - Processing /opt/airflow/dags/youtube_pipeline.py took 0.197 seconds
[2026-09-05T01:35:59.274+0000] {processor.py:161} INFO - Started process (PID=23178) to work on /opt/airflow/dags/youtube_pipeline.py
[2026-09-05T01:35:59.277+0000] {processor.py:830} INFO - Processing file /opt/airflow/dags/youtube_pipeline.py for tasks to queue
[2026-09-05T01:35:59.282+0000] {logging_mixin.py:188} INFO - [2026-09-05T01:35:59.281+0000] {dagbag.py:545} INFO - Filling up the DagBag from /opt/airflow/dags/youtube_pipeline.py
[2026-09-05T01:35:59.351+0000] {processor.py:840} INFO - DAG(s) 'youtube_english_video_pipeline' retrieved from /opt/airflow/dags/youtube_pipeline.py
[2026-09-05T01:35:59.423+0000] {logging_mixin.py:188} INFO - [2026-09-05T01:35:59.423+0000] {dag.py:3089} INFO - Sync 1 DAGs
[2026-09-05T01:35:59.451+0000] {logging_mixin.py:188} INFO - [2026-09-05T01:35:59.451+0000] {dag.py:3947} INFO - Setting next_dagrun for youtube_english_video_pipeline to 2026-09-04 12:00:00+00:00, run_after=2026-09-05 12:00:00+00:00
[2026-09-05T01:35:59.475+0000] {processor.py:183} INFO - Processing /opt/airflow/dags/youtube_pipeline.py took 0.212 seconds
[2026-09-05T05:36:11.609+0000] {processor.py:161} INFO - Started process (PID=23183) to work on /opt/airflow/dags/youtube_pipeline.py
[2026-09-05T05:36:11.618+0000] {processor.py:830} INFO - Processing file /opt/airflow/dags/youtube_pipeline.py for tasks to queue
[2026-09-05T05:36:11.627+0000] {logging_mixin.py:188} INFO - [2026-09-05T05:36:11.626+0000] {dagbag.py:545} INFO - Filling up the DagBag from /opt/airflow/dags/youtube_pipeline.py
[2026-09-05T05:36:12.006+0000] {processor.py:840} INFO - DAG(s) 'youtube_english_video_pipeline' retrieved from /opt/airflow/dags/youtube_pipeline.py
[2026-09-05T05:36:12.083+0000] {logging_mixin.py:188} INFO - [2026-09-05T05:36:12.083+0000] {dag.py:3089} INFO - Sync 1 DAGs
[2026-09-05T05:36:12.121+0000] {logging_mixin.py:188} INFO - [2026-09-05T05:36:12.120+0000] {dag.py:3947} INFO - Setting next_dagrun for youtube_english_video_pipeline to 2026-09-04 12:00:00+00:00, run_after=2026-09-05 12:00:00+00:00
[2026-09-05T05:36:12.165+0000] {processor.py:183} INFO - Processing /opt/airflow/dags/youtube_pipeline.py took 0.577 seconds
[2026-09-05T05:36:42.699+0000] {processor.py:161} INFO - Started process (PID=23188) to work on /opt/airflow/dags/youtube_pipeline.py
[2026-09-05T05:36:42.712+0000] {processor.py:830} INFO - Processing file /opt/airflow/dags/youtube_pipeline.py for tasks to queue
[2026-09-05T05:36:42.734+0000] {logging_mixin.py:188} INFO - [2026-09-05T05:36:42.733+0000] {dagbag.py:545} INFO - Filling up the DagBag from /opt/airflow/dags/youtube_pipeline.py
[2026-09-05T05:36:43.172+0000] {processor.py:840} INFO - DAG(s) 'youtube_english_video_pipeline' retrieved from /opt/airflow/dags/youtube_pipeline.py
[2026-09-05T05:36:43.271+0000] {logging_mixin.py:188} INFO - [2026-09-05T05:36:43.271+0000] {dag.py:3089} INFO - Sync 1 DAGs
[2026-09-05T05:36:43.320+0000] {logging_mixin.py:188} INFO - [2026-09-05T05:36:43.320+0000] {dag.py:3947} INFO - Setting next_dagrun for youtube_english_video_pipeline to 2026-09-04 12:00:00+00:00, run_after=2026-09-05 12:00:00+00:00
[2026-09-05T05:36:43.360+0000] {processor.py:183} INFO - Processing /opt/airflow/dags/youtube_pipeline.py took 0.680 seconds
[2026-09-05T05:37:13.543+0000] {processor.py:161} INFO - Started process (PID=23193) to work on /opt/airflow/dags/youtube_pipeline.py
[2026-09-05T05:37:13.545+0000] {processor.py:830} INFO - Processing file /opt/airflow/dags/youtube_pipeline.py for tasks to queue
[2026-09-05T05:37:13.548+0000] {logging_mixin.py:188} INFO - [2026-09-05T05:37:13.548+0000] {dagbag.py:545} INFO - Filling up the DagBag from /opt/airflow/dags/youtube_pipeline.py
[2026-09-05T05:37:13.623+0000] {processor.py:840} INFO - DAG(s) 'youtube_english_video_pipeline' retrieved from /opt/airflow/dags/youtube_pipeline.py
[2026-09-05T05:37:13.676+0000] {logging_mixin.py:188} INFO - [2026-09-05T05:37:13.676+0000] {dag.py:3089} INFO - Sync 1 DAGs
[2026-09-05T05:37:13.702+0000] {logging_mixin.py:188} INFO - [2026-09-05T05:37:13.702+0000] {dag.py:3947} INFO - Setting next_dagrun for youtube_english_video_pipeline to 2026-09-04 12:00:00+00:00, run_after=2026-09-05 12:00:00+00:00
[2026-09-05T05:37:13.746+0000] {processor.py:183} INFO - Processing /opt/airflow/dags/youtube_pipeline.py took 0.218 seconds
[2026-09-05T05:37:43.906+0000] {processor.py:161} INFO - Started process (PID=23198) to work on /opt/airflow/dags/youtube_pipeline.py
[2026-09-05T05:37:43.908+0000] {processor.py:830} INFO - Processing file /opt/airflow/dags/youtube_pipeline.py for tasks to queue
[2026-09-05T05:37:43.911+0000] {logging_mixin.py:188} INFO - [2026-09-05T05:37:43.910+0000] {dagbag.py:545} INFO - Filling up the DagBag from /opt/airflow/dags/youtube_pipeline.py
[2026-09-05T05:37:43.971+0000] {processor.py:840} INFO - DAG(s) 'youtube_english_video_pipeline' retrieved from /opt/airflow/dags/youtube_pipeline.py
[2026-09-05T05:37:44.039+0000] {logging_mixin.py:188} INFO - [2026-09-05T05:37:44.039+0000] {dag.py:3089} INFO - Sync 1 DAGs
[2026-09-05T05:37:44.070+0000] {logging_mixin.py:188} INFO - [2026-09-05T05:37:44.070+0000] {dag.py:3947} INFO - Setting next_dagrun for youtube_english_video_pipeline to 2026-09-04 12:00:00+00:00, run_after=2026-09-05 12:00:00+00:00
[2026-09-05T05:37:44.109+0000] {processor.py:183} INFO - Processing /opt/airflow/dags/youtube_pipeline.py took 0.213 seconds
[2026-09-05T05:38:14.297+0000] {processor.py:161} INFO - Started process (PID=23203) to work on /opt/airflow/dags/youtube_pipeline.py
[2026-09-05T05:38:14.299+0000] {processor.py:830} INFO - Processing file /opt/airflow/dags/youtube_pipeline.py for tasks to queue
[2026-09-05T05:38:14.302+0000] {logging_mixin.py:188} INFO - [2026-09-05T05:38:14.301+0000] {dagbag.py:545} INFO - Filling up the DagBag from /opt/airflow/dags/youtube_pipeline.py
[2026-09-05T05:38:14.353+0000] {processor.py:840} INFO - DAG(s) 'youtube_english_video_pipeline' retrieved from /opt/airflow/dags/youtube_pipeline.py
[2026-09-05T05:38:14.414+0000] {logging_mixin.py:188} INFO - [2026-09-05T05:38:14.413+0000] {dag.py:3089} INFO - Sync 1 DAGs
[2026-09-05T05:38:14.442+0000] {logging_mixin.py:188} INFO - [2026-09-05T05:38:14.442+0000] {dag.py:3947} INFO - Setting next_dagrun for youtube_english_video_pipeline to 2026-09-04 12:00:00+00:00, run_after=2026-09-05 12:00:00+00:00
[2026-09-05T05:38:14.469+0000] {processor.py:183} INFO - Processing /opt/airflow/dags/youtube_pipeline.py took 0.182 seconds
[2026-09-05T05:38:44.655+0000] {processor.py:161} INFO - Started process (PID=23208) to work on /opt/airflow/dags/youtube_pipeline.py
[2026-09-05T05:38:44.657+0000] {processor.py:830} INFO - Processing file /opt/airflow/dags/youtube_pipeline.py for tasks to queue
[2026-09-05T05:38:44.660+0000] {logging_mixin.py:188} INFO - [2026-09-05T05:38:44.660+0000] {dagbag.py:545} INFO - Filling up the DagBag from /opt/airflow/dags/youtube_pipeline.py
[2026-09-05T05:38:44.719+0000] {processor.py:840} INFO - DAG(s) 'youtube_english_video_pipeline' retrieved from /opt/airflow/dags/youtube_pipeline.py
[2026-09-05T05:38:44.776+0000] {logging_mixin.py:188} INFO - [2026-09-05T05:38:44.776+0000] {dag.py:3089} INFO - Sync 1 DAGs
[2026-09-05T05:38:44.802+0000] {logging_mixin.py:188} INFO - [2026-09-05T05:38:44.801+0000] {dag.py:3947} INFO - Setting next_dagrun for youtube_english_video_pipeline to 2026-09-04 12:00:00+00:00, run_after=2026-09-05 12:00:00+00:00
[2026-09-05T05:38:44.835+0000] {processor.py:183} INFO - Processing /opt/airflow/dags/youtube_pipeline.py took 0.192 seconds
[2026-09-05T05:39:15.025+0000] {processor.py:161} INFO - Started process (PID=23213) to work on /opt/airflow/dags/youtube_pipeline.py
[2026-09-05T05:39:15.027+0000] {processor.py:830} INFO - Processing file /opt/airflow/dags/youtube_pipeline.py for tasks to queue
[2026-09-05T05:39:15.030+0000] {logging_mixin.py:188} INFO - [2026-09-05T05:39:15.029+0000] {dagbag.py:545} INFO - Filling up the DagBag from /opt/airflow/dags/youtube_pipeline.py
[2026-09-05T05:39:15.068+0000] {processor.py:840} INFO - DAG(s) 'youtube_english_video_pipeline' retrieved from /opt/airflow/dags/youtube_pipeline.py
[2026-09-05T05:39:15.127+0000] {logging_mixin.py:188} INFO - [2026-09-05T05:39:15.127+0000] {dag.py:3089} INFO - Sync 1 DAGs
[2026-09-05T05:39:15.156+0000] {logging_mixin.py:188} INFO - [2026-09-05T05:39:15.156+0000] {dag.py:3947} INFO - Setting next_dagrun for youtube_english_video_pipeline to 2026-09-04 12:00:00+00:00, run_after=2026-09-05 12:00:00+00:00
[2026-09-05T05:39:15.191+0000] {processor.py:183} INFO - Processing /opt/airflow/dags/youtube_pipeline.py took 0.176 seconds
[2026-09-05T05:39:45.402+0000] {processor.py:161} INFO - Started process (PID=23218) to work on /opt/airflow/dags/youtube_pipeline.py
[2026-09-05T05:39:45.404+0000] {processor.py:830} INFO - Processing file /opt/airflow/dags/youtube_pipeline.py for tasks to queue
[2026-09-05T05:39:45.407+0000] {logging_mixin.py:188} INFO - [2026-09-05T05:39:45.407+0000] {dagbag.py:545} INFO - Filling up the DagBag from /opt/airflow/dags/youtube_pipeline.py
[2026-09-05T05:39:45.458+0000] {processor.py:840} INFO - DAG(s) 'youtube_english_video_pipeline' retrieved from /opt/airflow/dags/youtube_pipeline.py
[2026-09-05T05:39:45.532+0000] {logging_mixin.py:188} INFO - [2026-09-05T05:39:45.532+0000] {dag.py:3089} INFO - Sync 1 DAGs
[2026-09-05T05:39:45.558+0000] {logging_mixin.py:188} INFO - [2026-09-05T05:39:45.558+0000] {dag.py:3947} INFO - Setting next_dagrun for youtube_english_video_pipeline to 2026-09-04 12:00:00+00:00, run_after=2026-09-05 12:00:00+00:00
[2026-09-05T05:39:45.583+0000] {processor.py:183} INFO - Processing /opt/airflow/dags/youtube_pipeline.py took 0.190 seconds
[2026-09-05T05:40:15.729+0000] {processor.py:161} INFO - Started process (PID=23223) to work on /opt/airflow/dags/youtube_pipeline.py
[2026-09-05T05:40:15.732+0000] {processor.py:830} INFO - Processing file /opt/airflow/dags/youtube_pipeline.py for tasks to queue
[2026-09-05T05:40:15.735+0000] {logging_mixin.py:188} INFO - [2026-09-05T05:40:15.734+0000] {dagbag.py:545} INFO - Filling up the DagBag from /opt/airflow/dags/youtube_pipeline.py
[2026-09-05T05:40:15.792+0000] {processor.py:840} INFO - DAG(s) 'youtube_english_video_pipeline' retrieved from /opt/airflow/dags/youtube_pipeline.py
[2026-09-05T05:40:15.849+0000] {logging_mixin.py:188} INFO - [2026-09-05T05:40:15.849+0000] {dag.py:3089} INFO - Sync 1 DAGs
[2026-09-05T05:40:15.889+0000] {logging_mixin.py:188} INFO - [2026-09-05T05:40:15.888+0000] {dag.py:3947} INFO - Setting next_dagrun for youtube_english_video_pipeline to 2026-09-04 12:00:00+00:00, run_after=2026-09-05 12:00:00+00:00
[2026-09-05T05:40:15.925+0000] {processor.py:183} INFO - Processing /opt/airflow/dags/youtube_pipeline.py took 0.207 seconds
[2026-09-05T05:40:46.145+0000] {processor.py:161} INFO - Started process (PID=23228) to work on /opt/airflow/dags/youtube_pipeline.py
[2026-09-05T05:40:46.148+0000] {processor.py:830} INFO - Processing file /opt/airflow/dags/youtube_pipeline.py for tasks to queue
[2026-09-05T05:40:46.152+0000] {logging_mixin.py:188} INFO - [2026-09-05T05:40:46.151+0000] {dagbag.py:545} INFO - Filling up the DagBag from /opt/airflow/dags/youtube_pipeline.py
[2026-09-05T05:40:46.236+0000] {processor.py:840} INFO - DAG(s) 'youtube_english_video_pipeline' retrieved from /opt/airflow/dags/youtube_pipeline.py
[2026-09-05T05:40:46.298+0000] {logging_mixin.py:188} INFO - [2026-09-05T05:40:46.298+0000] {dag.py:3089} INFO - Sync 1 DAGs
[2026-09-05T05:40:46.336+0000] {logging_mixin.py:188} INFO - [2026-09-05T05:40:46.336+0000] {dag.py:3947} INFO - Setting next_dagrun for youtube_english_video_pipeline to 2026-09-04 12:00:00+00:00, run_after=2026-09-05 12:00:00+00:00
[2026-09-05T05:40:46.365+0000] {processor.py:183} INFO - Processing /opt/airflow/dags/youtube_pipeline.py took 0.232 seconds
[2026-09-05T05:41:16.648+0000] {processor.py:161} INFO - Started process (PID=23233) to work on /opt/airflow/dags/youtube_pipeline.py
[2026-09-05T05:41:16.650+0000] {processor.py:830} INFO - Processing file /opt/airflow/dags/youtube_pipeline.py for tasks to queue
[2026-09-05T05:41:16.654+0000] {logging_mixin.py:188} INFO - [2026-09-05T05:41:16.653+0000] {dagbag.py:545} INFO - Filling up the DagBag from /opt/airflow/dags/youtube_pipeline.py
[2026-09-05T05:41:16.735+0000] {processor.py:840} INFO - DAG(s) 'youtube_english_video_pipeline' retrieved from /opt/airflow/dags/youtube_pipeline.py
[2026-09-05T05:41:16.791+0000] {logging_mixin.py:188} INFO - [2026-09-05T05:41:16.790+0000] {dag.py:3089} INFO - Sync 1 DAGs
[2026-09-05T05:41:16.816+0000] {logging_mixin.py:188} INFO - [2026-09-05T05:41:16.816+0000] {dag.py:3947} INFO - Setting next_dagrun for youtube_english_video_pipeline to 2026-09-04 12:00:00+00:00, run_after=2026-09-05 12:00:00+00:00
[2026-09-05T05:41:16.840+0000] {processor.py:183} INFO - Processing /opt/airflow/dags/youtube_pipeline.py took 0.205 seconds
[2026-09-05T05:41:47.175+0000] {processor.py:161} INFO - Started process (PID=23238) to work on /opt/airflow/dags/youtube_pipeline.py
[2026-09-05T05:41:47.177+0000] {processor.py:830} INFO - Processing file /opt/airflow/dags/youtube_pipeline.py for tasks to queue
[2026-09-05T05:41:47.180+0000] {logging_mixin.py:188} INFO - [2026-09-05T05:41:47.180+0000] {dagbag.py:545} INFO - Filling up the DagBag from /opt/airflow/dags/youtube_pipeline.py
[2026-09-05T05:41:47.272+0000] {processor.py:840} INFO - DAG(s) 'youtube_english_video_pipeline' retrieved from /opt/airflow/dags/youtube_pipeline.py
[2026-09-05T05:41:47.343+0000] {logging_mixin.py:188} INFO - [2026-09-05T05:41:47.343+0000] {dag.py:3089} INFO - Sync 1 DAGs
[2026-09-05T05:41:47.371+0000] {logging_mixin.py:188} INFO - [2026-09-05T05:41:47.371+0000] {dag.py:3947} INFO - Setting next_dagrun for youtube_english_video_pipeline to 2026-09-04 12:00:00+00:00, run_after=2026-09-05 12:00:00+00:00
[2026-09-05T05:41:47.401+0000] {processor.py:183} INFO - Processing /opt/airflow/dags/youtube_pipeline.py took 0.238 seconds
[2026-09-05T05:42:17.731+0000] {processor.py:161} INFO - Started process (PID=23243) to work on /opt/airflow/dags/youtube_pipeline.py
[2026-09-05T05:42:17.733+0000] {processor.py:830} INFO - Processing file /opt/airflow/dags/youtube_pipeline.py for tasks to queue
[2026-09-05T05:42:17.737+0000] {logging_mixin.py:188} INFO - [2026-09-05T05:42:17.736+0000] {dagbag.py:545} INFO - Filling up the DagBag from /opt/airflow/dags/youtube_pipeline.py
[2026-09-05T05:42:17.801+0000] {processor.py:840} INFO - DAG(s) 'youtube_english_video_pipeline' retrieved from /opt/airflow/dags/youtube_pipeline.py
[2026-09-05T05:42:17.866+0000] {logging_mixin.py:188} INFO - [2026-09-05T05:42:17.865+0000] {dag.py:3089} INFO - Sync 1 DAGs
[2026-09-05T05:42:17.902+0000] {logging_mixin.py:188} INFO - [2026-09-05T05:42:17.901+0000] {dag.py:3947} INFO - Setting next_dagrun for youtube_english_video_pipeline to 2026-09-04 12:00:00+00:00, run_after=2026-09-05 12:00:00+00:00
[2026-09-05T05:42:17.947+0000] {processor.py:183} INFO - Processing /opt/airflow/dags/youtube_pipeline.py took 0.230 seconds
[2026-09-05T05:42:48.232+0000] {processor.py:161} INFO - Started process (PID=23248) to work on /opt/airflow/dags/youtube_pipeline.py
[2026-09-05T05:42:48.234+0000] {processor.py:830} INFO - Processing file /opt/airflow/dags/youtube_pipeline.py for tasks to queue
[2026-09-05T05:42:48.236+0000] {logging_mixin.py:188} INFO - [2026-09-05T05:42:48.236+0000] {dagbag.py:545} INFO - Filling up the DagBag from /opt/airflow/dags/youtube_pipeline.py
[2026-09-05T05:42:48.296+0000] {processor.py:840} INFO - DAG(s) 'youtube_english_video_pipeline' retrieved from /opt/airflow/dags/youtube_pipeline.py
[2026-09-05T05:42:48.371+0000] {logging_mixin.py:188} INFO - [2026-09-05T05:42:48.370+0000] {dag.py:3089} INFO - Sync 1 DAGs
[2026-09-05T05:42:48.409+0000] {logging_mixin.py:188} INFO - [2026-09-05T05:42:48.408+0000] {dag.py:3947} INFO - Setting next_dagrun for youtube_english_video_pipeline to 2026-09-04 12:00:00+00:00, run_after=2026-09-05 12:00:00+00:00
[2026-09-05T05:42:48.448+0000] {processor.py:183} INFO - Processing /opt/airflow/dags/youtube_pipeline.py took 0.226 seconds
[2026-09-05T05:43:18.760+0000] {processor.py:161} INFO - Started process (PID=23253) to work on /opt/airflow/dags/youtube_pipeline.py
[2026-09-05T05:43:18.763+0000] {processor.py:830} INFO - Processing file /opt/airflow/dags/youtube_pipeline.py for tasks to queue
[2026-09-05T05:43:18.768+0000] {logging_mixin.py:188} INFO - [2026-09-05T05:43:18.767+0000] {dagbag.py:545} INFO - Filling up the DagBag from /opt/airflow/dags/youtube_pipeline.py
[2026-09-05T05:43:18.825+0000] {processor.py:840} INFO - DAG(s) 'youtube_english_video_pipeline' retrieved from /opt/airflow/dags/youtube_pipeline.py
[2026-09-05T05:43:18.890+0000] {logging_mixin.py:188} INFO - [2026-09-05T05:43:18.890+0000] {dag.py:3089} INFO - Sync 1 DAGs
[2026-09-05T05:43:18.918+0000] {logging_mixin.py:188} INFO - [2026-09-05T05:43:18.918+0000] {dag.py:3947} INFO - Setting next_dagrun for youtube_english_video_pipeline to 2026-09-04 12:00:00+00:00, run_after=2026-09-05 12:00:00+00:00
[2026-09-05T05:43:18.947+0000] {processor.py:183} INFO - Processing /opt/airflow/dags/youtube_pipeline.py took 0.197 seconds
[2026-09-05T05:43:49.237+0000] {processor.py:161} INFO - Started process (PID=23258) to work on /opt/airflow/dags/youtube_pipeline.py
[2026-09-05T05:43:49.239+0000] {processor.py:830} INFO - Processing file /opt/airflow/dags/youtube_pipeline.py for tasks to queue
[2026-09-05T05:43:49.245+0000] {logging_mixin.py:188} INFO - [2026-09-05T05:43:49.244+0000] {dagbag.py:545} INFO - Filling up the DagBag from /opt/airflow/dags/youtube_pipeline.py
[2026-09-05T05:43:49.315+0000] {processor.py:840} INFO - DAG(s) 'youtube_english_video_pipeline' retrieved from /opt/airflow/dags/youtube_pipeline.py
[2026-09-05T05:43:49.383+0000] {logging_mixin.py:188} INFO - [2026-09-05T05:43:49.383+0000] {dag.py:3089} INFO - Sync 1 DAGs
[2026-09-05T05:43:49.416+0000] {logging_mixin.py:188} INFO - [2026-09-05T05:43:49.415+0000] {dag.py:3947} INFO - Setting next_dagrun for youtube_english_video_pipeline to 2026-09-04 12:00:00+00:00, run_after=2026-09-05 12:00:00+00:00
[2026-09-05T05:43:49.445+0000] {processor.py:183} INFO - Processing /opt/airflow/dags/youtube_pipeline.py took 0.223 seconds
[2026-09-05T05:44:19.755+0000] {processor.py:161} INFO - Started process (PID=23263) to work on /opt/airflow/dags/youtube_pipeline.py
[2026-09-05T05:44:19.757+0000] {processor.py:830} INFO - Processing file /opt/airflow/dags/youtube_pipeline.py for tasks to queue
[2026-09-05T05:44:19.760+0000] {logging_mixin.py:188} INFO - [2026-09-05T05:44:19.760+0000] {dagbag.py:545} INFO - Filling up the DagBag from /opt/airflow/dags/youtube_pipeline.py
[2026-09-05T05:44:19.818+0000] {processor.py:840} INFO - DAG(s) 'youtube_english_video_pipeline' retrieved from /opt/airflow/dags/youtube_pipeline.py
[2026-09-05T05:44:19.876+0000] {logging_mixin.py:188} INFO - [2026-09-05T05:44:19.875+0000] {dag.py:3089} INFO - Sync 1 DAGs
[2026-09-05T05:44:19.906+0000] {logging_mixin.py:188} INFO - [2026-09-05T05:44:19.906+0000] {dag.py:3947} INFO - Setting next_dagrun for youtube_english_video_pipeline to 2026-09-04 12:00:00+00:00, run_after=2026-09-05 12:00:00+00:00
[2026-09-05T05:44:19.944+0000] {processor.py:183} INFO - Processing /opt/airflow/dags/youtube_pipeline.py took 0.199 seconds
[2026-09-05T05:44:50.251+0000] {processor.py:161} INFO - Started process (PID=23268) to work on /opt/airflow/dags/youtube_pipeline.py
[2026-09-05T05:44:50.253+0000] {processor.py:830} INFO - Processing file /opt/airflow/dags/youtube_pipeline.py for tasks to queue
[2026-09-05T05:44:50.256+0000] {logging_mixin.py:188} INFO - [2026-09-05T05:44:50.255+0000] {dagbag.py:545} INFO - Filling up the DagBag from /opt/airflow/dags/youtube_pipeline.py
[2026-09-05T05:44:50.316+0000] {processor.py:840} INFO - DAG(s) 'youtube_english_video_pipeline' retrieved from /opt/airflow/dags/youtube_pipeline.py
[2026-09-05T05:44:50.371+0000] {logging_mixin.py:188} INFO - [2026-09-05T05:44:50.370+0000] {dag.py:3089} INFO - Sync 1 DAGs
[2026-09-05T05:44:50.397+0000] {logging_mixin.py:188} INFO - [2026-09-05T05:44:50.396+0000] {dag.py:3947} INFO - Setting next_dagrun for youtube_english_video_pipeline to 2026-09-04 12:00:00+00:00, run_after=2026-09-05 12:00:00+00:00
[2026-09-05T05:44:50.428+0000] {processor.py:183} INFO - Processing /opt/airflow/dags/youtube_pipeline.py took 0.185 seconds
[2026-09-05T05:45:20.532+0000] {processor.py:161} INFO - Started process (PID=23273) to work on /opt/airflow/dags/youtube_pipeline.py
[2026-09-05T05:45:20.535+0000] {processor.py:830} INFO - Processing file /opt/airflow/dags/youtube_pipeline.py for tasks to queue
[2026-09-05T05:45:20.537+0000] {logging_mixin.py:188} INFO - [2026-09-05T05:45:20.537+0000] {dagbag.py:545} INFO - Filling up the DagBag from /opt/airflow/dags/youtube_pipeline.py
[2026-09-05T05:45:20.615+0000] {processor.py:840} INFO - DAG(s) 'youtube_english_video_pipeline' retrieved from /opt/airflow/dags/youtube_pipeline.py
[2026-09-05T05:45:20.669+0000] {logging_mixin.py:188} INFO - [2026-09-05T05:45:20.669+0000] {dag.py:3089} INFO - Sync 1 DAGs
[2026-09-05T05:45:20.694+0000] {logging_mixin.py:188} INFO - [2026-09-05T05:45:20.694+0000] {dag.py:3947} INFO - Setting next_dagrun for youtube_english_video_pipeline to 2026-09-04 12:00:00+00:00, run_after=2026-09-05 12:00:00+00:00
[2026-09-05T05:45:20.720+0000] {processor.py:183} INFO - Processing /opt/airflow/dags/youtube_pipeline.py took 0.199 seconds
[2026-09-05T05:45:50.977+0000] {processor.py:161} INFO - Started process (PID=23278) to work on /opt/airflow/dags/youtube_pipeline.py
[2026-09-05T05:45:50.978+0000] {processor.py:830} INFO - Processing file /opt/airflow/dags/youtube_pipeline.py for tasks to queue
[2026-09-05T05:45:50.981+0000] {logging_mixin.py:188} INFO - [2026-09-05T05:45:50.981+0000] {dagbag.py:545} INFO - Filling up the DagBag from /opt/airflow/dags/youtube_pipeline.py
[2026-09-05T05:45:51.043+0000] {processor.py:840} INFO - DAG(s) 'youtube_english_video_pipeline' retrieved from /opt/airflow/dags/youtube_pipeline.py
[2026-09-05T05:45:51.113+0000] {logging_mixin.py:188} INFO - [2026-09-05T05:45:51.112+0000] {dag.py:3089} INFO - Sync 1 DAGs
[2026-09-05T05:45:51.150+0000] {logging_mixin.py:188} INFO - [2026-09-05T05:45:51.150+0000] {dag.py:3947} INFO - Setting next_dagrun for youtube_english_video_pipeline to 2026-09-04 12:00:00+00:00, run_after=2026-09-05 12:00:00+00:00
[2026-09-05T05:45:51.180+0000] {processor.py:183} INFO - Processing /opt/airflow/dags/youtube_pipeline.py took 0.213 seconds
[2026-09-05T05:46:21.350+0000] {processor.py:161} INFO - Started process (PID=23283) to work on /opt/airflow/dags/youtube_pipeline.py
[2026-09-05T05:46:21.352+0000] {processor.py:830} INFO - Processing file /opt/airflow/dags/youtube_pipeline.py for tasks to queue
[2026-09-05T05:46:21.355+0000] {logging_mixin.py:188} INFO - [2026-09-05T05:46:21.355+0000] {dagbag.py:545} INFO - Filling up the DagBag from /opt/airflow/dags/youtube_pipeline.py
[2026-09-05T05:46:21.402+0000] {processor.py:840} INFO - DAG(s) 'youtube_english_video_pipeline' retrieved from /opt/airflow/dags/youtube_pipeline.py
[2026-09-05T05:46:21.461+0000] {logging_mixin.py:188} INFO - [2026-09-05T05:46:21.461+0000] {dag.py:3089} INFO - Sync 1 DAGs
[2026-09-05T05:46:21.488+0000] {logging_mixin.py:188} INFO - [2026-09-05T05:46:21.488+0000] {dag.py:3947} INFO - Setting next_dagrun for youtube_english_video_pipeline to 2026-09-04 12:00:00+00:00, run_after=2026-09-05 12:00:00+00:00
[2026-09-05T05:46:21.521+0000] {processor.py:183} INFO - Processing /opt/airflow/dags/youtube_pipeline.py took 0.181 seconds
[2026-09-05T05:46:51.718+0000] {processor.py:161} INFO - Started process (PID=23288) to work on /opt/airflow/dags/youtube_pipeline.py
[2026-09-05T05:46:51.720+0000] {processor.py:830} INFO - Processing file /opt/airflow/dags/youtube_pipeline.py for tasks to queue
[2026-09-05T05:46:51.722+0000] {logging_mixin.py:188} INFO - [2026-09-05T05:46:51.722+0000] {dagbag.py:545} INFO - Filling up the DagBag from /opt/airflow/dags/youtube_pipeline.py
[2026-09-05T05:46:51.800+0000] {processor.py:840} INFO - DAG(s) 'youtube_english_video_pipeline' retrieved from /opt/airflow/dags/youtube_pipeline.py
[2026-09-05T05:46:51.861+0000] {logging_mixin.py:188} INFO - [2026-09-05T05:46:51.861+0000] {dag.py:3089} INFO - Sync 1 DAGs
[2026-09-05T05:46:51.884+0000] {logging_mixin.py:188} INFO - [2026-09-05T05:46:51.884+0000] {dag.py:3947} INFO - Setting next_dagrun for youtube_english_video_pipeline to 2026-09-04 12:00:00+00:00, run_after=2026-09-05 12:00:00+00:00
[2026-09-05T05:46:51.917+0000] {processor.py:183} INFO - Processing /opt/airflow/dags/youtube_pipeline.py took 0.208 seconds
[2026-09-05T05:47:22.062+0000] {processor.py:161} INFO - Started process (PID=23293) to work on /opt/airflow/dags/youtube_pipeline.py
[2026-09-05T05:47:22.064+0000] {processor.py:830} INFO - Processing file /opt/airflow/dags/youtube_pipeline.py for tasks to queue
[2026-09-05T05:47:22.067+0000] {logging_mixin.py:188} INFO - [2026-09-05T05:47:22.067+0000] {dagbag.py:545} INFO - Filling up the DagBag from /opt/airflow/dags/youtube_pipeline.py
[2026-09-05T05:47:22.128+0000] {processor.py:840} INFO - DAG(s) 'youtube_english_video_pipeline' retrieved from /opt/airflow/dags/youtube_pipeline.py
[2026-09-05T05:47:22.201+0000] {logging_mixin.py:188} INFO - [2026-09-05T05:47:22.201+0000] {dag.py:3089} INFO - Sync 1 DAGs
[2026-09-05T05:47:22.230+0000] {logging_mixin.py:188} INFO - [2026-09-05T05:47:22.229+0000] {dag.py:3947} INFO - Setting next_dagrun for youtube_english_video_pipeline to 2026-09-04 12:00:00+00:00, run_after=2026-09-05 12:00:00+00:00
[2026-09-05T05:47:22.267+0000] {processor.py:183} INFO - Processing /opt/airflow/dags/youtube_pipeline.py took 0.216 seconds
[2026-09-05T05:47:52.470+0000] {processor.py:161} INFO - Started process (PID=23298) to work on /opt/airflow/dags/youtube_pipeline.py
[2026-09-05T05:47:52.471+0000] {processor.py:830} INFO - Processing file /opt/airflow/dags/youtube_pipeline.py for tasks to queue
[2026-09-05T05:47:52.474+0000] {logging_mixin.py:188} INFO - [2026-09-05T05:47:52.473+0000] {dagbag.py:545} INFO - Filling up the DagBag from /opt/airflow/dags/youtube_pipeline.py
[2026-09-05T05:47:52.549+0000] {processor.py:840} INFO - DAG(s) 'youtube_english_video_pipeline' retrieved from /opt/airflow/dags/youtube_pipeline.py
[2026-09-05T05:47:52.613+0000] {logging_mixin.py:188} INFO - [2026-09-05T05:47:52.613+0000] {dag.py:3089} INFO - Sync 1 DAGs
[2026-09-05T05:47:52.645+0000] {logging_mixin.py:188} INFO - [2026-09-05T05:47:52.645+0000] {dag.py:3947} INFO - Setting next_dagrun for youtube_english_video_pipeline to 2026-09-04 12:00:00+00:00, run_after=2026-09-05 12:00:00+00:00
[2026-09-05T05:47:52.691+0000] {processor.py:183} INFO - Processing /opt/airflow/dags/youtube_pipeline.py took 0.231 seconds
[2026-09-05T05:48:22.847+0000] {processor.py:161} INFO - Started process (PID=23303) to work on /opt/airflow/dags/youtube_pipeline.py
[2026-09-05T05:48:22.850+0000] {processor.py:830} INFO - Processing file /opt/airflow/dags/youtube_pipeline.py for tasks to queue
[2026-09-05T05:48:22.855+0000] {logging_mixin.py:188} INFO - [2026-09-05T05:48:22.854+0000] {dagbag.py:545} INFO - Filling up the DagBag from /opt/airflow/dags/youtube_pipeline.py
[2026-09-05T05:48:22.904+0000] {processor.py:840} INFO - DAG(s) 'youtube_english_video_pipeline' retrieved from /opt/airflow/dags/youtube_pipeline.py
[2026-09-05T05:48:22.953+0000] {logging_mixin.py:188} INFO - [2026-09-05T05:48:22.953+0000] {dag.py:3089} INFO - Sync 1 DAGs
[2026-09-05T05:48:22.989+0000] {logging_mixin.py:188} INFO - [2026-09-05T05:48:22.988+0000] {dag.py:3947} INFO - Setting next_dagrun for youtube_english_video_pipeline to 2026-09-04 12:00:00+00:00, run_after=2026-09-05 12:00:00+00:00
[2026-09-05T05:48:23.022+0000] {processor.py:183} INFO - Processing /opt/airflow/dags/youtube_pipeline.py took 0.194 seconds
[2026-09-05T05:48:53.232+0000] {processor.py:161} INFO - Started process (PID=23308) to work on /opt/airflow/dags/youtube_pipeline.py
[2026-09-05T05:48:53.234+0000] {processor.py:830} INFO - Processing file /opt/airflow/dags/youtube_pipeline.py for tasks to queue
[2026-09-05T05:48:53.237+0000] {logging_mixin.py:188} INFO - [2026-09-05T05:48:53.236+0000] {dagbag.py:545} INFO - Filling up the DagBag from /opt/airflow/dags/youtube_pipeline.py
[2026-09-05T05:48:53.281+0000] {processor.py:840} INFO - DAG(s) 'youtube_english_video_pipeline' retrieved from /opt/airflow/dags/youtube_pipeline.py
[2026-09-05T05:48:53.339+0000] {logging_mixin.py:188} INFO - [2026-09-05T05:48:53.339+0000] {dag.py:3089} INFO - Sync 1 DAGs
[2026-09-05T05:48:53.367+0000] {logging_mixin.py:188} INFO - [2026-09-05T05:48:53.366+0000] {dag.py:3947} INFO - Setting next_dagrun for youtube_english_video_pipeline to 2026-09-04 12:00:00+00:00, run_after=2026-09-05 12:00:00+00:00
[2026-09-05T05:48:53.401+0000] {processor.py:183} INFO - Processing /opt/airflow/dags/youtube_pipeline.py took 0.179 seconds
[2026-09-05T05:49:23.560+0000] {processor.py:161} INFO - Started process (PID=23313) to work on /opt/airflow/dags/youtube_pipeline.py
[2026-09-05T05:49:23.562+0000] {processor.py:830} INFO - Processing file /opt/airflow/dags/youtube_pipeline.py for tasks to queue
[2026-09-05T05:49:23.564+0000] {logging_mixin.py:188} INFO - [2026-09-05T05:49:23.564+0000] {dagbag.py:545} INFO - Filling up the DagBag from /opt/airflow/dags/youtube_pipeline.py
[2026-09-05T05:49:23.627+0000] {processor.py:840} INFO - DAG(s) 'youtube_english_video_pipeline' retrieved from /opt/airflow/dags/youtube_pipeline.py
[2026-09-05T05:49:23.689+0000] {logging_mixin.py:188} INFO - [2026-09-05T05:49:23.689+0000] {dag.py:3089} INFO - Sync 1 DAGs
[2026-09-05T05:49:23.713+0000] {logging_mixin.py:188} INFO - [2026-09-05T05:49:23.713+0000] {dag.py:3947} INFO - Setting next_dagrun for youtube_english_video_pipeline to 2026-09-04 12:00:00+00:00, run_after=2026-09-05 12:00:00+00:00
[2026-09-05T05:49:23.735+0000] {processor.py:183} INFO - Processing /opt/airflow/dags/youtube_pipeline.py took 0.184 seconds
[2026-09-05T05:49:53.923+0000] {processor.py:161} INFO - Started process (PID=23318) to work on /opt/airflow/dags/youtube_pipeline.py
[2026-09-05T05:49:53.924+0000] {processor.py:830} INFO - Processing file /opt/airflow/dags/youtube_pipeline.py for tasks to queue
[2026-09-05T05:49:53.927+0000] {logging_mixin.py:188} INFO - [2026-09-05T05:49:53.927+0000] {dagbag.py:545} INFO - Filling up the DagBag from /opt/airflow/dags/youtube_pipeline.py
[2026-09-05T05:49:53.976+0000] {processor.py:840} INFO - DAG(s) 'youtube_english_video_pipeline' retrieved from /opt/airflow/dags/youtube_pipeline.py
[2026-09-05T05:49:54.043+0000] {logging_mixin.py:188} INFO - [2026-09-05T05:49:54.042+0000] {dag.py:3089} INFO - Sync 1 DAGs
[2026-09-05T05:49:54.067+0000] {logging_mixin.py:188} INFO - [2026-09-05T05:49:54.066+0000] {dag.py:3947} INFO - Setting next_dagrun for youtube_english_video_pipeline to 2026-09-04 12:00:00+00:00, run_after=2026-09-05 12:00:00+00:00
[2026-09-05T05:49:54.098+0000] {processor.py:183} INFO - Processing /opt/airflow/dags/youtube_pipeline.py took 0.184 seconds
[2026-09-05T05:50:24.286+0000] {processor.py:161} INFO - Started process (PID=23323) to work on /opt/airflow/dags/youtube_pipeline.py
[2026-09-05T05:50:24.288+0000] {processor.py:830} INFO - Processing file /opt/airflow/dags/youtube_pipeline.py for tasks to queue
[2026-09-05T05:50:24.290+0000] {logging_mixin.py:188} INFO - [2026-09-05T05:50:24.290+0000] {dagbag.py:545} INFO - Filling up the DagBag from /opt/airflow/dags/youtube_pipeline.py
[2026-09-05T05:50:24.335+0000] {processor.py:840} INFO - DAG(s) 'youtube_english_video_pipeline' retrieved from /opt/airflow/dags/youtube_pipeline.py
[2026-09-05T05:50:24.412+0000] {logging_mixin.py:188} INFO - [2026-09-05T05:50:24.412+0000] {dag.py:3089} INFO - Sync 1 DAGs
[2026-09-05T05:50:24.442+0000] {logging_mixin.py:188} INFO - [2026-09-05T05:50:24.442+0000] {dag.py:3947} INFO - Setting next_dagrun for youtube_english_video_pipeline to 2026-09-04 12:00:00+00:00, run_after=2026-09-05 12:00:00+00:00
[2026-09-05T05:50:24.481+0000] {processor.py:183} INFO - Processing /opt/airflow/dags/youtube_pipeline.py took 0.206 seconds
[2026-09-05T05:50:54.638+0000] {processor.py:161} INFO - Started process (PID=23328) to work on /opt/airflow/dags/youtube_pipeline.py
[2026-09-05T05:50:54.640+0000] {processor.py:830} INFO - Processing file /opt/airflow/dags/youtube_pipeline.py for tasks to queue
[2026-09-05T05:50:54.644+0000] {logging_mixin.py:188} INFO - [2026-09-05T05:50:54.643+0000] {dagbag.py:545} INFO - Filling up the DagBag from /opt/airflow/dags/youtube_pipeline.py
[2026-09-05T05:50:54.706+0000] {processor.py:840} INFO - DAG(s) 'youtube_english_video_pipeline' retrieved from /opt/airflow/dags/youtube_pipeline.py
[2026-09-05T05:50:54.765+0000] {logging_mixin.py:188} INFO - [2026-09-05T05:50:54.764+0000] {dag.py:3089} INFO - Sync 1 DAGs
[2026-09-05T05:50:54.800+0000] {logging_mixin.py:188} INFO - [2026-09-05T05:50:54.800+0000] {dag.py:3947} INFO - Setting next_dagrun for youtube_english_video_pipeline to 2026-09-04 12:00:00+00:00, run_after=2026-09-05 12:00:00+00:00
[2026-09-05T05:50:54.844+0000] {processor.py:183} INFO - Processing /opt/airflow/dags/youtube_pipeline.py took 0.216 seconds
[2026-09-05T05:51:25.109+0000] {processor.py:161} INFO - Started process (PID=23333) to work on /opt/airflow/dags/youtube_pipeline.py
[2026-09-05T05:51:25.110+0000] {processor.py:830} INFO - Processing file /opt/airflow/dags/youtube_pipeline.py for tasks to queue
[2026-09-05T05:51:25.113+0000] {logging_mixin.py:188} INFO - [2026-09-05T05:51:25.112+0000] {dagbag.py:545} INFO - Filling up the DagBag from /opt/airflow/dags/youtube_pipeline.py
[2026-09-05T05:51:25.166+0000] {processor.py:840} INFO - DAG(s) 'youtube_english_video_pipeline' retrieved from /opt/airflow/dags/youtube_pipeline.py
[2026-09-05T05:51:25.220+0000] {logging_mixin.py:188} INFO - [2026-09-05T05:51:25.220+0000] {dag.py:3089} INFO - Sync 1 DAGs
[2026-09-05T05:51:25.246+0000] {logging_mixin.py:188} INFO - [2026-09-05T05:51:25.245+0000] {dag.py:3947} INFO - Setting next_dagrun for youtube_english_video_pipeline to 2026-09-04 12:00:00+00:00, run_after=2026-09-05 12:00:00+00:00
[2026-09-05T05:51:25.277+0000] {processor.py:183} INFO - Processing /opt/airflow/dags/youtube_pipeline.py took 0.177 seconds
[2026-09-05T05:51:55.379+0000] {processor.py:161} INFO - Started process (PID=23338) to work on /opt/airflow/dags/youtube_pipeline.py
[2026-09-05T05:51:55.381+0000] {processor.py:830} INFO - Processing file /opt/airflow/dags/youtube_pipeline.py for tasks to queue
[2026-09-05T05:51:55.385+0000] {logging_mixin.py:188} INFO - [2026-09-05T05:51:55.384+0000] {dagbag.py:545} INFO - Filling up the DagBag from /opt/airflow/dags/youtube_pipeline.py
[2026-09-05T05:51:55.456+0000] {processor.py:840} INFO - DAG(s) 'youtube_english_video_pipeline' retrieved from /opt/airflow/dags/youtube_pipeline.py
[2026-09-05T05:51:55.515+0000] {logging_mixin.py:188} INFO - [2026-09-05T05:51:55.514+0000] {dag.py:3089} INFO - Sync 1 DAGs
[2026-09-05T05:51:55.547+0000] {logging_mixin.py:188} INFO - [2026-09-05T05:51:55.547+0000] {dag.py:3947} INFO - Setting next_dagrun for youtube_english_video_pipeline to 2026-09-04 12:00:00+00:00, run_after=2026-09-05 12:00:00+00:00
[2026-09-05T05:51:55.587+0000] {processor.py:183} INFO - Processing /opt/airflow/dags/youtube_pipeline.py took 0.220 seconds
[2026-09-05T05:52:25.841+0000] {processor.py:161} INFO - Started process (PID=23343) to work on /opt/airflow/dags/youtube_pipeline.py
[2026-09-05T05:52:25.844+0000] {processor.py:830} INFO - Processing file /opt/airflow/dags/youtube_pipeline.py for tasks to queue
[2026-09-05T05:52:25.848+0000] {logging_mixin.py:188} INFO - [2026-09-05T05:52:25.847+0000] {dagbag.py:545} INFO - Filling up the DagBag from /opt/airflow/dags/youtube_pipeline.py
[2026-09-05T05:52:25.907+0000] {processor.py:840} INFO - DAG(s) 'youtube_english_video_pipeline' retrieved from /opt/airflow/dags/youtube_pipeline.py
[2026-09-05T05:52:25.960+0000] {logging_mixin.py:188} INFO - [2026-09-05T05:52:25.959+0000] {dag.py:3089} INFO - Sync 1 DAGs
[2026-09-05T05:52:25.993+0000] {logging_mixin.py:188} INFO - [2026-09-05T05:52:25.993+0000] {dag.py:3947} INFO - Setting next_dagrun for youtube_english_video_pipeline to 2026-09-04 12:00:00+00:00, run_after=2026-09-05 12:00:00+00:00
[2026-09-05T05:52:26.030+0000] {processor.py:183} INFO - Processing /opt/airflow/dags/youtube_pipeline.py took 0.202 seconds
[2026-09-05T05:52:56.155+0000] {processor.py:161} INFO - Started process (PID=23348) to work on /opt/airflow/dags/youtube_pipeline.py
[2026-09-05T05:52:56.157+0000] {processor.py:830} INFO - Processing file /opt/airflow/dags/youtube_pipeline.py for tasks to queue
[2026-09-05T05:52:56.161+0000] {logging_mixin.py:188} INFO - [2026-09-05T05:52:56.160+0000] {dagbag.py:545} INFO - Filling up the DagBag from /opt/airflow/dags/youtube_pipeline.py
[2026-09-05T05:52:56.235+0000] {processor.py:840} INFO - DAG(s) 'youtube_english_video_pipeline' retrieved from /opt/airflow/dags/youtube_pipeline.py
[2026-09-05T05:52:56.292+0000] {logging_mixin.py:188} INFO - [2026-09-05T05:52:56.292+0000] {dag.py:3089} INFO - Sync 1 DAGs
[2026-09-05T05:52:56.320+0000] {logging_mixin.py:188} INFO - [2026-09-05T05:52:56.320+0000] {dag.py:3947} INFO - Setting next_dagrun for youtube_english_video_pipeline to 2026-09-04 12:00:00+00:00, run_after=2026-09-05 12:00:00+00:00
[2026-09-05T05:52:56.352+0000] {processor.py:183} INFO - Processing /opt/airflow/dags/youtube_pipeline.py took 0.208 seconds
[2026-09-05T05:53:26.545+0000] {processor.py:161} INFO - Started process (PID=23353) to work on /opt/airflow/dags/youtube_pipeline.py
[2026-09-05T05:53:26.547+0000] {processor.py:830} INFO - Processing file /opt/airflow/dags/youtube_pipeline.py for tasks to queue
[2026-09-05T05:53:26.550+0000] {logging_mixin.py:188} INFO - [2026-09-05T05:53:26.549+0000] {dagbag.py:545} INFO - Filling up the DagBag from /opt/airflow/dags/youtube_pipeline.py
[2026-09-05T05:53:26.605+0000] {processor.py:840} INFO - DAG(s) 'youtube_english_video_pipeline' retrieved from /opt/airflow/dags/youtube_pipeline.py
[2026-09-05T05:53:26.655+0000] {logging_mixin.py:188} INFO - [2026-09-05T05:53:26.655+0000] {dag.py:3089} INFO - Sync 1 DAGs
[2026-09-05T05:53:26.690+0000] {logging_mixin.py:188} INFO - [2026-09-05T05:53:26.689+0000] {dag.py:3947} INFO - Setting next_dagrun for youtube_english_video_pipeline to 2026-09-04 12:00:00+00:00, run_after=2026-09-05 12:00:00+00:00
[2026-09-05T05:53:26.717+0000] {processor.py:183} INFO - Processing /opt/airflow/dags/youtube_pipeline.py took 0.183 seconds
[2026-09-05T05:53:56.880+0000] {processor.py:161} INFO - Started process (PID=23358) to work on /opt/airflow/dags/youtube_pipeline.py
[2026-09-05T05:53:56.882+0000] {processor.py:830} INFO - Processing file /opt/airflow/dags/youtube_pipeline.py for tasks to queue
[2026-09-05T05:53:56.886+0000] {logging_mixin.py:188} INFO - [2026-09-05T05:53:56.885+0000] {dagbag.py:545} INFO - Filling up the DagBag from /opt/airflow/dags/youtube_pipeline.py
[2026-09-05T05:53:56.953+0000] {processor.py:840} INFO - DAG(s) 'youtube_english_video_pipeline' retrieved from /opt/airflow/dags/youtube_pipeline.py
[2026-09-05T05:53:57.023+0000] {logging_mixin.py:188} INFO - [2026-09-05T05:53:57.022+0000] {dag.py:3089} INFO - Sync 1 DAGs
[2026-09-05T05:53:57.054+0000] {logging_mixin.py:188} INFO - [2026-09-05T05:53:57.053+0000] {dag.py:3947} INFO - Setting next_dagrun for youtube_english_video_pipeline to 2026-09-04 12:00:00+00:00, run_after=2026-09-05 12:00:00+00:00
[2026-09-05T05:53:57.093+0000] {processor.py:183} INFO - Processing /opt/airflow/dags/youtube_pipeline.py took 0.226 seconds
[2026-09-05T05:54:27.257+0000] {processor.py:161} INFO - Started process (PID=23363) to work on /opt/airflow/dags/youtube_pipeline.py
[2026-09-05T05:54:27.259+0000] {processor.py:830} INFO - Processing file /opt/airflow/dags/youtube_pipeline.py for tasks to queue
[2026-09-05T05:54:27.262+0000] {logging_mixin.py:188} INFO - [2026-09-05T05:54:27.261+0000] {dagbag.py:545} INFO - Filling up the DagBag from /opt/airflow/dags/youtube_pipeline.py
[2026-09-05T05:54:27.316+0000] {processor.py:840} INFO - DAG(s) 'youtube_english_video_pipeline' retrieved from /opt/airflow/dags/youtube_pipeline.py
[2026-09-05T05:54:27.376+0000] {logging_mixin.py:188} INFO - [2026-09-05T05:54:27.375+0000] {dag.py:3089} INFO - Sync 1 DAGs
[2026-09-05T05:54:27.403+0000] {logging_mixin.py:188} INFO - [2026-09-05T05:54:27.403+0000] {dag.py:3947} INFO - Setting next_dagrun for youtube_english_video_pipeline to 2026-09-04 12:00:00+00:00, run_after=2026-09-05 12:00:00+00:00
[2026-09-05T05:54:27.444+0000] {processor.py:183} INFO - Processing /opt/airflow/dags/youtube_pipeline.py took 0.197 seconds
[2026-09-05T05:54:57.603+0000] {processor.py:161} INFO - Started process (PID=23368) to work on /opt/airflow/dags/youtube_pipeline.py
[2026-09-05T05:54:57.606+0000] {processor.py:830} INFO - Processing file /opt/airflow/dags/youtube_pipeline.py for tasks to queue
[2026-09-05T05:54:57.609+0000] {logging_mixin.py:188} INFO - [2026-09-05T05:54:57.608+0000] {dagbag.py:545} INFO - Filling up the DagBag from /opt/airflow/dags/youtube_pipeline.py
[2026-09-05T05:54:57.662+0000] {processor.py:840} INFO - DAG(s) 'youtube_english_video_pipeline' retrieved from /opt/airflow/dags/youtube_pipeline.py
[2026-09-05T05:54:57.732+0000] {logging_mixin.py:188} INFO - [2026-09-05T05:54:57.732+0000] {dag.py:3089} INFO - Sync 1 DAGs
[2026-09-05T05:54:57.761+0000] {logging_mixin.py:188} INFO - [2026-09-05T05:54:57.760+0000] {dag.py:3947} INFO - Setting next_dagrun for youtube_english_video_pipeline to 2026-09-04 12:00:00+00:00, run_after=2026-09-05 12:00:00+00:00
[2026-09-05T05:54:57.798+0000] {processor.py:183} INFO - Processing /opt/airflow/dags/youtube_pipeline.py took 0.208 seconds
[2026-09-05T05:55:27.998+0000] {processor.py:161} INFO - Started process (PID=23373) to work on /opt/airflow/dags/youtube_pipeline.py
[2026-09-05T05:55:28.000+0000] {processor.py:830} INFO - Processing file /opt/airflow/dags/youtube_pipeline.py for tasks to queue
[2026-09-05T05:55:28.003+0000] {logging_mixin.py:188} INFO - [2026-09-05T05:55:28.002+0000] {dagbag.py:545} INFO - Filling up the DagBag from /opt/airflow/dags/youtube_pipeline.py
[2026-09-05T05:55:28.055+0000] {processor.py:840} INFO - DAG(s) 'youtube_english_video_pipeline' retrieved from /opt/airflow/dags/youtube_pipeline.py
[2026-09-05T05:55:28.113+0000] {logging_mixin.py:188} INFO - [2026-09-05T05:55:28.113+0000] {dag.py:3089} INFO - Sync 1 DAGs
[2026-09-05T05:55:28.144+0000] {logging_mixin.py:188} INFO - [2026-09-05T05:55:28.143+0000] {dag.py:3947} INFO - Setting next_dagrun for youtube_english_video_pipeline to 2026-09-04 12:00:00+00:00, run_after=2026-09-05 12:00:00+00:00
[2026-09-05T05:55:28.178+0000] {processor.py:183} INFO - Processing /opt/airflow/dags/youtube_pipeline.py took 0.189 seconds
[2026-09-05T05:55:58.330+0000] {processor.py:161} INFO - Started process (PID=23378) to work on /opt/airflow/dags/youtube_pipeline.py
[2026-09-05T05:55:58.332+0000] {processor.py:830} INFO - Processing file /opt/airflow/dags/youtube_pipeline.py for tasks to queue
[2026-09-05T05:55:58.335+0000] {logging_mixin.py:188} INFO - [2026-09-05T05:55:58.334+0000] {dagbag.py:545} INFO - Filling up the DagBag from /opt/airflow/dags/youtube_pipeline.py
[2026-09-05T05:55:58.395+0000] {processor.py:840} INFO - DAG(s) 'youtube_english_video_pipeline' retrieved from /opt/airflow/dags/youtube_pipeline.py
[2026-09-05T05:55:58.456+0000] {logging_mixin.py:188} INFO - [2026-09-05T05:55:58.456+0000] {dag.py:3089} INFO - Sync 1 DAGs
[2026-09-05T05:55:58.495+0000] {logging_mixin.py:188} INFO - [2026-09-05T05:55:58.495+0000] {dag.py:3947} INFO - Setting next_dagrun for youtube_english_video_pipeline to 2026-09-04 12:00:00+00:00, run_after=2026-09-05 12:00:00+00:00
[2026-09-05T05:55:58.542+0000] {processor.py:183} INFO - Processing /opt/airflow/dags/youtube_pipeline.py took 0.220 seconds
[2026-09-05T05:56:28.796+0000] {processor.py:161} INFO - Started process (PID=23383) to work on /opt/airflow/dags/youtube_pipeline.py
[2026-09-05T05:56:28.798+0000] {processor.py:830} INFO - Processing file /opt/airflow/dags/youtube_pipeline.py for tasks to queue
[2026-09-05T05:56:28.800+0000] {logging_mixin.py:188} INFO - [2026-09-05T05:56:28.800+0000] {dagbag.py:545} INFO - Filling up the DagBag from /opt/airflow/dags/youtube_pipeline.py
[2026-09-05T05:56:28.855+0000] {processor.py:840} INFO - DAG(s) 'youtube_english_video_pipeline' retrieved from /opt/airflow/dags/youtube_pipeline.py
[2026-09-05T05:56:28.908+0000] {logging_mixin.py:188} INFO - [2026-09-05T05:56:28.908+0000] {dag.py:3089} INFO - Sync 1 DAGs
[2026-09-05T05:56:28.936+0000] {logging_mixin.py:188} INFO - [2026-09-05T05:56:28.936+0000] {dag.py:3947} INFO - Setting next_dagrun for youtube_english_video_pipeline to 2026-09-04 12:00:00+00:00, run_after=2026-09-05 12:00:00+00:00
[2026-09-05T05:56:28.969+0000] {processor.py:183} INFO - Processing /opt/airflow/dags/youtube_pipeline.py took 0.182 seconds
[2026-09-05T05:56:59.073+0000] {processor.py:161} INFO - Started process (PID=23388) to work on /opt/airflow/dags/youtube_pipeline.py
[2026-09-05T05:56:59.075+0000] {processor.py:830} INFO - Processing file /opt/airflow/dags/youtube_pipeline.py for tasks to queue
[2026-09-05T05:56:59.078+0000] {logging_mixin.py:188} INFO - [2026-09-05T05:56:59.078+0000] {dagbag.py:545} INFO - Filling up the DagBag from /opt/airflow/dags/youtube_pipeline.py
[2026-09-05T05:56:59.136+0000] {processor.py:840} INFO - DAG(s) 'youtube_english_video_pipeline' retrieved from /opt/airflow/dags/youtube_pipeline.py
[2026-09-05T05:56:59.193+0000] {logging_mixin.py:188} INFO - [2026-09-05T05:56:59.193+0000] {dag.py:3089} INFO - Sync 1 DAGs
[2026-09-05T05:56:59.229+0000] {logging_mixin.py:188} INFO - [2026-09-05T05:56:59.229+0000] {dag.py:3947} INFO - Setting next_dagrun for youtube_english_video_pipeline to 2026-09-04 12:00:00+00:00, run_after=2026-09-05 12:00:00+00:00
[2026-09-05T05:56:59.271+0000] {processor.py:183} INFO - Processing /opt/airflow/dags/youtube_pipeline.py took 0.209 seconds
[2026-09-05T05:57:29.544+0000] {processor.py:161} INFO - Started process (PID=23393) to work on /opt/airflow/dags/youtube_pipeline.py
[2026-09-05T05:57:29.545+0000] {processor.py:830} INFO - Processing file /opt/airflow/dags/youtube_pipeline.py for tasks to queue
[2026-09-05T05:57:29.548+0000] {logging_mixin.py:188} INFO - [2026-09-05T05:57:29.547+0000] {dagbag.py:545} INFO - Filling up the DagBag from /opt/airflow/dags/youtube_pipeline.py
[2026-09-05T05:57:29.593+0000] {processor.py:840} INFO - DAG(s) 'youtube_english_video_pipeline' retrieved from /opt/airflow/dags/youtube_pipeline.py
[2026-09-05T05:57:29.644+0000] {logging_mixin.py:188} INFO - [2026-09-05T05:57:29.644+0000] {dag.py:3089} INFO - Sync 1 DAGs
[2026-09-05T05:57:29.669+0000] {logging_mixin.py:188} INFO - [2026-09-05T05:57:29.669+0000] {dag.py:3947} INFO - Setting next_dagrun for youtube_english_video_pipeline to 2026-09-04 12:00:00+00:00, run_after=2026-09-05 12:00:00+00:00
[2026-09-05T05:57:29.702+0000] {processor.py:183} INFO - Processing /opt/airflow/dags/youtube_pipeline.py took 0.166 seconds
[2026-09-05T05:57:59.806+0000] {processor.py:161} INFO - Started process (PID=23398) to work on /opt/airflow/dags/youtube_pipeline.py
[2026-09-05T05:57:59.808+0000] {processor.py:830} INFO - Processing file /opt/airflow/dags/youtube_pipeline.py for tasks to queue
[2026-09-05T05:57:59.811+0000] {logging_mixin.py:188} INFO - [2026-09-05T05:57:59.811+0000] {dagbag.py:545} INFO - Filling up the DagBag from /opt/airflow/dags/youtube_pipeline.py
[2026-09-05T05:57:59.875+0000] {processor.py:840} INFO - DAG(s) 'youtube_english_video_pipeline' retrieved from /opt/airflow/dags/youtube_pipeline.py
[2026-09-05T05:57:59.943+0000] {logging_mixin.py:188} INFO - [2026-09-05T05:57:59.943+0000] {dag.py:3089} INFO - Sync 1 DAGs
[2026-09-05T05:57:59.971+0000] {logging_mixin.py:188} INFO - [2026-09-05T05:57:59.971+0000] {dag.py:3947} INFO - Setting next_dagrun for youtube_english_video_pipeline to 2026-09-04 12:00:00+00:00, run_after=2026-09-05 12:00:00+00:00
[2026-09-05T05:58:00.000+0000] {processor.py:183} INFO - Processing /opt/airflow/dags/youtube_pipeline.py took 0.204 seconds
[2026-09-05T05:58:30.265+0000] {processor.py:161} INFO - Started process (PID=23403) to work on /opt/airflow/dags/youtube_pipeline.py
[2026-09-05T05:58:30.267+0000] {processor.py:830} INFO - Processing file /opt/airflow/dags/youtube_pipeline.py for tasks to queue
[2026-09-05T05:58:30.270+0000] {logging_mixin.py:188} INFO - [2026-09-05T05:58:30.270+0000] {dagbag.py:545} INFO - Filling up the DagBag from /opt/airflow/dags/youtube_pipeline.py
[2026-09-05T05:58:30.333+0000] {processor.py:840} INFO - DAG(s) 'youtube_english_video_pipeline' retrieved from /opt/airflow/dags/youtube_pipeline.py
[2026-09-05T05:58:30.390+0000] {logging_mixin.py:188} INFO - [2026-09-05T05:58:30.389+0000] {dag.py:3089} INFO - Sync 1 DAGs
[2026-09-05T05:58:30.415+0000] {logging_mixin.py:188} INFO - [2026-09-05T05:58:30.414+0000] {dag.py:3947} INFO - Setting next_dagrun for youtube_english_video_pipeline to 2026-09-04 12:00:00+00:00, run_after=2026-09-05 12:00:00+00:00
[2026-09-05T05:58:30.450+0000] {processor.py:183} INFO - Processing /opt/airflow/dags/youtube_pipeline.py took 0.195 seconds
[2026-09-05T05:59:00.746+0000] {processor.py:161} INFO - Started process (PID=23408) to work on /opt/airflow/dags/youtube_pipeline.py
[2026-09-05T05:59:00.748+0000] {processor.py:830} INFO - Processing file /opt/airflow/dags/youtube_pipeline.py for tasks to queue
[2026-09-05T05:59:00.751+0000] {logging_mixin.py:188} INFO - [2026-09-05T05:59:00.751+0000] {dagbag.py:545} INFO - Filling up the DagBag from /opt/airflow/dags/youtube_pipeline.py
[2026-09-05T05:59:00.802+0000] {processor.py:840} INFO - DAG(s) 'youtube_english_video_pipeline' retrieved from /opt/airflow/dags/youtube_pipeline.py
[2026-09-05T05:59:00.852+0000] {logging_mixin.py:188} INFO - [2026-09-05T05:59:00.852+0000] {dag.py:3089} INFO - Sync 1 DAGs
[2026-09-05T05:59:00.877+0000] {logging_mixin.py:188} INFO - [2026-09-05T05:59:00.877+0000] {dag.py:3947} INFO - Setting next_dagrun for youtube_english_video_pipeline to 2026-09-04 12:00:00+00:00, run_after=2026-09-05 12:00:00+00:00
[2026-09-05T05:59:00.911+0000] {processor.py:183} INFO - Processing /opt/airflow/dags/youtube_pipeline.py took 0.174 seconds
[2026-09-05T05:59:31.210+0000] {processor.py:161} INFO - Started process (PID=23413) to work on /opt/airflow/dags/youtube_pipeline.py
[2026-09-05T05:59:31.213+0000] {processor.py:830} INFO - Processing file /opt/airflow/dags/youtube_pipeline.py for tasks to queue
[2026-09-05T05:59:31.217+0000] {logging_mixin.py:188} INFO - [2026-09-05T05:59:31.217+0000] {dagbag.py:545} INFO - Filling up the DagBag from /opt/airflow/dags/youtube_pipeline.py
[2026-09-05T05:59:31.292+0000] {processor.py:840} INFO - DAG(s) 'youtube_english_video_pipeline' retrieved from /opt/airflow/dags/youtube_pipeline.py
[2026-09-05T05:59:31.372+0000] {logging_mixin.py:188} INFO - [2026-09-05T05:59:31.372+0000] {dag.py:3089} INFO - Sync 1 DAGs
[2026-09-05T05:59:31.406+0000] {logging_mixin.py:188} INFO - [2026-09-05T05:59:31.406+0000] {dag.py:3947} INFO - Setting next_dagrun for youtube_english_video_pipeline to 2026-09-04 12:00:00+00:00, run_after=2026-09-05 12:00:00+00:00
[2026-09-05T05:59:31.442+0000] {processor.py:183} INFO - Processing /opt/airflow/dags/youtube_pipeline.py took 0.246 seconds
[2026-09-05T06:00:01.770+0000] {processor.py:161} INFO - Started process (PID=23418) to work on /opt/airflow/dags/youtube_pipeline.py
[2026-09-05T06:00:01.772+0000] {processor.py:830} INFO - Processing file /opt/airflow/dags/youtube_pipeline.py for tasks to queue
[2026-09-05T06:00:01.776+0000] {logging_mixin.py:188} INFO - [2026-09-05T06:00:01.776+0000] {dagbag.py:545} INFO - Filling up the DagBag from /opt/airflow/dags/youtube_pipeline.py
[2026-09-05T06:00:01.848+0000] {processor.py:840} INFO - DAG(s) 'youtube_english_video_pipeline' retrieved from /opt/airflow/dags/youtube_pipeline.py
[2026-09-05T06:00:01.916+0000] {logging_mixin.py:188} INFO - [2026-09-05T06:00:01.916+0000] {dag.py:3089} INFO - Sync 1 DAGs
[2026-09-05T06:00:01.940+0000] {logging_mixin.py:188} INFO - [2026-09-05T06:00:01.940+0000] {dag.py:3947} INFO - Setting next_dagrun for youtube_english_video_pipeline to 2026-09-04 12:00:00+00:00, run_after=2026-09-05 12:00:00+00:00
[2026-09-05T06:00:01.969+0000] {processor.py:183} INFO - Processing /opt/airflow/dags/youtube_pipeline.py took 0.215 seconds
[2026-09-05T06:00:32.293+0000] {processor.py:161} INFO - Started process (PID=23423) to work on /opt/airflow/dags/youtube_pipeline.py
[2026-09-05T06:00:32.295+0000] {processor.py:830} INFO - Processing file /opt/airflow/dags/youtube_pipeline.py for tasks to queue
[2026-09-05T06:00:32.298+0000] {logging_mixin.py:188} INFO - [2026-09-05T06:00:32.297+0000] {dagbag.py:545} INFO - Filling up the DagBag from /opt/airflow/dags/youtube_pipeline.py
[2026-09-05T06:00:32.352+0000] {processor.py:840} INFO - DAG(s) 'youtube_english_video_pipeline' retrieved from /opt/airflow/dags/youtube_pipeline.py
[2026-09-05T06:00:32.404+0000] {logging_mixin.py:188} INFO - [2026-09-05T06:00:32.404+0000] {dag.py:3089} INFO - Sync 1 DAGs
[2026-09-05T06:00:32.430+0000] {logging_mixin.py:188} INFO - [2026-09-05T06:00:32.429+0000] {dag.py:3947} INFO - Setting next_dagrun for youtube_english_video_pipeline to 2026-09-04 12:00:00+00:00, run_after=2026-09-05 12:00:00+00:00
[2026-09-05T06:00:32.461+0000] {processor.py:183} INFO - Processing /opt/airflow/dags/youtube_pipeline.py took 0.177 seconds
[2026-09-05T06:01:02.579+0000] {processor.py:161} INFO - Started process (PID=23428) to work on /opt/airflow/dags/youtube_pipeline.py
[2026-09-05T06:01:02.582+0000] {processor.py:830} INFO - Processing file /opt/airflow/dags/youtube_pipeline.py for tasks to queue
[2026-09-05T06:01:02.586+0000] {logging_mixin.py:188} INFO - [2026-09-05T06:01:02.585+0000] {dagbag.py:545} INFO - Filling up the DagBag from /opt/airflow/dags/youtube_pipeline.py
[2026-09-05T06:01:02.648+0000] {processor.py:840} INFO - DAG(s) 'youtube_english_video_pipeline' retrieved from /opt/airflow/dags/youtube_pipeline.py
[2026-09-05T06:01:02.710+0000] {logging_mixin.py:188} INFO - [2026-09-05T06:01:02.710+0000] {dag.py:3089} INFO - Sync 1 DAGs
[2026-09-05T06:01:02.740+0000] {logging_mixin.py:188} INFO - [2026-09-05T06:01:02.740+0000] {dag.py:3947} INFO - Setting next_dagrun for youtube_english_video_pipeline to 2026-09-04 12:00:00+00:00, run_after=2026-09-05 12:00:00+00:00
[2026-09-05T06:01:02.777+0000] {processor.py:183} INFO - Processing /opt/airflow/dags/youtube_pipeline.py took 0.214 seconds
[2026-09-05T06:01:33.117+0000] {processor.py:161} INFO - Started process (PID=23433) to work on /opt/airflow/dags/youtube_pipeline.py
[2026-09-05T06:01:33.119+0000] {processor.py:830} INFO - Processing file /opt/airflow/dags/youtube_pipeline.py for tasks to queue
[2026-09-05T06:01:33.122+0000] {logging_mixin.py:188} INFO - [2026-09-05T06:01:33.122+0000] {dagbag.py:545} INFO - Filling up the DagBag from /opt/airflow/dags/youtube_pipeline.py
[2026-09-05T06:01:33.187+0000] {processor.py:840} INFO - DAG(s) 'youtube_english_video_pipeline' retrieved from /opt/airflow/dags/youtube_pipeline.py
[2026-09-05T06:01:33.252+0000] {logging_mixin.py:188} INFO - [2026-09-05T06:01:33.251+0000] {dag.py:3089} INFO - Sync 1 DAGs
[2026-09-05T06:01:33.281+0000] {logging_mixin.py:188} INFO - [2026-09-05T06:01:33.281+0000] {dag.py:3947} INFO - Setting next_dagrun for youtube_english_video_pipeline to 2026-09-04 12:00:00+00:00, run_after=2026-09-05 12:00:00+00:00
[2026-09-05T06:01:33.318+0000] {processor.py:183} INFO - Processing /opt/airflow/dags/youtube_pipeline.py took 0.210 seconds
[2026-09-05T06:02:03.606+0000] {processor.py:161} INFO - Started process (PID=23438) to work on /opt/airflow/dags/youtube_pipeline.py
[2026-09-05T06:02:03.607+0000] {processor.py:830} INFO - Processing file /opt/airflow/dags/youtube_pipeline.py for tasks to queue
[2026-09-05T06:02:03.610+0000] {logging_mixin.py:188} INFO - [2026-09-05T06:02:03.609+0000] {dagbag.py:545} INFO - Filling up the DagBag from /opt/airflow/dags/youtube_pipeline.py
[2026-09-05T06:02:03.649+0000] {processor.py:840} INFO - DAG(s) 'youtube_english_video_pipeline' retrieved from /opt/airflow/dags/youtube_pipeline.py
[2026-09-05T06:02:03.715+0000] {logging_mixin.py:188} INFO - [2026-09-05T06:02:03.715+0000] {dag.py:3089} INFO - Sync 1 DAGs
[2026-09-05T06:02:03.746+0000] {logging_mixin.py:188} INFO - [2026-09-05T06:02:03.745+0000] {dag.py:3947} INFO - Setting next_dagrun for youtube_english_video_pipeline to 2026-09-04 12:00:00+00:00, run_after=2026-09-05 12:00:00+00:00
[2026-09-05T06:02:03.787+0000] {processor.py:183} INFO - Processing /opt/airflow/dags/youtube_pipeline.py took 0.190 seconds
[2026-09-05T06:02:33.859+0000] {processor.py:161} INFO - Started process (PID=23443) to work on /opt/airflow/dags/youtube_pipeline.py
[2026-09-05T06:02:33.861+0000] {processor.py:830} INFO - Processing file /opt/airflow/dags/youtube_pipeline.py for tasks to queue
[2026-09-05T06:02:33.864+0000] {logging_mixin.py:188} INFO - [2026-09-05T06:02:33.864+0000] {dagbag.py:545} INFO - Filling up the DagBag from /opt/airflow/dags/youtube_pipeline.py
[2026-09-05T06:02:33.917+0000] {processor.py:840} INFO - DAG(s) 'youtube_english_video_pipeline' retrieved from /opt/airflow/dags/youtube_pipeline.py
[2026-09-05T06:02:33.991+0000] {logging_mixin.py:188} INFO - [2026-09-05T06:02:33.991+0000] {dag.py:3089} INFO - Sync 1 DAGs
[2026-09-05T06:02:34.029+0000] {logging_mixin.py:188} INFO - [2026-09-05T06:02:34.028+0000] {dag.py:3947} INFO - Setting next_dagrun for youtube_english_video_pipeline to 2026-09-04 12:00:00+00:00, run_after=2026-09-05 12:00:00+00:00
[2026-09-05T06:02:34.065+0000] {processor.py:183} INFO - Processing /opt/airflow/dags/youtube_pipeline.py took 0.219 seconds
[2026-09-05T06:03:04.361+0000] {processor.py:161} INFO - Started process (PID=23448) to work on /opt/airflow/dags/youtube_pipeline.py
[2026-09-05T06:03:04.363+0000] {processor.py:830} INFO - Processing file /opt/airflow/dags/youtube_pipeline.py for tasks to queue
[2026-09-05T06:03:04.365+0000] {logging_mixin.py:188} INFO - [2026-09-05T06:03:04.364+0000] {dagbag.py:545} INFO - Filling up the DagBag from /opt/airflow/dags/youtube_pipeline.py
[2026-09-05T06:03:04.405+0000] {processor.py:840} INFO - DAG(s) 'youtube_english_video_pipeline' retrieved from /opt/airflow/dags/youtube_pipeline.py
[2026-09-05T06:03:04.459+0000] {logging_mixin.py:188} INFO - [2026-09-05T06:03:04.459+0000] {dag.py:3089} INFO - Sync 1 DAGs
[2026-09-05T06:03:04.483+0000] {logging_mixin.py:188} INFO - [2026-09-05T06:03:04.483+0000] {dag.py:3947} INFO - Setting next_dagrun for youtube_english_video_pipeline to 2026-09-04 12:00:00+00:00, run_after=2026-09-05 12:00:00+00:00
[2026-09-05T06:03:04.515+0000] {processor.py:183} INFO - Processing /opt/airflow/dags/youtube_pipeline.py took 0.164 seconds
[2026-09-05T06:03:34.636+0000] {processor.py:161} INFO - Started process (PID=23453) to work on /opt/airflow/dags/youtube_pipeline.py
[2026-09-05T06:03:34.638+0000] {processor.py:830} INFO - Processing file /opt/airflow/dags/youtube_pipeline.py for tasks to queue
[2026-09-05T06:03:34.641+0000] {logging_mixin.py:188} INFO - [2026-09-05T06:03:34.641+0000] {dagbag.py:545} INFO - Filling up the DagBag from /opt/airflow/dags/youtube_pipeline.py
[2026-09-05T06:03:34.709+0000] {processor.py:840} INFO - DAG(s) 'youtube_english_video_pipeline' retrieved from /opt/airflow/dags/youtube_pipeline.py
[2026-09-05T06:03:34.779+0000] {logging_mixin.py:188} INFO - [2026-09-05T06:03:34.779+0000] {dag.py:3089} INFO - Sync 1 DAGs
[2026-09-05T06:03:34.806+0000] {logging_mixin.py:188} INFO - [2026-09-05T06:03:34.806+0000] {dag.py:3947} INFO - Setting next_dagrun for youtube_english_video_pipeline to 2026-09-04 12:00:00+00:00, run_after=2026-09-05 12:00:00+00:00
[2026-09-05T06:03:34.835+0000] {processor.py:183} INFO - Processing /opt/airflow/dags/youtube_pipeline.py took 0.208 seconds
[2026-09-05T06:04:05.058+0000] {processor.py:161} INFO - Started process (PID=23458) to work on /opt/airflow/dags/youtube_pipeline.py
[2026-09-05T06:04:05.061+0000] {processor.py:830} INFO - Processing file /opt/airflow/dags/youtube_pipeline.py for tasks to queue
[2026-09-05T06:04:05.067+0000] {logging_mixin.py:188} INFO - [2026-09-05T06:04:05.066+0000] {dagbag.py:545} INFO - Filling up the DagBag from /opt/airflow/dags/youtube_pipeline.py
[2026-09-05T06:04:05.150+0000] {processor.py:840} INFO - DAG(s) 'youtube_english_video_pipeline' retrieved from /opt/airflow/dags/youtube_pipeline.py
[2026-09-05T06:04:05.223+0000] {logging_mixin.py:188} INFO - [2026-09-05T06:04:05.222+0000] {dag.py:3089} INFO - Sync 1 DAGs
[2026-09-05T06:04:05.251+0000] {logging_mixin.py:188} INFO - [2026-09-05T06:04:05.251+0000] {dag.py:3947} INFO - Setting next_dagrun for youtube_english_video_pipeline to 2026-09-04 12:00:00+00:00, run_after=2026-09-05 12:00:00+00:00
[2026-09-05T06:04:05.277+0000] {processor.py:183} INFO - Processing /opt/airflow/dags/youtube_pipeline.py took 0.231 seconds
[2026-09-05T06:04:35.344+0000] {processor.py:161} INFO - Started process (PID=23463) to work on /opt/airflow/dags/youtube_pipeline.py
[2026-09-05T06:04:35.346+0000] {processor.py:830} INFO - Processing file /opt/airflow/dags/youtube_pipeline.py for tasks to queue
[2026-09-05T06:04:35.349+0000] {logging_mixin.py:188} INFO - [2026-09-05T06:04:35.349+0000] {dagbag.py:545} INFO - Filling up the DagBag from /opt/airflow/dags/youtube_pipeline.py
[2026-09-05T06:04:35.387+0000] {processor.py:840} INFO - DAG(s) 'youtube_english_video_pipeline' retrieved from /opt/airflow/dags/youtube_pipeline.py
[2026-09-05T06:04:35.456+0000] {logging_mixin.py:188} INFO - [2026-09-05T06:04:35.456+0000] {dag.py:3089} INFO - Sync 1 DAGs
[2026-09-05T06:04:35.485+0000] {logging_mixin.py:188} INFO - [2026-09-05T06:04:35.485+0000] {dag.py:3947} INFO - Setting next_dagrun for youtube_english_video_pipeline to 2026-09-04 12:00:00+00:00, run_after=2026-09-05 12:00:00+00:00
[2026-09-05T06:04:35.514+0000] {processor.py:183} INFO - Processing /opt/airflow/dags/youtube_pipeline.py took 0.181 seconds
[2026-09-05T06:05:05.837+0000] {processor.py:161} INFO - Started process (PID=23468) to work on /opt/airflow/dags/youtube_pipeline.py
[2026-09-05T06:05:05.839+0000] {processor.py:830} INFO - Processing file /opt/airflow/dags/youtube_pipeline.py for tasks to queue
[2026-09-05T06:05:05.842+0000] {logging_mixin.py:188} INFO - [2026-09-05T06:05:05.841+0000] {dagbag.py:545} INFO - Filling up the DagBag from /opt/airflow/dags/youtube_pipeline.py
[2026-09-05T06:05:05.902+0000] {processor.py:840} INFO - DAG(s) 'youtube_english_video_pipeline' retrieved from /opt/airflow/dags/youtube_pipeline.py
[2026-09-05T06:05:05.960+0000] {logging_mixin.py:188} INFO - [2026-09-05T06:05:05.960+0000] {dag.py:3089} INFO - Sync 1 DAGs
[2026-09-05T06:05:05.987+0000] {logging_mixin.py:188} INFO - [2026-09-05T06:05:05.987+0000] {dag.py:3947} INFO - Setting next_dagrun for youtube_english_video_pipeline to 2026-09-04 12:00:00+00:00, run_after=2026-09-05 12:00:00+00:00
[2026-09-05T06:05:06.024+0000] {processor.py:183} INFO - Processing /opt/airflow/dags/youtube_pipeline.py took 0.197 seconds
[2026-09-05T06:05:36.309+0000] {processor.py:161} INFO - Started process (PID=23473) to work on /opt/airflow/dags/youtube_pipeline.py
[2026-09-05T06:05:36.311+0000] {processor.py:830} INFO - Processing file /opt/airflow/dags/youtube_pipeline.py for tasks to queue
[2026-09-05T06:05:36.314+0000] {logging_mixin.py:188} INFO - [2026-09-05T06:05:36.313+0000] {dagbag.py:545} INFO - Filling up the DagBag from /opt/airflow/dags/youtube_pipeline.py
[2026-09-05T06:05:36.373+0000] {processor.py:840} INFO - DAG(s) 'youtube_english_video_pipeline' retrieved from /opt/airflow/dags/youtube_pipeline.py
[2026-09-05T06:05:36.444+0000] {logging_mixin.py:188} INFO - [2026-09-05T06:05:36.444+0000] {dag.py:3089} INFO - Sync 1 DAGs
[2026-09-05T06:05:36.478+0000] {logging_mixin.py:188} INFO - [2026-09-05T06:05:36.477+0000] {dag.py:3947} INFO - Setting next_dagrun for youtube_english_video_pipeline to 2026-09-04 12:00:00+00:00, run_after=2026-09-05 12:00:00+00:00
[2026-09-05T06:05:36.519+0000] {processor.py:183} INFO - Processing /opt/airflow/dags/youtube_pipeline.py took 0.223 seconds
[2026-09-05T06:06:06.825+0000] {processor.py:161} INFO - Started process (PID=23478) to work on /opt/airflow/dags/youtube_pipeline.py
[2026-09-05T06:06:06.826+0000] {processor.py:830} INFO - Processing file /opt/airflow/dags/youtube_pipeline.py for tasks to queue
[2026-09-05T06:06:06.829+0000] {logging_mixin.py:188} INFO - [2026-09-05T06:06:06.829+0000] {dagbag.py:545} INFO - Filling up the DagBag from /opt/airflow/dags/youtube_pipeline.py
[2026-09-05T06:06:06.892+0000] {processor.py:840} INFO - DAG(s) 'youtube_english_video_pipeline' retrieved from /opt/airflow/dags/youtube_pipeline.py
[2026-09-05T06:06:06.972+0000] {logging_mixin.py:188} INFO - [2026-09-05T06:06:06.971+0000] {dag.py:3089} INFO - Sync 1 DAGs
[2026-09-05T06:06:07.002+0000] {logging_mixin.py:188} INFO - [2026-09-05T06:06:07.001+0000] {dag.py:3947} INFO - Setting next_dagrun for youtube_english_video_pipeline to 2026-09-04 12:00:00+00:00, run_after=2026-09-05 12:00:00+00:00
[2026-09-05T06:06:07.026+0000] {processor.py:183} INFO - Processing /opt/airflow/dags/youtube_pipeline.py took 0.211 seconds
[2026-09-05T06:06:37.163+0000] {processor.py:161} INFO - Started process (PID=23483) to work on /opt/airflow/dags/youtube_pipeline.py
[2026-09-05T06:06:37.165+0000] {processor.py:830} INFO - Processing file /opt/airflow/dags/youtube_pipeline.py for tasks to queue
[2026-09-05T06:06:37.168+0000] {logging_mixin.py:188} INFO - [2026-09-05T06:06:37.167+0000] {dagbag.py:545} INFO - Filling up the DagBag from /opt/airflow/dags/youtube_pipeline.py
[2026-09-05T06:06:37.217+0000] {processor.py:840} INFO - DAG(s) 'youtube_english_video_pipeline' retrieved from /opt/airflow/dags/youtube_pipeline.py
[2026-09-05T06:06:37.277+0000] {logging_mixin.py:188} INFO - [2026-09-05T06:06:37.277+0000] {dag.py:3089} INFO - Sync 1 DAGs
[2026-09-05T06:06:37.305+0000] {logging_mixin.py:188} INFO - [2026-09-05T06:06:37.305+0000] {dag.py:3947} INFO - Setting next_dagrun for youtube_english_video_pipeline to 2026-09-04 12:00:00+00:00, run_after=2026-09-05 12:00:00+00:00
[2026-09-05T06:06:37.329+0000] {processor.py:183} INFO - Processing /opt/airflow/dags/youtube_pipeline.py took 0.176 seconds
[2026-09-05T06:07:07.595+0000] {processor.py:161} INFO - Started process (PID=23488) to work on /opt/airflow/dags/youtube_pipeline.py
[2026-09-05T06:07:07.597+0000] {processor.py:830} INFO - Processing file /opt/airflow/dags/youtube_pipeline.py for tasks to queue
[2026-09-05T06:07:07.600+0000] {logging_mixin.py:188} INFO - [2026-09-05T06:07:07.599+0000] {dagbag.py:545} INFO - Filling up the DagBag from /opt/airflow/dags/youtube_pipeline.py
[2026-09-05T06:07:07.670+0000] {processor.py:840} INFO - DAG(s) 'youtube_english_video_pipeline' retrieved from /opt/airflow/dags/youtube_pipeline.py
[2026-09-05T06:07:07.732+0000] {logging_mixin.py:188} INFO - [2026-09-05T06:07:07.731+0000] {dag.py:3089} INFO - Sync 1 DAGs
[2026-09-05T06:07:07.760+0000] {logging_mixin.py:188} INFO - [2026-09-05T06:07:07.760+0000] {dag.py:3947} INFO - Setting next_dagrun for youtube_english_video_pipeline to 2026-09-04 12:00:00+00:00, run_after=2026-09-05 12:00:00+00:00
[2026-09-05T06:07:07.786+0000] {processor.py:183} INFO - Processing /opt/airflow/dags/youtube_pipeline.py took 0.202 seconds
[2026-09-05T06:07:37.892+0000] {processor.py:161} INFO - Started process (PID=23493) to work on /opt/airflow/dags/youtube_pipeline.py
[2026-09-05T06:07:37.894+0000] {processor.py:830} INFO - Processing file /opt/airflow/dags/youtube_pipeline.py for tasks to queue
[2026-09-05T06:07:37.897+0000] {logging_mixin.py:188} INFO - [2026-09-05T06:07:37.897+0000] {dagbag.py:545} INFO - Filling up the DagBag from /opt/airflow/dags/youtube_pipeline.py
[2026-09-05T06:07:37.956+0000] {processor.py:840} INFO - DAG(s) 'youtube_english_video_pipeline' retrieved from /opt/airflow/dags/youtube_pipeline.py
[2026-09-05T06:07:38.011+0000] {logging_mixin.py:188} INFO - [2026-09-05T06:07:38.011+0000] {dag.py:3089} INFO - Sync 1 DAGs
[2026-09-05T06:07:38.040+0000] {logging_mixin.py:188} INFO - [2026-09-05T06:07:38.040+0000] {dag.py:3947} INFO - Setting next_dagrun for youtube_english_video_pipeline to 2026-09-04 12:00:00+00:00, run_after=2026-09-05 12:00:00+00:00
[2026-09-05T06:07:38.076+0000] {processor.py:183} INFO - Processing /opt/airflow/dags/youtube_pipeline.py took 0.196 seconds
[2026-09-05T06:08:08.406+0000] {processor.py:161} INFO - Started process (PID=23498) to work on /opt/airflow/dags/youtube_pipeline.py
[2026-09-05T06:08:08.409+0000] {processor.py:830} INFO - Processing file /opt/airflow/dags/youtube_pipeline.py for tasks to queue
[2026-09-05T06:08:08.413+0000] {logging_mixin.py:188} INFO - [2026-09-05T06:08:08.413+0000] {dagbag.py:545} INFO - Filling up the DagBag from /opt/airflow/dags/youtube_pipeline.py
[2026-09-05T06:08:08.482+0000] {processor.py:840} INFO - DAG(s) 'youtube_english_video_pipeline' retrieved from /opt/airflow/dags/youtube_pipeline.py
[2026-09-05T06:08:08.571+0000] {logging_mixin.py:188} INFO - [2026-09-05T06:08:08.570+0000] {dag.py:3089} INFO - Sync 1 DAGs
[2026-09-05T06:08:08.616+0000] {logging_mixin.py:188} INFO - [2026-09-05T06:08:08.615+0000] {dag.py:3947} INFO - Setting next_dagrun for youtube_english_video_pipeline to 2026-09-04 12:00:00+00:00, run_after=2026-09-05 12:00:00+00:00
[2026-09-05T06:08:08.653+0000] {processor.py:183} INFO - Processing /opt/airflow/dags/youtube_pipeline.py took 0.260 seconds
[2026-09-05T06:08:39.001+0000] {processor.py:161} INFO - Started process (PID=23503) to work on /opt/airflow/dags/youtube_pipeline.py
[2026-09-05T06:08:39.003+0000] {processor.py:830} INFO - Processing file /opt/airflow/dags/youtube_pipeline.py for tasks to queue
[2026-09-05T06:08:39.006+0000] {logging_mixin.py:188} INFO - [2026-09-05T06:08:39.005+0000] {dagbag.py:545} INFO - Filling up the DagBag from /opt/airflow/dags/youtube_pipeline.py
[2026-09-05T06:08:39.064+0000] {processor.py:840} INFO - DAG(s) 'youtube_english_video_pipeline' retrieved from /opt/airflow/dags/youtube_pipeline.py
[2026-09-05T06:08:39.138+0000] {logging_mixin.py:188} INFO - [2026-09-05T06:08:39.138+0000] {dag.py:3089} INFO - Sync 1 DAGs
[2026-09-05T06:08:39.173+0000] {logging_mixin.py:188} INFO - [2026-09-05T06:08:39.172+0000] {dag.py:3947} INFO - Setting next_dagrun for youtube_english_video_pipeline to 2026-09-04 12:00:00+00:00, run_after=2026-09-05 12:00:00+00:00
[2026-09-05T06:08:39.213+0000] {processor.py:183} INFO - Processing /opt/airflow/dags/youtube_pipeline.py took 0.223 seconds
[2026-09-05T06:09:09.525+0000] {processor.py:161} INFO - Started process (PID=23508) to work on /opt/airflow/dags/youtube_pipeline.py
[2026-09-05T06:09:09.528+0000] {processor.py:830} INFO - Processing file /opt/airflow/dags/youtube_pipeline.py for tasks to queue
[2026-09-05T06:09:09.532+0000] {logging_mixin.py:188} INFO - [2026-09-05T06:09:09.531+0000] {dagbag.py:545} INFO - Filling up the DagBag from /opt/airflow/dags/youtube_pipeline.py
[2026-09-05T06:09:09.604+0000] {processor.py:840} INFO - DAG(s) 'youtube_english_video_pipeline' retrieved from /opt/airflow/dags/youtube_pipeline.py
[2026-09-05T06:09:09.659+0000] {logging_mixin.py:188} INFO - [2026-09-05T06:09:09.658+0000] {dag.py:3089} INFO - Sync 1 DAGs
[2026-09-05T06:09:09.690+0000] {logging_mixin.py:188} INFO - [2026-09-05T06:09:09.689+0000] {dag.py:3947} INFO - Setting next_dagrun for youtube_english_video_pipeline to 2026-09-04 12:00:00+00:00, run_after=2026-09-05 12:00:00+00:00
[2026-09-05T06:09:09.727+0000] {processor.py:183} INFO - Processing /opt/airflow/dags/youtube_pipeline.py took 0.214 seconds
[2026-09-05T06:09:40.094+0000] {processor.py:161} INFO - Started process (PID=23513) to work on /opt/airflow/dags/youtube_pipeline.py
[2026-09-05T06:09:40.097+0000] {processor.py:830} INFO - Processing file /opt/airflow/dags/youtube_pipeline.py for tasks to queue
[2026-09-05T06:09:40.101+0000] {logging_mixin.py:188} INFO - [2026-09-05T06:09:40.100+0000] {dagbag.py:545} INFO - Filling up the DagBag from /opt/airflow/dags/youtube_pipeline.py
[2026-09-05T06:09:40.188+0000] {processor.py:840} INFO - DAG(s) 'youtube_english_video_pipeline' retrieved from /opt/airflow/dags/youtube_pipeline.py
[2026-09-05T06:09:40.251+0000] {logging_mixin.py:188} INFO - [2026-09-05T06:09:40.251+0000] {dag.py:3089} INFO - Sync 1 DAGs
[2026-09-05T06:09:40.285+0000] {logging_mixin.py:188} INFO - [2026-09-05T06:09:40.285+0000] {dag.py:3947} INFO - Setting next_dagrun for youtube_english_video_pipeline to 2026-09-04 12:00:00+00:00, run_after=2026-09-05 12:00:00+00:00
[2026-09-05T06:09:40.332+0000] {processor.py:183} INFO - Processing /opt/airflow/dags/youtube_pipeline.py took 0.250 seconds
[2026-09-05T06:10:10.618+0000] {processor.py:161} INFO - Started process (PID=23518) to work on /opt/airflow/dags/youtube_pipeline.py
[2026-09-05T06:10:10.620+0000] {processor.py:830} INFO - Processing file /opt/airflow/dags/youtube_pipeline.py for tasks to queue
[2026-09-05T06:10:10.623+0000] {logging_mixin.py:188} INFO - [2026-09-05T06:10:10.623+0000] {dagbag.py:545} INFO - Filling up the DagBag from /opt/airflow/dags/youtube_pipeline.py
[2026-09-05T06:10:10.686+0000] {processor.py:840} INFO - DAG(s) 'youtube_english_video_pipeline' retrieved from /opt/airflow/dags/youtube_pipeline.py
[2026-09-05T06:10:10.754+0000] {logging_mixin.py:188} INFO - [2026-09-05T06:10:10.754+0000] {dag.py:3089} INFO - Sync 1 DAGs
[2026-09-05T06:10:10.780+0000] {logging_mixin.py:188} INFO - [2026-09-05T06:10:10.780+0000] {dag.py:3947} INFO - Setting next_dagrun for youtube_english_video_pipeline to 2026-09-04 12:00:00+00:00, run_after=2026-09-05 12:00:00+00:00
[2026-09-05T06:10:10.806+0000] {processor.py:183} INFO - Processing /opt/airflow/dags/youtube_pipeline.py took 0.202 seconds
[2026-09-05T06:10:41.131+0000] {processor.py:161} INFO - Started process (PID=23523) to work on /opt/airflow/dags/youtube_pipeline.py
[2026-09-05T06:10:41.133+0000] {processor.py:830} INFO - Processing file /opt/airflow/dags/youtube_pipeline.py for tasks to queue
[2026-09-05T06:10:41.136+0000] {logging_mixin.py:188} INFO - [2026-09-05T06:10:41.135+0000] {dagbag.py:545} INFO - Filling up the DagBag from /opt/airflow/dags/youtube_pipeline.py
[2026-09-05T06:10:41.209+0000] {processor.py:840} INFO - DAG(s) 'youtube_english_video_pipeline' retrieved from /opt/airflow/dags/youtube_pipeline.py
[2026-09-05T06:10:41.279+0000] {logging_mixin.py:188} INFO - [2026-09-05T06:10:41.278+0000] {dag.py:3089} INFO - Sync 1 DAGs
[2026-09-05T06:10:41.310+0000] {logging_mixin.py:188} INFO - [2026-09-05T06:10:41.310+0000] {dag.py:3947} INFO - Setting next_dagrun for youtube_english_video_pipeline to 2026-09-04 12:00:00+00:00, run_after=2026-09-05 12:00:00+00:00
[2026-09-05T06:10:41.336+0000] {processor.py:183} INFO - Processing /opt/airflow/dags/youtube_pipeline.py took 0.215 seconds
[2026-09-05T06:11:11.642+0000] {processor.py:161} INFO - Started process (PID=23528) to work on /opt/airflow/dags/youtube_pipeline.py
[2026-09-05T06:11:11.644+0000] {processor.py:830} INFO - Processing file /opt/airflow/dags/youtube_pipeline.py for tasks to queue
[2026-09-05T06:11:11.647+0000] {logging_mixin.py:188} INFO - [2026-09-05T06:11:11.646+0000] {dagbag.py:545} INFO - Filling up the DagBag from /opt/airflow/dags/youtube_pipeline.py
[2026-09-05T06:11:11.715+0000] {processor.py:840} INFO - DAG(s) 'youtube_english_video_pipeline' retrieved from /opt/airflow/dags/youtube_pipeline.py
[2026-09-05T06:11:11.788+0000] {logging_mixin.py:188} INFO - [2026-09-05T06:11:11.788+0000] {dag.py:3089} INFO - Sync 1 DAGs
[2026-09-05T06:11:11.817+0000] {logging_mixin.py:188} INFO - [2026-09-05T06:11:11.817+0000] {dag.py:3947} INFO - Setting next_dagrun for youtube_english_video_pipeline to 2026-09-04 12:00:00+00:00, run_after=2026-09-05 12:00:00+00:00
[2026-09-05T06:11:11.856+0000] {processor.py:183} INFO - Processing /opt/airflow/dags/youtube_pipeline.py took 0.224 seconds
[2026-09-05T06:11:42.281+0000] {processor.py:161} INFO - Started process (PID=23533) to work on /opt/airflow/dags/youtube_pipeline.py
[2026-09-05T06:11:42.284+0000] {processor.py:830} INFO - Processing file /opt/airflow/dags/youtube_pipeline.py for tasks to queue
[2026-09-05T06:11:42.287+0000] {logging_mixin.py:188} INFO - [2026-09-05T06:11:42.286+0000] {dagbag.py:545} INFO - Filling up the DagBag from /opt/airflow/dags/youtube_pipeline.py
[2026-09-05T06:11:42.336+0000] {processor.py:840} INFO - DAG(s) 'youtube_english_video_pipeline' retrieved from /opt/airflow/dags/youtube_pipeline.py
[2026-09-05T06:11:42.404+0000] {logging_mixin.py:188} INFO - [2026-09-05T06:11:42.403+0000] {dag.py:3089} INFO - Sync 1 DAGs
[2026-09-05T06:11:42.443+0000] {logging_mixin.py:188} INFO - [2026-09-05T06:11:42.442+0000] {dag.py:3947} INFO - Setting next_dagrun for youtube_english_video_pipeline to 2026-09-04 12:00:00+00:00, run_after=2026-09-05 12:00:00+00:00
[2026-09-05T06:11:42.474+0000] {processor.py:183} INFO - Processing /opt/airflow/dags/youtube_pipeline.py took 0.207 seconds
[2026-09-05T06:12:12.783+0000] {processor.py:161} INFO - Started process (PID=23538) to work on /opt/airflow/dags/youtube_pipeline.py
[2026-09-05T06:12:12.785+0000] {processor.py:830} INFO - Processing file /opt/airflow/dags/youtube_pipeline.py for tasks to queue
[2026-09-05T06:12:12.789+0000] {logging_mixin.py:188} INFO - [2026-09-05T06:12:12.788+0000] {dagbag.py:545} INFO - Filling up the DagBag from /opt/airflow/dags/youtube_pipeline.py
[2026-09-05T06:12:12.868+0000] {processor.py:840} INFO - DAG(s) 'youtube_english_video_pipeline' retrieved from /opt/airflow/dags/youtube_pipeline.py
[2026-09-05T06:12:12.929+0000] {logging_mixin.py:188} INFO - [2026-09-05T06:12:12.928+0000] {dag.py:3089} INFO - Sync 1 DAGs
[2026-09-05T06:12:12.955+0000] {logging_mixin.py:188} INFO - [2026-09-05T06:12:12.955+0000] {dag.py:3947} INFO - Setting next_dagrun for youtube_english_video_pipeline to 2026-09-04 12:00:00+00:00, run_after=2026-09-05 12:00:00+00:00
[2026-09-05T06:12:12.983+0000] {processor.py:183} INFO - Processing /opt/airflow/dags/youtube_pipeline.py took 0.214 seconds
[2026-09-05T06:12:43.277+0000] {processor.py:161} INFO - Started process (PID=23543) to work on /opt/airflow/dags/youtube_pipeline.py
[2026-09-05T06:12:43.279+0000] {processor.py:830} INFO - Processing file /opt/airflow/dags/youtube_pipeline.py for tasks to queue
[2026-09-05T06:12:43.282+0000] {logging_mixin.py:188} INFO - [2026-09-05T06:12:43.282+0000] {dagbag.py:545} INFO - Filling up the DagBag from /opt/airflow/dags/youtube_pipeline.py
[2026-09-05T06:12:43.343+0000] {processor.py:840} INFO - DAG(s) 'youtube_english_video_pipeline' retrieved from /opt/airflow/dags/youtube_pipeline.py
[2026-09-05T06:12:43.419+0000] {logging_mixin.py:188} INFO - [2026-09-05T06:12:43.419+0000] {dag.py:3089} INFO - Sync 1 DAGs
[2026-09-05T06:12:43.443+0000] {logging_mixin.py:188} INFO - [2026-09-05T06:12:43.443+0000] {dag.py:3947} INFO - Setting next_dagrun for youtube_english_video_pipeline to 2026-09-04 12:00:00+00:00, run_after=2026-09-05 12:00:00+00:00
[2026-09-05T06:12:43.468+0000] {processor.py:183} INFO - Processing /opt/airflow/dags/youtube_pipeline.py took 0.202 seconds
[2026-09-05T06:13:13.740+0000] {processor.py:161} INFO - Started process (PID=23548) to work on /opt/airflow/dags/youtube_pipeline.py
[2026-09-05T06:13:13.742+0000] {processor.py:830} INFO - Processing file /opt/airflow/dags/youtube_pipeline.py for tasks to queue
[2026-09-05T06:13:13.745+0000] {logging_mixin.py:188} INFO - [2026-09-05T06:13:13.745+0000] {dagbag.py:545} INFO - Filling up the DagBag from /opt/airflow/dags/youtube_pipeline.py
[2026-09-05T06:13:13.804+0000] {processor.py:840} INFO - DAG(s) 'youtube_english_video_pipeline' retrieved from /opt/airflow/dags/youtube_pipeline.py
[2026-09-05T06:13:13.877+0000] {logging_mixin.py:188} INFO - [2026-09-05T06:13:13.877+0000] {dag.py:3089} INFO - Sync 1 DAGs
[2026-09-05T06:13:13.904+0000] {logging_mixin.py:188} INFO - [2026-09-05T06:13:13.904+0000] {dag.py:3947} INFO - Setting next_dagrun for youtube_english_video_pipeline to 2026-09-04 12:00:00+00:00, run_after=2026-09-05 12:00:00+00:00
[2026-09-05T06:13:13.931+0000] {processor.py:183} INFO - Processing /opt/airflow/dags/youtube_pipeline.py took 0.203 seconds
[2026-09-05T06:13:44.258+0000] {processor.py:161} INFO - Started process (PID=23553) to work on /opt/airflow/dags/youtube_pipeline.py
[2026-09-05T06:13:44.260+0000] {processor.py:830} INFO - Processing file /opt/airflow/dags/youtube_pipeline.py for tasks to queue
[2026-09-05T06:13:44.264+0000] {logging_mixin.py:188} INFO - [2026-09-05T06:13:44.263+0000] {dagbag.py:545} INFO - Filling up the DagBag from /opt/airflow/dags/youtube_pipeline.py
[2026-09-05T06:13:44.331+0000] {processor.py:840} INFO - DAG(s) 'youtube_english_video_pipeline' retrieved from /opt/airflow/dags/youtube_pipeline.py
[2026-09-05T06:13:44.412+0000] {logging_mixin.py:188} INFO - [2026-09-05T06:13:44.412+0000] {dag.py:3089} INFO - Sync 1 DAGs
[2026-09-05T06:13:44.445+0000] {logging_mixin.py:188} INFO - [2026-09-05T06:13:44.445+0000] {dag.py:3947} INFO - Setting next_dagrun for youtube_english_video_pipeline to 2026-09-04 12:00:00+00:00, run_after=2026-09-05 12:00:00+00:00
[2026-09-05T06:13:44.477+0000] {processor.py:183} INFO - Processing /opt/airflow/dags/youtube_pipeline.py took 0.233 seconds
[2026-09-05T06:14:14.850+0000] {processor.py:161} INFO - Started process (PID=23558) to work on /opt/airflow/dags/youtube_pipeline.py
[2026-09-05T06:14:14.853+0000] {processor.py:830} INFO - Processing file /opt/airflow/dags/youtube_pipeline.py for tasks to queue
[2026-09-05T06:14:14.856+0000] {logging_mixin.py:188} INFO - [2026-09-05T06:14:14.856+0000] {dagbag.py:545} INFO - Filling up the DagBag from /opt/airflow/dags/youtube_pipeline.py
[2026-09-05T06:14:15.231+0000] {processor.py:840} INFO - DAG(s) 'youtube_english_video_pipeline' retrieved from /opt/airflow/dags/youtube_pipeline.py
[2026-09-05T06:14:15.279+0000] {logging_mixin.py:188} INFO - [2026-09-05T06:14:15.279+0000] {dag.py:3089} INFO - Sync 1 DAGs
[2026-09-05T06:14:15.302+0000] {logging_mixin.py:188} INFO - [2026-09-05T06:14:15.302+0000] {dag.py:3947} INFO - Setting next_dagrun for youtube_english_video_pipeline to 2026-09-04 12:00:00+00:00, run_after=2026-09-05 12:00:00+00:00
[2026-09-05T06:14:15.341+0000] {processor.py:183} INFO - Processing /opt/airflow/dags/youtube_pipeline.py took 0.500 seconds
[2026-09-05T06:26:51.420+0000] {processor.py:161} INFO - Started process (PID=23563) to work on /opt/airflow/dags/youtube_pipeline.py
[2026-09-05T06:26:51.428+0000] {processor.py:830} INFO - Processing file /opt/airflow/dags/youtube_pipeline.py for tasks to queue
[2026-09-05T06:26:51.439+0000] {logging_mixin.py:188} INFO - [2026-09-05T06:26:51.438+0000] {dagbag.py:545} INFO - Filling up the DagBag from /opt/airflow/dags/youtube_pipeline.py
[2026-09-05T06:26:51.893+0000] {processor.py:840} INFO - DAG(s) 'youtube_english_video_pipeline' retrieved from /opt/airflow/dags/youtube_pipeline.py
[2026-09-05T06:26:51.965+0000] {logging_mixin.py:188} INFO - [2026-09-05T06:26:51.964+0000] {dag.py:3089} INFO - Sync 1 DAGs
[2026-09-05T06:26:51.997+0000] {logging_mixin.py:188} INFO - [2026-09-05T06:26:51.997+0000] {dag.py:3947} INFO - Setting next_dagrun for youtube_english_video_pipeline to 2026-09-04 12:00:00+00:00, run_after=2026-09-05 12:00:00+00:00
[2026-09-05T06:26:52.030+0000] {processor.py:183} INFO - Processing /opt/airflow/dags/youtube_pipeline.py took 0.626 seconds
[2026-09-05T06:27:22.267+0000] {processor.py:161} INFO - Started process (PID=23568) to work on /opt/airflow/dags/youtube_pipeline.py
[2026-09-05T06:27:22.268+0000] {processor.py:830} INFO - Processing file /opt/airflow/dags/youtube_pipeline.py for tasks to queue
[2026-09-05T06:27:22.270+0000] {logging_mixin.py:188} INFO - [2026-09-05T06:27:22.269+0000] {dagbag.py:545} INFO - Filling up the DagBag from /opt/airflow/dags/youtube_pipeline.py
[2026-09-05T06:27:22.293+0000] {processor.py:840} INFO - DAG(s) 'youtube_english_video_pipeline' retrieved from /opt/airflow/dags/youtube_pipeline.py
[2026-09-05T06:27:22.329+0000] {logging_mixin.py:188} INFO - [2026-09-05T06:27:22.329+0000] {dag.py:3089} INFO - Sync 1 DAGs
[2026-09-05T06:27:22.345+0000] {logging_mixin.py:188} INFO - [2026-09-05T06:27:22.345+0000] {dag.py:3947} INFO - Setting next_dagrun for youtube_english_video_pipeline to 2026-09-04 12:00:00+00:00, run_after=2026-09-05 12:00:00+00:00
[2026-09-05T06:27:22.359+0000] {processor.py:183} INFO - Processing /opt/airflow/dags/youtube_pipeline.py took 0.098 seconds
[2026-09-05T06:27:52.390+0000] {processor.py:161} INFO - Started process (PID=23573) to work on /opt/airflow/dags/youtube_pipeline.py
[2026-09-05T06:27:52.392+0000] {processor.py:830} INFO - Processing file /opt/airflow/dags/youtube_pipeline.py for tasks to queue
[2026-09-05T06:27:52.394+0000] {logging_mixin.py:188} INFO - [2026-09-05T06:27:52.393+0000] {dagbag.py:545} INFO - Filling up the DagBag from /opt/airflow/dags/youtube_pipeline.py
[2026-09-05T06:27:52.411+0000] {processor.py:840} INFO - DAG(s) 'youtube_english_video_pipeline' retrieved from /opt/airflow/dags/youtube_pipeline.py
[2026-09-05T06:27:52.438+0000] {logging_mixin.py:188} INFO - [2026-09-05T06:27:52.438+0000] {dag.py:3089} INFO - Sync 1 DAGs
[2026-09-05T06:27:52.450+0000] {logging_mixin.py:188} INFO - [2026-09-05T06:27:52.450+0000] {dag.py:3947} INFO - Setting next_dagrun for youtube_english_video_pipeline to 2026-09-04 12:00:00+00:00, run_after=2026-09-05 12:00:00+00:00
[2026-09-05T06:27:52.462+0000] {processor.py:183} INFO - Processing /opt/airflow/dags/youtube_pipeline.py took 0.078 seconds
[2026-09-05T06:28:22.672+0000] {processor.py:161} INFO - Started process (PID=23578) to work on /opt/airflow/dags/youtube_pipeline.py
[2026-09-05T06:28:22.673+0000] {processor.py:830} INFO - Processing file /opt/airflow/dags/youtube_pipeline.py for tasks to queue
[2026-09-05T06:28:22.675+0000] {logging_mixin.py:188} INFO - [2026-09-05T06:28:22.674+0000] {dagbag.py:545} INFO - Filling up the DagBag from /opt/airflow/dags/youtube_pipeline.py
[2026-09-05T06:28:22.696+0000] {processor.py:840} INFO - DAG(s) 'youtube_english_video_pipeline' retrieved from /opt/airflow/dags/youtube_pipeline.py
[2026-09-05T06:28:22.725+0000] {logging_mixin.py:188} INFO - [2026-09-05T06:28:22.725+0000] {dag.py:3089} INFO - Sync 1 DAGs
[2026-09-05T06:28:22.739+0000] {logging_mixin.py:188} INFO - [2026-09-05T06:28:22.739+0000] {dag.py:3947} INFO - Setting next_dagrun for youtube_english_video_pipeline to 2026-09-04 12:00:00+00:00, run_after=2026-09-05 12:00:00+00:00
[2026-09-05T06:28:22.754+0000] {processor.py:183} INFO - Processing /opt/airflow/dags/youtube_pipeline.py took 0.091 seconds
[2026-09-05T06:28:52.956+0000] {processor.py:161} INFO - Started process (PID=23583) to work on /opt/airflow/dags/youtube_pipeline.py
[2026-09-05T06:28:52.957+0000] {processor.py:830} INFO - Processing file /opt/airflow/dags/youtube_pipeline.py for tasks to queue
[2026-09-05T06:28:52.959+0000] {logging_mixin.py:188} INFO - [2026-09-05T06:28:52.959+0000] {dagbag.py:545} INFO - Filling up the DagBag from /opt/airflow/dags/youtube_pipeline.py
[2026-09-05T06:28:52.978+0000] {processor.py:840} INFO - DAG(s) 'youtube_english_video_pipeline' retrieved from /opt/airflow/dags/youtube_pipeline.py
[2026-09-05T06:28:53.006+0000] {logging_mixin.py:188} INFO - [2026-09-05T06:28:53.006+0000] {dag.py:3089} INFO - Sync 1 DAGs
[2026-09-05T06:28:53.021+0000] {logging_mixin.py:188} INFO - [2026-09-05T06:28:53.021+0000] {dag.py:3947} INFO - Setting next_dagrun for youtube_english_video_pipeline to 2026-09-04 12:00:00+00:00, run_after=2026-09-05 12:00:00+00:00
[2026-09-05T06:28:53.035+0000] {processor.py:183} INFO - Processing /opt/airflow/dags/youtube_pipeline.py took 0.084 seconds
[2026-09-05T06:29:23.614+0000] {processor.py:161} INFO - Started process (PID=23588) to work on /opt/airflow/dags/youtube_pipeline.py
[2026-09-05T06:29:23.616+0000] {processor.py:830} INFO - Processing file /opt/airflow/dags/youtube_pipeline.py for tasks to queue
[2026-09-05T06:29:23.619+0000] {logging_mixin.py:188} INFO - [2026-09-05T06:29:23.619+0000] {dagbag.py:545} INFO - Filling up the DagBag from /opt/airflow/dags/youtube_pipeline.py
[2026-09-05T06:29:23.695+0000] {processor.py:840} INFO - DAG(s) 'youtube_english_video_pipeline' retrieved from /opt/airflow/dags/youtube_pipeline.py
[2026-09-05T06:29:23.780+0000] {logging_mixin.py:188} INFO - [2026-09-05T06:29:23.780+0000] {dag.py:3089} INFO - Sync 1 DAGs
[2026-09-05T06:29:23.817+0000] {logging_mixin.py:188} INFO - [2026-09-05T06:29:23.817+0000] {dag.py:3947} INFO - Setting next_dagrun for youtube_english_video_pipeline to 2026-09-04 12:00:00+00:00, run_after=2026-09-05 12:00:00+00:00
[2026-09-05T06:29:23.858+0000] {processor.py:183} INFO - Processing /opt/airflow/dags/youtube_pipeline.py took 0.256 seconds
[2026-09-05T06:29:54.183+0000] {processor.py:161} INFO - Started process (PID=23625) to work on /opt/airflow/dags/youtube_pipeline.py
[2026-09-05T06:29:54.185+0000] {processor.py:830} INFO - Processing file /opt/airflow/dags/youtube_pipeline.py for tasks to queue
[2026-09-05T06:29:54.188+0000] {logging_mixin.py:188} INFO - [2026-09-05T06:29:54.187+0000] {dagbag.py:545} INFO - Filling up the DagBag from /opt/airflow/dags/youtube_pipeline.py
[2026-09-05T06:29:54.259+0000] {processor.py:840} INFO - DAG(s) 'youtube_english_video_pipeline' retrieved from /opt/airflow/dags/youtube_pipeline.py
[2026-09-05T06:29:54.323+0000] {logging_mixin.py:188} INFO - [2026-09-05T06:29:54.322+0000] {dag.py:3089} INFO - Sync 1 DAGs
[2026-09-05T06:29:54.386+0000] {processor.py:183} INFO - Processing /opt/airflow/dags/youtube_pipeline.py took 0.213 seconds
[2026-09-05T06:30:24.458+0000] {processor.py:161} INFO - Started process (PID=23641) to work on /opt/airflow/dags/youtube_pipeline.py
[2026-09-05T06:30:24.460+0000] {processor.py:830} INFO - Processing file /opt/airflow/dags/youtube_pipeline.py for tasks to queue
[2026-09-05T06:30:24.463+0000] {logging_mixin.py:188} INFO - [2026-09-05T06:30:24.462+0000] {dagbag.py:545} INFO - Filling up the DagBag from /opt/airflow/dags/youtube_pipeline.py
[2026-09-05T06:30:24.506+0000] {processor.py:840} INFO - DAG(s) 'youtube_english_video_pipeline' retrieved from /opt/airflow/dags/youtube_pipeline.py
[2026-09-05T06:30:24.573+0000] {logging_mixin.py:188} INFO - [2026-09-05T06:30:24.573+0000] {dag.py:3089} INFO - Sync 1 DAGs
[2026-09-05T06:30:24.642+0000] {processor.py:183} INFO - Processing /opt/airflow/dags/youtube_pipeline.py took 0.194 seconds
[2026-09-05T06:30:54.937+0000] {processor.py:161} INFO - Started process (PID=24056) to work on /opt/airflow/dags/youtube_pipeline.py
[2026-09-05T06:30:54.938+0000] {processor.py:830} INFO - Processing file /opt/airflow/dags/youtube_pipeline.py for tasks to queue
[2026-09-05T06:30:54.941+0000] {logging_mixin.py:188} INFO - [2026-09-05T06:30:54.941+0000] {dagbag.py:545} INFO - Filling up the DagBag from /opt/airflow/dags/youtube_pipeline.py
[2026-09-05T06:30:54.982+0000] {processor.py:840} INFO - DAG(s) 'youtube_english_video_pipeline' retrieved from /opt/airflow/dags/youtube_pipeline.py
[2026-09-05T06:30:55.043+0000] {logging_mixin.py:188} INFO - [2026-09-05T06:30:55.042+0000] {dag.py:3089} INFO - Sync 1 DAGs
[2026-09-05T06:30:55.122+0000] {processor.py:183} INFO - Processing /opt/airflow/dags/youtube_pipeline.py took 0.195 seconds
[2026-09-05T06:31:25.411+0000] {processor.py:161} INFO - Started process (PID=24816) to work on /opt/airflow/dags/youtube_pipeline.py
[2026-09-05T06:31:25.413+0000] {processor.py:830} INFO - Processing file /opt/airflow/dags/youtube_pipeline.py for tasks to queue
[2026-09-05T06:31:25.417+0000] {logging_mixin.py:188} INFO - [2026-09-05T06:31:25.416+0000] {dagbag.py:545} INFO - Filling up the DagBag from /opt/airflow/dags/youtube_pipeline.py
[2026-09-05T06:31:25.484+0000] {processor.py:840} INFO - DAG(s) 'youtube_english_video_pipeline' retrieved from /opt/airflow/dags/youtube_pipeline.py
[2026-09-05T06:31:25.557+0000] {logging_mixin.py:188} INFO - [2026-09-05T06:31:25.556+0000] {dag.py:3089} INFO - Sync 1 DAGs
[2026-09-05T06:31:25.616+0000] {processor.py:183} INFO - Processing /opt/airflow/dags/youtube_pipeline.py took 0.216 seconds
[2026-09-05T06:31:55.720+0000] {processor.py:161} INFO - Started process (PID=25576) to work on /opt/airflow/dags/youtube_pipeline.py
[2026-09-05T06:31:55.722+0000] {processor.py:830} INFO - Processing file /opt/airflow/dags/youtube_pipeline.py for tasks to queue
[2026-09-05T06:31:55.725+0000] {logging_mixin.py:188} INFO - [2026-09-05T06:31:55.724+0000] {dagbag.py:545} INFO - Filling up the DagBag from /opt/airflow/dags/youtube_pipeline.py
[2026-09-05T06:31:55.799+0000] {processor.py:840} INFO - DAG(s) 'youtube_english_video_pipeline' retrieved from /opt/airflow/dags/youtube_pipeline.py
[2026-09-05T06:31:55.868+0000] {logging_mixin.py:188} INFO - [2026-09-05T06:31:55.867+0000] {dag.py:3089} INFO - Sync 1 DAGs
[2026-09-05T06:31:55.931+0000] {processor.py:183} INFO - Processing /opt/airflow/dags/youtube_pipeline.py took 0.222 seconds
[2026-09-05T06:32:26.125+0000] {processor.py:161} INFO - Started process (PID=26336) to work on /opt/airflow/dags/youtube_pipeline.py
[2026-09-05T06:32:26.127+0000] {processor.py:830} INFO - Processing file /opt/airflow/dags/youtube_pipeline.py for tasks to queue
[2026-09-05T06:32:26.129+0000] {logging_mixin.py:188} INFO - [2026-09-05T06:32:26.129+0000] {dagbag.py:545} INFO - Filling up the DagBag from /opt/airflow/dags/youtube_pipeline.py
[2026-09-05T06:32:26.190+0000] {processor.py:840} INFO - DAG(s) 'youtube_english_video_pipeline' retrieved from /opt/airflow/dags/youtube_pipeline.py
[2026-09-05T06:32:26.256+0000] {logging_mixin.py:188} INFO - [2026-09-05T06:32:26.255+0000] {dag.py:3089} INFO - Sync 1 DAGs
[2026-09-05T06:32:26.316+0000] {processor.py:183} INFO - Processing /opt/airflow/dags/youtube_pipeline.py took 0.200 seconds
[2026-09-05T06:32:56.489+0000] {processor.py:161} INFO - Started process (PID=26946) to work on /opt/airflow/dags/youtube_pipeline.py
[2026-09-05T06:32:56.492+0000] {processor.py:830} INFO - Processing file /opt/airflow/dags/youtube_pipeline.py for tasks to queue
[2026-09-05T06:32:56.497+0000] {logging_mixin.py:188} INFO - [2026-09-05T06:32:56.496+0000] {dagbag.py:545} INFO - Filling up the DagBag from /opt/airflow/dags/youtube_pipeline.py
[2026-09-05T06:32:56.562+0000] {processor.py:840} INFO - DAG(s) 'youtube_english_video_pipeline' retrieved from /opt/airflow/dags/youtube_pipeline.py
[2026-09-05T06:32:56.626+0000] {logging_mixin.py:188} INFO - [2026-09-05T06:32:56.625+0000] {dag.py:3089} INFO - Sync 1 DAGs
[2026-09-05T06:32:56.684+0000] {processor.py:183} INFO - Processing /opt/airflow/dags/youtube_pipeline.py took 0.210 seconds
[2026-09-05T06:33:26.930+0000] {processor.py:161} INFO - Started process (PID=27029) to work on /opt/airflow/dags/youtube_pipeline.py
[2026-09-05T06:33:26.932+0000] {processor.py:830} INFO - Processing file /opt/airflow/dags/youtube_pipeline.py for tasks to queue
[2026-09-05T06:33:26.937+0000] {logging_mixin.py:188} INFO - [2026-09-05T06:33:26.936+0000] {dagbag.py:545} INFO - Filling up the DagBag from /opt/airflow/dags/youtube_pipeline.py
[2026-09-05T06:33:27.035+0000] {processor.py:840} INFO - DAG(s) 'youtube_english_video_pipeline' retrieved from /opt/airflow/dags/youtube_pipeline.py
[2026-09-05T06:33:27.136+0000] {logging_mixin.py:188} INFO - [2026-09-05T06:33:27.136+0000] {dag.py:3089} INFO - Sync 1 DAGs
[2026-09-05T06:33:27.224+0000] {processor.py:183} INFO - Processing /opt/airflow/dags/youtube_pipeline.py took 0.311 seconds
[2026-09-05T06:33:57.537+0000] {processor.py:161} INFO - Started process (PID=27083) to work on /opt/airflow/dags/youtube_pipeline.py
[2026-09-05T06:33:57.540+0000] {processor.py:830} INFO - Processing file /opt/airflow/dags/youtube_pipeline.py for tasks to queue
[2026-09-05T06:33:57.543+0000] {logging_mixin.py:188} INFO - [2026-09-05T06:33:57.543+0000] {dagbag.py:545} INFO - Filling up the DagBag from /opt/airflow/dags/youtube_pipeline.py
[2026-09-05T06:33:57.608+0000] {processor.py:840} INFO - DAG(s) 'youtube_english_video_pipeline' retrieved from /opt/airflow/dags/youtube_pipeline.py
[2026-09-05T06:33:57.692+0000] {logging_mixin.py:188} INFO - [2026-09-05T06:33:57.691+0000] {dag.py:3089} INFO - Sync 1 DAGs
[2026-09-05T06:33:57.744+0000] {processor.py:183} INFO - Processing /opt/airflow/dags/youtube_pipeline.py took 0.218 seconds
[2026-09-05T06:34:28.018+0000] {processor.py:161} INFO - Started process (PID=27257) to work on /opt/airflow/dags/youtube_pipeline.py
[2026-09-05T06:34:28.020+0000] {processor.py:830} INFO - Processing file /opt/airflow/dags/youtube_pipeline.py for tasks to queue
[2026-09-05T06:34:28.023+0000] {logging_mixin.py:188} INFO - [2026-09-05T06:34:28.022+0000] {dagbag.py:545} INFO - Filling up the DagBag from /opt/airflow/dags/youtube_pipeline.py
[2026-09-05T06:34:28.073+0000] {processor.py:840} INFO - DAG(s) 'youtube_english_video_pipeline' retrieved from /opt/airflow/dags/youtube_pipeline.py
[2026-09-05T06:34:28.154+0000] {logging_mixin.py:188} INFO - [2026-09-05T06:34:28.153+0000] {dag.py:3089} INFO - Sync 1 DAGs
[2026-09-05T06:34:28.230+0000] {processor.py:183} INFO - Processing /opt/airflow/dags/youtube_pipeline.py took 0.224 seconds
[2026-09-05T06:35:23.557+0000] {processor.py:161} INFO - Started process (PID=27368) to work on /opt/airflow/dags/youtube_pipeline.py
[2026-09-05T06:35:23.559+0000] {processor.py:830} INFO - Processing file /opt/airflow/dags/youtube_pipeline.py for tasks to queue
[2026-09-05T06:35:23.563+0000] {logging_mixin.py:188} INFO - [2026-09-05T06:35:23.562+0000] {dagbag.py:545} INFO - Filling up the DagBag from /opt/airflow/dags/youtube_pipeline.py
[2026-09-05T06:35:23.618+0000] {processor.py:840} INFO - DAG(s) 'youtube_english_video_pipeline' retrieved from /opt/airflow/dags/youtube_pipeline.py
[2026-09-05T06:35:23.669+0000] {logging_mixin.py:188} INFO - [2026-09-05T06:35:23.668+0000] {dag.py:3089} INFO - Sync 1 DAGs
[2026-09-05T06:35:23.731+0000] {processor.py:183} INFO - Processing /opt/airflow/dags/youtube_pipeline.py took 0.195 seconds
[2026-09-05T06:35:53.772+0000] {processor.py:161} INFO - Started process (PID=27373) to work on /opt/airflow/dags/youtube_pipeline.py
[2026-09-05T06:35:53.773+0000] {processor.py:830} INFO - Processing file /opt/airflow/dags/youtube_pipeline.py for tasks to queue
[2026-09-05T06:35:53.775+0000] {logging_mixin.py:188} INFO - [2026-09-05T06:35:53.774+0000] {dagbag.py:545} INFO - Filling up the DagBag from /opt/airflow/dags/youtube_pipeline.py
[2026-09-05T06:35:53.795+0000] {processor.py:840} INFO - DAG(s) 'youtube_english_video_pipeline' retrieved from /opt/airflow/dags/youtube_pipeline.py
[2026-09-05T06:35:53.828+0000] {logging_mixin.py:188} INFO - [2026-09-05T06:35:53.828+0000] {dag.py:3089} INFO - Sync 1 DAGs
[2026-09-05T06:35:53.857+0000] {processor.py:183} INFO - Processing /opt/airflow/dags/youtube_pipeline.py took 0.092 seconds
[2026-09-05T06:36:23.896+0000] {processor.py:161} INFO - Started process (PID=27378) to work on /opt/airflow/dags/youtube_pipeline.py
[2026-09-05T06:36:23.897+0000] {processor.py:830} INFO - Processing file /opt/airflow/dags/youtube_pipeline.py for tasks to queue
[2026-09-05T06:36:23.898+0000] {logging_mixin.py:188} INFO - [2026-09-05T06:36:23.898+0000] {dagbag.py:545} INFO - Filling up the DagBag from /opt/airflow/dags/youtube_pipeline.py
[2026-09-05T06:36:23.914+0000] {processor.py:840} INFO - DAG(s) 'youtube_english_video_pipeline' retrieved from /opt/airflow/dags/youtube_pipeline.py
[2026-09-05T06:36:23.941+0000] {logging_mixin.py:188} INFO - [2026-09-05T06:36:23.941+0000] {dag.py:3089} INFO - Sync 1 DAGs
[2026-09-05T06:36:23.964+0000] {processor.py:183} INFO - Processing /opt/airflow/dags/youtube_pipeline.py took 0.072 seconds
[2026-09-05T06:36:54.095+0000] {processor.py:161} INFO - Started process (PID=27383) to work on /opt/airflow/dags/youtube_pipeline.py
[2026-09-05T06:36:54.096+0000] {processor.py:830} INFO - Processing file /opt/airflow/dags/youtube_pipeline.py for tasks to queue
[2026-09-05T06:36:54.098+0000] {logging_mixin.py:188} INFO - [2026-09-05T06:36:54.097+0000] {dagbag.py:545} INFO - Filling up the DagBag from /opt/airflow/dags/youtube_pipeline.py
[2026-09-05T06:36:54.124+0000] {processor.py:840} INFO - DAG(s) 'youtube_english_video_pipeline' retrieved from /opt/airflow/dags/youtube_pipeline.py
[2026-09-05T06:36:54.152+0000] {logging_mixin.py:188} INFO - [2026-09-05T06:36:54.152+0000] {dag.py:3089} INFO - Sync 1 DAGs
[2026-09-05T06:36:54.188+0000] {processor.py:183} INFO - Processing /opt/airflow/dags/youtube_pipeline.py took 0.098 seconds
[2026-09-05T06:37:24.497+0000] {processor.py:161} INFO - Started process (PID=27388) to work on /opt/airflow/dags/youtube_pipeline.py
[2026-09-05T06:37:24.498+0000] {processor.py:830} INFO - Processing file /opt/airflow/dags/youtube_pipeline.py for tasks to queue
[2026-09-05T06:37:24.499+0000] {logging_mixin.py:188} INFO - [2026-09-05T06:37:24.499+0000] {dagbag.py:545} INFO - Filling up the DagBag from /opt/airflow/dags/youtube_pipeline.py
[2026-09-05T06:37:24.518+0000] {processor.py:840} INFO - DAG(s) 'youtube_english_video_pipeline' retrieved from /opt/airflow/dags/youtube_pipeline.py
[2026-09-05T06:37:24.546+0000] {logging_mixin.py:188} INFO - [2026-09-05T06:37:24.546+0000] {dag.py:3089} INFO - Sync 1 DAGs
[2026-09-05T06:37:24.580+0000] {processor.py:183} INFO - Processing /opt/airflow/dags/youtube_pipeline.py took 0.088 seconds
[2026-09-05T06:37:54.814+0000] {processor.py:161} INFO - Started process (PID=27393) to work on /opt/airflow/dags/youtube_pipeline.py
[2026-09-05T06:37:54.816+0000] {processor.py:830} INFO - Processing file /opt/airflow/dags/youtube_pipeline.py for tasks to queue
[2026-09-05T06:37:54.818+0000] {logging_mixin.py:188} INFO - [2026-09-05T06:37:54.818+0000] {dagbag.py:545} INFO - Filling up the DagBag from /opt/airflow/dags/youtube_pipeline.py
[2026-09-05T06:37:54.852+0000] {processor.py:840} INFO - DAG(s) 'youtube_english_video_pipeline' retrieved from /opt/airflow/dags/youtube_pipeline.py
[2026-09-05T06:37:54.880+0000] {logging_mixin.py:188} INFO - [2026-09-05T06:37:54.880+0000] {dag.py:3089} INFO - Sync 1 DAGs
[2026-09-05T06:37:54.907+0000] {processor.py:183} INFO - Processing /opt/airflow/dags/youtube_pipeline.py took 0.099 seconds
[2026-09-05T06:38:25.085+0000] {processor.py:161} INFO - Started process (PID=27398) to work on /opt/airflow/dags/youtube_pipeline.py
[2026-09-05T06:38:25.086+0000] {processor.py:830} INFO - Processing file /opt/airflow/dags/youtube_pipeline.py for tasks to queue
[2026-09-05T06:38:25.088+0000] {logging_mixin.py:188} INFO - [2026-09-05T06:38:25.088+0000] {dagbag.py:545} INFO - Filling up the DagBag from /opt/airflow/dags/youtube_pipeline.py
[2026-09-05T06:38:25.130+0000] {processor.py:840} INFO - DAG(s) 'youtube_english_video_pipeline' retrieved from /opt/airflow/dags/youtube_pipeline.py
[2026-09-05T06:38:25.169+0000] {logging_mixin.py:188} INFO - [2026-09-05T06:38:25.169+0000] {dag.py:3089} INFO - Sync 1 DAGs
[2026-09-05T06:38:25.203+0000] {processor.py:183} INFO - Processing /opt/airflow/dags/youtube_pipeline.py took 0.126 seconds
[2026-09-05T06:38:55.383+0000] {processor.py:161} INFO - Started process (PID=27403) to work on /opt/airflow/dags/youtube_pipeline.py
[2026-09-05T06:38:55.385+0000] {processor.py:830} INFO - Processing file /opt/airflow/dags/youtube_pipeline.py for tasks to queue
[2026-09-05T06:38:55.386+0000] {logging_mixin.py:188} INFO - [2026-09-05T06:38:55.386+0000] {dagbag.py:545} INFO - Filling up the DagBag from /opt/airflow/dags/youtube_pipeline.py
[2026-09-05T06:38:55.406+0000] {processor.py:840} INFO - DAG(s) 'youtube_english_video_pipeline' retrieved from /opt/airflow/dags/youtube_pipeline.py
[2026-09-05T06:38:55.436+0000] {logging_mixin.py:188} INFO - [2026-09-05T06:38:55.435+0000] {dag.py:3089} INFO - Sync 1 DAGs
[2026-09-05T06:38:55.463+0000] {processor.py:183} INFO - Processing /opt/airflow/dags/youtube_pipeline.py took 0.085 seconds
[2026-09-05T06:39:25.662+0000] {processor.py:161} INFO - Started process (PID=27408) to work on /opt/airflow/dags/youtube_pipeline.py
[2026-09-05T06:39:25.663+0000] {processor.py:830} INFO - Processing file /opt/airflow/dags/youtube_pipeline.py for tasks to queue
[2026-09-05T06:39:25.664+0000] {logging_mixin.py:188} INFO - [2026-09-05T06:39:25.664+0000] {dagbag.py:545} INFO - Filling up the DagBag from /opt/airflow/dags/youtube_pipeline.py
[2026-09-05T06:39:25.682+0000] {processor.py:840} INFO - DAG(s) 'youtube_english_video_pipeline' retrieved from /opt/airflow/dags/youtube_pipeline.py
[2026-09-05T06:39:25.711+0000] {logging_mixin.py:188} INFO - [2026-09-05T06:39:25.711+0000] {dag.py:3089} INFO - Sync 1 DAGs
[2026-09-05T06:39:25.736+0000] {processor.py:183} INFO - Processing /opt/airflow/dags/youtube_pipeline.py took 0.079 seconds
[2026-09-05T06:39:55.881+0000] {processor.py:161} INFO - Started process (PID=27415) to work on /opt/airflow/dags/youtube_pipeline.py
[2026-09-05T06:39:55.882+0000] {processor.py:830} INFO - Processing file /opt/airflow/dags/youtube_pipeline.py for tasks to queue
[2026-09-05T06:39:55.883+0000] {logging_mixin.py:188} INFO - [2026-09-05T06:39:55.883+0000] {dagbag.py:545} INFO - Filling up the DagBag from /opt/airflow/dags/youtube_pipeline.py
[2026-09-05T06:39:55.901+0000] {processor.py:840} INFO - DAG(s) 'youtube_english_video_pipeline' retrieved from /opt/airflow/dags/youtube_pipeline.py
[2026-09-05T06:39:55.930+0000] {logging_mixin.py:188} INFO - [2026-09-05T06:39:55.930+0000] {dag.py:3089} INFO - Sync 1 DAGs
[2026-09-05T06:39:55.959+0000] {processor.py:183} INFO - Processing /opt/airflow/dags/youtube_pipeline.py took 0.083 seconds
[2026-09-05T06:40:26.177+0000] {processor.py:161} INFO - Started process (PID=27420) to work on /opt/airflow/dags/youtube_pipeline.py
[2026-09-05T06:40:26.178+0000] {processor.py:830} INFO - Processing file /opt/airflow/dags/youtube_pipeline.py for tasks to queue
[2026-09-05T06:40:26.181+0000] {logging_mixin.py:188} INFO - [2026-09-05T06:40:26.181+0000] {dagbag.py:545} INFO - Filling up the DagBag from /opt/airflow/dags/youtube_pipeline.py
[2026-09-05T06:40:26.215+0000] {processor.py:840} INFO - DAG(s) 'youtube_english_video_pipeline' retrieved from /opt/airflow/dags/youtube_pipeline.py
[2026-09-05T06:40:26.245+0000] {logging_mixin.py:188} INFO - [2026-09-05T06:40:26.245+0000] {dag.py:3089} INFO - Sync 1 DAGs
[2026-09-05T06:40:26.272+0000] {processor.py:183} INFO - Processing /opt/airflow/dags/youtube_pipeline.py took 0.100 seconds
[2026-09-05T06:40:56.420+0000] {processor.py:161} INFO - Started process (PID=27425) to work on /opt/airflow/dags/youtube_pipeline.py
[2026-09-05T06:40:56.421+0000] {processor.py:830} INFO - Processing file /opt/airflow/dags/youtube_pipeline.py for tasks to queue
[2026-09-05T06:40:56.422+0000] {logging_mixin.py:188} INFO - [2026-09-05T06:40:56.422+0000] {dagbag.py:545} INFO - Filling up the DagBag from /opt/airflow/dags/youtube_pipeline.py
[2026-09-05T06:40:56.441+0000] {processor.py:840} INFO - DAG(s) 'youtube_english_video_pipeline' retrieved from /opt/airflow/dags/youtube_pipeline.py
[2026-09-05T06:40:56.469+0000] {logging_mixin.py:188} INFO - [2026-09-05T06:40:56.469+0000] {dag.py:3089} INFO - Sync 1 DAGs
[2026-09-05T06:40:56.498+0000] {processor.py:183} INFO - Processing /opt/airflow/dags/youtube_pipeline.py took 0.083 seconds
[2026-09-05T06:41:26.659+0000] {processor.py:161} INFO - Started process (PID=27430) to work on /opt/airflow/dags/youtube_pipeline.py
[2026-09-05T06:41:26.659+0000] {processor.py:830} INFO - Processing file /opt/airflow/dags/youtube_pipeline.py for tasks to queue
[2026-09-05T06:41:26.661+0000] {logging_mixin.py:188} INFO - [2026-09-05T06:41:26.660+0000] {dagbag.py:545} INFO - Filling up the DagBag from /opt/airflow/dags/youtube_pipeline.py
[2026-09-05T06:41:26.682+0000] {processor.py:840} INFO - DAG(s) 'youtube_english_video_pipeline' retrieved from /opt/airflow/dags/youtube_pipeline.py
[2026-09-05T06:41:26.713+0000] {logging_mixin.py:188} INFO - [2026-09-05T06:41:26.713+0000] {dag.py:3089} INFO - Sync 1 DAGs
[2026-09-05T06:41:26.755+0000] {processor.py:183} INFO - Processing /opt/airflow/dags/youtube_pipeline.py took 0.102 seconds
[2026-09-05T06:41:57.028+0000] {processor.py:161} INFO - Started process (PID=27435) to work on /opt/airflow/dags/youtube_pipeline.py
[2026-09-05T06:41:57.029+0000] {processor.py:830} INFO - Processing file /opt/airflow/dags/youtube_pipeline.py for tasks to queue
[2026-09-05T06:41:57.031+0000] {logging_mixin.py:188} INFO - [2026-09-05T06:41:57.031+0000] {dagbag.py:545} INFO - Filling up the DagBag from /opt/airflow/dags/youtube_pipeline.py
[2026-09-05T06:41:57.135+0000] {processor.py:840} INFO - DAG(s) 'youtube_english_video_pipeline' retrieved from /opt/airflow/dags/youtube_pipeline.py
[2026-09-05T06:41:57.168+0000] {logging_mixin.py:188} INFO - [2026-09-05T06:41:57.167+0000] {dag.py:3089} INFO - Sync 1 DAGs
[2026-09-05T06:41:57.210+0000] {processor.py:183} INFO - Processing /opt/airflow/dags/youtube_pipeline.py took 0.190 seconds
[2026-09-05T06:42:27.437+0000] {processor.py:161} INFO - Started process (PID=27440) to work on /opt/airflow/dags/youtube_pipeline.py
[2026-09-05T06:42:27.438+0000] {processor.py:830} INFO - Processing file /opt/airflow/dags/youtube_pipeline.py for tasks to queue
[2026-09-05T06:42:27.439+0000] {logging_mixin.py:188} INFO - [2026-09-05T06:42:27.439+0000] {dagbag.py:545} INFO - Filling up the DagBag from /opt/airflow/dags/youtube_pipeline.py
[2026-09-05T06:42:27.460+0000] {processor.py:840} INFO - DAG(s) 'youtube_english_video_pipeline' retrieved from /opt/airflow/dags/youtube_pipeline.py
[2026-09-05T06:42:27.490+0000] {logging_mixin.py:188} INFO - [2026-09-05T06:42:27.490+0000] {dag.py:3089} INFO - Sync 1 DAGs
[2026-09-05T06:42:27.528+0000] {processor.py:183} INFO - Processing /opt/airflow/dags/youtube_pipeline.py took 0.096 seconds
[2026-09-05T06:42:57.693+0000] {processor.py:161} INFO - Started process (PID=27445) to work on /opt/airflow/dags/youtube_pipeline.py
[2026-09-05T06:42:57.694+0000] {processor.py:830} INFO - Processing file /opt/airflow/dags/youtube_pipeline.py for tasks to queue
[2026-09-05T06:42:57.696+0000] {logging_mixin.py:188} INFO - [2026-09-05T06:42:57.695+0000] {dagbag.py:545} INFO - Filling up the DagBag from /opt/airflow/dags/youtube_pipeline.py
[2026-09-05T06:42:57.718+0000] {processor.py:840} INFO - DAG(s) 'youtube_english_video_pipeline' retrieved from /opt/airflow/dags/youtube_pipeline.py
[2026-09-05T06:42:57.747+0000] {logging_mixin.py:188} INFO - [2026-09-05T06:42:57.746+0000] {dag.py:3089} INFO - Sync 1 DAGs
[2026-09-05T06:42:57.771+0000] {processor.py:183} INFO - Processing /opt/airflow/dags/youtube_pipeline.py took 0.084 seconds
[2026-09-05T06:43:27.948+0000] {processor.py:161} INFO - Started process (PID=27450) to work on /opt/airflow/dags/youtube_pipeline.py
[2026-09-05T06:43:27.949+0000] {processor.py:830} INFO - Processing file /opt/airflow/dags/youtube_pipeline.py for tasks to queue
[2026-09-05T06:43:27.950+0000] {logging_mixin.py:188} INFO - [2026-09-05T06:43:27.950+0000] {dagbag.py:545} INFO - Filling up the DagBag from /opt/airflow/dags/youtube_pipeline.py
[2026-09-05T06:43:27.972+0000] {processor.py:840} INFO - DAG(s) 'youtube_english_video_pipeline' retrieved from /opt/airflow/dags/youtube_pipeline.py
[2026-09-05T06:43:28.001+0000] {logging_mixin.py:188} INFO - [2026-09-05T06:43:28.000+0000] {dag.py:3089} INFO - Sync 1 DAGs
[2026-09-05T06:43:28.028+0000] {processor.py:183} INFO - Processing /opt/airflow/dags/youtube_pipeline.py took 0.086 seconds
[2026-09-05T06:43:58.210+0000] {processor.py:161} INFO - Started process (PID=27455) to work on /opt/airflow/dags/youtube_pipeline.py
[2026-09-05T06:43:58.210+0000] {processor.py:830} INFO - Processing file /opt/airflow/dags/youtube_pipeline.py for tasks to queue
[2026-09-05T06:43:58.212+0000] {logging_mixin.py:188} INFO - [2026-09-05T06:43:58.211+0000] {dagbag.py:545} INFO - Filling up the DagBag from /opt/airflow/dags/youtube_pipeline.py
[2026-09-05T06:43:58.231+0000] {processor.py:840} INFO - DAG(s) 'youtube_english_video_pipeline' retrieved from /opt/airflow/dags/youtube_pipeline.py
[2026-09-05T06:43:58.259+0000] {logging_mixin.py:188} INFO - [2026-09-05T06:43:58.259+0000] {dag.py:3089} INFO - Sync 1 DAGs
[2026-09-05T06:43:58.287+0000] {processor.py:183} INFO - Processing /opt/airflow/dags/youtube_pipeline.py took 0.083 seconds
[2026-09-05T06:44:28.463+0000] {processor.py:161} INFO - Started process (PID=27460) to work on /opt/airflow/dags/youtube_pipeline.py
[2026-09-05T06:44:28.464+0000] {processor.py:830} INFO - Processing file /opt/airflow/dags/youtube_pipeline.py for tasks to queue
[2026-09-05T06:44:28.465+0000] {logging_mixin.py:188} INFO - [2026-09-05T06:44:28.465+0000] {dagbag.py:545} INFO - Filling up the DagBag from /opt/airflow/dags/youtube_pipeline.py
[2026-09-05T06:44:28.483+0000] {processor.py:840} INFO - DAG(s) 'youtube_english_video_pipeline' retrieved from /opt/airflow/dags/youtube_pipeline.py
[2026-09-05T06:44:28.512+0000] {logging_mixin.py:188} INFO - [2026-09-05T06:44:28.512+0000] {dag.py:3089} INFO - Sync 1 DAGs
[2026-09-05T06:44:28.546+0000] {processor.py:183} INFO - Processing /opt/airflow/dags/youtube_pipeline.py took 0.089 seconds
[2026-09-05T06:44:58.746+0000] {processor.py:161} INFO - Started process (PID=27467) to work on /opt/airflow/dags/youtube_pipeline.py
[2026-09-05T06:44:58.747+0000] {processor.py:830} INFO - Processing file /opt/airflow/dags/youtube_pipeline.py for tasks to queue
[2026-09-05T06:44:58.748+0000] {logging_mixin.py:188} INFO - [2026-09-05T06:44:58.748+0000] {dagbag.py:545} INFO - Filling up the DagBag from /opt/airflow/dags/youtube_pipeline.py
[2026-09-05T06:44:58.766+0000] {processor.py:840} INFO - DAG(s) 'youtube_english_video_pipeline' retrieved from /opt/airflow/dags/youtube_pipeline.py
[2026-09-05T06:44:58.794+0000] {logging_mixin.py:188} INFO - [2026-09-05T06:44:58.794+0000] {dag.py:3089} INFO - Sync 1 DAGs
[2026-09-05T06:44:58.829+0000] {processor.py:183} INFO - Processing /opt/airflow/dags/youtube_pipeline.py took 0.088 seconds
[2026-09-05T06:45:29.057+0000] {processor.py:161} INFO - Started process (PID=27472) to work on /opt/airflow/dags/youtube_pipeline.py
[2026-09-05T06:45:29.058+0000] {processor.py:830} INFO - Processing file /opt/airflow/dags/youtube_pipeline.py for tasks to queue
[2026-09-05T06:45:29.059+0000] {logging_mixin.py:188} INFO - [2026-09-05T06:45:29.059+0000] {dagbag.py:545} INFO - Filling up the DagBag from /opt/airflow/dags/youtube_pipeline.py
[2026-09-05T06:45:29.079+0000] {processor.py:840} INFO - DAG(s) 'youtube_english_video_pipeline' retrieved from /opt/airflow/dags/youtube_pipeline.py
[2026-09-05T06:45:29.110+0000] {logging_mixin.py:188} INFO - [2026-09-05T06:45:29.110+0000] {dag.py:3089} INFO - Sync 1 DAGs
[2026-09-05T06:45:29.124+0000] {logging_mixin.py:188} INFO - [2026-09-05T06:45:29.124+0000] {dag.py:3947} INFO - Setting next_dagrun for youtube_english_video_pipeline to 2026-09-04 12:00:00+00:00, run_after=2026-09-05 12:00:00+00:00
[2026-09-05T06:45:29.141+0000] {processor.py:183} INFO - Processing /opt/airflow/dags/youtube_pipeline.py took 0.089 seconds
[2026-09-05T06:45:59.287+0000] {processor.py:161} INFO - Started process (PID=27477) to work on /opt/airflow/dags/youtube_pipeline.py
[2026-09-05T06:45:59.289+0000] {processor.py:830} INFO - Processing file /opt/airflow/dags/youtube_pipeline.py for tasks to queue
[2026-09-05T06:45:59.291+0000] {logging_mixin.py:188} INFO - [2026-09-05T06:45:59.290+0000] {dagbag.py:545} INFO - Filling up the DagBag from /opt/airflow/dags/youtube_pipeline.py
[2026-09-05T06:45:59.326+0000] {processor.py:840} INFO - DAG(s) 'youtube_english_video_pipeline' retrieved from /opt/airflow/dags/youtube_pipeline.py
[2026-09-05T06:45:59.354+0000] {logging_mixin.py:188} INFO - [2026-09-05T06:45:59.354+0000] {dag.py:3089} INFO - Sync 1 DAGs
[2026-09-05T06:45:59.369+0000] {logging_mixin.py:188} INFO - [2026-09-05T06:45:59.369+0000] {dag.py:3947} INFO - Setting next_dagrun for youtube_english_video_pipeline to 2026-09-04 12:00:00+00:00, run_after=2026-09-05 12:00:00+00:00
[2026-09-05T06:45:59.385+0000] {processor.py:183} INFO - Processing /opt/airflow/dags/youtube_pipeline.py took 0.104 seconds
[2026-09-05T06:46:29.578+0000] {processor.py:161} INFO - Started process (PID=27482) to work on /opt/airflow/dags/youtube_pipeline.py
[2026-09-05T06:46:29.579+0000] {processor.py:830} INFO - Processing file /opt/airflow/dags/youtube_pipeline.py for tasks to queue
[2026-09-05T06:46:29.580+0000] {logging_mixin.py:188} INFO - [2026-09-05T06:46:29.580+0000] {dagbag.py:545} INFO - Filling up the DagBag from /opt/airflow/dags/youtube_pipeline.py
[2026-09-05T06:46:29.599+0000] {processor.py:840} INFO - DAG(s) 'youtube_english_video_pipeline' retrieved from /opt/airflow/dags/youtube_pipeline.py
[2026-09-05T06:46:29.637+0000] {logging_mixin.py:188} INFO - [2026-09-05T06:46:29.637+0000] {dag.py:3089} INFO - Sync 1 DAGs
[2026-09-05T06:46:29.652+0000] {logging_mixin.py:188} INFO - [2026-09-05T06:46:29.652+0000] {dag.py:3947} INFO - Setting next_dagrun for youtube_english_video_pipeline to 2026-09-04 12:00:00+00:00, run_after=2026-09-05 12:00:00+00:00
[2026-09-05T06:46:29.665+0000] {processor.py:183} INFO - Processing /opt/airflow/dags/youtube_pipeline.py took 0.092 seconds
[2026-09-05T06:46:59.865+0000] {processor.py:161} INFO - Started process (PID=27487) to work on /opt/airflow/dags/youtube_pipeline.py
[2026-09-05T06:46:59.865+0000] {processor.py:830} INFO - Processing file /opt/airflow/dags/youtube_pipeline.py for tasks to queue
[2026-09-05T06:46:59.867+0000] {logging_mixin.py:188} INFO - [2026-09-05T06:46:59.867+0000] {dagbag.py:545} INFO - Filling up the DagBag from /opt/airflow/dags/youtube_pipeline.py
[2026-09-05T06:46:59.887+0000] {processor.py:840} INFO - DAG(s) 'youtube_english_video_pipeline' retrieved from /opt/airflow/dags/youtube_pipeline.py
[2026-09-05T06:46:59.918+0000] {logging_mixin.py:188} INFO - [2026-09-05T06:46:59.918+0000] {dag.py:3089} INFO - Sync 1 DAGs
[2026-09-05T06:46:59.933+0000] {logging_mixin.py:188} INFO - [2026-09-05T06:46:59.932+0000] {dag.py:3947} INFO - Setting next_dagrun for youtube_english_video_pipeline to 2026-09-04 12:00:00+00:00, run_after=2026-09-05 12:00:00+00:00
[2026-09-05T06:46:59.955+0000] {processor.py:183} INFO - Processing /opt/airflow/dags/youtube_pipeline.py took 0.096 seconds
[2026-09-05T06:47:30.125+0000] {processor.py:161} INFO - Started process (PID=27492) to work on /opt/airflow/dags/youtube_pipeline.py
[2026-09-05T06:47:30.126+0000] {processor.py:830} INFO - Processing file /opt/airflow/dags/youtube_pipeline.py for tasks to queue
[2026-09-05T06:47:30.128+0000] {logging_mixin.py:188} INFO - [2026-09-05T06:47:30.127+0000] {dagbag.py:545} INFO - Filling up the DagBag from /opt/airflow/dags/youtube_pipeline.py
[2026-09-05T06:47:30.146+0000] {processor.py:840} INFO - DAG(s) 'youtube_english_video_pipeline' retrieved from /opt/airflow/dags/youtube_pipeline.py
[2026-09-05T06:47:30.175+0000] {logging_mixin.py:188} INFO - [2026-09-05T06:47:30.175+0000] {dag.py:3089} INFO - Sync 1 DAGs
[2026-09-05T06:47:30.189+0000] {logging_mixin.py:188} INFO - [2026-09-05T06:47:30.189+0000] {dag.py:3947} INFO - Setting next_dagrun for youtube_english_video_pipeline to 2026-09-04 12:00:00+00:00, run_after=2026-09-05 12:00:00+00:00
[2026-09-05T06:47:30.212+0000] {processor.py:183} INFO - Processing /opt/airflow/dags/youtube_pipeline.py took 0.092 seconds
[2026-09-05T06:48:00.418+0000] {processor.py:161} INFO - Started process (PID=27497) to work on /opt/airflow/dags/youtube_pipeline.py
[2026-09-05T06:48:00.418+0000] {processor.py:830} INFO - Processing file /opt/airflow/dags/youtube_pipeline.py for tasks to queue
[2026-09-05T06:48:00.420+0000] {logging_mixin.py:188} INFO - [2026-09-05T06:48:00.419+0000] {dagbag.py:545} INFO - Filling up the DagBag from /opt/airflow/dags/youtube_pipeline.py
[2026-09-05T06:48:00.439+0000] {processor.py:840} INFO - DAG(s) 'youtube_english_video_pipeline' retrieved from /opt/airflow/dags/youtube_pipeline.py
[2026-09-05T06:48:00.467+0000] {logging_mixin.py:188} INFO - [2026-09-05T06:48:00.467+0000] {dag.py:3089} INFO - Sync 1 DAGs
[2026-09-05T06:48:00.481+0000] {logging_mixin.py:188} INFO - [2026-09-05T06:48:00.481+0000] {dag.py:3947} INFO - Setting next_dagrun for youtube_english_video_pipeline to 2026-09-04 12:00:00+00:00, run_after=2026-09-05 12:00:00+00:00
[2026-09-05T06:48:00.504+0000] {processor.py:183} INFO - Processing /opt/airflow/dags/youtube_pipeline.py took 0.092 seconds
[2026-09-05T06:48:30.699+0000] {processor.py:161} INFO - Started process (PID=27502) to work on /opt/airflow/dags/youtube_pipeline.py
[2026-09-05T06:48:30.700+0000] {processor.py:830} INFO - Processing file /opt/airflow/dags/youtube_pipeline.py for tasks to queue
[2026-09-05T06:48:30.701+0000] {logging_mixin.py:188} INFO - [2026-09-05T06:48:30.701+0000] {dagbag.py:545} INFO - Filling up the DagBag from /opt/airflow/dags/youtube_pipeline.py
[2026-09-05T06:48:30.726+0000] {processor.py:840} INFO - DAG(s) 'youtube_english_video_pipeline' retrieved from /opt/airflow/dags/youtube_pipeline.py
[2026-09-05T06:48:30.758+0000] {logging_mixin.py:188} INFO - [2026-09-05T06:48:30.758+0000] {dag.py:3089} INFO - Sync 1 DAGs
[2026-09-05T06:48:30.772+0000] {logging_mixin.py:188} INFO - [2026-09-05T06:48:30.772+0000] {dag.py:3947} INFO - Setting next_dagrun for youtube_english_video_pipeline to 2026-09-04 12:00:00+00:00, run_after=2026-09-05 12:00:00+00:00
[2026-09-05T06:48:30.787+0000] {processor.py:183} INFO - Processing /opt/airflow/dags/youtube_pipeline.py took 0.094 seconds
[2026-09-05T06:49:01.027+0000] {processor.py:161} INFO - Started process (PID=27507) to work on /opt/airflow/dags/youtube_pipeline.py
[2026-09-05T06:49:01.028+0000] {processor.py:830} INFO - Processing file /opt/airflow/dags/youtube_pipeline.py for tasks to queue
[2026-09-05T06:49:01.031+0000] {logging_mixin.py:188} INFO - [2026-09-05T06:49:01.031+0000] {dagbag.py:545} INFO - Filling up the DagBag from /opt/airflow/dags/youtube_pipeline.py
[2026-09-05T06:49:01.057+0000] {processor.py:840} INFO - DAG(s) 'youtube_english_video_pipeline' retrieved from /opt/airflow/dags/youtube_pipeline.py
[2026-09-05T06:49:01.091+0000] {logging_mixin.py:188} INFO - [2026-09-05T06:49:01.091+0000] {dag.py:3089} INFO - Sync 1 DAGs
[2026-09-05T06:49:01.108+0000] {logging_mixin.py:188} INFO - [2026-09-05T06:49:01.107+0000] {dag.py:3947} INFO - Setting next_dagrun for youtube_english_video_pipeline to 2026-09-04 12:00:00+00:00, run_after=2026-09-05 12:00:00+00:00
[2026-09-05T06:49:01.124+0000] {processor.py:183} INFO - Processing /opt/airflow/dags/youtube_pipeline.py took 0.105 seconds
[2026-09-05T06:49:31.388+0000] {processor.py:161} INFO - Started process (PID=27512) to work on /opt/airflow/dags/youtube_pipeline.py
[2026-09-05T06:49:31.390+0000] {processor.py:830} INFO - Processing file /opt/airflow/dags/youtube_pipeline.py for tasks to queue
[2026-09-05T06:49:31.392+0000] {logging_mixin.py:188} INFO - [2026-09-05T06:49:31.391+0000] {dagbag.py:545} INFO - Filling up the DagBag from /opt/airflow/dags/youtube_pipeline.py
[2026-09-05T06:49:31.489+0000] {processor.py:840} INFO - DAG(s) 'youtube_english_video_pipeline' retrieved from /opt/airflow/dags/youtube_pipeline.py
[2026-09-05T06:49:31.518+0000] {logging_mixin.py:188} INFO - [2026-09-05T06:49:31.518+0000] {dag.py:3089} INFO - Sync 1 DAGs
[2026-09-05T06:49:31.532+0000] {logging_mixin.py:188} INFO - [2026-09-05T06:49:31.532+0000] {dag.py:3947} INFO - Setting next_dagrun for youtube_english_video_pipeline to 2026-09-04 12:00:00+00:00, run_after=2026-09-05 12:00:00+00:00
[2026-09-05T06:49:31.550+0000] {processor.py:183} INFO - Processing /opt/airflow/dags/youtube_pipeline.py took 0.167 seconds
[2026-09-05T06:50:01.686+0000] {processor.py:161} INFO - Started process (PID=27517) to work on /opt/airflow/dags/youtube_pipeline.py
[2026-09-05T06:50:01.687+0000] {processor.py:830} INFO - Processing file /opt/airflow/dags/youtube_pipeline.py for tasks to queue
[2026-09-05T06:50:01.689+0000] {logging_mixin.py:188} INFO - [2026-09-05T06:50:01.689+0000] {dagbag.py:545} INFO - Filling up the DagBag from /opt/airflow/dags/youtube_pipeline.py
[2026-09-05T06:50:01.711+0000] {processor.py:840} INFO - DAG(s) 'youtube_english_video_pipeline' retrieved from /opt/airflow/dags/youtube_pipeline.py
[2026-09-05T06:50:01.743+0000] {logging_mixin.py:188} INFO - [2026-09-05T06:50:01.743+0000] {dag.py:3089} INFO - Sync 1 DAGs
[2026-09-05T06:50:01.759+0000] {logging_mixin.py:188} INFO - [2026-09-05T06:50:01.759+0000] {dag.py:3947} INFO - Setting next_dagrun for youtube_english_video_pipeline to 2026-09-04 12:00:00+00:00, run_after=2026-09-05 12:00:00+00:00
[2026-09-05T06:50:01.775+0000] {processor.py:183} INFO - Processing /opt/airflow/dags/youtube_pipeline.py took 0.094 seconds
[2026-09-05T06:50:31.953+0000] {processor.py:161} INFO - Started process (PID=27522) to work on /opt/airflow/dags/youtube_pipeline.py
[2026-09-05T06:50:31.954+0000] {processor.py:830} INFO - Processing file /opt/airflow/dags/youtube_pipeline.py for tasks to queue
[2026-09-05T06:50:31.956+0000] {logging_mixin.py:188} INFO - [2026-09-05T06:50:31.955+0000] {dagbag.py:545} INFO - Filling up the DagBag from /opt/airflow/dags/youtube_pipeline.py
[2026-09-05T06:50:31.976+0000] {processor.py:840} INFO - DAG(s) 'youtube_english_video_pipeline' retrieved from /opt/airflow/dags/youtube_pipeline.py
[2026-09-05T06:50:32.004+0000] {logging_mixin.py:188} INFO - [2026-09-05T06:50:32.004+0000] {dag.py:3089} INFO - Sync 1 DAGs
[2026-09-05T06:50:32.018+0000] {logging_mixin.py:188} INFO - [2026-09-05T06:50:32.018+0000] {dag.py:3947} INFO - Setting next_dagrun for youtube_english_video_pipeline to 2026-09-04 12:00:00+00:00, run_after=2026-09-05 12:00:00+00:00
[2026-09-05T06:50:32.030+0000] {processor.py:183} INFO - Processing /opt/airflow/dags/youtube_pipeline.py took 0.082 seconds
[2026-09-05T06:51:02.197+0000] {processor.py:161} INFO - Started process (PID=27527) to work on /opt/airflow/dags/youtube_pipeline.py
[2026-09-05T06:51:02.198+0000] {processor.py:830} INFO - Processing file /opt/airflow/dags/youtube_pipeline.py for tasks to queue
[2026-09-05T06:51:02.199+0000] {logging_mixin.py:188} INFO - [2026-09-05T06:51:02.199+0000] {dagbag.py:545} INFO - Filling up the DagBag from /opt/airflow/dags/youtube_pipeline.py
[2026-09-05T06:51:02.222+0000] {processor.py:840} INFO - DAG(s) 'youtube_english_video_pipeline' retrieved from /opt/airflow/dags/youtube_pipeline.py
[2026-09-05T06:51:02.250+0000] {logging_mixin.py:188} INFO - [2026-09-05T06:51:02.249+0000] {dag.py:3089} INFO - Sync 1 DAGs
[2026-09-05T06:51:02.263+0000] {logging_mixin.py:188} INFO - [2026-09-05T06:51:02.263+0000] {dag.py:3947} INFO - Setting next_dagrun for youtube_english_video_pipeline to 2026-09-04 12:00:00+00:00, run_after=2026-09-05 12:00:00+00:00
[2026-09-05T06:51:02.277+0000] {processor.py:183} INFO - Processing /opt/airflow/dags/youtube_pipeline.py took 0.086 seconds
[2026-09-05T06:51:32.443+0000] {processor.py:161} INFO - Started process (PID=27532) to work on /opt/airflow/dags/youtube_pipeline.py
[2026-09-05T06:51:32.446+0000] {processor.py:830} INFO - Processing file /opt/airflow/dags/youtube_pipeline.py for tasks to queue
[2026-09-05T06:51:32.447+0000] {logging_mixin.py:188} INFO - [2026-09-05T06:51:32.447+0000] {dagbag.py:545} INFO - Filling up the DagBag from /opt/airflow/dags/youtube_pipeline.py
[2026-09-05T06:51:32.469+0000] {processor.py:840} INFO - DAG(s) 'youtube_english_video_pipeline' retrieved from /opt/airflow/dags/youtube_pipeline.py
[2026-09-05T06:51:32.501+0000] {logging_mixin.py:188} INFO - [2026-09-05T06:51:32.501+0000] {dag.py:3089} INFO - Sync 1 DAGs
[2026-09-05T06:51:32.526+0000] {logging_mixin.py:188} INFO - [2026-09-05T06:51:32.526+0000] {dag.py:3947} INFO - Setting next_dagrun for youtube_english_video_pipeline to 2026-09-04 12:00:00+00:00, run_after=2026-09-05 12:00:00+00:00
[2026-09-05T06:51:32.540+0000] {processor.py:183} INFO - Processing /opt/airflow/dags/youtube_pipeline.py took 0.102 seconds
[2026-09-05T06:52:02.850+0000] {processor.py:161} INFO - Started process (PID=27537) to work on /opt/airflow/dags/youtube_pipeline.py
[2026-09-05T06:52:02.851+0000] {processor.py:830} INFO - Processing file /opt/airflow/dags/youtube_pipeline.py for tasks to queue
[2026-09-05T06:52:02.853+0000] {logging_mixin.py:188} INFO - [2026-09-05T06:52:02.852+0000] {dagbag.py:545} INFO - Filling up the DagBag from /opt/airflow/dags/youtube_pipeline.py
[2026-09-05T06:52:02.902+0000] {processor.py:840} INFO - DAG(s) 'youtube_english_video_pipeline' retrieved from /opt/airflow/dags/youtube_pipeline.py
[2026-09-05T06:52:02.939+0000] {logging_mixin.py:188} INFO - [2026-09-05T06:52:02.939+0000] {dag.py:3089} INFO - Sync 1 DAGs
[2026-09-05T06:52:02.959+0000] {logging_mixin.py:188} INFO - [2026-09-05T06:52:02.959+0000] {dag.py:3947} INFO - Setting next_dagrun for youtube_english_video_pipeline to 2026-09-04 12:00:00+00:00, run_after=2026-09-05 12:00:00+00:00
[2026-09-05T06:52:02.974+0000] {processor.py:183} INFO - Processing /opt/airflow/dags/youtube_pipeline.py took 0.129 seconds
[2026-09-05T06:52:33.062+0000] {processor.py:161} INFO - Started process (PID=27542) to work on /opt/airflow/dags/youtube_pipeline.py
[2026-09-05T06:52:33.063+0000] {processor.py:830} INFO - Processing file /opt/airflow/dags/youtube_pipeline.py for tasks to queue
[2026-09-05T06:52:33.064+0000] {logging_mixin.py:188} INFO - [2026-09-05T06:52:33.064+0000] {dagbag.py:545} INFO - Filling up the DagBag from /opt/airflow/dags/youtube_pipeline.py
[2026-09-05T06:52:33.089+0000] {processor.py:840} INFO - DAG(s) 'youtube_english_video_pipeline' retrieved from /opt/airflow/dags/youtube_pipeline.py
[2026-09-05T06:52:33.121+0000] {logging_mixin.py:188} INFO - [2026-09-05T06:52:33.120+0000] {dag.py:3089} INFO - Sync 1 DAGs
[2026-09-05T06:52:33.135+0000] {logging_mixin.py:188} INFO - [2026-09-05T06:52:33.134+0000] {dag.py:3947} INFO - Setting next_dagrun for youtube_english_video_pipeline to 2026-09-04 12:00:00+00:00, run_after=2026-09-05 12:00:00+00:00
[2026-09-05T06:52:33.148+0000] {processor.py:183} INFO - Processing /opt/airflow/dags/youtube_pipeline.py took 0.091 seconds
[2026-09-05T06:53:03.403+0000] {processor.py:161} INFO - Started process (PID=27547) to work on /opt/airflow/dags/youtube_pipeline.py
[2026-09-05T06:53:03.404+0000] {processor.py:830} INFO - Processing file /opt/airflow/dags/youtube_pipeline.py for tasks to queue
[2026-09-05T06:53:03.406+0000] {logging_mixin.py:188} INFO - [2026-09-05T06:53:03.405+0000] {dagbag.py:545} INFO - Filling up the DagBag from /opt/airflow/dags/youtube_pipeline.py
[2026-09-05T06:53:03.425+0000] {processor.py:840} INFO - DAG(s) 'youtube_english_video_pipeline' retrieved from /opt/airflow/dags/youtube_pipeline.py
[2026-09-05T06:53:03.454+0000] {logging_mixin.py:188} INFO - [2026-09-05T06:53:03.454+0000] {dag.py:3089} INFO - Sync 1 DAGs
[2026-09-05T06:53:03.468+0000] {logging_mixin.py:188} INFO - [2026-09-05T06:53:03.468+0000] {dag.py:3947} INFO - Setting next_dagrun for youtube_english_video_pipeline to 2026-09-04 12:00:00+00:00, run_after=2026-09-05 12:00:00+00:00
[2026-09-05T06:53:03.484+0000] {processor.py:183} INFO - Processing /opt/airflow/dags/youtube_pipeline.py took 0.085 seconds
[2026-09-05T06:53:33.617+0000] {processor.py:161} INFO - Started process (PID=27552) to work on /opt/airflow/dags/youtube_pipeline.py
[2026-09-05T06:53:33.618+0000] {processor.py:830} INFO - Processing file /opt/airflow/dags/youtube_pipeline.py for tasks to queue
[2026-09-05T06:53:33.620+0000] {logging_mixin.py:188} INFO - [2026-09-05T06:53:33.619+0000] {dagbag.py:545} INFO - Filling up the DagBag from /opt/airflow/dags/youtube_pipeline.py
[2026-09-05T06:53:33.645+0000] {processor.py:840} INFO - DAG(s) 'youtube_english_video_pipeline' retrieved from /opt/airflow/dags/youtube_pipeline.py
[2026-09-05T06:53:33.674+0000] {logging_mixin.py:188} INFO - [2026-09-05T06:53:33.674+0000] {dag.py:3089} INFO - Sync 1 DAGs
[2026-09-05T06:53:33.689+0000] {logging_mixin.py:188} INFO - [2026-09-05T06:53:33.688+0000] {dag.py:3947} INFO - Setting next_dagrun for youtube_english_video_pipeline to 2026-09-04 12:00:00+00:00, run_after=2026-09-05 12:00:00+00:00
[2026-09-05T06:53:33.704+0000] {processor.py:183} INFO - Processing /opt/airflow/dags/youtube_pipeline.py took 0.092 seconds
[2026-09-05T06:54:03.965+0000] {processor.py:161} INFO - Started process (PID=27557) to work on /opt/airflow/dags/youtube_pipeline.py
[2026-09-05T06:54:03.966+0000] {processor.py:830} INFO - Processing file /opt/airflow/dags/youtube_pipeline.py for tasks to queue
[2026-09-05T06:54:03.968+0000] {logging_mixin.py:188} INFO - [2026-09-05T06:54:03.967+0000] {dagbag.py:545} INFO - Filling up the DagBag from /opt/airflow/dags/youtube_pipeline.py
[2026-09-05T06:54:04.001+0000] {processor.py:840} INFO - DAG(s) 'youtube_english_video_pipeline' retrieved from /opt/airflow/dags/youtube_pipeline.py
[2026-09-05T06:54:04.029+0000] {logging_mixin.py:188} INFO - [2026-09-05T06:54:04.029+0000] {dag.py:3089} INFO - Sync 1 DAGs
[2026-09-05T06:54:04.044+0000] {logging_mixin.py:188} INFO - [2026-09-05T06:54:04.044+0000] {dag.py:3947} INFO - Setting next_dagrun for youtube_english_video_pipeline to 2026-09-04 12:00:00+00:00, run_after=2026-09-05 12:00:00+00:00
[2026-09-05T06:54:04.060+0000] {processor.py:183} INFO - Processing /opt/airflow/dags/youtube_pipeline.py took 0.102 seconds
[2026-09-05T06:54:34.160+0000] {processor.py:161} INFO - Started process (PID=27562) to work on /opt/airflow/dags/youtube_pipeline.py
[2026-09-05T06:54:34.161+0000] {processor.py:830} INFO - Processing file /opt/airflow/dags/youtube_pipeline.py for tasks to queue
[2026-09-05T06:54:34.162+0000] {logging_mixin.py:188} INFO - [2026-09-05T06:54:34.162+0000] {dagbag.py:545} INFO - Filling up the DagBag from /opt/airflow/dags/youtube_pipeline.py
[2026-09-05T06:54:34.181+0000] {processor.py:840} INFO - DAG(s) 'youtube_english_video_pipeline' retrieved from /opt/airflow/dags/youtube_pipeline.py
[2026-09-05T06:54:34.211+0000] {logging_mixin.py:188} INFO - [2026-09-05T06:54:34.211+0000] {dag.py:3089} INFO - Sync 1 DAGs
[2026-09-05T06:54:34.224+0000] {logging_mixin.py:188} INFO - [2026-09-05T06:54:34.224+0000] {dag.py:3947} INFO - Setting next_dagrun for youtube_english_video_pipeline to 2026-09-04 12:00:00+00:00, run_after=2026-09-05 12:00:00+00:00
[2026-09-05T06:54:34.239+0000] {processor.py:183} INFO - Processing /opt/airflow/dags/youtube_pipeline.py took 0.084 seconds
[2026-09-05T06:55:04.525+0000] {processor.py:161} INFO - Started process (PID=27567) to work on /opt/airflow/dags/youtube_pipeline.py
[2026-09-05T06:55:04.526+0000] {processor.py:830} INFO - Processing file /opt/airflow/dags/youtube_pipeline.py for tasks to queue
[2026-09-05T06:55:04.527+0000] {logging_mixin.py:188} INFO - [2026-09-05T06:55:04.527+0000] {dagbag.py:545} INFO - Filling up the DagBag from /opt/airflow/dags/youtube_pipeline.py
[2026-09-05T06:55:04.547+0000] {processor.py:840} INFO - DAG(s) 'youtube_english_video_pipeline' retrieved from /opt/airflow/dags/youtube_pipeline.py
[2026-09-05T06:55:04.575+0000] {logging_mixin.py:188} INFO - [2026-09-05T06:55:04.574+0000] {dag.py:3089} INFO - Sync 1 DAGs
[2026-09-05T06:55:04.589+0000] {logging_mixin.py:188} INFO - [2026-09-05T06:55:04.588+0000] {dag.py:3947} INFO - Setting next_dagrun for youtube_english_video_pipeline to 2026-09-04 12:00:00+00:00, run_after=2026-09-05 12:00:00+00:00
[2026-09-05T06:55:04.603+0000] {processor.py:183} INFO - Processing /opt/airflow/dags/youtube_pipeline.py took 0.083 seconds
[2026-09-05T06:55:34.745+0000] {processor.py:161} INFO - Started process (PID=27572) to work on /opt/airflow/dags/youtube_pipeline.py
[2026-09-05T06:55:34.747+0000] {processor.py:830} INFO - Processing file /opt/airflow/dags/youtube_pipeline.py for tasks to queue
[2026-09-05T06:55:34.749+0000] {logging_mixin.py:188} INFO - [2026-09-05T06:55:34.748+0000] {dagbag.py:545} INFO - Filling up the DagBag from /opt/airflow/dags/youtube_pipeline.py
[2026-09-05T06:55:34.767+0000] {processor.py:840} INFO - DAG(s) 'youtube_english_video_pipeline' retrieved from /opt/airflow/dags/youtube_pipeline.py
[2026-09-05T06:55:34.796+0000] {logging_mixin.py:188} INFO - [2026-09-05T06:55:34.795+0000] {dag.py:3089} INFO - Sync 1 DAGs
[2026-09-05T06:55:34.809+0000] {logging_mixin.py:188} INFO - [2026-09-05T06:55:34.809+0000] {dag.py:3947} INFO - Setting next_dagrun for youtube_english_video_pipeline to 2026-09-04 12:00:00+00:00, run_after=2026-09-05 12:00:00+00:00
[2026-09-05T06:55:34.824+0000] {processor.py:183} INFO - Processing /opt/airflow/dags/youtube_pipeline.py took 0.084 seconds
[2026-09-05T06:56:05.096+0000] {processor.py:161} INFO - Started process (PID=27577) to work on /opt/airflow/dags/youtube_pipeline.py
[2026-09-05T06:56:05.097+0000] {processor.py:830} INFO - Processing file /opt/airflow/dags/youtube_pipeline.py for tasks to queue
[2026-09-05T06:56:05.099+0000] {logging_mixin.py:188} INFO - [2026-09-05T06:56:05.098+0000] {dagbag.py:545} INFO - Filling up the DagBag from /opt/airflow/dags/youtube_pipeline.py
[2026-09-05T06:56:05.121+0000] {processor.py:840} INFO - DAG(s) 'youtube_english_video_pipeline' retrieved from /opt/airflow/dags/youtube_pipeline.py
[2026-09-05T06:56:05.150+0000] {logging_mixin.py:188} INFO - [2026-09-05T06:56:05.150+0000] {dag.py:3089} INFO - Sync 1 DAGs
[2026-09-05T06:56:05.165+0000] {logging_mixin.py:188} INFO - [2026-09-05T06:56:05.165+0000] {dag.py:3947} INFO - Setting next_dagrun for youtube_english_video_pipeline to 2026-09-04 12:00:00+00:00, run_after=2026-09-05 12:00:00+00:00
[2026-09-05T06:56:05.181+0000] {processor.py:183} INFO - Processing /opt/airflow/dags/youtube_pipeline.py took 0.089 seconds
[2026-09-05T06:56:35.361+0000] {processor.py:161} INFO - Started process (PID=27582) to work on /opt/airflow/dags/youtube_pipeline.py
[2026-09-05T06:56:35.362+0000] {processor.py:830} INFO - Processing file /opt/airflow/dags/youtube_pipeline.py for tasks to queue
[2026-09-05T06:56:35.363+0000] {logging_mixin.py:188} INFO - [2026-09-05T06:56:35.363+0000] {dagbag.py:545} INFO - Filling up the DagBag from /opt/airflow/dags/youtube_pipeline.py
[2026-09-05T06:56:35.384+0000] {processor.py:840} INFO - DAG(s) 'youtube_english_video_pipeline' retrieved from /opt/airflow/dags/youtube_pipeline.py
[2026-09-05T06:56:35.416+0000] {logging_mixin.py:188} INFO - [2026-09-05T06:56:35.415+0000] {dag.py:3089} INFO - Sync 1 DAGs
[2026-09-05T06:56:35.430+0000] {logging_mixin.py:188} INFO - [2026-09-05T06:56:35.430+0000] {dag.py:3947} INFO - Setting next_dagrun for youtube_english_video_pipeline to 2026-09-04 12:00:00+00:00, run_after=2026-09-05 12:00:00+00:00
[2026-09-05T06:56:35.443+0000] {processor.py:183} INFO - Processing /opt/airflow/dags/youtube_pipeline.py took 0.087 seconds
[2026-09-05T06:57:05.886+0000] {processor.py:161} INFO - Started process (PID=27587) to work on /opt/airflow/dags/youtube_pipeline.py
[2026-09-05T06:57:05.887+0000] {processor.py:830} INFO - Processing file /opt/airflow/dags/youtube_pipeline.py for tasks to queue
[2026-09-05T06:57:05.889+0000] {logging_mixin.py:188} INFO - [2026-09-05T06:57:05.889+0000] {dagbag.py:545} INFO - Filling up the DagBag from /opt/airflow/dags/youtube_pipeline.py
[2026-09-05T06:57:05.928+0000] {processor.py:840} INFO - DAG(s) 'youtube_english_video_pipeline' retrieved from /opt/airflow/dags/youtube_pipeline.py
[2026-09-05T06:57:05.959+0000] {logging_mixin.py:188} INFO - [2026-09-05T06:57:05.959+0000] {dag.py:3089} INFO - Sync 1 DAGs
[2026-09-05T06:57:05.977+0000] {logging_mixin.py:188} INFO - [2026-09-05T06:57:05.977+0000] {dag.py:3947} INFO - Setting next_dagrun for youtube_english_video_pipeline to 2026-09-04 12:00:00+00:00, run_after=2026-09-05 12:00:00+00:00
[2026-09-05T06:57:05.992+0000] {processor.py:183} INFO - Processing /opt/airflow/dags/youtube_pipeline.py took 0.112 seconds
[2026-09-05T06:57:36.106+0000] {processor.py:161} INFO - Started process (PID=27592) to work on /opt/airflow/dags/youtube_pipeline.py
[2026-09-05T06:57:36.107+0000] {processor.py:830} INFO - Processing file /opt/airflow/dags/youtube_pipeline.py for tasks to queue
[2026-09-05T06:57:36.109+0000] {logging_mixin.py:188} INFO - [2026-09-05T06:57:36.109+0000] {dagbag.py:545} INFO - Filling up the DagBag from /opt/airflow/dags/youtube_pipeline.py
[2026-09-05T06:57:36.149+0000] {processor.py:840} INFO - DAG(s) 'youtube_english_video_pipeline' retrieved from /opt/airflow/dags/youtube_pipeline.py
[2026-09-05T06:57:36.180+0000] {logging_mixin.py:188} INFO - [2026-09-05T06:57:36.180+0000] {dag.py:3089} INFO - Sync 1 DAGs
[2026-09-05T06:57:36.196+0000] {logging_mixin.py:188} INFO - [2026-09-05T06:57:36.195+0000] {dag.py:3947} INFO - Setting next_dagrun for youtube_english_video_pipeline to 2026-09-04 12:00:00+00:00, run_after=2026-09-05 12:00:00+00:00
[2026-09-05T06:57:36.216+0000] {processor.py:183} INFO - Processing /opt/airflow/dags/youtube_pipeline.py took 0.115 seconds
[2026-09-05T06:58:06.387+0000] {processor.py:161} INFO - Started process (PID=27597) to work on /opt/airflow/dags/youtube_pipeline.py
[2026-09-05T06:58:06.389+0000] {processor.py:830} INFO - Processing file /opt/airflow/dags/youtube_pipeline.py for tasks to queue
[2026-09-05T06:58:06.393+0000] {logging_mixin.py:188} INFO - [2026-09-05T06:58:06.392+0000] {dagbag.py:545} INFO - Filling up the DagBag from /opt/airflow/dags/youtube_pipeline.py
[2026-09-05T06:58:06.446+0000] {processor.py:840} INFO - DAG(s) 'youtube_english_video_pipeline' retrieved from /opt/airflow/dags/youtube_pipeline.py
[2026-09-05T06:58:06.497+0000] {logging_mixin.py:188} INFO - [2026-09-05T06:58:06.497+0000] {dag.py:3089} INFO - Sync 1 DAGs
[2026-09-05T06:58:06.535+0000] {logging_mixin.py:188} INFO - [2026-09-05T06:58:06.535+0000] {dag.py:3947} INFO - Setting next_dagrun for youtube_english_video_pipeline to 2026-09-04 12:00:00+00:00, run_after=2026-09-05 12:00:00+00:00
[2026-09-05T06:58:06.562+0000] {processor.py:183} INFO - Processing /opt/airflow/dags/youtube_pipeline.py took 0.188 seconds
[2026-09-05T06:58:36.782+0000] {processor.py:161} INFO - Started process (PID=27602) to work on /opt/airflow/dags/youtube_pipeline.py
[2026-09-05T06:58:36.783+0000] {processor.py:830} INFO - Processing file /opt/airflow/dags/youtube_pipeline.py for tasks to queue
[2026-09-05T06:58:36.785+0000] {logging_mixin.py:188} INFO - [2026-09-05T06:58:36.785+0000] {dagbag.py:545} INFO - Filling up the DagBag from /opt/airflow/dags/youtube_pipeline.py
[2026-09-05T06:58:36.816+0000] {processor.py:840} INFO - DAG(s) 'youtube_english_video_pipeline' retrieved from /opt/airflow/dags/youtube_pipeline.py
[2026-09-05T06:58:36.851+0000] {logging_mixin.py:188} INFO - [2026-09-05T06:58:36.851+0000] {dag.py:3089} INFO - Sync 1 DAGs
[2026-09-05T06:58:36.866+0000] {logging_mixin.py:188} INFO - [2026-09-05T06:58:36.866+0000] {dag.py:3947} INFO - Setting next_dagrun for youtube_english_video_pipeline to 2026-09-04 12:00:00+00:00, run_after=2026-09-05 12:00:00+00:00
[2026-09-05T06:58:36.883+0000] {processor.py:183} INFO - Processing /opt/airflow/dags/youtube_pipeline.py took 0.107 seconds
[2026-09-05T06:59:07.069+0000] {processor.py:161} INFO - Started process (PID=27607) to work on /opt/airflow/dags/youtube_pipeline.py
[2026-09-05T06:59:07.070+0000] {processor.py:830} INFO - Processing file /opt/airflow/dags/youtube_pipeline.py for tasks to queue
[2026-09-05T06:59:07.071+0000] {logging_mixin.py:188} INFO - [2026-09-05T06:59:07.071+0000] {dagbag.py:545} INFO - Filling up the DagBag from /opt/airflow/dags/youtube_pipeline.py
[2026-09-05T06:59:07.092+0000] {processor.py:840} INFO - DAG(s) 'youtube_english_video_pipeline' retrieved from /opt/airflow/dags/youtube_pipeline.py
[2026-09-05T06:59:07.120+0000] {logging_mixin.py:188} INFO - [2026-09-05T06:59:07.120+0000] {dag.py:3089} INFO - Sync 1 DAGs
[2026-09-05T06:59:07.134+0000] {logging_mixin.py:188} INFO - [2026-09-05T06:59:07.134+0000] {dag.py:3947} INFO - Setting next_dagrun for youtube_english_video_pipeline to 2026-09-04 12:00:00+00:00, run_after=2026-09-05 12:00:00+00:00
[2026-09-05T06:59:07.147+0000] {processor.py:183} INFO - Processing /opt/airflow/dags/youtube_pipeline.py took 0.083 seconds
[2026-09-05T06:59:37.331+0000] {processor.py:161} INFO - Started process (PID=27612) to work on /opt/airflow/dags/youtube_pipeline.py
[2026-09-05T06:59:37.333+0000] {processor.py:830} INFO - Processing file /opt/airflow/dags/youtube_pipeline.py for tasks to queue
[2026-09-05T06:59:37.336+0000] {logging_mixin.py:188} INFO - [2026-09-05T06:59:37.336+0000] {dagbag.py:545} INFO - Filling up the DagBag from /opt/airflow/dags/youtube_pipeline.py
[2026-09-05T06:59:37.375+0000] {processor.py:840} INFO - DAG(s) 'youtube_english_video_pipeline' retrieved from /opt/airflow/dags/youtube_pipeline.py
[2026-09-05T06:59:37.419+0000] {logging_mixin.py:188} INFO - [2026-09-05T06:59:37.419+0000] {dag.py:3089} INFO - Sync 1 DAGs
[2026-09-05T06:59:37.433+0000] {logging_mixin.py:188} INFO - [2026-09-05T06:59:37.433+0000] {dag.py:3947} INFO - Setting next_dagrun for youtube_english_video_pipeline to 2026-09-04 12:00:00+00:00, run_after=2026-09-05 12:00:00+00:00
[2026-09-05T06:59:37.450+0000] {processor.py:183} INFO - Processing /opt/airflow/dags/youtube_pipeline.py took 0.125 seconds
[2026-09-05T07:00:07.564+0000] {processor.py:161} INFO - Started process (PID=27617) to work on /opt/airflow/dags/youtube_pipeline.py
[2026-09-05T07:00:07.565+0000] {processor.py:830} INFO - Processing file /opt/airflow/dags/youtube_pipeline.py for tasks to queue
[2026-09-05T07:00:07.566+0000] {logging_mixin.py:188} INFO - [2026-09-05T07:00:07.566+0000] {dagbag.py:545} INFO - Filling up the DagBag from /opt/airflow/dags/youtube_pipeline.py
[2026-09-05T07:00:07.586+0000] {processor.py:840} INFO - DAG(s) 'youtube_english_video_pipeline' retrieved from /opt/airflow/dags/youtube_pipeline.py
[2026-09-05T07:00:07.617+0000] {logging_mixin.py:188} INFO - [2026-09-05T07:00:07.616+0000] {dag.py:3089} INFO - Sync 1 DAGs
[2026-09-05T07:00:07.631+0000] {logging_mixin.py:188} INFO - [2026-09-05T07:00:07.631+0000] {dag.py:3947} INFO - Setting next_dagrun for youtube_english_video_pipeline to 2026-09-04 12:00:00+00:00, run_after=2026-09-05 12:00:00+00:00
[2026-09-05T07:00:07.649+0000] {processor.py:183} INFO - Processing /opt/airflow/dags/youtube_pipeline.py took 0.090 seconds
[2026-09-05T07:00:37.907+0000] {processor.py:161} INFO - Started process (PID=27622) to work on /opt/airflow/dags/youtube_pipeline.py
[2026-09-05T07:00:37.910+0000] {processor.py:830} INFO - Processing file /opt/airflow/dags/youtube_pipeline.py for tasks to queue
[2026-09-05T07:00:37.911+0000] {logging_mixin.py:188} INFO - [2026-09-05T07:00:37.911+0000] {dagbag.py:545} INFO - Filling up the DagBag from /opt/airflow/dags/youtube_pipeline.py
[2026-09-05T07:00:37.942+0000] {processor.py:840} INFO - DAG(s) 'youtube_english_video_pipeline' retrieved from /opt/airflow/dags/youtube_pipeline.py
[2026-09-05T07:00:37.971+0000] {logging_mixin.py:188} INFO - [2026-09-05T07:00:37.971+0000] {dag.py:3089} INFO - Sync 1 DAGs
[2026-09-05T07:00:37.987+0000] {logging_mixin.py:188} INFO - [2026-09-05T07:00:37.987+0000] {dag.py:3947} INFO - Setting next_dagrun for youtube_english_video_pipeline to 2026-09-04 12:00:00+00:00, run_after=2026-09-05 12:00:00+00:00
[2026-09-05T07:00:38.001+0000] {processor.py:183} INFO - Processing /opt/airflow/dags/youtube_pipeline.py took 0.099 seconds
[2026-09-05T07:01:08.144+0000] {processor.py:161} INFO - Started process (PID=27627) to work on /opt/airflow/dags/youtube_pipeline.py
[2026-09-05T07:01:08.145+0000] {processor.py:830} INFO - Processing file /opt/airflow/dags/youtube_pipeline.py for tasks to queue
[2026-09-05T07:01:08.147+0000] {logging_mixin.py:188} INFO - [2026-09-05T07:01:08.147+0000] {dagbag.py:545} INFO - Filling up the DagBag from /opt/airflow/dags/youtube_pipeline.py
[2026-09-05T07:01:08.168+0000] {processor.py:840} INFO - DAG(s) 'youtube_english_video_pipeline' retrieved from /opt/airflow/dags/youtube_pipeline.py
[2026-09-05T07:01:08.200+0000] {logging_mixin.py:188} INFO - [2026-09-05T07:01:08.200+0000] {dag.py:3089} INFO - Sync 1 DAGs
[2026-09-05T07:01:08.215+0000] {logging_mixin.py:188} INFO - [2026-09-05T07:01:08.215+0000] {dag.py:3947} INFO - Setting next_dagrun for youtube_english_video_pipeline to 2026-09-04 12:00:00+00:00, run_after=2026-09-05 12:00:00+00:00
[2026-09-05T07:01:08.230+0000] {processor.py:183} INFO - Processing /opt/airflow/dags/youtube_pipeline.py took 0.091 seconds
[2026-09-05T07:01:38.445+0000] {processor.py:161} INFO - Started process (PID=27632) to work on /opt/airflow/dags/youtube_pipeline.py
[2026-09-05T07:01:38.446+0000] {processor.py:830} INFO - Processing file /opt/airflow/dags/youtube_pipeline.py for tasks to queue
[2026-09-05T07:01:38.447+0000] {logging_mixin.py:188} INFO - [2026-09-05T07:01:38.447+0000] {dagbag.py:545} INFO - Filling up the DagBag from /opt/airflow/dags/youtube_pipeline.py
[2026-09-05T07:01:38.467+0000] {processor.py:840} INFO - DAG(s) 'youtube_english_video_pipeline' retrieved from /opt/airflow/dags/youtube_pipeline.py
[2026-09-05T07:01:38.499+0000] {logging_mixin.py:188} INFO - [2026-09-05T07:01:38.499+0000] {dag.py:3089} INFO - Sync 1 DAGs
[2026-09-05T07:01:38.516+0000] {logging_mixin.py:188} INFO - [2026-09-05T07:01:38.516+0000] {dag.py:3947} INFO - Setting next_dagrun for youtube_english_video_pipeline to 2026-09-04 12:00:00+00:00, run_after=2026-09-05 12:00:00+00:00
[2026-09-05T07:01:38.535+0000] {processor.py:183} INFO - Processing /opt/airflow/dags/youtube_pipeline.py took 0.095 seconds
[2026-09-05T07:02:08.645+0000] {processor.py:161} INFO - Started process (PID=27637) to work on /opt/airflow/dags/youtube_pipeline.py
[2026-09-05T07:02:08.646+0000] {processor.py:830} INFO - Processing file /opt/airflow/dags/youtube_pipeline.py for tasks to queue
[2026-09-05T07:02:08.648+0000] {logging_mixin.py:188} INFO - [2026-09-05T07:02:08.648+0000] {dagbag.py:545} INFO - Filling up the DagBag from /opt/airflow/dags/youtube_pipeline.py
[2026-09-05T07:02:08.667+0000] {processor.py:840} INFO - DAG(s) 'youtube_english_video_pipeline' retrieved from /opt/airflow/dags/youtube_pipeline.py
[2026-09-05T07:02:08.699+0000] {logging_mixin.py:188} INFO - [2026-09-05T07:02:08.699+0000] {dag.py:3089} INFO - Sync 1 DAGs
[2026-09-05T07:02:08.714+0000] {logging_mixin.py:188} INFO - [2026-09-05T07:02:08.714+0000] {dag.py:3947} INFO - Setting next_dagrun for youtube_english_video_pipeline to 2026-09-04 12:00:00+00:00, run_after=2026-09-05 12:00:00+00:00
[2026-09-05T07:02:08.729+0000] {processor.py:183} INFO - Processing /opt/airflow/dags/youtube_pipeline.py took 0.089 seconds
[2026-09-05T07:02:38.873+0000] {processor.py:161} INFO - Started process (PID=27642) to work on /opt/airflow/dags/youtube_pipeline.py
[2026-09-05T07:02:38.873+0000] {processor.py:830} INFO - Processing file /opt/airflow/dags/youtube_pipeline.py for tasks to queue
[2026-09-05T07:02:38.875+0000] {logging_mixin.py:188} INFO - [2026-09-05T07:02:38.875+0000] {dagbag.py:545} INFO - Filling up the DagBag from /opt/airflow/dags/youtube_pipeline.py
[2026-09-05T07:02:38.894+0000] {processor.py:840} INFO - DAG(s) 'youtube_english_video_pipeline' retrieved from /opt/airflow/dags/youtube_pipeline.py
[2026-09-05T07:02:38.922+0000] {logging_mixin.py:188} INFO - [2026-09-05T07:02:38.922+0000] {dag.py:3089} INFO - Sync 1 DAGs
[2026-09-05T07:02:38.936+0000] {logging_mixin.py:188} INFO - [2026-09-05T07:02:38.936+0000] {dag.py:3947} INFO - Setting next_dagrun for youtube_english_video_pipeline to 2026-09-04 12:00:00+00:00, run_after=2026-09-05 12:00:00+00:00
[2026-09-05T07:02:38.959+0000] {processor.py:183} INFO - Processing /opt/airflow/dags/youtube_pipeline.py took 0.091 seconds
[2026-09-05T07:03:09.151+0000] {processor.py:161} INFO - Started process (PID=27647) to work on /opt/airflow/dags/youtube_pipeline.py
[2026-09-05T07:03:09.152+0000] {processor.py:830} INFO - Processing file /opt/airflow/dags/youtube_pipeline.py for tasks to queue
[2026-09-05T07:03:09.153+0000] {logging_mixin.py:188} INFO - [2026-09-05T07:03:09.153+0000] {dagbag.py:545} INFO - Filling up the DagBag from /opt/airflow/dags/youtube_pipeline.py
[2026-09-05T07:03:09.172+0000] {processor.py:840} INFO - DAG(s) 'youtube_english_video_pipeline' retrieved from /opt/airflow/dags/youtube_pipeline.py
[2026-09-05T07:03:09.200+0000] {logging_mixin.py:188} INFO - [2026-09-05T07:03:09.200+0000] {dag.py:3089} INFO - Sync 1 DAGs
[2026-09-05T07:03:09.213+0000] {logging_mixin.py:188} INFO - [2026-09-05T07:03:09.213+0000] {dag.py:3947} INFO - Setting next_dagrun for youtube_english_video_pipeline to 2026-09-04 12:00:00+00:00, run_after=2026-09-05 12:00:00+00:00
[2026-09-05T07:03:09.235+0000] {processor.py:183} INFO - Processing /opt/airflow/dags/youtube_pipeline.py took 0.088 seconds
[2026-09-05T07:03:39.393+0000] {processor.py:161} INFO - Started process (PID=27652) to work on /opt/airflow/dags/youtube_pipeline.py
[2026-09-05T07:03:39.394+0000] {processor.py:830} INFO - Processing file /opt/airflow/dags/youtube_pipeline.py for tasks to queue
[2026-09-05T07:03:39.396+0000] {logging_mixin.py:188} INFO - [2026-09-05T07:03:39.396+0000] {dagbag.py:545} INFO - Filling up the DagBag from /opt/airflow/dags/youtube_pipeline.py
[2026-09-05T07:03:39.425+0000] {processor.py:840} INFO - DAG(s) 'youtube_english_video_pipeline' retrieved from /opt/airflow/dags/youtube_pipeline.py
[2026-09-05T07:03:39.460+0000] {logging_mixin.py:188} INFO - [2026-09-05T07:03:39.460+0000] {dag.py:3089} INFO - Sync 1 DAGs
[2026-09-05T07:03:39.479+0000] {logging_mixin.py:188} INFO - [2026-09-05T07:03:39.478+0000] {dag.py:3947} INFO - Setting next_dagrun for youtube_english_video_pipeline to 2026-09-04 12:00:00+00:00, run_after=2026-09-05 12:00:00+00:00
[2026-09-05T07:03:39.496+0000] {processor.py:183} INFO - Processing /opt/airflow/dags/youtube_pipeline.py took 0.111 seconds
[2026-09-05T07:04:09.633+0000] {processor.py:161} INFO - Started process (PID=27657) to work on /opt/airflow/dags/youtube_pipeline.py
[2026-09-05T07:04:09.634+0000] {processor.py:830} INFO - Processing file /opt/airflow/dags/youtube_pipeline.py for tasks to queue
[2026-09-05T07:04:09.636+0000] {logging_mixin.py:188} INFO - [2026-09-05T07:04:09.636+0000] {dagbag.py:545} INFO - Filling up the DagBag from /opt/airflow/dags/youtube_pipeline.py
[2026-09-05T07:04:09.659+0000] {processor.py:840} INFO - DAG(s) 'youtube_english_video_pipeline' retrieved from /opt/airflow/dags/youtube_pipeline.py
[2026-09-05T07:04:09.692+0000] {logging_mixin.py:188} INFO - [2026-09-05T07:04:09.692+0000] {dag.py:3089} INFO - Sync 1 DAGs
[2026-09-05T07:04:09.727+0000] {logging_mixin.py:188} INFO - [2026-09-05T07:04:09.726+0000] {dag.py:3947} INFO - Setting next_dagrun for youtube_english_video_pipeline to 2026-09-04 12:00:00+00:00, run_after=2026-09-05 12:00:00+00:00
[2026-09-05T07:04:09.746+0000] {processor.py:183} INFO - Processing /opt/airflow/dags/youtube_pipeline.py took 0.119 seconds
[2026-09-05T07:04:39.954+0000] {processor.py:161} INFO - Started process (PID=27662) to work on /opt/airflow/dags/youtube_pipeline.py
[2026-09-05T07:04:39.957+0000] {processor.py:830} INFO - Processing file /opt/airflow/dags/youtube_pipeline.py for tasks to queue
[2026-09-05T07:04:39.959+0000] {logging_mixin.py:188} INFO - [2026-09-05T07:04:39.958+0000] {dagbag.py:545} INFO - Filling up the DagBag from /opt/airflow/dags/youtube_pipeline.py
[2026-09-05T07:04:39.999+0000] {processor.py:840} INFO - DAG(s) 'youtube_english_video_pipeline' retrieved from /opt/airflow/dags/youtube_pipeline.py
[2026-09-05T07:04:40.050+0000] {logging_mixin.py:188} INFO - [2026-09-05T07:04:40.050+0000] {dag.py:3089} INFO - Sync 1 DAGs
[2026-09-05T07:04:40.068+0000] {logging_mixin.py:188} INFO - [2026-09-05T07:04:40.068+0000] {dag.py:3947} INFO - Setting next_dagrun for youtube_english_video_pipeline to 2026-09-04 12:00:00+00:00, run_after=2026-09-05 12:00:00+00:00
[2026-09-05T07:04:40.084+0000] {processor.py:183} INFO - Processing /opt/airflow/dags/youtube_pipeline.py took 0.136 seconds
[2026-09-05T07:05:10.220+0000] {processor.py:161} INFO - Started process (PID=27667) to work on /opt/airflow/dags/youtube_pipeline.py
[2026-09-05T07:05:10.222+0000] {processor.py:830} INFO - Processing file /opt/airflow/dags/youtube_pipeline.py for tasks to queue
[2026-09-05T07:05:10.224+0000] {logging_mixin.py:188} INFO - [2026-09-05T07:05:10.224+0000] {dagbag.py:545} INFO - Filling up the DagBag from /opt/airflow/dags/youtube_pipeline.py
[2026-09-05T07:05:10.263+0000] {processor.py:840} INFO - DAG(s) 'youtube_english_video_pipeline' retrieved from /opt/airflow/dags/youtube_pipeline.py
[2026-09-05T07:05:10.296+0000] {logging_mixin.py:188} INFO - [2026-09-05T07:05:10.296+0000] {dag.py:3089} INFO - Sync 1 DAGs
[2026-09-05T07:05:10.311+0000] {logging_mixin.py:188} INFO - [2026-09-05T07:05:10.311+0000] {dag.py:3947} INFO - Setting next_dagrun for youtube_english_video_pipeline to 2026-09-04 12:00:00+00:00, run_after=2026-09-05 12:00:00+00:00
[2026-09-05T07:05:10.337+0000] {processor.py:183} INFO - Processing /opt/airflow/dags/youtube_pipeline.py took 0.125 seconds
[2026-09-05T07:05:40.633+0000] {processor.py:161} INFO - Started process (PID=27672) to work on /opt/airflow/dags/youtube_pipeline.py
[2026-09-05T07:05:40.636+0000] {processor.py:830} INFO - Processing file /opt/airflow/dags/youtube_pipeline.py for tasks to queue
[2026-09-05T07:05:40.638+0000] {logging_mixin.py:188} INFO - [2026-09-05T07:05:40.638+0000] {dagbag.py:545} INFO - Filling up the DagBag from /opt/airflow/dags/youtube_pipeline.py
[2026-09-05T07:05:40.683+0000] {processor.py:840} INFO - DAG(s) 'youtube_english_video_pipeline' retrieved from /opt/airflow/dags/youtube_pipeline.py
[2026-09-05T07:05:40.712+0000] {logging_mixin.py:188} INFO - [2026-09-05T07:05:40.712+0000] {dag.py:3089} INFO - Sync 1 DAGs
[2026-09-05T07:05:40.726+0000] {logging_mixin.py:188} INFO - [2026-09-05T07:05:40.726+0000] {dag.py:3947} INFO - Setting next_dagrun for youtube_english_video_pipeline to 2026-09-04 12:00:00+00:00, run_after=2026-09-05 12:00:00+00:00
[2026-09-05T07:05:40.742+0000] {processor.py:183} INFO - Processing /opt/airflow/dags/youtube_pipeline.py took 0.116 seconds
[2026-09-05T07:06:10.864+0000] {processor.py:161} INFO - Started process (PID=27677) to work on /opt/airflow/dags/youtube_pipeline.py
[2026-09-05T07:06:10.865+0000] {processor.py:830} INFO - Processing file /opt/airflow/dags/youtube_pipeline.py for tasks to queue
[2026-09-05T07:06:10.867+0000] {logging_mixin.py:188} INFO - [2026-09-05T07:06:10.866+0000] {dagbag.py:545} INFO - Filling up the DagBag from /opt/airflow/dags/youtube_pipeline.py
[2026-09-05T07:06:10.912+0000] {processor.py:840} INFO - DAG(s) 'youtube_english_video_pipeline' retrieved from /opt/airflow/dags/youtube_pipeline.py
[2026-09-05T07:06:10.975+0000] {logging_mixin.py:188} INFO - [2026-09-05T07:06:10.975+0000] {dag.py:3089} INFO - Sync 1 DAGs
[2026-09-05T07:06:11.014+0000] {logging_mixin.py:188} INFO - [2026-09-05T07:06:11.014+0000] {dag.py:3947} INFO - Setting next_dagrun for youtube_english_video_pipeline to 2026-09-04 12:00:00+00:00, run_after=2026-09-05 12:00:00+00:00
[2026-09-05T07:06:11.049+0000] {processor.py:183} INFO - Processing /opt/airflow/dags/youtube_pipeline.py took 0.191 seconds
[2026-09-05T07:06:41.165+0000] {processor.py:161} INFO - Started process (PID=27682) to work on /opt/airflow/dags/youtube_pipeline.py
[2026-09-05T07:06:41.166+0000] {processor.py:830} INFO - Processing file /opt/airflow/dags/youtube_pipeline.py for tasks to queue
[2026-09-05T07:06:41.168+0000] {logging_mixin.py:188} INFO - [2026-09-05T07:06:41.167+0000] {dagbag.py:545} INFO - Filling up the DagBag from /opt/airflow/dags/youtube_pipeline.py
[2026-09-05T07:06:41.192+0000] {processor.py:840} INFO - DAG(s) 'youtube_english_video_pipeline' retrieved from /opt/airflow/dags/youtube_pipeline.py
[2026-09-05T07:06:41.231+0000] {logging_mixin.py:188} INFO - [2026-09-05T07:06:41.231+0000] {dag.py:3089} INFO - Sync 1 DAGs
[2026-09-05T07:06:41.248+0000] {logging_mixin.py:188} INFO - [2026-09-05T07:06:41.248+0000] {dag.py:3947} INFO - Setting next_dagrun for youtube_english_video_pipeline to 2026-09-04 12:00:00+00:00, run_after=2026-09-05 12:00:00+00:00
[2026-09-05T07:06:41.265+0000] {processor.py:183} INFO - Processing /opt/airflow/dags/youtube_pipeline.py took 0.106 seconds
[2026-09-05T07:07:11.497+0000] {processor.py:161} INFO - Started process (PID=27687) to work on /opt/airflow/dags/youtube_pipeline.py
[2026-09-05T07:07:11.498+0000] {processor.py:830} INFO - Processing file /opt/airflow/dags/youtube_pipeline.py for tasks to queue
[2026-09-05T07:07:11.500+0000] {logging_mixin.py:188} INFO - [2026-09-05T07:07:11.500+0000] {dagbag.py:545} INFO - Filling up the DagBag from /opt/airflow/dags/youtube_pipeline.py
[2026-09-05T07:07:11.531+0000] {processor.py:840} INFO - DAG(s) 'youtube_english_video_pipeline' retrieved from /opt/airflow/dags/youtube_pipeline.py
[2026-09-05T07:07:11.560+0000] {logging_mixin.py:188} INFO - [2026-09-05T07:07:11.560+0000] {dag.py:3089} INFO - Sync 1 DAGs
[2026-09-05T07:07:11.576+0000] {logging_mixin.py:188} INFO - [2026-09-05T07:07:11.576+0000] {dag.py:3947} INFO - Setting next_dagrun for youtube_english_video_pipeline to 2026-09-04 12:00:00+00:00, run_after=2026-09-05 12:00:00+00:00
[2026-09-05T07:07:11.590+0000] {processor.py:183} INFO - Processing /opt/airflow/dags/youtube_pipeline.py took 0.098 seconds
[2026-09-05T07:07:41.706+0000] {processor.py:161} INFO - Started process (PID=27692) to work on /opt/airflow/dags/youtube_pipeline.py
[2026-09-05T07:07:41.707+0000] {processor.py:830} INFO - Processing file /opt/airflow/dags/youtube_pipeline.py for tasks to queue
[2026-09-05T07:07:41.709+0000] {logging_mixin.py:188} INFO - [2026-09-05T07:07:41.708+0000] {dagbag.py:545} INFO - Filling up the DagBag from /opt/airflow/dags/youtube_pipeline.py
[2026-09-05T07:07:41.727+0000] {processor.py:840} INFO - DAG(s) 'youtube_english_video_pipeline' retrieved from /opt/airflow/dags/youtube_pipeline.py
[2026-09-05T07:07:41.755+0000] {logging_mixin.py:188} INFO - [2026-09-05T07:07:41.755+0000] {dag.py:3089} INFO - Sync 1 DAGs
[2026-09-05T07:07:41.769+0000] {logging_mixin.py:188} INFO - [2026-09-05T07:07:41.769+0000] {dag.py:3947} INFO - Setting next_dagrun for youtube_english_video_pipeline to 2026-09-04 12:00:00+00:00, run_after=2026-09-05 12:00:00+00:00
[2026-09-05T07:07:41.784+0000] {processor.py:183} INFO - Processing /opt/airflow/dags/youtube_pipeline.py took 0.083 seconds
[2026-09-05T07:08:11.979+0000] {processor.py:161} INFO - Started process (PID=27697) to work on /opt/airflow/dags/youtube_pipeline.py
[2026-09-05T07:08:11.981+0000] {processor.py:830} INFO - Processing file /opt/airflow/dags/youtube_pipeline.py for tasks to queue
[2026-09-05T07:08:11.983+0000] {logging_mixin.py:188} INFO - [2026-09-05T07:08:11.983+0000] {dagbag.py:545} INFO - Filling up the DagBag from /opt/airflow/dags/youtube_pipeline.py
[2026-09-05T07:08:12.045+0000] {processor.py:840} INFO - DAG(s) 'youtube_english_video_pipeline' retrieved from /opt/airflow/dags/youtube_pipeline.py
[2026-09-05T07:08:12.077+0000] {logging_mixin.py:188} INFO - [2026-09-05T07:08:12.077+0000] {dag.py:3089} INFO - Sync 1 DAGs
[2026-09-05T07:08:12.104+0000] {logging_mixin.py:188} INFO - [2026-09-05T07:08:12.103+0000] {dag.py:3947} INFO - Setting next_dagrun for youtube_english_video_pipeline to 2026-09-04 12:00:00+00:00, run_after=2026-09-05 12:00:00+00:00
[2026-09-05T07:08:12.136+0000] {processor.py:183} INFO - Processing /opt/airflow/dags/youtube_pipeline.py took 0.164 seconds
[2026-09-05T07:08:42.357+0000] {processor.py:161} INFO - Started process (PID=27702) to work on /opt/airflow/dags/youtube_pipeline.py
[2026-09-05T07:08:42.358+0000] {processor.py:830} INFO - Processing file /opt/airflow/dags/youtube_pipeline.py for tasks to queue
[2026-09-05T07:08:42.360+0000] {logging_mixin.py:188} INFO - [2026-09-05T07:08:42.359+0000] {dagbag.py:545} INFO - Filling up the DagBag from /opt/airflow/dags/youtube_pipeline.py
[2026-09-05T07:08:42.382+0000] {processor.py:840} INFO - DAG(s) 'youtube_english_video_pipeline' retrieved from /opt/airflow/dags/youtube_pipeline.py
[2026-09-05T07:08:42.414+0000] {logging_mixin.py:188} INFO - [2026-09-05T07:08:42.414+0000] {dag.py:3089} INFO - Sync 1 DAGs
[2026-09-05T07:08:42.431+0000] {logging_mixin.py:188} INFO - [2026-09-05T07:08:42.431+0000] {dag.py:3947} INFO - Setting next_dagrun for youtube_english_video_pipeline to 2026-09-04 12:00:00+00:00, run_after=2026-09-05 12:00:00+00:00
[2026-09-05T07:08:42.447+0000] {processor.py:183} INFO - Processing /opt/airflow/dags/youtube_pipeline.py took 0.096 seconds
[2026-09-05T07:09:12.596+0000] {processor.py:161} INFO - Started process (PID=27707) to work on /opt/airflow/dags/youtube_pipeline.py
[2026-09-05T07:09:12.597+0000] {processor.py:830} INFO - Processing file /opt/airflow/dags/youtube_pipeline.py for tasks to queue
[2026-09-05T07:09:12.598+0000] {logging_mixin.py:188} INFO - [2026-09-05T07:09:12.598+0000] {dagbag.py:545} INFO - Filling up the DagBag from /opt/airflow/dags/youtube_pipeline.py
[2026-09-05T07:09:12.627+0000] {processor.py:840} INFO - DAG(s) 'youtube_english_video_pipeline' retrieved from /opt/airflow/dags/youtube_pipeline.py
[2026-09-05T07:09:12.659+0000] {logging_mixin.py:188} INFO - [2026-09-05T07:09:12.659+0000] {dag.py:3089} INFO - Sync 1 DAGs
[2026-09-05T07:09:12.674+0000] {logging_mixin.py:188} INFO - [2026-09-05T07:09:12.674+0000] {dag.py:3947} INFO - Setting next_dagrun for youtube_english_video_pipeline to 2026-09-04 12:00:00+00:00, run_after=2026-09-05 12:00:00+00:00
[2026-09-05T07:09:12.689+0000] {processor.py:183} INFO - Processing /opt/airflow/dags/youtube_pipeline.py took 0.100 seconds
[2026-09-05T07:09:42.912+0000] {processor.py:161} INFO - Started process (PID=27712) to work on /opt/airflow/dags/youtube_pipeline.py
[2026-09-05T07:09:42.913+0000] {processor.py:830} INFO - Processing file /opt/airflow/dags/youtube_pipeline.py for tasks to queue
[2026-09-05T07:09:42.915+0000] {logging_mixin.py:188} INFO - [2026-09-05T07:09:42.915+0000] {dagbag.py:545} INFO - Filling up the DagBag from /opt/airflow/dags/youtube_pipeline.py
[2026-09-05T07:09:42.954+0000] {processor.py:840} INFO - DAG(s) 'youtube_english_video_pipeline' retrieved from /opt/airflow/dags/youtube_pipeline.py
[2026-09-05T07:09:42.985+0000] {logging_mixin.py:188} INFO - [2026-09-05T07:09:42.985+0000] {dag.py:3089} INFO - Sync 1 DAGs
[2026-09-05T07:09:43.002+0000] {logging_mixin.py:188} INFO - [2026-09-05T07:09:43.002+0000] {dag.py:3947} INFO - Setting next_dagrun for youtube_english_video_pipeline to 2026-09-04 12:00:00+00:00, run_after=2026-09-05 12:00:00+00:00
[2026-09-05T07:09:43.028+0000] {processor.py:183} INFO - Processing /opt/airflow/dags/youtube_pipeline.py took 0.124 seconds
[2026-09-05T07:10:13.236+0000] {processor.py:161} INFO - Started process (PID=27717) to work on /opt/airflow/dags/youtube_pipeline.py
[2026-09-05T07:10:13.238+0000] {processor.py:830} INFO - Processing file /opt/airflow/dags/youtube_pipeline.py for tasks to queue
[2026-09-05T07:10:13.240+0000] {logging_mixin.py:188} INFO - [2026-09-05T07:10:13.239+0000] {dagbag.py:545} INFO - Filling up the DagBag from /opt/airflow/dags/youtube_pipeline.py
[2026-09-05T07:10:13.290+0000] {processor.py:840} INFO - DAG(s) 'youtube_english_video_pipeline' retrieved from /opt/airflow/dags/youtube_pipeline.py
[2026-09-05T07:10:13.327+0000] {logging_mixin.py:188} INFO - [2026-09-05T07:10:13.327+0000] {dag.py:3089} INFO - Sync 1 DAGs
[2026-09-05T07:10:13.343+0000] {logging_mixin.py:188} INFO - [2026-09-05T07:10:13.343+0000] {dag.py:3947} INFO - Setting next_dagrun for youtube_english_video_pipeline to 2026-09-04 12:00:00+00:00, run_after=2026-09-05 12:00:00+00:00
[2026-09-05T07:10:13.362+0000] {processor.py:183} INFO - Processing /opt/airflow/dags/youtube_pipeline.py took 0.134 seconds
[2026-09-05T07:10:43.524+0000] {processor.py:161} INFO - Started process (PID=27722) to work on /opt/airflow/dags/youtube_pipeline.py
[2026-09-05T07:10:43.525+0000] {processor.py:830} INFO - Processing file /opt/airflow/dags/youtube_pipeline.py for tasks to queue
[2026-09-05T07:10:43.527+0000] {logging_mixin.py:188} INFO - [2026-09-05T07:10:43.527+0000] {dagbag.py:545} INFO - Filling up the DagBag from /opt/airflow/dags/youtube_pipeline.py
[2026-09-05T07:10:43.547+0000] {processor.py:840} INFO - DAG(s) 'youtube_english_video_pipeline' retrieved from /opt/airflow/dags/youtube_pipeline.py
[2026-09-05T07:10:43.580+0000] {logging_mixin.py:188} INFO - [2026-09-05T07:10:43.580+0000] {dag.py:3089} INFO - Sync 1 DAGs
[2026-09-05T07:10:43.595+0000] {logging_mixin.py:188} INFO - [2026-09-05T07:10:43.595+0000] {dag.py:3947} INFO - Setting next_dagrun for youtube_english_video_pipeline to 2026-09-04 12:00:00+00:00, run_after=2026-09-05 12:00:00+00:00
[2026-09-05T07:10:43.609+0000] {processor.py:183} INFO - Processing /opt/airflow/dags/youtube_pipeline.py took 0.090 seconds
[2026-09-05T07:11:13.854+0000] {processor.py:161} INFO - Started process (PID=27727) to work on /opt/airflow/dags/youtube_pipeline.py
[2026-09-05T07:11:13.855+0000] {processor.py:830} INFO - Processing file /opt/airflow/dags/youtube_pipeline.py for tasks to queue
[2026-09-05T07:11:13.857+0000] {logging_mixin.py:188} INFO - [2026-09-05T07:11:13.856+0000] {dagbag.py:545} INFO - Filling up the DagBag from /opt/airflow/dags/youtube_pipeline.py
[2026-09-05T07:11:13.894+0000] {processor.py:840} INFO - DAG(s) 'youtube_english_video_pipeline' retrieved from /opt/airflow/dags/youtube_pipeline.py
[2026-09-05T07:11:13.935+0000] {logging_mixin.py:188} INFO - [2026-09-05T07:11:13.935+0000] {dag.py:3089} INFO - Sync 1 DAGs
[2026-09-05T07:11:13.953+0000] {logging_mixin.py:188} INFO - [2026-09-05T07:11:13.953+0000] {dag.py:3947} INFO - Setting next_dagrun for youtube_english_video_pipeline to 2026-09-04 12:00:00+00:00, run_after=2026-09-05 12:00:00+00:00
[2026-09-05T07:11:13.971+0000] {processor.py:183} INFO - Processing /opt/airflow/dags/youtube_pipeline.py took 0.124 seconds
[2026-09-05T07:11:44.123+0000] {processor.py:161} INFO - Started process (PID=27732) to work on /opt/airflow/dags/youtube_pipeline.py
[2026-09-05T07:11:44.124+0000] {processor.py:830} INFO - Processing file /opt/airflow/dags/youtube_pipeline.py for tasks to queue
[2026-09-05T07:11:44.125+0000] {logging_mixin.py:188} INFO - [2026-09-05T07:11:44.125+0000] {dagbag.py:545} INFO - Filling up the DagBag from /opt/airflow/dags/youtube_pipeline.py
[2026-09-05T07:11:44.188+0000] {processor.py:840} INFO - DAG(s) 'youtube_english_video_pipeline' retrieved from /opt/airflow/dags/youtube_pipeline.py
[2026-09-05T07:11:44.240+0000] {logging_mixin.py:188} INFO - [2026-09-05T07:11:44.240+0000] {dag.py:3089} INFO - Sync 1 DAGs
[2026-09-05T07:11:44.267+0000] {logging_mixin.py:188} INFO - [2026-09-05T07:11:44.267+0000] {dag.py:3947} INFO - Setting next_dagrun for youtube_english_video_pipeline to 2026-09-04 12:00:00+00:00, run_after=2026-09-05 12:00:00+00:00
[2026-09-05T07:11:44.293+0000] {processor.py:183} INFO - Processing /opt/airflow/dags/youtube_pipeline.py took 0.176 seconds
[2026-09-05T07:12:14.454+0000] {processor.py:161} INFO - Started process (PID=27737) to work on /opt/airflow/dags/youtube_pipeline.py
[2026-09-05T07:12:14.455+0000] {processor.py:830} INFO - Processing file /opt/airflow/dags/youtube_pipeline.py for tasks to queue
[2026-09-05T07:12:14.456+0000] {logging_mixin.py:188} INFO - [2026-09-05T07:12:14.456+0000] {dagbag.py:545} INFO - Filling up the DagBag from /opt/airflow/dags/youtube_pipeline.py
[2026-09-05T07:12:14.489+0000] {processor.py:840} INFO - DAG(s) 'youtube_english_video_pipeline' retrieved from /opt/airflow/dags/youtube_pipeline.py
[2026-09-05T07:12:14.523+0000] {logging_mixin.py:188} INFO - [2026-09-05T07:12:14.523+0000] {dag.py:3089} INFO - Sync 1 DAGs
[2026-09-05T07:12:14.541+0000] {logging_mixin.py:188} INFO - [2026-09-05T07:12:14.541+0000] {dag.py:3947} INFO - Setting next_dagrun for youtube_english_video_pipeline to 2026-09-04 12:00:00+00:00, run_after=2026-09-05 12:00:00+00:00
[2026-09-05T07:12:14.560+0000] {processor.py:183} INFO - Processing /opt/airflow/dags/youtube_pipeline.py took 0.112 seconds
[2026-09-05T07:12:45.036+0000] {processor.py:161} INFO - Started process (PID=27742) to work on /opt/airflow/dags/youtube_pipeline.py
[2026-09-05T07:12:45.037+0000] {processor.py:830} INFO - Processing file /opt/airflow/dags/youtube_pipeline.py for tasks to queue
[2026-09-05T07:12:45.039+0000] {logging_mixin.py:188} INFO - [2026-09-05T07:12:45.039+0000] {dagbag.py:545} INFO - Filling up the DagBag from /opt/airflow/dags/youtube_pipeline.py
[2026-09-05T07:12:45.076+0000] {processor.py:840} INFO - DAG(s) 'youtube_english_video_pipeline' retrieved from /opt/airflow/dags/youtube_pipeline.py
[2026-09-05T07:12:45.105+0000] {logging_mixin.py:188} INFO - [2026-09-05T07:12:45.105+0000] {dag.py:3089} INFO - Sync 1 DAGs
[2026-09-05T07:12:45.119+0000] {logging_mixin.py:188} INFO - [2026-09-05T07:12:45.119+0000] {dag.py:3947} INFO - Setting next_dagrun for youtube_english_video_pipeline to 2026-09-04 12:00:00+00:00, run_after=2026-09-05 12:00:00+00:00
[2026-09-05T07:12:45.149+0000] {processor.py:183} INFO - Processing /opt/airflow/dags/youtube_pipeline.py took 0.120 seconds
[2026-09-05T07:13:15.283+0000] {processor.py:161} INFO - Started process (PID=27747) to work on /opt/airflow/dags/youtube_pipeline.py
[2026-09-05T07:13:15.284+0000] {processor.py:830} INFO - Processing file /opt/airflow/dags/youtube_pipeline.py for tasks to queue
[2026-09-05T07:13:15.286+0000] {logging_mixin.py:188} INFO - [2026-09-05T07:13:15.286+0000] {dagbag.py:545} INFO - Filling up the DagBag from /opt/airflow/dags/youtube_pipeline.py
[2026-09-05T07:13:15.323+0000] {processor.py:840} INFO - DAG(s) 'youtube_english_video_pipeline' retrieved from /opt/airflow/dags/youtube_pipeline.py
[2026-09-05T07:13:15.354+0000] {logging_mixin.py:188} INFO - [2026-09-05T07:13:15.354+0000] {dag.py:3089} INFO - Sync 1 DAGs
[2026-09-05T07:13:15.369+0000] {logging_mixin.py:188} INFO - [2026-09-05T07:13:15.369+0000] {dag.py:3947} INFO - Setting next_dagrun for youtube_english_video_pipeline to 2026-09-04 12:00:00+00:00, run_after=2026-09-05 12:00:00+00:00
[2026-09-05T07:13:15.389+0000] {processor.py:183} INFO - Processing /opt/airflow/dags/youtube_pipeline.py took 0.111 seconds
[2026-09-05T07:13:45.689+0000] {processor.py:161} INFO - Started process (PID=27752) to work on /opt/airflow/dags/youtube_pipeline.py
[2026-09-05T07:13:45.690+0000] {processor.py:830} INFO - Processing file /opt/airflow/dags/youtube_pipeline.py for tasks to queue
[2026-09-05T07:13:45.692+0000] {logging_mixin.py:188} INFO - [2026-09-05T07:13:45.692+0000] {dagbag.py:545} INFO - Filling up the DagBag from /opt/airflow/dags/youtube_pipeline.py
[2026-09-05T07:13:45.758+0000] {processor.py:840} INFO - DAG(s) 'youtube_english_video_pipeline' retrieved from /opt/airflow/dags/youtube_pipeline.py
[2026-09-05T07:13:45.807+0000] {logging_mixin.py:188} INFO - [2026-09-05T07:13:45.807+0000] {dag.py:3089} INFO - Sync 1 DAGs
[2026-09-05T07:13:45.826+0000] {logging_mixin.py:188} INFO - [2026-09-05T07:13:45.826+0000] {dag.py:3947} INFO - Setting next_dagrun for youtube_english_video_pipeline to 2026-09-04 12:00:00+00:00, run_after=2026-09-05 12:00:00+00:00
[2026-09-05T07:13:45.850+0000] {processor.py:183} INFO - Processing /opt/airflow/dags/youtube_pipeline.py took 0.169 seconds
[2026-09-05T07:14:15.958+0000] {processor.py:161} INFO - Started process (PID=27757) to work on /opt/airflow/dags/youtube_pipeline.py
[2026-09-05T07:14:15.959+0000] {processor.py:830} INFO - Processing file /opt/airflow/dags/youtube_pipeline.py for tasks to queue
[2026-09-05T07:14:15.961+0000] {logging_mixin.py:188} INFO - [2026-09-05T07:14:15.960+0000] {dagbag.py:545} INFO - Filling up the DagBag from /opt/airflow/dags/youtube_pipeline.py
[2026-09-05T07:14:15.993+0000] {processor.py:840} INFO - DAG(s) 'youtube_english_video_pipeline' retrieved from /opt/airflow/dags/youtube_pipeline.py
[2026-09-05T07:14:16.028+0000] {logging_mixin.py:188} INFO - [2026-09-05T07:14:16.028+0000] {dag.py:3089} INFO - Sync 1 DAGs
[2026-09-05T07:14:16.046+0000] {logging_mixin.py:188} INFO - [2026-09-05T07:14:16.046+0000] {dag.py:3947} INFO - Setting next_dagrun for youtube_english_video_pipeline to 2026-09-04 12:00:00+00:00, run_after=2026-09-05 12:00:00+00:00
[2026-09-05T07:14:16.063+0000] {processor.py:183} INFO - Processing /opt/airflow/dags/youtube_pipeline.py took 0.111 seconds
[2026-09-05T07:14:46.364+0000] {processor.py:161} INFO - Started process (PID=27762) to work on /opt/airflow/dags/youtube_pipeline.py
[2026-09-05T07:14:46.365+0000] {processor.py:830} INFO - Processing file /opt/airflow/dags/youtube_pipeline.py for tasks to queue
[2026-09-05T07:14:46.366+0000] {logging_mixin.py:188} INFO - [2026-09-05T07:14:46.366+0000] {dagbag.py:545} INFO - Filling up the DagBag from /opt/airflow/dags/youtube_pipeline.py
[2026-09-05T07:14:46.384+0000] {processor.py:840} INFO - DAG(s) 'youtube_english_video_pipeline' retrieved from /opt/airflow/dags/youtube_pipeline.py
[2026-09-05T07:14:46.413+0000] {logging_mixin.py:188} INFO - [2026-09-05T07:14:46.413+0000] {dag.py:3089} INFO - Sync 1 DAGs
[2026-09-05T07:14:46.426+0000] {logging_mixin.py:188} INFO - [2026-09-05T07:14:46.426+0000] {dag.py:3947} INFO - Setting next_dagrun for youtube_english_video_pipeline to 2026-09-04 12:00:00+00:00, run_after=2026-09-05 12:00:00+00:00
[2026-09-05T07:14:46.448+0000] {processor.py:183} INFO - Processing /opt/airflow/dags/youtube_pipeline.py took 0.088 seconds
[2026-09-05T07:15:16.661+0000] {processor.py:161} INFO - Started process (PID=27767) to work on /opt/airflow/dags/youtube_pipeline.py
[2026-09-05T07:15:16.662+0000] {processor.py:830} INFO - Processing file /opt/airflow/dags/youtube_pipeline.py for tasks to queue
[2026-09-05T07:15:16.664+0000] {logging_mixin.py:188} INFO - [2026-09-05T07:15:16.663+0000] {dagbag.py:545} INFO - Filling up the DagBag from /opt/airflow/dags/youtube_pipeline.py
[2026-09-05T07:15:16.713+0000] {processor.py:840} INFO - DAG(s) 'youtube_english_video_pipeline' retrieved from /opt/airflow/dags/youtube_pipeline.py
[2026-09-05T07:15:16.743+0000] {logging_mixin.py:188} INFO - [2026-09-05T07:15:16.743+0000] {dag.py:3089} INFO - Sync 1 DAGs
[2026-09-05T07:15:16.758+0000] {logging_mixin.py:188} INFO - [2026-09-05T07:15:16.758+0000] {dag.py:3947} INFO - Setting next_dagrun for youtube_english_video_pipeline to 2026-09-04 12:00:00+00:00, run_after=2026-09-05 12:00:00+00:00
[2026-09-05T07:15:16.788+0000] {processor.py:183} INFO - Processing /opt/airflow/dags/youtube_pipeline.py took 0.135 seconds
[2026-09-05T07:15:47.054+0000] {processor.py:161} INFO - Started process (PID=27772) to work on /opt/airflow/dags/youtube_pipeline.py
[2026-09-05T07:15:47.056+0000] {processor.py:830} INFO - Processing file /opt/airflow/dags/youtube_pipeline.py for tasks to queue
[2026-09-05T07:15:47.058+0000] {logging_mixin.py:188} INFO - [2026-09-05T07:15:47.058+0000] {dagbag.py:545} INFO - Filling up the DagBag from /opt/airflow/dags/youtube_pipeline.py
[2026-09-05T07:15:47.091+0000] {processor.py:840} INFO - DAG(s) 'youtube_english_video_pipeline' retrieved from /opt/airflow/dags/youtube_pipeline.py
[2026-09-05T07:15:47.125+0000] {logging_mixin.py:188} INFO - [2026-09-05T07:15:47.125+0000] {dag.py:3089} INFO - Sync 1 DAGs
[2026-09-05T07:15:47.140+0000] {logging_mixin.py:188} INFO - [2026-09-05T07:15:47.140+0000] {dag.py:3947} INFO - Setting next_dagrun for youtube_english_video_pipeline to 2026-09-04 12:00:00+00:00, run_after=2026-09-05 12:00:00+00:00
[2026-09-05T07:15:47.168+0000] {processor.py:183} INFO - Processing /opt/airflow/dags/youtube_pipeline.py took 0.120 seconds
[2026-09-05T07:16:17.288+0000] {processor.py:161} INFO - Started process (PID=27777) to work on /opt/airflow/dags/youtube_pipeline.py
[2026-09-05T07:16:17.289+0000] {processor.py:830} INFO - Processing file /opt/airflow/dags/youtube_pipeline.py for tasks to queue
[2026-09-05T07:16:17.291+0000] {logging_mixin.py:188} INFO - [2026-09-05T07:16:17.290+0000] {dagbag.py:545} INFO - Filling up the DagBag from /opt/airflow/dags/youtube_pipeline.py
[2026-09-05T07:16:17.325+0000] {processor.py:840} INFO - DAG(s) 'youtube_english_video_pipeline' retrieved from /opt/airflow/dags/youtube_pipeline.py
[2026-09-05T07:16:17.352+0000] {logging_mixin.py:188} INFO - [2026-09-05T07:16:17.352+0000] {dag.py:3089} INFO - Sync 1 DAGs
[2026-09-05T07:16:17.366+0000] {logging_mixin.py:188} INFO - [2026-09-05T07:16:17.366+0000] {dag.py:3947} INFO - Setting next_dagrun for youtube_english_video_pipeline to 2026-09-04 12:00:00+00:00, run_after=2026-09-05 12:00:00+00:00
[2026-09-05T07:16:17.380+0000] {processor.py:183} INFO - Processing /opt/airflow/dags/youtube_pipeline.py took 0.098 seconds
[2026-09-05T07:16:47.643+0000] {processor.py:161} INFO - Started process (PID=27782) to work on /opt/airflow/dags/youtube_pipeline.py
[2026-09-05T07:16:47.644+0000] {processor.py:830} INFO - Processing file /opt/airflow/dags/youtube_pipeline.py for tasks to queue
[2026-09-05T07:16:47.646+0000] {logging_mixin.py:188} INFO - [2026-09-05T07:16:47.646+0000] {dagbag.py:545} INFO - Filling up the DagBag from /opt/airflow/dags/youtube_pipeline.py
[2026-09-05T07:16:47.694+0000] {processor.py:840} INFO - DAG(s) 'youtube_english_video_pipeline' retrieved from /opt/airflow/dags/youtube_pipeline.py
[2026-09-05T07:16:47.724+0000] {logging_mixin.py:188} INFO - [2026-09-05T07:16:47.724+0000] {dag.py:3089} INFO - Sync 1 DAGs
[2026-09-05T07:16:47.738+0000] {logging_mixin.py:188} INFO - [2026-09-05T07:16:47.738+0000] {dag.py:3947} INFO - Setting next_dagrun for youtube_english_video_pipeline to 2026-09-04 12:00:00+00:00, run_after=2026-09-05 12:00:00+00:00
[2026-09-05T07:16:47.754+0000] {processor.py:183} INFO - Processing /opt/airflow/dags/youtube_pipeline.py took 0.120 seconds
[2026-09-05T07:17:17.948+0000] {processor.py:161} INFO - Started process (PID=27787) to work on /opt/airflow/dags/youtube_pipeline.py
[2026-09-05T07:17:17.948+0000] {processor.py:830} INFO - Processing file /opt/airflow/dags/youtube_pipeline.py for tasks to queue
[2026-09-05T07:17:17.950+0000] {logging_mixin.py:188} INFO - [2026-09-05T07:17:17.950+0000] {dagbag.py:545} INFO - Filling up the DagBag from /opt/airflow/dags/youtube_pipeline.py
[2026-09-05T07:17:17.968+0000] {processor.py:840} INFO - DAG(s) 'youtube_english_video_pipeline' retrieved from /opt/airflow/dags/youtube_pipeline.py
[2026-09-05T07:17:17.995+0000] {logging_mixin.py:188} INFO - [2026-09-05T07:17:17.995+0000] {dag.py:3089} INFO - Sync 1 DAGs
[2026-09-05T07:17:18.010+0000] {logging_mixin.py:188} INFO - [2026-09-05T07:17:18.010+0000] {dag.py:3947} INFO - Setting next_dagrun for youtube_english_video_pipeline to 2026-09-04 12:00:00+00:00, run_after=2026-09-05 12:00:00+00:00
[2026-09-05T07:17:18.023+0000] {processor.py:183} INFO - Processing /opt/airflow/dags/youtube_pipeline.py took 0.081 seconds
[2026-09-05T07:17:48.212+0000] {processor.py:161} INFO - Started process (PID=27792) to work on /opt/airflow/dags/youtube_pipeline.py
[2026-09-05T07:17:48.213+0000] {processor.py:830} INFO - Processing file /opt/airflow/dags/youtube_pipeline.py for tasks to queue
[2026-09-05T07:17:48.214+0000] {logging_mixin.py:188} INFO - [2026-09-05T07:17:48.214+0000] {dagbag.py:545} INFO - Filling up the DagBag from /opt/airflow/dags/youtube_pipeline.py
[2026-09-05T07:17:48.233+0000] {processor.py:840} INFO - DAG(s) 'youtube_english_video_pipeline' retrieved from /opt/airflow/dags/youtube_pipeline.py
[2026-09-05T07:17:48.263+0000] {logging_mixin.py:188} INFO - [2026-09-05T07:17:48.262+0000] {dag.py:3089} INFO - Sync 1 DAGs
[2026-09-05T07:17:48.277+0000] {logging_mixin.py:188} INFO - [2026-09-05T07:17:48.277+0000] {dag.py:3947} INFO - Setting next_dagrun for youtube_english_video_pipeline to 2026-09-04 12:00:00+00:00, run_after=2026-09-05 12:00:00+00:00
[2026-09-05T07:17:48.299+0000] {processor.py:183} INFO - Processing /opt/airflow/dags/youtube_pipeline.py took 0.093 seconds
[2026-09-05T07:18:18.431+0000] {processor.py:161} INFO - Started process (PID=27797) to work on /opt/airflow/dags/youtube_pipeline.py
[2026-09-05T07:18:18.432+0000] {processor.py:830} INFO - Processing file /opt/airflow/dags/youtube_pipeline.py for tasks to queue
[2026-09-05T07:18:18.433+0000] {logging_mixin.py:188} INFO - [2026-09-05T07:18:18.433+0000] {dagbag.py:545} INFO - Filling up the DagBag from /opt/airflow/dags/youtube_pipeline.py
[2026-09-05T07:18:18.452+0000] {processor.py:840} INFO - DAG(s) 'youtube_english_video_pipeline' retrieved from /opt/airflow/dags/youtube_pipeline.py
[2026-09-05T07:18:18.479+0000] {logging_mixin.py:188} INFO - [2026-09-05T07:18:18.479+0000] {dag.py:3089} INFO - Sync 1 DAGs
[2026-09-05T07:18:18.493+0000] {logging_mixin.py:188} INFO - [2026-09-05T07:18:18.493+0000] {dag.py:3947} INFO - Setting next_dagrun for youtube_english_video_pipeline to 2026-09-04 12:00:00+00:00, run_after=2026-09-05 12:00:00+00:00
[2026-09-05T07:18:18.506+0000] {processor.py:183} INFO - Processing /opt/airflow/dags/youtube_pipeline.py took 0.081 seconds
[2026-09-05T07:18:48.735+0000] {processor.py:161} INFO - Started process (PID=27802) to work on /opt/airflow/dags/youtube_pipeline.py
[2026-09-05T07:18:48.736+0000] {processor.py:830} INFO - Processing file /opt/airflow/dags/youtube_pipeline.py for tasks to queue
[2026-09-05T07:18:48.738+0000] {logging_mixin.py:188} INFO - [2026-09-05T07:18:48.738+0000] {dagbag.py:545} INFO - Filling up the DagBag from /opt/airflow/dags/youtube_pipeline.py
[2026-09-05T07:18:48.771+0000] {processor.py:840} INFO - DAG(s) 'youtube_english_video_pipeline' retrieved from /opt/airflow/dags/youtube_pipeline.py
[2026-09-05T07:18:48.800+0000] {logging_mixin.py:188} INFO - [2026-09-05T07:18:48.799+0000] {dag.py:3089} INFO - Sync 1 DAGs
[2026-09-05T07:18:48.813+0000] {logging_mixin.py:188} INFO - [2026-09-05T07:18:48.813+0000] {dag.py:3947} INFO - Setting next_dagrun for youtube_english_video_pipeline to 2026-09-04 12:00:00+00:00, run_after=2026-09-05 12:00:00+00:00
[2026-09-05T07:18:48.826+0000] {processor.py:183} INFO - Processing /opt/airflow/dags/youtube_pipeline.py took 0.098 seconds
[2026-09-05T07:19:18.985+0000] {processor.py:161} INFO - Started process (PID=27807) to work on /opt/airflow/dags/youtube_pipeline.py
[2026-09-05T07:19:18.986+0000] {processor.py:830} INFO - Processing file /opt/airflow/dags/youtube_pipeline.py for tasks to queue
[2026-09-05T07:19:18.988+0000] {logging_mixin.py:188} INFO - [2026-09-05T07:19:18.988+0000] {dagbag.py:545} INFO - Filling up the DagBag from /opt/airflow/dags/youtube_pipeline.py
[2026-09-05T07:19:19.006+0000] {processor.py:840} INFO - DAG(s) 'youtube_english_video_pipeline' retrieved from /opt/airflow/dags/youtube_pipeline.py
[2026-09-05T07:19:19.034+0000] {logging_mixin.py:188} INFO - [2026-09-05T07:19:19.034+0000] {dag.py:3089} INFO - Sync 1 DAGs
[2026-09-05T07:19:19.048+0000] {logging_mixin.py:188} INFO - [2026-09-05T07:19:19.048+0000] {dag.py:3947} INFO - Setting next_dagrun for youtube_english_video_pipeline to 2026-09-04 12:00:00+00:00, run_after=2026-09-05 12:00:00+00:00
[2026-09-05T07:19:19.062+0000] {processor.py:183} INFO - Processing /opt/airflow/dags/youtube_pipeline.py took 0.083 seconds
[2026-09-05T07:19:49.262+0000] {processor.py:161} INFO - Started process (PID=27812) to work on /opt/airflow/dags/youtube_pipeline.py
[2026-09-05T07:19:49.264+0000] {processor.py:830} INFO - Processing file /opt/airflow/dags/youtube_pipeline.py for tasks to queue
[2026-09-05T07:19:49.265+0000] {logging_mixin.py:188} INFO - [2026-09-05T07:19:49.265+0000] {dagbag.py:545} INFO - Filling up the DagBag from /opt/airflow/dags/youtube_pipeline.py
[2026-09-05T07:19:49.284+0000] {processor.py:840} INFO - DAG(s) 'youtube_english_video_pipeline' retrieved from /opt/airflow/dags/youtube_pipeline.py
[2026-09-05T07:19:49.312+0000] {logging_mixin.py:188} INFO - [2026-09-05T07:19:49.311+0000] {dag.py:3089} INFO - Sync 1 DAGs
[2026-09-05T07:19:49.325+0000] {logging_mixin.py:188} INFO - [2026-09-05T07:19:49.325+0000] {dag.py:3947} INFO - Setting next_dagrun for youtube_english_video_pipeline to 2026-09-04 12:00:00+00:00, run_after=2026-09-05 12:00:00+00:00
[2026-09-05T07:19:49.339+0000] {processor.py:183} INFO - Processing /opt/airflow/dags/youtube_pipeline.py took 0.082 seconds
[2026-09-05T07:20:19.516+0000] {processor.py:161} INFO - Started process (PID=27817) to work on /opt/airflow/dags/youtube_pipeline.py
[2026-09-05T07:20:19.516+0000] {processor.py:830} INFO - Processing file /opt/airflow/dags/youtube_pipeline.py for tasks to queue
[2026-09-05T07:20:19.518+0000] {logging_mixin.py:188} INFO - [2026-09-05T07:20:19.518+0000] {dagbag.py:545} INFO - Filling up the DagBag from /opt/airflow/dags/youtube_pipeline.py
[2026-09-05T07:20:19.538+0000] {processor.py:840} INFO - DAG(s) 'youtube_english_video_pipeline' retrieved from /opt/airflow/dags/youtube_pipeline.py
[2026-09-05T07:20:19.569+0000] {logging_mixin.py:188} INFO - [2026-09-05T07:20:19.569+0000] {dag.py:3089} INFO - Sync 1 DAGs
[2026-09-05T07:20:19.584+0000] {logging_mixin.py:188} INFO - [2026-09-05T07:20:19.583+0000] {dag.py:3947} INFO - Setting next_dagrun for youtube_english_video_pipeline to 2026-09-04 12:00:00+00:00, run_after=2026-09-05 12:00:00+00:00
[2026-09-05T07:20:19.608+0000] {processor.py:183} INFO - Processing /opt/airflow/dags/youtube_pipeline.py took 0.098 seconds
[2026-09-05T07:20:49.783+0000] {processor.py:161} INFO - Started process (PID=27822) to work on /opt/airflow/dags/youtube_pipeline.py
[2026-09-05T07:20:49.784+0000] {processor.py:830} INFO - Processing file /opt/airflow/dags/youtube_pipeline.py for tasks to queue
[2026-09-05T07:20:49.786+0000] {logging_mixin.py:188} INFO - [2026-09-05T07:20:49.785+0000] {dagbag.py:545} INFO - Filling up the DagBag from /opt/airflow/dags/youtube_pipeline.py
[2026-09-05T07:20:49.879+0000] {processor.py:840} INFO - DAG(s) 'youtube_english_video_pipeline' retrieved from /opt/airflow/dags/youtube_pipeline.py
[2026-09-05T07:20:49.909+0000] {logging_mixin.py:188} INFO - [2026-09-05T07:20:49.909+0000] {dag.py:3089} INFO - Sync 1 DAGs
[2026-09-05T07:20:49.929+0000] {logging_mixin.py:188} INFO - [2026-09-05T07:20:49.928+0000] {dag.py:3947} INFO - Setting next_dagrun for youtube_english_video_pipeline to 2026-09-04 12:00:00+00:00, run_after=2026-09-05 12:00:00+00:00
[2026-09-05T07:20:49.948+0000] {processor.py:183} INFO - Processing /opt/airflow/dags/youtube_pipeline.py took 0.170 seconds
[2026-09-05T07:21:20.125+0000] {processor.py:161} INFO - Started process (PID=27827) to work on /opt/airflow/dags/youtube_pipeline.py
[2026-09-05T07:21:20.127+0000] {processor.py:830} INFO - Processing file /opt/airflow/dags/youtube_pipeline.py for tasks to queue
[2026-09-05T07:21:20.131+0000] {logging_mixin.py:188} INFO - [2026-09-05T07:21:20.130+0000] {dagbag.py:545} INFO - Filling up the DagBag from /opt/airflow/dags/youtube_pipeline.py
[2026-09-05T07:21:20.169+0000] {processor.py:840} INFO - DAG(s) 'youtube_english_video_pipeline' retrieved from /opt/airflow/dags/youtube_pipeline.py
[2026-09-05T07:21:20.202+0000] {logging_mixin.py:188} INFO - [2026-09-05T07:21:20.202+0000] {dag.py:3089} INFO - Sync 1 DAGs
[2026-09-05T07:21:20.218+0000] {logging_mixin.py:188} INFO - [2026-09-05T07:21:20.218+0000] {dag.py:3947} INFO - Setting next_dagrun for youtube_english_video_pipeline to 2026-09-04 12:00:00+00:00, run_after=2026-09-05 12:00:00+00:00
[2026-09-05T07:21:20.235+0000] {processor.py:183} INFO - Processing /opt/airflow/dags/youtube_pipeline.py took 0.119 seconds
[2026-09-05T07:21:50.422+0000] {processor.py:161} INFO - Started process (PID=27832) to work on /opt/airflow/dags/youtube_pipeline.py
[2026-09-05T07:21:50.423+0000] {processor.py:830} INFO - Processing file /opt/airflow/dags/youtube_pipeline.py for tasks to queue
[2026-09-05T07:21:50.425+0000] {logging_mixin.py:188} INFO - [2026-09-05T07:21:50.425+0000] {dagbag.py:545} INFO - Filling up the DagBag from /opt/airflow/dags/youtube_pipeline.py
[2026-09-05T07:21:50.455+0000] {processor.py:840} INFO - DAG(s) 'youtube_english_video_pipeline' retrieved from /opt/airflow/dags/youtube_pipeline.py
[2026-09-05T07:21:50.520+0000] {logging_mixin.py:188} INFO - [2026-09-05T07:21:50.519+0000] {dag.py:3089} INFO - Sync 1 DAGs
[2026-09-05T07:21:50.544+0000] {logging_mixin.py:188} INFO - [2026-09-05T07:21:50.543+0000] {dag.py:3947} INFO - Setting next_dagrun for youtube_english_video_pipeline to 2026-09-04 12:00:00+00:00, run_after=2026-09-05 12:00:00+00:00
[2026-09-05T07:21:50.569+0000] {processor.py:183} INFO - Processing /opt/airflow/dags/youtube_pipeline.py took 0.156 seconds
[2026-09-05T07:22:20.811+0000] {processor.py:161} INFO - Started process (PID=27837) to work on /opt/airflow/dags/youtube_pipeline.py
[2026-09-05T07:22:20.813+0000] {processor.py:830} INFO - Processing file /opt/airflow/dags/youtube_pipeline.py for tasks to queue
[2026-09-05T07:22:20.815+0000] {logging_mixin.py:188} INFO - [2026-09-05T07:22:20.814+0000] {dagbag.py:545} INFO - Filling up the DagBag from /opt/airflow/dags/youtube_pipeline.py
[2026-09-05T07:22:20.893+0000] {processor.py:840} INFO - DAG(s) 'youtube_english_video_pipeline' retrieved from /opt/airflow/dags/youtube_pipeline.py
[2026-09-05T07:22:20.976+0000] {logging_mixin.py:188} INFO - [2026-09-05T07:22:20.975+0000] {dag.py:3089} INFO - Sync 1 DAGs
[2026-09-05T07:22:21.007+0000] {logging_mixin.py:188} INFO - [2026-09-05T07:22:21.007+0000] {dag.py:3947} INFO - Setting next_dagrun for youtube_english_video_pipeline to 2026-09-04 12:00:00+00:00, run_after=2026-09-05 12:00:00+00:00
[2026-09-05T07:22:21.040+0000] {processor.py:183} INFO - Processing /opt/airflow/dags/youtube_pipeline.py took 0.238 seconds
[2026-09-05T07:22:51.280+0000] {processor.py:161} INFO - Started process (PID=27842) to work on /opt/airflow/dags/youtube_pipeline.py
[2026-09-05T07:22:51.282+0000] {processor.py:830} INFO - Processing file /opt/airflow/dags/youtube_pipeline.py for tasks to queue
[2026-09-05T07:22:51.284+0000] {logging_mixin.py:188} INFO - [2026-09-05T07:22:51.283+0000] {dagbag.py:545} INFO - Filling up the DagBag from /opt/airflow/dags/youtube_pipeline.py
[2026-09-05T07:22:51.321+0000] {processor.py:840} INFO - DAG(s) 'youtube_english_video_pipeline' retrieved from /opt/airflow/dags/youtube_pipeline.py
[2026-09-05T07:22:51.366+0000] {logging_mixin.py:188} INFO - [2026-09-05T07:22:51.366+0000] {dag.py:3089} INFO - Sync 1 DAGs
[2026-09-05T07:22:51.387+0000] {logging_mixin.py:188} INFO - [2026-09-05T07:22:51.387+0000] {dag.py:3947} INFO - Setting next_dagrun for youtube_english_video_pipeline to 2026-09-04 12:00:00+00:00, run_after=2026-09-05 12:00:00+00:00
[2026-09-05T07:22:51.408+0000] {processor.py:183} INFO - Processing /opt/airflow/dags/youtube_pipeline.py took 0.135 seconds
[2026-09-05T07:23:21.474+0000] {processor.py:161} INFO - Started process (PID=27847) to work on /opt/airflow/dags/youtube_pipeline.py
[2026-09-05T07:23:21.478+0000] {processor.py:830} INFO - Processing file /opt/airflow/dags/youtube_pipeline.py for tasks to queue
[2026-09-05T07:23:21.485+0000] {logging_mixin.py:188} INFO - [2026-09-05T07:23:21.484+0000] {dagbag.py:545} INFO - Filling up the DagBag from /opt/airflow/dags/youtube_pipeline.py
[2026-09-05T07:23:21.511+0000] {processor.py:840} INFO - DAG(s) 'youtube_english_video_pipeline' retrieved from /opt/airflow/dags/youtube_pipeline.py
[2026-09-05T07:23:21.540+0000] {logging_mixin.py:188} INFO - [2026-09-05T07:23:21.540+0000] {dag.py:3089} INFO - Sync 1 DAGs
[2026-09-05T07:23:21.556+0000] {logging_mixin.py:188} INFO - [2026-09-05T07:23:21.556+0000] {dag.py:3947} INFO - Setting next_dagrun for youtube_english_video_pipeline to 2026-09-04 12:00:00+00:00, run_after=2026-09-05 12:00:00+00:00
[2026-09-05T07:23:21.587+0000] {processor.py:183} INFO - Processing /opt/airflow/dags/youtube_pipeline.py took 0.123 seconds
[2026-09-05T07:23:51.844+0000] {processor.py:161} INFO - Started process (PID=27852) to work on /opt/airflow/dags/youtube_pipeline.py
[2026-09-05T07:23:51.845+0000] {processor.py:830} INFO - Processing file /opt/airflow/dags/youtube_pipeline.py for tasks to queue
[2026-09-05T07:23:51.846+0000] {logging_mixin.py:188} INFO - [2026-09-05T07:23:51.846+0000] {dagbag.py:545} INFO - Filling up the DagBag from /opt/airflow/dags/youtube_pipeline.py
[2026-09-05T07:23:51.877+0000] {processor.py:840} INFO - DAG(s) 'youtube_english_video_pipeline' retrieved from /opt/airflow/dags/youtube_pipeline.py
[2026-09-05T07:23:51.908+0000] {logging_mixin.py:188} INFO - [2026-09-05T07:23:51.907+0000] {dag.py:3089} INFO - Sync 1 DAGs
[2026-09-05T07:23:51.927+0000] {logging_mixin.py:188} INFO - [2026-09-05T07:23:51.927+0000] {dag.py:3947} INFO - Setting next_dagrun for youtube_english_video_pipeline to 2026-09-04 12:00:00+00:00, run_after=2026-09-05 12:00:00+00:00
[2026-09-05T07:23:51.944+0000] {processor.py:183} INFO - Processing /opt/airflow/dags/youtube_pipeline.py took 0.105 seconds
[2026-09-05T07:24:22.122+0000] {processor.py:161} INFO - Started process (PID=27857) to work on /opt/airflow/dags/youtube_pipeline.py
[2026-09-05T07:24:22.124+0000] {processor.py:830} INFO - Processing file /opt/airflow/dags/youtube_pipeline.py for tasks to queue
[2026-09-05T07:24:22.126+0000] {logging_mixin.py:188} INFO - [2026-09-05T07:24:22.126+0000] {dagbag.py:545} INFO - Filling up the DagBag from /opt/airflow/dags/youtube_pipeline.py
[2026-09-05T07:24:22.164+0000] {processor.py:840} INFO - DAG(s) 'youtube_english_video_pipeline' retrieved from /opt/airflow/dags/youtube_pipeline.py
[2026-09-05T07:24:22.195+0000] {logging_mixin.py:188} INFO - [2026-09-05T07:24:22.195+0000] {dag.py:3089} INFO - Sync 1 DAGs
[2026-09-05T07:24:22.211+0000] {logging_mixin.py:188} INFO - [2026-09-05T07:24:22.211+0000] {dag.py:3947} INFO - Setting next_dagrun for youtube_english_video_pipeline to 2026-09-04 12:00:00+00:00, run_after=2026-09-05 12:00:00+00:00
[2026-09-05T07:24:22.226+0000] {processor.py:183} INFO - Processing /opt/airflow/dags/youtube_pipeline.py took 0.112 seconds
[2026-09-05T07:24:52.364+0000] {processor.py:161} INFO - Started process (PID=27862) to work on /opt/airflow/dags/youtube_pipeline.py
[2026-09-05T07:24:52.365+0000] {processor.py:830} INFO - Processing file /opt/airflow/dags/youtube_pipeline.py for tasks to queue
[2026-09-05T07:24:52.375+0000] {logging_mixin.py:188} INFO - [2026-09-05T07:24:52.375+0000] {dagbag.py:545} INFO - Filling up the DagBag from /opt/airflow/dags/youtube_pipeline.py
[2026-09-05T07:24:52.413+0000] {processor.py:840} INFO - DAG(s) 'youtube_english_video_pipeline' retrieved from /opt/airflow/dags/youtube_pipeline.py
[2026-09-05T07:24:52.451+0000] {logging_mixin.py:188} INFO - [2026-09-05T07:24:52.451+0000] {dag.py:3089} INFO - Sync 1 DAGs
[2026-09-05T07:24:52.467+0000] {logging_mixin.py:188} INFO - [2026-09-05T07:24:52.467+0000] {dag.py:3947} INFO - Setting next_dagrun for youtube_english_video_pipeline to 2026-09-04 12:00:00+00:00, run_after=2026-09-05 12:00:00+00:00
[2026-09-05T07:24:52.483+0000] {processor.py:183} INFO - Processing /opt/airflow/dags/youtube_pipeline.py took 0.123 seconds
[2026-09-05T07:25:22.684+0000] {processor.py:161} INFO - Started process (PID=27867) to work on /opt/airflow/dags/youtube_pipeline.py
[2026-09-05T07:25:22.685+0000] {processor.py:830} INFO - Processing file /opt/airflow/dags/youtube_pipeline.py for tasks to queue
[2026-09-05T07:25:22.686+0000] {logging_mixin.py:188} INFO - [2026-09-05T07:25:22.686+0000] {dagbag.py:545} INFO - Filling up the DagBag from /opt/airflow/dags/youtube_pipeline.py
[2026-09-05T07:25:22.718+0000] {processor.py:840} INFO - DAG(s) 'youtube_english_video_pipeline' retrieved from /opt/airflow/dags/youtube_pipeline.py
[2026-09-05T07:25:22.751+0000] {logging_mixin.py:188} INFO - [2026-09-05T07:25:22.751+0000] {dag.py:3089} INFO - Sync 1 DAGs
[2026-09-05T07:25:22.766+0000] {logging_mixin.py:188} INFO - [2026-09-05T07:25:22.766+0000] {dag.py:3947} INFO - Setting next_dagrun for youtube_english_video_pipeline to 2026-09-04 12:00:00+00:00, run_after=2026-09-05 12:00:00+00:00
[2026-09-05T07:25:22.780+0000] {processor.py:183} INFO - Processing /opt/airflow/dags/youtube_pipeline.py took 0.102 seconds
[2026-09-05T07:25:52.951+0000] {processor.py:161} INFO - Started process (PID=27872) to work on /opt/airflow/dags/youtube_pipeline.py
[2026-09-05T07:25:52.952+0000] {processor.py:830} INFO - Processing file /opt/airflow/dags/youtube_pipeline.py for tasks to queue
[2026-09-05T07:25:52.954+0000] {logging_mixin.py:188} INFO - [2026-09-05T07:25:52.953+0000] {dagbag.py:545} INFO - Filling up the DagBag from /opt/airflow/dags/youtube_pipeline.py
[2026-09-05T07:25:53.007+0000] {processor.py:840} INFO - DAG(s) 'youtube_english_video_pipeline' retrieved from /opt/airflow/dags/youtube_pipeline.py
[2026-09-05T07:25:53.043+0000] {logging_mixin.py:188} INFO - [2026-09-05T07:25:53.042+0000] {dag.py:3089} INFO - Sync 1 DAGs
[2026-09-05T07:25:53.061+0000] {logging_mixin.py:188} INFO - [2026-09-05T07:25:53.061+0000] {dag.py:3947} INFO - Setting next_dagrun for youtube_english_video_pipeline to 2026-09-04 12:00:00+00:00, run_after=2026-09-05 12:00:00+00:00
[2026-09-05T07:25:53.078+0000] {processor.py:183} INFO - Processing /opt/airflow/dags/youtube_pipeline.py took 0.134 seconds
[2026-09-05T07:26:23.213+0000] {processor.py:161} INFO - Started process (PID=27877) to work on /opt/airflow/dags/youtube_pipeline.py
[2026-09-05T07:26:23.214+0000] {processor.py:830} INFO - Processing file /opt/airflow/dags/youtube_pipeline.py for tasks to queue
[2026-09-05T07:26:23.216+0000] {logging_mixin.py:188} INFO - [2026-09-05T07:26:23.215+0000] {dagbag.py:545} INFO - Filling up the DagBag from /opt/airflow/dags/youtube_pipeline.py
[2026-09-05T07:26:23.236+0000] {processor.py:840} INFO - DAG(s) 'youtube_english_video_pipeline' retrieved from /opt/airflow/dags/youtube_pipeline.py
[2026-09-05T07:26:23.276+0000] {logging_mixin.py:188} INFO - [2026-09-05T07:26:23.276+0000] {dag.py:3089} INFO - Sync 1 DAGs
[2026-09-05T07:26:23.292+0000] {logging_mixin.py:188} INFO - [2026-09-05T07:26:23.292+0000] {dag.py:3947} INFO - Setting next_dagrun for youtube_english_video_pipeline to 2026-09-04 12:00:00+00:00, run_after=2026-09-05 12:00:00+00:00
[2026-09-05T07:26:23.307+0000] {processor.py:183} INFO - Processing /opt/airflow/dags/youtube_pipeline.py took 0.099 seconds
[2026-09-05T07:26:53.560+0000] {processor.py:161} INFO - Started process (PID=27882) to work on /opt/airflow/dags/youtube_pipeline.py
[2026-09-05T07:26:53.563+0000] {processor.py:830} INFO - Processing file /opt/airflow/dags/youtube_pipeline.py for tasks to queue
[2026-09-05T07:26:53.567+0000] {logging_mixin.py:188} INFO - [2026-09-05T07:26:53.567+0000] {dagbag.py:545} INFO - Filling up the DagBag from /opt/airflow/dags/youtube_pipeline.py
[2026-09-05T07:26:53.655+0000] {processor.py:840} INFO - DAG(s) 'youtube_english_video_pipeline' retrieved from /opt/airflow/dags/youtube_pipeline.py
[2026-09-05T07:26:53.689+0000] {logging_mixin.py:188} INFO - [2026-09-05T07:26:53.689+0000] {dag.py:3089} INFO - Sync 1 DAGs
[2026-09-05T07:26:53.707+0000] {logging_mixin.py:188} INFO - [2026-09-05T07:26:53.707+0000] {dag.py:3947} INFO - Setting next_dagrun for youtube_english_video_pipeline to 2026-09-04 12:00:00+00:00, run_after=2026-09-05 12:00:00+00:00
[2026-09-05T07:26:53.725+0000] {processor.py:183} INFO - Processing /opt/airflow/dags/youtube_pipeline.py took 0.178 seconds
[2026-09-05T07:27:23.927+0000] {processor.py:161} INFO - Started process (PID=27887) to work on /opt/airflow/dags/youtube_pipeline.py
[2026-09-05T07:27:23.928+0000] {processor.py:830} INFO - Processing file /opt/airflow/dags/youtube_pipeline.py for tasks to queue
[2026-09-05T07:27:23.929+0000] {logging_mixin.py:188} INFO - [2026-09-05T07:27:23.929+0000] {dagbag.py:545} INFO - Filling up the DagBag from /opt/airflow/dags/youtube_pipeline.py
[2026-09-05T07:27:23.954+0000] {processor.py:840} INFO - DAG(s) 'youtube_english_video_pipeline' retrieved from /opt/airflow/dags/youtube_pipeline.py
[2026-09-05T07:27:23.988+0000] {logging_mixin.py:188} INFO - [2026-09-05T07:27:23.988+0000] {dag.py:3089} INFO - Sync 1 DAGs
[2026-09-05T07:27:24.004+0000] {logging_mixin.py:188} INFO - [2026-09-05T07:27:24.004+0000] {dag.py:3947} INFO - Setting next_dagrun for youtube_english_video_pipeline to 2026-09-04 12:00:00+00:00, run_after=2026-09-05 12:00:00+00:00
[2026-09-05T07:27:24.018+0000] {processor.py:183} INFO - Processing /opt/airflow/dags/youtube_pipeline.py took 0.097 seconds
[2026-09-05T07:27:54.217+0000] {processor.py:161} INFO - Started process (PID=27892) to work on /opt/airflow/dags/youtube_pipeline.py
[2026-09-05T07:27:54.218+0000] {processor.py:830} INFO - Processing file /opt/airflow/dags/youtube_pipeline.py for tasks to queue
[2026-09-05T07:27:54.219+0000] {logging_mixin.py:188} INFO - [2026-09-05T07:27:54.219+0000] {dagbag.py:545} INFO - Filling up the DagBag from /opt/airflow/dags/youtube_pipeline.py
[2026-09-05T07:27:54.239+0000] {processor.py:840} INFO - DAG(s) 'youtube_english_video_pipeline' retrieved from /opt/airflow/dags/youtube_pipeline.py
[2026-09-05T07:27:54.269+0000] {logging_mixin.py:188} INFO - [2026-09-05T07:27:54.268+0000] {dag.py:3089} INFO - Sync 1 DAGs
[2026-09-05T07:27:54.282+0000] {logging_mixin.py:188} INFO - [2026-09-05T07:27:54.282+0000] {dag.py:3947} INFO - Setting next_dagrun for youtube_english_video_pipeline to 2026-09-04 12:00:00+00:00, run_after=2026-09-05 12:00:00+00:00
[2026-09-05T07:27:54.295+0000] {processor.py:183} INFO - Processing /opt/airflow/dags/youtube_pipeline.py took 0.083 seconds
[2026-09-05T07:28:24.627+0000] {processor.py:161} INFO - Started process (PID=27897) to work on /opt/airflow/dags/youtube_pipeline.py
[2026-09-05T07:28:24.629+0000] {processor.py:830} INFO - Processing file /opt/airflow/dags/youtube_pipeline.py for tasks to queue
[2026-09-05T07:28:24.631+0000] {logging_mixin.py:188} INFO - [2026-09-05T07:28:24.631+0000] {dagbag.py:545} INFO - Filling up the DagBag from /opt/airflow/dags/youtube_pipeline.py
[2026-09-05T07:28:24.663+0000] {processor.py:840} INFO - DAG(s) 'youtube_english_video_pipeline' retrieved from /opt/airflow/dags/youtube_pipeline.py
[2026-09-05T07:28:24.693+0000] {logging_mixin.py:188} INFO - [2026-09-05T07:28:24.693+0000] {dag.py:3089} INFO - Sync 1 DAGs
[2026-09-05T07:28:24.711+0000] {logging_mixin.py:188} INFO - [2026-09-05T07:28:24.710+0000] {dag.py:3947} INFO - Setting next_dagrun for youtube_english_video_pipeline to 2026-09-04 12:00:00+00:00, run_after=2026-09-05 12:00:00+00:00
[2026-09-05T07:28:24.729+0000] {processor.py:183} INFO - Processing /opt/airflow/dags/youtube_pipeline.py took 0.110 seconds
[2026-09-05T07:28:54.880+0000] {processor.py:161} INFO - Started process (PID=27902) to work on /opt/airflow/dags/youtube_pipeline.py
[2026-09-05T07:28:54.881+0000] {processor.py:830} INFO - Processing file /opt/airflow/dags/youtube_pipeline.py for tasks to queue
[2026-09-05T07:28:54.883+0000] {logging_mixin.py:188} INFO - [2026-09-05T07:28:54.882+0000] {dagbag.py:545} INFO - Filling up the DagBag from /opt/airflow/dags/youtube_pipeline.py
[2026-09-05T07:28:54.913+0000] {processor.py:840} INFO - DAG(s) 'youtube_english_video_pipeline' retrieved from /opt/airflow/dags/youtube_pipeline.py
[2026-09-05T07:28:54.946+0000] {logging_mixin.py:188} INFO - [2026-09-05T07:28:54.946+0000] {dag.py:3089} INFO - Sync 1 DAGs
[2026-09-05T07:28:54.963+0000] {logging_mixin.py:188} INFO - [2026-09-05T07:28:54.963+0000] {dag.py:3947} INFO - Setting next_dagrun for youtube_english_video_pipeline to 2026-09-04 12:00:00+00:00, run_after=2026-09-05 12:00:00+00:00
[2026-09-05T07:28:54.979+0000] {processor.py:183} INFO - Processing /opt/airflow/dags/youtube_pipeline.py took 0.104 seconds
[2026-09-05T07:29:25.226+0000] {processor.py:161} INFO - Started process (PID=27907) to work on /opt/airflow/dags/youtube_pipeline.py
[2026-09-05T07:29:25.227+0000] {processor.py:830} INFO - Processing file /opt/airflow/dags/youtube_pipeline.py for tasks to queue
[2026-09-05T07:29:25.229+0000] {logging_mixin.py:188} INFO - [2026-09-05T07:29:25.229+0000] {dagbag.py:545} INFO - Filling up the DagBag from /opt/airflow/dags/youtube_pipeline.py
[2026-09-05T07:29:25.249+0000] {processor.py:840} INFO - DAG(s) 'youtube_english_video_pipeline' retrieved from /opt/airflow/dags/youtube_pipeline.py
[2026-09-05T07:29:25.277+0000] {logging_mixin.py:188} INFO - [2026-09-05T07:29:25.277+0000] {dag.py:3089} INFO - Sync 1 DAGs
[2026-09-05T07:29:25.290+0000] {logging_mixin.py:188} INFO - [2026-09-05T07:29:25.290+0000] {dag.py:3947} INFO - Setting next_dagrun for youtube_english_video_pipeline to 2026-09-04 12:00:00+00:00, run_after=2026-09-05 12:00:00+00:00
[2026-09-05T07:29:25.305+0000] {processor.py:183} INFO - Processing /opt/airflow/dags/youtube_pipeline.py took 0.087 seconds
[2026-09-05T07:29:55.533+0000] {processor.py:161} INFO - Started process (PID=27912) to work on /opt/airflow/dags/youtube_pipeline.py
[2026-09-05T07:29:55.535+0000] {processor.py:830} INFO - Processing file /opt/airflow/dags/youtube_pipeline.py for tasks to queue
[2026-09-05T07:29:55.537+0000] {logging_mixin.py:188} INFO - [2026-09-05T07:29:55.536+0000] {dagbag.py:545} INFO - Filling up the DagBag from /opt/airflow/dags/youtube_pipeline.py
[2026-09-05T07:29:55.573+0000] {processor.py:840} INFO - DAG(s) 'youtube_english_video_pipeline' retrieved from /opt/airflow/dags/youtube_pipeline.py
[2026-09-05T07:29:55.609+0000] {logging_mixin.py:188} INFO - [2026-09-05T07:29:55.609+0000] {dag.py:3089} INFO - Sync 1 DAGs
[2026-09-05T07:29:55.629+0000] {logging_mixin.py:188} INFO - [2026-09-05T07:29:55.628+0000] {dag.py:3947} INFO - Setting next_dagrun for youtube_english_video_pipeline to 2026-09-04 12:00:00+00:00, run_after=2026-09-05 12:00:00+00:00
[2026-09-05T07:29:55.646+0000] {processor.py:183} INFO - Processing /opt/airflow/dags/youtube_pipeline.py took 0.120 seconds
[2026-09-05T07:30:25.834+0000] {processor.py:161} INFO - Started process (PID=27917) to work on /opt/airflow/dags/youtube_pipeline.py
[2026-09-05T07:30:25.835+0000] {processor.py:830} INFO - Processing file /opt/airflow/dags/youtube_pipeline.py for tasks to queue
[2026-09-05T07:30:25.838+0000] {logging_mixin.py:188} INFO - [2026-09-05T07:30:25.837+0000] {dagbag.py:545} INFO - Filling up the DagBag from /opt/airflow/dags/youtube_pipeline.py
[2026-09-05T07:30:25.888+0000] {processor.py:840} INFO - DAG(s) 'youtube_english_video_pipeline' retrieved from /opt/airflow/dags/youtube_pipeline.py
[2026-09-05T07:30:25.921+0000] {logging_mixin.py:188} INFO - [2026-09-05T07:30:25.921+0000] {dag.py:3089} INFO - Sync 1 DAGs
[2026-09-05T07:30:25.948+0000] {logging_mixin.py:188} INFO - [2026-09-05T07:30:25.948+0000] {dag.py:3947} INFO - Setting next_dagrun for youtube_english_video_pipeline to 2026-09-04 12:00:00+00:00, run_after=2026-09-05 12:00:00+00:00
[2026-09-05T07:30:25.963+0000] {processor.py:183} INFO - Processing /opt/airflow/dags/youtube_pipeline.py took 0.138 seconds
[2026-09-05T07:30:56.057+0000] {processor.py:161} INFO - Started process (PID=27922) to work on /opt/airflow/dags/youtube_pipeline.py
[2026-09-05T07:30:56.058+0000] {processor.py:830} INFO - Processing file /opt/airflow/dags/youtube_pipeline.py for tasks to queue
[2026-09-05T07:30:56.059+0000] {logging_mixin.py:188} INFO - [2026-09-05T07:30:56.059+0000] {dagbag.py:545} INFO - Filling up the DagBag from /opt/airflow/dags/youtube_pipeline.py
[2026-09-05T07:30:56.077+0000] {processor.py:840} INFO - DAG(s) 'youtube_english_video_pipeline' retrieved from /opt/airflow/dags/youtube_pipeline.py
[2026-09-05T07:30:56.105+0000] {logging_mixin.py:188} INFO - [2026-09-05T07:30:56.105+0000] {dag.py:3089} INFO - Sync 1 DAGs
[2026-09-05T07:30:56.119+0000] {logging_mixin.py:188} INFO - [2026-09-05T07:30:56.118+0000] {dag.py:3947} INFO - Setting next_dagrun for youtube_english_video_pipeline to 2026-09-04 12:00:00+00:00, run_after=2026-09-05 12:00:00+00:00
[2026-09-05T07:30:56.132+0000] {processor.py:183} INFO - Processing /opt/airflow/dags/youtube_pipeline.py took 0.081 seconds
[2026-09-05T07:31:26.309+0000] {processor.py:161} INFO - Started process (PID=27927) to work on /opt/airflow/dags/youtube_pipeline.py
[2026-09-05T07:31:26.310+0000] {processor.py:830} INFO - Processing file /opt/airflow/dags/youtube_pipeline.py for tasks to queue
[2026-09-05T07:31:26.311+0000] {logging_mixin.py:188} INFO - [2026-09-05T07:31:26.311+0000] {dagbag.py:545} INFO - Filling up the DagBag from /opt/airflow/dags/youtube_pipeline.py
[2026-09-05T07:31:26.329+0000] {processor.py:840} INFO - DAG(s) 'youtube_english_video_pipeline' retrieved from /opt/airflow/dags/youtube_pipeline.py
[2026-09-05T07:31:26.357+0000] {logging_mixin.py:188} INFO - [2026-09-05T07:31:26.357+0000] {dag.py:3089} INFO - Sync 1 DAGs
[2026-09-05T07:31:26.370+0000] {logging_mixin.py:188} INFO - [2026-09-05T07:31:26.370+0000] {dag.py:3947} INFO - Setting next_dagrun for youtube_english_video_pipeline to 2026-09-04 12:00:00+00:00, run_after=2026-09-05 12:00:00+00:00
[2026-09-05T07:31:26.385+0000] {processor.py:183} INFO - Processing /opt/airflow/dags/youtube_pipeline.py took 0.081 seconds
[2026-09-05T07:31:56.689+0000] {processor.py:161} INFO - Started process (PID=27932) to work on /opt/airflow/dags/youtube_pipeline.py
[2026-09-05T07:31:56.692+0000] {processor.py:830} INFO - Processing file /opt/airflow/dags/youtube_pipeline.py for tasks to queue
[2026-09-05T07:31:56.696+0000] {logging_mixin.py:188} INFO - [2026-09-05T07:31:56.695+0000] {dagbag.py:545} INFO - Filling up the DagBag from /opt/airflow/dags/youtube_pipeline.py
[2026-09-05T07:31:56.803+0000] {processor.py:840} INFO - DAG(s) 'youtube_english_video_pipeline' retrieved from /opt/airflow/dags/youtube_pipeline.py
[2026-09-05T07:31:56.837+0000] {logging_mixin.py:188} INFO - [2026-09-05T07:31:56.837+0000] {dag.py:3089} INFO - Sync 1 DAGs
[2026-09-05T07:31:56.856+0000] {logging_mixin.py:188} INFO - [2026-09-05T07:31:56.855+0000] {dag.py:3947} INFO - Setting next_dagrun for youtube_english_video_pipeline to 2026-09-04 12:00:00+00:00, run_after=2026-09-05 12:00:00+00:00
[2026-09-05T07:31:56.886+0000] {processor.py:183} INFO - Processing /opt/airflow/dags/youtube_pipeline.py took 0.211 seconds
[2026-09-05T07:32:27.244+0000] {processor.py:161} INFO - Started process (PID=27937) to work on /opt/airflow/dags/youtube_pipeline.py
[2026-09-05T07:32:27.247+0000] {processor.py:830} INFO - Processing file /opt/airflow/dags/youtube_pipeline.py for tasks to queue
[2026-09-05T07:32:27.250+0000] {logging_mixin.py:188} INFO - [2026-09-05T07:32:27.250+0000] {dagbag.py:545} INFO - Filling up the DagBag from /opt/airflow/dags/youtube_pipeline.py
[2026-09-05T07:32:27.321+0000] {processor.py:840} INFO - DAG(s) 'youtube_english_video_pipeline' retrieved from /opt/airflow/dags/youtube_pipeline.py
[2026-09-05T07:32:27.367+0000] {logging_mixin.py:188} INFO - [2026-09-05T07:32:27.367+0000] {dag.py:3089} INFO - Sync 1 DAGs
[2026-09-05T07:32:27.384+0000] {logging_mixin.py:188} INFO - [2026-09-05T07:32:27.384+0000] {dag.py:3947} INFO - Setting next_dagrun for youtube_english_video_pipeline to 2026-09-04 12:00:00+00:00, run_after=2026-09-05 12:00:00+00:00
[2026-09-05T07:32:27.405+0000] {processor.py:183} INFO - Processing /opt/airflow/dags/youtube_pipeline.py took 0.176 seconds
[2026-09-05T07:32:57.471+0000] {processor.py:161} INFO - Started process (PID=27942) to work on /opt/airflow/dags/youtube_pipeline.py
[2026-09-05T07:32:57.472+0000] {processor.py:830} INFO - Processing file /opt/airflow/dags/youtube_pipeline.py for tasks to queue
[2026-09-05T07:32:57.474+0000] {logging_mixin.py:188} INFO - [2026-09-05T07:32:57.474+0000] {dagbag.py:545} INFO - Filling up the DagBag from /opt/airflow/dags/youtube_pipeline.py
[2026-09-05T07:32:57.496+0000] {processor.py:840} INFO - DAG(s) 'youtube_english_video_pipeline' retrieved from /opt/airflow/dags/youtube_pipeline.py
[2026-09-05T07:32:57.531+0000] {logging_mixin.py:188} INFO - [2026-09-05T07:32:57.531+0000] {dag.py:3089} INFO - Sync 1 DAGs
[2026-09-05T07:32:57.548+0000] {logging_mixin.py:188} INFO - [2026-09-05T07:32:57.548+0000] {dag.py:3947} INFO - Setting next_dagrun for youtube_english_video_pipeline to 2026-09-04 12:00:00+00:00, run_after=2026-09-05 12:00:00+00:00
[2026-09-05T07:32:57.564+0000] {processor.py:183} INFO - Processing /opt/airflow/dags/youtube_pipeline.py took 0.098 seconds
[2026-09-05T07:33:27.877+0000] {processor.py:161} INFO - Started process (PID=27947) to work on /opt/airflow/dags/youtube_pipeline.py
[2026-09-05T07:33:27.880+0000] {processor.py:830} INFO - Processing file /opt/airflow/dags/youtube_pipeline.py for tasks to queue
[2026-09-05T07:33:27.882+0000] {logging_mixin.py:188} INFO - [2026-09-05T07:33:27.882+0000] {dagbag.py:545} INFO - Filling up the DagBag from /opt/airflow/dags/youtube_pipeline.py
[2026-09-05T07:33:27.965+0000] {processor.py:840} INFO - DAG(s) 'youtube_english_video_pipeline' retrieved from /opt/airflow/dags/youtube_pipeline.py
[2026-09-05T07:33:28.006+0000] {logging_mixin.py:188} INFO - [2026-09-05T07:33:28.006+0000] {dag.py:3089} INFO - Sync 1 DAGs
[2026-09-05T07:33:28.023+0000] {logging_mixin.py:188} INFO - [2026-09-05T07:33:28.023+0000] {dag.py:3947} INFO - Setting next_dagrun for youtube_english_video_pipeline to 2026-09-04 12:00:00+00:00, run_after=2026-09-05 12:00:00+00:00
[2026-09-05T07:33:28.044+0000] {processor.py:183} INFO - Processing /opt/airflow/dags/youtube_pipeline.py took 0.178 seconds
[2026-09-05T07:33:58.148+0000] {processor.py:161} INFO - Started process (PID=27952) to work on /opt/airflow/dags/youtube_pipeline.py
[2026-09-05T07:33:58.149+0000] {processor.py:830} INFO - Processing file /opt/airflow/dags/youtube_pipeline.py for tasks to queue
[2026-09-05T07:33:58.151+0000] {logging_mixin.py:188} INFO - [2026-09-05T07:33:58.151+0000] {dagbag.py:545} INFO - Filling up the DagBag from /opt/airflow/dags/youtube_pipeline.py
[2026-09-05T07:33:58.170+0000] {processor.py:840} INFO - DAG(s) 'youtube_english_video_pipeline' retrieved from /opt/airflow/dags/youtube_pipeline.py
[2026-09-05T07:33:58.200+0000] {logging_mixin.py:188} INFO - [2026-09-05T07:33:58.200+0000] {dag.py:3089} INFO - Sync 1 DAGs
[2026-09-05T07:33:58.214+0000] {logging_mixin.py:188} INFO - [2026-09-05T07:33:58.214+0000] {dag.py:3947} INFO - Setting next_dagrun for youtube_english_video_pipeline to 2026-09-04 12:00:00+00:00, run_after=2026-09-05 12:00:00+00:00
[2026-09-05T07:33:58.228+0000] {processor.py:183} INFO - Processing /opt/airflow/dags/youtube_pipeline.py took 0.085 seconds
[2026-09-05T07:34:28.420+0000] {processor.py:161} INFO - Started process (PID=27957) to work on /opt/airflow/dags/youtube_pipeline.py
[2026-09-05T07:34:28.421+0000] {processor.py:830} INFO - Processing file /opt/airflow/dags/youtube_pipeline.py for tasks to queue
[2026-09-05T07:34:28.422+0000] {logging_mixin.py:188} INFO - [2026-09-05T07:34:28.422+0000] {dagbag.py:545} INFO - Filling up the DagBag from /opt/airflow/dags/youtube_pipeline.py
[2026-09-05T07:34:28.458+0000] {processor.py:840} INFO - DAG(s) 'youtube_english_video_pipeline' retrieved from /opt/airflow/dags/youtube_pipeline.py
[2026-09-05T07:34:28.489+0000] {logging_mixin.py:188} INFO - [2026-09-05T07:34:28.489+0000] {dag.py:3089} INFO - Sync 1 DAGs
[2026-09-05T07:34:28.503+0000] {logging_mixin.py:188} INFO - [2026-09-05T07:34:28.503+0000] {dag.py:3947} INFO - Setting next_dagrun for youtube_english_video_pipeline to 2026-09-04 12:00:00+00:00, run_after=2026-09-05 12:00:00+00:00
[2026-09-05T07:34:28.517+0000] {processor.py:183} INFO - Processing /opt/airflow/dags/youtube_pipeline.py took 0.103 seconds
[2026-09-05T07:34:58.793+0000] {processor.py:161} INFO - Started process (PID=27962) to work on /opt/airflow/dags/youtube_pipeline.py
[2026-09-05T07:34:58.794+0000] {processor.py:830} INFO - Processing file /opt/airflow/dags/youtube_pipeline.py for tasks to queue
[2026-09-05T07:34:58.796+0000] {logging_mixin.py:188} INFO - [2026-09-05T07:34:58.795+0000] {dagbag.py:545} INFO - Filling up the DagBag from /opt/airflow/dags/youtube_pipeline.py
[2026-09-05T07:34:58.816+0000] {processor.py:840} INFO - DAG(s) 'youtube_english_video_pipeline' retrieved from /opt/airflow/dags/youtube_pipeline.py
[2026-09-05T07:34:58.844+0000] {logging_mixin.py:188} INFO - [2026-09-05T07:34:58.844+0000] {dag.py:3089} INFO - Sync 1 DAGs
[2026-09-05T07:34:58.857+0000] {logging_mixin.py:188} INFO - [2026-09-05T07:34:58.857+0000] {dag.py:3947} INFO - Setting next_dagrun for youtube_english_video_pipeline to 2026-09-04 12:00:00+00:00, run_after=2026-09-05 12:00:00+00:00
[2026-09-05T07:34:58.870+0000] {processor.py:183} INFO - Processing /opt/airflow/dags/youtube_pipeline.py took 0.082 seconds
[2026-09-05T07:35:29.039+0000] {processor.py:161} INFO - Started process (PID=27967) to work on /opt/airflow/dags/youtube_pipeline.py
[2026-09-05T07:35:29.040+0000] {processor.py:830} INFO - Processing file /opt/airflow/dags/youtube_pipeline.py for tasks to queue
[2026-09-05T07:35:29.042+0000] {logging_mixin.py:188} INFO - [2026-09-05T07:35:29.042+0000] {dagbag.py:545} INFO - Filling up the DagBag from /opt/airflow/dags/youtube_pipeline.py
[2026-09-05T07:35:29.080+0000] {processor.py:840} INFO - DAG(s) 'youtube_english_video_pipeline' retrieved from /opt/airflow/dags/youtube_pipeline.py
[2026-09-05T07:35:29.109+0000] {logging_mixin.py:188} INFO - [2026-09-05T07:35:29.108+0000] {dag.py:3089} INFO - Sync 1 DAGs
[2026-09-05T07:35:29.123+0000] {logging_mixin.py:188} INFO - [2026-09-05T07:35:29.123+0000] {dag.py:3947} INFO - Setting next_dagrun for youtube_english_video_pipeline to 2026-09-04 12:00:00+00:00, run_after=2026-09-05 12:00:00+00:00
[2026-09-05T07:35:29.136+0000] {processor.py:183} INFO - Processing /opt/airflow/dags/youtube_pipeline.py took 0.107 seconds
[2026-09-05T07:35:59.324+0000] {processor.py:161} INFO - Started process (PID=27972) to work on /opt/airflow/dags/youtube_pipeline.py
[2026-09-05T07:35:59.325+0000] {processor.py:830} INFO - Processing file /opt/airflow/dags/youtube_pipeline.py for tasks to queue
[2026-09-05T07:35:59.326+0000] {logging_mixin.py:188} INFO - [2026-09-05T07:35:59.326+0000] {dagbag.py:545} INFO - Filling up the DagBag from /opt/airflow/dags/youtube_pipeline.py
[2026-09-05T07:35:59.345+0000] {processor.py:840} INFO - DAG(s) 'youtube_english_video_pipeline' retrieved from /opt/airflow/dags/youtube_pipeline.py
[2026-09-05T07:35:59.374+0000] {logging_mixin.py:188} INFO - [2026-09-05T07:35:59.374+0000] {dag.py:3089} INFO - Sync 1 DAGs
[2026-09-05T07:35:59.389+0000] {logging_mixin.py:188} INFO - [2026-09-05T07:35:59.389+0000] {dag.py:3947} INFO - Setting next_dagrun for youtube_english_video_pipeline to 2026-09-04 12:00:00+00:00, run_after=2026-09-05 12:00:00+00:00
[2026-09-05T07:35:59.413+0000] {processor.py:183} INFO - Processing /opt/airflow/dags/youtube_pipeline.py took 0.094 seconds
[2026-09-05T07:36:29.691+0000] {processor.py:161} INFO - Started process (PID=27977) to work on /opt/airflow/dags/youtube_pipeline.py
[2026-09-05T07:36:29.692+0000] {processor.py:830} INFO - Processing file /opt/airflow/dags/youtube_pipeline.py for tasks to queue
[2026-09-05T07:36:29.694+0000] {logging_mixin.py:188} INFO - [2026-09-05T07:36:29.694+0000] {dagbag.py:545} INFO - Filling up the DagBag from /opt/airflow/dags/youtube_pipeline.py
[2026-09-05T07:36:29.717+0000] {processor.py:840} INFO - DAG(s) 'youtube_english_video_pipeline' retrieved from /opt/airflow/dags/youtube_pipeline.py
[2026-09-05T07:36:29.746+0000] {logging_mixin.py:188} INFO - [2026-09-05T07:36:29.746+0000] {dag.py:3089} INFO - Sync 1 DAGs
[2026-09-05T07:36:29.759+0000] {logging_mixin.py:188} INFO - [2026-09-05T07:36:29.759+0000] {dag.py:3947} INFO - Setting next_dagrun for youtube_english_video_pipeline to 2026-09-04 12:00:00+00:00, run_after=2026-09-05 12:00:00+00:00
[2026-09-05T07:36:29.772+0000] {processor.py:183} INFO - Processing /opt/airflow/dags/youtube_pipeline.py took 0.090 seconds
[2026-09-05T07:37:00.119+0000] {processor.py:161} INFO - Started process (PID=27982) to work on /opt/airflow/dags/youtube_pipeline.py
[2026-09-05T07:37:00.123+0000] {processor.py:830} INFO - Processing file /opt/airflow/dags/youtube_pipeline.py for tasks to queue
[2026-09-05T07:37:00.129+0000] {logging_mixin.py:188} INFO - [2026-09-05T07:37:00.128+0000] {dagbag.py:545} INFO - Filling up the DagBag from /opt/airflow/dags/youtube_pipeline.py
[2026-09-05T07:37:00.253+0000] {processor.py:840} INFO - DAG(s) 'youtube_english_video_pipeline' retrieved from /opt/airflow/dags/youtube_pipeline.py
[2026-09-05T07:37:00.295+0000] {logging_mixin.py:188} INFO - [2026-09-05T07:37:00.294+0000] {dag.py:3089} INFO - Sync 1 DAGs
[2026-09-05T07:37:00.318+0000] {logging_mixin.py:188} INFO - [2026-09-05T07:37:00.318+0000] {dag.py:3947} INFO - Setting next_dagrun for youtube_english_video_pipeline to 2026-09-04 12:00:00+00:00, run_after=2026-09-05 12:00:00+00:00
[2026-09-05T07:37:00.341+0000] {processor.py:183} INFO - Processing /opt/airflow/dags/youtube_pipeline.py took 0.230 seconds
[2026-09-05T07:37:30.595+0000] {processor.py:161} INFO - Started process (PID=27987) to work on /opt/airflow/dags/youtube_pipeline.py
[2026-09-05T07:37:30.596+0000] {processor.py:830} INFO - Processing file /opt/airflow/dags/youtube_pipeline.py for tasks to queue
[2026-09-05T07:37:30.598+0000] {logging_mixin.py:188} INFO - [2026-09-05T07:37:30.597+0000] {dagbag.py:545} INFO - Filling up the DagBag from /opt/airflow/dags/youtube_pipeline.py
[2026-09-05T07:37:30.629+0000] {processor.py:840} INFO - DAG(s) 'youtube_english_video_pipeline' retrieved from /opt/airflow/dags/youtube_pipeline.py
[2026-09-05T07:37:30.657+0000] {logging_mixin.py:188} INFO - [2026-09-05T07:37:30.657+0000] {dag.py:3089} INFO - Sync 1 DAGs
[2026-09-05T07:37:30.670+0000] {logging_mixin.py:188} INFO - [2026-09-05T07:37:30.670+0000] {dag.py:3947} INFO - Setting next_dagrun for youtube_english_video_pipeline to 2026-09-04 12:00:00+00:00, run_after=2026-09-05 12:00:00+00:00
[2026-09-05T07:37:30.693+0000] {processor.py:183} INFO - Processing /opt/airflow/dags/youtube_pipeline.py took 0.103 seconds
[2026-09-05T07:38:00.871+0000] {processor.py:161} INFO - Started process (PID=27992) to work on /opt/airflow/dags/youtube_pipeline.py
[2026-09-05T07:38:00.872+0000] {processor.py:830} INFO - Processing file /opt/airflow/dags/youtube_pipeline.py for tasks to queue
[2026-09-05T07:38:00.876+0000] {logging_mixin.py:188} INFO - [2026-09-05T07:38:00.876+0000] {dagbag.py:545} INFO - Filling up the DagBag from /opt/airflow/dags/youtube_pipeline.py
[2026-09-05T07:38:00.911+0000] {processor.py:840} INFO - DAG(s) 'youtube_english_video_pipeline' retrieved from /opt/airflow/dags/youtube_pipeline.py
[2026-09-05T07:38:00.948+0000] {logging_mixin.py:188} INFO - [2026-09-05T07:38:00.948+0000] {dag.py:3089} INFO - Sync 1 DAGs
[2026-09-05T07:38:00.965+0000] {logging_mixin.py:188} INFO - [2026-09-05T07:38:00.965+0000] {dag.py:3947} INFO - Setting next_dagrun for youtube_english_video_pipeline to 2026-09-04 12:00:00+00:00, run_after=2026-09-05 12:00:00+00:00
[2026-09-05T07:38:00.983+0000] {processor.py:183} INFO - Processing /opt/airflow/dags/youtube_pipeline.py took 0.122 seconds
[2026-09-05T07:38:31.198+0000] {processor.py:161} INFO - Started process (PID=27997) to work on /opt/airflow/dags/youtube_pipeline.py
[2026-09-05T07:38:31.199+0000] {processor.py:830} INFO - Processing file /opt/airflow/dags/youtube_pipeline.py for tasks to queue
[2026-09-05T07:38:31.201+0000] {logging_mixin.py:188} INFO - [2026-09-05T07:38:31.200+0000] {dagbag.py:545} INFO - Filling up the DagBag from /opt/airflow/dags/youtube_pipeline.py
[2026-09-05T07:38:31.219+0000] {processor.py:840} INFO - DAG(s) 'youtube_english_video_pipeline' retrieved from /opt/airflow/dags/youtube_pipeline.py
[2026-09-05T07:38:31.247+0000] {logging_mixin.py:188} INFO - [2026-09-05T07:38:31.247+0000] {dag.py:3089} INFO - Sync 1 DAGs
[2026-09-05T07:38:31.262+0000] {logging_mixin.py:188} INFO - [2026-09-05T07:38:31.262+0000] {dag.py:3947} INFO - Setting next_dagrun for youtube_english_video_pipeline to 2026-09-04 12:00:00+00:00, run_after=2026-09-05 12:00:00+00:00
[2026-09-05T07:38:31.275+0000] {processor.py:183} INFO - Processing /opt/airflow/dags/youtube_pipeline.py took 0.081 seconds
[2026-09-05T07:39:01.583+0000] {processor.py:161} INFO - Started process (PID=28002) to work on /opt/airflow/dags/youtube_pipeline.py
[2026-09-05T07:39:01.585+0000] {processor.py:830} INFO - Processing file /opt/airflow/dags/youtube_pipeline.py for tasks to queue
[2026-09-05T07:39:01.586+0000] {logging_mixin.py:188} INFO - [2026-09-05T07:39:01.586+0000] {dagbag.py:545} INFO - Filling up the DagBag from /opt/airflow/dags/youtube_pipeline.py
[2026-09-05T07:39:01.633+0000] {processor.py:840} INFO - DAG(s) 'youtube_english_video_pipeline' retrieved from /opt/airflow/dags/youtube_pipeline.py
[2026-09-05T07:39:01.664+0000] {logging_mixin.py:188} INFO - [2026-09-05T07:39:01.664+0000] {dag.py:3089} INFO - Sync 1 DAGs
[2026-09-05T07:39:01.679+0000] {logging_mixin.py:188} INFO - [2026-09-05T07:39:01.678+0000] {dag.py:3947} INFO - Setting next_dagrun for youtube_english_video_pipeline to 2026-09-04 12:00:00+00:00, run_after=2026-09-05 12:00:00+00:00
[2026-09-05T07:39:01.694+0000] {processor.py:183} INFO - Processing /opt/airflow/dags/youtube_pipeline.py took 0.119 seconds
[2026-09-05T07:39:31.889+0000] {processor.py:161} INFO - Started process (PID=28007) to work on /opt/airflow/dags/youtube_pipeline.py
[2026-09-05T07:39:31.890+0000] {processor.py:830} INFO - Processing file /opt/airflow/dags/youtube_pipeline.py for tasks to queue
[2026-09-05T07:39:31.892+0000] {logging_mixin.py:188} INFO - [2026-09-05T07:39:31.891+0000] {dagbag.py:545} INFO - Filling up the DagBag from /opt/airflow/dags/youtube_pipeline.py
[2026-09-05T07:39:31.913+0000] {processor.py:840} INFO - DAG(s) 'youtube_english_video_pipeline' retrieved from /opt/airflow/dags/youtube_pipeline.py
[2026-09-05T07:39:31.943+0000] {logging_mixin.py:188} INFO - [2026-09-05T07:39:31.943+0000] {dag.py:3089} INFO - Sync 1 DAGs
[2026-09-05T07:39:31.958+0000] {logging_mixin.py:188} INFO - [2026-09-05T07:39:31.958+0000] {dag.py:3947} INFO - Setting next_dagrun for youtube_english_video_pipeline to 2026-09-04 12:00:00+00:00, run_after=2026-09-05 12:00:00+00:00
[2026-09-05T07:39:31.981+0000] {processor.py:183} INFO - Processing /opt/airflow/dags/youtube_pipeline.py took 0.098 seconds
[2026-09-05T07:40:02.298+0000] {processor.py:161} INFO - Started process (PID=28012) to work on /opt/airflow/dags/youtube_pipeline.py
[2026-09-05T07:40:02.301+0000] {processor.py:830} INFO - Processing file /opt/airflow/dags/youtube_pipeline.py for tasks to queue
[2026-09-05T07:40:02.305+0000] {logging_mixin.py:188} INFO - [2026-09-05T07:40:02.304+0000] {dagbag.py:545} INFO - Filling up the DagBag from /opt/airflow/dags/youtube_pipeline.py
[2026-09-05T07:40:02.366+0000] {processor.py:840} INFO - DAG(s) 'youtube_english_video_pipeline' retrieved from /opt/airflow/dags/youtube_pipeline.py
[2026-09-05T07:40:02.401+0000] {logging_mixin.py:188} INFO - [2026-09-05T07:40:02.401+0000] {dag.py:3089} INFO - Sync 1 DAGs
[2026-09-05T07:40:02.417+0000] {logging_mixin.py:188} INFO - [2026-09-05T07:40:02.417+0000] {dag.py:3947} INFO - Setting next_dagrun for youtube_english_video_pipeline to 2026-09-04 12:00:00+00:00, run_after=2026-09-05 12:00:00+00:00
[2026-09-05T07:40:02.431+0000] {processor.py:183} INFO - Processing /opt/airflow/dags/youtube_pipeline.py took 0.146 seconds
[2026-09-05T07:40:32.588+0000] {processor.py:161} INFO - Started process (PID=28017) to work on /opt/airflow/dags/youtube_pipeline.py
[2026-09-05T07:40:32.589+0000] {processor.py:830} INFO - Processing file /opt/airflow/dags/youtube_pipeline.py for tasks to queue
[2026-09-05T07:40:32.590+0000] {logging_mixin.py:188} INFO - [2026-09-05T07:40:32.590+0000] {dagbag.py:545} INFO - Filling up the DagBag from /opt/airflow/dags/youtube_pipeline.py
[2026-09-05T07:40:32.609+0000] {processor.py:840} INFO - DAG(s) 'youtube_english_video_pipeline' retrieved from /opt/airflow/dags/youtube_pipeline.py
[2026-09-05T07:40:32.637+0000] {logging_mixin.py:188} INFO - [2026-09-05T07:40:32.637+0000] {dag.py:3089} INFO - Sync 1 DAGs
[2026-09-05T07:40:32.650+0000] {logging_mixin.py:188} INFO - [2026-09-05T07:40:32.650+0000] {dag.py:3947} INFO - Setting next_dagrun for youtube_english_video_pipeline to 2026-09-04 12:00:00+00:00, run_after=2026-09-05 12:00:00+00:00
[2026-09-05T07:40:32.665+0000] {processor.py:183} INFO - Processing /opt/airflow/dags/youtube_pipeline.py took 0.082 seconds
[2026-09-05T07:41:02.935+0000] {processor.py:161} INFO - Started process (PID=28022) to work on /opt/airflow/dags/youtube_pipeline.py
[2026-09-05T07:41:02.936+0000] {processor.py:830} INFO - Processing file /opt/airflow/dags/youtube_pipeline.py for tasks to queue
[2026-09-05T07:41:02.937+0000] {logging_mixin.py:188} INFO - [2026-09-05T07:41:02.937+0000] {dagbag.py:545} INFO - Filling up the DagBag from /opt/airflow/dags/youtube_pipeline.py
[2026-09-05T07:41:02.957+0000] {processor.py:840} INFO - DAG(s) 'youtube_english_video_pipeline' retrieved from /opt/airflow/dags/youtube_pipeline.py
[2026-09-05T07:41:02.987+0000] {logging_mixin.py:188} INFO - [2026-09-05T07:41:02.987+0000] {dag.py:3089} INFO - Sync 1 DAGs
[2026-09-05T07:41:03.001+0000] {logging_mixin.py:188} INFO - [2026-09-05T07:41:03.001+0000] {dag.py:3947} INFO - Setting next_dagrun for youtube_english_video_pipeline to 2026-09-04 12:00:00+00:00, run_after=2026-09-05 12:00:00+00:00
[2026-09-05T07:41:03.016+0000] {processor.py:183} INFO - Processing /opt/airflow/dags/youtube_pipeline.py took 0.087 seconds
[2026-09-05T07:41:33.242+0000] {processor.py:161} INFO - Started process (PID=28027) to work on /opt/airflow/dags/youtube_pipeline.py
[2026-09-05T07:41:33.244+0000] {processor.py:830} INFO - Processing file /opt/airflow/dags/youtube_pipeline.py for tasks to queue
[2026-09-05T07:41:33.245+0000] {logging_mixin.py:188} INFO - [2026-09-05T07:41:33.245+0000] {dagbag.py:545} INFO - Filling up the DagBag from /opt/airflow/dags/youtube_pipeline.py
[2026-09-05T07:41:33.320+0000] {processor.py:840} INFO - DAG(s) 'youtube_english_video_pipeline' retrieved from /opt/airflow/dags/youtube_pipeline.py
[2026-09-05T07:41:33.348+0000] {logging_mixin.py:188} INFO - [2026-09-05T07:41:33.348+0000] {dag.py:3089} INFO - Sync 1 DAGs
[2026-09-05T07:41:33.362+0000] {logging_mixin.py:188} INFO - [2026-09-05T07:41:33.362+0000] {dag.py:3947} INFO - Setting next_dagrun for youtube_english_video_pipeline to 2026-09-04 12:00:00+00:00, run_after=2026-09-05 12:00:00+00:00
[2026-09-05T07:41:33.376+0000] {processor.py:183} INFO - Processing /opt/airflow/dags/youtube_pipeline.py took 0.145 seconds
[2026-09-05T07:42:03.572+0000] {processor.py:161} INFO - Started process (PID=28032) to work on /opt/airflow/dags/youtube_pipeline.py
[2026-09-05T07:42:03.573+0000] {processor.py:830} INFO - Processing file /opt/airflow/dags/youtube_pipeline.py for tasks to queue
[2026-09-05T07:42:03.575+0000] {logging_mixin.py:188} INFO - [2026-09-05T07:42:03.575+0000] {dagbag.py:545} INFO - Filling up the DagBag from /opt/airflow/dags/youtube_pipeline.py
[2026-09-05T07:42:03.593+0000] {processor.py:840} INFO - DAG(s) 'youtube_english_video_pipeline' retrieved from /opt/airflow/dags/youtube_pipeline.py
[2026-09-05T07:42:03.621+0000] {logging_mixin.py:188} INFO - [2026-09-05T07:42:03.621+0000] {dag.py:3089} INFO - Sync 1 DAGs
[2026-09-05T07:42:03.636+0000] {logging_mixin.py:188} INFO - [2026-09-05T07:42:03.636+0000] {dag.py:3947} INFO - Setting next_dagrun for youtube_english_video_pipeline to 2026-09-04 12:00:00+00:00, run_after=2026-09-05 12:00:00+00:00
[2026-09-05T07:42:03.651+0000] {processor.py:183} INFO - Processing /opt/airflow/dags/youtube_pipeline.py took 0.084 seconds
[2026-09-05T07:42:33.946+0000] {processor.py:161} INFO - Started process (PID=28037) to work on /opt/airflow/dags/youtube_pipeline.py
[2026-09-05T07:42:33.948+0000] {processor.py:830} INFO - Processing file /opt/airflow/dags/youtube_pipeline.py for tasks to queue
[2026-09-05T07:42:33.951+0000] {logging_mixin.py:188} INFO - [2026-09-05T07:42:33.951+0000] {dagbag.py:545} INFO - Filling up the DagBag from /opt/airflow/dags/youtube_pipeline.py
[2026-09-05T07:42:34.047+0000] {processor.py:840} INFO - DAG(s) 'youtube_english_video_pipeline' retrieved from /opt/airflow/dags/youtube_pipeline.py
[2026-09-05T07:42:34.079+0000] {logging_mixin.py:188} INFO - [2026-09-05T07:42:34.079+0000] {dag.py:3089} INFO - Sync 1 DAGs
[2026-09-05T07:42:34.101+0000] {logging_mixin.py:188} INFO - [2026-09-05T07:42:34.101+0000] {dag.py:3947} INFO - Setting next_dagrun for youtube_english_video_pipeline to 2026-09-04 12:00:00+00:00, run_after=2026-09-05 12:00:00+00:00
[2026-09-05T07:42:34.129+0000] {processor.py:183} INFO - Processing /opt/airflow/dags/youtube_pipeline.py took 0.192 seconds
[2026-09-05T07:43:04.513+0000] {processor.py:161} INFO - Started process (PID=28042) to work on /opt/airflow/dags/youtube_pipeline.py
[2026-09-05T07:43:04.514+0000] {processor.py:830} INFO - Processing file /opt/airflow/dags/youtube_pipeline.py for tasks to queue
[2026-09-05T07:43:04.516+0000] {logging_mixin.py:188} INFO - [2026-09-05T07:43:04.516+0000] {dagbag.py:545} INFO - Filling up the DagBag from /opt/airflow/dags/youtube_pipeline.py
[2026-09-05T07:43:04.581+0000] {processor.py:840} INFO - DAG(s) 'youtube_english_video_pipeline' retrieved from /opt/airflow/dags/youtube_pipeline.py
[2026-09-05T07:43:04.617+0000] {logging_mixin.py:188} INFO - [2026-09-05T07:43:04.617+0000] {dag.py:3089} INFO - Sync 1 DAGs
[2026-09-05T07:43:04.631+0000] {logging_mixin.py:188} INFO - [2026-09-05T07:43:04.631+0000] {dag.py:3947} INFO - Setting next_dagrun for youtube_english_video_pipeline to 2026-09-04 12:00:00+00:00, run_after=2026-09-05 12:00:00+00:00
[2026-09-05T07:43:04.647+0000] {processor.py:183} INFO - Processing /opt/airflow/dags/youtube_pipeline.py took 0.141 seconds
[2026-09-05T07:43:34.756+0000] {processor.py:161} INFO - Started process (PID=28047) to work on /opt/airflow/dags/youtube_pipeline.py
[2026-09-05T07:43:34.757+0000] {processor.py:830} INFO - Processing file /opt/airflow/dags/youtube_pipeline.py for tasks to queue
[2026-09-05T07:43:34.759+0000] {logging_mixin.py:188} INFO - [2026-09-05T07:43:34.758+0000] {dagbag.py:545} INFO - Filling up the DagBag from /opt/airflow/dags/youtube_pipeline.py
[2026-09-05T07:43:34.779+0000] {processor.py:840} INFO - DAG(s) 'youtube_english_video_pipeline' retrieved from /opt/airflow/dags/youtube_pipeline.py
[2026-09-05T07:43:34.809+0000] {logging_mixin.py:188} INFO - [2026-09-05T07:43:34.809+0000] {dag.py:3089} INFO - Sync 1 DAGs
[2026-09-05T07:43:34.823+0000] {logging_mixin.py:188} INFO - [2026-09-05T07:43:34.823+0000] {dag.py:3947} INFO - Setting next_dagrun for youtube_english_video_pipeline to 2026-09-04 12:00:00+00:00, run_after=2026-09-05 12:00:00+00:00
[2026-09-05T07:43:34.839+0000] {processor.py:183} INFO - Processing /opt/airflow/dags/youtube_pipeline.py took 0.088 seconds
[2026-09-05T07:44:05.037+0000] {processor.py:161} INFO - Started process (PID=28052) to work on /opt/airflow/dags/youtube_pipeline.py
[2026-09-05T07:44:05.038+0000] {processor.py:830} INFO - Processing file /opt/airflow/dags/youtube_pipeline.py for tasks to queue
[2026-09-05T07:44:05.039+0000] {logging_mixin.py:188} INFO - [2026-09-05T07:44:05.039+0000] {dagbag.py:545} INFO - Filling up the DagBag from /opt/airflow/dags/youtube_pipeline.py
[2026-09-05T07:44:05.059+0000] {processor.py:840} INFO - DAG(s) 'youtube_english_video_pipeline' retrieved from /opt/airflow/dags/youtube_pipeline.py
[2026-09-05T07:44:05.087+0000] {logging_mixin.py:188} INFO - [2026-09-05T07:44:05.087+0000] {dag.py:3089} INFO - Sync 1 DAGs
[2026-09-05T07:44:05.101+0000] {logging_mixin.py:188} INFO - [2026-09-05T07:44:05.101+0000] {dag.py:3947} INFO - Setting next_dagrun for youtube_english_video_pipeline to 2026-09-04 12:00:00+00:00, run_after=2026-09-05 12:00:00+00:00
[2026-09-05T07:44:05.125+0000] {processor.py:183} INFO - Processing /opt/airflow/dags/youtube_pipeline.py took 0.094 seconds
[2026-09-05T07:44:35.374+0000] {processor.py:161} INFO - Started process (PID=28057) to work on /opt/airflow/dags/youtube_pipeline.py
[2026-09-05T07:44:35.375+0000] {processor.py:830} INFO - Processing file /opt/airflow/dags/youtube_pipeline.py for tasks to queue
[2026-09-05T07:44:35.376+0000] {logging_mixin.py:188} INFO - [2026-09-05T07:44:35.376+0000] {dagbag.py:545} INFO - Filling up the DagBag from /opt/airflow/dags/youtube_pipeline.py
[2026-09-05T07:44:35.425+0000] {processor.py:840} INFO - DAG(s) 'youtube_english_video_pipeline' retrieved from /opt/airflow/dags/youtube_pipeline.py
[2026-09-05T07:44:35.466+0000] {logging_mixin.py:188} INFO - [2026-09-05T07:44:35.466+0000] {dag.py:3089} INFO - Sync 1 DAGs
[2026-09-05T07:44:35.484+0000] {logging_mixin.py:188} INFO - [2026-09-05T07:44:35.484+0000] {dag.py:3947} INFO - Setting next_dagrun for youtube_english_video_pipeline to 2026-09-04 12:00:00+00:00, run_after=2026-09-05 12:00:00+00:00
[2026-09-05T07:44:35.503+0000] {processor.py:183} INFO - Processing /opt/airflow/dags/youtube_pipeline.py took 0.135 seconds
[2026-09-05T07:45:05.647+0000] {processor.py:161} INFO - Started process (PID=28062) to work on /opt/airflow/dags/youtube_pipeline.py
[2026-09-05T07:45:05.649+0000] {processor.py:830} INFO - Processing file /opt/airflow/dags/youtube_pipeline.py for tasks to queue
[2026-09-05T07:45:05.650+0000] {logging_mixin.py:188} INFO - [2026-09-05T07:45:05.650+0000] {dagbag.py:545} INFO - Filling up the DagBag from /opt/airflow/dags/youtube_pipeline.py
[2026-09-05T07:45:05.687+0000] {processor.py:840} INFO - DAG(s) 'youtube_english_video_pipeline' retrieved from /opt/airflow/dags/youtube_pipeline.py
[2026-09-05T07:45:05.722+0000] {logging_mixin.py:188} INFO - [2026-09-05T07:45:05.722+0000] {dag.py:3089} INFO - Sync 1 DAGs
[2026-09-05T07:45:05.738+0000] {logging_mixin.py:188} INFO - [2026-09-05T07:45:05.738+0000] {dag.py:3947} INFO - Setting next_dagrun for youtube_english_video_pipeline to 2026-09-04 12:00:00+00:00, run_after=2026-09-05 12:00:00+00:00
[2026-09-05T07:45:05.753+0000] {processor.py:183} INFO - Processing /opt/airflow/dags/youtube_pipeline.py took 0.113 seconds
[2026-09-05T07:45:35.998+0000] {processor.py:161} INFO - Started process (PID=28067) to work on /opt/airflow/dags/youtube_pipeline.py
[2026-09-05T07:45:35.999+0000] {processor.py:830} INFO - Processing file /opt/airflow/dags/youtube_pipeline.py for tasks to queue
[2026-09-05T07:45:36.001+0000] {logging_mixin.py:188} INFO - [2026-09-05T07:45:36.001+0000] {dagbag.py:545} INFO - Filling up the DagBag from /opt/airflow/dags/youtube_pipeline.py
[2026-09-05T07:45:36.068+0000] {processor.py:840} INFO - DAG(s) 'youtube_english_video_pipeline' retrieved from /opt/airflow/dags/youtube_pipeline.py
[2026-09-05T07:45:36.104+0000] {logging_mixin.py:188} INFO - [2026-09-05T07:45:36.104+0000] {dag.py:3089} INFO - Sync 1 DAGs
[2026-09-05T07:45:36.120+0000] {logging_mixin.py:188} INFO - [2026-09-05T07:45:36.119+0000] {dag.py:3947} INFO - Setting next_dagrun for youtube_english_video_pipeline to 2026-09-04 12:00:00+00:00, run_after=2026-09-05 12:00:00+00:00
[2026-09-05T07:45:36.136+0000] {processor.py:183} INFO - Processing /opt/airflow/dags/youtube_pipeline.py took 0.145 seconds
[2026-09-05T07:46:06.243+0000] {processor.py:161} INFO - Started process (PID=28072) to work on /opt/airflow/dags/youtube_pipeline.py
[2026-09-05T07:46:06.244+0000] {processor.py:830} INFO - Processing file /opt/airflow/dags/youtube_pipeline.py for tasks to queue
[2026-09-05T07:46:06.246+0000] {logging_mixin.py:188} INFO - [2026-09-05T07:46:06.246+0000] {dagbag.py:545} INFO - Filling up the DagBag from /opt/airflow/dags/youtube_pipeline.py
[2026-09-05T07:46:06.274+0000] {processor.py:840} INFO - DAG(s) 'youtube_english_video_pipeline' retrieved from /opt/airflow/dags/youtube_pipeline.py
[2026-09-05T07:46:06.302+0000] {logging_mixin.py:188} INFO - [2026-09-05T07:46:06.302+0000] {dag.py:3089} INFO - Sync 1 DAGs
[2026-09-05T07:46:06.316+0000] {logging_mixin.py:188} INFO - [2026-09-05T07:46:06.316+0000] {dag.py:3947} INFO - Setting next_dagrun for youtube_english_video_pipeline to 2026-09-04 12:00:00+00:00, run_after=2026-09-05 12:00:00+00:00
[2026-09-05T07:46:06.330+0000] {processor.py:183} INFO - Processing /opt/airflow/dags/youtube_pipeline.py took 0.092 seconds
[2026-09-05T07:46:36.520+0000] {processor.py:161} INFO - Started process (PID=28077) to work on /opt/airflow/dags/youtube_pipeline.py
[2026-09-05T07:46:36.522+0000] {processor.py:830} INFO - Processing file /opt/airflow/dags/youtube_pipeline.py for tasks to queue
[2026-09-05T07:46:36.524+0000] {logging_mixin.py:188} INFO - [2026-09-05T07:46:36.523+0000] {dagbag.py:545} INFO - Filling up the DagBag from /opt/airflow/dags/youtube_pipeline.py
[2026-09-05T07:46:36.559+0000] {processor.py:840} INFO - DAG(s) 'youtube_english_video_pipeline' retrieved from /opt/airflow/dags/youtube_pipeline.py
[2026-09-05T07:46:36.591+0000] {logging_mixin.py:188} INFO - [2026-09-05T07:46:36.591+0000] {dag.py:3089} INFO - Sync 1 DAGs
[2026-09-05T07:46:36.606+0000] {logging_mixin.py:188} INFO - [2026-09-05T07:46:36.606+0000] {dag.py:3947} INFO - Setting next_dagrun for youtube_english_video_pipeline to 2026-09-04 12:00:00+00:00, run_after=2026-09-05 12:00:00+00:00
[2026-09-05T07:46:36.626+0000] {processor.py:183} INFO - Processing /opt/airflow/dags/youtube_pipeline.py took 0.111 seconds
[2026-09-05T07:47:06.885+0000] {processor.py:161} INFO - Started process (PID=28082) to work on /opt/airflow/dags/youtube_pipeline.py
[2026-09-05T07:47:06.885+0000] {processor.py:830} INFO - Processing file /opt/airflow/dags/youtube_pipeline.py for tasks to queue
[2026-09-05T07:47:06.887+0000] {logging_mixin.py:188} INFO - [2026-09-05T07:47:06.887+0000] {dagbag.py:545} INFO - Filling up the DagBag from /opt/airflow/dags/youtube_pipeline.py
[2026-09-05T07:47:06.933+0000] {processor.py:840} INFO - DAG(s) 'youtube_english_video_pipeline' retrieved from /opt/airflow/dags/youtube_pipeline.py
[2026-09-05T07:47:06.964+0000] {logging_mixin.py:188} INFO - [2026-09-05T07:47:06.964+0000] {dag.py:3089} INFO - Sync 1 DAGs
[2026-09-05T07:47:06.978+0000] {logging_mixin.py:188} INFO - [2026-09-05T07:47:06.978+0000] {dag.py:3947} INFO - Setting next_dagrun for youtube_english_video_pipeline to 2026-09-04 12:00:00+00:00, run_after=2026-09-05 12:00:00+00:00
[2026-09-05T07:47:06.992+0000] {processor.py:183} INFO - Processing /opt/airflow/dags/youtube_pipeline.py took 0.113 seconds
[2026-09-05T07:47:37.157+0000] {processor.py:161} INFO - Started process (PID=28087) to work on /opt/airflow/dags/youtube_pipeline.py
[2026-09-05T07:47:37.161+0000] {processor.py:830} INFO - Processing file /opt/airflow/dags/youtube_pipeline.py for tasks to queue
[2026-09-05T07:47:37.163+0000] {logging_mixin.py:188} INFO - [2026-09-05T07:47:37.163+0000] {dagbag.py:545} INFO - Filling up the DagBag from /opt/airflow/dags/youtube_pipeline.py
[2026-09-05T07:47:37.202+0000] {processor.py:840} INFO - DAG(s) 'youtube_english_video_pipeline' retrieved from /opt/airflow/dags/youtube_pipeline.py
[2026-09-05T07:47:37.230+0000] {logging_mixin.py:188} INFO - [2026-09-05T07:47:37.230+0000] {dag.py:3089} INFO - Sync 1 DAGs
[2026-09-05T07:47:37.244+0000] {logging_mixin.py:188} INFO - [2026-09-05T07:47:37.244+0000] {dag.py:3947} INFO - Setting next_dagrun for youtube_english_video_pipeline to 2026-09-04 12:00:00+00:00, run_after=2026-09-05 12:00:00+00:00
[2026-09-05T07:47:37.260+0000] {processor.py:183} INFO - Processing /opt/airflow/dags/youtube_pipeline.py took 0.108 seconds
[2026-09-05T07:48:07.456+0000] {processor.py:161} INFO - Started process (PID=28092) to work on /opt/airflow/dags/youtube_pipeline.py
[2026-09-05T07:48:07.458+0000] {processor.py:830} INFO - Processing file /opt/airflow/dags/youtube_pipeline.py for tasks to queue
[2026-09-05T07:48:07.461+0000] {logging_mixin.py:188} INFO - [2026-09-05T07:48:07.460+0000] {dagbag.py:545} INFO - Filling up the DagBag from /opt/airflow/dags/youtube_pipeline.py
[2026-09-05T07:48:07.502+0000] {processor.py:840} INFO - DAG(s) 'youtube_english_video_pipeline' retrieved from /opt/airflow/dags/youtube_pipeline.py
[2026-09-05T07:48:07.532+0000] {logging_mixin.py:188} INFO - [2026-09-05T07:48:07.532+0000] {dag.py:3089} INFO - Sync 1 DAGs
[2026-09-05T07:48:07.551+0000] {logging_mixin.py:188} INFO - [2026-09-05T07:48:07.551+0000] {dag.py:3947} INFO - Setting next_dagrun for youtube_english_video_pipeline to 2026-09-04 12:00:00+00:00, run_after=2026-09-05 12:00:00+00:00
[2026-09-05T07:48:07.573+0000] {processor.py:183} INFO - Processing /opt/airflow/dags/youtube_pipeline.py took 0.125 seconds
[2026-09-05T07:48:37.709+0000] {processor.py:161} INFO - Started process (PID=28097) to work on /opt/airflow/dags/youtube_pipeline.py
[2026-09-05T07:48:37.710+0000] {processor.py:830} INFO - Processing file /opt/airflow/dags/youtube_pipeline.py for tasks to queue
[2026-09-05T07:48:37.712+0000] {logging_mixin.py:188} INFO - [2026-09-05T07:48:37.711+0000] {dagbag.py:545} INFO - Filling up the DagBag from /opt/airflow/dags/youtube_pipeline.py
[2026-09-05T07:48:37.730+0000] {processor.py:840} INFO - DAG(s) 'youtube_english_video_pipeline' retrieved from /opt/airflow/dags/youtube_pipeline.py
[2026-09-05T07:48:37.760+0000] {logging_mixin.py:188} INFO - [2026-09-05T07:48:37.760+0000] {dag.py:3089} INFO - Sync 1 DAGs
[2026-09-05T07:48:37.773+0000] {logging_mixin.py:188} INFO - [2026-09-05T07:48:37.773+0000] {dag.py:3947} INFO - Setting next_dagrun for youtube_english_video_pipeline to 2026-09-04 12:00:00+00:00, run_after=2026-09-05 12:00:00+00:00
[2026-09-05T07:48:37.789+0000] {processor.py:183} INFO - Processing /opt/airflow/dags/youtube_pipeline.py took 0.085 seconds
[2026-09-05T07:49:07.930+0000] {processor.py:161} INFO - Started process (PID=28102) to work on /opt/airflow/dags/youtube_pipeline.py
[2026-09-05T07:49:07.931+0000] {processor.py:830} INFO - Processing file /opt/airflow/dags/youtube_pipeline.py for tasks to queue
[2026-09-05T07:49:07.933+0000] {logging_mixin.py:188} INFO - [2026-09-05T07:49:07.933+0000] {dagbag.py:545} INFO - Filling up the DagBag from /opt/airflow/dags/youtube_pipeline.py
[2026-09-05T07:49:07.951+0000] {processor.py:840} INFO - DAG(s) 'youtube_english_video_pipeline' retrieved from /opt/airflow/dags/youtube_pipeline.py
[2026-09-05T07:49:07.979+0000] {logging_mixin.py:188} INFO - [2026-09-05T07:49:07.979+0000] {dag.py:3089} INFO - Sync 1 DAGs
[2026-09-05T07:49:07.993+0000] {logging_mixin.py:188} INFO - [2026-09-05T07:49:07.993+0000] {dag.py:3947} INFO - Setting next_dagrun for youtube_english_video_pipeline to 2026-09-04 12:00:00+00:00, run_after=2026-09-05 12:00:00+00:00
[2026-09-05T07:49:08.007+0000] {processor.py:183} INFO - Processing /opt/airflow/dags/youtube_pipeline.py took 0.083 seconds
[2026-09-05T07:49:38.167+0000] {processor.py:161} INFO - Started process (PID=28107) to work on /opt/airflow/dags/youtube_pipeline.py
[2026-09-05T07:49:38.168+0000] {processor.py:830} INFO - Processing file /opt/airflow/dags/youtube_pipeline.py for tasks to queue
[2026-09-05T07:49:38.170+0000] {logging_mixin.py:188} INFO - [2026-09-05T07:49:38.170+0000] {dagbag.py:545} INFO - Filling up the DagBag from /opt/airflow/dags/youtube_pipeline.py
[2026-09-05T07:49:38.188+0000] {processor.py:840} INFO - DAG(s) 'youtube_english_video_pipeline' retrieved from /opt/airflow/dags/youtube_pipeline.py
[2026-09-05T07:49:38.216+0000] {logging_mixin.py:188} INFO - [2026-09-05T07:49:38.216+0000] {dag.py:3089} INFO - Sync 1 DAGs
[2026-09-05T07:49:38.231+0000] {logging_mixin.py:188} INFO - [2026-09-05T07:49:38.230+0000] {dag.py:3947} INFO - Setting next_dagrun for youtube_english_video_pipeline to 2026-09-04 12:00:00+00:00, run_after=2026-09-05 12:00:00+00:00
[2026-09-05T07:49:38.244+0000] {processor.py:183} INFO - Processing /opt/airflow/dags/youtube_pipeline.py took 0.082 seconds
[2026-09-05T07:50:08.515+0000] {processor.py:161} INFO - Started process (PID=28112) to work on /opt/airflow/dags/youtube_pipeline.py
[2026-09-05T07:50:08.516+0000] {processor.py:830} INFO - Processing file /opt/airflow/dags/youtube_pipeline.py for tasks to queue
[2026-09-05T07:50:08.518+0000] {logging_mixin.py:188} INFO - [2026-09-05T07:50:08.517+0000] {dagbag.py:545} INFO - Filling up the DagBag from /opt/airflow/dags/youtube_pipeline.py
[2026-09-05T07:50:08.552+0000] {processor.py:840} INFO - DAG(s) 'youtube_english_video_pipeline' retrieved from /opt/airflow/dags/youtube_pipeline.py
[2026-09-05T07:50:08.581+0000] {logging_mixin.py:188} INFO - [2026-09-05T07:50:08.581+0000] {dag.py:3089} INFO - Sync 1 DAGs
[2026-09-05T07:50:08.595+0000] {logging_mixin.py:188} INFO - [2026-09-05T07:50:08.595+0000] {dag.py:3947} INFO - Setting next_dagrun for youtube_english_video_pipeline to 2026-09-04 12:00:00+00:00, run_after=2026-09-05 12:00:00+00:00
[2026-09-05T07:50:08.612+0000] {processor.py:183} INFO - Processing /opt/airflow/dags/youtube_pipeline.py took 0.104 seconds
[2026-09-05T07:50:38.743+0000] {processor.py:161} INFO - Started process (PID=28117) to work on /opt/airflow/dags/youtube_pipeline.py
[2026-09-05T07:50:38.744+0000] {processor.py:830} INFO - Processing file /opt/airflow/dags/youtube_pipeline.py for tasks to queue
[2026-09-05T07:50:38.746+0000] {logging_mixin.py:188} INFO - [2026-09-05T07:50:38.745+0000] {dagbag.py:545} INFO - Filling up the DagBag from /opt/airflow/dags/youtube_pipeline.py
[2026-09-05T07:50:38.766+0000] {processor.py:840} INFO - DAG(s) 'youtube_english_video_pipeline' retrieved from /opt/airflow/dags/youtube_pipeline.py
[2026-09-05T07:50:38.795+0000] {logging_mixin.py:188} INFO - [2026-09-05T07:50:38.795+0000] {dag.py:3089} INFO - Sync 1 DAGs
[2026-09-05T07:50:38.808+0000] {logging_mixin.py:188} INFO - [2026-09-05T07:50:38.808+0000] {dag.py:3947} INFO - Setting next_dagrun for youtube_english_video_pipeline to 2026-09-04 12:00:00+00:00, run_after=2026-09-05 12:00:00+00:00
[2026-09-05T07:50:38.822+0000] {processor.py:183} INFO - Processing /opt/airflow/dags/youtube_pipeline.py took 0.084 seconds
[2026-09-05T07:51:09.051+0000] {processor.py:161} INFO - Started process (PID=28122) to work on /opt/airflow/dags/youtube_pipeline.py
[2026-09-05T07:51:09.053+0000] {processor.py:830} INFO - Processing file /opt/airflow/dags/youtube_pipeline.py for tasks to queue
[2026-09-05T07:51:09.055+0000] {logging_mixin.py:188} INFO - [2026-09-05T07:51:09.054+0000] {dagbag.py:545} INFO - Filling up the DagBag from /opt/airflow/dags/youtube_pipeline.py
[2026-09-05T07:51:09.089+0000] {processor.py:840} INFO - DAG(s) 'youtube_english_video_pipeline' retrieved from /opt/airflow/dags/youtube_pipeline.py
[2026-09-05T07:51:09.117+0000] {logging_mixin.py:188} INFO - [2026-09-05T07:51:09.117+0000] {dag.py:3089} INFO - Sync 1 DAGs
[2026-09-05T07:51:09.133+0000] {logging_mixin.py:188} INFO - [2026-09-05T07:51:09.133+0000] {dag.py:3947} INFO - Setting next_dagrun for youtube_english_video_pipeline to 2026-09-04 12:00:00+00:00, run_after=2026-09-05 12:00:00+00:00
[2026-09-05T07:51:09.152+0000] {processor.py:183} INFO - Processing /opt/airflow/dags/youtube_pipeline.py took 0.106 seconds
[2026-09-05T07:51:39.279+0000] {processor.py:161} INFO - Started process (PID=28127) to work on /opt/airflow/dags/youtube_pipeline.py
[2026-09-05T07:51:39.280+0000] {processor.py:830} INFO - Processing file /opt/airflow/dags/youtube_pipeline.py for tasks to queue
[2026-09-05T07:51:39.281+0000] {logging_mixin.py:188} INFO - [2026-09-05T07:51:39.281+0000] {dagbag.py:545} INFO - Filling up the DagBag from /opt/airflow/dags/youtube_pipeline.py
[2026-09-05T07:51:39.305+0000] {processor.py:840} INFO - DAG(s) 'youtube_english_video_pipeline' retrieved from /opt/airflow/dags/youtube_pipeline.py
[2026-09-05T07:51:39.335+0000] {logging_mixin.py:188} INFO - [2026-09-05T07:51:39.335+0000] {dag.py:3089} INFO - Sync 1 DAGs
[2026-09-05T07:51:39.349+0000] {logging_mixin.py:188} INFO - [2026-09-05T07:51:39.349+0000] {dag.py:3947} INFO - Setting next_dagrun for youtube_english_video_pipeline to 2026-09-04 12:00:00+00:00, run_after=2026-09-05 12:00:00+00:00
[2026-09-05T07:51:39.366+0000] {processor.py:183} INFO - Processing /opt/airflow/dags/youtube_pipeline.py took 0.092 seconds
[2026-09-05T07:52:09.681+0000] {processor.py:161} INFO - Started process (PID=28132) to work on /opt/airflow/dags/youtube_pipeline.py
[2026-09-05T07:52:09.682+0000] {processor.py:830} INFO - Processing file /opt/airflow/dags/youtube_pipeline.py for tasks to queue
[2026-09-05T07:52:09.684+0000] {logging_mixin.py:188} INFO - [2026-09-05T07:52:09.684+0000] {dagbag.py:545} INFO - Filling up the DagBag from /opt/airflow/dags/youtube_pipeline.py
[2026-09-05T07:52:09.739+0000] {processor.py:840} INFO - DAG(s) 'youtube_english_video_pipeline' retrieved from /opt/airflow/dags/youtube_pipeline.py
[2026-09-05T07:52:09.785+0000] {logging_mixin.py:188} INFO - [2026-09-05T07:52:09.785+0000] {dag.py:3089} INFO - Sync 1 DAGs
[2026-09-05T07:52:09.804+0000] {logging_mixin.py:188} INFO - [2026-09-05T07:52:09.804+0000] {dag.py:3947} INFO - Setting next_dagrun for youtube_english_video_pipeline to 2026-09-04 12:00:00+00:00, run_after=2026-09-05 12:00:00+00:00
[2026-09-05T07:52:09.820+0000] {processor.py:183} INFO - Processing /opt/airflow/dags/youtube_pipeline.py took 0.148 seconds
[2026-09-05T07:52:39.882+0000] {processor.py:161} INFO - Started process (PID=28137) to work on /opt/airflow/dags/youtube_pipeline.py
[2026-09-05T07:52:39.883+0000] {processor.py:830} INFO - Processing file /opt/airflow/dags/youtube_pipeline.py for tasks to queue
[2026-09-05T07:52:39.884+0000] {logging_mixin.py:188} INFO - [2026-09-05T07:52:39.884+0000] {dagbag.py:545} INFO - Filling up the DagBag from /opt/airflow/dags/youtube_pipeline.py
[2026-09-05T07:52:39.904+0000] {processor.py:840} INFO - DAG(s) 'youtube_english_video_pipeline' retrieved from /opt/airflow/dags/youtube_pipeline.py
[2026-09-05T07:52:39.933+0000] {logging_mixin.py:188} INFO - [2026-09-05T07:52:39.932+0000] {dag.py:3089} INFO - Sync 1 DAGs
[2026-09-05T07:52:39.946+0000] {logging_mixin.py:188} INFO - [2026-09-05T07:52:39.946+0000] {dag.py:3947} INFO - Setting next_dagrun for youtube_english_video_pipeline to 2026-09-04 12:00:00+00:00, run_after=2026-09-05 12:00:00+00:00
[2026-09-05T07:52:39.961+0000] {processor.py:183} INFO - Processing /opt/airflow/dags/youtube_pipeline.py took 0.084 seconds
[2026-09-05T07:53:10.134+0000] {processor.py:161} INFO - Started process (PID=28142) to work on /opt/airflow/dags/youtube_pipeline.py
[2026-09-05T07:53:10.134+0000] {processor.py:830} INFO - Processing file /opt/airflow/dags/youtube_pipeline.py for tasks to queue
[2026-09-05T07:53:10.136+0000] {logging_mixin.py:188} INFO - [2026-09-05T07:53:10.136+0000] {dagbag.py:545} INFO - Filling up the DagBag from /opt/airflow/dags/youtube_pipeline.py
[2026-09-05T07:53:10.156+0000] {processor.py:840} INFO - DAG(s) 'youtube_english_video_pipeline' retrieved from /opt/airflow/dags/youtube_pipeline.py
[2026-09-05T07:53:10.185+0000] {logging_mixin.py:188} INFO - [2026-09-05T07:53:10.185+0000] {dag.py:3089} INFO - Sync 1 DAGs
[2026-09-05T07:53:10.200+0000] {logging_mixin.py:188} INFO - [2026-09-05T07:53:10.200+0000] {dag.py:3947} INFO - Setting next_dagrun for youtube_english_video_pipeline to 2026-09-04 12:00:00+00:00, run_after=2026-09-05 12:00:00+00:00
[2026-09-05T07:53:10.214+0000] {processor.py:183} INFO - Processing /opt/airflow/dags/youtube_pipeline.py took 0.085 seconds
[2026-09-05T07:53:40.513+0000] {processor.py:161} INFO - Started process (PID=28147) to work on /opt/airflow/dags/youtube_pipeline.py
[2026-09-05T07:53:40.521+0000] {processor.py:830} INFO - Processing file /opt/airflow/dags/youtube_pipeline.py for tasks to queue
[2026-09-05T07:53:40.527+0000] {logging_mixin.py:188} INFO - [2026-09-05T07:53:40.526+0000] {dagbag.py:545} INFO - Filling up the DagBag from /opt/airflow/dags/youtube_pipeline.py
[2026-09-05T07:53:40.672+0000] {processor.py:840} INFO - DAG(s) 'youtube_english_video_pipeline' retrieved from /opt/airflow/dags/youtube_pipeline.py
[2026-09-05T07:53:40.708+0000] {logging_mixin.py:188} INFO - [2026-09-05T07:53:40.708+0000] {dag.py:3089} INFO - Sync 1 DAGs
[2026-09-05T07:53:40.728+0000] {logging_mixin.py:188} INFO - [2026-09-05T07:53:40.728+0000] {dag.py:3947} INFO - Setting next_dagrun for youtube_english_video_pipeline to 2026-09-04 12:00:00+00:00, run_after=2026-09-05 12:00:00+00:00
[2026-09-05T07:53:40.752+0000] {processor.py:183} INFO - Processing /opt/airflow/dags/youtube_pipeline.py took 0.245 seconds
[2026-09-05T07:54:11.040+0000] {processor.py:161} INFO - Started process (PID=28152) to work on /opt/airflow/dags/youtube_pipeline.py
[2026-09-05T07:54:11.041+0000] {processor.py:830} INFO - Processing file /opt/airflow/dags/youtube_pipeline.py for tasks to queue
[2026-09-05T07:54:11.043+0000] {logging_mixin.py:188} INFO - [2026-09-05T07:54:11.042+0000] {dagbag.py:545} INFO - Filling up the DagBag from /opt/airflow/dags/youtube_pipeline.py
[2026-09-05T07:54:11.082+0000] {processor.py:840} INFO - DAG(s) 'youtube_english_video_pipeline' retrieved from /opt/airflow/dags/youtube_pipeline.py
[2026-09-05T07:54:11.112+0000] {logging_mixin.py:188} INFO - [2026-09-05T07:54:11.112+0000] {dag.py:3089} INFO - Sync 1 DAGs
[2026-09-05T07:54:11.127+0000] {logging_mixin.py:188} INFO - [2026-09-05T07:54:11.127+0000] {dag.py:3947} INFO - Setting next_dagrun for youtube_english_video_pipeline to 2026-09-04 12:00:00+00:00, run_after=2026-09-05 12:00:00+00:00
[2026-09-05T07:54:11.142+0000] {processor.py:183} INFO - Processing /opt/airflow/dags/youtube_pipeline.py took 0.111 seconds
[2026-09-05T07:54:41.286+0000] {processor.py:161} INFO - Started process (PID=28157) to work on /opt/airflow/dags/youtube_pipeline.py
[2026-09-05T07:54:41.287+0000] {processor.py:830} INFO - Processing file /opt/airflow/dags/youtube_pipeline.py for tasks to queue
[2026-09-05T07:54:41.289+0000] {logging_mixin.py:188} INFO - [2026-09-05T07:54:41.289+0000] {dagbag.py:545} INFO - Filling up the DagBag from /opt/airflow/dags/youtube_pipeline.py
[2026-09-05T07:54:41.307+0000] {processor.py:840} INFO - DAG(s) 'youtube_english_video_pipeline' retrieved from /opt/airflow/dags/youtube_pipeline.py
[2026-09-05T07:54:41.336+0000] {logging_mixin.py:188} INFO - [2026-09-05T07:54:41.335+0000] {dag.py:3089} INFO - Sync 1 DAGs
[2026-09-05T07:54:41.349+0000] {logging_mixin.py:188} INFO - [2026-09-05T07:54:41.349+0000] {dag.py:3947} INFO - Setting next_dagrun for youtube_english_video_pipeline to 2026-09-04 12:00:00+00:00, run_after=2026-09-05 12:00:00+00:00
[2026-09-05T07:54:41.364+0000] {processor.py:183} INFO - Processing /opt/airflow/dags/youtube_pipeline.py took 0.084 seconds
[2026-09-05T07:55:11.511+0000] {processor.py:161} INFO - Started process (PID=28162) to work on /opt/airflow/dags/youtube_pipeline.py
[2026-09-05T07:55:11.512+0000] {processor.py:830} INFO - Processing file /opt/airflow/dags/youtube_pipeline.py for tasks to queue
[2026-09-05T07:55:11.514+0000] {logging_mixin.py:188} INFO - [2026-09-05T07:55:11.514+0000] {dagbag.py:545} INFO - Filling up the DagBag from /opt/airflow/dags/youtube_pipeline.py
[2026-09-05T07:55:11.540+0000] {processor.py:840} INFO - DAG(s) 'youtube_english_video_pipeline' retrieved from /opt/airflow/dags/youtube_pipeline.py
[2026-09-05T07:55:11.572+0000] {logging_mixin.py:188} INFO - [2026-09-05T07:55:11.572+0000] {dag.py:3089} INFO - Sync 1 DAGs
[2026-09-05T07:55:11.589+0000] {logging_mixin.py:188} INFO - [2026-09-05T07:55:11.589+0000] {dag.py:3947} INFO - Setting next_dagrun for youtube_english_video_pipeline to 2026-09-04 12:00:00+00:00, run_after=2026-09-05 12:00:00+00:00
[2026-09-05T07:55:11.606+0000] {processor.py:183} INFO - Processing /opt/airflow/dags/youtube_pipeline.py took 0.101 seconds
[2026-09-05T07:55:41.747+0000] {processor.py:161} INFO - Started process (PID=28167) to work on /opt/airflow/dags/youtube_pipeline.py
[2026-09-05T07:55:41.748+0000] {processor.py:830} INFO - Processing file /opt/airflow/dags/youtube_pipeline.py for tasks to queue
[2026-09-05T07:55:41.750+0000] {logging_mixin.py:188} INFO - [2026-09-05T07:55:41.749+0000] {dagbag.py:545} INFO - Filling up the DagBag from /opt/airflow/dags/youtube_pipeline.py
[2026-09-05T07:55:41.769+0000] {processor.py:840} INFO - DAG(s) 'youtube_english_video_pipeline' retrieved from /opt/airflow/dags/youtube_pipeline.py
[2026-09-05T07:55:41.801+0000] {logging_mixin.py:188} INFO - [2026-09-05T07:55:41.801+0000] {dag.py:3089} INFO - Sync 1 DAGs
[2026-09-05T07:55:41.814+0000] {logging_mixin.py:188} INFO - [2026-09-05T07:55:41.814+0000] {dag.py:3947} INFO - Setting next_dagrun for youtube_english_video_pipeline to 2026-09-04 12:00:00+00:00, run_after=2026-09-05 12:00:00+00:00
[2026-09-05T07:55:41.827+0000] {processor.py:183} INFO - Processing /opt/airflow/dags/youtube_pipeline.py took 0.085 seconds
[2026-09-05T07:56:12.075+0000] {processor.py:161} INFO - Started process (PID=28172) to work on /opt/airflow/dags/youtube_pipeline.py
[2026-09-05T07:56:12.076+0000] {processor.py:830} INFO - Processing file /opt/airflow/dags/youtube_pipeline.py for tasks to queue
[2026-09-05T07:56:12.077+0000] {logging_mixin.py:188} INFO - [2026-09-05T07:56:12.077+0000] {dagbag.py:545} INFO - Filling up the DagBag from /opt/airflow/dags/youtube_pipeline.py
[2026-09-05T07:56:12.099+0000] {processor.py:840} INFO - DAG(s) 'youtube_english_video_pipeline' retrieved from /opt/airflow/dags/youtube_pipeline.py
[2026-09-05T07:56:12.127+0000] {logging_mixin.py:188} INFO - [2026-09-05T07:56:12.127+0000] {dag.py:3089} INFO - Sync 1 DAGs
[2026-09-05T07:56:12.140+0000] {logging_mixin.py:188} INFO - [2026-09-05T07:56:12.140+0000] {dag.py:3947} INFO - Setting next_dagrun for youtube_english_video_pipeline to 2026-09-04 12:00:00+00:00, run_after=2026-09-05 12:00:00+00:00
[2026-09-05T07:56:12.154+0000] {processor.py:183} INFO - Processing /opt/airflow/dags/youtube_pipeline.py took 0.084 seconds
[2026-09-05T07:56:42.345+0000] {processor.py:161} INFO - Started process (PID=28177) to work on /opt/airflow/dags/youtube_pipeline.py
[2026-09-05T07:56:42.346+0000] {processor.py:830} INFO - Processing file /opt/airflow/dags/youtube_pipeline.py for tasks to queue
[2026-09-05T07:56:42.349+0000] {logging_mixin.py:188} INFO - [2026-09-05T07:56:42.349+0000] {dagbag.py:545} INFO - Filling up the DagBag from /opt/airflow/dags/youtube_pipeline.py
[2026-09-05T07:56:42.382+0000] {processor.py:840} INFO - DAG(s) 'youtube_english_video_pipeline' retrieved from /opt/airflow/dags/youtube_pipeline.py
[2026-09-05T07:56:42.412+0000] {logging_mixin.py:188} INFO - [2026-09-05T07:56:42.412+0000] {dag.py:3089} INFO - Sync 1 DAGs
[2026-09-05T07:56:42.432+0000] {logging_mixin.py:188} INFO - [2026-09-05T07:56:42.432+0000] {dag.py:3947} INFO - Setting next_dagrun for youtube_english_video_pipeline to 2026-09-04 12:00:00+00:00, run_after=2026-09-05 12:00:00+00:00
[2026-09-05T07:56:42.446+0000] {processor.py:183} INFO - Processing /opt/airflow/dags/youtube_pipeline.py took 0.108 seconds
[2026-09-05T07:57:12.624+0000] {processor.py:161} INFO - Started process (PID=28182) to work on /opt/airflow/dags/youtube_pipeline.py
[2026-09-05T07:57:12.625+0000] {processor.py:830} INFO - Processing file /opt/airflow/dags/youtube_pipeline.py for tasks to queue
[2026-09-05T07:57:12.626+0000] {logging_mixin.py:188} INFO - [2026-09-05T07:57:12.626+0000] {dagbag.py:545} INFO - Filling up the DagBag from /opt/airflow/dags/youtube_pipeline.py
[2026-09-05T07:57:12.646+0000] {processor.py:840} INFO - DAG(s) 'youtube_english_video_pipeline' retrieved from /opt/airflow/dags/youtube_pipeline.py
[2026-09-05T07:57:12.674+0000] {logging_mixin.py:188} INFO - [2026-09-05T07:57:12.674+0000] {dag.py:3089} INFO - Sync 1 DAGs
[2026-09-05T07:57:12.689+0000] {logging_mixin.py:188} INFO - [2026-09-05T07:57:12.689+0000] {dag.py:3947} INFO - Setting next_dagrun for youtube_english_video_pipeline to 2026-09-04 12:00:00+00:00, run_after=2026-09-05 12:00:00+00:00
[2026-09-05T07:57:12.704+0000] {processor.py:183} INFO - Processing /opt/airflow/dags/youtube_pipeline.py took 0.085 seconds
[2026-09-05T07:57:42.994+0000] {processor.py:161} INFO - Started process (PID=28187) to work on /opt/airflow/dags/youtube_pipeline.py
[2026-09-05T07:57:42.996+0000] {processor.py:830} INFO - Processing file /opt/airflow/dags/youtube_pipeline.py for tasks to queue
[2026-09-05T07:57:42.998+0000] {logging_mixin.py:188} INFO - [2026-09-05T07:57:42.998+0000] {dagbag.py:545} INFO - Filling up the DagBag from /opt/airflow/dags/youtube_pipeline.py
[2026-09-05T07:57:43.029+0000] {processor.py:840} INFO - DAG(s) 'youtube_english_video_pipeline' retrieved from /opt/airflow/dags/youtube_pipeline.py
[2026-09-05T07:57:43.060+0000] {logging_mixin.py:188} INFO - [2026-09-05T07:57:43.060+0000] {dag.py:3089} INFO - Sync 1 DAGs
[2026-09-05T07:57:43.077+0000] {logging_mixin.py:188} INFO - [2026-09-05T07:57:43.077+0000] {dag.py:3947} INFO - Setting next_dagrun for youtube_english_video_pipeline to 2026-09-04 12:00:00+00:00, run_after=2026-09-05 12:00:00+00:00
[2026-09-05T07:57:43.094+0000] {processor.py:183} INFO - Processing /opt/airflow/dags/youtube_pipeline.py took 0.105 seconds
[2026-09-05T07:58:13.308+0000] {processor.py:161} INFO - Started process (PID=28192) to work on /opt/airflow/dags/youtube_pipeline.py
[2026-09-05T07:58:13.309+0000] {processor.py:830} INFO - Processing file /opt/airflow/dags/youtube_pipeline.py for tasks to queue
[2026-09-05T07:58:13.311+0000] {logging_mixin.py:188} INFO - [2026-09-05T07:58:13.311+0000] {dagbag.py:545} INFO - Filling up the DagBag from /opt/airflow/dags/youtube_pipeline.py
[2026-09-05T07:58:13.330+0000] {processor.py:840} INFO - DAG(s) 'youtube_english_video_pipeline' retrieved from /opt/airflow/dags/youtube_pipeline.py
[2026-09-05T07:58:13.358+0000] {logging_mixin.py:188} INFO - [2026-09-05T07:58:13.357+0000] {dag.py:3089} INFO - Sync 1 DAGs
[2026-09-05T07:58:13.371+0000] {logging_mixin.py:188} INFO - [2026-09-05T07:58:13.371+0000] {dag.py:3947} INFO - Setting next_dagrun for youtube_english_video_pipeline to 2026-09-04 12:00:00+00:00, run_after=2026-09-05 12:00:00+00:00
[2026-09-05T07:58:13.387+0000] {processor.py:183} INFO - Processing /opt/airflow/dags/youtube_pipeline.py took 0.083 seconds
[2026-09-05T07:58:43.561+0000] {processor.py:161} INFO - Started process (PID=28197) to work on /opt/airflow/dags/youtube_pipeline.py
[2026-09-05T07:58:43.562+0000] {processor.py:830} INFO - Processing file /opt/airflow/dags/youtube_pipeline.py for tasks to queue
[2026-09-05T07:58:43.564+0000] {logging_mixin.py:188} INFO - [2026-09-05T07:58:43.563+0000] {dagbag.py:545} INFO - Filling up the DagBag from /opt/airflow/dags/youtube_pipeline.py
[2026-09-05T07:58:43.582+0000] {processor.py:840} INFO - DAG(s) 'youtube_english_video_pipeline' retrieved from /opt/airflow/dags/youtube_pipeline.py
[2026-09-05T07:58:43.611+0000] {logging_mixin.py:188} INFO - [2026-09-05T07:58:43.611+0000] {dag.py:3089} INFO - Sync 1 DAGs
[2026-09-05T07:58:43.625+0000] {logging_mixin.py:188} INFO - [2026-09-05T07:58:43.625+0000] {dag.py:3947} INFO - Setting next_dagrun for youtube_english_video_pipeline to 2026-09-04 12:00:00+00:00, run_after=2026-09-05 12:00:00+00:00
[2026-09-05T07:58:43.638+0000] {processor.py:183} INFO - Processing /opt/airflow/dags/youtube_pipeline.py took 0.083 seconds
[2026-09-05T07:59:14.025+0000] {processor.py:161} INFO - Started process (PID=28202) to work on /opt/airflow/dags/youtube_pipeline.py
[2026-09-05T07:59:14.028+0000] {processor.py:830} INFO - Processing file /opt/airflow/dags/youtube_pipeline.py for tasks to queue
[2026-09-05T07:59:14.034+0000] {logging_mixin.py:188} INFO - [2026-09-05T07:59:14.034+0000] {dagbag.py:545} INFO - Filling up the DagBag from /opt/airflow/dags/youtube_pipeline.py
[2026-09-05T07:59:14.165+0000] {processor.py:840} INFO - DAG(s) 'youtube_english_video_pipeline' retrieved from /opt/airflow/dags/youtube_pipeline.py
[2026-09-05T07:59:14.197+0000] {logging_mixin.py:188} INFO - [2026-09-05T07:59:14.196+0000] {dag.py:3089} INFO - Sync 1 DAGs
[2026-09-05T07:59:14.212+0000] {logging_mixin.py:188} INFO - [2026-09-05T07:59:14.212+0000] {dag.py:3947} INFO - Setting next_dagrun for youtube_english_video_pipeline to 2026-09-04 12:00:00+00:00, run_after=2026-09-05 12:00:00+00:00
[2026-09-05T07:59:14.235+0000] {processor.py:183} INFO - Processing /opt/airflow/dags/youtube_pipeline.py took 0.219 seconds
[2026-09-05T07:59:44.473+0000] {processor.py:161} INFO - Started process (PID=28207) to work on /opt/airflow/dags/youtube_pipeline.py
[2026-09-05T07:59:44.474+0000] {processor.py:830} INFO - Processing file /opt/airflow/dags/youtube_pipeline.py for tasks to queue
[2026-09-05T07:59:44.476+0000] {logging_mixin.py:188} INFO - [2026-09-05T07:59:44.476+0000] {dagbag.py:545} INFO - Filling up the DagBag from /opt/airflow/dags/youtube_pipeline.py
[2026-09-05T07:59:44.498+0000] {processor.py:840} INFO - DAG(s) 'youtube_english_video_pipeline' retrieved from /opt/airflow/dags/youtube_pipeline.py
[2026-09-05T07:59:44.527+0000] {logging_mixin.py:188} INFO - [2026-09-05T07:59:44.527+0000] {dag.py:3089} INFO - Sync 1 DAGs
[2026-09-05T07:59:44.542+0000] {logging_mixin.py:188} INFO - [2026-09-05T07:59:44.541+0000] {dag.py:3947} INFO - Setting next_dagrun for youtube_english_video_pipeline to 2026-09-04 12:00:00+00:00, run_after=2026-09-05 12:00:00+00:00
[2026-09-05T07:59:44.564+0000] {processor.py:183} INFO - Processing /opt/airflow/dags/youtube_pipeline.py took 0.100 seconds
[2026-09-05T08:00:14.715+0000] {processor.py:161} INFO - Started process (PID=28212) to work on /opt/airflow/dags/youtube_pipeline.py
[2026-09-05T08:00:14.716+0000] {processor.py:830} INFO - Processing file /opt/airflow/dags/youtube_pipeline.py for tasks to queue
[2026-09-05T08:00:14.718+0000] {logging_mixin.py:188} INFO - [2026-09-05T08:00:14.718+0000] {dagbag.py:545} INFO - Filling up the DagBag from /opt/airflow/dags/youtube_pipeline.py
[2026-09-05T08:00:14.754+0000] {processor.py:840} INFO - DAG(s) 'youtube_english_video_pipeline' retrieved from /opt/airflow/dags/youtube_pipeline.py
[2026-09-05T08:00:14.788+0000] {logging_mixin.py:188} INFO - [2026-09-05T08:00:14.788+0000] {dag.py:3089} INFO - Sync 1 DAGs
[2026-09-05T08:00:14.803+0000] {logging_mixin.py:188} INFO - [2026-09-05T08:00:14.803+0000] {dag.py:3947} INFO - Setting next_dagrun for youtube_english_video_pipeline to 2026-09-04 12:00:00+00:00, run_after=2026-09-05 12:00:00+00:00
[2026-09-05T08:00:14.819+0000] {processor.py:183} INFO - Processing /opt/airflow/dags/youtube_pipeline.py took 0.113 seconds
[2026-09-05T08:00:45.221+0000] {processor.py:161} INFO - Started process (PID=28217) to work on /opt/airflow/dags/youtube_pipeline.py
[2026-09-05T08:00:45.222+0000] {processor.py:830} INFO - Processing file /opt/airflow/dags/youtube_pipeline.py for tasks to queue
[2026-09-05T08:00:45.223+0000] {logging_mixin.py:188} INFO - [2026-09-05T08:00:45.223+0000] {dagbag.py:545} INFO - Filling up the DagBag from /opt/airflow/dags/youtube_pipeline.py
[2026-09-05T08:00:45.244+0000] {processor.py:840} INFO - DAG(s) 'youtube_english_video_pipeline' retrieved from /opt/airflow/dags/youtube_pipeline.py
[2026-09-05T08:00:45.272+0000] {logging_mixin.py:188} INFO - [2026-09-05T08:00:45.271+0000] {dag.py:3089} INFO - Sync 1 DAGs
[2026-09-05T08:00:45.286+0000] {logging_mixin.py:188} INFO - [2026-09-05T08:00:45.285+0000] {dag.py:3947} INFO - Setting next_dagrun for youtube_english_video_pipeline to 2026-09-04 12:00:00+00:00, run_after=2026-09-05 12:00:00+00:00
[2026-09-05T08:00:45.299+0000] {processor.py:183} INFO - Processing /opt/airflow/dags/youtube_pipeline.py took 0.086 seconds
[2026-09-05T08:01:15.452+0000] {processor.py:161} INFO - Started process (PID=28222) to work on /opt/airflow/dags/youtube_pipeline.py
[2026-09-05T08:01:15.453+0000] {processor.py:830} INFO - Processing file /opt/airflow/dags/youtube_pipeline.py for tasks to queue
[2026-09-05T08:01:15.454+0000] {logging_mixin.py:188} INFO - [2026-09-05T08:01:15.454+0000] {dagbag.py:545} INFO - Filling up the DagBag from /opt/airflow/dags/youtube_pipeline.py
[2026-09-05T08:01:15.474+0000] {processor.py:840} INFO - DAG(s) 'youtube_english_video_pipeline' retrieved from /opt/airflow/dags/youtube_pipeline.py
[2026-09-05T08:01:15.502+0000] {logging_mixin.py:188} INFO - [2026-09-05T08:01:15.502+0000] {dag.py:3089} INFO - Sync 1 DAGs
[2026-09-05T08:01:15.515+0000] {logging_mixin.py:188} INFO - [2026-09-05T08:01:15.515+0000] {dag.py:3947} INFO - Setting next_dagrun for youtube_english_video_pipeline to 2026-09-04 12:00:00+00:00, run_after=2026-09-05 12:00:00+00:00
[2026-09-05T08:01:15.529+0000] {processor.py:183} INFO - Processing /opt/airflow/dags/youtube_pipeline.py took 0.083 seconds
[2026-09-05T08:01:45.732+0000] {processor.py:161} INFO - Started process (PID=28227) to work on /opt/airflow/dags/youtube_pipeline.py
[2026-09-05T08:01:45.733+0000] {processor.py:830} INFO - Processing file /opt/airflow/dags/youtube_pipeline.py for tasks to queue
[2026-09-05T08:01:45.734+0000] {logging_mixin.py:188} INFO - [2026-09-05T08:01:45.734+0000] {dagbag.py:545} INFO - Filling up the DagBag from /opt/airflow/dags/youtube_pipeline.py
[2026-09-05T08:01:45.752+0000] {processor.py:840} INFO - DAG(s) 'youtube_english_video_pipeline' retrieved from /opt/airflow/dags/youtube_pipeline.py
[2026-09-05T08:01:45.780+0000] {logging_mixin.py:188} INFO - [2026-09-05T08:01:45.780+0000] {dag.py:3089} INFO - Sync 1 DAGs
[2026-09-05T08:01:45.794+0000] {logging_mixin.py:188} INFO - [2026-09-05T08:01:45.794+0000] {dag.py:3947} INFO - Setting next_dagrun for youtube_english_video_pipeline to 2026-09-04 12:00:00+00:00, run_after=2026-09-05 12:00:00+00:00
[2026-09-05T08:01:45.809+0000] {processor.py:183} INFO - Processing /opt/airflow/dags/youtube_pipeline.py took 0.082 seconds
[2026-09-05T08:02:16.002+0000] {processor.py:161} INFO - Started process (PID=28232) to work on /opt/airflow/dags/youtube_pipeline.py
[2026-09-05T08:02:16.003+0000] {processor.py:830} INFO - Processing file /opt/airflow/dags/youtube_pipeline.py for tasks to queue
[2026-09-05T08:02:16.005+0000] {logging_mixin.py:188} INFO - [2026-09-05T08:02:16.005+0000] {dagbag.py:545} INFO - Filling up the DagBag from /opt/airflow/dags/youtube_pipeline.py
[2026-09-05T08:02:16.027+0000] {processor.py:840} INFO - DAG(s) 'youtube_english_video_pipeline' retrieved from /opt/airflow/dags/youtube_pipeline.py
[2026-09-05T08:02:16.054+0000] {logging_mixin.py:188} INFO - [2026-09-05T08:02:16.054+0000] {dag.py:3089} INFO - Sync 1 DAGs
[2026-09-05T08:02:16.069+0000] {logging_mixin.py:188} INFO - [2026-09-05T08:02:16.069+0000] {dag.py:3947} INFO - Setting next_dagrun for youtube_english_video_pipeline to 2026-09-04 12:00:00+00:00, run_after=2026-09-05 12:00:00+00:00
[2026-09-05T08:02:16.085+0000] {processor.py:183} INFO - Processing /opt/airflow/dags/youtube_pipeline.py took 0.087 seconds
[2026-09-05T08:02:46.274+0000] {processor.py:161} INFO - Started process (PID=28237) to work on /opt/airflow/dags/youtube_pipeline.py
[2026-09-05T08:02:46.275+0000] {processor.py:830} INFO - Processing file /opt/airflow/dags/youtube_pipeline.py for tasks to queue
[2026-09-05T08:02:46.277+0000] {logging_mixin.py:188} INFO - [2026-09-05T08:02:46.276+0000] {dagbag.py:545} INFO - Filling up the DagBag from /opt/airflow/dags/youtube_pipeline.py
[2026-09-05T08:02:46.309+0000] {processor.py:840} INFO - DAG(s) 'youtube_english_video_pipeline' retrieved from /opt/airflow/dags/youtube_pipeline.py
[2026-09-05T08:02:46.343+0000] {logging_mixin.py:188} INFO - [2026-09-05T08:02:46.343+0000] {dag.py:3089} INFO - Sync 1 DAGs
[2026-09-05T08:02:46.366+0000] {logging_mixin.py:188} INFO - [2026-09-05T08:02:46.365+0000] {dag.py:3947} INFO - Setting next_dagrun for youtube_english_video_pipeline to 2026-09-04 12:00:00+00:00, run_after=2026-09-05 12:00:00+00:00
[2026-09-05T08:02:46.386+0000] {processor.py:183} INFO - Processing /opt/airflow/dags/youtube_pipeline.py took 0.118 seconds
[2026-09-05T08:03:16.568+0000] {processor.py:161} INFO - Started process (PID=28242) to work on /opt/airflow/dags/youtube_pipeline.py
[2026-09-05T08:03:16.569+0000] {processor.py:830} INFO - Processing file /opt/airflow/dags/youtube_pipeline.py for tasks to queue
[2026-09-05T08:03:16.571+0000] {logging_mixin.py:188} INFO - [2026-09-05T08:03:16.570+0000] {dagbag.py:545} INFO - Filling up the DagBag from /opt/airflow/dags/youtube_pipeline.py
[2026-09-05T08:03:16.603+0000] {processor.py:840} INFO - DAG(s) 'youtube_english_video_pipeline' retrieved from /opt/airflow/dags/youtube_pipeline.py
[2026-09-05T08:03:16.633+0000] {logging_mixin.py:188} INFO - [2026-09-05T08:03:16.633+0000] {dag.py:3089} INFO - Sync 1 DAGs
[2026-09-05T08:03:16.647+0000] {logging_mixin.py:188} INFO - [2026-09-05T08:03:16.647+0000] {dag.py:3947} INFO - Setting next_dagrun for youtube_english_video_pipeline to 2026-09-04 12:00:00+00:00, run_after=2026-09-05 12:00:00+00:00
[2026-09-05T08:03:16.666+0000] {processor.py:183} INFO - Processing /opt/airflow/dags/youtube_pipeline.py took 0.104 seconds
[2026-09-05T08:03:46.862+0000] {processor.py:161} INFO - Started process (PID=28247) to work on /opt/airflow/dags/youtube_pipeline.py
[2026-09-05T08:03:46.863+0000] {processor.py:830} INFO - Processing file /opt/airflow/dags/youtube_pipeline.py for tasks to queue
[2026-09-05T08:03:46.865+0000] {logging_mixin.py:188} INFO - [2026-09-05T08:03:46.865+0000] {dagbag.py:545} INFO - Filling up the DagBag from /opt/airflow/dags/youtube_pipeline.py
[2026-09-05T08:03:46.890+0000] {processor.py:840} INFO - DAG(s) 'youtube_english_video_pipeline' retrieved from /opt/airflow/dags/youtube_pipeline.py
[2026-09-05T08:03:46.928+0000] {logging_mixin.py:188} INFO - [2026-09-05T08:03:46.928+0000] {dag.py:3089} INFO - Sync 1 DAGs
[2026-09-05T08:03:46.946+0000] {logging_mixin.py:188} INFO - [2026-09-05T08:03:46.945+0000] {dag.py:3947} INFO - Setting next_dagrun for youtube_english_video_pipeline to 2026-09-04 12:00:00+00:00, run_after=2026-09-05 12:00:00+00:00
[2026-09-05T08:03:46.960+0000] {processor.py:183} INFO - Processing /opt/airflow/dags/youtube_pipeline.py took 0.105 seconds
[2026-09-05T08:04:17.155+0000] {processor.py:161} INFO - Started process (PID=28252) to work on /opt/airflow/dags/youtube_pipeline.py
[2026-09-05T08:04:17.156+0000] {processor.py:830} INFO - Processing file /opt/airflow/dags/youtube_pipeline.py for tasks to queue
[2026-09-05T08:04:17.157+0000] {logging_mixin.py:188} INFO - [2026-09-05T08:04:17.157+0000] {dagbag.py:545} INFO - Filling up the DagBag from /opt/airflow/dags/youtube_pipeline.py
[2026-09-05T08:04:17.176+0000] {processor.py:840} INFO - DAG(s) 'youtube_english_video_pipeline' retrieved from /opt/airflow/dags/youtube_pipeline.py
[2026-09-05T08:04:17.204+0000] {logging_mixin.py:188} INFO - [2026-09-05T08:04:17.204+0000] {dag.py:3089} INFO - Sync 1 DAGs
[2026-09-05T08:04:17.218+0000] {logging_mixin.py:188} INFO - [2026-09-05T08:04:17.218+0000] {dag.py:3947} INFO - Setting next_dagrun for youtube_english_video_pipeline to 2026-09-04 12:00:00+00:00, run_after=2026-09-05 12:00:00+00:00
[2026-09-05T08:04:17.241+0000] {processor.py:183} INFO - Processing /opt/airflow/dags/youtube_pipeline.py took 0.092 seconds
[2026-09-05T08:04:47.489+0000] {processor.py:161} INFO - Started process (PID=28257) to work on /opt/airflow/dags/youtube_pipeline.py
[2026-09-05T08:04:47.493+0000] {processor.py:830} INFO - Processing file /opt/airflow/dags/youtube_pipeline.py for tasks to queue
[2026-09-05T08:04:47.496+0000] {logging_mixin.py:188} INFO - [2026-09-05T08:04:47.496+0000] {dagbag.py:545} INFO - Filling up the DagBag from /opt/airflow/dags/youtube_pipeline.py
[2026-09-05T08:04:47.603+0000] {processor.py:840} INFO - DAG(s) 'youtube_english_video_pipeline' retrieved from /opt/airflow/dags/youtube_pipeline.py
[2026-09-05T08:04:47.643+0000] {logging_mixin.py:188} INFO - [2026-09-05T08:04:47.643+0000] {dag.py:3089} INFO - Sync 1 DAGs
[2026-09-05T08:04:47.662+0000] {logging_mixin.py:188} INFO - [2026-09-05T08:04:47.662+0000] {dag.py:3947} INFO - Setting next_dagrun for youtube_english_video_pipeline to 2026-09-04 12:00:00+00:00, run_after=2026-09-05 12:00:00+00:00
[2026-09-05T08:04:47.685+0000] {processor.py:183} INFO - Processing /opt/airflow/dags/youtube_pipeline.py took 0.212 seconds
[2026-09-05T08:05:17.868+0000] {processor.py:161} INFO - Started process (PID=28262) to work on /opt/airflow/dags/youtube_pipeline.py
[2026-09-05T08:05:17.869+0000] {processor.py:830} INFO - Processing file /opt/airflow/dags/youtube_pipeline.py for tasks to queue
[2026-09-05T08:05:17.870+0000] {logging_mixin.py:188} INFO - [2026-09-05T08:05:17.870+0000] {dagbag.py:545} INFO - Filling up the DagBag from /opt/airflow/dags/youtube_pipeline.py
[2026-09-05T08:05:17.889+0000] {processor.py:840} INFO - DAG(s) 'youtube_english_video_pipeline' retrieved from /opt/airflow/dags/youtube_pipeline.py
[2026-09-05T08:05:17.918+0000] {logging_mixin.py:188} INFO - [2026-09-05T08:05:17.918+0000] {dag.py:3089} INFO - Sync 1 DAGs
[2026-09-05T08:05:17.933+0000] {logging_mixin.py:188} INFO - [2026-09-05T08:05:17.933+0000] {dag.py:3947} INFO - Setting next_dagrun for youtube_english_video_pipeline to 2026-09-04 12:00:00+00:00, run_after=2026-09-05 12:00:00+00:00
[2026-09-05T08:05:17.949+0000] {processor.py:183} INFO - Processing /opt/airflow/dags/youtube_pipeline.py took 0.087 seconds
[2026-09-05T08:05:48.108+0000] {processor.py:161} INFO - Started process (PID=28267) to work on /opt/airflow/dags/youtube_pipeline.py
[2026-09-05T08:05:48.109+0000] {processor.py:830} INFO - Processing file /opt/airflow/dags/youtube_pipeline.py for tasks to queue
[2026-09-05T08:05:48.110+0000] {logging_mixin.py:188} INFO - [2026-09-05T08:05:48.110+0000] {dagbag.py:545} INFO - Filling up the DagBag from /opt/airflow/dags/youtube_pipeline.py
[2026-09-05T08:05:48.137+0000] {processor.py:840} INFO - DAG(s) 'youtube_english_video_pipeline' retrieved from /opt/airflow/dags/youtube_pipeline.py
[2026-09-05T08:05:48.165+0000] {logging_mixin.py:188} INFO - [2026-09-05T08:05:48.165+0000] {dag.py:3089} INFO - Sync 1 DAGs
[2026-09-05T08:05:48.180+0000] {logging_mixin.py:188} INFO - [2026-09-05T08:05:48.180+0000] {dag.py:3947} INFO - Setting next_dagrun for youtube_english_video_pipeline to 2026-09-04 12:00:00+00:00, run_after=2026-09-05 12:00:00+00:00
[2026-09-05T08:05:48.193+0000] {processor.py:183} INFO - Processing /opt/airflow/dags/youtube_pipeline.py took 0.091 seconds
[2026-09-05T08:06:18.420+0000] {processor.py:161} INFO - Started process (PID=28272) to work on /opt/airflow/dags/youtube_pipeline.py
[2026-09-05T08:06:18.421+0000] {processor.py:830} INFO - Processing file /opt/airflow/dags/youtube_pipeline.py for tasks to queue
[2026-09-05T08:06:18.422+0000] {logging_mixin.py:188} INFO - [2026-09-05T08:06:18.422+0000] {dagbag.py:545} INFO - Filling up the DagBag from /opt/airflow/dags/youtube_pipeline.py
[2026-09-05T08:06:18.442+0000] {processor.py:840} INFO - DAG(s) 'youtube_english_video_pipeline' retrieved from /opt/airflow/dags/youtube_pipeline.py
[2026-09-05T08:06:18.472+0000] {logging_mixin.py:188} INFO - [2026-09-05T08:06:18.472+0000] {dag.py:3089} INFO - Sync 1 DAGs
[2026-09-05T08:06:18.486+0000] {logging_mixin.py:188} INFO - [2026-09-05T08:06:18.486+0000] {dag.py:3947} INFO - Setting next_dagrun for youtube_english_video_pipeline to 2026-09-04 12:00:00+00:00, run_after=2026-09-05 12:00:00+00:00
[2026-09-05T08:06:18.499+0000] {processor.py:183} INFO - Processing /opt/airflow/dags/youtube_pipeline.py took 0.085 seconds
[2026-09-05T08:06:48.648+0000] {processor.py:161} INFO - Started process (PID=28277) to work on /opt/airflow/dags/youtube_pipeline.py
[2026-09-05T08:06:48.649+0000] {processor.py:830} INFO - Processing file /opt/airflow/dags/youtube_pipeline.py for tasks to queue
[2026-09-05T08:06:48.652+0000] {logging_mixin.py:188} INFO - [2026-09-05T08:06:48.652+0000] {dagbag.py:545} INFO - Filling up the DagBag from /opt/airflow/dags/youtube_pipeline.py
[2026-09-05T08:06:48.684+0000] {processor.py:840} INFO - DAG(s) 'youtube_english_video_pipeline' retrieved from /opt/airflow/dags/youtube_pipeline.py
[2026-09-05T08:06:48.714+0000] {logging_mixin.py:188} INFO - [2026-09-05T08:06:48.714+0000] {dag.py:3089} INFO - Sync 1 DAGs
[2026-09-05T08:06:48.727+0000] {logging_mixin.py:188} INFO - [2026-09-05T08:06:48.727+0000] {dag.py:3947} INFO - Setting next_dagrun for youtube_english_video_pipeline to 2026-09-04 12:00:00+00:00, run_after=2026-09-05 12:00:00+00:00
[2026-09-05T08:06:48.740+0000] {processor.py:183} INFO - Processing /opt/airflow/dags/youtube_pipeline.py took 0.097 seconds
[2026-09-05T08:07:19.007+0000] {processor.py:161} INFO - Started process (PID=28282) to work on /opt/airflow/dags/youtube_pipeline.py
[2026-09-05T08:07:19.008+0000] {processor.py:830} INFO - Processing file /opt/airflow/dags/youtube_pipeline.py for tasks to queue
[2026-09-05T08:07:19.009+0000] {logging_mixin.py:188} INFO - [2026-09-05T08:07:19.009+0000] {dagbag.py:545} INFO - Filling up the DagBag from /opt/airflow/dags/youtube_pipeline.py
[2026-09-05T08:07:19.028+0000] {processor.py:840} INFO - DAG(s) 'youtube_english_video_pipeline' retrieved from /opt/airflow/dags/youtube_pipeline.py
[2026-09-05T08:07:19.055+0000] {logging_mixin.py:188} INFO - [2026-09-05T08:07:19.055+0000] {dag.py:3089} INFO - Sync 1 DAGs
[2026-09-05T08:07:19.068+0000] {logging_mixin.py:188} INFO - [2026-09-05T08:07:19.068+0000] {dag.py:3947} INFO - Setting next_dagrun for youtube_english_video_pipeline to 2026-09-04 12:00:00+00:00, run_after=2026-09-05 12:00:00+00:00
[2026-09-05T08:07:19.082+0000] {processor.py:183} INFO - Processing /opt/airflow/dags/youtube_pipeline.py took 0.079 seconds
[2026-09-05T08:07:49.261+0000] {processor.py:161} INFO - Started process (PID=28287) to work on /opt/airflow/dags/youtube_pipeline.py
[2026-09-05T08:07:49.262+0000] {processor.py:830} INFO - Processing file /opt/airflow/dags/youtube_pipeline.py for tasks to queue
[2026-09-05T08:07:49.264+0000] {logging_mixin.py:188} INFO - [2026-09-05T08:07:49.263+0000] {dagbag.py:545} INFO - Filling up the DagBag from /opt/airflow/dags/youtube_pipeline.py
[2026-09-05T08:07:49.283+0000] {processor.py:840} INFO - DAG(s) 'youtube_english_video_pipeline' retrieved from /opt/airflow/dags/youtube_pipeline.py
[2026-09-05T08:07:49.311+0000] {logging_mixin.py:188} INFO - [2026-09-05T08:07:49.311+0000] {dag.py:3089} INFO - Sync 1 DAGs
[2026-09-05T08:07:49.325+0000] {logging_mixin.py:188} INFO - [2026-09-05T08:07:49.325+0000] {dag.py:3947} INFO - Setting next_dagrun for youtube_english_video_pipeline to 2026-09-04 12:00:00+00:00, run_after=2026-09-05 12:00:00+00:00
[2026-09-05T08:07:49.338+0000] {processor.py:183} INFO - Processing /opt/airflow/dags/youtube_pipeline.py took 0.087 seconds
[2026-09-05T08:08:19.505+0000] {processor.py:161} INFO - Started process (PID=28292) to work on /opt/airflow/dags/youtube_pipeline.py
[2026-09-05T08:08:19.506+0000] {processor.py:830} INFO - Processing file /opt/airflow/dags/youtube_pipeline.py for tasks to queue
[2026-09-05T08:08:19.508+0000] {logging_mixin.py:188} INFO - [2026-09-05T08:08:19.508+0000] {dagbag.py:545} INFO - Filling up the DagBag from /opt/airflow/dags/youtube_pipeline.py
[2026-09-05T08:08:19.547+0000] {processor.py:840} INFO - DAG(s) 'youtube_english_video_pipeline' retrieved from /opt/airflow/dags/youtube_pipeline.py
[2026-09-05T08:08:19.575+0000] {logging_mixin.py:188} INFO - [2026-09-05T08:08:19.575+0000] {dag.py:3089} INFO - Sync 1 DAGs
[2026-09-05T08:08:19.588+0000] {logging_mixin.py:188} INFO - [2026-09-05T08:08:19.588+0000] {dag.py:3947} INFO - Setting next_dagrun for youtube_english_video_pipeline to 2026-09-04 12:00:00+00:00, run_after=2026-09-05 12:00:00+00:00
[2026-09-05T08:08:19.604+0000] {processor.py:183} INFO - Processing /opt/airflow/dags/youtube_pipeline.py took 0.105 seconds
[2026-09-05T08:08:49.793+0000] {processor.py:161} INFO - Started process (PID=28297) to work on /opt/airflow/dags/youtube_pipeline.py
[2026-09-05T08:08:49.795+0000] {processor.py:830} INFO - Processing file /opt/airflow/dags/youtube_pipeline.py for tasks to queue
[2026-09-05T08:08:49.797+0000] {logging_mixin.py:188} INFO - [2026-09-05T08:08:49.796+0000] {dagbag.py:545} INFO - Filling up the DagBag from /opt/airflow/dags/youtube_pipeline.py
[2026-09-05T08:08:49.820+0000] {processor.py:840} INFO - DAG(s) 'youtube_english_video_pipeline' retrieved from /opt/airflow/dags/youtube_pipeline.py
[2026-09-05T08:08:49.849+0000] {logging_mixin.py:188} INFO - [2026-09-05T08:08:49.849+0000] {dag.py:3089} INFO - Sync 1 DAGs
[2026-09-05T08:08:49.865+0000] {logging_mixin.py:188} INFO - [2026-09-05T08:08:49.865+0000] {dag.py:3947} INFO - Setting next_dagrun for youtube_english_video_pipeline to 2026-09-04 12:00:00+00:00, run_after=2026-09-05 12:00:00+00:00
[2026-09-05T08:08:49.886+0000] {processor.py:183} INFO - Processing /opt/airflow/dags/youtube_pipeline.py took 0.099 seconds
[2026-09-05T08:09:20.053+0000] {processor.py:161} INFO - Started process (PID=28302) to work on /opt/airflow/dags/youtube_pipeline.py
[2026-09-05T08:09:20.054+0000] {processor.py:830} INFO - Processing file /opt/airflow/dags/youtube_pipeline.py for tasks to queue
[2026-09-05T08:09:20.056+0000] {logging_mixin.py:188} INFO - [2026-09-05T08:09:20.055+0000] {dagbag.py:545} INFO - Filling up the DagBag from /opt/airflow/dags/youtube_pipeline.py
[2026-09-05T08:09:20.075+0000] {processor.py:840} INFO - DAG(s) 'youtube_english_video_pipeline' retrieved from /opt/airflow/dags/youtube_pipeline.py
[2026-09-05T08:09:20.105+0000] {logging_mixin.py:188} INFO - [2026-09-05T08:09:20.105+0000] {dag.py:3089} INFO - Sync 1 DAGs
[2026-09-05T08:09:20.120+0000] {logging_mixin.py:188} INFO - [2026-09-05T08:09:20.119+0000] {dag.py:3947} INFO - Setting next_dagrun for youtube_english_video_pipeline to 2026-09-04 12:00:00+00:00, run_after=2026-09-05 12:00:00+00:00
[2026-09-05T08:09:20.141+0000] {processor.py:183} INFO - Processing /opt/airflow/dags/youtube_pipeline.py took 0.093 seconds
[2026-09-05T08:09:50.336+0000] {processor.py:161} INFO - Started process (PID=28307) to work on /opt/airflow/dags/youtube_pipeline.py
[2026-09-05T08:09:50.337+0000] {processor.py:830} INFO - Processing file /opt/airflow/dags/youtube_pipeline.py for tasks to queue
[2026-09-05T08:09:50.339+0000] {logging_mixin.py:188} INFO - [2026-09-05T08:09:50.338+0000] {dagbag.py:545} INFO - Filling up the DagBag from /opt/airflow/dags/youtube_pipeline.py
[2026-09-05T08:09:50.357+0000] {processor.py:840} INFO - DAG(s) 'youtube_english_video_pipeline' retrieved from /opt/airflow/dags/youtube_pipeline.py
[2026-09-05T08:09:50.386+0000] {logging_mixin.py:188} INFO - [2026-09-05T08:09:50.385+0000] {dag.py:3089} INFO - Sync 1 DAGs
[2026-09-05T08:09:50.399+0000] {logging_mixin.py:188} INFO - [2026-09-05T08:09:50.399+0000] {dag.py:3947} INFO - Setting next_dagrun for youtube_english_video_pipeline to 2026-09-04 12:00:00+00:00, run_after=2026-09-05 12:00:00+00:00
[2026-09-05T08:09:50.415+0000] {processor.py:183} INFO - Processing /opt/airflow/dags/youtube_pipeline.py took 0.083 seconds
[2026-09-05T08:10:20.728+0000] {processor.py:161} INFO - Started process (PID=28312) to work on /opt/airflow/dags/youtube_pipeline.py
[2026-09-05T08:10:20.731+0000] {processor.py:830} INFO - Processing file /opt/airflow/dags/youtube_pipeline.py for tasks to queue
[2026-09-05T08:10:20.736+0000] {logging_mixin.py:188} INFO - [2026-09-05T08:10:20.735+0000] {dagbag.py:545} INFO - Filling up the DagBag from /opt/airflow/dags/youtube_pipeline.py
[2026-09-05T08:10:20.889+0000] {processor.py:840} INFO - DAG(s) 'youtube_english_video_pipeline' retrieved from /opt/airflow/dags/youtube_pipeline.py
[2026-09-05T08:10:20.924+0000] {logging_mixin.py:188} INFO - [2026-09-05T08:10:20.924+0000] {dag.py:3089} INFO - Sync 1 DAGs
[2026-09-05T08:10:20.942+0000] {logging_mixin.py:188} INFO - [2026-09-05T08:10:20.941+0000] {dag.py:3947} INFO - Setting next_dagrun for youtube_english_video_pipeline to 2026-09-04 12:00:00+00:00, run_after=2026-09-05 12:00:00+00:00
[2026-09-05T08:10:20.964+0000] {processor.py:183} INFO - Processing /opt/airflow/dags/youtube_pipeline.py took 0.248 seconds
[2026-09-05T08:10:51.232+0000] {processor.py:161} INFO - Started process (PID=28317) to work on /opt/airflow/dags/youtube_pipeline.py
[2026-09-05T08:10:51.233+0000] {processor.py:830} INFO - Processing file /opt/airflow/dags/youtube_pipeline.py for tasks to queue
[2026-09-05T08:10:51.235+0000] {logging_mixin.py:188} INFO - [2026-09-05T08:10:51.235+0000] {dagbag.py:545} INFO - Filling up the DagBag from /opt/airflow/dags/youtube_pipeline.py
[2026-09-05T08:10:51.266+0000] {processor.py:840} INFO - DAG(s) 'youtube_english_video_pipeline' retrieved from /opt/airflow/dags/youtube_pipeline.py
[2026-09-05T08:10:51.296+0000] {logging_mixin.py:188} INFO - [2026-09-05T08:10:51.296+0000] {dag.py:3089} INFO - Sync 1 DAGs
[2026-09-05T08:10:51.310+0000] {logging_mixin.py:188} INFO - [2026-09-05T08:10:51.310+0000] {dag.py:3947} INFO - Setting next_dagrun for youtube_english_video_pipeline to 2026-09-04 12:00:00+00:00, run_after=2026-09-05 12:00:00+00:00
[2026-09-05T08:10:51.325+0000] {processor.py:183} INFO - Processing /opt/airflow/dags/youtube_pipeline.py took 0.103 seconds
[2026-09-05T08:11:21.495+0000] {processor.py:161} INFO - Started process (PID=28322) to work on /opt/airflow/dags/youtube_pipeline.py
[2026-09-05T08:11:21.496+0000] {processor.py:830} INFO - Processing file /opt/airflow/dags/youtube_pipeline.py for tasks to queue
[2026-09-05T08:11:21.499+0000] {logging_mixin.py:188} INFO - [2026-09-05T08:11:21.498+0000] {dagbag.py:545} INFO - Filling up the DagBag from /opt/airflow/dags/youtube_pipeline.py
[2026-09-05T08:11:21.532+0000] {processor.py:840} INFO - DAG(s) 'youtube_english_video_pipeline' retrieved from /opt/airflow/dags/youtube_pipeline.py
[2026-09-05T08:11:21.561+0000] {logging_mixin.py:188} INFO - [2026-09-05T08:11:21.561+0000] {dag.py:3089} INFO - Sync 1 DAGs
[2026-09-05T08:11:21.577+0000] {logging_mixin.py:188} INFO - [2026-09-05T08:11:21.576+0000] {dag.py:3947} INFO - Setting next_dagrun for youtube_english_video_pipeline to 2026-09-04 12:00:00+00:00, run_after=2026-09-05 12:00:00+00:00
[2026-09-05T08:11:21.613+0000] {processor.py:183} INFO - Processing /opt/airflow/dags/youtube_pipeline.py took 0.124 seconds
[2026-09-05T08:11:51.779+0000] {processor.py:161} INFO - Started process (PID=28327) to work on /opt/airflow/dags/youtube_pipeline.py
[2026-09-05T08:11:51.780+0000] {processor.py:830} INFO - Processing file /opt/airflow/dags/youtube_pipeline.py for tasks to queue
[2026-09-05T08:11:51.782+0000] {logging_mixin.py:188} INFO - [2026-09-05T08:11:51.781+0000] {dagbag.py:545} INFO - Filling up the DagBag from /opt/airflow/dags/youtube_pipeline.py
[2026-09-05T08:11:51.805+0000] {processor.py:840} INFO - DAG(s) 'youtube_english_video_pipeline' retrieved from /opt/airflow/dags/youtube_pipeline.py
[2026-09-05T08:11:51.840+0000] {logging_mixin.py:188} INFO - [2026-09-05T08:11:51.839+0000] {dag.py:3089} INFO - Sync 1 DAGs
[2026-09-05T08:11:51.857+0000] {logging_mixin.py:188} INFO - [2026-09-05T08:11:51.856+0000] {dag.py:3947} INFO - Setting next_dagrun for youtube_english_video_pipeline to 2026-09-04 12:00:00+00:00, run_after=2026-09-05 12:00:00+00:00
[2026-09-05T08:11:51.875+0000] {processor.py:183} INFO - Processing /opt/airflow/dags/youtube_pipeline.py took 0.103 seconds
[2026-09-05T08:12:22.114+0000] {processor.py:161} INFO - Started process (PID=28332) to work on /opt/airflow/dags/youtube_pipeline.py
[2026-09-05T08:12:22.114+0000] {processor.py:830} INFO - Processing file /opt/airflow/dags/youtube_pipeline.py for tasks to queue
[2026-09-05T08:12:22.116+0000] {logging_mixin.py:188} INFO - [2026-09-05T08:12:22.116+0000] {dagbag.py:545} INFO - Filling up the DagBag from /opt/airflow/dags/youtube_pipeline.py
[2026-09-05T08:12:22.135+0000] {processor.py:840} INFO - DAG(s) 'youtube_english_video_pipeline' retrieved from /opt/airflow/dags/youtube_pipeline.py
[2026-09-05T08:12:22.163+0000] {logging_mixin.py:188} INFO - [2026-09-05T08:12:22.163+0000] {dag.py:3089} INFO - Sync 1 DAGs
[2026-09-05T08:12:22.177+0000] {logging_mixin.py:188} INFO - [2026-09-05T08:12:22.177+0000] {dag.py:3947} INFO - Setting next_dagrun for youtube_english_video_pipeline to 2026-09-04 12:00:00+00:00, run_after=2026-09-05 12:00:00+00:00
[2026-09-05T08:12:22.191+0000] {processor.py:183} INFO - Processing /opt/airflow/dags/youtube_pipeline.py took 0.082 seconds
[2026-09-05T08:12:52.426+0000] {processor.py:161} INFO - Started process (PID=28337) to work on /opt/airflow/dags/youtube_pipeline.py
[2026-09-05T08:12:52.428+0000] {processor.py:830} INFO - Processing file /opt/airflow/dags/youtube_pipeline.py for tasks to queue
[2026-09-05T08:12:52.437+0000] {logging_mixin.py:188} INFO - [2026-09-05T08:12:52.437+0000] {dagbag.py:545} INFO - Filling up the DagBag from /opt/airflow/dags/youtube_pipeline.py
[2026-09-05T08:12:52.484+0000] {processor.py:840} INFO - DAG(s) 'youtube_english_video_pipeline' retrieved from /opt/airflow/dags/youtube_pipeline.py
[2026-09-05T08:12:52.513+0000] {logging_mixin.py:188} INFO - [2026-09-05T08:12:52.512+0000] {dag.py:3089} INFO - Sync 1 DAGs
[2026-09-05T08:12:52.527+0000] {logging_mixin.py:188} INFO - [2026-09-05T08:12:52.527+0000] {dag.py:3947} INFO - Setting next_dagrun for youtube_english_video_pipeline to 2026-09-04 12:00:00+00:00, run_after=2026-09-05 12:00:00+00:00
[2026-09-05T08:12:52.550+0000] {processor.py:183} INFO - Processing /opt/airflow/dags/youtube_pipeline.py took 0.138 seconds
[2026-09-05T08:13:22.732+0000] {processor.py:161} INFO - Started process (PID=28342) to work on /opt/airflow/dags/youtube_pipeline.py
[2026-09-05T08:13:22.736+0000] {processor.py:830} INFO - Processing file /opt/airflow/dags/youtube_pipeline.py for tasks to queue
[2026-09-05T08:13:22.738+0000] {logging_mixin.py:188} INFO - [2026-09-05T08:13:22.738+0000] {dagbag.py:545} INFO - Filling up the DagBag from /opt/airflow/dags/youtube_pipeline.py
[2026-09-05T08:13:22.768+0000] {processor.py:840} INFO - DAG(s) 'youtube_english_video_pipeline' retrieved from /opt/airflow/dags/youtube_pipeline.py
[2026-09-05T08:13:22.799+0000] {logging_mixin.py:188} INFO - [2026-09-05T08:13:22.798+0000] {dag.py:3089} INFO - Sync 1 DAGs
[2026-09-05T08:13:22.815+0000] {logging_mixin.py:188} INFO - [2026-09-05T08:13:22.815+0000] {dag.py:3947} INFO - Setting next_dagrun for youtube_english_video_pipeline to 2026-09-04 12:00:00+00:00, run_after=2026-09-05 12:00:00+00:00
[2026-09-05T08:13:22.841+0000] {processor.py:183} INFO - Processing /opt/airflow/dags/youtube_pipeline.py took 0.117 seconds
[2026-09-05T08:13:53.012+0000] {processor.py:161} INFO - Started process (PID=28347) to work on /opt/airflow/dags/youtube_pipeline.py
[2026-09-05T08:13:53.012+0000] {processor.py:830} INFO - Processing file /opt/airflow/dags/youtube_pipeline.py for tasks to queue
[2026-09-05T08:13:53.014+0000] {logging_mixin.py:188} INFO - [2026-09-05T08:13:53.014+0000] {dagbag.py:545} INFO - Filling up the DagBag from /opt/airflow/dags/youtube_pipeline.py
[2026-09-05T08:13:53.041+0000] {processor.py:840} INFO - DAG(s) 'youtube_english_video_pipeline' retrieved from /opt/airflow/dags/youtube_pipeline.py
[2026-09-05T08:13:53.070+0000] {logging_mixin.py:188} INFO - [2026-09-05T08:13:53.070+0000] {dag.py:3089} INFO - Sync 1 DAGs
[2026-09-05T08:13:53.085+0000] {logging_mixin.py:188} INFO - [2026-09-05T08:13:53.085+0000] {dag.py:3947} INFO - Setting next_dagrun for youtube_english_video_pipeline to 2026-09-04 12:00:00+00:00, run_after=2026-09-05 12:00:00+00:00
[2026-09-05T08:13:53.099+0000] {processor.py:183} INFO - Processing /opt/airflow/dags/youtube_pipeline.py took 0.093 seconds
[2026-09-05T08:14:23.268+0000] {processor.py:161} INFO - Started process (PID=28352) to work on /opt/airflow/dags/youtube_pipeline.py
[2026-09-05T08:14:23.269+0000] {processor.py:830} INFO - Processing file /opt/airflow/dags/youtube_pipeline.py for tasks to queue
[2026-09-05T08:14:23.270+0000] {logging_mixin.py:188} INFO - [2026-09-05T08:14:23.270+0000] {dagbag.py:545} INFO - Filling up the DagBag from /opt/airflow/dags/youtube_pipeline.py
[2026-09-05T08:14:23.291+0000] {processor.py:840} INFO - DAG(s) 'youtube_english_video_pipeline' retrieved from /opt/airflow/dags/youtube_pipeline.py
[2026-09-05T08:14:23.319+0000] {logging_mixin.py:188} INFO - [2026-09-05T08:14:23.319+0000] {dag.py:3089} INFO - Sync 1 DAGs
[2026-09-05T08:14:23.332+0000] {logging_mixin.py:188} INFO - [2026-09-05T08:14:23.332+0000] {dag.py:3947} INFO - Setting next_dagrun for youtube_english_video_pipeline to 2026-09-04 12:00:00+00:00, run_after=2026-09-05 12:00:00+00:00
[2026-09-05T08:14:23.347+0000] {processor.py:183} INFO - Processing /opt/airflow/dags/youtube_pipeline.py took 0.084 seconds
[2026-09-05T08:14:53.569+0000] {processor.py:161} INFO - Started process (PID=28357) to work on /opt/airflow/dags/youtube_pipeline.py
[2026-09-05T08:14:53.570+0000] {processor.py:830} INFO - Processing file /opt/airflow/dags/youtube_pipeline.py for tasks to queue
[2026-09-05T08:14:53.572+0000] {logging_mixin.py:188} INFO - [2026-09-05T08:14:53.572+0000] {dagbag.py:545} INFO - Filling up the DagBag from /opt/airflow/dags/youtube_pipeline.py
[2026-09-05T08:14:53.606+0000] {processor.py:840} INFO - DAG(s) 'youtube_english_video_pipeline' retrieved from /opt/airflow/dags/youtube_pipeline.py
[2026-09-05T08:14:53.634+0000] {logging_mixin.py:188} INFO - [2026-09-05T08:14:53.634+0000] {dag.py:3089} INFO - Sync 1 DAGs
[2026-09-05T08:14:53.648+0000] {logging_mixin.py:188} INFO - [2026-09-05T08:14:53.648+0000] {dag.py:3947} INFO - Setting next_dagrun for youtube_english_video_pipeline to 2026-09-04 12:00:00+00:00, run_after=2026-09-05 12:00:00+00:00
[2026-09-05T08:14:53.667+0000] {processor.py:183} INFO - Processing /opt/airflow/dags/youtube_pipeline.py took 0.102 seconds
[2026-09-05T08:15:23.854+0000] {processor.py:161} INFO - Started process (PID=28362) to work on /opt/airflow/dags/youtube_pipeline.py
[2026-09-05T08:15:23.855+0000] {processor.py:830} INFO - Processing file /opt/airflow/dags/youtube_pipeline.py for tasks to queue
[2026-09-05T08:15:23.857+0000] {logging_mixin.py:188} INFO - [2026-09-05T08:15:23.856+0000] {dagbag.py:545} INFO - Filling up the DagBag from /opt/airflow/dags/youtube_pipeline.py
[2026-09-05T08:15:23.877+0000] {processor.py:840} INFO - DAG(s) 'youtube_english_video_pipeline' retrieved from /opt/airflow/dags/youtube_pipeline.py
[2026-09-05T08:15:23.905+0000] {logging_mixin.py:188} INFO - [2026-09-05T08:15:23.905+0000] {dag.py:3089} INFO - Sync 1 DAGs
[2026-09-05T08:15:23.918+0000] {logging_mixin.py:188} INFO - [2026-09-05T08:15:23.918+0000] {dag.py:3947} INFO - Setting next_dagrun for youtube_english_video_pipeline to 2026-09-04 12:00:00+00:00, run_after=2026-09-05 12:00:00+00:00
[2026-09-05T08:15:23.931+0000] {processor.py:183} INFO - Processing /opt/airflow/dags/youtube_pipeline.py took 0.082 seconds
[2026-09-05T08:15:54.281+0000] {processor.py:161} INFO - Started process (PID=28367) to work on /opt/airflow/dags/youtube_pipeline.py
[2026-09-05T08:15:54.283+0000] {processor.py:830} INFO - Processing file /opt/airflow/dags/youtube_pipeline.py for tasks to queue
[2026-09-05T08:15:54.286+0000] {logging_mixin.py:188} INFO - [2026-09-05T08:15:54.286+0000] {dagbag.py:545} INFO - Filling up the DagBag from /opt/airflow/dags/youtube_pipeline.py
[2026-09-05T08:15:54.334+0000] {processor.py:840} INFO - DAG(s) 'youtube_english_video_pipeline' retrieved from /opt/airflow/dags/youtube_pipeline.py
[2026-09-05T08:15:54.365+0000] {logging_mixin.py:188} INFO - [2026-09-05T08:15:54.365+0000] {dag.py:3089} INFO - Sync 1 DAGs
[2026-09-05T08:15:54.386+0000] {logging_mixin.py:188} INFO - [2026-09-05T08:15:54.386+0000] {dag.py:3947} INFO - Setting next_dagrun for youtube_english_video_pipeline to 2026-09-04 12:00:00+00:00, run_after=2026-09-05 12:00:00+00:00
[2026-09-05T08:15:54.404+0000] {processor.py:183} INFO - Processing /opt/airflow/dags/youtube_pipeline.py took 0.137 seconds
[2026-09-05T08:16:24.480+0000] {processor.py:161} INFO - Started process (PID=28372) to work on /opt/airflow/dags/youtube_pipeline.py
[2026-09-05T08:16:24.481+0000] {processor.py:830} INFO - Processing file /opt/airflow/dags/youtube_pipeline.py for tasks to queue
[2026-09-05T08:16:24.483+0000] {logging_mixin.py:188} INFO - [2026-09-05T08:16:24.483+0000] {dagbag.py:545} INFO - Filling up the DagBag from /opt/airflow/dags/youtube_pipeline.py
[2026-09-05T08:16:24.517+0000] {processor.py:840} INFO - DAG(s) 'youtube_english_video_pipeline' retrieved from /opt/airflow/dags/youtube_pipeline.py
[2026-09-05T08:16:24.548+0000] {logging_mixin.py:188} INFO - [2026-09-05T08:16:24.547+0000] {dag.py:3089} INFO - Sync 1 DAGs
[2026-09-05T08:16:24.563+0000] {logging_mixin.py:188} INFO - [2026-09-05T08:16:24.563+0000] {dag.py:3947} INFO - Setting next_dagrun for youtube_english_video_pipeline to 2026-09-04 12:00:00+00:00, run_after=2026-09-05 12:00:00+00:00
[2026-09-05T08:16:24.578+0000] {processor.py:183} INFO - Processing /opt/airflow/dags/youtube_pipeline.py took 0.103 seconds
[2026-09-05T08:16:54.697+0000] {processor.py:161} INFO - Started process (PID=28377) to work on /opt/airflow/dags/youtube_pipeline.py
[2026-09-05T08:16:54.698+0000] {processor.py:830} INFO - Processing file /opt/airflow/dags/youtube_pipeline.py for tasks to queue
[2026-09-05T08:16:54.700+0000] {logging_mixin.py:188} INFO - [2026-09-05T08:16:54.700+0000] {dagbag.py:545} INFO - Filling up the DagBag from /opt/airflow/dags/youtube_pipeline.py
[2026-09-05T08:16:54.732+0000] {processor.py:840} INFO - DAG(s) 'youtube_english_video_pipeline' retrieved from /opt/airflow/dags/youtube_pipeline.py
[2026-09-05T08:16:54.760+0000] {logging_mixin.py:188} INFO - [2026-09-05T08:16:54.760+0000] {dag.py:3089} INFO - Sync 1 DAGs
[2026-09-05T08:16:54.773+0000] {logging_mixin.py:188} INFO - [2026-09-05T08:16:54.773+0000] {dag.py:3947} INFO - Setting next_dagrun for youtube_english_video_pipeline to 2026-09-04 12:00:00+00:00, run_after=2026-09-05 12:00:00+00:00
[2026-09-05T08:16:54.786+0000] {processor.py:183} INFO - Processing /opt/airflow/dags/youtube_pipeline.py took 0.094 seconds
[2026-09-05T08:17:25.102+0000] {processor.py:161} INFO - Started process (PID=28382) to work on /opt/airflow/dags/youtube_pipeline.py
[2026-09-05T08:17:25.103+0000] {processor.py:830} INFO - Processing file /opt/airflow/dags/youtube_pipeline.py for tasks to queue
[2026-09-05T08:17:25.104+0000] {logging_mixin.py:188} INFO - [2026-09-05T08:17:25.104+0000] {dagbag.py:545} INFO - Filling up the DagBag from /opt/airflow/dags/youtube_pipeline.py
[2026-09-05T08:17:25.124+0000] {processor.py:840} INFO - DAG(s) 'youtube_english_video_pipeline' retrieved from /opt/airflow/dags/youtube_pipeline.py
[2026-09-05T08:17:25.153+0000] {logging_mixin.py:188} INFO - [2026-09-05T08:17:25.153+0000] {dag.py:3089} INFO - Sync 1 DAGs
[2026-09-05T08:17:25.167+0000] {logging_mixin.py:188} INFO - [2026-09-05T08:17:25.167+0000] {dag.py:3947} INFO - Setting next_dagrun for youtube_english_video_pipeline to 2026-09-04 12:00:00+00:00, run_after=2026-09-05 12:00:00+00:00
[2026-09-05T08:17:25.180+0000] {processor.py:183} INFO - Processing /opt/airflow/dags/youtube_pipeline.py took 0.083 seconds
[2026-09-05T08:17:55.311+0000] {processor.py:161} INFO - Started process (PID=28387) to work on /opt/airflow/dags/youtube_pipeline.py
[2026-09-05T08:17:55.312+0000] {processor.py:830} INFO - Processing file /opt/airflow/dags/youtube_pipeline.py for tasks to queue
[2026-09-05T08:17:55.314+0000] {logging_mixin.py:188} INFO - [2026-09-05T08:17:55.314+0000] {dagbag.py:545} INFO - Filling up the DagBag from /opt/airflow/dags/youtube_pipeline.py
[2026-09-05T08:17:55.333+0000] {processor.py:840} INFO - DAG(s) 'youtube_english_video_pipeline' retrieved from /opt/airflow/dags/youtube_pipeline.py
[2026-09-05T08:17:55.364+0000] {logging_mixin.py:188} INFO - [2026-09-05T08:17:55.364+0000] {dag.py:3089} INFO - Sync 1 DAGs
[2026-09-05T08:17:55.383+0000] {logging_mixin.py:188} INFO - [2026-09-05T08:17:55.383+0000] {dag.py:3947} INFO - Setting next_dagrun for youtube_english_video_pipeline to 2026-09-04 12:00:00+00:00, run_after=2026-09-05 12:00:00+00:00
[2026-09-05T08:17:55.398+0000] {processor.py:183} INFO - Processing /opt/airflow/dags/youtube_pipeline.py took 0.091 seconds
[2026-09-05T08:18:25.658+0000] {processor.py:161} INFO - Started process (PID=28392) to work on /opt/airflow/dags/youtube_pipeline.py
[2026-09-05T08:18:25.659+0000] {processor.py:830} INFO - Processing file /opt/airflow/dags/youtube_pipeline.py for tasks to queue
[2026-09-05T08:18:25.660+0000] {logging_mixin.py:188} INFO - [2026-09-05T08:18:25.660+0000] {dagbag.py:545} INFO - Filling up the DagBag from /opt/airflow/dags/youtube_pipeline.py
[2026-09-05T08:18:25.680+0000] {processor.py:840} INFO - DAG(s) 'youtube_english_video_pipeline' retrieved from /opt/airflow/dags/youtube_pipeline.py
[2026-09-05T08:18:25.708+0000] {logging_mixin.py:188} INFO - [2026-09-05T08:18:25.707+0000] {dag.py:3089} INFO - Sync 1 DAGs
[2026-09-05T08:18:25.723+0000] {logging_mixin.py:188} INFO - [2026-09-05T08:18:25.723+0000] {dag.py:3947} INFO - Setting next_dagrun for youtube_english_video_pipeline to 2026-09-04 12:00:00+00:00, run_after=2026-09-05 12:00:00+00:00
[2026-09-05T08:18:25.748+0000] {processor.py:183} INFO - Processing /opt/airflow/dags/youtube_pipeline.py took 0.096 seconds
[2026-09-05T08:18:55.898+0000] {processor.py:161} INFO - Started process (PID=28397) to work on /opt/airflow/dags/youtube_pipeline.py
[2026-09-05T08:18:55.899+0000] {processor.py:830} INFO - Processing file /opt/airflow/dags/youtube_pipeline.py for tasks to queue
[2026-09-05T08:18:55.901+0000] {logging_mixin.py:188} INFO - [2026-09-05T08:18:55.900+0000] {dagbag.py:545} INFO - Filling up the DagBag from /opt/airflow/dags/youtube_pipeline.py
[2026-09-05T08:18:55.921+0000] {processor.py:840} INFO - DAG(s) 'youtube_english_video_pipeline' retrieved from /opt/airflow/dags/youtube_pipeline.py
[2026-09-05T08:18:55.949+0000] {logging_mixin.py:188} INFO - [2026-09-05T08:18:55.949+0000] {dag.py:3089} INFO - Sync 1 DAGs
[2026-09-05T08:18:55.964+0000] {logging_mixin.py:188} INFO - [2026-09-05T08:18:55.964+0000] {dag.py:3947} INFO - Setting next_dagrun for youtube_english_video_pipeline to 2026-09-04 12:00:00+00:00, run_after=2026-09-05 12:00:00+00:00
[2026-09-05T08:18:55.977+0000] {processor.py:183} INFO - Processing /opt/airflow/dags/youtube_pipeline.py took 0.084 seconds
[2026-09-05T08:19:26.221+0000] {processor.py:161} INFO - Started process (PID=28402) to work on /opt/airflow/dags/youtube_pipeline.py
[2026-09-05T08:19:26.222+0000] {processor.py:830} INFO - Processing file /opt/airflow/dags/youtube_pipeline.py for tasks to queue
[2026-09-05T08:19:26.224+0000] {logging_mixin.py:188} INFO - [2026-09-05T08:19:26.223+0000] {dagbag.py:545} INFO - Filling up the DagBag from /opt/airflow/dags/youtube_pipeline.py
[2026-09-05T08:19:26.241+0000] {processor.py:840} INFO - DAG(s) 'youtube_english_video_pipeline' retrieved from /opt/airflow/dags/youtube_pipeline.py
[2026-09-05T08:19:26.269+0000] {logging_mixin.py:188} INFO - [2026-09-05T08:19:26.269+0000] {dag.py:3089} INFO - Sync 1 DAGs
[2026-09-05T08:19:26.284+0000] {logging_mixin.py:188} INFO - [2026-09-05T08:19:26.284+0000] {dag.py:3947} INFO - Setting next_dagrun for youtube_english_video_pipeline to 2026-09-04 12:00:00+00:00, run_after=2026-09-05 12:00:00+00:00
[2026-09-05T08:19:26.297+0000] {processor.py:183} INFO - Processing /opt/airflow/dags/youtube_pipeline.py took 0.080 seconds
[2026-09-05T08:19:56.457+0000] {processor.py:161} INFO - Started process (PID=28407) to work on /opt/airflow/dags/youtube_pipeline.py
[2026-09-05T08:19:56.458+0000] {processor.py:830} INFO - Processing file /opt/airflow/dags/youtube_pipeline.py for tasks to queue
[2026-09-05T08:19:56.459+0000] {logging_mixin.py:188} INFO - [2026-09-05T08:19:56.459+0000] {dagbag.py:545} INFO - Filling up the DagBag from /opt/airflow/dags/youtube_pipeline.py
[2026-09-05T08:19:56.477+0000] {processor.py:840} INFO - DAG(s) 'youtube_english_video_pipeline' retrieved from /opt/airflow/dags/youtube_pipeline.py
[2026-09-05T08:19:56.505+0000] {logging_mixin.py:188} INFO - [2026-09-05T08:19:56.504+0000] {dag.py:3089} INFO - Sync 1 DAGs
[2026-09-05T08:19:56.518+0000] {logging_mixin.py:188} INFO - [2026-09-05T08:19:56.518+0000] {dag.py:3947} INFO - Setting next_dagrun for youtube_english_video_pipeline to 2026-09-04 12:00:00+00:00, run_after=2026-09-05 12:00:00+00:00
[2026-09-05T08:19:56.536+0000] {processor.py:183} INFO - Processing /opt/airflow/dags/youtube_pipeline.py took 0.084 seconds
[2026-09-05T08:20:26.853+0000] {processor.py:161} INFO - Started process (PID=28412) to work on /opt/airflow/dags/youtube_pipeline.py
[2026-09-05T08:20:26.856+0000] {processor.py:830} INFO - Processing file /opt/airflow/dags/youtube_pipeline.py for tasks to queue
[2026-09-05T08:20:26.858+0000] {logging_mixin.py:188} INFO - [2026-09-05T08:20:26.857+0000] {dagbag.py:545} INFO - Filling up the DagBag from /opt/airflow/dags/youtube_pipeline.py
[2026-09-05T08:20:26.895+0000] {processor.py:840} INFO - DAG(s) 'youtube_english_video_pipeline' retrieved from /opt/airflow/dags/youtube_pipeline.py
[2026-09-05T08:20:26.930+0000] {logging_mixin.py:188} INFO - [2026-09-05T08:20:26.929+0000] {dag.py:3089} INFO - Sync 1 DAGs
[2026-09-05T08:20:26.947+0000] {logging_mixin.py:188} INFO - [2026-09-05T08:20:26.947+0000] {dag.py:3947} INFO - Setting next_dagrun for youtube_english_video_pipeline to 2026-09-04 12:00:00+00:00, run_after=2026-09-05 12:00:00+00:00
[2026-09-05T08:20:26.963+0000] {processor.py:183} INFO - Processing /opt/airflow/dags/youtube_pipeline.py took 0.117 seconds
[2026-09-05T08:20:57.107+0000] {processor.py:161} INFO - Started process (PID=28417) to work on /opt/airflow/dags/youtube_pipeline.py
[2026-09-05T08:20:57.109+0000] {processor.py:830} INFO - Processing file /opt/airflow/dags/youtube_pipeline.py for tasks to queue
[2026-09-05T08:20:57.111+0000] {logging_mixin.py:188} INFO - [2026-09-05T08:20:57.111+0000] {dagbag.py:545} INFO - Filling up the DagBag from /opt/airflow/dags/youtube_pipeline.py
[2026-09-05T08:20:57.146+0000] {processor.py:840} INFO - DAG(s) 'youtube_english_video_pipeline' retrieved from /opt/airflow/dags/youtube_pipeline.py
[2026-09-05T08:20:57.188+0000] {logging_mixin.py:188} INFO - [2026-09-05T08:20:57.187+0000] {dag.py:3089} INFO - Sync 1 DAGs
[2026-09-05T08:20:57.211+0000] {logging_mixin.py:188} INFO - [2026-09-05T08:20:57.210+0000] {dag.py:3947} INFO - Setting next_dagrun for youtube_english_video_pipeline to 2026-09-04 12:00:00+00:00, run_after=2026-09-05 12:00:00+00:00
[2026-09-05T08:20:57.240+0000] {processor.py:183} INFO - Processing /opt/airflow/dags/youtube_pipeline.py took 0.145 seconds
[2026-09-05T08:21:27.505+0000] {processor.py:161} INFO - Started process (PID=28422) to work on /opt/airflow/dags/youtube_pipeline.py
[2026-09-05T08:21:27.506+0000] {processor.py:830} INFO - Processing file /opt/airflow/dags/youtube_pipeline.py for tasks to queue
[2026-09-05T08:21:27.508+0000] {logging_mixin.py:188} INFO - [2026-09-05T08:21:27.508+0000] {dagbag.py:545} INFO - Filling up the DagBag from /opt/airflow/dags/youtube_pipeline.py
[2026-09-05T08:21:27.543+0000] {processor.py:840} INFO - DAG(s) 'youtube_english_video_pipeline' retrieved from /opt/airflow/dags/youtube_pipeline.py
[2026-09-05T08:21:27.581+0000] {logging_mixin.py:188} INFO - [2026-09-05T08:21:27.580+0000] {dag.py:3089} INFO - Sync 1 DAGs
[2026-09-05T08:21:27.598+0000] {logging_mixin.py:188} INFO - [2026-09-05T08:21:27.598+0000] {dag.py:3947} INFO - Setting next_dagrun for youtube_english_video_pipeline to 2026-09-04 12:00:00+00:00, run_after=2026-09-05 12:00:00+00:00
[2026-09-05T08:21:27.614+0000] {processor.py:183} INFO - Processing /opt/airflow/dags/youtube_pipeline.py took 0.114 seconds
[2026-09-05T08:21:57.957+0000] {processor.py:161} INFO - Started process (PID=28427) to work on /opt/airflow/dags/youtube_pipeline.py
[2026-09-05T08:21:57.959+0000] {processor.py:830} INFO - Processing file /opt/airflow/dags/youtube_pipeline.py for tasks to queue
[2026-09-05T08:21:57.961+0000] {logging_mixin.py:188} INFO - [2026-09-05T08:21:57.961+0000] {dagbag.py:545} INFO - Filling up the DagBag from /opt/airflow/dags/youtube_pipeline.py
[2026-09-05T08:21:58.016+0000] {processor.py:840} INFO - DAG(s) 'youtube_english_video_pipeline' retrieved from /opt/airflow/dags/youtube_pipeline.py
[2026-09-05T08:21:58.049+0000] {logging_mixin.py:188} INFO - [2026-09-05T08:21:58.049+0000] {dag.py:3089} INFO - Sync 1 DAGs
[2026-09-05T08:21:58.067+0000] {logging_mixin.py:188} INFO - [2026-09-05T08:21:58.067+0000] {dag.py:3947} INFO - Setting next_dagrun for youtube_english_video_pipeline to 2026-09-04 12:00:00+00:00, run_after=2026-09-05 12:00:00+00:00
[2026-09-05T08:21:58.090+0000] {processor.py:183} INFO - Processing /opt/airflow/dags/youtube_pipeline.py took 0.143 seconds
[2026-09-05T08:22:28.274+0000] {processor.py:161} INFO - Started process (PID=28432) to work on /opt/airflow/dags/youtube_pipeline.py
[2026-09-05T08:22:28.275+0000] {processor.py:830} INFO - Processing file /opt/airflow/dags/youtube_pipeline.py for tasks to queue
[2026-09-05T08:22:28.277+0000] {logging_mixin.py:188} INFO - [2026-09-05T08:22:28.277+0000] {dagbag.py:545} INFO - Filling up the DagBag from /opt/airflow/dags/youtube_pipeline.py
[2026-09-05T08:22:28.311+0000] {processor.py:840} INFO - DAG(s) 'youtube_english_video_pipeline' retrieved from /opt/airflow/dags/youtube_pipeline.py
[2026-09-05T08:22:28.343+0000] {logging_mixin.py:188} INFO - [2026-09-05T08:22:28.343+0000] {dag.py:3089} INFO - Sync 1 DAGs
[2026-09-05T08:22:28.367+0000] {logging_mixin.py:188} INFO - [2026-09-05T08:22:28.367+0000] {dag.py:3947} INFO - Setting next_dagrun for youtube_english_video_pipeline to 2026-09-04 12:00:00+00:00, run_after=2026-09-05 12:00:00+00:00
[2026-09-05T08:22:28.393+0000] {processor.py:183} INFO - Processing /opt/airflow/dags/youtube_pipeline.py took 0.126 seconds
[2026-09-05T08:22:58.551+0000] {processor.py:161} INFO - Started process (PID=28437) to work on /opt/airflow/dags/youtube_pipeline.py
[2026-09-05T08:22:58.552+0000] {processor.py:830} INFO - Processing file /opt/airflow/dags/youtube_pipeline.py for tasks to queue
[2026-09-05T08:22:58.554+0000] {logging_mixin.py:188} INFO - [2026-09-05T08:22:58.553+0000] {dagbag.py:545} INFO - Filling up the DagBag from /opt/airflow/dags/youtube_pipeline.py
[2026-09-05T08:22:58.572+0000] {processor.py:840} INFO - DAG(s) 'youtube_english_video_pipeline' retrieved from /opt/airflow/dags/youtube_pipeline.py
[2026-09-05T08:22:58.601+0000] {logging_mixin.py:188} INFO - [2026-09-05T08:22:58.600+0000] {dag.py:3089} INFO - Sync 1 DAGs
[2026-09-05T08:22:58.614+0000] {logging_mixin.py:188} INFO - [2026-09-05T08:22:58.614+0000] {dag.py:3947} INFO - Setting next_dagrun for youtube_english_video_pipeline to 2026-09-04 12:00:00+00:00, run_after=2026-09-05 12:00:00+00:00
[2026-09-05T08:22:58.641+0000] {processor.py:183} INFO - Processing /opt/airflow/dags/youtube_pipeline.py took 0.095 seconds
[2026-09-05T08:23:28.788+0000] {processor.py:161} INFO - Started process (PID=28442) to work on /opt/airflow/dags/youtube_pipeline.py
[2026-09-05T08:23:28.789+0000] {processor.py:830} INFO - Processing file /opt/airflow/dags/youtube_pipeline.py for tasks to queue
[2026-09-05T08:23:28.790+0000] {logging_mixin.py:188} INFO - [2026-09-05T08:23:28.790+0000] {dagbag.py:545} INFO - Filling up the DagBag from /opt/airflow/dags/youtube_pipeline.py
[2026-09-05T08:23:28.809+0000] {processor.py:840} INFO - DAG(s) 'youtube_english_video_pipeline' retrieved from /opt/airflow/dags/youtube_pipeline.py
[2026-09-05T08:23:28.838+0000] {logging_mixin.py:188} INFO - [2026-09-05T08:23:28.838+0000] {dag.py:3089} INFO - Sync 1 DAGs
[2026-09-05T08:23:28.852+0000] {logging_mixin.py:188} INFO - [2026-09-05T08:23:28.852+0000] {dag.py:3947} INFO - Setting next_dagrun for youtube_english_video_pipeline to 2026-09-04 12:00:00+00:00, run_after=2026-09-05 12:00:00+00:00
[2026-09-05T08:23:28.874+0000] {processor.py:183} INFO - Processing /opt/airflow/dags/youtube_pipeline.py took 0.092 seconds
[2026-09-05T08:23:59.105+0000] {processor.py:161} INFO - Started process (PID=28447) to work on /opt/airflow/dags/youtube_pipeline.py
[2026-09-05T08:23:59.106+0000] {processor.py:830} INFO - Processing file /opt/airflow/dags/youtube_pipeline.py for tasks to queue
[2026-09-05T08:23:59.107+0000] {logging_mixin.py:188} INFO - [2026-09-05T08:23:59.107+0000] {dagbag.py:545} INFO - Filling up the DagBag from /opt/airflow/dags/youtube_pipeline.py
[2026-09-05T08:23:59.126+0000] {processor.py:840} INFO - DAG(s) 'youtube_english_video_pipeline' retrieved from /opt/airflow/dags/youtube_pipeline.py
[2026-09-05T08:23:59.159+0000] {logging_mixin.py:188} INFO - [2026-09-05T08:23:59.159+0000] {dag.py:3089} INFO - Sync 1 DAGs
[2026-09-05T08:23:59.175+0000] {logging_mixin.py:188} INFO - [2026-09-05T08:23:59.175+0000] {dag.py:3947} INFO - Setting next_dagrun for youtube_english_video_pipeline to 2026-09-04 12:00:00+00:00, run_after=2026-09-05 12:00:00+00:00
[2026-09-05T08:23:59.193+0000] {processor.py:183} INFO - Processing /opt/airflow/dags/youtube_pipeline.py took 0.093 seconds
[2026-09-05T08:24:29.356+0000] {processor.py:161} INFO - Started process (PID=28452) to work on /opt/airflow/dags/youtube_pipeline.py
[2026-09-05T08:24:29.357+0000] {processor.py:830} INFO - Processing file /opt/airflow/dags/youtube_pipeline.py for tasks to queue
[2026-09-05T08:24:29.358+0000] {logging_mixin.py:188} INFO - [2026-09-05T08:24:29.358+0000] {dagbag.py:545} INFO - Filling up the DagBag from /opt/airflow/dags/youtube_pipeline.py
[2026-09-05T08:24:29.377+0000] {processor.py:840} INFO - DAG(s) 'youtube_english_video_pipeline' retrieved from /opt/airflow/dags/youtube_pipeline.py
[2026-09-05T08:24:29.404+0000] {logging_mixin.py:188} INFO - [2026-09-05T08:24:29.404+0000] {dag.py:3089} INFO - Sync 1 DAGs
[2026-09-05T08:24:29.418+0000] {logging_mixin.py:188} INFO - [2026-09-05T08:24:29.418+0000] {dag.py:3947} INFO - Setting next_dagrun for youtube_english_video_pipeline to 2026-09-04 12:00:00+00:00, run_after=2026-09-05 12:00:00+00:00
[2026-09-05T08:24:29.438+0000] {processor.py:183} INFO - Processing /opt/airflow/dags/youtube_pipeline.py took 0.087 seconds
[2026-09-05T08:24:59.602+0000] {processor.py:161} INFO - Started process (PID=28457) to work on /opt/airflow/dags/youtube_pipeline.py
[2026-09-05T08:24:59.603+0000] {processor.py:830} INFO - Processing file /opt/airflow/dags/youtube_pipeline.py for tasks to queue
[2026-09-05T08:24:59.604+0000] {logging_mixin.py:188} INFO - [2026-09-05T08:24:59.604+0000] {dagbag.py:545} INFO - Filling up the DagBag from /opt/airflow/dags/youtube_pipeline.py
[2026-09-05T08:24:59.623+0000] {processor.py:840} INFO - DAG(s) 'youtube_english_video_pipeline' retrieved from /opt/airflow/dags/youtube_pipeline.py
[2026-09-05T08:24:59.652+0000] {logging_mixin.py:188} INFO - [2026-09-05T08:24:59.651+0000] {dag.py:3089} INFO - Sync 1 DAGs
[2026-09-05T08:24:59.665+0000] {logging_mixin.py:188} INFO - [2026-09-05T08:24:59.665+0000] {dag.py:3947} INFO - Setting next_dagrun for youtube_english_video_pipeline to 2026-09-04 12:00:00+00:00, run_after=2026-09-05 12:00:00+00:00
[2026-09-05T08:24:59.687+0000] {processor.py:183} INFO - Processing /opt/airflow/dags/youtube_pipeline.py took 0.090 seconds
[2026-09-05T08:25:29.893+0000] {processor.py:161} INFO - Started process (PID=28462) to work on /opt/airflow/dags/youtube_pipeline.py
[2026-09-05T08:25:29.894+0000] {processor.py:830} INFO - Processing file /opt/airflow/dags/youtube_pipeline.py for tasks to queue
[2026-09-05T08:25:29.895+0000] {logging_mixin.py:188} INFO - [2026-09-05T08:25:29.895+0000] {dagbag.py:545} INFO - Filling up the DagBag from /opt/airflow/dags/youtube_pipeline.py
[2026-09-05T08:25:29.914+0000] {processor.py:840} INFO - DAG(s) 'youtube_english_video_pipeline' retrieved from /opt/airflow/dags/youtube_pipeline.py
[2026-09-05T08:25:29.952+0000] {logging_mixin.py:188} INFO - [2026-09-05T08:25:29.952+0000] {dag.py:3089} INFO - Sync 1 DAGs
[2026-09-05T08:25:29.966+0000] {logging_mixin.py:188} INFO - [2026-09-05T08:25:29.965+0000] {dag.py:3947} INFO - Setting next_dagrun for youtube_english_video_pipeline to 2026-09-04 12:00:00+00:00, run_after=2026-09-05 12:00:00+00:00
[2026-09-05T08:25:29.979+0000] {processor.py:183} INFO - Processing /opt/airflow/dags/youtube_pipeline.py took 0.092 seconds
[2026-09-05T08:26:00.151+0000] {processor.py:161} INFO - Started process (PID=28467) to work on /opt/airflow/dags/youtube_pipeline.py
[2026-09-05T08:26:00.152+0000] {processor.py:830} INFO - Processing file /opt/airflow/dags/youtube_pipeline.py for tasks to queue
[2026-09-05T08:26:00.153+0000] {logging_mixin.py:188} INFO - [2026-09-05T08:26:00.153+0000] {dagbag.py:545} INFO - Filling up the DagBag from /opt/airflow/dags/youtube_pipeline.py
[2026-09-05T08:26:00.174+0000] {processor.py:840} INFO - DAG(s) 'youtube_english_video_pipeline' retrieved from /opt/airflow/dags/youtube_pipeline.py
[2026-09-05T08:26:00.201+0000] {logging_mixin.py:188} INFO - [2026-09-05T08:26:00.201+0000] {dag.py:3089} INFO - Sync 1 DAGs
[2026-09-05T08:26:00.215+0000] {logging_mixin.py:188} INFO - [2026-09-05T08:26:00.215+0000] {dag.py:3947} INFO - Setting next_dagrun for youtube_english_video_pipeline to 2026-09-04 12:00:00+00:00, run_after=2026-09-05 12:00:00+00:00
[2026-09-05T08:26:00.231+0000] {processor.py:183} INFO - Processing /opt/airflow/dags/youtube_pipeline.py took 0.085 seconds
[2026-09-05T08:26:30.412+0000] {processor.py:161} INFO - Started process (PID=28472) to work on /opt/airflow/dags/youtube_pipeline.py
[2026-09-05T08:26:30.413+0000] {processor.py:830} INFO - Processing file /opt/airflow/dags/youtube_pipeline.py for tasks to queue
[2026-09-05T08:26:30.415+0000] {logging_mixin.py:188} INFO - [2026-09-05T08:26:30.415+0000] {dagbag.py:545} INFO - Filling up the DagBag from /opt/airflow/dags/youtube_pipeline.py
[2026-09-05T08:26:30.433+0000] {processor.py:840} INFO - DAG(s) 'youtube_english_video_pipeline' retrieved from /opt/airflow/dags/youtube_pipeline.py
[2026-09-05T08:26:30.462+0000] {logging_mixin.py:188} INFO - [2026-09-05T08:26:30.462+0000] {dag.py:3089} INFO - Sync 1 DAGs
[2026-09-05T08:26:30.476+0000] {logging_mixin.py:188} INFO - [2026-09-05T08:26:30.476+0000] {dag.py:3947} INFO - Setting next_dagrun for youtube_english_video_pipeline to 2026-09-04 12:00:00+00:00, run_after=2026-09-05 12:00:00+00:00
[2026-09-05T08:26:30.489+0000] {processor.py:183} INFO - Processing /opt/airflow/dags/youtube_pipeline.py took 0.081 seconds
[2026-09-05T08:27:00.717+0000] {processor.py:161} INFO - Started process (PID=28477) to work on /opt/airflow/dags/youtube_pipeline.py
[2026-09-05T08:27:00.718+0000] {processor.py:830} INFO - Processing file /opt/airflow/dags/youtube_pipeline.py for tasks to queue
[2026-09-05T08:27:00.719+0000] {logging_mixin.py:188} INFO - [2026-09-05T08:27:00.719+0000] {dagbag.py:545} INFO - Filling up the DagBag from /opt/airflow/dags/youtube_pipeline.py
[2026-09-05T08:27:00.737+0000] {processor.py:840} INFO - DAG(s) 'youtube_english_video_pipeline' retrieved from /opt/airflow/dags/youtube_pipeline.py
[2026-09-05T08:27:00.766+0000] {logging_mixin.py:188} INFO - [2026-09-05T08:27:00.765+0000] {dag.py:3089} INFO - Sync 1 DAGs
[2026-09-05T08:27:00.779+0000] {logging_mixin.py:188} INFO - [2026-09-05T08:27:00.779+0000] {dag.py:3947} INFO - Setting next_dagrun for youtube_english_video_pipeline to 2026-09-04 12:00:00+00:00, run_after=2026-09-05 12:00:00+00:00
[2026-09-05T08:27:00.794+0000] {processor.py:183} INFO - Processing /opt/airflow/dags/youtube_pipeline.py took 0.082 seconds
[2026-09-05T08:27:30.939+0000] {processor.py:161} INFO - Started process (PID=28482) to work on /opt/airflow/dags/youtube_pipeline.py
[2026-09-05T08:27:30.940+0000] {processor.py:830} INFO - Processing file /opt/airflow/dags/youtube_pipeline.py for tasks to queue
[2026-09-05T08:27:30.941+0000] {logging_mixin.py:188} INFO - [2026-09-05T08:27:30.941+0000] {dagbag.py:545} INFO - Filling up the DagBag from /opt/airflow/dags/youtube_pipeline.py
[2026-09-05T08:27:30.960+0000] {processor.py:840} INFO - DAG(s) 'youtube_english_video_pipeline' retrieved from /opt/airflow/dags/youtube_pipeline.py
[2026-09-05T08:27:30.987+0000] {logging_mixin.py:188} INFO - [2026-09-05T08:27:30.987+0000] {dag.py:3089} INFO - Sync 1 DAGs
[2026-09-05T08:27:31.001+0000] {logging_mixin.py:188} INFO - [2026-09-05T08:27:31.001+0000] {dag.py:3947} INFO - Setting next_dagrun for youtube_english_video_pipeline to 2026-09-04 12:00:00+00:00, run_after=2026-09-05 12:00:00+00:00
[2026-09-05T08:27:31.015+0000] {processor.py:183} INFO - Processing /opt/airflow/dags/youtube_pipeline.py took 0.081 seconds
[2026-09-05T08:28:01.338+0000] {processor.py:161} INFO - Started process (PID=28487) to work on /opt/airflow/dags/youtube_pipeline.py
[2026-09-05T08:28:01.339+0000] {processor.py:830} INFO - Processing file /opt/airflow/dags/youtube_pipeline.py for tasks to queue
[2026-09-05T08:28:01.341+0000] {logging_mixin.py:188} INFO - [2026-09-05T08:28:01.340+0000] {dagbag.py:545} INFO - Filling up the DagBag from /opt/airflow/dags/youtube_pipeline.py
[2026-09-05T08:28:01.403+0000] {processor.py:840} INFO - DAG(s) 'youtube_english_video_pipeline' retrieved from /opt/airflow/dags/youtube_pipeline.py
[2026-09-05T08:28:01.435+0000] {logging_mixin.py:188} INFO - [2026-09-05T08:28:01.435+0000] {dag.py:3089} INFO - Sync 1 DAGs
[2026-09-05T08:28:01.452+0000] {logging_mixin.py:188} INFO - [2026-09-05T08:28:01.452+0000] {dag.py:3947} INFO - Setting next_dagrun for youtube_english_video_pipeline to 2026-09-04 12:00:00+00:00, run_after=2026-09-05 12:00:00+00:00
[2026-09-05T08:28:01.480+0000] {processor.py:183} INFO - Processing /opt/airflow/dags/youtube_pipeline.py took 0.150 seconds
[2026-09-05T08:28:31.586+0000] {processor.py:161} INFO - Started process (PID=28492) to work on /opt/airflow/dags/youtube_pipeline.py
[2026-09-05T08:28:31.587+0000] {processor.py:830} INFO - Processing file /opt/airflow/dags/youtube_pipeline.py for tasks to queue
[2026-09-05T08:28:31.589+0000] {logging_mixin.py:188} INFO - [2026-09-05T08:28:31.589+0000] {dagbag.py:545} INFO - Filling up the DagBag from /opt/airflow/dags/youtube_pipeline.py
[2026-09-05T08:28:31.625+0000] {processor.py:840} INFO - DAG(s) 'youtube_english_video_pipeline' retrieved from /opt/airflow/dags/youtube_pipeline.py
[2026-09-05T08:28:31.653+0000] {logging_mixin.py:188} INFO - [2026-09-05T08:28:31.653+0000] {dag.py:3089} INFO - Sync 1 DAGs
[2026-09-05T08:28:31.669+0000] {logging_mixin.py:188} INFO - [2026-09-05T08:28:31.669+0000] {dag.py:3947} INFO - Setting next_dagrun for youtube_english_video_pipeline to 2026-09-04 12:00:00+00:00, run_after=2026-09-05 12:00:00+00:00
[2026-09-05T08:28:31.684+0000] {processor.py:183} INFO - Processing /opt/airflow/dags/youtube_pipeline.py took 0.106 seconds
[2026-09-05T08:29:02.042+0000] {processor.py:161} INFO - Started process (PID=28497) to work on /opt/airflow/dags/youtube_pipeline.py
[2026-09-05T08:29:02.044+0000] {processor.py:830} INFO - Processing file /opt/airflow/dags/youtube_pipeline.py for tasks to queue
[2026-09-05T08:29:02.046+0000] {logging_mixin.py:188} INFO - [2026-09-05T08:29:02.046+0000] {dagbag.py:545} INFO - Filling up the DagBag from /opt/airflow/dags/youtube_pipeline.py
[2026-09-05T08:29:02.089+0000] {processor.py:840} INFO - DAG(s) 'youtube_english_video_pipeline' retrieved from /opt/airflow/dags/youtube_pipeline.py
[2026-09-05T08:29:02.123+0000] {logging_mixin.py:188} INFO - [2026-09-05T08:29:02.123+0000] {dag.py:3089} INFO - Sync 1 DAGs
[2026-09-05T08:29:02.142+0000] {logging_mixin.py:188} INFO - [2026-09-05T08:29:02.142+0000] {dag.py:3947} INFO - Setting next_dagrun for youtube_english_video_pipeline to 2026-09-04 12:00:00+00:00, run_after=2026-09-05 12:00:00+00:00
[2026-09-05T08:29:02.165+0000] {processor.py:183} INFO - Processing /opt/airflow/dags/youtube_pipeline.py took 0.130 seconds
[2026-09-05T08:29:32.291+0000] {processor.py:161} INFO - Started process (PID=28502) to work on /opt/airflow/dags/youtube_pipeline.py
[2026-09-05T08:29:32.293+0000] {processor.py:830} INFO - Processing file /opt/airflow/dags/youtube_pipeline.py for tasks to queue
[2026-09-05T08:29:32.295+0000] {logging_mixin.py:188} INFO - [2026-09-05T08:29:32.294+0000] {dagbag.py:545} INFO - Filling up the DagBag from /opt/airflow/dags/youtube_pipeline.py
[2026-09-05T08:29:32.331+0000] {processor.py:840} INFO - DAG(s) 'youtube_english_video_pipeline' retrieved from /opt/airflow/dags/youtube_pipeline.py
[2026-09-05T08:29:32.365+0000] {logging_mixin.py:188} INFO - [2026-09-05T08:29:32.365+0000] {dag.py:3089} INFO - Sync 1 DAGs
[2026-09-05T08:29:32.384+0000] {logging_mixin.py:188} INFO - [2026-09-05T08:29:32.383+0000] {dag.py:3947} INFO - Setting next_dagrun for youtube_english_video_pipeline to 2026-09-04 12:00:00+00:00, run_after=2026-09-05 12:00:00+00:00
[2026-09-05T08:29:32.409+0000] {processor.py:183} INFO - Processing /opt/airflow/dags/youtube_pipeline.py took 0.125 seconds
[2026-09-05T08:30:02.680+0000] {processor.py:161} INFO - Started process (PID=28507) to work on /opt/airflow/dags/youtube_pipeline.py
[2026-09-05T08:30:02.681+0000] {processor.py:830} INFO - Processing file /opt/airflow/dags/youtube_pipeline.py for tasks to queue
[2026-09-05T08:30:02.683+0000] {logging_mixin.py:188} INFO - [2026-09-05T08:30:02.683+0000] {dagbag.py:545} INFO - Filling up the DagBag from /opt/airflow/dags/youtube_pipeline.py
[2026-09-05T08:30:02.712+0000] {processor.py:840} INFO - DAG(s) 'youtube_english_video_pipeline' retrieved from /opt/airflow/dags/youtube_pipeline.py
[2026-09-05T08:30:02.749+0000] {logging_mixin.py:188} INFO - [2026-09-05T08:30:02.749+0000] {dag.py:3089} INFO - Sync 1 DAGs
[2026-09-05T08:30:02.764+0000] {logging_mixin.py:188} INFO - [2026-09-05T08:30:02.764+0000] {dag.py:3947} INFO - Setting next_dagrun for youtube_english_video_pipeline to 2026-09-04 12:00:00+00:00, run_after=2026-09-05 12:00:00+00:00
[2026-09-05T08:30:02.781+0000] {processor.py:183} INFO - Processing /opt/airflow/dags/youtube_pipeline.py took 0.108 seconds
[2026-09-05T08:30:33.009+0000] {processor.py:161} INFO - Started process (PID=28512) to work on /opt/airflow/dags/youtube_pipeline.py
[2026-09-05T08:30:33.012+0000] {processor.py:830} INFO - Processing file /opt/airflow/dags/youtube_pipeline.py for tasks to queue
[2026-09-05T08:30:33.014+0000] {logging_mixin.py:188} INFO - [2026-09-05T08:30:33.013+0000] {dagbag.py:545} INFO - Filling up the DagBag from /opt/airflow/dags/youtube_pipeline.py
[2026-09-05T08:30:33.068+0000] {processor.py:840} INFO - DAG(s) 'youtube_english_video_pipeline' retrieved from /opt/airflow/dags/youtube_pipeline.py
[2026-09-05T08:30:33.099+0000] {logging_mixin.py:188} INFO - [2026-09-05T08:30:33.098+0000] {dag.py:3089} INFO - Sync 1 DAGs
[2026-09-05T08:30:33.113+0000] {logging_mixin.py:188} INFO - [2026-09-05T08:30:33.112+0000] {dag.py:3947} INFO - Setting next_dagrun for youtube_english_video_pipeline to 2026-09-04 12:00:00+00:00, run_after=2026-09-05 12:00:00+00:00
[2026-09-05T08:30:33.135+0000] {processor.py:183} INFO - Processing /opt/airflow/dags/youtube_pipeline.py took 0.133 seconds
[2026-09-05T08:31:03.329+0000] {processor.py:161} INFO - Started process (PID=28517) to work on /opt/airflow/dags/youtube_pipeline.py
[2026-09-05T08:31:03.330+0000] {processor.py:830} INFO - Processing file /opt/airflow/dags/youtube_pipeline.py for tasks to queue
[2026-09-05T08:31:03.332+0000] {logging_mixin.py:188} INFO - [2026-09-05T08:31:03.332+0000] {dagbag.py:545} INFO - Filling up the DagBag from /opt/airflow/dags/youtube_pipeline.py
[2026-09-05T08:31:03.354+0000] {processor.py:840} INFO - DAG(s) 'youtube_english_video_pipeline' retrieved from /opt/airflow/dags/youtube_pipeline.py
[2026-09-05T08:31:03.383+0000] {logging_mixin.py:188} INFO - [2026-09-05T08:31:03.383+0000] {dag.py:3089} INFO - Sync 1 DAGs
[2026-09-05T08:31:03.397+0000] {logging_mixin.py:188} INFO - [2026-09-05T08:31:03.397+0000] {dag.py:3947} INFO - Setting next_dagrun for youtube_english_video_pipeline to 2026-09-04 12:00:00+00:00, run_after=2026-09-05 12:00:00+00:00
[2026-09-05T08:31:03.412+0000] {processor.py:183} INFO - Processing /opt/airflow/dags/youtube_pipeline.py took 0.089 seconds
[2026-09-05T08:31:33.632+0000] {processor.py:161} INFO - Started process (PID=28522) to work on /opt/airflow/dags/youtube_pipeline.py
[2026-09-05T08:31:33.633+0000] {processor.py:830} INFO - Processing file /opt/airflow/dags/youtube_pipeline.py for tasks to queue
[2026-09-05T08:31:33.635+0000] {logging_mixin.py:188} INFO - [2026-09-05T08:31:33.634+0000] {dagbag.py:545} INFO - Filling up the DagBag from /opt/airflow/dags/youtube_pipeline.py
[2026-09-05T08:31:33.654+0000] {processor.py:840} INFO - DAG(s) 'youtube_english_video_pipeline' retrieved from /opt/airflow/dags/youtube_pipeline.py
[2026-09-05T08:31:33.681+0000] {logging_mixin.py:188} INFO - [2026-09-05T08:31:33.681+0000] {dag.py:3089} INFO - Sync 1 DAGs
[2026-09-05T08:31:33.695+0000] {logging_mixin.py:188} INFO - [2026-09-05T08:31:33.695+0000] {dag.py:3947} INFO - Setting next_dagrun for youtube_english_video_pipeline to 2026-09-04 12:00:00+00:00, run_after=2026-09-05 12:00:00+00:00
[2026-09-05T08:31:33.719+0000] {processor.py:183} INFO - Processing /opt/airflow/dags/youtube_pipeline.py took 0.092 seconds
[2026-09-05T08:32:03.920+0000] {processor.py:161} INFO - Started process (PID=28527) to work on /opt/airflow/dags/youtube_pipeline.py
[2026-09-05T08:32:03.922+0000] {processor.py:830} INFO - Processing file /opt/airflow/dags/youtube_pipeline.py for tasks to queue
[2026-09-05T08:32:03.924+0000] {logging_mixin.py:188} INFO - [2026-09-05T08:32:03.924+0000] {dagbag.py:545} INFO - Filling up the DagBag from /opt/airflow/dags/youtube_pipeline.py
[2026-09-05T08:32:03.942+0000] {processor.py:840} INFO - DAG(s) 'youtube_english_video_pipeline' retrieved from /opt/airflow/dags/youtube_pipeline.py
[2026-09-05T08:32:03.969+0000] {logging_mixin.py:188} INFO - [2026-09-05T08:32:03.969+0000] {dag.py:3089} INFO - Sync 1 DAGs
[2026-09-05T08:32:03.982+0000] {logging_mixin.py:188} INFO - [2026-09-05T08:32:03.982+0000] {dag.py:3947} INFO - Setting next_dagrun for youtube_english_video_pipeline to 2026-09-04 12:00:00+00:00, run_after=2026-09-05 12:00:00+00:00
[2026-09-05T08:32:03.998+0000] {processor.py:183} INFO - Processing /opt/airflow/dags/youtube_pipeline.py took 0.084 seconds
[2026-09-05T08:32:34.166+0000] {processor.py:161} INFO - Started process (PID=28532) to work on /opt/airflow/dags/youtube_pipeline.py
[2026-09-05T08:32:34.167+0000] {processor.py:830} INFO - Processing file /opt/airflow/dags/youtube_pipeline.py for tasks to queue
[2026-09-05T08:32:34.169+0000] {logging_mixin.py:188} INFO - [2026-09-05T08:32:34.169+0000] {dagbag.py:545} INFO - Filling up the DagBag from /opt/airflow/dags/youtube_pipeline.py
[2026-09-05T08:32:34.188+0000] {processor.py:840} INFO - DAG(s) 'youtube_english_video_pipeline' retrieved from /opt/airflow/dags/youtube_pipeline.py
[2026-09-05T08:32:34.215+0000] {logging_mixin.py:188} INFO - [2026-09-05T08:32:34.215+0000] {dag.py:3089} INFO - Sync 1 DAGs
[2026-09-05T08:32:34.230+0000] {logging_mixin.py:188} INFO - [2026-09-05T08:32:34.230+0000] {dag.py:3947} INFO - Setting next_dagrun for youtube_english_video_pipeline to 2026-09-04 12:00:00+00:00, run_after=2026-09-05 12:00:00+00:00
[2026-09-05T08:32:34.252+0000] {processor.py:183} INFO - Processing /opt/airflow/dags/youtube_pipeline.py took 0.091 seconds
[2026-09-05T08:33:04.466+0000] {processor.py:161} INFO - Started process (PID=28537) to work on /opt/airflow/dags/youtube_pipeline.py
[2026-09-05T08:33:04.467+0000] {processor.py:830} INFO - Processing file /opt/airflow/dags/youtube_pipeline.py for tasks to queue
[2026-09-05T08:33:04.468+0000] {logging_mixin.py:188} INFO - [2026-09-05T08:33:04.468+0000] {dagbag.py:545} INFO - Filling up the DagBag from /opt/airflow/dags/youtube_pipeline.py
[2026-09-05T08:33:04.487+0000] {processor.py:840} INFO - DAG(s) 'youtube_english_video_pipeline' retrieved from /opt/airflow/dags/youtube_pipeline.py
[2026-09-05T08:33:04.515+0000] {logging_mixin.py:188} INFO - [2026-09-05T08:33:04.515+0000] {dag.py:3089} INFO - Sync 1 DAGs
[2026-09-05T08:33:04.529+0000] {logging_mixin.py:188} INFO - [2026-09-05T08:33:04.529+0000] {dag.py:3947} INFO - Setting next_dagrun for youtube_english_video_pipeline to 2026-09-04 12:00:00+00:00, run_after=2026-09-05 12:00:00+00:00
[2026-09-05T08:33:04.544+0000] {processor.py:183} INFO - Processing /opt/airflow/dags/youtube_pipeline.py took 0.084 seconds
[2026-09-05T08:33:34.860+0000] {processor.py:161} INFO - Started process (PID=28542) to work on /opt/airflow/dags/youtube_pipeline.py
[2026-09-05T08:33:34.863+0000] {processor.py:830} INFO - Processing file /opt/airflow/dags/youtube_pipeline.py for tasks to queue
[2026-09-05T08:33:34.865+0000] {logging_mixin.py:188} INFO - [2026-09-05T08:33:34.865+0000] {dagbag.py:545} INFO - Filling up the DagBag from /opt/airflow/dags/youtube_pipeline.py
[2026-09-05T08:33:35.005+0000] {processor.py:840} INFO - DAG(s) 'youtube_english_video_pipeline' retrieved from /opt/airflow/dags/youtube_pipeline.py
[2026-09-05T08:33:35.036+0000] {logging_mixin.py:188} INFO - [2026-09-05T08:33:35.036+0000] {dag.py:3089} INFO - Sync 1 DAGs
[2026-09-05T08:33:35.051+0000] {logging_mixin.py:188} INFO - [2026-09-05T08:33:35.051+0000] {dag.py:3947} INFO - Setting next_dagrun for youtube_english_video_pipeline to 2026-09-04 12:00:00+00:00, run_after=2026-09-05 12:00:00+00:00
[2026-09-05T08:33:35.094+0000] {processor.py:183} INFO - Processing /opt/airflow/dags/youtube_pipeline.py took 0.246 seconds
[2026-09-05T08:34:05.343+0000] {processor.py:161} INFO - Started process (PID=28547) to work on /opt/airflow/dags/youtube_pipeline.py
[2026-09-05T08:34:05.344+0000] {processor.py:830} INFO - Processing file /opt/airflow/dags/youtube_pipeline.py for tasks to queue
[2026-09-05T08:34:05.345+0000] {logging_mixin.py:188} INFO - [2026-09-05T08:34:05.345+0000] {dagbag.py:545} INFO - Filling up the DagBag from /opt/airflow/dags/youtube_pipeline.py
[2026-09-05T08:34:05.363+0000] {processor.py:840} INFO - DAG(s) 'youtube_english_video_pipeline' retrieved from /opt/airflow/dags/youtube_pipeline.py
[2026-09-05T08:34:05.392+0000] {logging_mixin.py:188} INFO - [2026-09-05T08:34:05.392+0000] {dag.py:3089} INFO - Sync 1 DAGs
[2026-09-05T08:34:05.405+0000] {logging_mixin.py:188} INFO - [2026-09-05T08:34:05.405+0000] {dag.py:3947} INFO - Setting next_dagrun for youtube_english_video_pipeline to 2026-09-04 12:00:00+00:00, run_after=2026-09-05 12:00:00+00:00
[2026-09-05T08:34:05.429+0000] {processor.py:183} INFO - Processing /opt/airflow/dags/youtube_pipeline.py took 0.091 seconds
[2026-09-05T08:34:35.579+0000] {processor.py:161} INFO - Started process (PID=28552) to work on /opt/airflow/dags/youtube_pipeline.py
[2026-09-05T08:34:35.580+0000] {processor.py:830} INFO - Processing file /opt/airflow/dags/youtube_pipeline.py for tasks to queue
[2026-09-05T08:34:35.581+0000] {logging_mixin.py:188} INFO - [2026-09-05T08:34:35.581+0000] {dagbag.py:545} INFO - Filling up the DagBag from /opt/airflow/dags/youtube_pipeline.py
[2026-09-05T08:34:35.600+0000] {processor.py:840} INFO - DAG(s) 'youtube_english_video_pipeline' retrieved from /opt/airflow/dags/youtube_pipeline.py
[2026-09-05T08:34:35.630+0000] {logging_mixin.py:188} INFO - [2026-09-05T08:34:35.630+0000] {dag.py:3089} INFO - Sync 1 DAGs
[2026-09-05T08:34:35.646+0000] {logging_mixin.py:188} INFO - [2026-09-05T08:34:35.645+0000] {dag.py:3947} INFO - Setting next_dagrun for youtube_english_video_pipeline to 2026-09-04 12:00:00+00:00, run_after=2026-09-05 12:00:00+00:00
[2026-09-05T08:34:35.659+0000] {processor.py:183} INFO - Processing /opt/airflow/dags/youtube_pipeline.py took 0.085 seconds
[2026-09-05T08:35:05.894+0000] {processor.py:161} INFO - Started process (PID=28557) to work on /opt/airflow/dags/youtube_pipeline.py
[2026-09-05T08:35:05.896+0000] {processor.py:830} INFO - Processing file /opt/airflow/dags/youtube_pipeline.py for tasks to queue
[2026-09-05T08:35:05.898+0000] {logging_mixin.py:188} INFO - [2026-09-05T08:35:05.898+0000] {dagbag.py:545} INFO - Filling up the DagBag from /opt/airflow/dags/youtube_pipeline.py
[2026-09-05T08:35:05.920+0000] {processor.py:840} INFO - DAG(s) 'youtube_english_video_pipeline' retrieved from /opt/airflow/dags/youtube_pipeline.py
[2026-09-05T08:35:05.948+0000] {logging_mixin.py:188} INFO - [2026-09-05T08:35:05.948+0000] {dag.py:3089} INFO - Sync 1 DAGs
[2026-09-05T08:35:05.962+0000] {logging_mixin.py:188} INFO - [2026-09-05T08:35:05.962+0000] {dag.py:3947} INFO - Setting next_dagrun for youtube_english_video_pipeline to 2026-09-04 12:00:00+00:00, run_after=2026-09-05 12:00:00+00:00
[2026-09-05T08:35:05.977+0000] {processor.py:183} INFO - Processing /opt/airflow/dags/youtube_pipeline.py took 0.091 seconds
[2026-09-05T08:35:36.125+0000] {processor.py:161} INFO - Started process (PID=28562) to work on /opt/airflow/dags/youtube_pipeline.py
[2026-09-05T08:35:36.125+0000] {processor.py:830} INFO - Processing file /opt/airflow/dags/youtube_pipeline.py for tasks to queue
[2026-09-05T08:35:36.127+0000] {logging_mixin.py:188} INFO - [2026-09-05T08:35:36.127+0000] {dagbag.py:545} INFO - Filling up the DagBag from /opt/airflow/dags/youtube_pipeline.py
[2026-09-05T08:35:36.155+0000] {processor.py:840} INFO - DAG(s) 'youtube_english_video_pipeline' retrieved from /opt/airflow/dags/youtube_pipeline.py
[2026-09-05T08:35:36.184+0000] {logging_mixin.py:188} INFO - [2026-09-05T08:35:36.184+0000] {dag.py:3089} INFO - Sync 1 DAGs
[2026-09-05T08:35:36.198+0000] {logging_mixin.py:188} INFO - [2026-09-05T08:35:36.198+0000] {dag.py:3947} INFO - Setting next_dagrun for youtube_english_video_pipeline to 2026-09-04 12:00:00+00:00, run_after=2026-09-05 12:00:00+00:00
[2026-09-05T08:35:36.220+0000] {processor.py:183} INFO - Processing /opt/airflow/dags/youtube_pipeline.py took 0.101 seconds
[2026-09-05T08:36:06.471+0000] {processor.py:161} INFO - Started process (PID=28567) to work on /opt/airflow/dags/youtube_pipeline.py
[2026-09-05T08:36:06.472+0000] {processor.py:830} INFO - Processing file /opt/airflow/dags/youtube_pipeline.py for tasks to queue
[2026-09-05T08:36:06.473+0000] {logging_mixin.py:188} INFO - [2026-09-05T08:36:06.473+0000] {dagbag.py:545} INFO - Filling up the DagBag from /opt/airflow/dags/youtube_pipeline.py
[2026-09-05T08:36:06.491+0000] {processor.py:840} INFO - DAG(s) 'youtube_english_video_pipeline' retrieved from /opt/airflow/dags/youtube_pipeline.py
[2026-09-05T08:36:06.519+0000] {logging_mixin.py:188} INFO - [2026-09-05T08:36:06.519+0000] {dag.py:3089} INFO - Sync 1 DAGs
[2026-09-05T08:36:06.533+0000] {logging_mixin.py:188} INFO - [2026-09-05T08:36:06.532+0000] {dag.py:3947} INFO - Setting next_dagrun for youtube_english_video_pipeline to 2026-09-04 12:00:00+00:00, run_after=2026-09-05 12:00:00+00:00
[2026-09-05T08:36:06.556+0000] {processor.py:183} INFO - Processing /opt/airflow/dags/youtube_pipeline.py took 0.090 seconds
[2026-09-05T08:36:36.755+0000] {processor.py:161} INFO - Started process (PID=28572) to work on /opt/airflow/dags/youtube_pipeline.py
[2026-09-05T08:36:36.756+0000] {processor.py:830} INFO - Processing file /opt/airflow/dags/youtube_pipeline.py for tasks to queue
[2026-09-05T08:36:36.758+0000] {logging_mixin.py:188} INFO - [2026-09-05T08:36:36.757+0000] {dagbag.py:545} INFO - Filling up the DagBag from /opt/airflow/dags/youtube_pipeline.py
[2026-09-05T08:36:36.776+0000] {processor.py:840} INFO - DAG(s) 'youtube_english_video_pipeline' retrieved from /opt/airflow/dags/youtube_pipeline.py
[2026-09-05T08:36:36.804+0000] {logging_mixin.py:188} INFO - [2026-09-05T08:36:36.803+0000] {dag.py:3089} INFO - Sync 1 DAGs
[2026-09-05T08:36:36.817+0000] {logging_mixin.py:188} INFO - [2026-09-05T08:36:36.817+0000] {dag.py:3947} INFO - Setting next_dagrun for youtube_english_video_pipeline to 2026-09-04 12:00:00+00:00, run_after=2026-09-05 12:00:00+00:00
[2026-09-05T08:36:36.830+0000] {processor.py:183} INFO - Processing /opt/airflow/dags/youtube_pipeline.py took 0.080 seconds
[2026-09-05T08:37:07.110+0000] {processor.py:161} INFO - Started process (PID=28577) to work on /opt/airflow/dags/youtube_pipeline.py
[2026-09-05T08:37:07.114+0000] {processor.py:830} INFO - Processing file /opt/airflow/dags/youtube_pipeline.py for tasks to queue
[2026-09-05T08:37:07.118+0000] {logging_mixin.py:188} INFO - [2026-09-05T08:37:07.118+0000] {dagbag.py:545} INFO - Filling up the DagBag from /opt/airflow/dags/youtube_pipeline.py
[2026-09-05T08:37:07.161+0000] {processor.py:840} INFO - DAG(s) 'youtube_english_video_pipeline' retrieved from /opt/airflow/dags/youtube_pipeline.py
[2026-09-05T08:37:07.192+0000] {logging_mixin.py:188} INFO - [2026-09-05T08:37:07.192+0000] {dag.py:3089} INFO - Sync 1 DAGs
[2026-09-05T08:37:07.207+0000] {logging_mixin.py:188} INFO - [2026-09-05T08:37:07.207+0000] {dag.py:3947} INFO - Setting next_dagrun for youtube_english_video_pipeline to 2026-09-04 12:00:00+00:00, run_after=2026-09-05 12:00:00+00:00
[2026-09-05T08:37:07.223+0000] {processor.py:183} INFO - Processing /opt/airflow/dags/youtube_pipeline.py took 0.119 seconds
[2026-09-05T08:37:37.381+0000] {processor.py:161} INFO - Started process (PID=28582) to work on /opt/airflow/dags/youtube_pipeline.py
[2026-09-05T08:37:37.382+0000] {processor.py:830} INFO - Processing file /opt/airflow/dags/youtube_pipeline.py for tasks to queue
[2026-09-05T08:37:37.384+0000] {logging_mixin.py:188} INFO - [2026-09-05T08:37:37.383+0000] {dagbag.py:545} INFO - Filling up the DagBag from /opt/airflow/dags/youtube_pipeline.py
[2026-09-05T08:37:37.403+0000] {processor.py:840} INFO - DAG(s) 'youtube_english_video_pipeline' retrieved from /opt/airflow/dags/youtube_pipeline.py
[2026-09-05T08:37:37.431+0000] {logging_mixin.py:188} INFO - [2026-09-05T08:37:37.431+0000] {dag.py:3089} INFO - Sync 1 DAGs
[2026-09-05T08:37:37.445+0000] {logging_mixin.py:188} INFO - [2026-09-05T08:37:37.444+0000] {dag.py:3947} INFO - Setting next_dagrun for youtube_english_video_pipeline to 2026-09-04 12:00:00+00:00, run_after=2026-09-05 12:00:00+00:00
[2026-09-05T08:37:37.458+0000] {processor.py:183} INFO - Processing /opt/airflow/dags/youtube_pipeline.py took 0.082 seconds
[2026-09-05T08:38:07.606+0000] {processor.py:161} INFO - Started process (PID=28587) to work on /opt/airflow/dags/youtube_pipeline.py
[2026-09-05T08:38:07.607+0000] {processor.py:830} INFO - Processing file /opt/airflow/dags/youtube_pipeline.py for tasks to queue
[2026-09-05T08:38:07.608+0000] {logging_mixin.py:188} INFO - [2026-09-05T08:38:07.608+0000] {dagbag.py:545} INFO - Filling up the DagBag from /opt/airflow/dags/youtube_pipeline.py
[2026-09-05T08:38:07.632+0000] {processor.py:840} INFO - DAG(s) 'youtube_english_video_pipeline' retrieved from /opt/airflow/dags/youtube_pipeline.py
[2026-09-05T08:38:07.668+0000] {logging_mixin.py:188} INFO - [2026-09-05T08:38:07.668+0000] {dag.py:3089} INFO - Sync 1 DAGs
[2026-09-05T08:38:07.688+0000] {logging_mixin.py:188} INFO - [2026-09-05T08:38:07.688+0000] {dag.py:3947} INFO - Setting next_dagrun for youtube_english_video_pipeline to 2026-09-04 12:00:00+00:00, run_after=2026-09-05 12:00:00+00:00
[2026-09-05T08:38:07.709+0000] {processor.py:183} INFO - Processing /opt/airflow/dags/youtube_pipeline.py took 0.109 seconds
[2026-09-05T08:38:37.888+0000] {processor.py:161} INFO - Started process (PID=28592) to work on /opt/airflow/dags/youtube_pipeline.py
[2026-09-05T08:38:37.889+0000] {processor.py:830} INFO - Processing file /opt/airflow/dags/youtube_pipeline.py for tasks to queue
[2026-09-05T08:38:37.890+0000] {logging_mixin.py:188} INFO - [2026-09-05T08:38:37.890+0000] {dagbag.py:545} INFO - Filling up the DagBag from /opt/airflow/dags/youtube_pipeline.py
[2026-09-05T08:38:37.944+0000] {processor.py:840} INFO - DAG(s) 'youtube_english_video_pipeline' retrieved from /opt/airflow/dags/youtube_pipeline.py
[2026-09-05T08:38:37.991+0000] {logging_mixin.py:188} INFO - [2026-09-05T08:38:37.991+0000] {dag.py:3089} INFO - Sync 1 DAGs
[2026-09-05T08:38:38.008+0000] {logging_mixin.py:188} INFO - [2026-09-05T08:38:38.008+0000] {dag.py:3947} INFO - Setting next_dagrun for youtube_english_video_pipeline to 2026-09-04 12:00:00+00:00, run_after=2026-09-05 12:00:00+00:00
[2026-09-05T08:38:38.026+0000] {processor.py:183} INFO - Processing /opt/airflow/dags/youtube_pipeline.py took 0.144 seconds
[2026-09-05T08:39:08.184+0000] {processor.py:161} INFO - Started process (PID=28597) to work on /opt/airflow/dags/youtube_pipeline.py
[2026-09-05T08:39:08.186+0000] {processor.py:830} INFO - Processing file /opt/airflow/dags/youtube_pipeline.py for tasks to queue
[2026-09-05T08:39:08.188+0000] {logging_mixin.py:188} INFO - [2026-09-05T08:39:08.188+0000] {dagbag.py:545} INFO - Filling up the DagBag from /opt/airflow/dags/youtube_pipeline.py
[2026-09-05T08:39:08.222+0000] {processor.py:840} INFO - DAG(s) 'youtube_english_video_pipeline' retrieved from /opt/airflow/dags/youtube_pipeline.py
[2026-09-05T08:39:08.252+0000] {logging_mixin.py:188} INFO - [2026-09-05T08:39:08.251+0000] {dag.py:3089} INFO - Sync 1 DAGs
[2026-09-05T08:39:08.266+0000] {logging_mixin.py:188} INFO - [2026-09-05T08:39:08.266+0000] {dag.py:3947} INFO - Setting next_dagrun for youtube_english_video_pipeline to 2026-09-04 12:00:00+00:00, run_after=2026-09-05 12:00:00+00:00
[2026-09-05T08:39:08.289+0000] {processor.py:183} INFO - Processing /opt/airflow/dags/youtube_pipeline.py took 0.111 seconds
[2026-09-05T08:39:38.484+0000] {processor.py:161} INFO - Started process (PID=28602) to work on /opt/airflow/dags/youtube_pipeline.py
[2026-09-05T08:39:38.485+0000] {processor.py:830} INFO - Processing file /opt/airflow/dags/youtube_pipeline.py for tasks to queue
[2026-09-05T08:39:38.486+0000] {logging_mixin.py:188} INFO - [2026-09-05T08:39:38.486+0000] {dagbag.py:545} INFO - Filling up the DagBag from /opt/airflow/dags/youtube_pipeline.py
[2026-09-05T08:39:38.506+0000] {processor.py:840} INFO - DAG(s) 'youtube_english_video_pipeline' retrieved from /opt/airflow/dags/youtube_pipeline.py
[2026-09-05T08:39:38.535+0000] {logging_mixin.py:188} INFO - [2026-09-05T08:39:38.535+0000] {dag.py:3089} INFO - Sync 1 DAGs
[2026-09-05T08:39:38.548+0000] {logging_mixin.py:188} INFO - [2026-09-05T08:39:38.548+0000] {dag.py:3947} INFO - Setting next_dagrun for youtube_english_video_pipeline to 2026-09-04 12:00:00+00:00, run_after=2026-09-05 12:00:00+00:00
[2026-09-05T08:39:38.564+0000] {processor.py:183} INFO - Processing /opt/airflow/dags/youtube_pipeline.py took 0.085 seconds
[2026-09-05T08:40:08.946+0000] {processor.py:161} INFO - Started process (PID=28607) to work on /opt/airflow/dags/youtube_pipeline.py
[2026-09-05T08:40:08.948+0000] {processor.py:830} INFO - Processing file /opt/airflow/dags/youtube_pipeline.py for tasks to queue
[2026-09-05T08:40:08.952+0000] {logging_mixin.py:188} INFO - [2026-09-05T08:40:08.952+0000] {dagbag.py:545} INFO - Filling up the DagBag from /opt/airflow/dags/youtube_pipeline.py
[2026-09-05T08:40:09.121+0000] {processor.py:840} INFO - DAG(s) 'youtube_english_video_pipeline' retrieved from /opt/airflow/dags/youtube_pipeline.py
[2026-09-05T08:40:09.153+0000] {logging_mixin.py:188} INFO - [2026-09-05T08:40:09.153+0000] {dag.py:3089} INFO - Sync 1 DAGs
[2026-09-05T08:40:09.171+0000] {logging_mixin.py:188} INFO - [2026-09-05T08:40:09.171+0000] {dag.py:3947} INFO - Setting next_dagrun for youtube_english_video_pipeline to 2026-09-04 12:00:00+00:00, run_after=2026-09-05 12:00:00+00:00
[2026-09-05T08:40:09.199+0000] {processor.py:183} INFO - Processing /opt/airflow/dags/youtube_pipeline.py took 0.263 seconds
[2026-09-05T08:40:39.444+0000] {processor.py:161} INFO - Started process (PID=28612) to work on /opt/airflow/dags/youtube_pipeline.py
[2026-09-05T08:40:39.445+0000] {processor.py:830} INFO - Processing file /opt/airflow/dags/youtube_pipeline.py for tasks to queue
[2026-09-05T08:40:39.447+0000] {logging_mixin.py:188} INFO - [2026-09-05T08:40:39.446+0000] {dagbag.py:545} INFO - Filling up the DagBag from /opt/airflow/dags/youtube_pipeline.py
[2026-09-05T08:40:39.466+0000] {processor.py:840} INFO - DAG(s) 'youtube_english_video_pipeline' retrieved from /opt/airflow/dags/youtube_pipeline.py
[2026-09-05T08:40:39.494+0000] {logging_mixin.py:188} INFO - [2026-09-05T08:40:39.494+0000] {dag.py:3089} INFO - Sync 1 DAGs
[2026-09-05T08:40:39.509+0000] {logging_mixin.py:188} INFO - [2026-09-05T08:40:39.509+0000] {dag.py:3947} INFO - Setting next_dagrun for youtube_english_video_pipeline to 2026-09-04 12:00:00+00:00, run_after=2026-09-05 12:00:00+00:00
[2026-09-05T08:40:39.524+0000] {processor.py:183} INFO - Processing /opt/airflow/dags/youtube_pipeline.py took 0.085 seconds
[2026-09-05T08:41:09.709+0000] {processor.py:161} INFO - Started process (PID=28617) to work on /opt/airflow/dags/youtube_pipeline.py
[2026-09-05T08:41:09.710+0000] {processor.py:830} INFO - Processing file /opt/airflow/dags/youtube_pipeline.py for tasks to queue
[2026-09-05T08:41:09.712+0000] {logging_mixin.py:188} INFO - [2026-09-05T08:41:09.712+0000] {dagbag.py:545} INFO - Filling up the DagBag from /opt/airflow/dags/youtube_pipeline.py
[2026-09-05T08:41:09.731+0000] {processor.py:840} INFO - DAG(s) 'youtube_english_video_pipeline' retrieved from /opt/airflow/dags/youtube_pipeline.py
[2026-09-05T08:41:09.758+0000] {logging_mixin.py:188} INFO - [2026-09-05T08:41:09.758+0000] {dag.py:3089} INFO - Sync 1 DAGs
[2026-09-05T08:41:09.771+0000] {logging_mixin.py:188} INFO - [2026-09-05T08:41:09.771+0000] {dag.py:3947} INFO - Setting next_dagrun for youtube_english_video_pipeline to 2026-09-04 12:00:00+00:00, run_after=2026-09-05 12:00:00+00:00
[2026-09-05T08:41:09.793+0000] {processor.py:183} INFO - Processing /opt/airflow/dags/youtube_pipeline.py took 0.089 seconds
[2026-09-05T08:41:40.004+0000] {processor.py:161} INFO - Started process (PID=28622) to work on /opt/airflow/dags/youtube_pipeline.py
[2026-09-05T08:41:40.005+0000] {processor.py:830} INFO - Processing file /opt/airflow/dags/youtube_pipeline.py for tasks to queue
[2026-09-05T08:41:40.007+0000] {logging_mixin.py:188} INFO - [2026-09-05T08:41:40.007+0000] {dagbag.py:545} INFO - Filling up the DagBag from /opt/airflow/dags/youtube_pipeline.py
[2026-09-05T08:41:40.027+0000] {processor.py:840} INFO - DAG(s) 'youtube_english_video_pipeline' retrieved from /opt/airflow/dags/youtube_pipeline.py
[2026-09-05T08:41:40.056+0000] {logging_mixin.py:188} INFO - [2026-09-05T08:41:40.056+0000] {dag.py:3089} INFO - Sync 1 DAGs
[2026-09-05T08:41:40.069+0000] {logging_mixin.py:188} INFO - [2026-09-05T08:41:40.069+0000] {dag.py:3947} INFO - Setting next_dagrun for youtube_english_video_pipeline to 2026-09-04 12:00:00+00:00, run_after=2026-09-05 12:00:00+00:00
[2026-09-05T08:41:40.082+0000] {processor.py:183} INFO - Processing /opt/airflow/dags/youtube_pipeline.py took 0.083 seconds
[2026-09-05T08:42:10.319+0000] {processor.py:161} INFO - Started process (PID=28627) to work on /opt/airflow/dags/youtube_pipeline.py
[2026-09-05T08:42:10.320+0000] {processor.py:830} INFO - Processing file /opt/airflow/dags/youtube_pipeline.py for tasks to queue
[2026-09-05T08:42:10.322+0000] {logging_mixin.py:188} INFO - [2026-09-05T08:42:10.322+0000] {dagbag.py:545} INFO - Filling up the DagBag from /opt/airflow/dags/youtube_pipeline.py
[2026-09-05T08:42:10.355+0000] {processor.py:840} INFO - DAG(s) 'youtube_english_video_pipeline' retrieved from /opt/airflow/dags/youtube_pipeline.py
[2026-09-05T08:42:10.390+0000] {logging_mixin.py:188} INFO - [2026-09-05T08:42:10.389+0000] {dag.py:3089} INFO - Sync 1 DAGs
[2026-09-05T08:42:10.404+0000] {logging_mixin.py:188} INFO - [2026-09-05T08:42:10.403+0000] {dag.py:3947} INFO - Setting next_dagrun for youtube_english_video_pipeline to 2026-09-04 12:00:00+00:00, run_after=2026-09-05 12:00:00+00:00
[2026-09-05T08:42:10.417+0000] {processor.py:183} INFO - Processing /opt/airflow/dags/youtube_pipeline.py took 0.103 seconds
[2026-09-05T08:42:40.565+0000] {processor.py:161} INFO - Started process (PID=28632) to work on /opt/airflow/dags/youtube_pipeline.py
[2026-09-05T08:42:40.566+0000] {processor.py:830} INFO - Processing file /opt/airflow/dags/youtube_pipeline.py for tasks to queue
[2026-09-05T08:42:40.567+0000] {logging_mixin.py:188} INFO - [2026-09-05T08:42:40.567+0000] {dagbag.py:545} INFO - Filling up the DagBag from /opt/airflow/dags/youtube_pipeline.py
[2026-09-05T08:42:40.586+0000] {processor.py:840} INFO - DAG(s) 'youtube_english_video_pipeline' retrieved from /opt/airflow/dags/youtube_pipeline.py
[2026-09-05T08:42:40.618+0000] {logging_mixin.py:188} INFO - [2026-09-05T08:42:40.618+0000] {dag.py:3089} INFO - Sync 1 DAGs
[2026-09-05T08:42:40.633+0000] {logging_mixin.py:188} INFO - [2026-09-05T08:42:40.633+0000] {dag.py:3947} INFO - Setting next_dagrun for youtube_english_video_pipeline to 2026-09-04 12:00:00+00:00, run_after=2026-09-05 12:00:00+00:00
[2026-09-05T08:42:40.648+0000] {processor.py:183} INFO - Processing /opt/airflow/dags/youtube_pipeline.py took 0.088 seconds
[2026-09-05T08:43:10.841+0000] {processor.py:161} INFO - Started process (PID=28637) to work on /opt/airflow/dags/youtube_pipeline.py
[2026-09-05T08:43:10.842+0000] {processor.py:830} INFO - Processing file /opt/airflow/dags/youtube_pipeline.py for tasks to queue
[2026-09-05T08:43:10.843+0000] {logging_mixin.py:188} INFO - [2026-09-05T08:43:10.843+0000] {dagbag.py:545} INFO - Filling up the DagBag from /opt/airflow/dags/youtube_pipeline.py
[2026-09-05T08:43:10.866+0000] {processor.py:840} INFO - DAG(s) 'youtube_english_video_pipeline' retrieved from /opt/airflow/dags/youtube_pipeline.py
[2026-09-05T08:43:10.894+0000] {logging_mixin.py:188} INFO - [2026-09-05T08:43:10.893+0000] {dag.py:3089} INFO - Sync 1 DAGs
[2026-09-05T08:43:10.908+0000] {logging_mixin.py:188} INFO - [2026-09-05T08:43:10.908+0000] {dag.py:3947} INFO - Setting next_dagrun for youtube_english_video_pipeline to 2026-09-04 12:00:00+00:00, run_after=2026-09-05 12:00:00+00:00
[2026-09-05T08:43:10.922+0000] {processor.py:183} INFO - Processing /opt/airflow/dags/youtube_pipeline.py took 0.086 seconds
[2026-09-05T08:43:41.082+0000] {processor.py:161} INFO - Started process (PID=28642) to work on /opt/airflow/dags/youtube_pipeline.py
[2026-09-05T08:43:41.083+0000] {processor.py:830} INFO - Processing file /opt/airflow/dags/youtube_pipeline.py for tasks to queue
[2026-09-05T08:43:41.093+0000] {logging_mixin.py:188} INFO - [2026-09-05T08:43:41.093+0000] {dagbag.py:545} INFO - Filling up the DagBag from /opt/airflow/dags/youtube_pipeline.py
[2026-09-05T08:43:41.127+0000] {processor.py:840} INFO - DAG(s) 'youtube_english_video_pipeline' retrieved from /opt/airflow/dags/youtube_pipeline.py
[2026-09-05T08:43:41.155+0000] {logging_mixin.py:188} INFO - [2026-09-05T08:43:41.155+0000] {dag.py:3089} INFO - Sync 1 DAGs
[2026-09-05T08:43:41.169+0000] {logging_mixin.py:188} INFO - [2026-09-05T08:43:41.169+0000] {dag.py:3947} INFO - Setting next_dagrun for youtube_english_video_pipeline to 2026-09-04 12:00:00+00:00, run_after=2026-09-05 12:00:00+00:00
[2026-09-05T08:43:41.184+0000] {processor.py:183} INFO - Processing /opt/airflow/dags/youtube_pipeline.py took 0.107 seconds
[2026-09-05T08:44:11.349+0000] {processor.py:161} INFO - Started process (PID=28647) to work on /opt/airflow/dags/youtube_pipeline.py
[2026-09-05T08:44:11.350+0000] {processor.py:830} INFO - Processing file /opt/airflow/dags/youtube_pipeline.py for tasks to queue
[2026-09-05T08:44:11.351+0000] {logging_mixin.py:188} INFO - [2026-09-05T08:44:11.351+0000] {dagbag.py:545} INFO - Filling up the DagBag from /opt/airflow/dags/youtube_pipeline.py
[2026-09-05T08:44:11.371+0000] {processor.py:840} INFO - DAG(s) 'youtube_english_video_pipeline' retrieved from /opt/airflow/dags/youtube_pipeline.py
[2026-09-05T08:44:11.398+0000] {logging_mixin.py:188} INFO - [2026-09-05T08:44:11.398+0000] {dag.py:3089} INFO - Sync 1 DAGs
[2026-09-05T08:44:11.412+0000] {logging_mixin.py:188} INFO - [2026-09-05T08:44:11.412+0000] {dag.py:3947} INFO - Setting next_dagrun for youtube_english_video_pipeline to 2026-09-04 12:00:00+00:00, run_after=2026-09-05 12:00:00+00:00
[2026-09-05T08:44:11.426+0000] {processor.py:183} INFO - Processing /opt/airflow/dags/youtube_pipeline.py took 0.082 seconds
[2026-09-05T08:44:41.607+0000] {processor.py:161} INFO - Started process (PID=28652) to work on /opt/airflow/dags/youtube_pipeline.py
[2026-09-05T08:44:41.609+0000] {processor.py:830} INFO - Processing file /opt/airflow/dags/youtube_pipeline.py for tasks to queue
[2026-09-05T08:44:41.613+0000] {logging_mixin.py:188} INFO - [2026-09-05T08:44:41.612+0000] {dagbag.py:545} INFO - Filling up the DagBag from /opt/airflow/dags/youtube_pipeline.py
[2026-09-05T08:44:41.658+0000] {processor.py:840} INFO - DAG(s) 'youtube_english_video_pipeline' retrieved from /opt/airflow/dags/youtube_pipeline.py
[2026-09-05T08:44:41.687+0000] {logging_mixin.py:188} INFO - [2026-09-05T08:44:41.687+0000] {dag.py:3089} INFO - Sync 1 DAGs
[2026-09-05T08:44:41.704+0000] {logging_mixin.py:188} INFO - [2026-09-05T08:44:41.704+0000] {dag.py:3947} INFO - Setting next_dagrun for youtube_english_video_pipeline to 2026-09-04 12:00:00+00:00, run_after=2026-09-05 12:00:00+00:00
[2026-09-05T08:44:41.720+0000] {processor.py:183} INFO - Processing /opt/airflow/dags/youtube_pipeline.py took 0.121 seconds
[2026-09-05T08:45:11.949+0000] {processor.py:161} INFO - Started process (PID=28657) to work on /opt/airflow/dags/youtube_pipeline.py
[2026-09-05T08:45:11.951+0000] {processor.py:830} INFO - Processing file /opt/airflow/dags/youtube_pipeline.py for tasks to queue
[2026-09-05T08:45:11.954+0000] {logging_mixin.py:188} INFO - [2026-09-05T08:45:11.954+0000] {dagbag.py:545} INFO - Filling up the DagBag from /opt/airflow/dags/youtube_pipeline.py
[2026-09-05T08:45:11.991+0000] {processor.py:840} INFO - DAG(s) 'youtube_english_video_pipeline' retrieved from /opt/airflow/dags/youtube_pipeline.py
[2026-09-05T08:45:12.023+0000] {logging_mixin.py:188} INFO - [2026-09-05T08:45:12.023+0000] {dag.py:3089} INFO - Sync 1 DAGs
[2026-09-05T08:45:12.038+0000] {logging_mixin.py:188} INFO - [2026-09-05T08:45:12.038+0000] {dag.py:3947} INFO - Setting next_dagrun for youtube_english_video_pipeline to 2026-09-04 12:00:00+00:00, run_after=2026-09-05 12:00:00+00:00
[2026-09-05T08:45:12.052+0000] {processor.py:183} INFO - Processing /opt/airflow/dags/youtube_pipeline.py took 0.109 seconds
[2026-09-05T08:45:42.291+0000] {processor.py:161} INFO - Started process (PID=28662) to work on /opt/airflow/dags/youtube_pipeline.py
[2026-09-05T08:45:42.293+0000] {processor.py:830} INFO - Processing file /opt/airflow/dags/youtube_pipeline.py for tasks to queue
[2026-09-05T08:45:42.297+0000] {logging_mixin.py:188} INFO - [2026-09-05T08:45:42.296+0000] {dagbag.py:545} INFO - Filling up the DagBag from /opt/airflow/dags/youtube_pipeline.py
[2026-09-05T08:45:42.360+0000] {processor.py:840} INFO - DAG(s) 'youtube_english_video_pipeline' retrieved from /opt/airflow/dags/youtube_pipeline.py
[2026-09-05T08:45:42.394+0000] {logging_mixin.py:188} INFO - [2026-09-05T08:45:42.394+0000] {dag.py:3089} INFO - Sync 1 DAGs
[2026-09-05T08:45:42.409+0000] {logging_mixin.py:188} INFO - [2026-09-05T08:45:42.409+0000] {dag.py:3947} INFO - Setting next_dagrun for youtube_english_video_pipeline to 2026-09-04 12:00:00+00:00, run_after=2026-09-05 12:00:00+00:00
[2026-09-05T08:45:42.424+0000] {processor.py:183} INFO - Processing /opt/airflow/dags/youtube_pipeline.py took 0.142 seconds
[2026-09-05T08:46:12.504+0000] {processor.py:161} INFO - Started process (PID=28667) to work on /opt/airflow/dags/youtube_pipeline.py
[2026-09-05T08:46:12.505+0000] {processor.py:830} INFO - Processing file /opt/airflow/dags/youtube_pipeline.py for tasks to queue
[2026-09-05T08:46:12.506+0000] {logging_mixin.py:188} INFO - [2026-09-05T08:46:12.506+0000] {dagbag.py:545} INFO - Filling up the DagBag from /opt/airflow/dags/youtube_pipeline.py
[2026-09-05T08:46:12.533+0000] {processor.py:840} INFO - DAG(s) 'youtube_english_video_pipeline' retrieved from /opt/airflow/dags/youtube_pipeline.py
[2026-09-05T08:46:12.561+0000] {logging_mixin.py:188} INFO - [2026-09-05T08:46:12.561+0000] {dag.py:3089} INFO - Sync 1 DAGs
[2026-09-05T08:46:12.575+0000] {logging_mixin.py:188} INFO - [2026-09-05T08:46:12.575+0000] {dag.py:3947} INFO - Setting next_dagrun for youtube_english_video_pipeline to 2026-09-04 12:00:00+00:00, run_after=2026-09-05 12:00:00+00:00
[2026-09-05T08:46:12.589+0000] {processor.py:183} INFO - Processing /opt/airflow/dags/youtube_pipeline.py took 0.091 seconds
[2026-09-05T08:46:42.764+0000] {processor.py:161} INFO - Started process (PID=28672) to work on /opt/airflow/dags/youtube_pipeline.py
[2026-09-05T08:46:42.766+0000] {processor.py:830} INFO - Processing file /opt/airflow/dags/youtube_pipeline.py for tasks to queue
[2026-09-05T08:46:42.771+0000] {logging_mixin.py:188} INFO - [2026-09-05T08:46:42.770+0000] {dagbag.py:545} INFO - Filling up the DagBag from /opt/airflow/dags/youtube_pipeline.py
[2026-09-05T08:46:42.818+0000] {processor.py:840} INFO - DAG(s) 'youtube_english_video_pipeline' retrieved from /opt/airflow/dags/youtube_pipeline.py
[2026-09-05T08:46:42.856+0000] {logging_mixin.py:188} INFO - [2026-09-05T08:46:42.856+0000] {dag.py:3089} INFO - Sync 1 DAGs
[2026-09-05T08:46:42.876+0000] {logging_mixin.py:188} INFO - [2026-09-05T08:46:42.876+0000] {dag.py:3947} INFO - Setting next_dagrun for youtube_english_video_pipeline to 2026-09-04 12:00:00+00:00, run_after=2026-09-05 12:00:00+00:00
[2026-09-05T08:46:42.897+0000] {processor.py:183} INFO - Processing /opt/airflow/dags/youtube_pipeline.py took 0.145 seconds
[2026-09-05T08:47:13.116+0000] {processor.py:161} INFO - Started process (PID=28677) to work on /opt/airflow/dags/youtube_pipeline.py
[2026-09-05T08:47:13.117+0000] {processor.py:830} INFO - Processing file /opt/airflow/dags/youtube_pipeline.py for tasks to queue
[2026-09-05T08:47:13.118+0000] {logging_mixin.py:188} INFO - [2026-09-05T08:47:13.118+0000] {dagbag.py:545} INFO - Filling up the DagBag from /opt/airflow/dags/youtube_pipeline.py
[2026-09-05T08:47:13.138+0000] {processor.py:840} INFO - DAG(s) 'youtube_english_video_pipeline' retrieved from /opt/airflow/dags/youtube_pipeline.py
[2026-09-05T08:47:13.173+0000] {logging_mixin.py:188} INFO - [2026-09-05T08:47:13.173+0000] {dag.py:3089} INFO - Sync 1 DAGs
[2026-09-05T08:47:13.189+0000] {logging_mixin.py:188} INFO - [2026-09-05T08:47:13.188+0000] {dag.py:3947} INFO - Setting next_dagrun for youtube_english_video_pipeline to 2026-09-04 12:00:00+00:00, run_after=2026-09-05 12:00:00+00:00
[2026-09-05T08:47:13.204+0000] {processor.py:183} INFO - Processing /opt/airflow/dags/youtube_pipeline.py took 0.093 seconds
[2026-09-05T08:47:43.388+0000] {processor.py:161} INFO - Started process (PID=28682) to work on /opt/airflow/dags/youtube_pipeline.py
[2026-09-05T08:47:43.389+0000] {processor.py:830} INFO - Processing file /opt/airflow/dags/youtube_pipeline.py for tasks to queue
[2026-09-05T08:47:43.390+0000] {logging_mixin.py:188} INFO - [2026-09-05T08:47:43.390+0000] {dagbag.py:545} INFO - Filling up the DagBag from /opt/airflow/dags/youtube_pipeline.py
[2026-09-05T08:47:43.411+0000] {processor.py:840} INFO - DAG(s) 'youtube_english_video_pipeline' retrieved from /opt/airflow/dags/youtube_pipeline.py
[2026-09-05T08:47:43.441+0000] {logging_mixin.py:188} INFO - [2026-09-05T08:47:43.440+0000] {dag.py:3089} INFO - Sync 1 DAGs
[2026-09-05T08:47:43.455+0000] {logging_mixin.py:188} INFO - [2026-09-05T08:47:43.455+0000] {dag.py:3947} INFO - Setting next_dagrun for youtube_english_video_pipeline to 2026-09-04 12:00:00+00:00, run_after=2026-09-05 12:00:00+00:00
[2026-09-05T08:47:43.483+0000] {processor.py:183} INFO - Processing /opt/airflow/dags/youtube_pipeline.py took 0.100 seconds
[2026-09-05T08:48:13.698+0000] {processor.py:161} INFO - Started process (PID=28687) to work on /opt/airflow/dags/youtube_pipeline.py
[2026-09-05T08:48:13.699+0000] {processor.py:830} INFO - Processing file /opt/airflow/dags/youtube_pipeline.py for tasks to queue
[2026-09-05T08:48:13.702+0000] {logging_mixin.py:188} INFO - [2026-09-05T08:48:13.701+0000] {dagbag.py:545} INFO - Filling up the DagBag from /opt/airflow/dags/youtube_pipeline.py
[2026-09-05T08:48:13.745+0000] {processor.py:840} INFO - DAG(s) 'youtube_english_video_pipeline' retrieved from /opt/airflow/dags/youtube_pipeline.py
[2026-09-05T08:48:13.777+0000] {logging_mixin.py:188} INFO - [2026-09-05T08:48:13.777+0000] {dag.py:3089} INFO - Sync 1 DAGs
[2026-09-05T08:48:13.791+0000] {logging_mixin.py:188} INFO - [2026-09-05T08:48:13.791+0000] {dag.py:3947} INFO - Setting next_dagrun for youtube_english_video_pipeline to 2026-09-04 12:00:00+00:00, run_after=2026-09-05 12:00:00+00:00
[2026-09-05T08:48:13.816+0000] {processor.py:183} INFO - Processing /opt/airflow/dags/youtube_pipeline.py took 0.125 seconds
[2026-09-05T08:48:43.903+0000] {processor.py:161} INFO - Started process (PID=28692) to work on /opt/airflow/dags/youtube_pipeline.py
[2026-09-05T08:48:43.904+0000] {processor.py:830} INFO - Processing file /opt/airflow/dags/youtube_pipeline.py for tasks to queue
[2026-09-05T08:48:43.906+0000] {logging_mixin.py:188} INFO - [2026-09-05T08:48:43.906+0000] {dagbag.py:545} INFO - Filling up the DagBag from /opt/airflow/dags/youtube_pipeline.py
[2026-09-05T08:48:43.936+0000] {processor.py:840} INFO - DAG(s) 'youtube_english_video_pipeline' retrieved from /opt/airflow/dags/youtube_pipeline.py
[2026-09-05T08:48:43.967+0000] {logging_mixin.py:188} INFO - [2026-09-05T08:48:43.966+0000] {dag.py:3089} INFO - Sync 1 DAGs
[2026-09-05T08:48:43.981+0000] {logging_mixin.py:188} INFO - [2026-09-05T08:48:43.981+0000] {dag.py:3947} INFO - Setting next_dagrun for youtube_english_video_pipeline to 2026-09-04 12:00:00+00:00, run_after=2026-09-05 12:00:00+00:00
[2026-09-05T08:48:43.996+0000] {processor.py:183} INFO - Processing /opt/airflow/dags/youtube_pipeline.py took 0.098 seconds
[2026-09-05T08:49:14.177+0000] {processor.py:161} INFO - Started process (PID=28697) to work on /opt/airflow/dags/youtube_pipeline.py
[2026-09-05T08:49:14.180+0000] {processor.py:830} INFO - Processing file /opt/airflow/dags/youtube_pipeline.py for tasks to queue
[2026-09-05T08:49:14.181+0000] {logging_mixin.py:188} INFO - [2026-09-05T08:49:14.181+0000] {dagbag.py:545} INFO - Filling up the DagBag from /opt/airflow/dags/youtube_pipeline.py
[2026-09-05T08:49:14.200+0000] {processor.py:840} INFO - DAG(s) 'youtube_english_video_pipeline' retrieved from /opt/airflow/dags/youtube_pipeline.py
[2026-09-05T08:49:14.227+0000] {logging_mixin.py:188} INFO - [2026-09-05T08:49:14.227+0000] {dag.py:3089} INFO - Sync 1 DAGs
[2026-09-05T08:49:14.242+0000] {logging_mixin.py:188} INFO - [2026-09-05T08:49:14.242+0000] {dag.py:3947} INFO - Setting next_dagrun for youtube_english_video_pipeline to 2026-09-04 12:00:00+00:00, run_after=2026-09-05 12:00:00+00:00
[2026-09-05T08:49:14.257+0000] {processor.py:183} INFO - Processing /opt/airflow/dags/youtube_pipeline.py took 0.085 seconds
[2026-09-05T08:49:44.414+0000] {processor.py:161} INFO - Started process (PID=28702) to work on /opt/airflow/dags/youtube_pipeline.py
[2026-09-05T08:49:44.417+0000] {processor.py:830} INFO - Processing file /opt/airflow/dags/youtube_pipeline.py for tasks to queue
[2026-09-05T08:49:44.422+0000] {logging_mixin.py:188} INFO - [2026-09-05T08:49:44.422+0000] {dagbag.py:545} INFO - Filling up the DagBag from /opt/airflow/dags/youtube_pipeline.py
[2026-09-05T08:49:44.456+0000] {processor.py:840} INFO - DAG(s) 'youtube_english_video_pipeline' retrieved from /opt/airflow/dags/youtube_pipeline.py
[2026-09-05T08:49:44.488+0000] {logging_mixin.py:188} INFO - [2026-09-05T08:49:44.487+0000] {dag.py:3089} INFO - Sync 1 DAGs
[2026-09-05T08:49:44.501+0000] {logging_mixin.py:188} INFO - [2026-09-05T08:49:44.501+0000] {dag.py:3947} INFO - Setting next_dagrun for youtube_english_video_pipeline to 2026-09-04 12:00:00+00:00, run_after=2026-09-05 12:00:00+00:00
[2026-09-05T08:49:44.514+0000] {processor.py:183} INFO - Processing /opt/airflow/dags/youtube_pipeline.py took 0.106 seconds
[2026-09-05T08:50:14.726+0000] {processor.py:161} INFO - Started process (PID=28707) to work on /opt/airflow/dags/youtube_pipeline.py
[2026-09-05T08:50:14.727+0000] {processor.py:830} INFO - Processing file /opt/airflow/dags/youtube_pipeline.py for tasks to queue
[2026-09-05T08:50:14.728+0000] {logging_mixin.py:188} INFO - [2026-09-05T08:50:14.728+0000] {dagbag.py:545} INFO - Filling up the DagBag from /opt/airflow/dags/youtube_pipeline.py
[2026-09-05T08:50:14.778+0000] {processor.py:840} INFO - DAG(s) 'youtube_english_video_pipeline' retrieved from /opt/airflow/dags/youtube_pipeline.py
[2026-09-05T08:50:14.807+0000] {logging_mixin.py:188} INFO - [2026-09-05T08:50:14.807+0000] {dag.py:3089} INFO - Sync 1 DAGs
[2026-09-05T08:50:14.821+0000] {logging_mixin.py:188} INFO - [2026-09-05T08:50:14.820+0000] {dag.py:3947} INFO - Setting next_dagrun for youtube_english_video_pipeline to 2026-09-04 12:00:00+00:00, run_after=2026-09-05 12:00:00+00:00
[2026-09-05T08:50:14.834+0000] {processor.py:183} INFO - Processing /opt/airflow/dags/youtube_pipeline.py took 0.113 seconds
[2026-09-05T08:50:45.041+0000] {processor.py:161} INFO - Started process (PID=28712) to work on /opt/airflow/dags/youtube_pipeline.py
[2026-09-05T08:50:45.042+0000] {processor.py:830} INFO - Processing file /opt/airflow/dags/youtube_pipeline.py for tasks to queue
[2026-09-05T08:50:45.045+0000] {logging_mixin.py:188} INFO - [2026-09-05T08:50:45.045+0000] {dagbag.py:545} INFO - Filling up the DagBag from /opt/airflow/dags/youtube_pipeline.py
[2026-09-05T08:50:45.083+0000] {processor.py:840} INFO - DAG(s) 'youtube_english_video_pipeline' retrieved from /opt/airflow/dags/youtube_pipeline.py
[2026-09-05T08:50:45.113+0000] {logging_mixin.py:188} INFO - [2026-09-05T08:50:45.113+0000] {dag.py:3089} INFO - Sync 1 DAGs
[2026-09-05T08:50:45.131+0000] {logging_mixin.py:188} INFO - [2026-09-05T08:50:45.131+0000] {dag.py:3947} INFO - Setting next_dagrun for youtube_english_video_pipeline to 2026-09-04 12:00:00+00:00, run_after=2026-09-05 12:00:00+00:00
[2026-09-05T08:50:45.148+0000] {processor.py:183} INFO - Processing /opt/airflow/dags/youtube_pipeline.py took 0.119 seconds
[2026-09-05T08:51:15.350+0000] {processor.py:161} INFO - Started process (PID=28717) to work on /opt/airflow/dags/youtube_pipeline.py
[2026-09-05T08:51:15.351+0000] {processor.py:830} INFO - Processing file /opt/airflow/dags/youtube_pipeline.py for tasks to queue
[2026-09-05T08:51:15.353+0000] {logging_mixin.py:188} INFO - [2026-09-05T08:51:15.353+0000] {dagbag.py:545} INFO - Filling up the DagBag from /opt/airflow/dags/youtube_pipeline.py
[2026-09-05T08:51:15.394+0000] {processor.py:840} INFO - DAG(s) 'youtube_english_video_pipeline' retrieved from /opt/airflow/dags/youtube_pipeline.py
[2026-09-05T08:51:15.423+0000] {logging_mixin.py:188} INFO - [2026-09-05T08:51:15.423+0000] {dag.py:3089} INFO - Sync 1 DAGs
[2026-09-05T08:51:15.438+0000] {logging_mixin.py:188} INFO - [2026-09-05T08:51:15.438+0000] {dag.py:3947} INFO - Setting next_dagrun for youtube_english_video_pipeline to 2026-09-04 12:00:00+00:00, run_after=2026-09-05 12:00:00+00:00
[2026-09-05T08:51:15.455+0000] {processor.py:183} INFO - Processing /opt/airflow/dags/youtube_pipeline.py took 0.113 seconds
[2026-09-05T08:51:45.617+0000] {processor.py:161} INFO - Started process (PID=28722) to work on /opt/airflow/dags/youtube_pipeline.py
[2026-09-05T08:51:45.618+0000] {processor.py:830} INFO - Processing file /opt/airflow/dags/youtube_pipeline.py for tasks to queue
[2026-09-05T08:51:45.620+0000] {logging_mixin.py:188} INFO - [2026-09-05T08:51:45.620+0000] {dagbag.py:545} INFO - Filling up the DagBag from /opt/airflow/dags/youtube_pipeline.py
[2026-09-05T08:51:45.638+0000] {processor.py:840} INFO - DAG(s) 'youtube_english_video_pipeline' retrieved from /opt/airflow/dags/youtube_pipeline.py
[2026-09-05T08:51:45.669+0000] {logging_mixin.py:188} INFO - [2026-09-05T08:51:45.669+0000] {dag.py:3089} INFO - Sync 1 DAGs
[2026-09-05T08:51:45.684+0000] {logging_mixin.py:188} INFO - [2026-09-05T08:51:45.684+0000] {dag.py:3947} INFO - Setting next_dagrun for youtube_english_video_pipeline to 2026-09-04 12:00:00+00:00, run_after=2026-09-05 12:00:00+00:00
[2026-09-05T08:51:45.698+0000] {processor.py:183} INFO - Processing /opt/airflow/dags/youtube_pipeline.py took 0.087 seconds
[2026-09-05T08:52:15.897+0000] {processor.py:161} INFO - Started process (PID=28727) to work on /opt/airflow/dags/youtube_pipeline.py
[2026-09-05T08:52:15.897+0000] {processor.py:830} INFO - Processing file /opt/airflow/dags/youtube_pipeline.py for tasks to queue
[2026-09-05T08:52:15.899+0000] {logging_mixin.py:188} INFO - [2026-09-05T08:52:15.899+0000] {dagbag.py:545} INFO - Filling up the DagBag from /opt/airflow/dags/youtube_pipeline.py
[2026-09-05T08:52:15.942+0000] {processor.py:840} INFO - DAG(s) 'youtube_english_video_pipeline' retrieved from /opt/airflow/dags/youtube_pipeline.py
[2026-09-05T08:52:15.970+0000] {logging_mixin.py:188} INFO - [2026-09-05T08:52:15.970+0000] {dag.py:3089} INFO - Sync 1 DAGs
[2026-09-05T08:52:15.984+0000] {logging_mixin.py:188} INFO - [2026-09-05T08:52:15.984+0000] {dag.py:3947} INFO - Setting next_dagrun for youtube_english_video_pipeline to 2026-09-04 12:00:00+00:00, run_after=2026-09-05 12:00:00+00:00
[2026-09-05T08:52:15.998+0000] {processor.py:183} INFO - Processing /opt/airflow/dags/youtube_pipeline.py took 0.106 seconds
[2026-09-05T08:52:46.138+0000] {processor.py:161} INFO - Started process (PID=28732) to work on /opt/airflow/dags/youtube_pipeline.py
[2026-09-05T08:52:46.139+0000] {processor.py:830} INFO - Processing file /opt/airflow/dags/youtube_pipeline.py for tasks to queue
[2026-09-05T08:52:46.141+0000] {logging_mixin.py:188} INFO - [2026-09-05T08:52:46.141+0000] {dagbag.py:545} INFO - Filling up the DagBag from /opt/airflow/dags/youtube_pipeline.py
[2026-09-05T08:52:46.161+0000] {processor.py:840} INFO - DAG(s) 'youtube_english_video_pipeline' retrieved from /opt/airflow/dags/youtube_pipeline.py
[2026-09-05T08:52:46.191+0000] {logging_mixin.py:188} INFO - [2026-09-05T08:52:46.190+0000] {dag.py:3089} INFO - Sync 1 DAGs
[2026-09-05T08:52:46.206+0000] {logging_mixin.py:188} INFO - [2026-09-05T08:52:46.205+0000] {dag.py:3947} INFO - Setting next_dagrun for youtube_english_video_pipeline to 2026-09-04 12:00:00+00:00, run_after=2026-09-05 12:00:00+00:00
[2026-09-05T08:52:46.230+0000] {processor.py:183} INFO - Processing /opt/airflow/dags/youtube_pipeline.py took 0.096 seconds
[2026-09-05T08:53:16.393+0000] {processor.py:161} INFO - Started process (PID=28737) to work on /opt/airflow/dags/youtube_pipeline.py
[2026-09-05T08:53:16.394+0000] {processor.py:830} INFO - Processing file /opt/airflow/dags/youtube_pipeline.py for tasks to queue
[2026-09-05T08:53:16.396+0000] {logging_mixin.py:188} INFO - [2026-09-05T08:53:16.395+0000] {dagbag.py:545} INFO - Filling up the DagBag from /opt/airflow/dags/youtube_pipeline.py
[2026-09-05T08:53:16.413+0000] {processor.py:840} INFO - DAG(s) 'youtube_english_video_pipeline' retrieved from /opt/airflow/dags/youtube_pipeline.py
[2026-09-05T08:53:16.441+0000] {logging_mixin.py:188} INFO - [2026-09-05T08:53:16.441+0000] {dag.py:3089} INFO - Sync 1 DAGs
[2026-09-05T08:53:16.455+0000] {logging_mixin.py:188} INFO - [2026-09-05T08:53:16.455+0000] {dag.py:3947} INFO - Setting next_dagrun for youtube_english_video_pipeline to 2026-09-04 12:00:00+00:00, run_after=2026-09-05 12:00:00+00:00
[2026-09-05T08:53:16.470+0000] {processor.py:183} INFO - Processing /opt/airflow/dags/youtube_pipeline.py took 0.081 seconds
[2026-09-05T08:53:46.736+0000] {processor.py:161} INFO - Started process (PID=28742) to work on /opt/airflow/dags/youtube_pipeline.py
[2026-09-05T08:53:46.737+0000] {processor.py:830} INFO - Processing file /opt/airflow/dags/youtube_pipeline.py for tasks to queue
[2026-09-05T08:53:46.738+0000] {logging_mixin.py:188} INFO - [2026-09-05T08:53:46.738+0000] {dagbag.py:545} INFO - Filling up the DagBag from /opt/airflow/dags/youtube_pipeline.py
[2026-09-05T08:53:46.758+0000] {processor.py:840} INFO - DAG(s) 'youtube_english_video_pipeline' retrieved from /opt/airflow/dags/youtube_pipeline.py
[2026-09-05T08:53:46.786+0000] {logging_mixin.py:188} INFO - [2026-09-05T08:53:46.786+0000] {dag.py:3089} INFO - Sync 1 DAGs
[2026-09-05T08:53:46.800+0000] {logging_mixin.py:188} INFO - [2026-09-05T08:53:46.800+0000] {dag.py:3947} INFO - Setting next_dagrun for youtube_english_video_pipeline to 2026-09-04 12:00:00+00:00, run_after=2026-09-05 12:00:00+00:00
[2026-09-05T08:53:46.814+0000] {processor.py:183} INFO - Processing /opt/airflow/dags/youtube_pipeline.py took 0.082 seconds
[2026-09-05T08:54:16.954+0000] {processor.py:161} INFO - Started process (PID=28747) to work on /opt/airflow/dags/youtube_pipeline.py
[2026-09-05T08:54:16.955+0000] {processor.py:830} INFO - Processing file /opt/airflow/dags/youtube_pipeline.py for tasks to queue
[2026-09-05T08:54:16.957+0000] {logging_mixin.py:188} INFO - [2026-09-05T08:54:16.957+0000] {dagbag.py:545} INFO - Filling up the DagBag from /opt/airflow/dags/youtube_pipeline.py
[2026-09-05T08:54:16.983+0000] {processor.py:840} INFO - DAG(s) 'youtube_english_video_pipeline' retrieved from /opt/airflow/dags/youtube_pipeline.py
[2026-09-05T08:54:17.015+0000] {logging_mixin.py:188} INFO - [2026-09-05T08:54:17.015+0000] {dag.py:3089} INFO - Sync 1 DAGs
[2026-09-05T08:54:17.032+0000] {logging_mixin.py:188} INFO - [2026-09-05T08:54:17.031+0000] {dag.py:3947} INFO - Setting next_dagrun for youtube_english_video_pipeline to 2026-09-04 12:00:00+00:00, run_after=2026-09-05 12:00:00+00:00
[2026-09-05T08:54:17.047+0000] {processor.py:183} INFO - Processing /opt/airflow/dags/youtube_pipeline.py took 0.099 seconds
[2026-09-05T08:54:47.222+0000] {processor.py:161} INFO - Started process (PID=28752) to work on /opt/airflow/dags/youtube_pipeline.py
[2026-09-05T08:54:47.223+0000] {processor.py:830} INFO - Processing file /opt/airflow/dags/youtube_pipeline.py for tasks to queue
[2026-09-05T08:54:47.225+0000] {logging_mixin.py:188} INFO - [2026-09-05T08:54:47.224+0000] {dagbag.py:545} INFO - Filling up the DagBag from /opt/airflow/dags/youtube_pipeline.py
[2026-09-05T08:54:47.244+0000] {processor.py:840} INFO - DAG(s) 'youtube_english_video_pipeline' retrieved from /opt/airflow/dags/youtube_pipeline.py
[2026-09-05T08:54:47.272+0000] {logging_mixin.py:188} INFO - [2026-09-05T08:54:47.272+0000] {dag.py:3089} INFO - Sync 1 DAGs
[2026-09-05T08:54:47.286+0000] {logging_mixin.py:188} INFO - [2026-09-05T08:54:47.286+0000] {dag.py:3947} INFO - Setting next_dagrun for youtube_english_video_pipeline to 2026-09-04 12:00:00+00:00, run_after=2026-09-05 12:00:00+00:00
[2026-09-05T08:54:47.309+0000] {processor.py:183} INFO - Processing /opt/airflow/dags/youtube_pipeline.py took 0.093 seconds
[2026-09-05T08:55:17.533+0000] {processor.py:161} INFO - Started process (PID=28757) to work on /opt/airflow/dags/youtube_pipeline.py
[2026-09-05T08:55:17.535+0000] {processor.py:830} INFO - Processing file /opt/airflow/dags/youtube_pipeline.py for tasks to queue
[2026-09-05T08:55:17.537+0000] {logging_mixin.py:188} INFO - [2026-09-05T08:55:17.536+0000] {dagbag.py:545} INFO - Filling up the DagBag from /opt/airflow/dags/youtube_pipeline.py
[2026-09-05T08:55:17.570+0000] {processor.py:840} INFO - DAG(s) 'youtube_english_video_pipeline' retrieved from /opt/airflow/dags/youtube_pipeline.py
[2026-09-05T08:55:17.599+0000] {logging_mixin.py:188} INFO - [2026-09-05T08:55:17.599+0000] {dag.py:3089} INFO - Sync 1 DAGs
[2026-09-05T08:55:17.614+0000] {logging_mixin.py:188} INFO - [2026-09-05T08:55:17.614+0000] {dag.py:3947} INFO - Setting next_dagrun for youtube_english_video_pipeline to 2026-09-04 12:00:00+00:00, run_after=2026-09-05 12:00:00+00:00
[2026-09-05T08:55:17.638+0000] {processor.py:183} INFO - Processing /opt/airflow/dags/youtube_pipeline.py took 0.111 seconds
[2026-09-05T08:55:47.757+0000] {processor.py:161} INFO - Started process (PID=28762) to work on /opt/airflow/dags/youtube_pipeline.py
[2026-09-05T08:55:47.758+0000] {processor.py:830} INFO - Processing file /opt/airflow/dags/youtube_pipeline.py for tasks to queue
[2026-09-05T08:55:47.759+0000] {logging_mixin.py:188} INFO - [2026-09-05T08:55:47.759+0000] {dagbag.py:545} INFO - Filling up the DagBag from /opt/airflow/dags/youtube_pipeline.py
[2026-09-05T08:55:47.780+0000] {processor.py:840} INFO - DAG(s) 'youtube_english_video_pipeline' retrieved from /opt/airflow/dags/youtube_pipeline.py
[2026-09-05T08:55:47.819+0000] {logging_mixin.py:188} INFO - [2026-09-05T08:55:47.819+0000] {dag.py:3089} INFO - Sync 1 DAGs
[2026-09-05T08:55:47.836+0000] {logging_mixin.py:188} INFO - [2026-09-05T08:55:47.836+0000] {dag.py:3947} INFO - Setting next_dagrun for youtube_english_video_pipeline to 2026-09-04 12:00:00+00:00, run_after=2026-09-05 12:00:00+00:00
[2026-09-05T08:55:47.866+0000] {processor.py:183} INFO - Processing /opt/airflow/dags/youtube_pipeline.py took 0.115 seconds
[2026-09-05T08:56:18.110+0000] {processor.py:161} INFO - Started process (PID=28767) to work on /opt/airflow/dags/youtube_pipeline.py
[2026-09-05T08:56:18.111+0000] {processor.py:830} INFO - Processing file /opt/airflow/dags/youtube_pipeline.py for tasks to queue
[2026-09-05T08:56:18.112+0000] {logging_mixin.py:188} INFO - [2026-09-05T08:56:18.112+0000] {dagbag.py:545} INFO - Filling up the DagBag from /opt/airflow/dags/youtube_pipeline.py
[2026-09-05T08:56:18.133+0000] {processor.py:840} INFO - DAG(s) 'youtube_english_video_pipeline' retrieved from /opt/airflow/dags/youtube_pipeline.py
[2026-09-05T08:56:18.160+0000] {logging_mixin.py:188} INFO - [2026-09-05T08:56:18.160+0000] {dag.py:3089} INFO - Sync 1 DAGs
[2026-09-05T08:56:18.173+0000] {logging_mixin.py:188} INFO - [2026-09-05T08:56:18.173+0000] {dag.py:3947} INFO - Setting next_dagrun for youtube_english_video_pipeline to 2026-09-04 12:00:00+00:00, run_after=2026-09-05 12:00:00+00:00
[2026-09-05T08:56:18.187+0000] {processor.py:183} INFO - Processing /opt/airflow/dags/youtube_pipeline.py took 0.082 seconds
[2026-09-05T08:56:48.454+0000] {processor.py:161} INFO - Started process (PID=28772) to work on /opt/airflow/dags/youtube_pipeline.py
[2026-09-05T08:56:48.456+0000] {processor.py:830} INFO - Processing file /opt/airflow/dags/youtube_pipeline.py for tasks to queue
[2026-09-05T08:56:48.458+0000] {logging_mixin.py:188} INFO - [2026-09-05T08:56:48.458+0000] {dagbag.py:545} INFO - Filling up the DagBag from /opt/airflow/dags/youtube_pipeline.py
[2026-09-05T08:56:48.533+0000] {processor.py:840} INFO - DAG(s) 'youtube_english_video_pipeline' retrieved from /opt/airflow/dags/youtube_pipeline.py
[2026-09-05T08:56:48.565+0000] {logging_mixin.py:188} INFO - [2026-09-05T08:56:48.565+0000] {dag.py:3089} INFO - Sync 1 DAGs
[2026-09-05T08:56:48.583+0000] {logging_mixin.py:188} INFO - [2026-09-05T08:56:48.583+0000] {dag.py:3947} INFO - Setting next_dagrun for youtube_english_video_pipeline to 2026-09-04 12:00:00+00:00, run_after=2026-09-05 12:00:00+00:00
[2026-09-05T08:56:48.601+0000] {processor.py:183} INFO - Processing /opt/airflow/dags/youtube_pipeline.py took 0.155 seconds
[2026-09-05T08:57:18.680+0000] {processor.py:161} INFO - Started process (PID=28777) to work on /opt/airflow/dags/youtube_pipeline.py
[2026-09-05T08:57:18.681+0000] {processor.py:830} INFO - Processing file /opt/airflow/dags/youtube_pipeline.py for tasks to queue
[2026-09-05T08:57:18.682+0000] {logging_mixin.py:188} INFO - [2026-09-05T08:57:18.682+0000] {dagbag.py:545} INFO - Filling up the DagBag from /opt/airflow/dags/youtube_pipeline.py
[2026-09-05T08:57:18.701+0000] {processor.py:840} INFO - DAG(s) 'youtube_english_video_pipeline' retrieved from /opt/airflow/dags/youtube_pipeline.py
[2026-09-05T08:57:18.729+0000] {logging_mixin.py:188} INFO - [2026-09-05T08:57:18.728+0000] {dag.py:3089} INFO - Sync 1 DAGs
[2026-09-05T08:57:18.742+0000] {logging_mixin.py:188} INFO - [2026-09-05T08:57:18.742+0000] {dag.py:3947} INFO - Setting next_dagrun for youtube_english_video_pipeline to 2026-09-04 12:00:00+00:00, run_after=2026-09-05 12:00:00+00:00
[2026-09-05T08:57:18.757+0000] {processor.py:183} INFO - Processing /opt/airflow/dags/youtube_pipeline.py took 0.082 seconds
[2026-09-05T08:57:48.918+0000] {processor.py:161} INFO - Started process (PID=28782) to work on /opt/airflow/dags/youtube_pipeline.py
[2026-09-05T08:57:48.919+0000] {processor.py:830} INFO - Processing file /opt/airflow/dags/youtube_pipeline.py for tasks to queue
[2026-09-05T08:57:48.921+0000] {logging_mixin.py:188} INFO - [2026-09-05T08:57:48.921+0000] {dagbag.py:545} INFO - Filling up the DagBag from /opt/airflow/dags/youtube_pipeline.py
[2026-09-05T08:57:48.954+0000] {processor.py:840} INFO - DAG(s) 'youtube_english_video_pipeline' retrieved from /opt/airflow/dags/youtube_pipeline.py
[2026-09-05T08:57:48.988+0000] {logging_mixin.py:188} INFO - [2026-09-05T08:57:48.988+0000] {dag.py:3089} INFO - Sync 1 DAGs
[2026-09-05T08:57:49.005+0000] {logging_mixin.py:188} INFO - [2026-09-05T08:57:49.005+0000] {dag.py:3947} INFO - Setting next_dagrun for youtube_english_video_pipeline to 2026-09-04 12:00:00+00:00, run_after=2026-09-05 12:00:00+00:00
[2026-09-05T08:57:49.020+0000] {processor.py:183} INFO - Processing /opt/airflow/dags/youtube_pipeline.py took 0.111 seconds
[2026-09-05T08:58:19.229+0000] {processor.py:161} INFO - Started process (PID=28787) to work on /opt/airflow/dags/youtube_pipeline.py
[2026-09-05T08:58:19.230+0000] {processor.py:830} INFO - Processing file /opt/airflow/dags/youtube_pipeline.py for tasks to queue
[2026-09-05T08:58:19.232+0000] {logging_mixin.py:188} INFO - [2026-09-05T08:58:19.232+0000] {dagbag.py:545} INFO - Filling up the DagBag from /opt/airflow/dags/youtube_pipeline.py
[2026-09-05T08:58:19.254+0000] {processor.py:840} INFO - DAG(s) 'youtube_english_video_pipeline' retrieved from /opt/airflow/dags/youtube_pipeline.py
[2026-09-05T08:58:19.282+0000] {logging_mixin.py:188} INFO - [2026-09-05T08:58:19.282+0000] {dag.py:3089} INFO - Sync 1 DAGs
[2026-09-05T08:58:19.296+0000] {logging_mixin.py:188} INFO - [2026-09-05T08:58:19.296+0000] {dag.py:3947} INFO - Setting next_dagrun for youtube_english_video_pipeline to 2026-09-04 12:00:00+00:00, run_after=2026-09-05 12:00:00+00:00
[2026-09-05T08:58:19.309+0000] {processor.py:183} INFO - Processing /opt/airflow/dags/youtube_pipeline.py took 0.084 seconds
[2026-09-05T08:58:49.475+0000] {processor.py:161} INFO - Started process (PID=28792) to work on /opt/airflow/dags/youtube_pipeline.py
[2026-09-05T08:58:49.476+0000] {processor.py:830} INFO - Processing file /opt/airflow/dags/youtube_pipeline.py for tasks to queue
[2026-09-05T08:58:49.477+0000] {logging_mixin.py:188} INFO - [2026-09-05T08:58:49.477+0000] {dagbag.py:545} INFO - Filling up the DagBag from /opt/airflow/dags/youtube_pipeline.py
[2026-09-05T08:58:49.497+0000] {processor.py:840} INFO - DAG(s) 'youtube_english_video_pipeline' retrieved from /opt/airflow/dags/youtube_pipeline.py
[2026-09-05T08:58:49.525+0000] {logging_mixin.py:188} INFO - [2026-09-05T08:58:49.525+0000] {dag.py:3089} INFO - Sync 1 DAGs
[2026-09-05T08:58:49.539+0000] {logging_mixin.py:188} INFO - [2026-09-05T08:58:49.538+0000] {dag.py:3947} INFO - Setting next_dagrun for youtube_english_video_pipeline to 2026-09-04 12:00:00+00:00, run_after=2026-09-05 12:00:00+00:00
[2026-09-05T08:58:49.553+0000] {processor.py:183} INFO - Processing /opt/airflow/dags/youtube_pipeline.py took 0.083 seconds
[2026-09-05T08:59:19.774+0000] {processor.py:161} INFO - Started process (PID=28797) to work on /opt/airflow/dags/youtube_pipeline.py
[2026-09-05T08:59:19.775+0000] {processor.py:830} INFO - Processing file /opt/airflow/dags/youtube_pipeline.py for tasks to queue
[2026-09-05T08:59:19.777+0000] {logging_mixin.py:188} INFO - [2026-09-05T08:59:19.777+0000] {dagbag.py:545} INFO - Filling up the DagBag from /opt/airflow/dags/youtube_pipeline.py
[2026-09-05T08:59:19.795+0000] {processor.py:840} INFO - DAG(s) 'youtube_english_video_pipeline' retrieved from /opt/airflow/dags/youtube_pipeline.py
[2026-09-05T08:59:19.822+0000] {logging_mixin.py:188} INFO - [2026-09-05T08:59:19.821+0000] {dag.py:3089} INFO - Sync 1 DAGs
[2026-09-05T08:59:19.835+0000] {logging_mixin.py:188} INFO - [2026-09-05T08:59:19.835+0000] {dag.py:3947} INFO - Setting next_dagrun for youtube_english_video_pipeline to 2026-09-04 12:00:00+00:00, run_after=2026-09-05 12:00:00+00:00
[2026-09-05T08:59:19.849+0000] {processor.py:183} INFO - Processing /opt/airflow/dags/youtube_pipeline.py took 0.079 seconds
[2026-09-05T08:59:50.023+0000] {processor.py:161} INFO - Started process (PID=28802) to work on /opt/airflow/dags/youtube_pipeline.py
[2026-09-05T08:59:50.024+0000] {processor.py:830} INFO - Processing file /opt/airflow/dags/youtube_pipeline.py for tasks to queue
[2026-09-05T08:59:50.026+0000] {logging_mixin.py:188} INFO - [2026-09-05T08:59:50.026+0000] {dagbag.py:545} INFO - Filling up the DagBag from /opt/airflow/dags/youtube_pipeline.py
[2026-09-05T08:59:50.061+0000] {processor.py:840} INFO - DAG(s) 'youtube_english_video_pipeline' retrieved from /opt/airflow/dags/youtube_pipeline.py
[2026-09-05T08:59:50.090+0000] {logging_mixin.py:188} INFO - [2026-09-05T08:59:50.089+0000] {dag.py:3089} INFO - Sync 1 DAGs
[2026-09-05T08:59:50.104+0000] {logging_mixin.py:188} INFO - [2026-09-05T08:59:50.104+0000] {dag.py:3947} INFO - Setting next_dagrun for youtube_english_video_pipeline to 2026-09-04 12:00:00+00:00, run_after=2026-09-05 12:00:00+00:00
[2026-09-05T08:59:50.122+0000] {processor.py:183} INFO - Processing /opt/airflow/dags/youtube_pipeline.py took 0.110 seconds
[2026-09-05T09:00:20.290+0000] {processor.py:161} INFO - Started process (PID=28807) to work on /opt/airflow/dags/youtube_pipeline.py
[2026-09-05T09:00:20.291+0000] {processor.py:830} INFO - Processing file /opt/airflow/dags/youtube_pipeline.py for tasks to queue
[2026-09-05T09:00:20.293+0000] {logging_mixin.py:188} INFO - [2026-09-05T09:00:20.293+0000] {dagbag.py:545} INFO - Filling up the DagBag from /opt/airflow/dags/youtube_pipeline.py
[2026-09-05T09:00:20.311+0000] {processor.py:840} INFO - DAG(s) 'youtube_english_video_pipeline' retrieved from /opt/airflow/dags/youtube_pipeline.py
[2026-09-05T09:00:20.339+0000] {logging_mixin.py:188} INFO - [2026-09-05T09:00:20.339+0000] {dag.py:3089} INFO - Sync 1 DAGs
[2026-09-05T09:00:20.353+0000] {logging_mixin.py:188} INFO - [2026-09-05T09:00:20.353+0000] {dag.py:3947} INFO - Setting next_dagrun for youtube_english_video_pipeline to 2026-09-04 12:00:00+00:00, run_after=2026-09-05 12:00:00+00:00
[2026-09-05T09:00:20.377+0000] {processor.py:183} INFO - Processing /opt/airflow/dags/youtube_pipeline.py took 0.091 seconds
[2026-09-05T09:00:50.645+0000] {processor.py:161} INFO - Started process (PID=28812) to work on /opt/airflow/dags/youtube_pipeline.py
[2026-09-05T09:00:50.646+0000] {processor.py:830} INFO - Processing file /opt/airflow/dags/youtube_pipeline.py for tasks to queue
[2026-09-05T09:00:50.647+0000] {logging_mixin.py:188} INFO - [2026-09-05T09:00:50.647+0000] {dagbag.py:545} INFO - Filling up the DagBag from /opt/airflow/dags/youtube_pipeline.py
[2026-09-05T09:00:50.697+0000] {processor.py:840} INFO - DAG(s) 'youtube_english_video_pipeline' retrieved from /opt/airflow/dags/youtube_pipeline.py
[2026-09-05T09:00:50.726+0000] {logging_mixin.py:188} INFO - [2026-09-05T09:00:50.725+0000] {dag.py:3089} INFO - Sync 1 DAGs
[2026-09-05T09:00:50.740+0000] {logging_mixin.py:188} INFO - [2026-09-05T09:00:50.740+0000] {dag.py:3947} INFO - Setting next_dagrun for youtube_english_video_pipeline to 2026-09-04 12:00:00+00:00, run_after=2026-09-05 12:00:00+00:00
[2026-09-05T09:00:50.756+0000] {processor.py:183} INFO - Processing /opt/airflow/dags/youtube_pipeline.py took 0.116 seconds
[2026-09-05T09:01:20.927+0000] {processor.py:161} INFO - Started process (PID=28817) to work on /opt/airflow/dags/youtube_pipeline.py
[2026-09-05T09:01:20.928+0000] {processor.py:830} INFO - Processing file /opt/airflow/dags/youtube_pipeline.py for tasks to queue
[2026-09-05T09:01:20.930+0000] {logging_mixin.py:188} INFO - [2026-09-05T09:01:20.929+0000] {dagbag.py:545} INFO - Filling up the DagBag from /opt/airflow/dags/youtube_pipeline.py
[2026-09-05T09:01:20.948+0000] {processor.py:840} INFO - DAG(s) 'youtube_english_video_pipeline' retrieved from /opt/airflow/dags/youtube_pipeline.py
[2026-09-05T09:01:20.976+0000] {logging_mixin.py:188} INFO - [2026-09-05T09:01:20.976+0000] {dag.py:3089} INFO - Sync 1 DAGs
[2026-09-05T09:01:20.991+0000] {logging_mixin.py:188} INFO - [2026-09-05T09:01:20.991+0000] {dag.py:3947} INFO - Setting next_dagrun for youtube_english_video_pipeline to 2026-09-04 12:00:00+00:00, run_after=2026-09-05 12:00:00+00:00
[2026-09-05T09:01:21.014+0000] {processor.py:183} INFO - Processing /opt/airflow/dags/youtube_pipeline.py took 0.092 seconds
[2026-09-05T09:01:51.196+0000] {processor.py:161} INFO - Started process (PID=28822) to work on /opt/airflow/dags/youtube_pipeline.py
[2026-09-05T09:01:51.197+0000] {processor.py:830} INFO - Processing file /opt/airflow/dags/youtube_pipeline.py for tasks to queue
[2026-09-05T09:01:51.198+0000] {logging_mixin.py:188} INFO - [2026-09-05T09:01:51.198+0000] {dagbag.py:545} INFO - Filling up the DagBag from /opt/airflow/dags/youtube_pipeline.py
[2026-09-05T09:01:51.217+0000] {processor.py:840} INFO - DAG(s) 'youtube_english_video_pipeline' retrieved from /opt/airflow/dags/youtube_pipeline.py
[2026-09-05T09:01:51.246+0000] {logging_mixin.py:188} INFO - [2026-09-05T09:01:51.246+0000] {dag.py:3089} INFO - Sync 1 DAGs
[2026-09-05T09:01:51.261+0000] {logging_mixin.py:188} INFO - [2026-09-05T09:01:51.261+0000] {dag.py:3947} INFO - Setting next_dagrun for youtube_english_video_pipeline to 2026-09-04 12:00:00+00:00, run_after=2026-09-05 12:00:00+00:00
[2026-09-05T09:01:51.284+0000] {processor.py:183} INFO - Processing /opt/airflow/dags/youtube_pipeline.py took 0.094 seconds
[2026-09-05T09:02:21.716+0000] {processor.py:161} INFO - Started process (PID=28827) to work on /opt/airflow/dags/youtube_pipeline.py
[2026-09-05T09:02:21.721+0000] {processor.py:830} INFO - Processing file /opt/airflow/dags/youtube_pipeline.py for tasks to queue
[2026-09-05T09:02:21.727+0000] {logging_mixin.py:188} INFO - [2026-09-05T09:02:21.726+0000] {dagbag.py:545} INFO - Filling up the DagBag from /opt/airflow/dags/youtube_pipeline.py
[2026-09-05T09:02:21.834+0000] {processor.py:840} INFO - DAG(s) 'youtube_english_video_pipeline' retrieved from /opt/airflow/dags/youtube_pipeline.py
[2026-09-05T09:02:21.868+0000] {logging_mixin.py:188} INFO - [2026-09-05T09:02:21.868+0000] {dag.py:3089} INFO - Sync 1 DAGs
[2026-09-05T09:02:21.884+0000] {logging_mixin.py:188} INFO - [2026-09-05T09:02:21.884+0000] {dag.py:3947} INFO - Setting next_dagrun for youtube_english_video_pipeline to 2026-09-04 12:00:00+00:00, run_after=2026-09-05 12:00:00+00:00
[2026-09-05T09:02:21.900+0000] {processor.py:183} INFO - Processing /opt/airflow/dags/youtube_pipeline.py took 0.197 seconds
[2026-09-05T09:02:52.126+0000] {processor.py:161} INFO - Started process (PID=28832) to work on /opt/airflow/dags/youtube_pipeline.py
[2026-09-05T09:02:52.127+0000] {processor.py:830} INFO - Processing file /opt/airflow/dags/youtube_pipeline.py for tasks to queue
[2026-09-05T09:02:52.129+0000] {logging_mixin.py:188} INFO - [2026-09-05T09:02:52.129+0000] {dagbag.py:545} INFO - Filling up the DagBag from /opt/airflow/dags/youtube_pipeline.py
[2026-09-05T09:02:52.150+0000] {processor.py:840} INFO - DAG(s) 'youtube_english_video_pipeline' retrieved from /opt/airflow/dags/youtube_pipeline.py
[2026-09-05T09:02:52.182+0000] {logging_mixin.py:188} INFO - [2026-09-05T09:02:52.182+0000] {dag.py:3089} INFO - Sync 1 DAGs
[2026-09-05T09:02:52.198+0000] {logging_mixin.py:188} INFO - [2026-09-05T09:02:52.198+0000] {dag.py:3947} INFO - Setting next_dagrun for youtube_english_video_pipeline to 2026-09-04 12:00:00+00:00, run_after=2026-09-05 12:00:00+00:00
[2026-09-05T09:02:52.222+0000] {processor.py:183} INFO - Processing /opt/airflow/dags/youtube_pipeline.py took 0.102 seconds
[2026-09-05T09:03:22.420+0000] {processor.py:161} INFO - Started process (PID=28837) to work on /opt/airflow/dags/youtube_pipeline.py
[2026-09-05T09:03:22.422+0000] {processor.py:830} INFO - Processing file /opt/airflow/dags/youtube_pipeline.py for tasks to queue
[2026-09-05T09:03:22.425+0000] {logging_mixin.py:188} INFO - [2026-09-05T09:03:22.425+0000] {dagbag.py:545} INFO - Filling up the DagBag from /opt/airflow/dags/youtube_pipeline.py
[2026-09-05T09:03:22.485+0000] {processor.py:840} INFO - DAG(s) 'youtube_english_video_pipeline' retrieved from /opt/airflow/dags/youtube_pipeline.py
[2026-09-05T09:03:22.519+0000] {logging_mixin.py:188} INFO - [2026-09-05T09:03:22.519+0000] {dag.py:3089} INFO - Sync 1 DAGs
[2026-09-05T09:03:22.537+0000] {logging_mixin.py:188} INFO - [2026-09-05T09:03:22.537+0000] {dag.py:3947} INFO - Setting next_dagrun for youtube_english_video_pipeline to 2026-09-04 12:00:00+00:00, run_after=2026-09-05 12:00:00+00:00
[2026-09-05T09:03:22.565+0000] {processor.py:183} INFO - Processing /opt/airflow/dags/youtube_pipeline.py took 0.160 seconds
[2026-09-05T09:03:52.678+0000] {processor.py:161} INFO - Started process (PID=28842) to work on /opt/airflow/dags/youtube_pipeline.py
[2026-09-05T09:03:52.679+0000] {processor.py:830} INFO - Processing file /opt/airflow/dags/youtube_pipeline.py for tasks to queue
[2026-09-05T09:03:52.681+0000] {logging_mixin.py:188} INFO - [2026-09-05T09:03:52.680+0000] {dagbag.py:545} INFO - Filling up the DagBag from /opt/airflow/dags/youtube_pipeline.py
[2026-09-05T09:03:52.699+0000] {processor.py:840} INFO - DAG(s) 'youtube_english_video_pipeline' retrieved from /opt/airflow/dags/youtube_pipeline.py
[2026-09-05T09:03:52.728+0000] {logging_mixin.py:188} INFO - [2026-09-05T09:03:52.728+0000] {dag.py:3089} INFO - Sync 1 DAGs
[2026-09-05T09:03:52.742+0000] {logging_mixin.py:188} INFO - [2026-09-05T09:03:52.742+0000] {dag.py:3947} INFO - Setting next_dagrun for youtube_english_video_pipeline to 2026-09-04 12:00:00+00:00, run_after=2026-09-05 12:00:00+00:00
[2026-09-05T09:03:52.765+0000] {processor.py:183} INFO - Processing /opt/airflow/dags/youtube_pipeline.py took 0.092 seconds
[2026-09-05T09:04:23.033+0000] {processor.py:161} INFO - Started process (PID=28847) to work on /opt/airflow/dags/youtube_pipeline.py
[2026-09-05T09:04:23.034+0000] {processor.py:830} INFO - Processing file /opt/airflow/dags/youtube_pipeline.py for tasks to queue
[2026-09-05T09:04:23.035+0000] {logging_mixin.py:188} INFO - [2026-09-05T09:04:23.035+0000] {dagbag.py:545} INFO - Filling up the DagBag from /opt/airflow/dags/youtube_pipeline.py
[2026-09-05T09:04:23.066+0000] {processor.py:840} INFO - DAG(s) 'youtube_english_video_pipeline' retrieved from /opt/airflow/dags/youtube_pipeline.py
[2026-09-05T09:04:23.099+0000] {logging_mixin.py:188} INFO - [2026-09-05T09:04:23.099+0000] {dag.py:3089} INFO - Sync 1 DAGs
[2026-09-05T09:04:23.116+0000] {logging_mixin.py:188} INFO - [2026-09-05T09:04:23.116+0000] {dag.py:3947} INFO - Setting next_dagrun for youtube_english_video_pipeline to 2026-09-04 12:00:00+00:00, run_after=2026-09-05 12:00:00+00:00
[2026-09-05T09:04:23.133+0000] {processor.py:183} INFO - Processing /opt/airflow/dags/youtube_pipeline.py took 0.106 seconds
[2026-09-05T09:04:53.269+0000] {processor.py:161} INFO - Started process (PID=28852) to work on /opt/airflow/dags/youtube_pipeline.py
[2026-09-05T09:04:53.270+0000] {processor.py:830} INFO - Processing file /opt/airflow/dags/youtube_pipeline.py for tasks to queue
[2026-09-05T09:04:53.272+0000] {logging_mixin.py:188} INFO - [2026-09-05T09:04:53.271+0000] {dagbag.py:545} INFO - Filling up the DagBag from /opt/airflow/dags/youtube_pipeline.py
[2026-09-05T09:04:53.290+0000] {processor.py:840} INFO - DAG(s) 'youtube_english_video_pipeline' retrieved from /opt/airflow/dags/youtube_pipeline.py
[2026-09-05T09:04:53.319+0000] {logging_mixin.py:188} INFO - [2026-09-05T09:04:53.319+0000] {dag.py:3089} INFO - Sync 1 DAGs
[2026-09-05T09:04:53.332+0000] {logging_mixin.py:188} INFO - [2026-09-05T09:04:53.332+0000] {dag.py:3947} INFO - Setting next_dagrun for youtube_english_video_pipeline to 2026-09-04 12:00:00+00:00, run_after=2026-09-05 12:00:00+00:00
[2026-09-05T09:04:53.348+0000] {processor.py:183} INFO - Processing /opt/airflow/dags/youtube_pipeline.py took 0.084 seconds
[2026-09-05T09:05:23.488+0000] {processor.py:161} INFO - Started process (PID=28857) to work on /opt/airflow/dags/youtube_pipeline.py
[2026-09-05T09:05:23.489+0000] {processor.py:830} INFO - Processing file /opt/airflow/dags/youtube_pipeline.py for tasks to queue
[2026-09-05T09:05:23.490+0000] {logging_mixin.py:188} INFO - [2026-09-05T09:05:23.490+0000] {dagbag.py:545} INFO - Filling up the DagBag from /opt/airflow/dags/youtube_pipeline.py
[2026-09-05T09:05:23.512+0000] {processor.py:840} INFO - DAG(s) 'youtube_english_video_pipeline' retrieved from /opt/airflow/dags/youtube_pipeline.py
[2026-09-05T09:05:23.540+0000] {logging_mixin.py:188} INFO - [2026-09-05T09:05:23.539+0000] {dag.py:3089} INFO - Sync 1 DAGs
[2026-09-05T09:05:23.554+0000] {logging_mixin.py:188} INFO - [2026-09-05T09:05:23.554+0000] {dag.py:3947} INFO - Setting next_dagrun for youtube_english_video_pipeline to 2026-09-04 12:00:00+00:00, run_after=2026-09-05 12:00:00+00:00
[2026-09-05T09:05:23.577+0000] {processor.py:183} INFO - Processing /opt/airflow/dags/youtube_pipeline.py took 0.095 seconds
[2026-09-05T09:05:53.779+0000] {processor.py:161} INFO - Started process (PID=28862) to work on /opt/airflow/dags/youtube_pipeline.py
[2026-09-05T09:05:53.780+0000] {processor.py:830} INFO - Processing file /opt/airflow/dags/youtube_pipeline.py for tasks to queue
[2026-09-05T09:05:53.782+0000] {logging_mixin.py:188} INFO - [2026-09-05T09:05:53.781+0000] {dagbag.py:545} INFO - Filling up the DagBag from /opt/airflow/dags/youtube_pipeline.py
[2026-09-05T09:05:53.800+0000] {processor.py:840} INFO - DAG(s) 'youtube_english_video_pipeline' retrieved from /opt/airflow/dags/youtube_pipeline.py
[2026-09-05T09:05:53.828+0000] {logging_mixin.py:188} INFO - [2026-09-05T09:05:53.827+0000] {dag.py:3089} INFO - Sync 1 DAGs
[2026-09-05T09:05:53.841+0000] {logging_mixin.py:188} INFO - [2026-09-05T09:05:53.841+0000] {dag.py:3947} INFO - Setting next_dagrun for youtube_english_video_pipeline to 2026-09-04 12:00:00+00:00, run_after=2026-09-05 12:00:00+00:00
[2026-09-05T09:05:53.855+0000] {processor.py:183} INFO - Processing /opt/airflow/dags/youtube_pipeline.py took 0.082 seconds
[2026-09-05T09:06:24.025+0000] {processor.py:161} INFO - Started process (PID=28867) to work on /opt/airflow/dags/youtube_pipeline.py
[2026-09-05T09:06:24.026+0000] {processor.py:830} INFO - Processing file /opt/airflow/dags/youtube_pipeline.py for tasks to queue
[2026-09-05T09:06:24.028+0000] {logging_mixin.py:188} INFO - [2026-09-05T09:06:24.028+0000] {dagbag.py:545} INFO - Filling up the DagBag from /opt/airflow/dags/youtube_pipeline.py
[2026-09-05T09:06:24.064+0000] {processor.py:840} INFO - DAG(s) 'youtube_english_video_pipeline' retrieved from /opt/airflow/dags/youtube_pipeline.py
[2026-09-05T09:06:24.102+0000] {logging_mixin.py:188} INFO - [2026-09-05T09:06:24.101+0000] {dag.py:3089} INFO - Sync 1 DAGs
[2026-09-05T09:06:24.116+0000] {logging_mixin.py:188} INFO - [2026-09-05T09:06:24.116+0000] {dag.py:3947} INFO - Setting next_dagrun for youtube_english_video_pipeline to 2026-09-04 12:00:00+00:00, run_after=2026-09-05 12:00:00+00:00
[2026-09-05T09:06:24.130+0000] {processor.py:183} INFO - Processing /opt/airflow/dags/youtube_pipeline.py took 0.113 seconds
[2026-09-05T09:06:54.372+0000] {processor.py:161} INFO - Started process (PID=28872) to work on /opt/airflow/dags/youtube_pipeline.py
[2026-09-05T09:06:54.375+0000] {processor.py:830} INFO - Processing file /opt/airflow/dags/youtube_pipeline.py for tasks to queue
[2026-09-05T09:06:54.379+0000] {logging_mixin.py:188} INFO - [2026-09-05T09:06:54.378+0000] {dagbag.py:545} INFO - Filling up the DagBag from /opt/airflow/dags/youtube_pipeline.py
[2026-09-05T09:06:54.428+0000] {processor.py:840} INFO - DAG(s) 'youtube_english_video_pipeline' retrieved from /opt/airflow/dags/youtube_pipeline.py
[2026-09-05T09:06:54.460+0000] {logging_mixin.py:188} INFO - [2026-09-05T09:06:54.460+0000] {dag.py:3089} INFO - Sync 1 DAGs
[2026-09-05T09:06:54.474+0000] {logging_mixin.py:188} INFO - [2026-09-05T09:06:54.474+0000] {dag.py:3947} INFO - Setting next_dagrun for youtube_english_video_pipeline to 2026-09-04 12:00:00+00:00, run_after=2026-09-05 12:00:00+00:00
[2026-09-05T09:06:54.490+0000] {processor.py:183} INFO - Processing /opt/airflow/dags/youtube_pipeline.py took 0.129 seconds
[2026-09-05T09:07:24.659+0000] {processor.py:161} INFO - Started process (PID=28877) to work on /opt/airflow/dags/youtube_pipeline.py
[2026-09-05T09:07:24.660+0000] {processor.py:830} INFO - Processing file /opt/airflow/dags/youtube_pipeline.py for tasks to queue
[2026-09-05T09:07:24.661+0000] {logging_mixin.py:188} INFO - [2026-09-05T09:07:24.661+0000] {dagbag.py:545} INFO - Filling up the DagBag from /opt/airflow/dags/youtube_pipeline.py
[2026-09-05T09:07:24.679+0000] {processor.py:840} INFO - DAG(s) 'youtube_english_video_pipeline' retrieved from /opt/airflow/dags/youtube_pipeline.py
[2026-09-05T09:07:24.706+0000] {logging_mixin.py:188} INFO - [2026-09-05T09:07:24.705+0000] {dag.py:3089} INFO - Sync 1 DAGs
[2026-09-05T09:07:24.719+0000] {logging_mixin.py:188} INFO - [2026-09-05T09:07:24.719+0000] {dag.py:3947} INFO - Setting next_dagrun for youtube_english_video_pipeline to 2026-09-04 12:00:00+00:00, run_after=2026-09-05 12:00:00+00:00
[2026-09-05T09:07:24.733+0000] {processor.py:183} INFO - Processing /opt/airflow/dags/youtube_pipeline.py took 0.080 seconds
[2026-09-05T09:07:54.901+0000] {processor.py:161} INFO - Started process (PID=28882) to work on /opt/airflow/dags/youtube_pipeline.py
[2026-09-05T09:07:54.902+0000] {processor.py:830} INFO - Processing file /opt/airflow/dags/youtube_pipeline.py for tasks to queue
[2026-09-05T09:07:54.903+0000] {logging_mixin.py:188} INFO - [2026-09-05T09:07:54.903+0000] {dagbag.py:545} INFO - Filling up the DagBag from /opt/airflow/dags/youtube_pipeline.py
[2026-09-05T09:07:54.922+0000] {processor.py:840} INFO - DAG(s) 'youtube_english_video_pipeline' retrieved from /opt/airflow/dags/youtube_pipeline.py
[2026-09-05T09:07:54.954+0000] {logging_mixin.py:188} INFO - [2026-09-05T09:07:54.954+0000] {dag.py:3089} INFO - Sync 1 DAGs
[2026-09-05T09:07:54.968+0000] {logging_mixin.py:188} INFO - [2026-09-05T09:07:54.968+0000] {dag.py:3947} INFO - Setting next_dagrun for youtube_english_video_pipeline to 2026-09-04 12:00:00+00:00, run_after=2026-09-05 12:00:00+00:00
[2026-09-05T09:07:54.982+0000] {processor.py:183} INFO - Processing /opt/airflow/dags/youtube_pipeline.py took 0.086 seconds
[2026-09-05T09:08:25.192+0000] {processor.py:161} INFO - Started process (PID=28887) to work on /opt/airflow/dags/youtube_pipeline.py
[2026-09-05T09:08:25.193+0000] {processor.py:830} INFO - Processing file /opt/airflow/dags/youtube_pipeline.py for tasks to queue
[2026-09-05T09:08:25.194+0000] {logging_mixin.py:188} INFO - [2026-09-05T09:08:25.194+0000] {dagbag.py:545} INFO - Filling up the DagBag from /opt/airflow/dags/youtube_pipeline.py
[2026-09-05T09:08:25.212+0000] {processor.py:840} INFO - DAG(s) 'youtube_english_video_pipeline' retrieved from /opt/airflow/dags/youtube_pipeline.py
[2026-09-05T09:08:25.240+0000] {logging_mixin.py:188} INFO - [2026-09-05T09:08:25.240+0000] {dag.py:3089} INFO - Sync 1 DAGs
[2026-09-05T09:08:25.253+0000] {logging_mixin.py:188} INFO - [2026-09-05T09:08:25.253+0000] {dag.py:3947} INFO - Setting next_dagrun for youtube_english_video_pipeline to 2026-09-04 12:00:00+00:00, run_after=2026-09-05 12:00:00+00:00
[2026-09-05T09:08:25.275+0000] {processor.py:183} INFO - Processing /opt/airflow/dags/youtube_pipeline.py took 0.088 seconds
[2026-09-05T09:08:55.481+0000] {processor.py:161} INFO - Started process (PID=28892) to work on /opt/airflow/dags/youtube_pipeline.py
[2026-09-05T09:08:55.482+0000] {processor.py:830} INFO - Processing file /opt/airflow/dags/youtube_pipeline.py for tasks to queue
[2026-09-05T09:08:55.484+0000] {logging_mixin.py:188} INFO - [2026-09-05T09:08:55.483+0000] {dagbag.py:545} INFO - Filling up the DagBag from /opt/airflow/dags/youtube_pipeline.py
[2026-09-05T09:08:55.504+0000] {processor.py:840} INFO - DAG(s) 'youtube_english_video_pipeline' retrieved from /opt/airflow/dags/youtube_pipeline.py
[2026-09-05T09:08:55.534+0000] {logging_mixin.py:188} INFO - [2026-09-05T09:08:55.534+0000] {dag.py:3089} INFO - Sync 1 DAGs
[2026-09-05T09:08:55.550+0000] {logging_mixin.py:188} INFO - [2026-09-05T09:08:55.550+0000] {dag.py:3947} INFO - Setting next_dagrun for youtube_english_video_pipeline to 2026-09-04 12:00:00+00:00, run_after=2026-09-05 12:00:00+00:00
[2026-09-05T09:08:55.572+0000] {processor.py:183} INFO - Processing /opt/airflow/dags/youtube_pipeline.py took 0.096 seconds
[2026-09-05T09:09:25.741+0000] {processor.py:161} INFO - Started process (PID=28897) to work on /opt/airflow/dags/youtube_pipeline.py
[2026-09-05T09:09:25.742+0000] {processor.py:830} INFO - Processing file /opt/airflow/dags/youtube_pipeline.py for tasks to queue
[2026-09-05T09:09:25.743+0000] {logging_mixin.py:188} INFO - [2026-09-05T09:09:25.743+0000] {dagbag.py:545} INFO - Filling up the DagBag from /opt/airflow/dags/youtube_pipeline.py
[2026-09-05T09:09:25.763+0000] {processor.py:840} INFO - DAG(s) 'youtube_english_video_pipeline' retrieved from /opt/airflow/dags/youtube_pipeline.py
[2026-09-05T09:09:25.791+0000] {logging_mixin.py:188} INFO - [2026-09-05T09:09:25.791+0000] {dag.py:3089} INFO - Sync 1 DAGs
[2026-09-05T09:09:25.806+0000] {logging_mixin.py:188} INFO - [2026-09-05T09:09:25.805+0000] {dag.py:3947} INFO - Setting next_dagrun for youtube_english_video_pipeline to 2026-09-04 12:00:00+00:00, run_after=2026-09-05 12:00:00+00:00
[2026-09-05T09:09:25.818+0000] {processor.py:183} INFO - Processing /opt/airflow/dags/youtube_pipeline.py took 0.082 seconds
[2026-09-05T09:09:56.027+0000] {processor.py:161} INFO - Started process (PID=28902) to work on /opt/airflow/dags/youtube_pipeline.py
[2026-09-05T09:09:56.028+0000] {processor.py:830} INFO - Processing file /opt/airflow/dags/youtube_pipeline.py for tasks to queue
[2026-09-05T09:09:56.029+0000] {logging_mixin.py:188} INFO - [2026-09-05T09:09:56.029+0000] {dagbag.py:545} INFO - Filling up the DagBag from /opt/airflow/dags/youtube_pipeline.py
[2026-09-05T09:09:56.071+0000] {processor.py:840} INFO - DAG(s) 'youtube_english_video_pipeline' retrieved from /opt/airflow/dags/youtube_pipeline.py
[2026-09-05T09:09:56.108+0000] {logging_mixin.py:188} INFO - [2026-09-05T09:09:56.108+0000] {dag.py:3089} INFO - Sync 1 DAGs
[2026-09-05T09:09:56.122+0000] {logging_mixin.py:188} INFO - [2026-09-05T09:09:56.122+0000] {dag.py:3947} INFO - Setting next_dagrun for youtube_english_video_pipeline to 2026-09-04 12:00:00+00:00, run_after=2026-09-05 12:00:00+00:00
[2026-09-05T09:09:56.135+0000] {processor.py:183} INFO - Processing /opt/airflow/dags/youtube_pipeline.py took 0.113 seconds
[2026-09-05T18:21:21.027+0000] {processor.py:161} INFO - Started process (PID=28908) to work on /opt/airflow/dags/youtube_pipeline.py
[2026-09-05T18:21:21.052+0000] {processor.py:830} INFO - Processing file /opt/airflow/dags/youtube_pipeline.py for tasks to queue
[2026-09-05T18:21:21.082+0000] {logging_mixin.py:188} INFO - [2026-09-05T18:21:21.081+0000] {dagbag.py:545} INFO - Filling up the DagBag from /opt/airflow/dags/youtube_pipeline.py
[2026-09-05T18:21:22.146+0000] {processor.py:840} INFO - DAG(s) 'youtube_english_video_pipeline' retrieved from /opt/airflow/dags/youtube_pipeline.py
[2026-09-05T18:21:22.248+0000] {logging_mixin.py:188} INFO - [2026-09-05T18:21:22.247+0000] {dag.py:3089} INFO - Sync 1 DAGs
[2026-09-05T18:21:22.355+0000] {processor.py:183} INFO - Processing /opt/airflow/dags/youtube_pipeline.py took 1.380 seconds
[2026-09-05T18:21:52.919+0000] {processor.py:161} INFO - Started process (PID=28943) to work on /opt/airflow/dags/youtube_pipeline.py
[2026-09-05T18:21:52.921+0000] {processor.py:830} INFO - Processing file /opt/airflow/dags/youtube_pipeline.py for tasks to queue
[2026-09-05T18:21:52.923+0000] {logging_mixin.py:188} INFO - [2026-09-05T18:21:52.923+0000] {dagbag.py:545} INFO - Filling up the DagBag from /opt/airflow/dags/youtube_pipeline.py
[2026-09-05T18:21:52.978+0000] {processor.py:840} INFO - DAG(s) 'youtube_english_video_pipeline' retrieved from /opt/airflow/dags/youtube_pipeline.py
[2026-09-05T18:21:53.021+0000] {logging_mixin.py:188} INFO - [2026-09-05T18:21:53.021+0000] {dag.py:3089} INFO - Sync 1 DAGs
[2026-09-05T18:21:53.053+0000] {processor.py:183} INFO - Processing /opt/airflow/dags/youtube_pipeline.py took 0.142 seconds
[2026-09-05T18:22:23.175+0000] {processor.py:161} INFO - Started process (PID=28987) to work on /opt/airflow/dags/youtube_pipeline.py
[2026-09-05T18:22:23.176+0000] {processor.py:830} INFO - Processing file /opt/airflow/dags/youtube_pipeline.py for tasks to queue
[2026-09-05T18:22:23.178+0000] {logging_mixin.py:188} INFO - [2026-09-05T18:22:23.178+0000] {dagbag.py:545} INFO - Filling up the DagBag from /opt/airflow/dags/youtube_pipeline.py
[2026-09-05T18:22:23.239+0000] {processor.py:840} INFO - DAG(s) 'youtube_english_video_pipeline' retrieved from /opt/airflow/dags/youtube_pipeline.py
[2026-09-05T18:22:23.287+0000] {logging_mixin.py:188} INFO - [2026-09-05T18:22:23.287+0000] {dag.py:3089} INFO - Sync 1 DAGs
[2026-09-05T18:22:23.330+0000] {processor.py:183} INFO - Processing /opt/airflow/dags/youtube_pipeline.py took 0.164 seconds
[2026-09-05T18:22:53.546+0000] {processor.py:161} INFO - Started process (PID=29223) to work on /opt/airflow/dags/youtube_pipeline.py
[2026-09-05T18:22:53.549+0000] {processor.py:830} INFO - Processing file /opt/airflow/dags/youtube_pipeline.py for tasks to queue
[2026-09-05T18:22:53.552+0000] {logging_mixin.py:188} INFO - [2026-09-05T18:22:53.551+0000] {dagbag.py:545} INFO - Filling up the DagBag from /opt/airflow/dags/youtube_pipeline.py
[2026-09-05T18:22:53.605+0000] {processor.py:840} INFO - DAG(s) 'youtube_english_video_pipeline' retrieved from /opt/airflow/dags/youtube_pipeline.py
[2026-09-05T18:22:53.648+0000] {logging_mixin.py:188} INFO - [2026-09-05T18:22:53.648+0000] {dag.py:3089} INFO - Sync 1 DAGs
[2026-09-05T18:22:53.693+0000] {processor.py:183} INFO - Processing /opt/airflow/dags/youtube_pipeline.py took 0.157 seconds
[2026-09-05T18:23:23.862+0000] {processor.py:161} INFO - Started process (PID=29234) to work on /opt/airflow/dags/youtube_pipeline.py
[2026-09-05T18:23:23.866+0000] {processor.py:830} INFO - Processing file /opt/airflow/dags/youtube_pipeline.py for tasks to queue
[2026-09-05T18:23:23.871+0000] {logging_mixin.py:188} INFO - [2026-09-05T18:23:23.871+0000] {dagbag.py:545} INFO - Filling up the DagBag from /opt/airflow/dags/youtube_pipeline.py
[2026-09-05T18:23:23.929+0000] {processor.py:840} INFO - DAG(s) 'youtube_english_video_pipeline' retrieved from /opt/airflow/dags/youtube_pipeline.py
[2026-09-05T18:23:23.963+0000] {logging_mixin.py:188} INFO - [2026-09-05T18:23:23.962+0000] {dag.py:3089} INFO - Sync 1 DAGs
[2026-09-05T18:23:24.000+0000] {processor.py:183} INFO - Processing /opt/airflow/dags/youtube_pipeline.py took 0.147 seconds
[2026-09-05T18:23:54.195+0000] {processor.py:161} INFO - Started process (PID=30149) to work on /opt/airflow/dags/youtube_pipeline.py
[2026-09-05T18:23:54.196+0000] {processor.py:830} INFO - Processing file /opt/airflow/dags/youtube_pipeline.py for tasks to queue
[2026-09-05T18:23:54.198+0000] {logging_mixin.py:188} INFO - [2026-09-05T18:23:54.197+0000] {dagbag.py:545} INFO - Filling up the DagBag from /opt/airflow/dags/youtube_pipeline.py
[2026-09-05T18:23:54.228+0000] {processor.py:840} INFO - DAG(s) 'youtube_english_video_pipeline' retrieved from /opt/airflow/dags/youtube_pipeline.py
[2026-09-05T18:23:54.261+0000] {logging_mixin.py:188} INFO - [2026-09-05T18:23:54.261+0000] {dag.py:3089} INFO - Sync 1 DAGs
[2026-09-05T18:23:54.302+0000] {processor.py:183} INFO - Processing /opt/airflow/dags/youtube_pipeline.py took 0.113 seconds
[2026-09-05T18:24:24.406+0000] {processor.py:161} INFO - Started process (PID=31211) to work on /opt/airflow/dags/youtube_pipeline.py
[2026-09-05T18:24:24.408+0000] {processor.py:830} INFO - Processing file /opt/airflow/dags/youtube_pipeline.py for tasks to queue
[2026-09-05T18:24:24.410+0000] {logging_mixin.py:188} INFO - [2026-09-05T18:24:24.410+0000] {dagbag.py:545} INFO - Filling up the DagBag from /opt/airflow/dags/youtube_pipeline.py
[2026-09-05T18:24:24.458+0000] {processor.py:840} INFO - DAG(s) 'youtube_english_video_pipeline' retrieved from /opt/airflow/dags/youtube_pipeline.py
[2026-09-05T18:24:24.488+0000] {logging_mixin.py:188} INFO - [2026-09-05T18:24:24.487+0000] {dag.py:3089} INFO - Sync 1 DAGs
[2026-09-05T18:24:24.519+0000] {processor.py:183} INFO - Processing /opt/airflow/dags/youtube_pipeline.py took 0.118 seconds
[2026-09-05T18:24:54.745+0000] {processor.py:161} INFO - Started process (PID=32273) to work on /opt/airflow/dags/youtube_pipeline.py
[2026-09-05T18:24:54.746+0000] {processor.py:830} INFO - Processing file /opt/airflow/dags/youtube_pipeline.py for tasks to queue
[2026-09-05T18:24:54.749+0000] {logging_mixin.py:188} INFO - [2026-09-05T18:24:54.749+0000] {dagbag.py:545} INFO - Filling up the DagBag from /opt/airflow/dags/youtube_pipeline.py
[2026-09-05T18:24:54.795+0000] {processor.py:840} INFO - DAG(s) 'youtube_english_video_pipeline' retrieved from /opt/airflow/dags/youtube_pipeline.py
[2026-09-05T18:24:54.849+0000] {logging_mixin.py:188} INFO - [2026-09-05T18:24:54.848+0000] {dag.py:3089} INFO - Sync 1 DAGs
[2026-09-05T18:24:54.896+0000] {processor.py:183} INFO - Processing /opt/airflow/dags/youtube_pipeline.py took 0.159 seconds
[2026-09-05T18:25:25.047+0000] {processor.py:161} INFO - Started process (PID=32357) to work on /opt/airflow/dags/youtube_pipeline.py
[2026-09-05T18:25:25.049+0000] {processor.py:830} INFO - Processing file /opt/airflow/dags/youtube_pipeline.py for tasks to queue
[2026-09-05T18:25:25.053+0000] {logging_mixin.py:188} INFO - [2026-09-05T18:25:25.052+0000] {dagbag.py:545} INFO - Filling up the DagBag from /opt/airflow/dags/youtube_pipeline.py
[2026-09-05T18:25:25.147+0000] {processor.py:840} INFO - DAG(s) 'youtube_english_video_pipeline' retrieved from /opt/airflow/dags/youtube_pipeline.py
[2026-09-05T18:25:25.227+0000] {logging_mixin.py:188} INFO - [2026-09-05T18:25:25.227+0000] {dag.py:3089} INFO - Sync 1 DAGs
[2026-09-05T18:25:25.288+0000] {processor.py:183} INFO - Processing /opt/airflow/dags/youtube_pipeline.py took 0.252 seconds
[2026-09-05T18:25:55.392+0000] {processor.py:161} INFO - Started process (PID=32415) to work on /opt/airflow/dags/youtube_pipeline.py
[2026-09-05T18:25:55.393+0000] {processor.py:830} INFO - Processing file /opt/airflow/dags/youtube_pipeline.py for tasks to queue
[2026-09-05T18:25:55.394+0000] {logging_mixin.py:188} INFO - [2026-09-05T18:25:55.394+0000] {dagbag.py:545} INFO - Filling up the DagBag from /opt/airflow/dags/youtube_pipeline.py
[2026-09-05T18:25:55.413+0000] {processor.py:840} INFO - DAG(s) 'youtube_english_video_pipeline' retrieved from /opt/airflow/dags/youtube_pipeline.py
[2026-09-05T18:25:55.442+0000] {logging_mixin.py:188} INFO - [2026-09-05T18:25:55.442+0000] {dag.py:3089} INFO - Sync 1 DAGs
[2026-09-05T18:25:55.469+0000] {processor.py:183} INFO - Processing /opt/airflow/dags/youtube_pipeline.py took 0.082 seconds
[2026-09-05T18:26:25.753+0000] {processor.py:161} INFO - Started process (PID=32588) to work on /opt/airflow/dags/youtube_pipeline.py
[2026-09-05T18:26:25.755+0000] {processor.py:830} INFO - Processing file /opt/airflow/dags/youtube_pipeline.py for tasks to queue
[2026-09-05T18:26:25.757+0000] {logging_mixin.py:188} INFO - [2026-09-05T18:26:25.757+0000] {dagbag.py:545} INFO - Filling up the DagBag from /opt/airflow/dags/youtube_pipeline.py
[2026-09-05T18:26:25.798+0000] {processor.py:840} INFO - DAG(s) 'youtube_english_video_pipeline' retrieved from /opt/airflow/dags/youtube_pipeline.py
[2026-09-05T18:26:25.846+0000] {logging_mixin.py:188} INFO - [2026-09-05T18:26:25.846+0000] {dag.py:3089} INFO - Sync 1 DAGs
[2026-09-05T18:26:25.900+0000] {processor.py:183} INFO - Processing /opt/airflow/dags/youtube_pipeline.py took 0.155 seconds
[2026-09-05T18:26:55.957+0000] {processor.py:161} INFO - Started process (PID=32700) to work on /opt/airflow/dags/youtube_pipeline.py
[2026-09-05T18:26:55.958+0000] {processor.py:830} INFO - Processing file /opt/airflow/dags/youtube_pipeline.py for tasks to queue
[2026-09-05T18:26:55.959+0000] {logging_mixin.py:188} INFO - [2026-09-05T18:26:55.959+0000] {dagbag.py:545} INFO - Filling up the DagBag from /opt/airflow/dags/youtube_pipeline.py
[2026-09-05T18:26:55.987+0000] {processor.py:840} INFO - DAG(s) 'youtube_english_video_pipeline' retrieved from /opt/airflow/dags/youtube_pipeline.py
[2026-09-05T18:26:56.017+0000] {logging_mixin.py:188} INFO - [2026-09-05T18:26:56.017+0000] {dag.py:3089} INFO - Sync 1 DAGs
[2026-09-05T18:26:56.042+0000] {processor.py:183} INFO - Processing /opt/airflow/dags/youtube_pipeline.py took 0.090 seconds
[2026-09-05T18:27:26.184+0000] {processor.py:161} INFO - Started process (PID=32705) to work on /opt/airflow/dags/youtube_pipeline.py
[2026-09-05T18:27:26.185+0000] {processor.py:830} INFO - Processing file /opt/airflow/dags/youtube_pipeline.py for tasks to queue
[2026-09-05T18:27:26.186+0000] {logging_mixin.py:188} INFO - [2026-09-05T18:27:26.186+0000] {dagbag.py:545} INFO - Filling up the DagBag from /opt/airflow/dags/youtube_pipeline.py
[2026-09-05T18:27:26.206+0000] {processor.py:840} INFO - DAG(s) 'youtube_english_video_pipeline' retrieved from /opt/airflow/dags/youtube_pipeline.py
[2026-09-05T18:27:26.238+0000] {logging_mixin.py:188} INFO - [2026-09-05T18:27:26.238+0000] {dag.py:3089} INFO - Sync 1 DAGs
[2026-09-05T18:27:26.263+0000] {processor.py:183} INFO - Processing /opt/airflow/dags/youtube_pipeline.py took 0.084 seconds
[2026-09-05T18:27:57.006+0000] {processor.py:161} INFO - Started process (PID=32710) to work on /opt/airflow/dags/youtube_pipeline.py
[2026-09-05T18:27:57.007+0000] {processor.py:830} INFO - Processing file /opt/airflow/dags/youtube_pipeline.py for tasks to queue
[2026-09-05T18:27:57.008+0000] {logging_mixin.py:188} INFO - [2026-09-05T18:27:57.008+0000] {dagbag.py:545} INFO - Filling up the DagBag from /opt/airflow/dags/youtube_pipeline.py
[2026-09-05T18:27:57.027+0000] {processor.py:840} INFO - DAG(s) 'youtube_english_video_pipeline' retrieved from /opt/airflow/dags/youtube_pipeline.py
[2026-09-05T18:27:57.055+0000] {logging_mixin.py:188} INFO - [2026-09-05T18:27:57.055+0000] {dag.py:3089} INFO - Sync 1 DAGs
[2026-09-05T18:27:57.081+0000] {processor.py:183} INFO - Processing /opt/airflow/dags/youtube_pipeline.py took 0.080 seconds
[2026-09-05T18:28:27.251+0000] {processor.py:161} INFO - Started process (PID=32715) to work on /opt/airflow/dags/youtube_pipeline.py
[2026-09-05T18:28:27.252+0000] {processor.py:830} INFO - Processing file /opt/airflow/dags/youtube_pipeline.py for tasks to queue
[2026-09-05T18:28:27.253+0000] {logging_mixin.py:188} INFO - [2026-09-05T18:28:27.253+0000] {dagbag.py:545} INFO - Filling up the DagBag from /opt/airflow/dags/youtube_pipeline.py
[2026-09-05T18:28:27.272+0000] {processor.py:840} INFO - DAG(s) 'youtube_english_video_pipeline' retrieved from /opt/airflow/dags/youtube_pipeline.py
[2026-09-05T18:28:27.303+0000] {logging_mixin.py:188} INFO - [2026-09-05T18:28:27.303+0000] {dag.py:3089} INFO - Sync 1 DAGs
[2026-09-05T18:28:27.330+0000] {processor.py:183} INFO - Processing /opt/airflow/dags/youtube_pipeline.py took 0.084 seconds
