[2026-07-25T00:45:50.720+0000] {processor.py:161} INFO - Started process (PID=3922) to work on /opt/airflow/dags/youtube_pipeline.py
[2026-07-25T00:45:50.780+0000] {processor.py:830} INFO - Processing file /opt/airflow/dags/youtube_pipeline.py for tasks to queue
[2026-07-25T00:45:50.833+0000] {logging_mixin.py:188} INFO - [2026-07-25T00:45:50.832+0000] {dagbag.py:545} INFO - Filling up the DagBag from /opt/airflow/dags/youtube_pipeline.py
[2026-07-25T00:45:55.015+0000] {processor.py:840} INFO - DAG(s) 'youtube_english_video_pipeline' retrieved from /opt/airflow/dags/youtube_pipeline.py
[2026-07-25T00:45:56.750+0000] {logging_mixin.py:188} INFO - [2026-07-25T00:45:56.749+0000] {dag.py:3089} INFO - Sync 1 DAGs
[2026-07-25T00:45:56.882+0000] {processor.py:183} INFO - Processing /opt/airflow/dags/youtube_pipeline.py took 6.287 seconds
[2026-07-25T00:46:30.366+0000] {processor.py:161} INFO - Started process (PID=3956) to work on /opt/airflow/dags/youtube_pipeline.py
[2026-07-25T00:46:30.438+0000] {processor.py:830} INFO - Processing file /opt/airflow/dags/youtube_pipeline.py for tasks to queue
[2026-07-25T00:46:30.645+0000] {logging_mixin.py:188} INFO - [2026-07-25T00:46:30.643+0000] {dagbag.py:545} INFO - Filling up the DagBag from /opt/airflow/dags/youtube_pipeline.py
[2026-07-25T00:46:33.787+0000] {processor.py:840} INFO - DAG(s) 'youtube_english_video_pipeline' retrieved from /opt/airflow/dags/youtube_pipeline.py
[2026-07-25T00:46:33.952+0000] {logging_mixin.py:188} INFO - [2026-07-25T00:46:33.951+0000] {dag.py:3089} INFO - Sync 1 DAGs
[2026-07-25T00:46:34.263+0000] {processor.py:183} INFO - Processing /opt/airflow/dags/youtube_pipeline.py took 4.001 seconds
[2026-07-25T00:47:07.480+0000] {processor.py:161} INFO - Started process (PID=4234) to work on /opt/airflow/dags/youtube_pipeline.py
[2026-07-25T00:47:07.529+0000] {processor.py:830} INFO - Processing file /opt/airflow/dags/youtube_pipeline.py for tasks to queue
[2026-07-25T00:47:07.551+0000] {logging_mixin.py:188} INFO - [2026-07-25T00:47:07.550+0000] {dagbag.py:545} INFO - Filling up the DagBag from /opt/airflow/dags/youtube_pipeline.py
[2026-07-25T00:47:11.842+0000] {processor.py:840} INFO - DAG(s) 'youtube_english_video_pipeline' retrieved from /opt/airflow/dags/youtube_pipeline.py
[2026-07-25T00:47:12.006+0000] {logging_mixin.py:188} INFO - [2026-07-25T00:47:12.005+0000] {dag.py:3089} INFO - Sync 1 DAGs
[2026-07-25T00:47:12.475+0000] {processor.py:183} INFO - Processing /opt/airflow/dags/youtube_pipeline.py took 5.080 seconds
[2026-07-25T00:47:43.394+0000] {processor.py:161} INFO - Started process (PID=4239) to work on /opt/airflow/dags/youtube_pipeline.py
[2026-07-25T00:47:43.403+0000] {processor.py:830} INFO - Processing file /opt/airflow/dags/youtube_pipeline.py for tasks to queue
[2026-07-25T00:47:43.406+0000] {logging_mixin.py:188} INFO - [2026-07-25T00:47:43.405+0000] {dagbag.py:545} INFO - Filling up the DagBag from /opt/airflow/dags/youtube_pipeline.py
[2026-07-25T00:47:43.751+0000] {processor.py:840} INFO - DAG(s) 'youtube_english_video_pipeline' retrieved from /opt/airflow/dags/youtube_pipeline.py
[2026-07-25T00:47:43.862+0000] {logging_mixin.py:188} INFO - [2026-07-25T00:47:43.861+0000] {dag.py:3089} INFO - Sync 1 DAGs
[2026-07-25T00:47:43.969+0000] {processor.py:183} INFO - Processing /opt/airflow/dags/youtube_pipeline.py took 0.597 seconds
[2026-07-25T00:48:17.042+0000] {processor.py:161} INFO - Started process (PID=4244) to work on /opt/airflow/dags/youtube_pipeline.py
[2026-07-25T00:48:17.074+0000] {processor.py:830} INFO - Processing file /opt/airflow/dags/youtube_pipeline.py for tasks to queue
[2026-07-25T00:48:17.106+0000] {logging_mixin.py:188} INFO - [2026-07-25T00:48:17.106+0000] {dagbag.py:545} INFO - Filling up the DagBag from /opt/airflow/dags/youtube_pipeline.py
[2026-07-25T00:48:20.153+0000] {processor.py:840} INFO - DAG(s) 'youtube_english_video_pipeline' retrieved from /opt/airflow/dags/youtube_pipeline.py
[2026-07-25T00:48:20.431+0000] {logging_mixin.py:188} INFO - [2026-07-25T00:48:20.431+0000] {dag.py:3089} INFO - Sync 1 DAGs
[2026-07-25T00:48:20.828+0000] {processor.py:183} INFO - Processing /opt/airflow/dags/youtube_pipeline.py took 3.845 seconds
[2026-07-25T00:48:52.619+0000] {processor.py:161} INFO - Started process (PID=4249) to work on /opt/airflow/dags/youtube_pipeline.py
[2026-07-25T00:48:52.667+0000] {processor.py:830} INFO - Processing file /opt/airflow/dags/youtube_pipeline.py for tasks to queue
[2026-07-25T00:48:52.689+0000] {logging_mixin.py:188} INFO - [2026-07-25T00:48:52.689+0000] {dagbag.py:545} INFO - Filling up the DagBag from /opt/airflow/dags/youtube_pipeline.py
[2026-07-25T00:48:54.681+0000] {processor.py:840} INFO - DAG(s) 'youtube_english_video_pipeline' retrieved from /opt/airflow/dags/youtube_pipeline.py
[2026-07-25T00:48:55.027+0000] {logging_mixin.py:188} INFO - [2026-07-25T00:48:55.027+0000] {dag.py:3089} INFO - Sync 1 DAGs
[2026-07-25T00:48:55.415+0000] {processor.py:183} INFO - Processing /opt/airflow/dags/youtube_pipeline.py took 2.823 seconds
[2026-07-25T00:49:26.723+0000] {processor.py:161} INFO - Started process (PID=4254) to work on /opt/airflow/dags/youtube_pipeline.py
[2026-07-25T00:49:26.740+0000] {processor.py:830} INFO - Processing file /opt/airflow/dags/youtube_pipeline.py for tasks to queue
[2026-07-25T00:49:26.769+0000] {logging_mixin.py:188} INFO - [2026-07-25T00:49:26.763+0000] {dagbag.py:545} INFO - Filling up the DagBag from /opt/airflow/dags/youtube_pipeline.py
[2026-07-25T00:49:27.617+0000] {processor.py:840} INFO - DAG(s) 'youtube_english_video_pipeline' retrieved from /opt/airflow/dags/youtube_pipeline.py
[2026-07-25T00:49:28.321+0000] {logging_mixin.py:188} INFO - [2026-07-25T00:49:28.321+0000] {dag.py:3089} INFO - Sync 1 DAGs
[2026-07-25T00:49:28.742+0000] {processor.py:183} INFO - Processing /opt/airflow/dags/youtube_pipeline.py took 2.079 seconds
[2026-07-25T00:50:02.117+0000] {processor.py:161} INFO - Started process (PID=4259) to work on /opt/airflow/dags/youtube_pipeline.py
[2026-07-25T00:50:02.179+0000] {processor.py:830} INFO - Processing file /opt/airflow/dags/youtube_pipeline.py for tasks to queue
[2026-07-25T00:50:02.225+0000] {logging_mixin.py:188} INFO - [2026-07-25T00:50:02.224+0000] {dagbag.py:545} INFO - Filling up the DagBag from /opt/airflow/dags/youtube_pipeline.py
[2026-07-25T00:50:05.401+0000] {processor.py:840} INFO - DAG(s) 'youtube_english_video_pipeline' retrieved from /opt/airflow/dags/youtube_pipeline.py
[2026-07-25T00:50:05.568+0000] {logging_mixin.py:188} INFO - [2026-07-25T00:50:05.567+0000] {dag.py:3089} INFO - Sync 1 DAGs
[2026-07-25T00:50:05.693+0000] {processor.py:183} INFO - Processing /opt/airflow/dags/youtube_pipeline.py took 3.803 seconds
[2026-07-25T00:50:41.185+0000] {processor.py:161} INFO - Started process (PID=4264) to work on /opt/airflow/dags/youtube_pipeline.py
[2026-07-25T00:50:41.340+0000] {processor.py:830} INFO - Processing file /opt/airflow/dags/youtube_pipeline.py for tasks to queue
[2026-07-25T00:50:41.376+0000] {logging_mixin.py:188} INFO - [2026-07-25T00:50:41.375+0000] {dagbag.py:545} INFO - Filling up the DagBag from /opt/airflow/dags/youtube_pipeline.py
[2026-07-25T00:50:42.973+0000] {processor.py:840} INFO - DAG(s) 'youtube_english_video_pipeline' retrieved from /opt/airflow/dags/youtube_pipeline.py
[2026-07-25T00:50:43.288+0000] {logging_mixin.py:188} INFO - [2026-07-25T00:50:43.288+0000] {dag.py:3089} INFO - Sync 1 DAGs
[2026-07-25T00:50:43.936+0000] {processor.py:183} INFO - Processing /opt/airflow/dags/youtube_pipeline.py took 2.907 seconds
[2026-07-25T00:51:17.349+0000] {processor.py:161} INFO - Started process (PID=4293) to work on /opt/airflow/dags/youtube_pipeline.py
[2026-07-25T00:51:17.384+0000] {processor.py:830} INFO - Processing file /opt/airflow/dags/youtube_pipeline.py for tasks to queue
[2026-07-25T00:51:17.481+0000] {logging_mixin.py:188} INFO - [2026-07-25T00:51:17.481+0000] {dagbag.py:545} INFO - Filling up the DagBag from /opt/airflow/dags/youtube_pipeline.py
[2026-07-25T00:51:20.347+0000] {processor.py:840} INFO - DAG(s) 'youtube_english_video_pipeline' retrieved from /opt/airflow/dags/youtube_pipeline.py
[2026-07-25T00:51:20.481+0000] {logging_mixin.py:188} INFO - [2026-07-25T00:51:20.481+0000] {dag.py:3089} INFO - Sync 1 DAGs
[2026-07-25T00:51:20.815+0000] {processor.py:183} INFO - Processing /opt/airflow/dags/youtube_pipeline.py took 3.526 seconds
[2026-07-25T00:51:52.654+0000] {processor.py:161} INFO - Started process (PID=4425) to work on /opt/airflow/dags/youtube_pipeline.py
[2026-07-25T00:51:52.681+0000] {processor.py:830} INFO - Processing file /opt/airflow/dags/youtube_pipeline.py for tasks to queue
[2026-07-25T00:51:52.714+0000] {logging_mixin.py:188} INFO - [2026-07-25T00:51:52.713+0000] {dagbag.py:545} INFO - Filling up the DagBag from /opt/airflow/dags/youtube_pipeline.py
[2026-07-25T00:51:55.052+0000] {processor.py:840} INFO - DAG(s) 'youtube_english_video_pipeline' retrieved from /opt/airflow/dags/youtube_pipeline.py
[2026-07-25T00:51:55.139+0000] {logging_mixin.py:188} INFO - [2026-07-25T00:51:55.138+0000] {dag.py:3089} INFO - Sync 1 DAGs
[2026-07-25T00:51:55.485+0000] {processor.py:183} INFO - Processing /opt/airflow/dags/youtube_pipeline.py took 2.869 seconds
[2026-07-25T00:52:27.549+0000] {processor.py:161} INFO - Started process (PID=4430) to work on /opt/airflow/dags/youtube_pipeline.py
[2026-07-25T00:52:27.590+0000] {processor.py:830} INFO - Processing file /opt/airflow/dags/youtube_pipeline.py for tasks to queue
[2026-07-25T00:52:27.651+0000] {logging_mixin.py:188} INFO - [2026-07-25T00:52:27.650+0000] {dagbag.py:545} INFO - Filling up the DagBag from /opt/airflow/dags/youtube_pipeline.py
[2026-07-25T00:52:28.980+0000] {processor.py:840} INFO - DAG(s) 'youtube_english_video_pipeline' retrieved from /opt/airflow/dags/youtube_pipeline.py
[2026-07-25T00:52:29.084+0000] {logging_mixin.py:188} INFO - [2026-07-25T00:52:29.084+0000] {dag.py:3089} INFO - Sync 1 DAGs
[2026-07-25T00:52:29.268+0000] {processor.py:183} INFO - Processing /opt/airflow/dags/youtube_pipeline.py took 1.821 seconds
[2026-07-25T00:53:02.174+0000] {processor.py:161} INFO - Started process (PID=4435) to work on /opt/airflow/dags/youtube_pipeline.py
[2026-07-25T00:53:02.196+0000] {processor.py:830} INFO - Processing file /opt/airflow/dags/youtube_pipeline.py for tasks to queue
[2026-07-25T00:53:02.230+0000] {logging_mixin.py:188} INFO - [2026-07-25T00:53:02.229+0000] {dagbag.py:545} INFO - Filling up the DagBag from /opt/airflow/dags/youtube_pipeline.py
[2026-07-25T00:53:03.842+0000] {processor.py:840} INFO - DAG(s) 'youtube_english_video_pipeline' retrieved from /opt/airflow/dags/youtube_pipeline.py
[2026-07-25T00:53:03.971+0000] {logging_mixin.py:188} INFO - [2026-07-25T00:53:03.971+0000] {dag.py:3089} INFO - Sync 1 DAGs
[2026-07-25T00:53:04.472+0000] {processor.py:183} INFO - Processing /opt/airflow/dags/youtube_pipeline.py took 2.393 seconds
[2026-07-25T00:53:36.718+0000] {processor.py:161} INFO - Started process (PID=4440) to work on /opt/airflow/dags/youtube_pipeline.py
[2026-07-25T00:53:36.740+0000] {processor.py:830} INFO - Processing file /opt/airflow/dags/youtube_pipeline.py for tasks to queue
[2026-07-25T00:53:36.764+0000] {logging_mixin.py:188} INFO - [2026-07-25T00:53:36.763+0000] {dagbag.py:545} INFO - Filling up the DagBag from /opt/airflow/dags/youtube_pipeline.py
[2026-07-25T00:53:37.142+0000] {processor.py:840} INFO - DAG(s) 'youtube_english_video_pipeline' retrieved from /opt/airflow/dags/youtube_pipeline.py
[2026-07-25T00:53:37.212+0000] {logging_mixin.py:188} INFO - [2026-07-25T00:53:37.212+0000] {dag.py:3089} INFO - Sync 1 DAGs
[2026-07-25T00:53:37.321+0000] {processor.py:183} INFO - Processing /opt/airflow/dags/youtube_pipeline.py took 0.641 seconds
[2026-07-25T00:54:10.229+0000] {processor.py:161} INFO - Started process (PID=4445) to work on /opt/airflow/dags/youtube_pipeline.py
[2026-07-25T00:54:10.381+0000] {processor.py:830} INFO - Processing file /opt/airflow/dags/youtube_pipeline.py for tasks to queue
[2026-07-25T00:54:10.441+0000] {logging_mixin.py:188} INFO - [2026-07-25T00:54:10.439+0000] {dagbag.py:545} INFO - Filling up the DagBag from /opt/airflow/dags/youtube_pipeline.py
[2026-07-25T00:54:11.667+0000] {processor.py:840} INFO - DAG(s) 'youtube_english_video_pipeline' retrieved from /opt/airflow/dags/youtube_pipeline.py
[2026-07-25T00:54:11.759+0000] {logging_mixin.py:188} INFO - [2026-07-25T00:54:11.758+0000] {dag.py:3089} INFO - Sync 1 DAGs
[2026-07-25T00:54:11.929+0000] {processor.py:183} INFO - Processing /opt/airflow/dags/youtube_pipeline.py took 1.851 seconds
[2026-07-25T00:54:44.471+0000] {processor.py:161} INFO - Started process (PID=4450) to work on /opt/airflow/dags/youtube_pipeline.py
[2026-07-25T00:54:44.497+0000] {processor.py:830} INFO - Processing file /opt/airflow/dags/youtube_pipeline.py for tasks to queue
[2026-07-25T00:54:44.519+0000] {logging_mixin.py:188} INFO - [2026-07-25T00:54:44.519+0000] {dagbag.py:545} INFO - Filling up the DagBag from /opt/airflow/dags/youtube_pipeline.py
[2026-07-25T00:54:45.207+0000] {processor.py:840} INFO - DAG(s) 'youtube_english_video_pipeline' retrieved from /opt/airflow/dags/youtube_pipeline.py
[2026-07-25T00:54:45.328+0000] {logging_mixin.py:188} INFO - [2026-07-25T00:54:45.327+0000] {dag.py:3089} INFO - Sync 1 DAGs
[2026-07-25T00:54:45.387+0000] {processor.py:183} INFO - Processing /opt/airflow/dags/youtube_pipeline.py took 0.950 seconds
[2026-07-25T01:14:54.963+0000] {processor.py:161} INFO - Started process (PID=202) to work on /opt/airflow/dags/youtube_pipeline.py
[2026-07-25T01:14:54.965+0000] {processor.py:830} INFO - Processing file /opt/airflow/dags/youtube_pipeline.py for tasks to queue
[2026-07-25T01:14:54.967+0000] {logging_mixin.py:188} INFO - [2026-07-25T01:14:54.967+0000] {dagbag.py:545} INFO - Filling up the DagBag from /opt/airflow/dags/youtube_pipeline.py
[2026-07-25T01:14:55.027+0000] {processor.py:840} INFO - DAG(s) 'youtube_english_video_pipeline' retrieved from /opt/airflow/dags/youtube_pipeline.py
[2026-07-25T01:14:55.068+0000] {logging_mixin.py:188} INFO - [2026-07-25T01:14:55.068+0000] {dag.py:3089} INFO - Sync 1 DAGs
[2026-07-25T01:14:55.106+0000] {logging_mixin.py:188} INFO - [2026-07-25T01:14:55.106+0000] {dag.py:3947} INFO - Setting next_dagrun for youtube_english_video_pipeline to 2026-07-24 12:00:00+00:00, run_after=2026-07-25 12:00:00+00:00
[2026-07-25T01:14:55.136+0000] {processor.py:183} INFO - Processing /opt/airflow/dags/youtube_pipeline.py took 0.180 seconds
[2026-07-25T01:15:27.203+0000] {processor.py:161} INFO - Started process (PID=207) to work on /opt/airflow/dags/youtube_pipeline.py
[2026-07-25T01:15:27.217+0000] {processor.py:830} INFO - Processing file /opt/airflow/dags/youtube_pipeline.py for tasks to queue
[2026-07-25T01:15:27.230+0000] {logging_mixin.py:188} INFO - [2026-07-25T01:15:27.229+0000] {dagbag.py:545} INFO - Filling up the DagBag from /opt/airflow/dags/youtube_pipeline.py
[2026-07-25T01:15:27.815+0000] {processor.py:840} INFO - DAG(s) 'youtube_english_video_pipeline' retrieved from /opt/airflow/dags/youtube_pipeline.py
[2026-07-25T01:15:28.370+0000] {logging_mixin.py:188} INFO - [2026-07-25T01:15:28.369+0000] {dag.py:3089} INFO - Sync 1 DAGs
[2026-07-25T01:15:28.408+0000] {logging_mixin.py:188} INFO - [2026-07-25T01:15:28.408+0000] {dag.py:3947} INFO - Setting next_dagrun for youtube_english_video_pipeline to 2026-07-24 12:00:00+00:00, run_after=2026-07-25 12:00:00+00:00
[2026-07-25T01:15:28.494+0000] {processor.py:183} INFO - Processing /opt/airflow/dags/youtube_pipeline.py took 1.321 seconds
[2026-07-25T01:15:59.655+0000] {processor.py:161} INFO - Started process (PID=214) to work on /opt/airflow/dags/youtube_pipeline.py
[2026-07-25T01:15:59.669+0000] {processor.py:830} INFO - Processing file /opt/airflow/dags/youtube_pipeline.py for tasks to queue
[2026-07-25T01:15:59.680+0000] {logging_mixin.py:188} INFO - [2026-07-25T01:15:59.679+0000] {dagbag.py:545} INFO - Filling up the DagBag from /opt/airflow/dags/youtube_pipeline.py
[2026-07-25T01:16:00.124+0000] {processor.py:840} INFO - DAG(s) 'youtube_english_video_pipeline' retrieved from /opt/airflow/dags/youtube_pipeline.py
[2026-07-25T01:16:00.222+0000] {logging_mixin.py:188} INFO - [2026-07-25T01:16:00.222+0000] {dag.py:3089} INFO - Sync 1 DAGs
[2026-07-25T01:16:00.346+0000] {processor.py:183} INFO - Processing /opt/airflow/dags/youtube_pipeline.py took 0.709 seconds
[2026-07-25T01:16:32.550+0000] {processor.py:161} INFO - Started process (PID=233) to work on /opt/airflow/dags/youtube_pipeline.py
[2026-07-25T01:16:32.809+0000] {processor.py:830} INFO - Processing file /opt/airflow/dags/youtube_pipeline.py for tasks to queue
[2026-07-25T01:16:32.864+0000] {logging_mixin.py:188} INFO - [2026-07-25T01:16:32.863+0000] {dagbag.py:545} INFO - Filling up the DagBag from /opt/airflow/dags/youtube_pipeline.py
[2026-07-25T01:16:33.469+0000] {processor.py:840} INFO - DAG(s) 'youtube_english_video_pipeline' retrieved from /opt/airflow/dags/youtube_pipeline.py
[2026-07-25T01:16:33.536+0000] {logging_mixin.py:188} INFO - [2026-07-25T01:16:33.536+0000] {dag.py:3089} INFO - Sync 1 DAGs
[2026-07-25T01:16:33.892+0000] {processor.py:183} INFO - Processing /opt/airflow/dags/youtube_pipeline.py took 1.397 seconds
[2026-07-25T01:17:08.029+0000] {processor.py:161} INFO - Started process (PID=405) to work on /opt/airflow/dags/youtube_pipeline.py
[2026-07-25T01:17:08.075+0000] {processor.py:830} INFO - Processing file /opt/airflow/dags/youtube_pipeline.py for tasks to queue
[2026-07-25T01:17:08.104+0000] {logging_mixin.py:188} INFO - [2026-07-25T01:17:08.103+0000] {dagbag.py:545} INFO - Filling up the DagBag from /opt/airflow/dags/youtube_pipeline.py
[2026-07-25T01:17:10.681+0000] {processor.py:840} INFO - DAG(s) 'youtube_english_video_pipeline' retrieved from /opt/airflow/dags/youtube_pipeline.py
[2026-07-25T01:17:10.766+0000] {logging_mixin.py:188} INFO - [2026-07-25T01:17:10.765+0000] {dag.py:3089} INFO - Sync 1 DAGs
[2026-07-25T01:17:11.158+0000] {processor.py:183} INFO - Processing /opt/airflow/dags/youtube_pipeline.py took 3.273 seconds
[2026-07-25T01:17:45.175+0000] {processor.py:161} INFO - Started process (PID=537) to work on /opt/airflow/dags/youtube_pipeline.py
[2026-07-25T01:17:45.198+0000] {processor.py:830} INFO - Processing file /opt/airflow/dags/youtube_pipeline.py for tasks to queue
[2026-07-25T01:17:45.223+0000] {logging_mixin.py:188} INFO - [2026-07-25T01:17:45.222+0000] {dagbag.py:545} INFO - Filling up the DagBag from /opt/airflow/dags/youtube_pipeline.py
[2026-07-25T01:17:46.033+0000] {processor.py:840} INFO - DAG(s) 'youtube_english_video_pipeline' retrieved from /opt/airflow/dags/youtube_pipeline.py
[2026-07-25T01:17:46.352+0000] {logging_mixin.py:188} INFO - [2026-07-25T01:17:46.352+0000] {dag.py:3089} INFO - Sync 1 DAGs
[2026-07-25T01:17:46.465+0000] {processor.py:183} INFO - Processing /opt/airflow/dags/youtube_pipeline.py took 1.329 seconds
[2026-07-25T01:18:17.783+0000] {processor.py:161} INFO - Started process (PID=542) to work on /opt/airflow/dags/youtube_pipeline.py
[2026-07-25T01:18:17.797+0000] {processor.py:830} INFO - Processing file /opt/airflow/dags/youtube_pipeline.py for tasks to queue
[2026-07-25T01:18:17.808+0000] {logging_mixin.py:188} INFO - [2026-07-25T01:18:17.808+0000] {dagbag.py:545} INFO - Filling up the DagBag from /opt/airflow/dags/youtube_pipeline.py
[2026-07-25T01:18:18.324+0000] {processor.py:840} INFO - DAG(s) 'youtube_english_video_pipeline' retrieved from /opt/airflow/dags/youtube_pipeline.py
[2026-07-25T01:18:18.612+0000] {logging_mixin.py:188} INFO - [2026-07-25T01:18:18.611+0000] {dag.py:3089} INFO - Sync 1 DAGs
[2026-07-25T01:18:18.693+0000] {processor.py:183} INFO - Processing /opt/airflow/dags/youtube_pipeline.py took 0.930 seconds
[2026-07-25T01:18:53.299+0000] {processor.py:161} INFO - Started process (PID=547) to work on /opt/airflow/dags/youtube_pipeline.py
[2026-07-25T01:18:53.333+0000] {processor.py:830} INFO - Processing file /opt/airflow/dags/youtube_pipeline.py for tasks to queue
[2026-07-25T01:18:53.358+0000] {logging_mixin.py:188} INFO - [2026-07-25T01:18:53.357+0000] {dagbag.py:545} INFO - Filling up the DagBag from /opt/airflow/dags/youtube_pipeline.py
[2026-07-25T01:18:54.088+0000] {processor.py:840} INFO - DAG(s) 'youtube_english_video_pipeline' retrieved from /opt/airflow/dags/youtube_pipeline.py
[2026-07-25T01:18:54.171+0000] {logging_mixin.py:188} INFO - [2026-07-25T01:18:54.171+0000] {dag.py:3089} INFO - Sync 1 DAGs
[2026-07-25T01:18:54.261+0000] {processor.py:183} INFO - Processing /opt/airflow/dags/youtube_pipeline.py took 1.118 seconds
[2026-07-25T01:19:27.934+0000] {processor.py:161} INFO - Started process (PID=552) to work on /opt/airflow/dags/youtube_pipeline.py
[2026-07-25T01:19:27.936+0000] {processor.py:830} INFO - Processing file /opt/airflow/dags/youtube_pipeline.py for tasks to queue
[2026-07-25T01:19:27.943+0000] {logging_mixin.py:188} INFO - [2026-07-25T01:19:27.942+0000] {dagbag.py:545} INFO - Filling up the DagBag from /opt/airflow/dags/youtube_pipeline.py
[2026-07-25T01:19:28.667+0000] {processor.py:840} INFO - DAG(s) 'youtube_english_video_pipeline' retrieved from /opt/airflow/dags/youtube_pipeline.py
[2026-07-25T01:19:28.777+0000] {logging_mixin.py:188} INFO - [2026-07-25T01:19:28.776+0000] {dag.py:3089} INFO - Sync 1 DAGs
[2026-07-25T01:19:28.908+0000] {processor.py:183} INFO - Processing /opt/airflow/dags/youtube_pipeline.py took 0.987 seconds
[2026-07-25T01:20:04.987+0000] {processor.py:161} INFO - Started process (PID=557) to work on /opt/airflow/dags/youtube_pipeline.py
[2026-07-25T01:20:05.000+0000] {processor.py:830} INFO - Processing file /opt/airflow/dags/youtube_pipeline.py for tasks to queue
[2026-07-25T01:20:05.015+0000] {logging_mixin.py:188} INFO - [2026-07-25T01:20:05.014+0000] {dagbag.py:545} INFO - Filling up the DagBag from /opt/airflow/dags/youtube_pipeline.py
[2026-07-25T01:20:05.439+0000] {processor.py:840} INFO - DAG(s) 'youtube_english_video_pipeline' retrieved from /opt/airflow/dags/youtube_pipeline.py
[2026-07-25T01:20:05.494+0000] {logging_mixin.py:188} INFO - [2026-07-25T01:20:05.494+0000] {dag.py:3089} INFO - Sync 1 DAGs
[2026-07-25T01:20:05.571+0000] {processor.py:183} INFO - Processing /opt/airflow/dags/youtube_pipeline.py took 0.613 seconds
[2026-07-25T01:20:38.151+0000] {processor.py:161} INFO - Started process (PID=562) to work on /opt/airflow/dags/youtube_pipeline.py
[2026-07-25T01:20:38.244+0000] {processor.py:830} INFO - Processing file /opt/airflow/dags/youtube_pipeline.py for tasks to queue
[2026-07-25T01:20:38.325+0000] {logging_mixin.py:188} INFO - [2026-07-25T01:20:38.325+0000] {dagbag.py:545} INFO - Filling up the DagBag from /opt/airflow/dags/youtube_pipeline.py
[2026-07-25T01:20:41.958+0000] {processor.py:840} INFO - DAG(s) 'youtube_english_video_pipeline' retrieved from /opt/airflow/dags/youtube_pipeline.py
[2026-07-25T01:20:42.023+0000] {logging_mixin.py:188} INFO - [2026-07-25T01:20:42.023+0000] {dag.py:3089} INFO - Sync 1 DAGs
[2026-07-25T01:20:42.216+0000] {processor.py:183} INFO - Processing /opt/airflow/dags/youtube_pipeline.py took 4.151 seconds
[2026-07-25T01:21:14.000+0000] {processor.py:161} INFO - Started process (PID=668) to work on /opt/airflow/dags/youtube_pipeline.py
[2026-07-25T01:21:14.022+0000] {processor.py:830} INFO - Processing file /opt/airflow/dags/youtube_pipeline.py for tasks to queue
[2026-07-25T01:21:14.055+0000] {logging_mixin.py:188} INFO - [2026-07-25T01:21:14.054+0000] {dagbag.py:545} INFO - Filling up the DagBag from /opt/airflow/dags/youtube_pipeline.py
[2026-07-25T01:21:15.959+0000] {processor.py:840} INFO - DAG(s) 'youtube_english_video_pipeline' retrieved from /opt/airflow/dags/youtube_pipeline.py
[2026-07-25T01:21:16.063+0000] {logging_mixin.py:188} INFO - [2026-07-25T01:21:16.063+0000] {dag.py:3089} INFO - Sync 1 DAGs
[2026-07-25T01:21:16.172+0000] {processor.py:183} INFO - Processing /opt/airflow/dags/youtube_pipeline.py took 2.200 seconds
[2026-07-25T01:21:49.161+0000] {processor.py:161} INFO - Started process (PID=674) to work on /opt/airflow/dags/youtube_pipeline.py
[2026-07-25T01:21:49.218+0000] {processor.py:830} INFO - Processing file /opt/airflow/dags/youtube_pipeline.py for tasks to queue
[2026-07-25T01:21:49.433+0000] {logging_mixin.py:188} INFO - [2026-07-25T01:21:49.432+0000] {dagbag.py:545} INFO - Filling up the DagBag from /opt/airflow/dags/youtube_pipeline.py
[2026-07-25T01:21:52.111+0000] {processor.py:840} INFO - DAG(s) 'youtube_english_video_pipeline' retrieved from /opt/airflow/dags/youtube_pipeline.py
[2026-07-25T01:21:52.368+0000] {logging_mixin.py:188} INFO - [2026-07-25T01:21:52.367+0000] {dag.py:3089} INFO - Sync 1 DAGs
[2026-07-25T01:21:52.836+0000] {processor.py:183} INFO - Processing /opt/airflow/dags/youtube_pipeline.py took 3.889 seconds
[2026-07-25T01:22:26.530+0000] {processor.py:161} INFO - Started process (PID=679) to work on /opt/airflow/dags/youtube_pipeline.py
[2026-07-25T01:22:26.556+0000] {processor.py:830} INFO - Processing file /opt/airflow/dags/youtube_pipeline.py for tasks to queue
[2026-07-25T01:22:26.572+0000] {logging_mixin.py:188} INFO - [2026-07-25T01:22:26.572+0000] {dagbag.py:545} INFO - Filling up the DagBag from /opt/airflow/dags/youtube_pipeline.py
[2026-07-25T01:22:27.181+0000] {processor.py:840} INFO - DAG(s) 'youtube_english_video_pipeline' retrieved from /opt/airflow/dags/youtube_pipeline.py
[2026-07-25T01:22:27.267+0000] {logging_mixin.py:188} INFO - [2026-07-25T01:22:27.266+0000] {dag.py:3089} INFO - Sync 1 DAGs
[2026-07-25T01:22:27.403+0000] {processor.py:183} INFO - Processing /opt/airflow/dags/youtube_pipeline.py took 0.899 seconds
[2026-07-25T01:22:59.523+0000] {processor.py:161} INFO - Started process (PID=684) to work on /opt/airflow/dags/youtube_pipeline.py
[2026-07-25T01:22:59.537+0000] {processor.py:830} INFO - Processing file /opt/airflow/dags/youtube_pipeline.py for tasks to queue
[2026-07-25T01:22:59.547+0000] {logging_mixin.py:188} INFO - [2026-07-25T01:22:59.546+0000] {dagbag.py:545} INFO - Filling up the DagBag from /opt/airflow/dags/youtube_pipeline.py
[2026-07-25T01:22:59.953+0000] {processor.py:840} INFO - DAG(s) 'youtube_english_video_pipeline' retrieved from /opt/airflow/dags/youtube_pipeline.py
[2026-07-25T01:23:00.002+0000] {logging_mixin.py:188} INFO - [2026-07-25T01:23:00.002+0000] {dag.py:3089} INFO - Sync 1 DAGs
[2026-07-25T01:23:00.077+0000] {processor.py:183} INFO - Processing /opt/airflow/dags/youtube_pipeline.py took 0.578 seconds
[2026-07-25T01:23:31.734+0000] {processor.py:161} INFO - Started process (PID=689) to work on /opt/airflow/dags/youtube_pipeline.py
[2026-07-25T01:23:31.746+0000] {processor.py:830} INFO - Processing file /opt/airflow/dags/youtube_pipeline.py for tasks to queue
[2026-07-25T01:23:31.759+0000] {logging_mixin.py:188} INFO - [2026-07-25T01:23:31.758+0000] {dagbag.py:545} INFO - Filling up the DagBag from /opt/airflow/dags/youtube_pipeline.py
[2026-07-25T01:23:32.184+0000] {processor.py:840} INFO - DAG(s) 'youtube_english_video_pipeline' retrieved from /opt/airflow/dags/youtube_pipeline.py
[2026-07-25T01:23:32.240+0000] {logging_mixin.py:188} INFO - [2026-07-25T01:23:32.240+0000] {dag.py:3089} INFO - Sync 1 DAGs
[2026-07-25T01:23:32.321+0000] {processor.py:183} INFO - Processing /opt/airflow/dags/youtube_pipeline.py took 0.614 seconds
[2026-07-25T01:24:04.889+0000] {processor.py:161} INFO - Started process (PID=694) to work on /opt/airflow/dags/youtube_pipeline.py
[2026-07-25T01:24:04.899+0000] {processor.py:830} INFO - Processing file /opt/airflow/dags/youtube_pipeline.py for tasks to queue
[2026-07-25T01:24:04.914+0000] {logging_mixin.py:188} INFO - [2026-07-25T01:24:04.914+0000] {dagbag.py:545} INFO - Filling up the DagBag from /opt/airflow/dags/youtube_pipeline.py
[2026-07-25T01:24:05.455+0000] {processor.py:840} INFO - DAG(s) 'youtube_english_video_pipeline' retrieved from /opt/airflow/dags/youtube_pipeline.py
[2026-07-25T01:24:05.539+0000] {logging_mixin.py:188} INFO - [2026-07-25T01:24:05.538+0000] {dag.py:3089} INFO - Sync 1 DAGs
[2026-07-25T01:24:05.670+0000] {processor.py:183} INFO - Processing /opt/airflow/dags/youtube_pipeline.py took 0.805 seconds
[2026-07-25T01:24:38.658+0000] {processor.py:161} INFO - Started process (PID=699) to work on /opt/airflow/dags/youtube_pipeline.py
[2026-07-25T01:24:38.755+0000] {processor.py:830} INFO - Processing file /opt/airflow/dags/youtube_pipeline.py for tasks to queue
[2026-07-25T01:24:38.803+0000] {logging_mixin.py:188} INFO - [2026-07-25T01:24:38.802+0000] {dagbag.py:545} INFO - Filling up the DagBag from /opt/airflow/dags/youtube_pipeline.py
[2026-07-25T01:24:39.799+0000] {processor.py:840} INFO - DAG(s) 'youtube_english_video_pipeline' retrieved from /opt/airflow/dags/youtube_pipeline.py
[2026-07-25T01:24:40.102+0000] {logging_mixin.py:188} INFO - [2026-07-25T01:24:40.101+0000] {dag.py:3089} INFO - Sync 1 DAGs
[2026-07-25T01:24:40.657+0000] {processor.py:183} INFO - Processing /opt/airflow/dags/youtube_pipeline.py took 2.140 seconds
[2026-07-25T01:25:13.775+0000] {processor.py:161} INFO - Started process (PID=704) to work on /opt/airflow/dags/youtube_pipeline.py
[2026-07-25T01:25:13.795+0000] {processor.py:830} INFO - Processing file /opt/airflow/dags/youtube_pipeline.py for tasks to queue
[2026-07-25T01:25:13.826+0000] {logging_mixin.py:188} INFO - [2026-07-25T01:25:13.825+0000] {dagbag.py:545} INFO - Filling up the DagBag from /opt/airflow/dags/youtube_pipeline.py
[2026-07-25T01:25:14.314+0000] {processor.py:840} INFO - DAG(s) 'youtube_english_video_pipeline' retrieved from /opt/airflow/dags/youtube_pipeline.py
[2026-07-25T01:25:14.419+0000] {logging_mixin.py:188} INFO - [2026-07-25T01:25:14.419+0000] {dag.py:3089} INFO - Sync 1 DAGs
[2026-07-25T01:25:14.552+0000] {processor.py:183} INFO - Processing /opt/airflow/dags/youtube_pipeline.py took 0.794 seconds
[2026-07-25T01:25:47.902+0000] {processor.py:161} INFO - Started process (PID=709) to work on /opt/airflow/dags/youtube_pipeline.py
[2026-07-25T01:25:48.008+0000] {processor.py:830} INFO - Processing file /opt/airflow/dags/youtube_pipeline.py for tasks to queue
[2026-07-25T01:25:48.056+0000] {logging_mixin.py:188} INFO - [2026-07-25T01:25:48.056+0000] {dagbag.py:545} INFO - Filling up the DagBag from /opt/airflow/dags/youtube_pipeline.py
[2026-07-25T01:25:49.870+0000] {processor.py:840} INFO - DAG(s) 'youtube_english_video_pipeline' retrieved from /opt/airflow/dags/youtube_pipeline.py
[2026-07-25T01:25:49.972+0000] {logging_mixin.py:188} INFO - [2026-07-25T01:25:49.972+0000] {dag.py:3089} INFO - Sync 1 DAGs
[2026-07-25T01:25:50.515+0000] {processor.py:183} INFO - Processing /opt/airflow/dags/youtube_pipeline.py took 2.704 seconds
[2026-07-25T01:26:25.680+0000] {processor.py:161} INFO - Started process (PID=714) to work on /opt/airflow/dags/youtube_pipeline.py
[2026-07-25T01:26:25.693+0000] {processor.py:830} INFO - Processing file /opt/airflow/dags/youtube_pipeline.py for tasks to queue
[2026-07-25T01:26:25.702+0000] {logging_mixin.py:188} INFO - [2026-07-25T01:26:25.701+0000] {dagbag.py:545} INFO - Filling up the DagBag from /opt/airflow/dags/youtube_pipeline.py
[2026-07-25T01:26:26.914+0000] {processor.py:840} INFO - DAG(s) 'youtube_english_video_pipeline' retrieved from /opt/airflow/dags/youtube_pipeline.py
[2026-07-25T01:26:27.048+0000] {logging_mixin.py:188} INFO - [2026-07-25T01:26:27.047+0000] {dag.py:3089} INFO - Sync 1 DAGs
[2026-07-25T01:26:27.164+0000] {processor.py:183} INFO - Processing /opt/airflow/dags/youtube_pipeline.py took 1.500 seconds
[2026-07-25T01:27:00.271+0000] {processor.py:161} INFO - Started process (PID=719) to work on /opt/airflow/dags/youtube_pipeline.py
[2026-07-25T01:27:00.289+0000] {processor.py:830} INFO - Processing file /opt/airflow/dags/youtube_pipeline.py for tasks to queue
[2026-07-25T01:27:00.303+0000] {logging_mixin.py:188} INFO - [2026-07-25T01:27:00.303+0000] {dagbag.py:545} INFO - Filling up the DagBag from /opt/airflow/dags/youtube_pipeline.py
[2026-07-25T01:27:01.015+0000] {processor.py:840} INFO - DAG(s) 'youtube_english_video_pipeline' retrieved from /opt/airflow/dags/youtube_pipeline.py
[2026-07-25T01:27:01.117+0000] {logging_mixin.py:188} INFO - [2026-07-25T01:27:01.116+0000] {dag.py:3089} INFO - Sync 1 DAGs
[2026-07-25T01:27:01.230+0000] {processor.py:183} INFO - Processing /opt/airflow/dags/youtube_pipeline.py took 0.992 seconds
[2026-07-25T01:27:34.247+0000] {processor.py:161} INFO - Started process (PID=724) to work on /opt/airflow/dags/youtube_pipeline.py
[2026-07-25T01:27:34.278+0000] {processor.py:830} INFO - Processing file /opt/airflow/dags/youtube_pipeline.py for tasks to queue
[2026-07-25T01:27:34.295+0000] {logging_mixin.py:188} INFO - [2026-07-25T01:27:34.294+0000] {dagbag.py:545} INFO - Filling up the DagBag from /opt/airflow/dags/youtube_pipeline.py
[2026-07-25T01:27:34.940+0000] {processor.py:840} INFO - DAG(s) 'youtube_english_video_pipeline' retrieved from /opt/airflow/dags/youtube_pipeline.py
[2026-07-25T01:27:35.021+0000] {logging_mixin.py:188} INFO - [2026-07-25T01:27:35.021+0000] {dag.py:3089} INFO - Sync 1 DAGs
[2026-07-25T01:27:35.130+0000] {processor.py:183} INFO - Processing /opt/airflow/dags/youtube_pipeline.py took 0.903 seconds
[2026-07-25T01:28:08.099+0000] {processor.py:161} INFO - Started process (PID=757) to work on /opt/airflow/dags/youtube_pipeline.py
[2026-07-25T01:28:08.229+0000] {processor.py:830} INFO - Processing file /opt/airflow/dags/youtube_pipeline.py for tasks to queue
[2026-07-25T01:28:08.411+0000] {logging_mixin.py:188} INFO - [2026-07-25T01:28:08.410+0000] {dagbag.py:545} INFO - Filling up the DagBag from /opt/airflow/dags/youtube_pipeline.py
[2026-07-25T01:28:13.774+0000] {processor.py:840} INFO - DAG(s) 'youtube_english_video_pipeline' retrieved from /opt/airflow/dags/youtube_pipeline.py
[2026-07-25T01:28:13.859+0000] {logging_mixin.py:188} INFO - [2026-07-25T01:28:13.859+0000] {dag.py:3089} INFO - Sync 1 DAGs
[2026-07-25T01:28:14.238+0000] {processor.py:183} INFO - Processing /opt/airflow/dags/youtube_pipeline.py took 6.360 seconds
[2026-07-25T01:28:48.394+0000] {processor.py:161} INFO - Started process (PID=763) to work on /opt/airflow/dags/youtube_pipeline.py
[2026-07-25T01:28:48.431+0000] {processor.py:830} INFO - Processing file /opt/airflow/dags/youtube_pipeline.py for tasks to queue
[2026-07-25T01:28:48.456+0000] {logging_mixin.py:188} INFO - [2026-07-25T01:28:48.455+0000] {dagbag.py:545} INFO - Filling up the DagBag from /opt/airflow/dags/youtube_pipeline.py
[2026-07-25T01:28:49.900+0000] {processor.py:840} INFO - DAG(s) 'youtube_english_video_pipeline' retrieved from /opt/airflow/dags/youtube_pipeline.py
[2026-07-25T01:28:50.209+0000] {logging_mixin.py:188} INFO - [2026-07-25T01:28:50.208+0000] {dag.py:3089} INFO - Sync 1 DAGs
[2026-07-25T01:28:50.580+0000] {processor.py:183} INFO - Processing /opt/airflow/dags/youtube_pipeline.py took 2.264 seconds
[2026-07-25T01:29:21.789+0000] {processor.py:161} INFO - Started process (PID=768) to work on /opt/airflow/dags/youtube_pipeline.py
[2026-07-25T01:29:21.801+0000] {processor.py:830} INFO - Processing file /opt/airflow/dags/youtube_pipeline.py for tasks to queue
[2026-07-25T01:29:21.827+0000] {logging_mixin.py:188} INFO - [2026-07-25T01:29:21.827+0000] {dagbag.py:545} INFO - Filling up the DagBag from /opt/airflow/dags/youtube_pipeline.py
[2026-07-25T01:29:22.348+0000] {processor.py:840} INFO - DAG(s) 'youtube_english_video_pipeline' retrieved from /opt/airflow/dags/youtube_pipeline.py
[2026-07-25T01:29:22.425+0000] {logging_mixin.py:188} INFO - [2026-07-25T01:29:22.425+0000] {dag.py:3089} INFO - Sync 1 DAGs
[2026-07-25T01:29:22.529+0000] {processor.py:183} INFO - Processing /opt/airflow/dags/youtube_pipeline.py took 0.762 seconds
[2026-07-25T01:29:55.875+0000] {processor.py:161} INFO - Started process (PID=773) to work on /opt/airflow/dags/youtube_pipeline.py
[2026-07-25T01:29:55.898+0000] {processor.py:830} INFO - Processing file /opt/airflow/dags/youtube_pipeline.py for tasks to queue
[2026-07-25T01:29:55.914+0000] {logging_mixin.py:188} INFO - [2026-07-25T01:29:55.914+0000] {dagbag.py:545} INFO - Filling up the DagBag from /opt/airflow/dags/youtube_pipeline.py
[2026-07-25T01:29:56.679+0000] {processor.py:840} INFO - DAG(s) 'youtube_english_video_pipeline' retrieved from /opt/airflow/dags/youtube_pipeline.py
[2026-07-25T01:29:56.745+0000] {logging_mixin.py:188} INFO - [2026-07-25T01:29:56.745+0000] {dag.py:3089} INFO - Sync 1 DAGs
[2026-07-25T01:29:56.845+0000] {processor.py:183} INFO - Processing /opt/airflow/dags/youtube_pipeline.py took 1.010 seconds
[2026-07-25T01:30:28.309+0000] {processor.py:161} INFO - Started process (PID=778) to work on /opt/airflow/dags/youtube_pipeline.py
[2026-07-25T01:30:28.321+0000] {processor.py:830} INFO - Processing file /opt/airflow/dags/youtube_pipeline.py for tasks to queue
[2026-07-25T01:30:28.332+0000] {logging_mixin.py:188} INFO - [2026-07-25T01:30:28.331+0000] {dagbag.py:545} INFO - Filling up the DagBag from /opt/airflow/dags/youtube_pipeline.py
[2026-07-25T01:30:28.515+0000] {processor.py:840} INFO - DAG(s) 'youtube_english_video_pipeline' retrieved from /opt/airflow/dags/youtube_pipeline.py
[2026-07-25T01:30:28.565+0000] {logging_mixin.py:188} INFO - [2026-07-25T01:30:28.564+0000] {dag.py:3089} INFO - Sync 1 DAGs
[2026-07-25T01:30:28.646+0000] {processor.py:183} INFO - Processing /opt/airflow/dags/youtube_pipeline.py took 0.352 seconds
[2026-07-25T01:31:06.047+0000] {processor.py:161} INFO - Started process (PID=783) to work on /opt/airflow/dags/youtube_pipeline.py
[2026-07-25T01:31:06.159+0000] {processor.py:830} INFO - Processing file /opt/airflow/dags/youtube_pipeline.py for tasks to queue
[2026-07-25T01:31:08.889+0000] {logging_mixin.py:188} INFO - [2026-07-25T01:31:08.888+0000] {dagbag.py:545} INFO - Filling up the DagBag from /opt/airflow/dags/youtube_pipeline.py
[2026-07-25T01:31:10.818+0000] {processor.py:840} INFO - DAG(s) 'youtube_english_video_pipeline' retrieved from /opt/airflow/dags/youtube_pipeline.py
[2026-07-25T01:31:10.883+0000] {logging_mixin.py:188} INFO - [2026-07-25T01:31:10.883+0000] {dag.py:3089} INFO - Sync 1 DAGs
[2026-07-25T01:31:10.994+0000] {processor.py:183} INFO - Processing /opt/airflow/dags/youtube_pipeline.py took 5.042 seconds
[2026-07-25T01:31:47.055+0000] {processor.py:161} INFO - Started process (PID=789) to work on /opt/airflow/dags/youtube_pipeline.py
[2026-07-25T01:31:47.130+0000] {processor.py:830} INFO - Processing file /opt/airflow/dags/youtube_pipeline.py for tasks to queue
[2026-07-25T01:31:47.341+0000] {logging_mixin.py:188} INFO - [2026-07-25T01:31:47.340+0000] {dagbag.py:545} INFO - Filling up the DagBag from /opt/airflow/dags/youtube_pipeline.py
[2026-07-25T01:31:50.978+0000] {processor.py:840} INFO - DAG(s) 'youtube_english_video_pipeline' retrieved from /opt/airflow/dags/youtube_pipeline.py
[2026-07-25T01:31:51.057+0000] {logging_mixin.py:188} INFO - [2026-07-25T01:31:51.057+0000] {dag.py:3089} INFO - Sync 1 DAGs
[2026-07-25T01:31:51.197+0000] {processor.py:183} INFO - Processing /opt/airflow/dags/youtube_pipeline.py took 4.306 seconds
[2026-07-25T01:32:22.852+0000] {processor.py:161} INFO - Started process (PID=799) to work on /opt/airflow/dags/youtube_pipeline.py
[2026-07-25T01:32:22.890+0000] {processor.py:830} INFO - Processing file /opt/airflow/dags/youtube_pipeline.py for tasks to queue
[2026-07-25T01:32:22.968+0000] {logging_mixin.py:188} INFO - [2026-07-25T01:32:22.968+0000] {dagbag.py:545} INFO - Filling up the DagBag from /opt/airflow/dags/youtube_pipeline.py
[2026-07-25T01:32:25.514+0000] {processor.py:840} INFO - DAG(s) 'youtube_english_video_pipeline' retrieved from /opt/airflow/dags/youtube_pipeline.py
[2026-07-25T01:32:25.566+0000] {logging_mixin.py:188} INFO - [2026-07-25T01:32:25.566+0000] {dag.py:3089} INFO - Sync 1 DAGs
[2026-07-25T01:32:25.601+0000] {logging_mixin.py:188} INFO - [2026-07-25T01:32:25.600+0000] {dag.py:3947} INFO - Setting next_dagrun for youtube_english_video_pipeline to 2026-07-24 12:00:00+00:00, run_after=2026-07-25 12:00:00+00:00
[2026-07-25T01:32:25.729+0000] {processor.py:183} INFO - Processing /opt/airflow/dags/youtube_pipeline.py took 2.926 seconds
[2026-07-25T01:33:02.849+0000] {processor.py:161} INFO - Started process (PID=804) to work on /opt/airflow/dags/youtube_pipeline.py
[2026-07-25T01:33:02.879+0000] {processor.py:830} INFO - Processing file /opt/airflow/dags/youtube_pipeline.py for tasks to queue
[2026-07-25T01:33:02.951+0000] {logging_mixin.py:188} INFO - [2026-07-25T01:33:02.950+0000] {dagbag.py:545} INFO - Filling up the DagBag from /opt/airflow/dags/youtube_pipeline.py
[2026-07-25T01:33:04.240+0000] {processor.py:840} INFO - DAG(s) 'youtube_english_video_pipeline' retrieved from /opt/airflow/dags/youtube_pipeline.py
[2026-07-25T01:33:04.323+0000] {logging_mixin.py:188} INFO - [2026-07-25T01:33:04.322+0000] {dag.py:3089} INFO - Sync 1 DAGs
[2026-07-25T01:33:04.379+0000] {logging_mixin.py:188} INFO - [2026-07-25T01:33:04.378+0000] {dag.py:3947} INFO - Setting next_dagrun for youtube_english_video_pipeline to 2026-07-24 12:00:00+00:00, run_after=2026-07-25 12:00:00+00:00
[2026-07-25T01:33:04.440+0000] {processor.py:183} INFO - Processing /opt/airflow/dags/youtube_pipeline.py took 1.726 seconds
[2026-07-25T01:33:39.665+0000] {processor.py:161} INFO - Started process (PID=809) to work on /opt/airflow/dags/youtube_pipeline.py
[2026-07-25T01:33:39.889+0000] {processor.py:830} INFO - Processing file /opt/airflow/dags/youtube_pipeline.py for tasks to queue
[2026-07-25T01:33:39.970+0000] {logging_mixin.py:188} INFO - [2026-07-25T01:33:39.970+0000] {dagbag.py:545} INFO - Filling up the DagBag from /opt/airflow/dags/youtube_pipeline.py
[2026-07-25T01:33:42.609+0000] {processor.py:840} INFO - DAG(s) 'youtube_english_video_pipeline' retrieved from /opt/airflow/dags/youtube_pipeline.py
[2026-07-25T01:33:42.734+0000] {logging_mixin.py:188} INFO - [2026-07-25T01:33:42.734+0000] {dag.py:3089} INFO - Sync 1 DAGs
[2026-07-25T01:33:42.819+0000] {logging_mixin.py:188} INFO - [2026-07-25T01:33:42.819+0000] {dag.py:3947} INFO - Setting next_dagrun for youtube_english_video_pipeline to 2026-07-24 12:00:00+00:00, run_after=2026-07-25 12:00:00+00:00
[2026-07-25T01:33:42.994+0000] {processor.py:183} INFO - Processing /opt/airflow/dags/youtube_pipeline.py took 3.427 seconds
[2026-07-25T01:34:17.363+0000] {processor.py:161} INFO - Started process (PID=814) to work on /opt/airflow/dags/youtube_pipeline.py
[2026-07-25T01:34:17.388+0000] {processor.py:830} INFO - Processing file /opt/airflow/dags/youtube_pipeline.py for tasks to queue
[2026-07-25T01:34:17.425+0000] {logging_mixin.py:188} INFO - [2026-07-25T01:34:17.424+0000] {dagbag.py:545} INFO - Filling up the DagBag from /opt/airflow/dags/youtube_pipeline.py
[2026-07-25T01:34:18.702+0000] {processor.py:840} INFO - DAG(s) 'youtube_english_video_pipeline' retrieved from /opt/airflow/dags/youtube_pipeline.py
[2026-07-25T01:34:18.795+0000] {logging_mixin.py:188} INFO - [2026-07-25T01:34:18.795+0000] {dag.py:3089} INFO - Sync 1 DAGs
[2026-07-25T01:34:18.856+0000] {logging_mixin.py:188} INFO - [2026-07-25T01:34:18.856+0000] {dag.py:3947} INFO - Setting next_dagrun for youtube_english_video_pipeline to 2026-07-24 12:00:00+00:00, run_after=2026-07-25 12:00:00+00:00
[2026-07-25T01:34:18.934+0000] {processor.py:183} INFO - Processing /opt/airflow/dags/youtube_pipeline.py took 1.615 seconds
[2026-07-25T01:34:54.850+0000] {processor.py:161} INFO - Started process (PID=819) to work on /opt/airflow/dags/youtube_pipeline.py
[2026-07-25T01:34:55.029+0000] {processor.py:830} INFO - Processing file /opt/airflow/dags/youtube_pipeline.py for tasks to queue
[2026-07-25T01:34:55.119+0000] {logging_mixin.py:188} INFO - [2026-07-25T01:34:55.118+0000] {dagbag.py:545} INFO - Filling up the DagBag from /opt/airflow/dags/youtube_pipeline.py
[2026-07-25T01:34:56.060+0000] {processor.py:840} INFO - DAG(s) 'youtube_english_video_pipeline' retrieved from /opt/airflow/dags/youtube_pipeline.py
[2026-07-25T01:34:56.120+0000] {logging_mixin.py:188} INFO - [2026-07-25T01:34:56.120+0000] {dag.py:3089} INFO - Sync 1 DAGs
[2026-07-25T01:34:56.170+0000] {logging_mixin.py:188} INFO - [2026-07-25T01:34:56.170+0000] {dag.py:3947} INFO - Setting next_dagrun for youtube_english_video_pipeline to 2026-07-24 12:00:00+00:00, run_after=2026-07-25 12:00:00+00:00
[2026-07-25T01:34:56.235+0000] {processor.py:183} INFO - Processing /opt/airflow/dags/youtube_pipeline.py took 1.534 seconds
[2026-07-25T01:35:29.260+0000] {processor.py:161} INFO - Started process (PID=824) to work on /opt/airflow/dags/youtube_pipeline.py
[2026-07-25T01:35:29.279+0000] {processor.py:830} INFO - Processing file /opt/airflow/dags/youtube_pipeline.py for tasks to queue
[2026-07-25T01:35:29.296+0000] {logging_mixin.py:188} INFO - [2026-07-25T01:35:29.295+0000] {dagbag.py:545} INFO - Filling up the DagBag from /opt/airflow/dags/youtube_pipeline.py
[2026-07-25T01:35:29.873+0000] {processor.py:840} INFO - DAG(s) 'youtube_english_video_pipeline' retrieved from /opt/airflow/dags/youtube_pipeline.py
[2026-07-25T01:35:29.966+0000] {logging_mixin.py:188} INFO - [2026-07-25T01:35:29.966+0000] {dag.py:3089} INFO - Sync 1 DAGs
[2026-07-25T01:35:30.017+0000] {logging_mixin.py:188} INFO - [2026-07-25T01:35:30.016+0000] {dag.py:3947} INFO - Setting next_dagrun for youtube_english_video_pipeline to 2026-07-24 12:00:00+00:00, run_after=2026-07-25 12:00:00+00:00
[2026-07-25T01:35:30.083+0000] {processor.py:183} INFO - Processing /opt/airflow/dags/youtube_pipeline.py took 0.850 seconds
[2026-07-25T01:36:02.631+0000] {processor.py:161} INFO - Started process (PID=830) to work on /opt/airflow/dags/youtube_pipeline.py
[2026-07-25T01:36:02.739+0000] {processor.py:830} INFO - Processing file /opt/airflow/dags/youtube_pipeline.py for tasks to queue
[2026-07-25T01:36:02.796+0000] {logging_mixin.py:188} INFO - [2026-07-25T01:36:02.795+0000] {dagbag.py:545} INFO - Filling up the DagBag from /opt/airflow/dags/youtube_pipeline.py
[2026-07-25T01:36:06.261+0000] {processor.py:840} INFO - DAG(s) 'youtube_english_video_pipeline' retrieved from /opt/airflow/dags/youtube_pipeline.py
[2026-07-25T01:36:06.349+0000] {logging_mixin.py:188} INFO - [2026-07-25T01:36:06.349+0000] {dag.py:3089} INFO - Sync 1 DAGs
[2026-07-25T01:36:06.453+0000] {processor.py:183} INFO - Processing /opt/airflow/dags/youtube_pipeline.py took 3.898 seconds
[2026-07-25T01:36:37.848+0000] {processor.py:161} INFO - Started process (PID=842) to work on /opt/airflow/dags/youtube_pipeline.py
[2026-07-25T01:36:37.885+0000] {processor.py:830} INFO - Processing file /opt/airflow/dags/youtube_pipeline.py for tasks to queue
[2026-07-25T01:36:37.939+0000] {logging_mixin.py:188} INFO - [2026-07-25T01:36:37.938+0000] {dagbag.py:545} INFO - Filling up the DagBag from /opt/airflow/dags/youtube_pipeline.py
[2026-07-25T01:36:39.923+0000] {processor.py:840} INFO - DAG(s) 'youtube_english_video_pipeline' retrieved from /opt/airflow/dags/youtube_pipeline.py
[2026-07-25T01:36:40.016+0000] {logging_mixin.py:188} INFO - [2026-07-25T01:36:40.016+0000] {dag.py:3089} INFO - Sync 1 DAGs
[2026-07-25T01:36:40.175+0000] {processor.py:183} INFO - Processing /opt/airflow/dags/youtube_pipeline.py took 2.360 seconds
[2026-07-25T01:37:13.263+0000] {processor.py:161} INFO - Started process (PID=854) to work on /opt/airflow/dags/youtube_pipeline.py
[2026-07-25T01:37:13.276+0000] {processor.py:830} INFO - Processing file /opt/airflow/dags/youtube_pipeline.py for tasks to queue
[2026-07-25T01:37:13.298+0000] {logging_mixin.py:188} INFO - [2026-07-25T01:37:13.297+0000] {dagbag.py:545} INFO - Filling up the DagBag from /opt/airflow/dags/youtube_pipeline.py
[2026-07-25T01:37:14.366+0000] {processor.py:840} INFO - DAG(s) 'youtube_english_video_pipeline' retrieved from /opt/airflow/dags/youtube_pipeline.py
[2026-07-25T01:37:14.543+0000] {logging_mixin.py:188} INFO - [2026-07-25T01:37:14.542+0000] {dag.py:3089} INFO - Sync 1 DAGs
[2026-07-25T01:37:14.726+0000] {processor.py:183} INFO - Processing /opt/airflow/dags/youtube_pipeline.py took 1.485 seconds
[2026-07-25T01:37:48.548+0000] {processor.py:161} INFO - Started process (PID=1007) to work on /opt/airflow/dags/youtube_pipeline.py
[2026-07-25T01:37:48.595+0000] {processor.py:830} INFO - Processing file /opt/airflow/dags/youtube_pipeline.py for tasks to queue
[2026-07-25T01:37:48.679+0000] {logging_mixin.py:188} INFO - [2026-07-25T01:37:48.679+0000] {dagbag.py:545} INFO - Filling up the DagBag from /opt/airflow/dags/youtube_pipeline.py
[2026-07-25T01:37:50.638+0000] {processor.py:840} INFO - DAG(s) 'youtube_english_video_pipeline' retrieved from /opt/airflow/dags/youtube_pipeline.py
[2026-07-25T01:37:50.789+0000] {logging_mixin.py:188} INFO - [2026-07-25T01:37:50.789+0000] {dag.py:3089} INFO - Sync 1 DAGs
[2026-07-25T01:37:51.058+0000] {processor.py:183} INFO - Processing /opt/airflow/dags/youtube_pipeline.py took 2.553 seconds
[2026-07-25T01:38:24.605+0000] {processor.py:161} INFO - Started process (PID=1159) to work on /opt/airflow/dags/youtube_pipeline.py
[2026-07-25T01:38:24.608+0000] {processor.py:830} INFO - Processing file /opt/airflow/dags/youtube_pipeline.py for tasks to queue
[2026-07-25T01:38:24.611+0000] {logging_mixin.py:188} INFO - [2026-07-25T01:38:24.611+0000] {dagbag.py:545} INFO - Filling up the DagBag from /opt/airflow/dags/youtube_pipeline.py
[2026-07-25T01:38:26.249+0000] {processor.py:840} INFO - DAG(s) 'youtube_english_video_pipeline' retrieved from /opt/airflow/dags/youtube_pipeline.py
[2026-07-25T01:38:26.659+0000] {logging_mixin.py:188} INFO - [2026-07-25T01:38:26.659+0000] {dag.py:3089} INFO - Sync 1 DAGs
[2026-07-25T01:38:27.384+0000] {processor.py:183} INFO - Processing /opt/airflow/dags/youtube_pipeline.py took 2.789 seconds
[2026-07-25T01:38:58.491+0000] {processor.py:161} INFO - Started process (PID=1164) to work on /opt/airflow/dags/youtube_pipeline.py
[2026-07-25T01:38:58.733+0000] {processor.py:830} INFO - Processing file /opt/airflow/dags/youtube_pipeline.py for tasks to queue
[2026-07-25T01:38:59.046+0000] {logging_mixin.py:188} INFO - [2026-07-25T01:38:59.028+0000] {dagbag.py:545} INFO - Filling up the DagBag from /opt/airflow/dags/youtube_pipeline.py
[2026-07-25T01:38:59.683+0000] {processor.py:840} INFO - DAG(s) 'youtube_english_video_pipeline' retrieved from /opt/airflow/dags/youtube_pipeline.py
[2026-07-25T01:38:59.815+0000] {logging_mixin.py:188} INFO - [2026-07-25T01:38:59.815+0000] {dag.py:3089} INFO - Sync 1 DAGs
[2026-07-25T01:38:59.971+0000] {processor.py:183} INFO - Processing /opt/airflow/dags/youtube_pipeline.py took 1.582 seconds
[2026-07-25T01:39:35.347+0000] {processor.py:161} INFO - Started process (PID=1169) to work on /opt/airflow/dags/youtube_pipeline.py
[2026-07-25T01:39:35.715+0000] {processor.py:830} INFO - Processing file /opt/airflow/dags/youtube_pipeline.py for tasks to queue
[2026-07-25T01:39:35.972+0000] {logging_mixin.py:188} INFO - [2026-07-25T01:39:35.971+0000] {dagbag.py:545} INFO - Filling up the DagBag from /opt/airflow/dags/youtube_pipeline.py
[2026-07-25T01:39:37.273+0000] {processor.py:840} INFO - DAG(s) 'youtube_english_video_pipeline' retrieved from /opt/airflow/dags/youtube_pipeline.py
[2026-07-25T01:39:37.337+0000] {logging_mixin.py:188} INFO - [2026-07-25T01:39:37.337+0000] {dag.py:3089} INFO - Sync 1 DAGs
[2026-07-25T01:39:37.431+0000] {processor.py:183} INFO - Processing /opt/airflow/dags/youtube_pipeline.py took 2.188 seconds
[2026-07-25T01:40:14.867+0000] {processor.py:161} INFO - Started process (PID=1276) to work on /opt/airflow/dags/youtube_pipeline.py
[2026-07-25T01:40:14.922+0000] {processor.py:830} INFO - Processing file /opt/airflow/dags/youtube_pipeline.py for tasks to queue
[2026-07-25T01:40:14.984+0000] {logging_mixin.py:188} INFO - [2026-07-25T01:40:14.983+0000] {dagbag.py:545} INFO - Filling up the DagBag from /opt/airflow/dags/youtube_pipeline.py
[2026-07-25T01:40:19.096+0000] {processor.py:840} INFO - DAG(s) 'youtube_english_video_pipeline' retrieved from /opt/airflow/dags/youtube_pipeline.py
[2026-07-25T01:40:19.285+0000] {logging_mixin.py:188} INFO - [2026-07-25T01:40:19.285+0000] {dag.py:3089} INFO - Sync 1 DAGs
[2026-07-25T01:40:19.877+0000] {processor.py:183} INFO - Processing /opt/airflow/dags/youtube_pipeline.py took 5.036 seconds
[2026-07-25T01:40:54.930+0000] {processor.py:161} INFO - Started process (PID=1281) to work on /opt/airflow/dags/youtube_pipeline.py
[2026-07-25T01:40:55.207+0000] {processor.py:830} INFO - Processing file /opt/airflow/dags/youtube_pipeline.py for tasks to queue
[2026-07-25T01:40:55.353+0000] {logging_mixin.py:188} INFO - [2026-07-25T01:40:55.352+0000] {dagbag.py:545} INFO - Filling up the DagBag from /opt/airflow/dags/youtube_pipeline.py
[2026-07-25T01:40:57.961+0000] {processor.py:840} INFO - DAG(s) 'youtube_english_video_pipeline' retrieved from /opt/airflow/dags/youtube_pipeline.py
[2026-07-25T01:40:58.094+0000] {logging_mixin.py:188} INFO - [2026-07-25T01:40:58.094+0000] {dag.py:3089} INFO - Sync 1 DAGs
[2026-07-25T01:40:58.403+0000] {processor.py:183} INFO - Processing /opt/airflow/dags/youtube_pipeline.py took 3.720 seconds
[2026-07-25T01:41:28.858+0000] {processor.py:161} INFO - Started process (PID=1290) to work on /opt/airflow/dags/youtube_pipeline.py
[2026-07-25T01:41:28.885+0000] {processor.py:830} INFO - Processing file /opt/airflow/dags/youtube_pipeline.py for tasks to queue
[2026-07-25T01:41:28.924+0000] {logging_mixin.py:188} INFO - [2026-07-25T01:41:28.923+0000] {dagbag.py:545} INFO - Filling up the DagBag from /opt/airflow/dags/youtube_pipeline.py
[2026-07-25T01:41:31.584+0000] {processor.py:840} INFO - DAG(s) 'youtube_english_video_pipeline' retrieved from /opt/airflow/dags/youtube_pipeline.py
[2026-07-25T01:41:31.650+0000] {logging_mixin.py:188} INFO - [2026-07-25T01:41:31.649+0000] {dag.py:3089} INFO - Sync 1 DAGs
[2026-07-25T01:41:31.895+0000] {processor.py:183} INFO - Processing /opt/airflow/dags/youtube_pipeline.py took 3.051 seconds
[2026-07-25T01:42:07.198+0000] {processor.py:161} INFO - Started process (PID=1442) to work on /opt/airflow/dags/youtube_pipeline.py
[2026-07-25T01:42:07.535+0000] {processor.py:830} INFO - Processing file /opt/airflow/dags/youtube_pipeline.py for tasks to queue
[2026-07-25T01:42:07.761+0000] {logging_mixin.py:188} INFO - [2026-07-25T01:42:07.761+0000] {dagbag.py:545} INFO - Filling up the DagBag from /opt/airflow/dags/youtube_pipeline.py
[2026-07-25T01:42:08.880+0000] {processor.py:840} INFO - DAG(s) 'youtube_english_video_pipeline' retrieved from /opt/airflow/dags/youtube_pipeline.py
[2026-07-25T01:42:08.945+0000] {logging_mixin.py:188} INFO - [2026-07-25T01:42:08.944+0000] {dag.py:3089} INFO - Sync 1 DAGs
[2026-07-25T01:42:09.020+0000] {processor.py:183} INFO - Processing /opt/airflow/dags/youtube_pipeline.py took 1.932 seconds
[2026-07-25T01:42:44.001+0000] {processor.py:161} INFO - Started process (PID=1447) to work on /opt/airflow/dags/youtube_pipeline.py
[2026-07-25T01:42:44.009+0000] {processor.py:830} INFO - Processing file /opt/airflow/dags/youtube_pipeline.py for tasks to queue
[2026-07-25T01:42:44.019+0000] {logging_mixin.py:188} INFO - [2026-07-25T01:42:44.019+0000] {dagbag.py:545} INFO - Filling up the DagBag from /opt/airflow/dags/youtube_pipeline.py
[2026-07-25T01:42:44.443+0000] {processor.py:840} INFO - DAG(s) 'youtube_english_video_pipeline' retrieved from /opt/airflow/dags/youtube_pipeline.py
[2026-07-25T01:42:44.498+0000] {logging_mixin.py:188} INFO - [2026-07-25T01:42:44.497+0000] {dag.py:3089} INFO - Sync 1 DAGs
[2026-07-25T01:42:44.585+0000] {processor.py:183} INFO - Processing /opt/airflow/dags/youtube_pipeline.py took 0.599 seconds
[2026-07-25T01:43:17.804+0000] {processor.py:161} INFO - Started process (PID=1452) to work on /opt/airflow/dags/youtube_pipeline.py
[2026-07-25T01:43:17.805+0000] {processor.py:830} INFO - Processing file /opt/airflow/dags/youtube_pipeline.py for tasks to queue
[2026-07-25T01:43:17.807+0000] {logging_mixin.py:188} INFO - [2026-07-25T01:43:17.807+0000] {dagbag.py:545} INFO - Filling up the DagBag from /opt/airflow/dags/youtube_pipeline.py
[2026-07-25T01:43:18.570+0000] {processor.py:840} INFO - DAG(s) 'youtube_english_video_pipeline' retrieved from /opt/airflow/dags/youtube_pipeline.py
[2026-07-25T01:43:18.612+0000] {logging_mixin.py:188} INFO - [2026-07-25T01:43:18.612+0000] {dag.py:3089} INFO - Sync 1 DAGs
[2026-07-25T01:43:18.675+0000] {processor.py:183} INFO - Processing /opt/airflow/dags/youtube_pipeline.py took 0.877 seconds
[2026-07-25T01:43:50.233+0000] {processor.py:161} INFO - Started process (PID=1457) to work on /opt/airflow/dags/youtube_pipeline.py
[2026-07-25T01:43:50.351+0000] {processor.py:830} INFO - Processing file /opt/airflow/dags/youtube_pipeline.py for tasks to queue
[2026-07-25T01:43:50.396+0000] {logging_mixin.py:188} INFO - [2026-07-25T01:43:50.395+0000] {dagbag.py:545} INFO - Filling up the DagBag from /opt/airflow/dags/youtube_pipeline.py
[2026-07-25T01:43:51.093+0000] {processor.py:840} INFO - DAG(s) 'youtube_english_video_pipeline' retrieved from /opt/airflow/dags/youtube_pipeline.py
[2026-07-25T01:43:51.127+0000] {logging_mixin.py:188} INFO - [2026-07-25T01:43:51.127+0000] {dag.py:3089} INFO - Sync 1 DAGs
[2026-07-25T01:43:51.204+0000] {processor.py:183} INFO - Processing /opt/airflow/dags/youtube_pipeline.py took 1.027 seconds
[2026-07-25T01:44:23.517+0000] {processor.py:161} INFO - Started process (PID=1462) to work on /opt/airflow/dags/youtube_pipeline.py
[2026-07-25T01:44:23.540+0000] {processor.py:830} INFO - Processing file /opt/airflow/dags/youtube_pipeline.py for tasks to queue
[2026-07-25T01:44:23.559+0000] {logging_mixin.py:188} INFO - [2026-07-25T01:44:23.558+0000] {dagbag.py:545} INFO - Filling up the DagBag from /opt/airflow/dags/youtube_pipeline.py
[2026-07-25T01:44:24.879+0000] {processor.py:840} INFO - DAG(s) 'youtube_english_video_pipeline' retrieved from /opt/airflow/dags/youtube_pipeline.py
[2026-07-25T01:44:24.993+0000] {logging_mixin.py:188} INFO - [2026-07-25T01:44:24.993+0000] {dag.py:3089} INFO - Sync 1 DAGs
[2026-07-25T01:44:25.371+0000] {processor.py:183} INFO - Processing /opt/airflow/dags/youtube_pipeline.py took 1.885 seconds
[2026-07-25T01:44:59.346+0000] {processor.py:161} INFO - Started process (PID=1467) to work on /opt/airflow/dags/youtube_pipeline.py
[2026-07-25T01:44:59.347+0000] {processor.py:830} INFO - Processing file /opt/airflow/dags/youtube_pipeline.py for tasks to queue
[2026-07-25T01:44:59.410+0000] {logging_mixin.py:188} INFO - [2026-07-25T01:44:59.409+0000] {dagbag.py:545} INFO - Filling up the DagBag from /opt/airflow/dags/youtube_pipeline.py
[2026-07-25T01:45:00.608+0000] {processor.py:840} INFO - DAG(s) 'youtube_english_video_pipeline' retrieved from /opt/airflow/dags/youtube_pipeline.py
[2026-07-25T01:45:00.689+0000] {logging_mixin.py:188} INFO - [2026-07-25T01:45:00.689+0000] {dag.py:3089} INFO - Sync 1 DAGs
[2026-07-25T01:45:00.860+0000] {processor.py:183} INFO - Processing /opt/airflow/dags/youtube_pipeline.py took 1.520 seconds
[2026-07-25T01:45:34.213+0000] {processor.py:161} INFO - Started process (PID=1472) to work on /opt/airflow/dags/youtube_pipeline.py
[2026-07-25T01:45:34.231+0000] {processor.py:830} INFO - Processing file /opt/airflow/dags/youtube_pipeline.py for tasks to queue
[2026-07-25T01:45:34.253+0000] {logging_mixin.py:188} INFO - [2026-07-25T01:45:34.253+0000] {dagbag.py:545} INFO - Filling up the DagBag from /opt/airflow/dags/youtube_pipeline.py
[2026-07-25T01:45:36.067+0000] {processor.py:840} INFO - DAG(s) 'youtube_english_video_pipeline' retrieved from /opt/airflow/dags/youtube_pipeline.py
[2026-07-25T01:45:36.155+0000] {logging_mixin.py:188} INFO - [2026-07-25T01:45:36.155+0000] {dag.py:3089} INFO - Sync 1 DAGs
[2026-07-25T01:45:36.293+0000] {processor.py:183} INFO - Processing /opt/airflow/dags/youtube_pipeline.py took 2.105 seconds
[2026-07-25T01:46:06.984+0000] {processor.py:161} INFO - Started process (PID=1480) to work on /opt/airflow/dags/youtube_pipeline.py
[2026-07-25T01:46:07.006+0000] {processor.py:830} INFO - Processing file /opt/airflow/dags/youtube_pipeline.py for tasks to queue
[2026-07-25T01:46:07.038+0000] {logging_mixin.py:188} INFO - [2026-07-25T01:46:07.037+0000] {dagbag.py:545} INFO - Filling up the DagBag from /opt/airflow/dags/youtube_pipeline.py
[2026-07-25T01:46:08.451+0000] {processor.py:840} INFO - DAG(s) 'youtube_english_video_pipeline' retrieved from /opt/airflow/dags/youtube_pipeline.py
[2026-07-25T01:46:08.506+0000] {logging_mixin.py:188} INFO - [2026-07-25T01:46:08.506+0000] {dag.py:3089} INFO - Sync 1 DAGs
[2026-07-25T01:46:08.616+0000] {processor.py:183} INFO - Processing /opt/airflow/dags/youtube_pipeline.py took 1.739 seconds
[2026-07-25T01:46:44.635+0000] {processor.py:161} INFO - Started process (PID=1633) to work on /opt/airflow/dags/youtube_pipeline.py
[2026-07-25T01:46:44.792+0000] {processor.py:830} INFO - Processing file /opt/airflow/dags/youtube_pipeline.py for tasks to queue
[2026-07-25T01:46:44.924+0000] {logging_mixin.py:188} INFO - [2026-07-25T01:46:44.923+0000] {dagbag.py:545} INFO - Filling up the DagBag from /opt/airflow/dags/youtube_pipeline.py
[2026-07-25T01:46:44.945+0000] {processor.py:840} INFO - DAG(s) 'youtube_english_video_pipeline' retrieved from /opt/airflow/dags/youtube_pipeline.py
[2026-07-25T01:46:44.977+0000] {logging_mixin.py:188} INFO - [2026-07-25T01:46:44.977+0000] {dag.py:3089} INFO - Sync 1 DAGs
[2026-07-25T01:46:45.051+0000] {processor.py:183} INFO - Processing /opt/airflow/dags/youtube_pipeline.py took 0.592 seconds
[2026-07-25T01:47:15.910+0000] {processor.py:161} INFO - Started process (PID=1644) to work on /opt/airflow/dags/youtube_pipeline.py
[2026-07-25T01:47:15.912+0000] {processor.py:830} INFO - Processing file /opt/airflow/dags/youtube_pipeline.py for tasks to queue
[2026-07-25T01:47:15.916+0000] {logging_mixin.py:188} INFO - [2026-07-25T01:47:15.915+0000] {dagbag.py:545} INFO - Filling up the DagBag from /opt/airflow/dags/youtube_pipeline.py
[2026-07-25T01:47:16.028+0000] {processor.py:840} INFO - DAG(s) 'youtube_english_video_pipeline' retrieved from /opt/airflow/dags/youtube_pipeline.py
[2026-07-25T01:47:16.070+0000] {logging_mixin.py:188} INFO - [2026-07-25T01:47:16.070+0000] {dag.py:3089} INFO - Sync 1 DAGs
[2026-07-25T01:47:16.151+0000] {processor.py:183} INFO - Processing /opt/airflow/dags/youtube_pipeline.py took 0.250 seconds
[2026-07-25T01:47:47.789+0000] {processor.py:161} INFO - Started process (PID=1826) to work on /opt/airflow/dags/youtube_pipeline.py
[2026-07-25T01:47:47.945+0000] {processor.py:830} INFO - Processing file /opt/airflow/dags/youtube_pipeline.py for tasks to queue
[2026-07-25T01:47:47.996+0000] {logging_mixin.py:188} INFO - [2026-07-25T01:47:47.996+0000] {dagbag.py:545} INFO - Filling up the DagBag from /opt/airflow/dags/youtube_pipeline.py
[2026-07-25T01:47:48.213+0000] {processor.py:840} INFO - DAG(s) 'youtube_english_video_pipeline' retrieved from /opt/airflow/dags/youtube_pipeline.py
[2026-07-25T01:47:48.348+0000] {logging_mixin.py:188} INFO - [2026-07-25T01:47:48.347+0000] {dag.py:3089} INFO - Sync 1 DAGs
[2026-07-25T01:47:48.479+0000] {processor.py:183} INFO - Processing /opt/airflow/dags/youtube_pipeline.py took 0.751 seconds
[2026-07-25T01:48:20.698+0000] {processor.py:161} INFO - Started process (PID=1958) to work on /opt/airflow/dags/youtube_pipeline.py
[2026-07-25T01:48:20.715+0000] {processor.py:830} INFO - Processing file /opt/airflow/dags/youtube_pipeline.py for tasks to queue
[2026-07-25T01:48:20.737+0000] {logging_mixin.py:188} INFO - [2026-07-25T01:48:20.736+0000] {dagbag.py:545} INFO - Filling up the DagBag from /opt/airflow/dags/youtube_pipeline.py
[2026-07-25T01:48:22.829+0000] {processor.py:840} INFO - DAG(s) 'youtube_english_video_pipeline' retrieved from /opt/airflow/dags/youtube_pipeline.py
[2026-07-25T01:48:22.885+0000] {logging_mixin.py:188} INFO - [2026-07-25T01:48:22.885+0000] {dag.py:3089} INFO - Sync 1 DAGs
[2026-07-25T01:48:22.976+0000] {processor.py:183} INFO - Processing /opt/airflow/dags/youtube_pipeline.py took 2.303 seconds
[2026-07-25T01:48:54.770+0000] {processor.py:161} INFO - Started process (PID=2063) to work on /opt/airflow/dags/youtube_pipeline.py
[2026-07-25T01:48:54.794+0000] {processor.py:830} INFO - Processing file /opt/airflow/dags/youtube_pipeline.py for tasks to queue
[2026-07-25T01:48:54.834+0000] {logging_mixin.py:188} INFO - [2026-07-25T01:48:54.834+0000] {dagbag.py:545} INFO - Filling up the DagBag from /opt/airflow/dags/youtube_pipeline.py
[2026-07-25T01:48:55.943+0000] {processor.py:840} INFO - DAG(s) 'youtube_english_video_pipeline' retrieved from /opt/airflow/dags/youtube_pipeline.py
[2026-07-25T01:48:56.032+0000] {logging_mixin.py:188} INFO - [2026-07-25T01:48:56.032+0000] {dag.py:3089} INFO - Sync 1 DAGs
[2026-07-25T01:48:56.362+0000] {processor.py:183} INFO - Processing /opt/airflow/dags/youtube_pipeline.py took 1.671 seconds
[2026-07-25T01:49:28.827+0000] {processor.py:161} INFO - Started process (PID=2221) to work on /opt/airflow/dags/youtube_pipeline.py
[2026-07-25T01:49:28.964+0000] {processor.py:830} INFO - Processing file /opt/airflow/dags/youtube_pipeline.py for tasks to queue
[2026-07-25T01:49:28.989+0000] {logging_mixin.py:188} INFO - [2026-07-25T01:49:28.989+0000] {dagbag.py:545} INFO - Filling up the DagBag from /opt/airflow/dags/youtube_pipeline.py
[2026-07-25T01:49:30.364+0000] {processor.py:840} INFO - DAG(s) 'youtube_english_video_pipeline' retrieved from /opt/airflow/dags/youtube_pipeline.py
[2026-07-25T01:49:30.454+0000] {logging_mixin.py:188} INFO - [2026-07-25T01:49:30.454+0000] {dag.py:3089} INFO - Sync 1 DAGs
[2026-07-25T01:49:30.604+0000] {processor.py:183} INFO - Processing /opt/airflow/dags/youtube_pipeline.py took 1.851 seconds
[2026-07-25T01:50:03.136+0000] {processor.py:161} INFO - Started process (PID=2226) to work on /opt/airflow/dags/youtube_pipeline.py
[2026-07-25T01:50:03.139+0000] {processor.py:830} INFO - Processing file /opt/airflow/dags/youtube_pipeline.py for tasks to queue
[2026-07-25T01:50:03.142+0000] {logging_mixin.py:188} INFO - [2026-07-25T01:50:03.141+0000] {dagbag.py:545} INFO - Filling up the DagBag from /opt/airflow/dags/youtube_pipeline.py
[2026-07-25T01:50:04.705+0000] {processor.py:840} INFO - DAG(s) 'youtube_english_video_pipeline' retrieved from /opt/airflow/dags/youtube_pipeline.py
[2026-07-25T01:50:05.053+0000] {logging_mixin.py:188} INFO - [2026-07-25T01:50:05.053+0000] {dag.py:3089} INFO - Sync 1 DAGs
[2026-07-25T01:50:05.140+0000] {processor.py:183} INFO - Processing /opt/airflow/dags/youtube_pipeline.py took 2.009 seconds
[2026-07-25T01:50:41.421+0000] {processor.py:161} INFO - Started process (PID=2231) to work on /opt/airflow/dags/youtube_pipeline.py
[2026-07-25T01:50:41.797+0000] {processor.py:830} INFO - Processing file /opt/airflow/dags/youtube_pipeline.py for tasks to queue
[2026-07-25T01:50:41.923+0000] {logging_mixin.py:188} INFO - [2026-07-25T01:50:41.923+0000] {dagbag.py:545} INFO - Filling up the DagBag from /opt/airflow/dags/youtube_pipeline.py
[2026-07-25T01:50:42.191+0000] {processor.py:840} INFO - DAG(s) 'youtube_english_video_pipeline' retrieved from /opt/airflow/dags/youtube_pipeline.py
[2026-07-25T01:50:42.235+0000] {logging_mixin.py:188} INFO - [2026-07-25T01:50:42.235+0000] {dag.py:3089} INFO - Sync 1 DAGs
[2026-07-25T01:50:42.689+0000] {processor.py:183} INFO - Processing /opt/airflow/dags/youtube_pipeline.py took 1.277 seconds
[2026-07-25T01:51:14.555+0000] {processor.py:161} INFO - Started process (PID=2236) to work on /opt/airflow/dags/youtube_pipeline.py
[2026-07-25T01:51:14.786+0000] {processor.py:830} INFO - Processing file /opt/airflow/dags/youtube_pipeline.py for tasks to queue
[2026-07-25T01:51:14.906+0000] {logging_mixin.py:188} INFO - [2026-07-25T01:51:14.906+0000] {dagbag.py:545} INFO - Filling up the DagBag from /opt/airflow/dags/youtube_pipeline.py
[2026-07-25T01:51:20.337+0000] {processor.py:840} INFO - DAG(s) 'youtube_english_video_pipeline' retrieved from /opt/airflow/dags/youtube_pipeline.py
[2026-07-25T01:51:20.482+0000] {logging_mixin.py:188} INFO - [2026-07-25T01:51:20.482+0000] {dag.py:3089} INFO - Sync 1 DAGs
[2026-07-25T01:51:20.817+0000] {processor.py:183} INFO - Processing /opt/airflow/dags/youtube_pipeline.py took 6.319 seconds
[2026-07-25T01:51:54.814+0000] {processor.py:161} INFO - Started process (PID=2244) to work on /opt/airflow/dags/youtube_pipeline.py
[2026-07-25T01:51:55.005+0000] {processor.py:830} INFO - Processing file /opt/airflow/dags/youtube_pipeline.py for tasks to queue
[2026-07-25T01:51:55.076+0000] {logging_mixin.py:188} INFO - [2026-07-25T01:51:55.076+0000] {dagbag.py:545} INFO - Filling up the DagBag from /opt/airflow/dags/youtube_pipeline.py
[2026-07-25T01:51:57.484+0000] {processor.py:840} INFO - DAG(s) 'youtube_english_video_pipeline' retrieved from /opt/airflow/dags/youtube_pipeline.py
[2026-07-25T01:51:57.698+0000] {logging_mixin.py:188} INFO - [2026-07-25T01:51:57.698+0000] {dag.py:3089} INFO - Sync 1 DAGs
[2026-07-25T01:51:58.357+0000] {processor.py:183} INFO - Processing /opt/airflow/dags/youtube_pipeline.py took 3.688 seconds
[2026-07-25T01:52:34.029+0000] {processor.py:161} INFO - Started process (PID=2397) to work on /opt/airflow/dags/youtube_pipeline.py
[2026-07-25T01:52:34.146+0000] {processor.py:830} INFO - Processing file /opt/airflow/dags/youtube_pipeline.py for tasks to queue
[2026-07-25T01:52:34.265+0000] {logging_mixin.py:188} INFO - [2026-07-25T01:52:34.265+0000] {dagbag.py:545} INFO - Filling up the DagBag from /opt/airflow/dags/youtube_pipeline.py
[2026-07-25T01:52:39.142+0000] {processor.py:840} INFO - DAG(s) 'youtube_english_video_pipeline' retrieved from /opt/airflow/dags/youtube_pipeline.py
[2026-07-25T01:52:39.542+0000] {logging_mixin.py:188} INFO - [2026-07-25T01:52:39.541+0000] {dag.py:3089} INFO - Sync 1 DAGs
[2026-07-25T01:52:39.791+0000] {processor.py:183} INFO - Processing /opt/airflow/dags/youtube_pipeline.py took 5.769 seconds
[2026-07-25T01:53:11.933+0000] {processor.py:161} INFO - Started process (PID=2402) to work on /opt/airflow/dags/youtube_pipeline.py
[2026-07-25T01:53:11.941+0000] {processor.py:830} INFO - Processing file /opt/airflow/dags/youtube_pipeline.py for tasks to queue
[2026-07-25T01:53:11.957+0000] {logging_mixin.py:188} INFO - [2026-07-25T01:53:11.956+0000] {dagbag.py:545} INFO - Filling up the DagBag from /opt/airflow/dags/youtube_pipeline.py
[2026-07-25T01:53:12.491+0000] {processor.py:840} INFO - DAG(s) 'youtube_english_video_pipeline' retrieved from /opt/airflow/dags/youtube_pipeline.py
[2026-07-25T01:53:12.726+0000] {logging_mixin.py:188} INFO - [2026-07-25T01:53:12.726+0000] {dag.py:3089} INFO - Sync 1 DAGs
[2026-07-25T01:53:13.199+0000] {processor.py:183} INFO - Processing /opt/airflow/dags/youtube_pipeline.py took 1.289 seconds
[2026-07-25T01:53:49.099+0000] {processor.py:161} INFO - Started process (PID=2558) to work on /opt/airflow/dags/youtube_pipeline.py
[2026-07-25T01:53:49.461+0000] {processor.py:830} INFO - Processing file /opt/airflow/dags/youtube_pipeline.py for tasks to queue
[2026-07-25T01:53:49.545+0000] {logging_mixin.py:188} INFO - [2026-07-25T01:53:49.545+0000] {dagbag.py:545} INFO - Filling up the DagBag from /opt/airflow/dags/youtube_pipeline.py
[2026-07-25T01:53:51.824+0000] {processor.py:840} INFO - DAG(s) 'youtube_english_video_pipeline' retrieved from /opt/airflow/dags/youtube_pipeline.py
[2026-07-25T01:53:51.899+0000] {logging_mixin.py:188} INFO - [2026-07-25T01:53:51.898+0000] {dag.py:3089} INFO - Sync 1 DAGs
[2026-07-25T01:53:52.012+0000] {processor.py:183} INFO - Processing /opt/airflow/dags/youtube_pipeline.py took 2.924 seconds
[2026-07-25T01:54:24.879+0000] {processor.py:161} INFO - Started process (PID=2563) to work on /opt/airflow/dags/youtube_pipeline.py
[2026-07-25T01:54:25.088+0000] {processor.py:830} INFO - Processing file /opt/airflow/dags/youtube_pipeline.py for tasks to queue
[2026-07-25T01:54:25.194+0000] {logging_mixin.py:188} INFO - [2026-07-25T01:54:25.194+0000] {dagbag.py:545} INFO - Filling up the DagBag from /opt/airflow/dags/youtube_pipeline.py
[2026-07-25T01:54:28.798+0000] {processor.py:840} INFO - DAG(s) 'youtube_english_video_pipeline' retrieved from /opt/airflow/dags/youtube_pipeline.py
[2026-07-25T01:54:28.843+0000] {logging_mixin.py:188} INFO - [2026-07-25T01:54:28.842+0000] {dag.py:3089} INFO - Sync 1 DAGs
[2026-07-25T01:54:28.924+0000] {processor.py:183} INFO - Processing /opt/airflow/dags/youtube_pipeline.py took 4.132 seconds
[2026-07-25T01:55:06.531+0000] {processor.py:161} INFO - Started process (PID=2568) to work on /opt/airflow/dags/youtube_pipeline.py
[2026-07-25T01:55:06.533+0000] {processor.py:830} INFO - Processing file /opt/airflow/dags/youtube_pipeline.py for tasks to queue
[2026-07-25T01:55:06.535+0000] {logging_mixin.py:188} INFO - [2026-07-25T01:55:06.534+0000] {dagbag.py:545} INFO - Filling up the DagBag from /opt/airflow/dags/youtube_pipeline.py
[2026-07-25T01:55:12.363+0000] {processor.py:840} INFO - DAG(s) 'youtube_english_video_pipeline' retrieved from /opt/airflow/dags/youtube_pipeline.py
[2026-07-25T01:55:12.510+0000] {logging_mixin.py:188} INFO - [2026-07-25T01:55:12.510+0000] {dag.py:3089} INFO - Sync 1 DAGs
[2026-07-25T01:55:12.658+0000] {processor.py:183} INFO - Processing /opt/airflow/dags/youtube_pipeline.py took 6.134 seconds
[2026-07-25T01:55:47.615+0000] {processor.py:161} INFO - Started process (PID=2724) to work on /opt/airflow/dags/youtube_pipeline.py
[2026-07-25T01:55:47.618+0000] {processor.py:830} INFO - Processing file /opt/airflow/dags/youtube_pipeline.py for tasks to queue
[2026-07-25T01:55:47.620+0000] {logging_mixin.py:188} INFO - [2026-07-25T01:55:47.620+0000] {dagbag.py:545} INFO - Filling up the DagBag from /opt/airflow/dags/youtube_pipeline.py
[2026-07-25T01:55:48.712+0000] {processor.py:840} INFO - DAG(s) 'youtube_english_video_pipeline' retrieved from /opt/airflow/dags/youtube_pipeline.py
[2026-07-25T01:55:48.859+0000] {logging_mixin.py:188} INFO - [2026-07-25T01:55:48.859+0000] {dag.py:3089} INFO - Sync 1 DAGs
[2026-07-25T01:55:49.245+0000] {processor.py:183} INFO - Processing /opt/airflow/dags/youtube_pipeline.py took 1.639 seconds
[2026-07-25T01:56:22.567+0000] {processor.py:161} INFO - Started process (PID=2729) to work on /opt/airflow/dags/youtube_pipeline.py
[2026-07-25T01:56:22.577+0000] {processor.py:830} INFO - Processing file /opt/airflow/dags/youtube_pipeline.py for tasks to queue
[2026-07-25T01:56:22.592+0000] {logging_mixin.py:188} INFO - [2026-07-25T01:56:22.591+0000] {dagbag.py:545} INFO - Filling up the DagBag from /opt/airflow/dags/youtube_pipeline.py
[2026-07-25T01:56:23.558+0000] {processor.py:840} INFO - DAG(s) 'youtube_english_video_pipeline' retrieved from /opt/airflow/dags/youtube_pipeline.py
[2026-07-25T01:56:23.663+0000] {logging_mixin.py:188} INFO - [2026-07-25T01:56:23.662+0000] {dag.py:3089} INFO - Sync 1 DAGs
[2026-07-25T01:56:23.783+0000] {processor.py:183} INFO - Processing /opt/airflow/dags/youtube_pipeline.py took 1.233 seconds
[2026-07-25T01:56:56.089+0000] {processor.py:161} INFO - Started process (PID=2734) to work on /opt/airflow/dags/youtube_pipeline.py
[2026-07-25T01:56:56.295+0000] {processor.py:830} INFO - Processing file /opt/airflow/dags/youtube_pipeline.py for tasks to queue
[2026-07-25T01:56:56.359+0000] {logging_mixin.py:188} INFO - [2026-07-25T01:56:56.358+0000] {dagbag.py:545} INFO - Filling up the DagBag from /opt/airflow/dags/youtube_pipeline.py
[2026-07-25T01:56:56.769+0000] {processor.py:840} INFO - DAG(s) 'youtube_english_video_pipeline' retrieved from /opt/airflow/dags/youtube_pipeline.py
[2026-07-25T01:56:56.816+0000] {logging_mixin.py:188} INFO - [2026-07-25T01:56:56.815+0000] {dag.py:3089} INFO - Sync 1 DAGs
[2026-07-25T01:56:56.868+0000] {processor.py:183} INFO - Processing /opt/airflow/dags/youtube_pipeline.py took 0.898 seconds
[2026-07-25T01:57:29.830+0000] {processor.py:161} INFO - Started process (PID=2890) to work on /opt/airflow/dags/youtube_pipeline.py
[2026-07-25T01:57:29.852+0000] {processor.py:830} INFO - Processing file /opt/airflow/dags/youtube_pipeline.py for tasks to queue
[2026-07-25T01:57:29.875+0000] {logging_mixin.py:188} INFO - [2026-07-25T01:57:29.874+0000] {dagbag.py:545} INFO - Filling up the DagBag from /opt/airflow/dags/youtube_pipeline.py
[2026-07-25T01:57:33.977+0000] {processor.py:840} INFO - DAG(s) 'youtube_english_video_pipeline' retrieved from /opt/airflow/dags/youtube_pipeline.py
[2026-07-25T01:57:34.083+0000] {logging_mixin.py:188} INFO - [2026-07-25T01:57:34.083+0000] {dag.py:3089} INFO - Sync 1 DAGs
[2026-07-25T01:57:34.584+0000] {processor.py:183} INFO - Processing /opt/airflow/dags/youtube_pipeline.py took 4.781 seconds
[2026-07-25T01:58:05.460+0000] {processor.py:161} INFO - Started process (PID=2895) to work on /opt/airflow/dags/youtube_pipeline.py
[2026-07-25T01:58:05.467+0000] {processor.py:830} INFO - Processing file /opt/airflow/dags/youtube_pipeline.py for tasks to queue
[2026-07-25T01:58:05.477+0000] {logging_mixin.py:188} INFO - [2026-07-25T01:58:05.476+0000] {dagbag.py:545} INFO - Filling up the DagBag from /opt/airflow/dags/youtube_pipeline.py
[2026-07-25T01:58:05.813+0000] {processor.py:840} INFO - DAG(s) 'youtube_english_video_pipeline' retrieved from /opt/airflow/dags/youtube_pipeline.py
[2026-07-25T01:58:05.857+0000] {logging_mixin.py:188} INFO - [2026-07-25T01:58:05.857+0000] {dag.py:3089} INFO - Sync 1 DAGs
[2026-07-25T01:58:05.909+0000] {processor.py:183} INFO - Processing /opt/airflow/dags/youtube_pipeline.py took 0.460 seconds
[2026-07-25T01:58:38.320+0000] {processor.py:161} INFO - Started process (PID=3051) to work on /opt/airflow/dags/youtube_pipeline.py
[2026-07-25T01:58:38.335+0000] {processor.py:830} INFO - Processing file /opt/airflow/dags/youtube_pipeline.py for tasks to queue
[2026-07-25T01:58:38.361+0000] {logging_mixin.py:188} INFO - [2026-07-25T01:58:38.361+0000] {dagbag.py:545} INFO - Filling up the DagBag from /opt/airflow/dags/youtube_pipeline.py
[2026-07-25T01:58:41.310+0000] {processor.py:840} INFO - DAG(s) 'youtube_english_video_pipeline' retrieved from /opt/airflow/dags/youtube_pipeline.py
[2026-07-25T01:58:41.364+0000] {logging_mixin.py:188} INFO - [2026-07-25T01:58:41.364+0000] {dag.py:3089} INFO - Sync 1 DAGs
[2026-07-25T01:58:41.438+0000] {processor.py:183} INFO - Processing /opt/airflow/dags/youtube_pipeline.py took 3.138 seconds
[2026-07-25T01:59:11.794+0000] {processor.py:161} INFO - Started process (PID=3056) to work on /opt/airflow/dags/youtube_pipeline.py
[2026-07-25T01:59:11.795+0000] {processor.py:830} INFO - Processing file /opt/airflow/dags/youtube_pipeline.py for tasks to queue
[2026-07-25T01:59:11.798+0000] {logging_mixin.py:188} INFO - [2026-07-25T01:59:11.798+0000] {dagbag.py:545} INFO - Filling up the DagBag from /opt/airflow/dags/youtube_pipeline.py
[2026-07-25T01:59:11.909+0000] {processor.py:840} INFO - DAG(s) 'youtube_english_video_pipeline' retrieved from /opt/airflow/dags/youtube_pipeline.py
[2026-07-25T01:59:11.949+0000] {logging_mixin.py:188} INFO - [2026-07-25T01:59:11.949+0000] {dag.py:3089} INFO - Sync 1 DAGs
[2026-07-25T01:59:12.002+0000] {processor.py:183} INFO - Processing /opt/airflow/dags/youtube_pipeline.py took 0.216 seconds
[2026-07-25T01:59:44.188+0000] {processor.py:161} INFO - Started process (PID=3212) to work on /opt/airflow/dags/youtube_pipeline.py
[2026-07-25T01:59:44.199+0000] {processor.py:830} INFO - Processing file /opt/airflow/dags/youtube_pipeline.py for tasks to queue
[2026-07-25T01:59:44.230+0000] {logging_mixin.py:188} INFO - [2026-07-25T01:59:44.229+0000] {dagbag.py:545} INFO - Filling up the DagBag from /opt/airflow/dags/youtube_pipeline.py
[2026-07-25T01:59:47.961+0000] {processor.py:840} INFO - DAG(s) 'youtube_english_video_pipeline' retrieved from /opt/airflow/dags/youtube_pipeline.py
[2026-07-25T01:59:48.000+0000] {logging_mixin.py:188} INFO - [2026-07-25T01:59:47.999+0000] {dag.py:3089} INFO - Sync 1 DAGs
[2026-07-25T01:59:48.056+0000] {processor.py:183} INFO - Processing /opt/airflow/dags/youtube_pipeline.py took 3.891 seconds
[2026-07-25T02:00:27.173+0000] {processor.py:161} INFO - Started process (PID=3217) to work on /opt/airflow/dags/youtube_pipeline.py
[2026-07-25T02:00:27.175+0000] {processor.py:830} INFO - Processing file /opt/airflow/dags/youtube_pipeline.py for tasks to queue
[2026-07-25T02:00:27.178+0000] {logging_mixin.py:188} INFO - [2026-07-25T02:00:27.178+0000] {dagbag.py:545} INFO - Filling up the DagBag from /opt/airflow/dags/youtube_pipeline.py
[2026-07-25T02:00:30.054+0000] {processor.py:840} INFO - DAG(s) 'youtube_english_video_pipeline' retrieved from /opt/airflow/dags/youtube_pipeline.py
[2026-07-25T02:00:30.165+0000] {logging_mixin.py:188} INFO - [2026-07-25T02:00:30.165+0000] {dag.py:3089} INFO - Sync 1 DAGs
[2026-07-25T02:00:30.212+0000] {processor.py:183} INFO - Processing /opt/airflow/dags/youtube_pipeline.py took 3.045 seconds
[2026-07-25T02:01:05.118+0000] {processor.py:161} INFO - Started process (PID=3222) to work on /opt/airflow/dags/youtube_pipeline.py
[2026-07-25T02:01:05.307+0000] {processor.py:830} INFO - Processing file /opt/airflow/dags/youtube_pipeline.py for tasks to queue
[2026-07-25T02:01:05.458+0000] {logging_mixin.py:188} INFO - [2026-07-25T02:01:05.457+0000] {dagbag.py:545} INFO - Filling up the DagBag from /opt/airflow/dags/youtube_pipeline.py
[2026-07-25T02:01:09.830+0000] {processor.py:840} INFO - DAG(s) 'youtube_english_video_pipeline' retrieved from /opt/airflow/dags/youtube_pipeline.py
[2026-07-25T02:01:09.914+0000] {logging_mixin.py:188} INFO - [2026-07-25T02:01:09.914+0000] {dag.py:3089} INFO - Sync 1 DAGs
[2026-07-25T02:01:10.060+0000] {processor.py:183} INFO - Processing /opt/airflow/dags/youtube_pipeline.py took 5.040 seconds
[2026-07-25T02:01:46.639+0000] {processor.py:161} INFO - Started process (PID=3378) to work on /opt/airflow/dags/youtube_pipeline.py
[2026-07-25T02:01:47.026+0000] {processor.py:830} INFO - Processing file /opt/airflow/dags/youtube_pipeline.py for tasks to queue
[2026-07-25T02:01:47.028+0000] {logging_mixin.py:188} INFO - [2026-07-25T02:01:47.027+0000] {dagbag.py:545} INFO - Filling up the DagBag from /opt/airflow/dags/youtube_pipeline.py
[2026-07-25T02:01:51.282+0000] {processor.py:840} INFO - DAG(s) 'youtube_english_video_pipeline' retrieved from /opt/airflow/dags/youtube_pipeline.py
[2026-07-25T02:01:51.737+0000] {logging_mixin.py:188} INFO - [2026-07-25T02:01:51.736+0000] {dag.py:3089} INFO - Sync 1 DAGs
[2026-07-25T02:01:52.294+0000] {processor.py:183} INFO - Processing /opt/airflow/dags/youtube_pipeline.py took 5.752 seconds
[2026-07-25T02:02:26.582+0000] {processor.py:161} INFO - Started process (PID=3383) to work on /opt/airflow/dags/youtube_pipeline.py
[2026-07-25T02:02:26.712+0000] {processor.py:830} INFO - Processing file /opt/airflow/dags/youtube_pipeline.py for tasks to queue
[2026-07-25T02:02:26.876+0000] {logging_mixin.py:188} INFO - [2026-07-25T02:02:26.876+0000] {dagbag.py:545} INFO - Filling up the DagBag from /opt/airflow/dags/youtube_pipeline.py
[2026-07-25T02:02:32.521+0000] {processor.py:840} INFO - DAG(s) 'youtube_english_video_pipeline' retrieved from /opt/airflow/dags/youtube_pipeline.py
[2026-07-25T02:02:32.721+0000] {logging_mixin.py:188} INFO - [2026-07-25T02:02:32.720+0000] {dag.py:3089} INFO - Sync 1 DAGs
[2026-07-25T02:02:33.097+0000] {processor.py:183} INFO - Processing /opt/airflow/dags/youtube_pipeline.py took 6.664 seconds
[2026-07-25T02:03:10.081+0000] {processor.py:161} INFO - Started process (PID=3388) to work on /opt/airflow/dags/youtube_pipeline.py
[2026-07-25T02:03:10.083+0000] {processor.py:830} INFO - Processing file /opt/airflow/dags/youtube_pipeline.py for tasks to queue
[2026-07-25T02:03:10.119+0000] {logging_mixin.py:188} INFO - [2026-07-25T02:03:10.118+0000] {dagbag.py:545} INFO - Filling up the DagBag from /opt/airflow/dags/youtube_pipeline.py
[2026-07-25T02:03:12.552+0000] {processor.py:840} INFO - DAG(s) 'youtube_english_video_pipeline' retrieved from /opt/airflow/dags/youtube_pipeline.py
[2026-07-25T02:03:12.631+0000] {logging_mixin.py:188} INFO - [2026-07-25T02:03:12.631+0000] {dag.py:3089} INFO - Sync 1 DAGs
[2026-07-25T02:03:12.758+0000] {processor.py:183} INFO - Processing /opt/airflow/dags/youtube_pipeline.py took 2.686 seconds
[2026-07-25T02:03:45.845+0000] {processor.py:161} INFO - Started process (PID=3393) to work on /opt/airflow/dags/youtube_pipeline.py
[2026-07-25T02:03:45.886+0000] {processor.py:830} INFO - Processing file /opt/airflow/dags/youtube_pipeline.py for tasks to queue
[2026-07-25T02:03:45.909+0000] {logging_mixin.py:188} INFO - [2026-07-25T02:03:45.909+0000] {dagbag.py:545} INFO - Filling up the DagBag from /opt/airflow/dags/youtube_pipeline.py
[2026-07-25T02:03:57.307+0000] {processor.py:840} INFO - DAG(s) 'youtube_english_video_pipeline' retrieved from /opt/airflow/dags/youtube_pipeline.py
[2026-07-25T02:03:57.410+0000] {logging_mixin.py:188} INFO - [2026-07-25T02:03:57.410+0000] {dag.py:3089} INFO - Sync 1 DAGs
[2026-07-25T02:03:57.846+0000] {processor.py:183} INFO - Processing /opt/airflow/dags/youtube_pipeline.py took 12.012 seconds
[2026-07-25T02:04:28.666+0000] {processor.py:161} INFO - Started process (PID=4304) to work on /opt/airflow/dags/youtube_pipeline.py
[2026-07-25T02:04:28.668+0000] {processor.py:830} INFO - Processing file /opt/airflow/dags/youtube_pipeline.py for tasks to queue
[2026-07-25T02:04:28.671+0000] {logging_mixin.py:188} INFO - [2026-07-25T02:04:28.671+0000] {dagbag.py:545} INFO - Filling up the DagBag from /opt/airflow/dags/youtube_pipeline.py
[2026-07-25T02:04:28.729+0000] {processor.py:840} INFO - DAG(s) 'youtube_english_video_pipeline' retrieved from /opt/airflow/dags/youtube_pipeline.py
[2026-07-25T02:04:28.789+0000] {logging_mixin.py:188} INFO - [2026-07-25T02:04:28.788+0000] {dag.py:3089} INFO - Sync 1 DAGs
[2026-07-25T02:04:28.860+0000] {processor.py:183} INFO - Processing /opt/airflow/dags/youtube_pipeline.py took 0.209 seconds
[2026-07-25T02:04:59.023+0000] {processor.py:161} INFO - Started process (PID=4690) to work on /opt/airflow/dags/youtube_pipeline.py
[2026-07-25T02:04:59.026+0000] {processor.py:830} INFO - Processing file /opt/airflow/dags/youtube_pipeline.py for tasks to queue
[2026-07-25T02:04:59.039+0000] {logging_mixin.py:188} INFO - [2026-07-25T02:04:59.038+0000] {dagbag.py:545} INFO - Filling up the DagBag from /opt/airflow/dags/youtube_pipeline.py
[2026-07-25T02:04:59.127+0000] {processor.py:840} INFO - DAG(s) 'youtube_english_video_pipeline' retrieved from /opt/airflow/dags/youtube_pipeline.py
[2026-07-25T02:04:59.206+0000] {logging_mixin.py:188} INFO - [2026-07-25T02:04:59.206+0000] {dag.py:3089} INFO - Sync 1 DAGs
[2026-07-25T02:04:59.294+0000] {processor.py:183} INFO - Processing /opt/airflow/dags/youtube_pipeline.py took 0.311 seconds
[2026-07-25T02:05:29.604+0000] {processor.py:161} INFO - Started process (PID=4719) to work on /opt/airflow/dags/youtube_pipeline.py
[2026-07-25T02:05:29.607+0000] {processor.py:830} INFO - Processing file /opt/airflow/dags/youtube_pipeline.py for tasks to queue
[2026-07-25T02:05:29.611+0000] {logging_mixin.py:188} INFO - [2026-07-25T02:05:29.611+0000] {dagbag.py:545} INFO - Filling up the DagBag from /opt/airflow/dags/youtube_pipeline.py
[2026-07-25T02:05:29.672+0000] {processor.py:840} INFO - DAG(s) 'youtube_english_video_pipeline' retrieved from /opt/airflow/dags/youtube_pipeline.py
[2026-07-25T02:05:29.710+0000] {logging_mixin.py:188} INFO - [2026-07-25T02:05:29.710+0000] {dag.py:3089} INFO - Sync 1 DAGs
[2026-07-25T02:05:29.751+0000] {processor.py:183} INFO - Processing /opt/airflow/dags/youtube_pipeline.py took 0.161 seconds
[2026-07-25T02:06:00.089+0000] {processor.py:161} INFO - Started process (PID=4724) to work on /opt/airflow/dags/youtube_pipeline.py
[2026-07-25T02:06:00.090+0000] {processor.py:830} INFO - Processing file /opt/airflow/dags/youtube_pipeline.py for tasks to queue
[2026-07-25T02:06:00.092+0000] {logging_mixin.py:188} INFO - [2026-07-25T02:06:00.092+0000] {dagbag.py:545} INFO - Filling up the DagBag from /opt/airflow/dags/youtube_pipeline.py
[2026-07-25T02:06:00.153+0000] {processor.py:840} INFO - DAG(s) 'youtube_english_video_pipeline' retrieved from /opt/airflow/dags/youtube_pipeline.py
[2026-07-25T02:06:00.182+0000] {logging_mixin.py:188} INFO - [2026-07-25T02:06:00.182+0000] {dag.py:3089} INFO - Sync 1 DAGs
[2026-07-25T02:06:00.209+0000] {logging_mixin.py:188} INFO - [2026-07-25T02:06:00.209+0000] {dag.py:3947} INFO - Setting next_dagrun for youtube_english_video_pipeline to 2026-07-24 12:00:00+00:00, run_after=2026-07-25 12:00:00+00:00
[2026-07-25T02:06:00.232+0000] {processor.py:183} INFO - Processing /opt/airflow/dags/youtube_pipeline.py took 0.151 seconds
[2026-07-25T02:06:30.489+0000] {processor.py:161} INFO - Started process (PID=4729) to work on /opt/airflow/dags/youtube_pipeline.py
[2026-07-25T02:06:30.490+0000] {processor.py:830} INFO - Processing file /opt/airflow/dags/youtube_pipeline.py for tasks to queue
[2026-07-25T02:06:30.491+0000] {logging_mixin.py:188} INFO - [2026-07-25T02:06:30.491+0000] {dagbag.py:545} INFO - Filling up the DagBag from /opt/airflow/dags/youtube_pipeline.py
[2026-07-25T02:06:30.530+0000] {processor.py:840} INFO - DAG(s) 'youtube_english_video_pipeline' retrieved from /opt/airflow/dags/youtube_pipeline.py
[2026-07-25T02:06:30.557+0000] {logging_mixin.py:188} INFO - [2026-07-25T02:06:30.557+0000] {dag.py:3089} INFO - Sync 1 DAGs
[2026-07-25T02:06:30.575+0000] {logging_mixin.py:188} INFO - [2026-07-25T02:06:30.575+0000] {dag.py:3947} INFO - Setting next_dagrun for youtube_english_video_pipeline to 2026-07-24 12:00:00+00:00, run_after=2026-07-25 12:00:00+00:00
[2026-07-25T02:06:30.590+0000] {processor.py:183} INFO - Processing /opt/airflow/dags/youtube_pipeline.py took 0.108 seconds
[2026-07-25T02:07:00.962+0000] {processor.py:161} INFO - Started process (PID=4734) to work on /opt/airflow/dags/youtube_pipeline.py
[2026-07-25T02:07:00.963+0000] {processor.py:830} INFO - Processing file /opt/airflow/dags/youtube_pipeline.py for tasks to queue
[2026-07-25T02:07:00.965+0000] {logging_mixin.py:188} INFO - [2026-07-25T02:07:00.965+0000] {dagbag.py:545} INFO - Filling up the DagBag from /opt/airflow/dags/youtube_pipeline.py
[2026-07-25T02:07:00.986+0000] {processor.py:840} INFO - DAG(s) 'youtube_english_video_pipeline' retrieved from /opt/airflow/dags/youtube_pipeline.py
[2026-07-25T02:07:01.014+0000] {logging_mixin.py:188} INFO - [2026-07-25T02:07:01.014+0000] {dag.py:3089} INFO - Sync 1 DAGs
[2026-07-25T02:07:01.031+0000] {logging_mixin.py:188} INFO - [2026-07-25T02:07:01.031+0000] {dag.py:3947} INFO - Setting next_dagrun for youtube_english_video_pipeline to 2026-07-24 12:00:00+00:00, run_after=2026-07-25 12:00:00+00:00
[2026-07-25T02:07:01.048+0000] {processor.py:183} INFO - Processing /opt/airflow/dags/youtube_pipeline.py took 0.092 seconds
[2026-07-25T02:07:35.484+0000] {processor.py:161} INFO - Started process (PID=4739) to work on /opt/airflow/dags/youtube_pipeline.py
[2026-07-25T02:07:35.485+0000] {processor.py:830} INFO - Processing file /opt/airflow/dags/youtube_pipeline.py for tasks to queue
[2026-07-25T02:07:35.486+0000] {logging_mixin.py:188} INFO - [2026-07-25T02:07:35.486+0000] {dagbag.py:545} INFO - Filling up the DagBag from /opt/airflow/dags/youtube_pipeline.py
[2026-07-25T02:07:38.250+0000] {processor.py:840} INFO - DAG(s) 'youtube_english_video_pipeline' retrieved from /opt/airflow/dags/youtube_pipeline.py
[2026-07-25T02:07:38.279+0000] {logging_mixin.py:188} INFO - [2026-07-25T02:07:38.278+0000] {dag.py:3089} INFO - Sync 1 DAGs
[2026-07-25T02:07:38.300+0000] {logging_mixin.py:188} INFO - [2026-07-25T02:07:38.300+0000] {dag.py:3947} INFO - Setting next_dagrun for youtube_english_video_pipeline to 2026-07-24 12:00:00+00:00, run_after=2026-07-25 12:00:00+00:00
[2026-07-25T02:07:38.319+0000] {processor.py:183} INFO - Processing /opt/airflow/dags/youtube_pipeline.py took 2.844 seconds
[2026-07-25T02:08:16.950+0000] {processor.py:161} INFO - Started process (PID=4744) to work on /opt/airflow/dags/youtube_pipeline.py
[2026-07-25T02:08:17.115+0000] {processor.py:830} INFO - Processing file /opt/airflow/dags/youtube_pipeline.py for tasks to queue
[2026-07-25T02:08:17.294+0000] {logging_mixin.py:188} INFO - [2026-07-25T02:08:17.294+0000] {dagbag.py:545} INFO - Filling up the DagBag from /opt/airflow/dags/youtube_pipeline.py
[2026-07-25T02:08:22.832+0000] {processor.py:840} INFO - DAG(s) 'youtube_english_video_pipeline' retrieved from /opt/airflow/dags/youtube_pipeline.py
[2026-07-25T02:08:24.836+0000] {logging_mixin.py:188} INFO - [2026-07-25T02:08:24.836+0000] {dag.py:3089} INFO - Sync 1 DAGs
[2026-07-25T02:08:24.881+0000] {logging_mixin.py:188} INFO - [2026-07-25T02:08:24.881+0000] {dag.py:3947} INFO - Setting next_dagrun for youtube_english_video_pipeline to 2026-07-24 12:00:00+00:00, run_after=2026-07-25 12:00:00+00:00
[2026-07-25T02:08:25.563+0000] {processor.py:183} INFO - Processing /opt/airflow/dags/youtube_pipeline.py took 9.096 seconds
[2026-07-25T02:09:01.538+0000] {processor.py:161} INFO - Started process (PID=4749) to work on /opt/airflow/dags/youtube_pipeline.py
[2026-07-25T02:09:01.679+0000] {processor.py:830} INFO - Processing file /opt/airflow/dags/youtube_pipeline.py for tasks to queue
[2026-07-25T02:09:01.889+0000] {logging_mixin.py:188} INFO - [2026-07-25T02:09:01.888+0000] {dagbag.py:545} INFO - Filling up the DagBag from /opt/airflow/dags/youtube_pipeline.py
[2026-07-25T02:09:04.455+0000] {processor.py:840} INFO - DAG(s) 'youtube_english_video_pipeline' retrieved from /opt/airflow/dags/youtube_pipeline.py
[2026-07-25T02:09:04.489+0000] {logging_mixin.py:188} INFO - [2026-07-25T02:09:04.488+0000] {dag.py:3089} INFO - Sync 1 DAGs
[2026-07-25T02:09:04.596+0000] {logging_mixin.py:188} INFO - [2026-07-25T02:09:04.596+0000] {dag.py:3947} INFO - Setting next_dagrun for youtube_english_video_pipeline to 2026-07-24 12:00:00+00:00, run_after=2026-07-25 12:00:00+00:00
[2026-07-25T02:09:04.755+0000] {processor.py:183} INFO - Processing /opt/airflow/dags/youtube_pipeline.py took 3.509 seconds
[2026-07-25T02:09:35.145+0000] {processor.py:161} INFO - Started process (PID=4754) to work on /opt/airflow/dags/youtube_pipeline.py
[2026-07-25T02:09:35.146+0000] {processor.py:830} INFO - Processing file /opt/airflow/dags/youtube_pipeline.py for tasks to queue
[2026-07-25T02:09:35.148+0000] {logging_mixin.py:188} INFO - [2026-07-25T02:09:35.148+0000] {dagbag.py:545} INFO - Filling up the DagBag from /opt/airflow/dags/youtube_pipeline.py
[2026-07-25T02:09:35.174+0000] {processor.py:840} INFO - DAG(s) 'youtube_english_video_pipeline' retrieved from /opt/airflow/dags/youtube_pipeline.py
[2026-07-25T02:09:35.207+0000] {logging_mixin.py:188} INFO - [2026-07-25T02:09:35.207+0000] {dag.py:3089} INFO - Sync 1 DAGs
[2026-07-25T02:09:35.225+0000] {logging_mixin.py:188} INFO - [2026-07-25T02:09:35.225+0000] {dag.py:3947} INFO - Setting next_dagrun for youtube_english_video_pipeline to 2026-07-24 12:00:00+00:00, run_after=2026-07-25 12:00:00+00:00
[2026-07-25T02:09:35.242+0000] {processor.py:183} INFO - Processing /opt/airflow/dags/youtube_pipeline.py took 0.104 seconds
[2026-07-25T02:10:05.432+0000] {processor.py:161} INFO - Started process (PID=4759) to work on /opt/airflow/dags/youtube_pipeline.py
[2026-07-25T02:10:05.433+0000] {processor.py:830} INFO - Processing file /opt/airflow/dags/youtube_pipeline.py for tasks to queue
[2026-07-25T02:10:05.434+0000] {logging_mixin.py:188} INFO - [2026-07-25T02:10:05.434+0000] {dagbag.py:545} INFO - Filling up the DagBag from /opt/airflow/dags/youtube_pipeline.py
[2026-07-25T02:10:05.457+0000] {processor.py:840} INFO - DAG(s) 'youtube_english_video_pipeline' retrieved from /opt/airflow/dags/youtube_pipeline.py
[2026-07-25T02:10:05.483+0000] {logging_mixin.py:188} INFO - [2026-07-25T02:10:05.483+0000] {dag.py:3089} INFO - Sync 1 DAGs
[2026-07-25T02:10:05.500+0000] {logging_mixin.py:188} INFO - [2026-07-25T02:10:05.500+0000] {dag.py:3947} INFO - Setting next_dagrun for youtube_english_video_pipeline to 2026-07-24 12:00:00+00:00, run_after=2026-07-25 12:00:00+00:00
[2026-07-25T02:10:05.518+0000] {processor.py:183} INFO - Processing /opt/airflow/dags/youtube_pipeline.py took 0.092 seconds
[2026-07-25T02:10:35.781+0000] {processor.py:161} INFO - Started process (PID=4764) to work on /opt/airflow/dags/youtube_pipeline.py
[2026-07-25T02:10:35.783+0000] {processor.py:830} INFO - Processing file /opt/airflow/dags/youtube_pipeline.py for tasks to queue
[2026-07-25T02:10:35.785+0000] {logging_mixin.py:188} INFO - [2026-07-25T02:10:35.785+0000] {dagbag.py:545} INFO - Filling up the DagBag from /opt/airflow/dags/youtube_pipeline.py
[2026-07-25T02:10:35.823+0000] {processor.py:840} INFO - DAG(s) 'youtube_english_video_pipeline' retrieved from /opt/airflow/dags/youtube_pipeline.py
[2026-07-25T02:10:35.848+0000] {logging_mixin.py:188} INFO - [2026-07-25T02:10:35.848+0000] {dag.py:3089} INFO - Sync 1 DAGs
[2026-07-25T02:10:35.865+0000] {logging_mixin.py:188} INFO - [2026-07-25T02:10:35.864+0000] {dag.py:3947} INFO - Setting next_dagrun for youtube_english_video_pipeline to 2026-07-24 12:00:00+00:00, run_after=2026-07-25 12:00:00+00:00
[2026-07-25T02:10:35.885+0000] {processor.py:183} INFO - Processing /opt/airflow/dags/youtube_pipeline.py took 0.113 seconds
[2026-07-25T02:11:06.066+0000] {processor.py:161} INFO - Started process (PID=4769) to work on /opt/airflow/dags/youtube_pipeline.py
[2026-07-25T02:11:06.067+0000] {processor.py:830} INFO - Processing file /opt/airflow/dags/youtube_pipeline.py for tasks to queue
[2026-07-25T02:11:06.069+0000] {logging_mixin.py:188} INFO - [2026-07-25T02:11:06.069+0000] {dagbag.py:545} INFO - Filling up the DagBag from /opt/airflow/dags/youtube_pipeline.py
[2026-07-25T02:11:06.103+0000] {processor.py:840} INFO - DAG(s) 'youtube_english_video_pipeline' retrieved from /opt/airflow/dags/youtube_pipeline.py
[2026-07-25T02:11:06.133+0000] {logging_mixin.py:188} INFO - [2026-07-25T02:11:06.133+0000] {dag.py:3089} INFO - Sync 1 DAGs
[2026-07-25T02:11:06.153+0000] {logging_mixin.py:188} INFO - [2026-07-25T02:11:06.153+0000] {dag.py:3947} INFO - Setting next_dagrun for youtube_english_video_pipeline to 2026-07-24 12:00:00+00:00, run_after=2026-07-25 12:00:00+00:00
[2026-07-25T02:11:06.171+0000] {processor.py:183} INFO - Processing /opt/airflow/dags/youtube_pipeline.py took 0.111 seconds
[2026-07-25T02:11:36.432+0000] {processor.py:161} INFO - Started process (PID=4774) to work on /opt/airflow/dags/youtube_pipeline.py
[2026-07-25T02:11:36.433+0000] {processor.py:830} INFO - Processing file /opt/airflow/dags/youtube_pipeline.py for tasks to queue
[2026-07-25T02:11:36.435+0000] {logging_mixin.py:188} INFO - [2026-07-25T02:11:36.434+0000] {dagbag.py:545} INFO - Filling up the DagBag from /opt/airflow/dags/youtube_pipeline.py
[2026-07-25T02:11:36.463+0000] {processor.py:840} INFO - DAG(s) 'youtube_english_video_pipeline' retrieved from /opt/airflow/dags/youtube_pipeline.py
[2026-07-25T02:11:36.488+0000] {logging_mixin.py:188} INFO - [2026-07-25T02:11:36.488+0000] {dag.py:3089} INFO - Sync 1 DAGs
[2026-07-25T02:11:36.507+0000] {logging_mixin.py:188} INFO - [2026-07-25T02:11:36.507+0000] {dag.py:3947} INFO - Setting next_dagrun for youtube_english_video_pipeline to 2026-07-24 12:00:00+00:00, run_after=2026-07-25 12:00:00+00:00
[2026-07-25T02:11:36.524+0000] {processor.py:183} INFO - Processing /opt/airflow/dags/youtube_pipeline.py took 0.100 seconds
[2026-07-25T02:12:06.705+0000] {processor.py:161} INFO - Started process (PID=4779) to work on /opt/airflow/dags/youtube_pipeline.py
[2026-07-25T02:12:06.706+0000] {processor.py:830} INFO - Processing file /opt/airflow/dags/youtube_pipeline.py for tasks to queue
[2026-07-25T02:12:06.708+0000] {logging_mixin.py:188} INFO - [2026-07-25T02:12:06.708+0000] {dagbag.py:545} INFO - Filling up the DagBag from /opt/airflow/dags/youtube_pipeline.py
[2026-07-25T02:12:06.737+0000] {processor.py:840} INFO - DAG(s) 'youtube_english_video_pipeline' retrieved from /opt/airflow/dags/youtube_pipeline.py
[2026-07-25T02:12:06.761+0000] {logging_mixin.py:188} INFO - [2026-07-25T02:12:06.761+0000] {dag.py:3089} INFO - Sync 1 DAGs
[2026-07-25T02:12:06.777+0000] {logging_mixin.py:188} INFO - [2026-07-25T02:12:06.777+0000] {dag.py:3947} INFO - Setting next_dagrun for youtube_english_video_pipeline to 2026-07-24 12:00:00+00:00, run_after=2026-07-25 12:00:00+00:00
[2026-07-25T02:12:06.793+0000] {processor.py:183} INFO - Processing /opt/airflow/dags/youtube_pipeline.py took 0.095 seconds
[2026-07-25T02:12:37.059+0000] {processor.py:161} INFO - Started process (PID=4784) to work on /opt/airflow/dags/youtube_pipeline.py
[2026-07-25T02:12:37.060+0000] {processor.py:830} INFO - Processing file /opt/airflow/dags/youtube_pipeline.py for tasks to queue
[2026-07-25T02:12:37.062+0000] {logging_mixin.py:188} INFO - [2026-07-25T02:12:37.062+0000] {dagbag.py:545} INFO - Filling up the DagBag from /opt/airflow/dags/youtube_pipeline.py
[2026-07-25T02:12:37.104+0000] {processor.py:840} INFO - DAG(s) 'youtube_english_video_pipeline' retrieved from /opt/airflow/dags/youtube_pipeline.py
[2026-07-25T02:12:37.133+0000] {logging_mixin.py:188} INFO - [2026-07-25T02:12:37.133+0000] {dag.py:3089} INFO - Sync 1 DAGs
[2026-07-25T02:12:37.152+0000] {logging_mixin.py:188} INFO - [2026-07-25T02:12:37.152+0000] {dag.py:3947} INFO - Setting next_dagrun for youtube_english_video_pipeline to 2026-07-24 12:00:00+00:00, run_after=2026-07-25 12:00:00+00:00
[2026-07-25T02:12:37.172+0000] {processor.py:183} INFO - Processing /opt/airflow/dags/youtube_pipeline.py took 0.120 seconds
[2026-07-25T02:13:07.289+0000] {processor.py:161} INFO - Started process (PID=4789) to work on /opt/airflow/dags/youtube_pipeline.py
[2026-07-25T02:13:07.290+0000] {processor.py:830} INFO - Processing file /opt/airflow/dags/youtube_pipeline.py for tasks to queue
[2026-07-25T02:13:07.292+0000] {logging_mixin.py:188} INFO - [2026-07-25T02:13:07.291+0000] {dagbag.py:545} INFO - Filling up the DagBag from /opt/airflow/dags/youtube_pipeline.py
[2026-07-25T02:13:07.315+0000] {processor.py:840} INFO - DAG(s) 'youtube_english_video_pipeline' retrieved from /opt/airflow/dags/youtube_pipeline.py
[2026-07-25T02:13:07.341+0000] {logging_mixin.py:188} INFO - [2026-07-25T02:13:07.341+0000] {dag.py:3089} INFO - Sync 1 DAGs
[2026-07-25T02:13:07.357+0000] {logging_mixin.py:188} INFO - [2026-07-25T02:13:07.357+0000] {dag.py:3947} INFO - Setting next_dagrun for youtube_english_video_pipeline to 2026-07-24 12:00:00+00:00, run_after=2026-07-25 12:00:00+00:00
[2026-07-25T02:13:07.374+0000] {processor.py:183} INFO - Processing /opt/airflow/dags/youtube_pipeline.py took 0.091 seconds
[2026-07-25T02:13:37.552+0000] {processor.py:161} INFO - Started process (PID=4794) to work on /opt/airflow/dags/youtube_pipeline.py
[2026-07-25T02:13:37.553+0000] {processor.py:830} INFO - Processing file /opt/airflow/dags/youtube_pipeline.py for tasks to queue
[2026-07-25T02:13:37.555+0000] {logging_mixin.py:188} INFO - [2026-07-25T02:13:37.554+0000] {dagbag.py:545} INFO - Filling up the DagBag from /opt/airflow/dags/youtube_pipeline.py
[2026-07-25T02:13:37.573+0000] {processor.py:840} INFO - DAG(s) 'youtube_english_video_pipeline' retrieved from /opt/airflow/dags/youtube_pipeline.py
[2026-07-25T02:13:37.596+0000] {logging_mixin.py:188} INFO - [2026-07-25T02:13:37.595+0000] {dag.py:3089} INFO - Sync 1 DAGs
[2026-07-25T02:13:37.611+0000] {logging_mixin.py:188} INFO - [2026-07-25T02:13:37.611+0000] {dag.py:3947} INFO - Setting next_dagrun for youtube_english_video_pipeline to 2026-07-24 12:00:00+00:00, run_after=2026-07-25 12:00:00+00:00
[2026-07-25T02:13:37.627+0000] {processor.py:183} INFO - Processing /opt/airflow/dags/youtube_pipeline.py took 0.081 seconds
[2026-07-25T02:14:07.927+0000] {processor.py:161} INFO - Started process (PID=4799) to work on /opt/airflow/dags/youtube_pipeline.py
[2026-07-25T02:14:07.928+0000] {processor.py:830} INFO - Processing file /opt/airflow/dags/youtube_pipeline.py for tasks to queue
[2026-07-25T02:14:07.932+0000] {logging_mixin.py:188} INFO - [2026-07-25T02:14:07.932+0000] {dagbag.py:545} INFO - Filling up the DagBag from /opt/airflow/dags/youtube_pipeline.py
[2026-07-25T02:14:07.952+0000] {processor.py:840} INFO - DAG(s) 'youtube_english_video_pipeline' retrieved from /opt/airflow/dags/youtube_pipeline.py
[2026-07-25T02:14:07.975+0000] {logging_mixin.py:188} INFO - [2026-07-25T02:14:07.975+0000] {dag.py:3089} INFO - Sync 1 DAGs
[2026-07-25T02:14:07.992+0000] {logging_mixin.py:188} INFO - [2026-07-25T02:14:07.991+0000] {dag.py:3947} INFO - Setting next_dagrun for youtube_english_video_pipeline to 2026-07-24 12:00:00+00:00, run_after=2026-07-25 12:00:00+00:00
[2026-07-25T02:14:08.007+0000] {processor.py:183} INFO - Processing /opt/airflow/dags/youtube_pipeline.py took 0.086 seconds
[2026-07-25T02:14:38.192+0000] {processor.py:161} INFO - Started process (PID=4804) to work on /opt/airflow/dags/youtube_pipeline.py
[2026-07-25T02:14:38.193+0000] {processor.py:830} INFO - Processing file /opt/airflow/dags/youtube_pipeline.py for tasks to queue
[2026-07-25T02:14:38.195+0000] {logging_mixin.py:188} INFO - [2026-07-25T02:14:38.195+0000] {dagbag.py:545} INFO - Filling up the DagBag from /opt/airflow/dags/youtube_pipeline.py
[2026-07-25T02:14:38.229+0000] {processor.py:840} INFO - DAG(s) 'youtube_english_video_pipeline' retrieved from /opt/airflow/dags/youtube_pipeline.py
[2026-07-25T02:14:38.254+0000] {logging_mixin.py:188} INFO - [2026-07-25T02:14:38.254+0000] {dag.py:3089} INFO - Sync 1 DAGs
[2026-07-25T02:14:38.270+0000] {logging_mixin.py:188} INFO - [2026-07-25T02:14:38.270+0000] {dag.py:3947} INFO - Setting next_dagrun for youtube_english_video_pipeline to 2026-07-24 12:00:00+00:00, run_after=2026-07-25 12:00:00+00:00
[2026-07-25T02:14:38.286+0000] {processor.py:183} INFO - Processing /opt/airflow/dags/youtube_pipeline.py took 0.099 seconds
[2026-07-25T02:15:08.657+0000] {processor.py:161} INFO - Started process (PID=4809) to work on /opt/airflow/dags/youtube_pipeline.py
[2026-07-25T02:15:08.658+0000] {processor.py:830} INFO - Processing file /opt/airflow/dags/youtube_pipeline.py for tasks to queue
[2026-07-25T02:15:08.659+0000] {logging_mixin.py:188} INFO - [2026-07-25T02:15:08.659+0000] {dagbag.py:545} INFO - Filling up the DagBag from /opt/airflow/dags/youtube_pipeline.py
[2026-07-25T02:15:08.677+0000] {processor.py:840} INFO - DAG(s) 'youtube_english_video_pipeline' retrieved from /opt/airflow/dags/youtube_pipeline.py
[2026-07-25T02:15:08.700+0000] {logging_mixin.py:188} INFO - [2026-07-25T02:15:08.700+0000] {dag.py:3089} INFO - Sync 1 DAGs
[2026-07-25T02:15:08.715+0000] {logging_mixin.py:188} INFO - [2026-07-25T02:15:08.715+0000] {dag.py:3947} INFO - Setting next_dagrun for youtube_english_video_pipeline to 2026-07-24 12:00:00+00:00, run_after=2026-07-25 12:00:00+00:00
[2026-07-25T02:15:08.728+0000] {processor.py:183} INFO - Processing /opt/airflow/dags/youtube_pipeline.py took 0.076 seconds
[2026-07-25T02:15:38.944+0000] {processor.py:161} INFO - Started process (PID=4814) to work on /opt/airflow/dags/youtube_pipeline.py
[2026-07-25T02:15:38.945+0000] {processor.py:830} INFO - Processing file /opt/airflow/dags/youtube_pipeline.py for tasks to queue
[2026-07-25T02:15:38.947+0000] {logging_mixin.py:188} INFO - [2026-07-25T02:15:38.947+0000] {dagbag.py:545} INFO - Filling up the DagBag from /opt/airflow/dags/youtube_pipeline.py
[2026-07-25T02:15:38.974+0000] {processor.py:840} INFO - DAG(s) 'youtube_english_video_pipeline' retrieved from /opt/airflow/dags/youtube_pipeline.py
[2026-07-25T02:15:38.997+0000] {logging_mixin.py:188} INFO - [2026-07-25T02:15:38.997+0000] {dag.py:3089} INFO - Sync 1 DAGs
[2026-07-25T02:15:39.012+0000] {logging_mixin.py:188} INFO - [2026-07-25T02:15:39.012+0000] {dag.py:3947} INFO - Setting next_dagrun for youtube_english_video_pipeline to 2026-07-24 12:00:00+00:00, run_after=2026-07-25 12:00:00+00:00
[2026-07-25T02:15:39.026+0000] {processor.py:183} INFO - Processing /opt/airflow/dags/youtube_pipeline.py took 0.089 seconds
[2026-07-25T02:16:09.251+0000] {processor.py:161} INFO - Started process (PID=4819) to work on /opt/airflow/dags/youtube_pipeline.py
[2026-07-25T02:16:09.253+0000] {processor.py:830} INFO - Processing file /opt/airflow/dags/youtube_pipeline.py for tasks to queue
[2026-07-25T02:16:09.254+0000] {logging_mixin.py:188} INFO - [2026-07-25T02:16:09.254+0000] {dagbag.py:545} INFO - Filling up the DagBag from /opt/airflow/dags/youtube_pipeline.py
[2026-07-25T02:16:09.272+0000] {processor.py:840} INFO - DAG(s) 'youtube_english_video_pipeline' retrieved from /opt/airflow/dags/youtube_pipeline.py
[2026-07-25T02:16:09.297+0000] {logging_mixin.py:188} INFO - [2026-07-25T02:16:09.297+0000] {dag.py:3089} INFO - Sync 1 DAGs
[2026-07-25T02:16:09.312+0000] {logging_mixin.py:188} INFO - [2026-07-25T02:16:09.312+0000] {dag.py:3947} INFO - Setting next_dagrun for youtube_english_video_pipeline to 2026-07-24 12:00:00+00:00, run_after=2026-07-25 12:00:00+00:00
[2026-07-25T02:16:09.327+0000] {processor.py:183} INFO - Processing /opt/airflow/dags/youtube_pipeline.py took 0.084 seconds
[2026-07-25T02:16:39.543+0000] {processor.py:161} INFO - Started process (PID=4824) to work on /opt/airflow/dags/youtube_pipeline.py
[2026-07-25T02:16:39.543+0000] {processor.py:830} INFO - Processing file /opt/airflow/dags/youtube_pipeline.py for tasks to queue
[2026-07-25T02:16:39.545+0000] {logging_mixin.py:188} INFO - [2026-07-25T02:16:39.545+0000] {dagbag.py:545} INFO - Filling up the DagBag from /opt/airflow/dags/youtube_pipeline.py
[2026-07-25T02:16:39.563+0000] {processor.py:840} INFO - DAG(s) 'youtube_english_video_pipeline' retrieved from /opt/airflow/dags/youtube_pipeline.py
[2026-07-25T02:16:39.584+0000] {logging_mixin.py:188} INFO - [2026-07-25T02:16:39.584+0000] {dag.py:3089} INFO - Sync 1 DAGs
[2026-07-25T02:16:39.598+0000] {logging_mixin.py:188} INFO - [2026-07-25T02:16:39.598+0000] {dag.py:3947} INFO - Setting next_dagrun for youtube_english_video_pipeline to 2026-07-24 12:00:00+00:00, run_after=2026-07-25 12:00:00+00:00
[2026-07-25T02:16:39.612+0000] {processor.py:183} INFO - Processing /opt/airflow/dags/youtube_pipeline.py took 0.075 seconds
[2026-07-25T02:17:09.917+0000] {processor.py:161} INFO - Started process (PID=4829) to work on /opt/airflow/dags/youtube_pipeline.py
[2026-07-25T02:17:09.919+0000] {processor.py:830} INFO - Processing file /opt/airflow/dags/youtube_pipeline.py for tasks to queue
[2026-07-25T02:17:09.922+0000] {logging_mixin.py:188} INFO - [2026-07-25T02:17:09.922+0000] {dagbag.py:545} INFO - Filling up the DagBag from /opt/airflow/dags/youtube_pipeline.py
[2026-07-25T02:17:10.075+0000] {processor.py:840} INFO - DAG(s) 'youtube_english_video_pipeline' retrieved from /opt/airflow/dags/youtube_pipeline.py
[2026-07-25T02:17:10.101+0000] {logging_mixin.py:188} INFO - [2026-07-25T02:17:10.101+0000] {dag.py:3089} INFO - Sync 1 DAGs
[2026-07-25T02:17:10.119+0000] {logging_mixin.py:188} INFO - [2026-07-25T02:17:10.119+0000] {dag.py:3947} INFO - Setting next_dagrun for youtube_english_video_pipeline to 2026-07-24 12:00:00+00:00, run_after=2026-07-25 12:00:00+00:00
[2026-07-25T02:17:10.150+0000] {processor.py:183} INFO - Processing /opt/airflow/dags/youtube_pipeline.py took 0.243 seconds
[2026-07-25T02:17:40.440+0000] {processor.py:161} INFO - Started process (PID=4834) to work on /opt/airflow/dags/youtube_pipeline.py
[2026-07-25T02:17:40.441+0000] {processor.py:830} INFO - Processing file /opt/airflow/dags/youtube_pipeline.py for tasks to queue
[2026-07-25T02:17:40.442+0000] {logging_mixin.py:188} INFO - [2026-07-25T02:17:40.442+0000] {dagbag.py:545} INFO - Filling up the DagBag from /opt/airflow/dags/youtube_pipeline.py
[2026-07-25T02:17:40.462+0000] {processor.py:840} INFO - DAG(s) 'youtube_english_video_pipeline' retrieved from /opt/airflow/dags/youtube_pipeline.py
[2026-07-25T02:17:40.486+0000] {logging_mixin.py:188} INFO - [2026-07-25T02:17:40.486+0000] {dag.py:3089} INFO - Sync 1 DAGs
[2026-07-25T02:17:40.501+0000] {logging_mixin.py:188} INFO - [2026-07-25T02:17:40.501+0000] {dag.py:3947} INFO - Setting next_dagrun for youtube_english_video_pipeline to 2026-07-24 12:00:00+00:00, run_after=2026-07-25 12:00:00+00:00
[2026-07-25T02:17:40.517+0000] {processor.py:183} INFO - Processing /opt/airflow/dags/youtube_pipeline.py took 0.083 seconds
[2026-07-25T02:18:10.668+0000] {processor.py:161} INFO - Started process (PID=4839) to work on /opt/airflow/dags/youtube_pipeline.py
[2026-07-25T02:18:10.669+0000] {processor.py:830} INFO - Processing file /opt/airflow/dags/youtube_pipeline.py for tasks to queue
[2026-07-25T02:18:10.670+0000] {logging_mixin.py:188} INFO - [2026-07-25T02:18:10.670+0000] {dagbag.py:545} INFO - Filling up the DagBag from /opt/airflow/dags/youtube_pipeline.py
[2026-07-25T02:18:10.685+0000] {processor.py:840} INFO - DAG(s) 'youtube_english_video_pipeline' retrieved from /opt/airflow/dags/youtube_pipeline.py
[2026-07-25T02:18:10.707+0000] {logging_mixin.py:188} INFO - [2026-07-25T02:18:10.707+0000] {dag.py:3089} INFO - Sync 1 DAGs
[2026-07-25T02:18:10.727+0000] {logging_mixin.py:188} INFO - [2026-07-25T02:18:10.727+0000] {dag.py:3947} INFO - Setting next_dagrun for youtube_english_video_pipeline to 2026-07-24 12:00:00+00:00, run_after=2026-07-25 12:00:00+00:00
[2026-07-25T02:18:10.747+0000] {processor.py:183} INFO - Processing /opt/airflow/dags/youtube_pipeline.py took 0.084 seconds
[2026-07-25T02:18:40.971+0000] {processor.py:161} INFO - Started process (PID=4844) to work on /opt/airflow/dags/youtube_pipeline.py
[2026-07-25T02:18:40.972+0000] {processor.py:830} INFO - Processing file /opt/airflow/dags/youtube_pipeline.py for tasks to queue
[2026-07-25T02:18:40.974+0000] {logging_mixin.py:188} INFO - [2026-07-25T02:18:40.973+0000] {dagbag.py:545} INFO - Filling up the DagBag from /opt/airflow/dags/youtube_pipeline.py
[2026-07-25T02:18:40.992+0000] {processor.py:840} INFO - DAG(s) 'youtube_english_video_pipeline' retrieved from /opt/airflow/dags/youtube_pipeline.py
[2026-07-25T02:18:41.015+0000] {logging_mixin.py:188} INFO - [2026-07-25T02:18:41.015+0000] {dag.py:3089} INFO - Sync 1 DAGs
[2026-07-25T02:18:41.032+0000] {logging_mixin.py:188} INFO - [2026-07-25T02:18:41.032+0000] {dag.py:3947} INFO - Setting next_dagrun for youtube_english_video_pipeline to 2026-07-24 12:00:00+00:00, run_after=2026-07-25 12:00:00+00:00
[2026-07-25T02:18:41.046+0000] {processor.py:183} INFO - Processing /opt/airflow/dags/youtube_pipeline.py took 0.081 seconds
[2026-07-25T02:19:11.313+0000] {processor.py:161} INFO - Started process (PID=4849) to work on /opt/airflow/dags/youtube_pipeline.py
[2026-07-25T02:19:11.314+0000] {processor.py:830} INFO - Processing file /opt/airflow/dags/youtube_pipeline.py for tasks to queue
[2026-07-25T02:19:11.317+0000] {logging_mixin.py:188} INFO - [2026-07-25T02:19:11.316+0000] {dagbag.py:545} INFO - Filling up the DagBag from /opt/airflow/dags/youtube_pipeline.py
[2026-07-25T02:19:11.357+0000] {processor.py:840} INFO - DAG(s) 'youtube_english_video_pipeline' retrieved from /opt/airflow/dags/youtube_pipeline.py
[2026-07-25T02:19:11.384+0000] {logging_mixin.py:188} INFO - [2026-07-25T02:19:11.384+0000] {dag.py:3089} INFO - Sync 1 DAGs
[2026-07-25T02:19:11.403+0000] {logging_mixin.py:188} INFO - [2026-07-25T02:19:11.402+0000] {dag.py:3947} INFO - Setting next_dagrun for youtube_english_video_pipeline to 2026-07-24 12:00:00+00:00, run_after=2026-07-25 12:00:00+00:00
[2026-07-25T02:19:11.424+0000] {processor.py:183} INFO - Processing /opt/airflow/dags/youtube_pipeline.py took 0.119 seconds
[2026-07-25T02:19:41.637+0000] {processor.py:161} INFO - Started process (PID=4854) to work on /opt/airflow/dags/youtube_pipeline.py
[2026-07-25T02:19:41.640+0000] {processor.py:830} INFO - Processing file /opt/airflow/dags/youtube_pipeline.py for tasks to queue
[2026-07-25T02:19:41.643+0000] {logging_mixin.py:188} INFO - [2026-07-25T02:19:41.643+0000] {dagbag.py:545} INFO - Filling up the DagBag from /opt/airflow/dags/youtube_pipeline.py
[2026-07-25T02:19:41.702+0000] {processor.py:840} INFO - DAG(s) 'youtube_english_video_pipeline' retrieved from /opt/airflow/dags/youtube_pipeline.py
[2026-07-25T02:19:41.738+0000] {logging_mixin.py:188} INFO - [2026-07-25T02:19:41.738+0000] {dag.py:3089} INFO - Sync 1 DAGs
[2026-07-25T02:19:41.766+0000] {logging_mixin.py:188} INFO - [2026-07-25T02:19:41.766+0000] {dag.py:3947} INFO - Setting next_dagrun for youtube_english_video_pipeline to 2026-07-24 12:00:00+00:00, run_after=2026-07-25 12:00:00+00:00
[2026-07-25T02:19:41.800+0000] {processor.py:183} INFO - Processing /opt/airflow/dags/youtube_pipeline.py took 0.177 seconds
[2026-07-25T02:20:12.202+0000] {processor.py:161} INFO - Started process (PID=4859) to work on /opt/airflow/dags/youtube_pipeline.py
[2026-07-25T02:20:12.204+0000] {processor.py:830} INFO - Processing file /opt/airflow/dags/youtube_pipeline.py for tasks to queue
[2026-07-25T02:20:12.210+0000] {logging_mixin.py:188} INFO - [2026-07-25T02:20:12.209+0000] {dagbag.py:545} INFO - Filling up the DagBag from /opt/airflow/dags/youtube_pipeline.py
[2026-07-25T02:20:12.253+0000] {processor.py:840} INFO - DAG(s) 'youtube_english_video_pipeline' retrieved from /opt/airflow/dags/youtube_pipeline.py
[2026-07-25T02:20:12.285+0000] {logging_mixin.py:188} INFO - [2026-07-25T02:20:12.284+0000] {dag.py:3089} INFO - Sync 1 DAGs
[2026-07-25T02:20:12.303+0000] {logging_mixin.py:188} INFO - [2026-07-25T02:20:12.303+0000] {dag.py:3947} INFO - Setting next_dagrun for youtube_english_video_pipeline to 2026-07-24 12:00:00+00:00, run_after=2026-07-25 12:00:00+00:00
[2026-07-25T02:20:12.320+0000] {processor.py:183} INFO - Processing /opt/airflow/dags/youtube_pipeline.py took 0.134 seconds
[2026-07-25T02:20:42.414+0000] {processor.py:161} INFO - Started process (PID=4864) to work on /opt/airflow/dags/youtube_pipeline.py
[2026-07-25T02:20:42.416+0000] {processor.py:830} INFO - Processing file /opt/airflow/dags/youtube_pipeline.py for tasks to queue
[2026-07-25T02:20:42.417+0000] {logging_mixin.py:188} INFO - [2026-07-25T02:20:42.417+0000] {dagbag.py:545} INFO - Filling up the DagBag from /opt/airflow/dags/youtube_pipeline.py
[2026-07-25T02:20:42.451+0000] {processor.py:840} INFO - DAG(s) 'youtube_english_video_pipeline' retrieved from /opt/airflow/dags/youtube_pipeline.py
[2026-07-25T02:20:42.479+0000] {logging_mixin.py:188} INFO - [2026-07-25T02:20:42.478+0000] {dag.py:3089} INFO - Sync 1 DAGs
[2026-07-25T02:20:42.497+0000] {logging_mixin.py:188} INFO - [2026-07-25T02:20:42.496+0000] {dag.py:3947} INFO - Setting next_dagrun for youtube_english_video_pipeline to 2026-07-24 12:00:00+00:00, run_after=2026-07-25 12:00:00+00:00
[2026-07-25T02:20:42.514+0000] {processor.py:183} INFO - Processing /opt/airflow/dags/youtube_pipeline.py took 0.106 seconds
[2026-07-25T02:21:12.801+0000] {processor.py:161} INFO - Started process (PID=4869) to work on /opt/airflow/dags/youtube_pipeline.py
[2026-07-25T02:21:12.804+0000] {processor.py:830} INFO - Processing file /opt/airflow/dags/youtube_pipeline.py for tasks to queue
[2026-07-25T02:21:12.808+0000] {logging_mixin.py:188} INFO - [2026-07-25T02:21:12.807+0000] {dagbag.py:545} INFO - Filling up the DagBag from /opt/airflow/dags/youtube_pipeline.py
[2026-07-25T02:21:12.879+0000] {processor.py:840} INFO - DAG(s) 'youtube_english_video_pipeline' retrieved from /opt/airflow/dags/youtube_pipeline.py
[2026-07-25T02:21:12.903+0000] {logging_mixin.py:188} INFO - [2026-07-25T02:21:12.903+0000] {dag.py:3089} INFO - Sync 1 DAGs
[2026-07-25T02:21:12.919+0000] {logging_mixin.py:188} INFO - [2026-07-25T02:21:12.919+0000] {dag.py:3947} INFO - Setting next_dagrun for youtube_english_video_pipeline to 2026-07-24 12:00:00+00:00, run_after=2026-07-25 12:00:00+00:00
[2026-07-25T02:21:12.934+0000] {processor.py:183} INFO - Processing /opt/airflow/dags/youtube_pipeline.py took 0.144 seconds
[2026-07-25T02:21:43.169+0000] {processor.py:161} INFO - Started process (PID=4874) to work on /opt/airflow/dags/youtube_pipeline.py
[2026-07-25T02:21:43.172+0000] {processor.py:830} INFO - Processing file /opt/airflow/dags/youtube_pipeline.py for tasks to queue
[2026-07-25T02:21:43.174+0000] {logging_mixin.py:188} INFO - [2026-07-25T02:21:43.174+0000] {dagbag.py:545} INFO - Filling up the DagBag from /opt/airflow/dags/youtube_pipeline.py
[2026-07-25T02:21:43.221+0000] {processor.py:840} INFO - DAG(s) 'youtube_english_video_pipeline' retrieved from /opt/airflow/dags/youtube_pipeline.py
[2026-07-25T02:21:43.248+0000] {logging_mixin.py:188} INFO - [2026-07-25T02:21:43.248+0000] {dag.py:3089} INFO - Sync 1 DAGs
[2026-07-25T02:21:43.275+0000] {logging_mixin.py:188} INFO - [2026-07-25T02:21:43.274+0000] {dag.py:3947} INFO - Setting next_dagrun for youtube_english_video_pipeline to 2026-07-24 12:00:00+00:00, run_after=2026-07-25 12:00:00+00:00
[2026-07-25T02:21:43.307+0000] {processor.py:183} INFO - Processing /opt/airflow/dags/youtube_pipeline.py took 0.148 seconds
[2026-07-25T02:22:13.555+0000] {processor.py:161} INFO - Started process (PID=4879) to work on /opt/airflow/dags/youtube_pipeline.py
[2026-07-25T02:22:13.556+0000] {processor.py:830} INFO - Processing file /opt/airflow/dags/youtube_pipeline.py for tasks to queue
[2026-07-25T02:22:13.558+0000] {logging_mixin.py:188} INFO - [2026-07-25T02:22:13.558+0000] {dagbag.py:545} INFO - Filling up the DagBag from /opt/airflow/dags/youtube_pipeline.py
[2026-07-25T02:22:13.606+0000] {processor.py:840} INFO - DAG(s) 'youtube_english_video_pipeline' retrieved from /opt/airflow/dags/youtube_pipeline.py
[2026-07-25T02:22:13.634+0000] {logging_mixin.py:188} INFO - [2026-07-25T02:22:13.634+0000] {dag.py:3089} INFO - Sync 1 DAGs
[2026-07-25T02:22:13.653+0000] {logging_mixin.py:188} INFO - [2026-07-25T02:22:13.653+0000] {dag.py:3947} INFO - Setting next_dagrun for youtube_english_video_pipeline to 2026-07-24 12:00:00+00:00, run_after=2026-07-25 12:00:00+00:00
[2026-07-25T02:22:13.679+0000] {processor.py:183} INFO - Processing /opt/airflow/dags/youtube_pipeline.py took 0.134 seconds
[2026-07-25T02:22:44.035+0000] {processor.py:161} INFO - Started process (PID=4884) to work on /opt/airflow/dags/youtube_pipeline.py
[2026-07-25T02:22:44.039+0000] {processor.py:830} INFO - Processing file /opt/airflow/dags/youtube_pipeline.py for tasks to queue
[2026-07-25T02:22:44.048+0000] {logging_mixin.py:188} INFO - [2026-07-25T02:22:44.047+0000] {dagbag.py:545} INFO - Filling up the DagBag from /opt/airflow/dags/youtube_pipeline.py
[2026-07-25T02:22:44.109+0000] {processor.py:840} INFO - DAG(s) 'youtube_english_video_pipeline' retrieved from /opt/airflow/dags/youtube_pipeline.py
[2026-07-25T02:22:44.142+0000] {logging_mixin.py:188} INFO - [2026-07-25T02:22:44.142+0000] {dag.py:3089} INFO - Sync 1 DAGs
[2026-07-25T02:22:44.161+0000] {logging_mixin.py:188} INFO - [2026-07-25T02:22:44.161+0000] {dag.py:3947} INFO - Setting next_dagrun for youtube_english_video_pipeline to 2026-07-24 12:00:00+00:00, run_after=2026-07-25 12:00:00+00:00
[2026-07-25T02:22:44.180+0000] {processor.py:183} INFO - Processing /opt/airflow/dags/youtube_pipeline.py took 0.158 seconds
[2026-07-25T02:23:14.400+0000] {processor.py:161} INFO - Started process (PID=4889) to work on /opt/airflow/dags/youtube_pipeline.py
[2026-07-25T02:23:14.401+0000] {processor.py:830} INFO - Processing file /opt/airflow/dags/youtube_pipeline.py for tasks to queue
[2026-07-25T02:23:14.403+0000] {logging_mixin.py:188} INFO - [2026-07-25T02:23:14.403+0000] {dagbag.py:545} INFO - Filling up the DagBag from /opt/airflow/dags/youtube_pipeline.py
[2026-07-25T02:23:14.442+0000] {processor.py:840} INFO - DAG(s) 'youtube_english_video_pipeline' retrieved from /opt/airflow/dags/youtube_pipeline.py
[2026-07-25T02:23:14.471+0000] {logging_mixin.py:188} INFO - [2026-07-25T02:23:14.471+0000] {dag.py:3089} INFO - Sync 1 DAGs
[2026-07-25T02:23:14.490+0000] {logging_mixin.py:188} INFO - [2026-07-25T02:23:14.489+0000] {dag.py:3947} INFO - Setting next_dagrun for youtube_english_video_pipeline to 2026-07-24 12:00:00+00:00, run_after=2026-07-25 12:00:00+00:00
[2026-07-25T02:23:14.511+0000] {processor.py:183} INFO - Processing /opt/airflow/dags/youtube_pipeline.py took 0.117 seconds
[2026-07-25T02:23:44.842+0000] {processor.py:161} INFO - Started process (PID=4894) to work on /opt/airflow/dags/youtube_pipeline.py
[2026-07-25T02:23:44.845+0000] {processor.py:830} INFO - Processing file /opt/airflow/dags/youtube_pipeline.py for tasks to queue
[2026-07-25T02:23:44.847+0000] {logging_mixin.py:188} INFO - [2026-07-25T02:23:44.847+0000] {dagbag.py:545} INFO - Filling up the DagBag from /opt/airflow/dags/youtube_pipeline.py
[2026-07-25T02:23:44.886+0000] {processor.py:840} INFO - DAG(s) 'youtube_english_video_pipeline' retrieved from /opt/airflow/dags/youtube_pipeline.py
[2026-07-25T02:23:44.909+0000] {logging_mixin.py:188} INFO - [2026-07-25T02:23:44.909+0000] {dag.py:3089} INFO - Sync 1 DAGs
[2026-07-25T02:23:44.925+0000] {logging_mixin.py:188} INFO - [2026-07-25T02:23:44.925+0000] {dag.py:3947} INFO - Setting next_dagrun for youtube_english_video_pipeline to 2026-07-24 12:00:00+00:00, run_after=2026-07-25 12:00:00+00:00
[2026-07-25T02:23:44.939+0000] {processor.py:183} INFO - Processing /opt/airflow/dags/youtube_pipeline.py took 0.102 seconds
[2026-07-25T02:24:15.222+0000] {processor.py:161} INFO - Started process (PID=4899) to work on /opt/airflow/dags/youtube_pipeline.py
[2026-07-25T02:24:15.223+0000] {processor.py:830} INFO - Processing file /opt/airflow/dags/youtube_pipeline.py for tasks to queue
[2026-07-25T02:24:15.225+0000] {logging_mixin.py:188} INFO - [2026-07-25T02:24:15.224+0000] {dagbag.py:545} INFO - Filling up the DagBag from /opt/airflow/dags/youtube_pipeline.py
[2026-07-25T02:24:15.264+0000] {processor.py:840} INFO - DAG(s) 'youtube_english_video_pipeline' retrieved from /opt/airflow/dags/youtube_pipeline.py
[2026-07-25T02:24:15.299+0000] {logging_mixin.py:188} INFO - [2026-07-25T02:24:15.298+0000] {dag.py:3089} INFO - Sync 1 DAGs
[2026-07-25T02:24:15.319+0000] {logging_mixin.py:188} INFO - [2026-07-25T02:24:15.318+0000] {dag.py:3947} INFO - Setting next_dagrun for youtube_english_video_pipeline to 2026-07-24 12:00:00+00:00, run_after=2026-07-25 12:00:00+00:00
[2026-07-25T02:24:15.343+0000] {processor.py:183} INFO - Processing /opt/airflow/dags/youtube_pipeline.py took 0.127 seconds
[2026-07-25T02:24:45.584+0000] {processor.py:161} INFO - Started process (PID=4904) to work on /opt/airflow/dags/youtube_pipeline.py
[2026-07-25T02:24:45.585+0000] {processor.py:830} INFO - Processing file /opt/airflow/dags/youtube_pipeline.py for tasks to queue
[2026-07-25T02:24:45.587+0000] {logging_mixin.py:188} INFO - [2026-07-25T02:24:45.587+0000] {dagbag.py:545} INFO - Filling up the DagBag from /opt/airflow/dags/youtube_pipeline.py
[2026-07-25T02:24:45.614+0000] {processor.py:840} INFO - DAG(s) 'youtube_english_video_pipeline' retrieved from /opt/airflow/dags/youtube_pipeline.py
[2026-07-25T02:24:45.635+0000] {logging_mixin.py:188} INFO - [2026-07-25T02:24:45.635+0000] {dag.py:3089} INFO - Sync 1 DAGs
[2026-07-25T02:24:45.650+0000] {logging_mixin.py:188} INFO - [2026-07-25T02:24:45.650+0000] {dag.py:3947} INFO - Setting next_dagrun for youtube_english_video_pipeline to 2026-07-24 12:00:00+00:00, run_after=2026-07-25 12:00:00+00:00
[2026-07-25T02:24:45.665+0000] {processor.py:183} INFO - Processing /opt/airflow/dags/youtube_pipeline.py took 0.087 seconds
[2026-07-25T02:25:15.957+0000] {processor.py:161} INFO - Started process (PID=4909) to work on /opt/airflow/dags/youtube_pipeline.py
[2026-07-25T02:25:15.958+0000] {processor.py:830} INFO - Processing file /opt/airflow/dags/youtube_pipeline.py for tasks to queue
[2026-07-25T02:25:15.960+0000] {logging_mixin.py:188} INFO - [2026-07-25T02:25:15.960+0000] {dagbag.py:545} INFO - Filling up the DagBag from /opt/airflow/dags/youtube_pipeline.py
[2026-07-25T02:25:16.000+0000] {processor.py:840} INFO - DAG(s) 'youtube_english_video_pipeline' retrieved from /opt/airflow/dags/youtube_pipeline.py
[2026-07-25T02:25:16.035+0000] {logging_mixin.py:188} INFO - [2026-07-25T02:25:16.035+0000] {dag.py:3089} INFO - Sync 1 DAGs
[2026-07-25T02:25:16.068+0000] {logging_mixin.py:188} INFO - [2026-07-25T02:25:16.068+0000] {dag.py:3947} INFO - Setting next_dagrun for youtube_english_video_pipeline to 2026-07-24 12:00:00+00:00, run_after=2026-07-25 12:00:00+00:00
[2026-07-25T02:25:16.088+0000] {processor.py:183} INFO - Processing /opt/airflow/dags/youtube_pipeline.py took 0.142 seconds
[2026-07-25T02:25:46.238+0000] {processor.py:161} INFO - Started process (PID=4914) to work on /opt/airflow/dags/youtube_pipeline.py
[2026-07-25T02:25:46.239+0000] {processor.py:830} INFO - Processing file /opt/airflow/dags/youtube_pipeline.py for tasks to queue
[2026-07-25T02:25:46.241+0000] {logging_mixin.py:188} INFO - [2026-07-25T02:25:46.240+0000] {dagbag.py:545} INFO - Filling up the DagBag from /opt/airflow/dags/youtube_pipeline.py
[2026-07-25T02:25:46.296+0000] {processor.py:840} INFO - DAG(s) 'youtube_english_video_pipeline' retrieved from /opt/airflow/dags/youtube_pipeline.py
[2026-07-25T02:25:46.327+0000] {logging_mixin.py:188} INFO - [2026-07-25T02:25:46.327+0000] {dag.py:3089} INFO - Sync 1 DAGs
[2026-07-25T02:25:46.346+0000] {logging_mixin.py:188} INFO - [2026-07-25T02:25:46.346+0000] {dag.py:3947} INFO - Setting next_dagrun for youtube_english_video_pipeline to 2026-07-24 12:00:00+00:00, run_after=2026-07-25 12:00:00+00:00
[2026-07-25T02:25:46.364+0000] {processor.py:183} INFO - Processing /opt/airflow/dags/youtube_pipeline.py took 0.132 seconds
[2026-07-25T02:26:16.760+0000] {processor.py:161} INFO - Started process (PID=4919) to work on /opt/airflow/dags/youtube_pipeline.py
[2026-07-25T02:26:16.762+0000] {processor.py:830} INFO - Processing file /opt/airflow/dags/youtube_pipeline.py for tasks to queue
[2026-07-25T02:26:16.766+0000] {logging_mixin.py:188} INFO - [2026-07-25T02:26:16.765+0000] {dagbag.py:545} INFO - Filling up the DagBag from /opt/airflow/dags/youtube_pipeline.py
[2026-07-25T02:26:16.815+0000] {processor.py:840} INFO - DAG(s) 'youtube_english_video_pipeline' retrieved from /opt/airflow/dags/youtube_pipeline.py
[2026-07-25T02:26:16.853+0000] {logging_mixin.py:188} INFO - [2026-07-25T02:26:16.852+0000] {dag.py:3089} INFO - Sync 1 DAGs
[2026-07-25T02:26:16.873+0000] {logging_mixin.py:188} INFO - [2026-07-25T02:26:16.873+0000] {dag.py:3947} INFO - Setting next_dagrun for youtube_english_video_pipeline to 2026-07-24 12:00:00+00:00, run_after=2026-07-25 12:00:00+00:00
[2026-07-25T02:26:16.900+0000] {processor.py:183} INFO - Processing /opt/airflow/dags/youtube_pipeline.py took 0.151 seconds
[2026-07-25T02:26:47.046+0000] {processor.py:161} INFO - Started process (PID=4924) to work on /opt/airflow/dags/youtube_pipeline.py
[2026-07-25T02:26:47.049+0000] {processor.py:830} INFO - Processing file /opt/airflow/dags/youtube_pipeline.py for tasks to queue
[2026-07-25T02:26:47.052+0000] {logging_mixin.py:188} INFO - [2026-07-25T02:26:47.051+0000] {dagbag.py:545} INFO - Filling up the DagBag from /opt/airflow/dags/youtube_pipeline.py
[2026-07-25T02:26:47.091+0000] {processor.py:840} INFO - DAG(s) 'youtube_english_video_pipeline' retrieved from /opt/airflow/dags/youtube_pipeline.py
[2026-07-25T02:26:47.116+0000] {logging_mixin.py:188} INFO - [2026-07-25T02:26:47.116+0000] {dag.py:3089} INFO - Sync 1 DAGs
[2026-07-25T02:26:47.135+0000] {logging_mixin.py:188} INFO - [2026-07-25T02:26:47.135+0000] {dag.py:3947} INFO - Setting next_dagrun for youtube_english_video_pipeline to 2026-07-24 12:00:00+00:00, run_after=2026-07-25 12:00:00+00:00
[2026-07-25T02:26:47.151+0000] {processor.py:183} INFO - Processing /opt/airflow/dags/youtube_pipeline.py took 0.112 seconds
[2026-07-25T02:27:17.394+0000] {processor.py:161} INFO - Started process (PID=4929) to work on /opt/airflow/dags/youtube_pipeline.py
[2026-07-25T02:27:17.397+0000] {processor.py:830} INFO - Processing file /opt/airflow/dags/youtube_pipeline.py for tasks to queue
[2026-07-25T02:27:17.400+0000] {logging_mixin.py:188} INFO - [2026-07-25T02:27:17.399+0000] {dagbag.py:545} INFO - Filling up the DagBag from /opt/airflow/dags/youtube_pipeline.py
[2026-07-25T02:27:17.433+0000] {processor.py:840} INFO - DAG(s) 'youtube_english_video_pipeline' retrieved from /opt/airflow/dags/youtube_pipeline.py
[2026-07-25T02:27:17.457+0000] {logging_mixin.py:188} INFO - [2026-07-25T02:27:17.457+0000] {dag.py:3089} INFO - Sync 1 DAGs
[2026-07-25T02:27:17.471+0000] {logging_mixin.py:188} INFO - [2026-07-25T02:27:17.471+0000] {dag.py:3947} INFO - Setting next_dagrun for youtube_english_video_pipeline to 2026-07-24 12:00:00+00:00, run_after=2026-07-25 12:00:00+00:00
[2026-07-25T02:27:17.496+0000] {processor.py:183} INFO - Processing /opt/airflow/dags/youtube_pipeline.py took 0.111 seconds
[2026-07-25T02:27:47.899+0000] {processor.py:161} INFO - Started process (PID=4934) to work on /opt/airflow/dags/youtube_pipeline.py
[2026-07-25T02:27:47.902+0000] {processor.py:830} INFO - Processing file /opt/airflow/dags/youtube_pipeline.py for tasks to queue
[2026-07-25T02:27:47.905+0000] {logging_mixin.py:188} INFO - [2026-07-25T02:27:47.905+0000] {dagbag.py:545} INFO - Filling up the DagBag from /opt/airflow/dags/youtube_pipeline.py
[2026-07-25T02:27:48.048+0000] {processor.py:840} INFO - DAG(s) 'youtube_english_video_pipeline' retrieved from /opt/airflow/dags/youtube_pipeline.py
[2026-07-25T02:27:48.074+0000] {logging_mixin.py:188} INFO - [2026-07-25T02:27:48.074+0000] {dag.py:3089} INFO - Sync 1 DAGs
[2026-07-25T02:27:48.089+0000] {logging_mixin.py:188} INFO - [2026-07-25T02:27:48.089+0000] {dag.py:3947} INFO - Setting next_dagrun for youtube_english_video_pipeline to 2026-07-24 12:00:00+00:00, run_after=2026-07-25 12:00:00+00:00
[2026-07-25T02:27:48.107+0000] {processor.py:183} INFO - Processing /opt/airflow/dags/youtube_pipeline.py took 0.221 seconds
[2026-07-25T02:28:18.454+0000] {processor.py:161} INFO - Started process (PID=4939) to work on /opt/airflow/dags/youtube_pipeline.py
[2026-07-25T02:28:18.455+0000] {processor.py:830} INFO - Processing file /opt/airflow/dags/youtube_pipeline.py for tasks to queue
[2026-07-25T02:28:18.457+0000] {logging_mixin.py:188} INFO - [2026-07-25T02:28:18.457+0000] {dagbag.py:545} INFO - Filling up the DagBag from /opt/airflow/dags/youtube_pipeline.py
[2026-07-25T02:28:18.476+0000] {processor.py:840} INFO - DAG(s) 'youtube_english_video_pipeline' retrieved from /opt/airflow/dags/youtube_pipeline.py
[2026-07-25T02:28:18.501+0000] {logging_mixin.py:188} INFO - [2026-07-25T02:28:18.500+0000] {dag.py:3089} INFO - Sync 1 DAGs
[2026-07-25T02:28:18.516+0000] {logging_mixin.py:188} INFO - [2026-07-25T02:28:18.516+0000] {dag.py:3947} INFO - Setting next_dagrun for youtube_english_video_pipeline to 2026-07-24 12:00:00+00:00, run_after=2026-07-25 12:00:00+00:00
[2026-07-25T02:28:18.535+0000] {processor.py:183} INFO - Processing /opt/airflow/dags/youtube_pipeline.py took 0.091 seconds
[2026-07-25T02:28:48.740+0000] {processor.py:161} INFO - Started process (PID=4944) to work on /opt/airflow/dags/youtube_pipeline.py
[2026-07-25T02:28:48.743+0000] {processor.py:830} INFO - Processing file /opt/airflow/dags/youtube_pipeline.py for tasks to queue
[2026-07-25T02:28:48.746+0000] {logging_mixin.py:188} INFO - [2026-07-25T02:28:48.746+0000] {dagbag.py:545} INFO - Filling up the DagBag from /opt/airflow/dags/youtube_pipeline.py
[2026-07-25T02:28:48.853+0000] {processor.py:840} INFO - DAG(s) 'youtube_english_video_pipeline' retrieved from /opt/airflow/dags/youtube_pipeline.py
[2026-07-25T02:28:48.879+0000] {logging_mixin.py:188} INFO - [2026-07-25T02:28:48.879+0000] {dag.py:3089} INFO - Sync 1 DAGs
[2026-07-25T02:28:48.900+0000] {logging_mixin.py:188} INFO - [2026-07-25T02:28:48.900+0000] {dag.py:3947} INFO - Setting next_dagrun for youtube_english_video_pipeline to 2026-07-24 12:00:00+00:00, run_after=2026-07-25 12:00:00+00:00
[2026-07-25T02:28:48.917+0000] {processor.py:183} INFO - Processing /opt/airflow/dags/youtube_pipeline.py took 0.189 seconds
[2026-07-25T02:29:19.160+0000] {processor.py:161} INFO - Started process (PID=4949) to work on /opt/airflow/dags/youtube_pipeline.py
[2026-07-25T02:29:19.161+0000] {processor.py:830} INFO - Processing file /opt/airflow/dags/youtube_pipeline.py for tasks to queue
[2026-07-25T02:29:19.165+0000] {logging_mixin.py:188} INFO - [2026-07-25T02:29:19.164+0000] {dagbag.py:545} INFO - Filling up the DagBag from /opt/airflow/dags/youtube_pipeline.py
[2026-07-25T02:29:19.268+0000] {processor.py:840} INFO - DAG(s) 'youtube_english_video_pipeline' retrieved from /opt/airflow/dags/youtube_pipeline.py
[2026-07-25T02:29:19.295+0000] {logging_mixin.py:188} INFO - [2026-07-25T02:29:19.295+0000] {dag.py:3089} INFO - Sync 1 DAGs
[2026-07-25T02:29:19.310+0000] {logging_mixin.py:188} INFO - [2026-07-25T02:29:19.309+0000] {dag.py:3947} INFO - Setting next_dagrun for youtube_english_video_pipeline to 2026-07-24 12:00:00+00:00, run_after=2026-07-25 12:00:00+00:00
[2026-07-25T02:29:19.329+0000] {processor.py:183} INFO - Processing /opt/airflow/dags/youtube_pipeline.py took 0.181 seconds
[2026-07-25T02:29:49.578+0000] {processor.py:161} INFO - Started process (PID=4954) to work on /opt/airflow/dags/youtube_pipeline.py
[2026-07-25T02:29:49.580+0000] {processor.py:830} INFO - Processing file /opt/airflow/dags/youtube_pipeline.py for tasks to queue
[2026-07-25T02:29:49.581+0000] {logging_mixin.py:188} INFO - [2026-07-25T02:29:49.581+0000] {dagbag.py:545} INFO - Filling up the DagBag from /opt/airflow/dags/youtube_pipeline.py
[2026-07-25T02:29:49.617+0000] {processor.py:840} INFO - DAG(s) 'youtube_english_video_pipeline' retrieved from /opt/airflow/dags/youtube_pipeline.py
[2026-07-25T02:29:49.807+0000] {logging_mixin.py:188} INFO - [2026-07-25T02:29:49.807+0000] {dag.py:3089} INFO - Sync 1 DAGs
[2026-07-25T02:29:49.822+0000] {logging_mixin.py:188} INFO - [2026-07-25T02:29:49.821+0000] {dag.py:3947} INFO - Setting next_dagrun for youtube_english_video_pipeline to 2026-07-24 12:00:00+00:00, run_after=2026-07-25 12:00:00+00:00
[2026-07-25T02:29:49.836+0000] {processor.py:183} INFO - Processing /opt/airflow/dags/youtube_pipeline.py took 0.265 seconds
[2026-07-25T02:30:20.003+0000] {processor.py:161} INFO - Started process (PID=4959) to work on /opt/airflow/dags/youtube_pipeline.py
[2026-07-25T02:30:20.005+0000] {processor.py:830} INFO - Processing file /opt/airflow/dags/youtube_pipeline.py for tasks to queue
[2026-07-25T02:30:20.009+0000] {logging_mixin.py:188} INFO - [2026-07-25T02:30:20.009+0000] {dagbag.py:545} INFO - Filling up the DagBag from /opt/airflow/dags/youtube_pipeline.py
[2026-07-25T02:30:20.119+0000] {processor.py:840} INFO - DAG(s) 'youtube_english_video_pipeline' retrieved from /opt/airflow/dags/youtube_pipeline.py
[2026-07-25T02:30:20.153+0000] {logging_mixin.py:188} INFO - [2026-07-25T02:30:20.153+0000] {dag.py:3089} INFO - Sync 1 DAGs
[2026-07-25T02:30:20.168+0000] {logging_mixin.py:188} INFO - [2026-07-25T02:30:20.168+0000] {dag.py:3947} INFO - Setting next_dagrun for youtube_english_video_pipeline to 2026-07-24 12:00:00+00:00, run_after=2026-07-25 12:00:00+00:00
[2026-07-25T02:30:20.202+0000] {processor.py:183} INFO - Processing /opt/airflow/dags/youtube_pipeline.py took 0.212 seconds
[2026-07-25T02:30:50.648+0000] {processor.py:161} INFO - Started process (PID=4964) to work on /opt/airflow/dags/youtube_pipeline.py
[2026-07-25T02:30:50.649+0000] {processor.py:830} INFO - Processing file /opt/airflow/dags/youtube_pipeline.py for tasks to queue
[2026-07-25T02:30:50.650+0000] {logging_mixin.py:188} INFO - [2026-07-25T02:30:50.650+0000] {dagbag.py:545} INFO - Filling up the DagBag from /opt/airflow/dags/youtube_pipeline.py
[2026-07-25T02:30:50.668+0000] {processor.py:840} INFO - DAG(s) 'youtube_english_video_pipeline' retrieved from /opt/airflow/dags/youtube_pipeline.py
[2026-07-25T02:30:50.697+0000] {logging_mixin.py:188} INFO - [2026-07-25T02:30:50.697+0000] {dag.py:3089} INFO - Sync 1 DAGs
[2026-07-25T02:30:50.713+0000] {logging_mixin.py:188} INFO - [2026-07-25T02:30:50.713+0000] {dag.py:3947} INFO - Setting next_dagrun for youtube_english_video_pipeline to 2026-07-24 12:00:00+00:00, run_after=2026-07-25 12:00:00+00:00
[2026-07-25T02:30:50.739+0000] {processor.py:183} INFO - Processing /opt/airflow/dags/youtube_pipeline.py took 0.099 seconds
[2026-07-25T02:31:21.055+0000] {processor.py:161} INFO - Started process (PID=4969) to work on /opt/airflow/dags/youtube_pipeline.py
[2026-07-25T02:31:21.059+0000] {processor.py:830} INFO - Processing file /opt/airflow/dags/youtube_pipeline.py for tasks to queue
[2026-07-25T02:31:21.062+0000] {logging_mixin.py:188} INFO - [2026-07-25T02:31:21.062+0000] {dagbag.py:545} INFO - Filling up the DagBag from /opt/airflow/dags/youtube_pipeline.py
[2026-07-25T02:31:21.199+0000] {processor.py:840} INFO - DAG(s) 'youtube_english_video_pipeline' retrieved from /opt/airflow/dags/youtube_pipeline.py
[2026-07-25T02:31:21.230+0000] {logging_mixin.py:188} INFO - [2026-07-25T02:31:21.230+0000] {dag.py:3089} INFO - Sync 1 DAGs
[2026-07-25T02:31:21.246+0000] {logging_mixin.py:188} INFO - [2026-07-25T02:31:21.246+0000] {dag.py:3947} INFO - Setting next_dagrun for youtube_english_video_pipeline to 2026-07-24 12:00:00+00:00, run_after=2026-07-25 12:00:00+00:00
[2026-07-25T02:31:21.262+0000] {processor.py:183} INFO - Processing /opt/airflow/dags/youtube_pipeline.py took 0.216 seconds
[2026-07-25T02:31:51.406+0000] {processor.py:161} INFO - Started process (PID=4974) to work on /opt/airflow/dags/youtube_pipeline.py
[2026-07-25T02:31:51.410+0000] {processor.py:830} INFO - Processing file /opt/airflow/dags/youtube_pipeline.py for tasks to queue
[2026-07-25T02:31:51.413+0000] {logging_mixin.py:188} INFO - [2026-07-25T02:31:51.413+0000] {dagbag.py:545} INFO - Filling up the DagBag from /opt/airflow/dags/youtube_pipeline.py
[2026-07-25T02:31:51.457+0000] {processor.py:840} INFO - DAG(s) 'youtube_english_video_pipeline' retrieved from /opt/airflow/dags/youtube_pipeline.py
[2026-07-25T02:31:51.482+0000] {logging_mixin.py:188} INFO - [2026-07-25T02:31:51.482+0000] {dag.py:3089} INFO - Sync 1 DAGs
[2026-07-25T02:31:51.498+0000] {logging_mixin.py:188} INFO - [2026-07-25T02:31:51.498+0000] {dag.py:3947} INFO - Setting next_dagrun for youtube_english_video_pipeline to 2026-07-24 12:00:00+00:00, run_after=2026-07-25 12:00:00+00:00
[2026-07-25T02:31:51.520+0000] {processor.py:183} INFO - Processing /opt/airflow/dags/youtube_pipeline.py took 0.125 seconds
[2026-07-25T02:32:21.690+0000] {processor.py:161} INFO - Started process (PID=4979) to work on /opt/airflow/dags/youtube_pipeline.py
[2026-07-25T02:32:21.693+0000] {processor.py:830} INFO - Processing file /opt/airflow/dags/youtube_pipeline.py for tasks to queue
[2026-07-25T02:32:21.696+0000] {logging_mixin.py:188} INFO - [2026-07-25T02:32:21.696+0000] {dagbag.py:545} INFO - Filling up the DagBag from /opt/airflow/dags/youtube_pipeline.py
[2026-07-25T02:32:21.787+0000] {processor.py:840} INFO - DAG(s) 'youtube_english_video_pipeline' retrieved from /opt/airflow/dags/youtube_pipeline.py
[2026-07-25T02:32:21.811+0000] {logging_mixin.py:188} INFO - [2026-07-25T02:32:21.810+0000] {dag.py:3089} INFO - Sync 1 DAGs
[2026-07-25T02:32:21.828+0000] {logging_mixin.py:188} INFO - [2026-07-25T02:32:21.828+0000] {dag.py:3947} INFO - Setting next_dagrun for youtube_english_video_pipeline to 2026-07-24 12:00:00+00:00, run_after=2026-07-25 12:00:00+00:00
[2026-07-25T02:32:21.842+0000] {processor.py:183} INFO - Processing /opt/airflow/dags/youtube_pipeline.py took 0.159 seconds
[2026-07-25T02:32:52.182+0000] {processor.py:161} INFO - Started process (PID=4984) to work on /opt/airflow/dags/youtube_pipeline.py
[2026-07-25T02:32:52.184+0000] {processor.py:830} INFO - Processing file /opt/airflow/dags/youtube_pipeline.py for tasks to queue
[2026-07-25T02:32:52.186+0000] {logging_mixin.py:188} INFO - [2026-07-25T02:32:52.186+0000] {dagbag.py:545} INFO - Filling up the DagBag from /opt/airflow/dags/youtube_pipeline.py
[2026-07-25T02:32:52.224+0000] {processor.py:840} INFO - DAG(s) 'youtube_english_video_pipeline' retrieved from /opt/airflow/dags/youtube_pipeline.py
[2026-07-25T02:32:52.247+0000] {logging_mixin.py:188} INFO - [2026-07-25T02:32:52.247+0000] {dag.py:3089} INFO - Sync 1 DAGs
[2026-07-25T02:32:52.262+0000] {logging_mixin.py:188} INFO - [2026-07-25T02:32:52.262+0000] {dag.py:3947} INFO - Setting next_dagrun for youtube_english_video_pipeline to 2026-07-24 12:00:00+00:00, run_after=2026-07-25 12:00:00+00:00
[2026-07-25T02:32:52.278+0000] {processor.py:183} INFO - Processing /opt/airflow/dags/youtube_pipeline.py took 0.104 seconds
[2026-07-25T02:33:22.446+0000] {processor.py:161} INFO - Started process (PID=4989) to work on /opt/airflow/dags/youtube_pipeline.py
[2026-07-25T02:33:22.447+0000] {processor.py:830} INFO - Processing file /opt/airflow/dags/youtube_pipeline.py for tasks to queue
[2026-07-25T02:33:22.450+0000] {logging_mixin.py:188} INFO - [2026-07-25T02:33:22.449+0000] {dagbag.py:545} INFO - Filling up the DagBag from /opt/airflow/dags/youtube_pipeline.py
[2026-07-25T02:33:22.494+0000] {processor.py:840} INFO - DAG(s) 'youtube_english_video_pipeline' retrieved from /opt/airflow/dags/youtube_pipeline.py
[2026-07-25T02:33:22.518+0000] {logging_mixin.py:188} INFO - [2026-07-25T02:33:22.518+0000] {dag.py:3089} INFO - Sync 1 DAGs
[2026-07-25T02:33:22.532+0000] {logging_mixin.py:188} INFO - [2026-07-25T02:33:22.532+0000] {dag.py:3947} INFO - Setting next_dagrun for youtube_english_video_pipeline to 2026-07-24 12:00:00+00:00, run_after=2026-07-25 12:00:00+00:00
[2026-07-25T02:33:22.548+0000] {processor.py:183} INFO - Processing /opt/airflow/dags/youtube_pipeline.py took 0.109 seconds
[2026-07-25T02:33:52.850+0000] {processor.py:161} INFO - Started process (PID=4994) to work on /opt/airflow/dags/youtube_pipeline.py
[2026-07-25T02:33:52.854+0000] {processor.py:830} INFO - Processing file /opt/airflow/dags/youtube_pipeline.py for tasks to queue
[2026-07-25T02:33:52.857+0000] {logging_mixin.py:188} INFO - [2026-07-25T02:33:52.856+0000] {dagbag.py:545} INFO - Filling up the DagBag from /opt/airflow/dags/youtube_pipeline.py
[2026-07-25T02:33:52.921+0000] {processor.py:840} INFO - DAG(s) 'youtube_english_video_pipeline' retrieved from /opt/airflow/dags/youtube_pipeline.py
[2026-07-25T02:33:52.954+0000] {logging_mixin.py:188} INFO - [2026-07-25T02:33:52.954+0000] {dag.py:3089} INFO - Sync 1 DAGs
[2026-07-25T02:33:52.973+0000] {logging_mixin.py:188} INFO - [2026-07-25T02:33:52.973+0000] {dag.py:3947} INFO - Setting next_dagrun for youtube_english_video_pipeline to 2026-07-24 12:00:00+00:00, run_after=2026-07-25 12:00:00+00:00
[2026-07-25T02:33:52.994+0000] {processor.py:183} INFO - Processing /opt/airflow/dags/youtube_pipeline.py took 0.158 seconds
[2026-07-25T02:34:23.091+0000] {processor.py:161} INFO - Started process (PID=4999) to work on /opt/airflow/dags/youtube_pipeline.py
[2026-07-25T02:34:23.092+0000] {processor.py:830} INFO - Processing file /opt/airflow/dags/youtube_pipeline.py for tasks to queue
[2026-07-25T02:34:23.094+0000] {logging_mixin.py:188} INFO - [2026-07-25T02:34:23.093+0000] {dagbag.py:545} INFO - Filling up the DagBag from /opt/airflow/dags/youtube_pipeline.py
[2026-07-25T02:34:23.129+0000] {processor.py:840} INFO - DAG(s) 'youtube_english_video_pipeline' retrieved from /opt/airflow/dags/youtube_pipeline.py
[2026-07-25T02:34:23.156+0000] {logging_mixin.py:188} INFO - [2026-07-25T02:34:23.155+0000] {dag.py:3089} INFO - Sync 1 DAGs
[2026-07-25T02:34:23.175+0000] {logging_mixin.py:188} INFO - [2026-07-25T02:34:23.175+0000] {dag.py:3947} INFO - Setting next_dagrun for youtube_english_video_pipeline to 2026-07-24 12:00:00+00:00, run_after=2026-07-25 12:00:00+00:00
[2026-07-25T02:34:23.194+0000] {processor.py:183} INFO - Processing /opt/airflow/dags/youtube_pipeline.py took 0.109 seconds
[2026-07-25T02:34:53.496+0000] {processor.py:161} INFO - Started process (PID=5004) to work on /opt/airflow/dags/youtube_pipeline.py
[2026-07-25T02:34:53.497+0000] {processor.py:830} INFO - Processing file /opt/airflow/dags/youtube_pipeline.py for tasks to queue
[2026-07-25T02:34:53.499+0000] {logging_mixin.py:188} INFO - [2026-07-25T02:34:53.499+0000] {dagbag.py:545} INFO - Filling up the DagBag from /opt/airflow/dags/youtube_pipeline.py
[2026-07-25T02:34:53.529+0000] {processor.py:840} INFO - DAG(s) 'youtube_english_video_pipeline' retrieved from /opt/airflow/dags/youtube_pipeline.py
[2026-07-25T02:34:53.552+0000] {logging_mixin.py:188} INFO - [2026-07-25T02:34:53.552+0000] {dag.py:3089} INFO - Sync 1 DAGs
[2026-07-25T02:34:53.567+0000] {logging_mixin.py:188} INFO - [2026-07-25T02:34:53.567+0000] {dag.py:3947} INFO - Setting next_dagrun for youtube_english_video_pipeline to 2026-07-24 12:00:00+00:00, run_after=2026-07-25 12:00:00+00:00
[2026-07-25T02:34:53.583+0000] {processor.py:183} INFO - Processing /opt/airflow/dags/youtube_pipeline.py took 0.095 seconds
[2026-07-25T02:35:23.807+0000] {processor.py:161} INFO - Started process (PID=5009) to work on /opt/airflow/dags/youtube_pipeline.py
[2026-07-25T02:35:23.810+0000] {processor.py:830} INFO - Processing file /opt/airflow/dags/youtube_pipeline.py for tasks to queue
[2026-07-25T02:35:23.812+0000] {logging_mixin.py:188} INFO - [2026-07-25T02:35:23.812+0000] {dagbag.py:545} INFO - Filling up the DagBag from /opt/airflow/dags/youtube_pipeline.py
[2026-07-25T02:35:23.865+0000] {processor.py:840} INFO - DAG(s) 'youtube_english_video_pipeline' retrieved from /opt/airflow/dags/youtube_pipeline.py
[2026-07-25T02:35:23.892+0000] {logging_mixin.py:188} INFO - [2026-07-25T02:35:23.892+0000] {dag.py:3089} INFO - Sync 1 DAGs
[2026-07-25T02:35:23.908+0000] {logging_mixin.py:188} INFO - [2026-07-25T02:35:23.908+0000] {dag.py:3947} INFO - Setting next_dagrun for youtube_english_video_pipeline to 2026-07-24 12:00:00+00:00, run_after=2026-07-25 12:00:00+00:00
[2026-07-25T02:35:23.921+0000] {processor.py:183} INFO - Processing /opt/airflow/dags/youtube_pipeline.py took 0.122 seconds
[2026-07-25T02:35:54.079+0000] {processor.py:161} INFO - Started process (PID=5014) to work on /opt/airflow/dags/youtube_pipeline.py
[2026-07-25T02:35:54.082+0000] {processor.py:830} INFO - Processing file /opt/airflow/dags/youtube_pipeline.py for tasks to queue
[2026-07-25T02:35:54.086+0000] {logging_mixin.py:188} INFO - [2026-07-25T02:35:54.086+0000] {dagbag.py:545} INFO - Filling up the DagBag from /opt/airflow/dags/youtube_pipeline.py
[2026-07-25T02:35:54.133+0000] {processor.py:840} INFO - DAG(s) 'youtube_english_video_pipeline' retrieved from /opt/airflow/dags/youtube_pipeline.py
[2026-07-25T02:35:54.159+0000] {logging_mixin.py:188} INFO - [2026-07-25T02:35:54.158+0000] {dag.py:3089} INFO - Sync 1 DAGs
[2026-07-25T02:35:54.173+0000] {logging_mixin.py:188} INFO - [2026-07-25T02:35:54.173+0000] {dag.py:3947} INFO - Setting next_dagrun for youtube_english_video_pipeline to 2026-07-24 12:00:00+00:00, run_after=2026-07-25 12:00:00+00:00
[2026-07-25T02:35:54.189+0000] {processor.py:183} INFO - Processing /opt/airflow/dags/youtube_pipeline.py took 0.122 seconds
[2026-07-25T02:36:24.510+0000] {processor.py:161} INFO - Started process (PID=5019) to work on /opt/airflow/dags/youtube_pipeline.py
[2026-07-25T02:36:24.511+0000] {processor.py:830} INFO - Processing file /opt/airflow/dags/youtube_pipeline.py for tasks to queue
[2026-07-25T02:36:24.514+0000] {logging_mixin.py:188} INFO - [2026-07-25T02:36:24.514+0000] {dagbag.py:545} INFO - Filling up the DagBag from /opt/airflow/dags/youtube_pipeline.py
[2026-07-25T02:36:24.533+0000] {processor.py:840} INFO - DAG(s) 'youtube_english_video_pipeline' retrieved from /opt/airflow/dags/youtube_pipeline.py
[2026-07-25T02:36:24.556+0000] {logging_mixin.py:188} INFO - [2026-07-25T02:36:24.556+0000] {dag.py:3089} INFO - Sync 1 DAGs
[2026-07-25T02:36:24.580+0000] {logging_mixin.py:188} INFO - [2026-07-25T02:36:24.580+0000] {dag.py:3947} INFO - Setting next_dagrun for youtube_english_video_pipeline to 2026-07-24 12:00:00+00:00, run_after=2026-07-25 12:00:00+00:00
[2026-07-25T02:36:24.627+0000] {processor.py:183} INFO - Processing /opt/airflow/dags/youtube_pipeline.py took 0.122 seconds
[2026-07-25T02:36:54.834+0000] {processor.py:161} INFO - Started process (PID=5024) to work on /opt/airflow/dags/youtube_pipeline.py
[2026-07-25T02:36:54.835+0000] {processor.py:830} INFO - Processing file /opt/airflow/dags/youtube_pipeline.py for tasks to queue
[2026-07-25T02:36:54.837+0000] {logging_mixin.py:188} INFO - [2026-07-25T02:36:54.837+0000] {dagbag.py:545} INFO - Filling up the DagBag from /opt/airflow/dags/youtube_pipeline.py
[2026-07-25T02:36:54.865+0000] {processor.py:840} INFO - DAG(s) 'youtube_english_video_pipeline' retrieved from /opt/airflow/dags/youtube_pipeline.py
[2026-07-25T02:36:54.898+0000] {logging_mixin.py:188} INFO - [2026-07-25T02:36:54.898+0000] {dag.py:3089} INFO - Sync 1 DAGs
[2026-07-25T02:36:54.917+0000] {logging_mixin.py:188} INFO - [2026-07-25T02:36:54.917+0000] {dag.py:3947} INFO - Setting next_dagrun for youtube_english_video_pipeline to 2026-07-24 12:00:00+00:00, run_after=2026-07-25 12:00:00+00:00
[2026-07-25T02:36:54.936+0000] {processor.py:183} INFO - Processing /opt/airflow/dags/youtube_pipeline.py took 0.108 seconds
[2026-07-25T02:37:25.176+0000] {processor.py:161} INFO - Started process (PID=5029) to work on /opt/airflow/dags/youtube_pipeline.py
[2026-07-25T02:37:25.177+0000] {processor.py:830} INFO - Processing file /opt/airflow/dags/youtube_pipeline.py for tasks to queue
[2026-07-25T02:37:25.179+0000] {logging_mixin.py:188} INFO - [2026-07-25T02:37:25.179+0000] {dagbag.py:545} INFO - Filling up the DagBag from /opt/airflow/dags/youtube_pipeline.py
[2026-07-25T02:37:25.216+0000] {processor.py:840} INFO - DAG(s) 'youtube_english_video_pipeline' retrieved from /opt/airflow/dags/youtube_pipeline.py
[2026-07-25T02:37:25.239+0000] {logging_mixin.py:188} INFO - [2026-07-25T02:37:25.239+0000] {dag.py:3089} INFO - Sync 1 DAGs
[2026-07-25T02:37:25.254+0000] {logging_mixin.py:188} INFO - [2026-07-25T02:37:25.254+0000] {dag.py:3947} INFO - Setting next_dagrun for youtube_english_video_pipeline to 2026-07-24 12:00:00+00:00, run_after=2026-07-25 12:00:00+00:00
[2026-07-25T02:37:25.270+0000] {processor.py:183} INFO - Processing /opt/airflow/dags/youtube_pipeline.py took 0.100 seconds
[2026-07-25T02:37:55.482+0000] {processor.py:161} INFO - Started process (PID=5034) to work on /opt/airflow/dags/youtube_pipeline.py
[2026-07-25T02:37:55.484+0000] {processor.py:830} INFO - Processing file /opt/airflow/dags/youtube_pipeline.py for tasks to queue
[2026-07-25T02:37:55.487+0000] {logging_mixin.py:188} INFO - [2026-07-25T02:37:55.487+0000] {dagbag.py:545} INFO - Filling up the DagBag from /opt/airflow/dags/youtube_pipeline.py
[2026-07-25T02:37:55.538+0000] {processor.py:840} INFO - DAG(s) 'youtube_english_video_pipeline' retrieved from /opt/airflow/dags/youtube_pipeline.py
[2026-07-25T02:37:55.564+0000] {logging_mixin.py:188} INFO - [2026-07-25T02:37:55.564+0000] {dag.py:3089} INFO - Sync 1 DAGs
[2026-07-25T02:37:55.579+0000] {logging_mixin.py:188} INFO - [2026-07-25T02:37:55.579+0000] {dag.py:3947} INFO - Setting next_dagrun for youtube_english_video_pipeline to 2026-07-24 12:00:00+00:00, run_after=2026-07-25 12:00:00+00:00
[2026-07-25T02:37:55.593+0000] {processor.py:183} INFO - Processing /opt/airflow/dags/youtube_pipeline.py took 0.120 seconds
[2026-07-25T02:38:25.806+0000] {processor.py:161} INFO - Started process (PID=5039) to work on /opt/airflow/dags/youtube_pipeline.py
[2026-07-25T02:38:25.808+0000] {processor.py:830} INFO - Processing file /opt/airflow/dags/youtube_pipeline.py for tasks to queue
[2026-07-25T02:38:25.810+0000] {logging_mixin.py:188} INFO - [2026-07-25T02:38:25.810+0000] {dagbag.py:545} INFO - Filling up the DagBag from /opt/airflow/dags/youtube_pipeline.py
[2026-07-25T02:38:25.844+0000] {processor.py:840} INFO - DAG(s) 'youtube_english_video_pipeline' retrieved from /opt/airflow/dags/youtube_pipeline.py
[2026-07-25T02:38:25.869+0000] {logging_mixin.py:188} INFO - [2026-07-25T02:38:25.868+0000] {dag.py:3089} INFO - Sync 1 DAGs
[2026-07-25T02:38:25.887+0000] {logging_mixin.py:188} INFO - [2026-07-25T02:38:25.887+0000] {dag.py:3947} INFO - Setting next_dagrun for youtube_english_video_pipeline to 2026-07-24 12:00:00+00:00, run_after=2026-07-25 12:00:00+00:00
[2026-07-25T02:38:25.907+0000] {processor.py:183} INFO - Processing /opt/airflow/dags/youtube_pipeline.py took 0.108 seconds
[2026-07-25T02:38:56.220+0000] {processor.py:161} INFO - Started process (PID=5044) to work on /opt/airflow/dags/youtube_pipeline.py
[2026-07-25T02:38:56.222+0000] {processor.py:830} INFO - Processing file /opt/airflow/dags/youtube_pipeline.py for tasks to queue
[2026-07-25T02:38:56.224+0000] {logging_mixin.py:188} INFO - [2026-07-25T02:38:56.223+0000] {dagbag.py:545} INFO - Filling up the DagBag from /opt/airflow/dags/youtube_pipeline.py
[2026-07-25T02:38:56.258+0000] {processor.py:840} INFO - DAG(s) 'youtube_english_video_pipeline' retrieved from /opt/airflow/dags/youtube_pipeline.py
[2026-07-25T02:38:56.285+0000] {logging_mixin.py:188} INFO - [2026-07-25T02:38:56.284+0000] {dag.py:3089} INFO - Sync 1 DAGs
[2026-07-25T02:38:56.300+0000] {logging_mixin.py:188} INFO - [2026-07-25T02:38:56.300+0000] {dag.py:3947} INFO - Setting next_dagrun for youtube_english_video_pipeline to 2026-07-24 12:00:00+00:00, run_after=2026-07-25 12:00:00+00:00
[2026-07-25T02:38:56.317+0000] {processor.py:183} INFO - Processing /opt/airflow/dags/youtube_pipeline.py took 0.103 seconds
[2026-07-25T02:39:26.552+0000] {processor.py:161} INFO - Started process (PID=5049) to work on /opt/airflow/dags/youtube_pipeline.py
[2026-07-25T02:39:26.554+0000] {processor.py:830} INFO - Processing file /opt/airflow/dags/youtube_pipeline.py for tasks to queue
[2026-07-25T02:39:26.555+0000] {logging_mixin.py:188} INFO - [2026-07-25T02:39:26.555+0000] {dagbag.py:545} INFO - Filling up the DagBag from /opt/airflow/dags/youtube_pipeline.py
[2026-07-25T02:39:26.588+0000] {processor.py:840} INFO - DAG(s) 'youtube_english_video_pipeline' retrieved from /opt/airflow/dags/youtube_pipeline.py
[2026-07-25T02:39:26.610+0000] {logging_mixin.py:188} INFO - [2026-07-25T02:39:26.610+0000] {dag.py:3089} INFO - Sync 1 DAGs
[2026-07-25T02:39:26.625+0000] {logging_mixin.py:188} INFO - [2026-07-25T02:39:26.625+0000] {dag.py:3947} INFO - Setting next_dagrun for youtube_english_video_pipeline to 2026-07-24 12:00:00+00:00, run_after=2026-07-25 12:00:00+00:00
[2026-07-25T02:39:26.640+0000] {processor.py:183} INFO - Processing /opt/airflow/dags/youtube_pipeline.py took 0.098 seconds
[2026-07-25T02:39:56.889+0000] {processor.py:161} INFO - Started process (PID=5054) to work on /opt/airflow/dags/youtube_pipeline.py
[2026-07-25T02:39:56.889+0000] {processor.py:830} INFO - Processing file /opt/airflow/dags/youtube_pipeline.py for tasks to queue
[2026-07-25T02:39:56.891+0000] {logging_mixin.py:188} INFO - [2026-07-25T02:39:56.891+0000] {dagbag.py:545} INFO - Filling up the DagBag from /opt/airflow/dags/youtube_pipeline.py
[2026-07-25T02:39:56.908+0000] {processor.py:840} INFO - DAG(s) 'youtube_english_video_pipeline' retrieved from /opt/airflow/dags/youtube_pipeline.py
[2026-07-25T02:39:56.930+0000] {logging_mixin.py:188} INFO - [2026-07-25T02:39:56.930+0000] {dag.py:3089} INFO - Sync 1 DAGs
[2026-07-25T02:39:56.945+0000] {logging_mixin.py:188} INFO - [2026-07-25T02:39:56.945+0000] {dag.py:3947} INFO - Setting next_dagrun for youtube_english_video_pipeline to 2026-07-24 12:00:00+00:00, run_after=2026-07-25 12:00:00+00:00
[2026-07-25T02:39:56.959+0000] {processor.py:183} INFO - Processing /opt/airflow/dags/youtube_pipeline.py took 0.076 seconds
[2026-07-25T02:40:27.294+0000] {processor.py:161} INFO - Started process (PID=5059) to work on /opt/airflow/dags/youtube_pipeline.py
[2026-07-25T02:40:27.295+0000] {processor.py:830} INFO - Processing file /opt/airflow/dags/youtube_pipeline.py for tasks to queue
[2026-07-25T02:40:27.297+0000] {logging_mixin.py:188} INFO - [2026-07-25T02:40:27.297+0000] {dagbag.py:545} INFO - Filling up the DagBag from /opt/airflow/dags/youtube_pipeline.py
[2026-07-25T02:40:27.341+0000] {processor.py:840} INFO - DAG(s) 'youtube_english_video_pipeline' retrieved from /opt/airflow/dags/youtube_pipeline.py
[2026-07-25T02:40:27.365+0000] {logging_mixin.py:188} INFO - [2026-07-25T02:40:27.365+0000] {dag.py:3089} INFO - Sync 1 DAGs
[2026-07-25T02:40:27.380+0000] {logging_mixin.py:188} INFO - [2026-07-25T02:40:27.380+0000] {dag.py:3947} INFO - Setting next_dagrun for youtube_english_video_pipeline to 2026-07-24 12:00:00+00:00, run_after=2026-07-25 12:00:00+00:00
[2026-07-25T02:40:27.395+0000] {processor.py:183} INFO - Processing /opt/airflow/dags/youtube_pipeline.py took 0.109 seconds
[2026-07-25T02:40:57.595+0000] {processor.py:161} INFO - Started process (PID=5064) to work on /opt/airflow/dags/youtube_pipeline.py
[2026-07-25T02:40:57.597+0000] {processor.py:830} INFO - Processing file /opt/airflow/dags/youtube_pipeline.py for tasks to queue
[2026-07-25T02:40:57.598+0000] {logging_mixin.py:188} INFO - [2026-07-25T02:40:57.598+0000] {dagbag.py:545} INFO - Filling up the DagBag from /opt/airflow/dags/youtube_pipeline.py
[2026-07-25T02:40:57.643+0000] {processor.py:840} INFO - DAG(s) 'youtube_english_video_pipeline' retrieved from /opt/airflow/dags/youtube_pipeline.py
[2026-07-25T02:40:57.672+0000] {logging_mixin.py:188} INFO - [2026-07-25T02:40:57.672+0000] {dag.py:3089} INFO - Sync 1 DAGs
[2026-07-25T02:40:57.689+0000] {logging_mixin.py:188} INFO - [2026-07-25T02:40:57.689+0000] {dag.py:3947} INFO - Setting next_dagrun for youtube_english_video_pipeline to 2026-07-24 12:00:00+00:00, run_after=2026-07-25 12:00:00+00:00
[2026-07-25T02:40:57.707+0000] {processor.py:183} INFO - Processing /opt/airflow/dags/youtube_pipeline.py took 0.122 seconds
[2026-07-25T02:41:28.024+0000] {processor.py:161} INFO - Started process (PID=5069) to work on /opt/airflow/dags/youtube_pipeline.py
[2026-07-25T02:41:28.025+0000] {processor.py:830} INFO - Processing file /opt/airflow/dags/youtube_pipeline.py for tasks to queue
[2026-07-25T02:41:28.028+0000] {logging_mixin.py:188} INFO - [2026-07-25T02:41:28.028+0000] {dagbag.py:545} INFO - Filling up the DagBag from /opt/airflow/dags/youtube_pipeline.py
[2026-07-25T02:41:28.075+0000] {processor.py:840} INFO - DAG(s) 'youtube_english_video_pipeline' retrieved from /opt/airflow/dags/youtube_pipeline.py
[2026-07-25T02:41:28.098+0000] {logging_mixin.py:188} INFO - [2026-07-25T02:41:28.098+0000] {dag.py:3089} INFO - Sync 1 DAGs
[2026-07-25T02:41:28.113+0000] {logging_mixin.py:188} INFO - [2026-07-25T02:41:28.113+0000] {dag.py:3947} INFO - Setting next_dagrun for youtube_english_video_pipeline to 2026-07-24 12:00:00+00:00, run_after=2026-07-25 12:00:00+00:00
[2026-07-25T02:41:28.128+0000] {processor.py:183} INFO - Processing /opt/airflow/dags/youtube_pipeline.py took 0.114 seconds
[2026-07-25T02:41:58.412+0000] {processor.py:161} INFO - Started process (PID=5074) to work on /opt/airflow/dags/youtube_pipeline.py
[2026-07-25T02:41:58.416+0000] {processor.py:830} INFO - Processing file /opt/airflow/dags/youtube_pipeline.py for tasks to queue
[2026-07-25T02:41:58.423+0000] {logging_mixin.py:188} INFO - [2026-07-25T02:41:58.422+0000] {dagbag.py:545} INFO - Filling up the DagBag from /opt/airflow/dags/youtube_pipeline.py
[2026-07-25T02:41:58.455+0000] {processor.py:840} INFO - DAG(s) 'youtube_english_video_pipeline' retrieved from /opt/airflow/dags/youtube_pipeline.py
[2026-07-25T02:41:58.478+0000] {logging_mixin.py:188} INFO - [2026-07-25T02:41:58.478+0000] {dag.py:3089} INFO - Sync 1 DAGs
[2026-07-25T02:41:58.496+0000] {logging_mixin.py:188} INFO - [2026-07-25T02:41:58.496+0000] {dag.py:3947} INFO - Setting next_dagrun for youtube_english_video_pipeline to 2026-07-24 12:00:00+00:00, run_after=2026-07-25 12:00:00+00:00
[2026-07-25T02:41:58.521+0000] {processor.py:183} INFO - Processing /opt/airflow/dags/youtube_pipeline.py took 0.125 seconds
[2026-07-25T02:42:28.736+0000] {processor.py:161} INFO - Started process (PID=5079) to work on /opt/airflow/dags/youtube_pipeline.py
[2026-07-25T02:42:28.738+0000] {processor.py:830} INFO - Processing file /opt/airflow/dags/youtube_pipeline.py for tasks to queue
[2026-07-25T02:42:28.740+0000] {logging_mixin.py:188} INFO - [2026-07-25T02:42:28.739+0000] {dagbag.py:545} INFO - Filling up the DagBag from /opt/airflow/dags/youtube_pipeline.py
[2026-07-25T02:42:28.794+0000] {processor.py:840} INFO - DAG(s) 'youtube_english_video_pipeline' retrieved from /opt/airflow/dags/youtube_pipeline.py
[2026-07-25T02:42:28.830+0000] {logging_mixin.py:188} INFO - [2026-07-25T02:42:28.830+0000] {dag.py:3089} INFO - Sync 1 DAGs
[2026-07-25T02:42:28.852+0000] {logging_mixin.py:188} INFO - [2026-07-25T02:42:28.852+0000] {dag.py:3947} INFO - Setting next_dagrun for youtube_english_video_pipeline to 2026-07-24 12:00:00+00:00, run_after=2026-07-25 12:00:00+00:00
[2026-07-25T02:42:28.874+0000] {processor.py:183} INFO - Processing /opt/airflow/dags/youtube_pipeline.py took 0.143 seconds
[2026-07-25T02:42:59.163+0000] {processor.py:161} INFO - Started process (PID=5084) to work on /opt/airflow/dags/youtube_pipeline.py
[2026-07-25T02:42:59.165+0000] {processor.py:830} INFO - Processing file /opt/airflow/dags/youtube_pipeline.py for tasks to queue
[2026-07-25T02:42:59.168+0000] {logging_mixin.py:188} INFO - [2026-07-25T02:42:59.168+0000] {dagbag.py:545} INFO - Filling up the DagBag from /opt/airflow/dags/youtube_pipeline.py
[2026-07-25T02:42:59.230+0000] {processor.py:840} INFO - DAG(s) 'youtube_english_video_pipeline' retrieved from /opt/airflow/dags/youtube_pipeline.py
[2026-07-25T02:42:59.253+0000] {logging_mixin.py:188} INFO - [2026-07-25T02:42:59.253+0000] {dag.py:3089} INFO - Sync 1 DAGs
[2026-07-25T02:42:59.268+0000] {logging_mixin.py:188} INFO - [2026-07-25T02:42:59.268+0000] {dag.py:3947} INFO - Setting next_dagrun for youtube_english_video_pipeline to 2026-07-24 12:00:00+00:00, run_after=2026-07-25 12:00:00+00:00
[2026-07-25T02:42:59.285+0000] {processor.py:183} INFO - Processing /opt/airflow/dags/youtube_pipeline.py took 0.127 seconds
[2026-07-25T02:43:29.503+0000] {processor.py:161} INFO - Started process (PID=5089) to work on /opt/airflow/dags/youtube_pipeline.py
[2026-07-25T02:43:29.504+0000] {processor.py:830} INFO - Processing file /opt/airflow/dags/youtube_pipeline.py for tasks to queue
[2026-07-25T02:43:29.506+0000] {logging_mixin.py:188} INFO - [2026-07-25T02:43:29.505+0000] {dagbag.py:545} INFO - Filling up the DagBag from /opt/airflow/dags/youtube_pipeline.py
[2026-07-25T02:43:29.544+0000] {processor.py:840} INFO - DAG(s) 'youtube_english_video_pipeline' retrieved from /opt/airflow/dags/youtube_pipeline.py
[2026-07-25T02:43:29.566+0000] {logging_mixin.py:188} INFO - [2026-07-25T02:43:29.566+0000] {dag.py:3089} INFO - Sync 1 DAGs
[2026-07-25T02:43:29.581+0000] {logging_mixin.py:188} INFO - [2026-07-25T02:43:29.581+0000] {dag.py:3947} INFO - Setting next_dagrun for youtube_english_video_pipeline to 2026-07-24 12:00:00+00:00, run_after=2026-07-25 12:00:00+00:00
[2026-07-25T02:43:29.595+0000] {processor.py:183} INFO - Processing /opt/airflow/dags/youtube_pipeline.py took 0.100 seconds
[2026-07-25T02:43:59.937+0000] {processor.py:161} INFO - Started process (PID=5094) to work on /opt/airflow/dags/youtube_pipeline.py
[2026-07-25T02:43:59.939+0000] {processor.py:830} INFO - Processing file /opt/airflow/dags/youtube_pipeline.py for tasks to queue
[2026-07-25T02:43:59.941+0000] {logging_mixin.py:188} INFO - [2026-07-25T02:43:59.940+0000] {dagbag.py:545} INFO - Filling up the DagBag from /opt/airflow/dags/youtube_pipeline.py
[2026-07-25T02:44:00.010+0000] {processor.py:840} INFO - DAG(s) 'youtube_english_video_pipeline' retrieved from /opt/airflow/dags/youtube_pipeline.py
[2026-07-25T02:44:00.044+0000] {logging_mixin.py:188} INFO - [2026-07-25T02:44:00.044+0000] {dag.py:3089} INFO - Sync 1 DAGs
[2026-07-25T02:44:00.061+0000] {logging_mixin.py:188} INFO - [2026-07-25T02:44:00.061+0000] {dag.py:3947} INFO - Setting next_dagrun for youtube_english_video_pipeline to 2026-07-24 12:00:00+00:00, run_after=2026-07-25 12:00:00+00:00
[2026-07-25T02:44:00.082+0000] {processor.py:183} INFO - Processing /opt/airflow/dags/youtube_pipeline.py took 0.156 seconds
[2026-07-25T02:44:30.347+0000] {processor.py:161} INFO - Started process (PID=5099) to work on /opt/airflow/dags/youtube_pipeline.py
[2026-07-25T02:44:30.349+0000] {processor.py:830} INFO - Processing file /opt/airflow/dags/youtube_pipeline.py for tasks to queue
[2026-07-25T02:44:30.351+0000] {logging_mixin.py:188} INFO - [2026-07-25T02:44:30.351+0000] {dagbag.py:545} INFO - Filling up the DagBag from /opt/airflow/dags/youtube_pipeline.py
[2026-07-25T02:44:30.373+0000] {processor.py:840} INFO - DAG(s) 'youtube_english_video_pipeline' retrieved from /opt/airflow/dags/youtube_pipeline.py
[2026-07-25T02:44:30.396+0000] {logging_mixin.py:188} INFO - [2026-07-25T02:44:30.396+0000] {dag.py:3089} INFO - Sync 1 DAGs
[2026-07-25T02:44:30.412+0000] {logging_mixin.py:188} INFO - [2026-07-25T02:44:30.412+0000] {dag.py:3947} INFO - Setting next_dagrun for youtube_english_video_pipeline to 2026-07-24 12:00:00+00:00, run_after=2026-07-25 12:00:00+00:00
[2026-07-25T02:44:30.430+0000] {processor.py:183} INFO - Processing /opt/airflow/dags/youtube_pipeline.py took 0.097 seconds
[2026-07-25T02:45:00.811+0000] {processor.py:161} INFO - Started process (PID=5104) to work on /opt/airflow/dags/youtube_pipeline.py
[2026-07-25T02:45:00.812+0000] {processor.py:830} INFO - Processing file /opt/airflow/dags/youtube_pipeline.py for tasks to queue
[2026-07-25T02:45:00.814+0000] {logging_mixin.py:188} INFO - [2026-07-25T02:45:00.814+0000] {dagbag.py:545} INFO - Filling up the DagBag from /opt/airflow/dags/youtube_pipeline.py
[2026-07-25T02:45:00.850+0000] {processor.py:840} INFO - DAG(s) 'youtube_english_video_pipeline' retrieved from /opt/airflow/dags/youtube_pipeline.py
[2026-07-25T02:45:00.874+0000] {logging_mixin.py:188} INFO - [2026-07-25T02:45:00.874+0000] {dag.py:3089} INFO - Sync 1 DAGs
[2026-07-25T02:45:00.890+0000] {logging_mixin.py:188} INFO - [2026-07-25T02:45:00.890+0000] {dag.py:3947} INFO - Setting next_dagrun for youtube_english_video_pipeline to 2026-07-24 12:00:00+00:00, run_after=2026-07-25 12:00:00+00:00
[2026-07-25T02:45:00.906+0000] {processor.py:183} INFO - Processing /opt/airflow/dags/youtube_pipeline.py took 0.102 seconds
[2026-07-25T02:45:31.211+0000] {processor.py:161} INFO - Started process (PID=5109) to work on /opt/airflow/dags/youtube_pipeline.py
[2026-07-25T02:45:31.212+0000] {processor.py:830} INFO - Processing file /opt/airflow/dags/youtube_pipeline.py for tasks to queue
[2026-07-25T02:45:31.215+0000] {logging_mixin.py:188} INFO - [2026-07-25T02:45:31.214+0000] {dagbag.py:545} INFO - Filling up the DagBag from /opt/airflow/dags/youtube_pipeline.py
[2026-07-25T02:45:31.237+0000] {processor.py:840} INFO - DAG(s) 'youtube_english_video_pipeline' retrieved from /opt/airflow/dags/youtube_pipeline.py
[2026-07-25T02:45:31.259+0000] {logging_mixin.py:188} INFO - [2026-07-25T02:45:31.259+0000] {dag.py:3089} INFO - Sync 1 DAGs
[2026-07-25T02:45:31.273+0000] {logging_mixin.py:188} INFO - [2026-07-25T02:45:31.273+0000] {dag.py:3947} INFO - Setting next_dagrun for youtube_english_video_pipeline to 2026-07-24 12:00:00+00:00, run_after=2026-07-25 12:00:00+00:00
[2026-07-25T02:45:31.286+0000] {processor.py:183} INFO - Processing /opt/airflow/dags/youtube_pipeline.py took 0.088 seconds
[2026-07-25T02:46:01.615+0000] {processor.py:161} INFO - Started process (PID=5114) to work on /opt/airflow/dags/youtube_pipeline.py
[2026-07-25T02:46:01.618+0000] {processor.py:830} INFO - Processing file /opt/airflow/dags/youtube_pipeline.py for tasks to queue
[2026-07-25T02:46:01.623+0000] {logging_mixin.py:188} INFO - [2026-07-25T02:46:01.623+0000] {dagbag.py:545} INFO - Filling up the DagBag from /opt/airflow/dags/youtube_pipeline.py
[2026-07-25T02:46:01.699+0000] {processor.py:840} INFO - DAG(s) 'youtube_english_video_pipeline' retrieved from /opt/airflow/dags/youtube_pipeline.py
[2026-07-25T02:46:01.724+0000] {logging_mixin.py:188} INFO - [2026-07-25T02:46:01.724+0000] {dag.py:3089} INFO - Sync 1 DAGs
[2026-07-25T02:46:01.739+0000] {logging_mixin.py:188} INFO - [2026-07-25T02:46:01.739+0000] {dag.py:3947} INFO - Setting next_dagrun for youtube_english_video_pipeline to 2026-07-24 12:00:00+00:00, run_after=2026-07-25 12:00:00+00:00
[2026-07-25T02:46:01.762+0000] {processor.py:183} INFO - Processing /opt/airflow/dags/youtube_pipeline.py took 0.160 seconds
[2026-07-25T02:46:32.002+0000] {processor.py:161} INFO - Started process (PID=5119) to work on /opt/airflow/dags/youtube_pipeline.py
[2026-07-25T02:46:32.005+0000] {processor.py:830} INFO - Processing file /opt/airflow/dags/youtube_pipeline.py for tasks to queue
[2026-07-25T02:46:32.007+0000] {logging_mixin.py:188} INFO - [2026-07-25T02:46:32.007+0000] {dagbag.py:545} INFO - Filling up the DagBag from /opt/airflow/dags/youtube_pipeline.py
[2026-07-25T02:46:32.030+0000] {processor.py:840} INFO - DAG(s) 'youtube_english_video_pipeline' retrieved from /opt/airflow/dags/youtube_pipeline.py
[2026-07-25T02:46:32.052+0000] {logging_mixin.py:188} INFO - [2026-07-25T02:46:32.052+0000] {dag.py:3089} INFO - Sync 1 DAGs
[2026-07-25T02:46:32.067+0000] {logging_mixin.py:188} INFO - [2026-07-25T02:46:32.067+0000] {dag.py:3947} INFO - Setting next_dagrun for youtube_english_video_pipeline to 2026-07-24 12:00:00+00:00, run_after=2026-07-25 12:00:00+00:00
[2026-07-25T02:46:32.082+0000] {processor.py:183} INFO - Processing /opt/airflow/dags/youtube_pipeline.py took 0.091 seconds
[2026-07-25T02:47:02.496+0000] {processor.py:161} INFO - Started process (PID=5124) to work on /opt/airflow/dags/youtube_pipeline.py
[2026-07-25T02:47:02.498+0000] {processor.py:830} INFO - Processing file /opt/airflow/dags/youtube_pipeline.py for tasks to queue
[2026-07-25T02:47:02.501+0000] {logging_mixin.py:188} INFO - [2026-07-25T02:47:02.501+0000] {dagbag.py:545} INFO - Filling up the DagBag from /opt/airflow/dags/youtube_pipeline.py
[2026-07-25T02:47:02.643+0000] {processor.py:840} INFO - DAG(s) 'youtube_english_video_pipeline' retrieved from /opt/airflow/dags/youtube_pipeline.py
[2026-07-25T02:47:02.669+0000] {logging_mixin.py:188} INFO - [2026-07-25T02:47:02.669+0000] {dag.py:3089} INFO - Sync 1 DAGs
[2026-07-25T02:47:02.684+0000] {logging_mixin.py:188} INFO - [2026-07-25T02:47:02.684+0000] {dag.py:3947} INFO - Setting next_dagrun for youtube_english_video_pipeline to 2026-07-24 12:00:00+00:00, run_after=2026-07-25 12:00:00+00:00
[2026-07-25T02:47:02.709+0000] {processor.py:183} INFO - Processing /opt/airflow/dags/youtube_pipeline.py took 0.227 seconds
[2026-07-25T02:47:33.104+0000] {processor.py:161} INFO - Started process (PID=5129) to work on /opt/airflow/dags/youtube_pipeline.py
[2026-07-25T02:47:33.105+0000] {processor.py:830} INFO - Processing file /opt/airflow/dags/youtube_pipeline.py for tasks to queue
[2026-07-25T02:47:33.108+0000] {logging_mixin.py:188} INFO - [2026-07-25T02:47:33.107+0000] {dagbag.py:545} INFO - Filling up the DagBag from /opt/airflow/dags/youtube_pipeline.py
[2026-07-25T02:47:33.143+0000] {processor.py:840} INFO - DAG(s) 'youtube_english_video_pipeline' retrieved from /opt/airflow/dags/youtube_pipeline.py
[2026-07-25T02:47:33.167+0000] {logging_mixin.py:188} INFO - [2026-07-25T02:47:33.167+0000] {dag.py:3089} INFO - Sync 1 DAGs
[2026-07-25T02:47:33.182+0000] {logging_mixin.py:188} INFO - [2026-07-25T02:47:33.181+0000] {dag.py:3947} INFO - Setting next_dagrun for youtube_english_video_pipeline to 2026-07-24 12:00:00+00:00, run_after=2026-07-25 12:00:00+00:00
[2026-07-25T02:47:33.198+0000] {processor.py:183} INFO - Processing /opt/airflow/dags/youtube_pipeline.py took 0.103 seconds
[2026-07-25T02:48:03.372+0000] {processor.py:161} INFO - Started process (PID=5134) to work on /opt/airflow/dags/youtube_pipeline.py
[2026-07-25T02:48:03.374+0000] {processor.py:830} INFO - Processing file /opt/airflow/dags/youtube_pipeline.py for tasks to queue
[2026-07-25T02:48:03.376+0000] {logging_mixin.py:188} INFO - [2026-07-25T02:48:03.376+0000] {dagbag.py:545} INFO - Filling up the DagBag from /opt/airflow/dags/youtube_pipeline.py
[2026-07-25T02:48:03.416+0000] {processor.py:840} INFO - DAG(s) 'youtube_english_video_pipeline' retrieved from /opt/airflow/dags/youtube_pipeline.py
[2026-07-25T02:48:03.442+0000] {logging_mixin.py:188} INFO - [2026-07-25T02:48:03.442+0000] {dag.py:3089} INFO - Sync 1 DAGs
[2026-07-25T02:48:03.459+0000] {logging_mixin.py:188} INFO - [2026-07-25T02:48:03.458+0000] {dag.py:3947} INFO - Setting next_dagrun for youtube_english_video_pipeline to 2026-07-24 12:00:00+00:00, run_after=2026-07-25 12:00:00+00:00
[2026-07-25T02:48:03.474+0000] {processor.py:183} INFO - Processing /opt/airflow/dags/youtube_pipeline.py took 0.114 seconds
[2026-07-25T02:48:33.773+0000] {processor.py:161} INFO - Started process (PID=5139) to work on /opt/airflow/dags/youtube_pipeline.py
[2026-07-25T02:48:33.774+0000] {processor.py:830} INFO - Processing file /opt/airflow/dags/youtube_pipeline.py for tasks to queue
[2026-07-25T02:48:33.776+0000] {logging_mixin.py:188} INFO - [2026-07-25T02:48:33.775+0000] {dagbag.py:545} INFO - Filling up the DagBag from /opt/airflow/dags/youtube_pipeline.py
[2026-07-25T02:48:33.813+0000] {processor.py:840} INFO - DAG(s) 'youtube_english_video_pipeline' retrieved from /opt/airflow/dags/youtube_pipeline.py
[2026-07-25T02:48:33.846+0000] {logging_mixin.py:188} INFO - [2026-07-25T02:48:33.846+0000] {dag.py:3089} INFO - Sync 1 DAGs
[2026-07-25T02:48:33.865+0000] {logging_mixin.py:188} INFO - [2026-07-25T02:48:33.864+0000] {dag.py:3947} INFO - Setting next_dagrun for youtube_english_video_pipeline to 2026-07-24 12:00:00+00:00, run_after=2026-07-25 12:00:00+00:00
[2026-07-25T02:48:33.880+0000] {processor.py:183} INFO - Processing /opt/airflow/dags/youtube_pipeline.py took 0.112 seconds
[2026-07-25T02:49:04.028+0000] {processor.py:161} INFO - Started process (PID=5144) to work on /opt/airflow/dags/youtube_pipeline.py
[2026-07-25T02:49:04.030+0000] {processor.py:830} INFO - Processing file /opt/airflow/dags/youtube_pipeline.py for tasks to queue
[2026-07-25T02:49:04.031+0000] {logging_mixin.py:188} INFO - [2026-07-25T02:49:04.031+0000] {dagbag.py:545} INFO - Filling up the DagBag from /opt/airflow/dags/youtube_pipeline.py
[2026-07-25T02:49:04.063+0000] {processor.py:840} INFO - DAG(s) 'youtube_english_video_pipeline' retrieved from /opt/airflow/dags/youtube_pipeline.py
[2026-07-25T02:49:04.087+0000] {logging_mixin.py:188} INFO - [2026-07-25T02:49:04.086+0000] {dag.py:3089} INFO - Sync 1 DAGs
[2026-07-25T02:49:04.101+0000] {logging_mixin.py:188} INFO - [2026-07-25T02:49:04.101+0000] {dag.py:3947} INFO - Setting next_dagrun for youtube_english_video_pipeline to 2026-07-24 12:00:00+00:00, run_after=2026-07-25 12:00:00+00:00
[2026-07-25T02:49:04.117+0000] {processor.py:183} INFO - Processing /opt/airflow/dags/youtube_pipeline.py took 0.094 seconds
[2026-07-25T02:49:34.321+0000] {processor.py:161} INFO - Started process (PID=5149) to work on /opt/airflow/dags/youtube_pipeline.py
[2026-07-25T02:49:34.324+0000] {processor.py:830} INFO - Processing file /opt/airflow/dags/youtube_pipeline.py for tasks to queue
[2026-07-25T02:49:34.328+0000] {logging_mixin.py:188} INFO - [2026-07-25T02:49:34.327+0000] {dagbag.py:545} INFO - Filling up the DagBag from /opt/airflow/dags/youtube_pipeline.py
[2026-07-25T02:49:34.436+0000] {processor.py:840} INFO - DAG(s) 'youtube_english_video_pipeline' retrieved from /opt/airflow/dags/youtube_pipeline.py
[2026-07-25T02:49:34.459+0000] {logging_mixin.py:188} INFO - [2026-07-25T02:49:34.459+0000] {dag.py:3089} INFO - Sync 1 DAGs
[2026-07-25T02:49:34.475+0000] {logging_mixin.py:188} INFO - [2026-07-25T02:49:34.474+0000] {dag.py:3947} INFO - Setting next_dagrun for youtube_english_video_pipeline to 2026-07-24 12:00:00+00:00, run_after=2026-07-25 12:00:00+00:00
[2026-07-25T02:49:34.504+0000] {processor.py:183} INFO - Processing /opt/airflow/dags/youtube_pipeline.py took 0.197 seconds
[2026-07-25T02:50:04.800+0000] {processor.py:161} INFO - Started process (PID=5154) to work on /opt/airflow/dags/youtube_pipeline.py
[2026-07-25T02:50:04.801+0000] {processor.py:830} INFO - Processing file /opt/airflow/dags/youtube_pipeline.py for tasks to queue
[2026-07-25T02:50:04.806+0000] {logging_mixin.py:188} INFO - [2026-07-25T02:50:04.805+0000] {dagbag.py:545} INFO - Filling up the DagBag from /opt/airflow/dags/youtube_pipeline.py
[2026-07-25T02:50:04.889+0000] {processor.py:840} INFO - DAG(s) 'youtube_english_video_pipeline' retrieved from /opt/airflow/dags/youtube_pipeline.py
[2026-07-25T02:50:04.915+0000] {logging_mixin.py:188} INFO - [2026-07-25T02:50:04.915+0000] {dag.py:3089} INFO - Sync 1 DAGs
[2026-07-25T02:50:04.931+0000] {logging_mixin.py:188} INFO - [2026-07-25T02:50:04.931+0000] {dag.py:3947} INFO - Setting next_dagrun for youtube_english_video_pipeline to 2026-07-24 12:00:00+00:00, run_after=2026-07-25 12:00:00+00:00
[2026-07-25T02:50:04.947+0000] {processor.py:183} INFO - Processing /opt/airflow/dags/youtube_pipeline.py took 0.161 seconds
[2026-07-25T02:50:35.140+0000] {processor.py:161} INFO - Started process (PID=5159) to work on /opt/airflow/dags/youtube_pipeline.py
[2026-07-25T02:50:35.141+0000] {processor.py:830} INFO - Processing file /opt/airflow/dags/youtube_pipeline.py for tasks to queue
[2026-07-25T02:50:35.143+0000] {logging_mixin.py:188} INFO - [2026-07-25T02:50:35.143+0000] {dagbag.py:545} INFO - Filling up the DagBag from /opt/airflow/dags/youtube_pipeline.py
[2026-07-25T02:50:35.165+0000] {processor.py:840} INFO - DAG(s) 'youtube_english_video_pipeline' retrieved from /opt/airflow/dags/youtube_pipeline.py
[2026-07-25T02:50:35.187+0000] {logging_mixin.py:188} INFO - [2026-07-25T02:50:35.187+0000] {dag.py:3089} INFO - Sync 1 DAGs
[2026-07-25T02:50:35.202+0000] {logging_mixin.py:188} INFO - [2026-07-25T02:50:35.202+0000] {dag.py:3947} INFO - Setting next_dagrun for youtube_english_video_pipeline to 2026-07-24 12:00:00+00:00, run_after=2026-07-25 12:00:00+00:00
[2026-07-25T02:50:35.216+0000] {processor.py:183} INFO - Processing /opt/airflow/dags/youtube_pipeline.py took 0.086 seconds
[2026-07-25T02:51:05.489+0000] {processor.py:161} INFO - Started process (PID=5164) to work on /opt/airflow/dags/youtube_pipeline.py
[2026-07-25T02:51:05.491+0000] {processor.py:830} INFO - Processing file /opt/airflow/dags/youtube_pipeline.py for tasks to queue
[2026-07-25T02:51:05.493+0000] {logging_mixin.py:188} INFO - [2026-07-25T02:51:05.493+0000] {dagbag.py:545} INFO - Filling up the DagBag from /opt/airflow/dags/youtube_pipeline.py
[2026-07-25T02:51:05.591+0000] {processor.py:840} INFO - DAG(s) 'youtube_english_video_pipeline' retrieved from /opt/airflow/dags/youtube_pipeline.py
[2026-07-25T02:51:05.620+0000] {logging_mixin.py:188} INFO - [2026-07-25T02:51:05.620+0000] {dag.py:3089} INFO - Sync 1 DAGs
[2026-07-25T02:51:05.635+0000] {logging_mixin.py:188} INFO - [2026-07-25T02:51:05.635+0000] {dag.py:3947} INFO - Setting next_dagrun for youtube_english_video_pipeline to 2026-07-24 12:00:00+00:00, run_after=2026-07-25 12:00:00+00:00
[2026-07-25T02:51:05.650+0000] {processor.py:183} INFO - Processing /opt/airflow/dags/youtube_pipeline.py took 0.169 seconds
[2026-07-25T02:51:35.892+0000] {processor.py:161} INFO - Started process (PID=5169) to work on /opt/airflow/dags/youtube_pipeline.py
[2026-07-25T02:51:35.894+0000] {processor.py:830} INFO - Processing file /opt/airflow/dags/youtube_pipeline.py for tasks to queue
[2026-07-25T02:51:35.899+0000] {logging_mixin.py:188} INFO - [2026-07-25T02:51:35.898+0000] {dagbag.py:545} INFO - Filling up the DagBag from /opt/airflow/dags/youtube_pipeline.py
[2026-07-25T02:51:36.007+0000] {processor.py:840} INFO - DAG(s) 'youtube_english_video_pipeline' retrieved from /opt/airflow/dags/youtube_pipeline.py
[2026-07-25T02:51:36.033+0000] {logging_mixin.py:188} INFO - [2026-07-25T02:51:36.033+0000] {dag.py:3089} INFO - Sync 1 DAGs
[2026-07-25T02:51:36.051+0000] {logging_mixin.py:188} INFO - [2026-07-25T02:51:36.050+0000] {dag.py:3947} INFO - Setting next_dagrun for youtube_english_video_pipeline to 2026-07-24 12:00:00+00:00, run_after=2026-07-25 12:00:00+00:00
[2026-07-25T02:51:36.076+0000] {processor.py:183} INFO - Processing /opt/airflow/dags/youtube_pipeline.py took 0.198 seconds
[2026-07-25T02:52:06.282+0000] {processor.py:161} INFO - Started process (PID=5174) to work on /opt/airflow/dags/youtube_pipeline.py
[2026-07-25T02:52:06.283+0000] {processor.py:830} INFO - Processing file /opt/airflow/dags/youtube_pipeline.py for tasks to queue
[2026-07-25T02:52:06.288+0000] {logging_mixin.py:188} INFO - [2026-07-25T02:52:06.288+0000] {dagbag.py:545} INFO - Filling up the DagBag from /opt/airflow/dags/youtube_pipeline.py
[2026-07-25T02:52:06.323+0000] {processor.py:840} INFO - DAG(s) 'youtube_english_video_pipeline' retrieved from /opt/airflow/dags/youtube_pipeline.py
[2026-07-25T02:52:06.346+0000] {logging_mixin.py:188} INFO - [2026-07-25T02:52:06.346+0000] {dag.py:3089} INFO - Sync 1 DAGs
[2026-07-25T02:52:06.361+0000] {logging_mixin.py:188} INFO - [2026-07-25T02:52:06.360+0000] {dag.py:3947} INFO - Setting next_dagrun for youtube_english_video_pipeline to 2026-07-24 12:00:00+00:00, run_after=2026-07-25 12:00:00+00:00
[2026-07-25T02:52:06.376+0000] {processor.py:183} INFO - Processing /opt/airflow/dags/youtube_pipeline.py took 0.104 seconds
[2026-07-25T02:52:36.567+0000] {processor.py:161} INFO - Started process (PID=5179) to work on /opt/airflow/dags/youtube_pipeline.py
[2026-07-25T02:52:36.569+0000] {processor.py:830} INFO - Processing file /opt/airflow/dags/youtube_pipeline.py for tasks to queue
[2026-07-25T02:52:36.570+0000] {logging_mixin.py:188} INFO - [2026-07-25T02:52:36.570+0000] {dagbag.py:545} INFO - Filling up the DagBag from /opt/airflow/dags/youtube_pipeline.py
[2026-07-25T02:52:36.597+0000] {processor.py:840} INFO - DAG(s) 'youtube_english_video_pipeline' retrieved from /opt/airflow/dags/youtube_pipeline.py
[2026-07-25T02:52:36.620+0000] {logging_mixin.py:188} INFO - [2026-07-25T02:52:36.620+0000] {dag.py:3089} INFO - Sync 1 DAGs
[2026-07-25T02:52:36.634+0000] {logging_mixin.py:188} INFO - [2026-07-25T02:52:36.634+0000] {dag.py:3947} INFO - Setting next_dagrun for youtube_english_video_pipeline to 2026-07-24 12:00:00+00:00, run_after=2026-07-25 12:00:00+00:00
[2026-07-25T02:52:36.659+0000] {processor.py:183} INFO - Processing /opt/airflow/dags/youtube_pipeline.py took 0.101 seconds
[2026-07-25T02:53:06.788+0000] {processor.py:161} INFO - Started process (PID=5184) to work on /opt/airflow/dags/youtube_pipeline.py
[2026-07-25T02:53:06.790+0000] {processor.py:830} INFO - Processing file /opt/airflow/dags/youtube_pipeline.py for tasks to queue
[2026-07-25T02:53:06.793+0000] {logging_mixin.py:188} INFO - [2026-07-25T02:53:06.792+0000] {dagbag.py:545} INFO - Filling up the DagBag from /opt/airflow/dags/youtube_pipeline.py
[2026-07-25T02:53:06.843+0000] {processor.py:840} INFO - DAG(s) 'youtube_english_video_pipeline' retrieved from /opt/airflow/dags/youtube_pipeline.py
[2026-07-25T02:53:06.885+0000] {logging_mixin.py:188} INFO - [2026-07-25T02:53:06.885+0000] {dag.py:3089} INFO - Sync 1 DAGs
[2026-07-25T02:53:06.901+0000] {logging_mixin.py:188} INFO - [2026-07-25T02:53:06.901+0000] {dag.py:3947} INFO - Setting next_dagrun for youtube_english_video_pipeline to 2026-07-24 12:00:00+00:00, run_after=2026-07-25 12:00:00+00:00
[2026-07-25T02:53:06.924+0000] {processor.py:183} INFO - Processing /opt/airflow/dags/youtube_pipeline.py took 0.151 seconds
[2026-07-25T02:53:37.251+0000] {processor.py:161} INFO - Started process (PID=5189) to work on /opt/airflow/dags/youtube_pipeline.py
[2026-07-25T02:53:37.253+0000] {processor.py:830} INFO - Processing file /opt/airflow/dags/youtube_pipeline.py for tasks to queue
[2026-07-25T02:53:37.255+0000] {logging_mixin.py:188} INFO - [2026-07-25T02:53:37.255+0000] {dagbag.py:545} INFO - Filling up the DagBag from /opt/airflow/dags/youtube_pipeline.py
[2026-07-25T02:53:37.283+0000] {processor.py:840} INFO - DAG(s) 'youtube_english_video_pipeline' retrieved from /opt/airflow/dags/youtube_pipeline.py
[2026-07-25T02:53:37.312+0000] {logging_mixin.py:188} INFO - [2026-07-25T02:53:37.311+0000] {dag.py:3089} INFO - Sync 1 DAGs
[2026-07-25T02:53:37.329+0000] {logging_mixin.py:188} INFO - [2026-07-25T02:53:37.329+0000] {dag.py:3947} INFO - Setting next_dagrun for youtube_english_video_pipeline to 2026-07-24 12:00:00+00:00, run_after=2026-07-25 12:00:00+00:00
[2026-07-25T02:53:37.347+0000] {processor.py:183} INFO - Processing /opt/airflow/dags/youtube_pipeline.py took 0.102 seconds
[2026-07-25T02:54:07.535+0000] {processor.py:161} INFO - Started process (PID=5194) to work on /opt/airflow/dags/youtube_pipeline.py
[2026-07-25T02:54:07.537+0000] {processor.py:830} INFO - Processing file /opt/airflow/dags/youtube_pipeline.py for tasks to queue
[2026-07-25T02:54:07.539+0000] {logging_mixin.py:188} INFO - [2026-07-25T02:54:07.539+0000] {dagbag.py:545} INFO - Filling up the DagBag from /opt/airflow/dags/youtube_pipeline.py
[2026-07-25T02:54:07.572+0000] {processor.py:840} INFO - DAG(s) 'youtube_english_video_pipeline' retrieved from /opt/airflow/dags/youtube_pipeline.py
[2026-07-25T02:54:07.595+0000] {logging_mixin.py:188} INFO - [2026-07-25T02:54:07.594+0000] {dag.py:3089} INFO - Sync 1 DAGs
[2026-07-25T02:54:07.610+0000] {logging_mixin.py:188} INFO - [2026-07-25T02:54:07.610+0000] {dag.py:3947} INFO - Setting next_dagrun for youtube_english_video_pipeline to 2026-07-24 12:00:00+00:00, run_after=2026-07-25 12:00:00+00:00
[2026-07-25T02:54:07.624+0000] {processor.py:183} INFO - Processing /opt/airflow/dags/youtube_pipeline.py took 0.096 seconds
[2026-07-25T03:08:49.995+0000] {processor.py:161} INFO - Started process (PID=5199) to work on /opt/airflow/dags/youtube_pipeline.py
[2026-07-25T03:08:49.998+0000] {processor.py:830} INFO - Processing file /opt/airflow/dags/youtube_pipeline.py for tasks to queue
[2026-07-25T03:08:50.000+0000] {logging_mixin.py:188} INFO - [2026-07-25T03:08:50.000+0000] {dagbag.py:545} INFO - Filling up the DagBag from /opt/airflow/dags/youtube_pipeline.py
[2026-07-25T03:08:50.075+0000] {processor.py:840} INFO - DAG(s) 'youtube_english_video_pipeline' retrieved from /opt/airflow/dags/youtube_pipeline.py
[2026-07-25T03:08:50.106+0000] {logging_mixin.py:188} INFO - [2026-07-25T03:08:50.105+0000] {dag.py:3089} INFO - Sync 1 DAGs
[2026-07-25T03:08:50.125+0000] {logging_mixin.py:188} INFO - [2026-07-25T03:08:50.125+0000] {dag.py:3947} INFO - Setting next_dagrun for youtube_english_video_pipeline to 2026-07-24 12:00:00+00:00, run_after=2026-07-25 12:00:00+00:00
[2026-07-25T03:08:50.160+0000] {processor.py:183} INFO - Processing /opt/airflow/dags/youtube_pipeline.py took 0.173 seconds
[2026-07-25T03:10:33.706+0000] {processor.py:161} INFO - Started process (PID=5204) to work on /opt/airflow/dags/youtube_pipeline.py
[2026-07-25T03:10:33.709+0000] {processor.py:830} INFO - Processing file /opt/airflow/dags/youtube_pipeline.py for tasks to queue
[2026-07-25T03:10:33.711+0000] {logging_mixin.py:188} INFO - [2026-07-25T03:10:33.710+0000] {dagbag.py:545} INFO - Filling up the DagBag from /opt/airflow/dags/youtube_pipeline.py
[2026-07-25T03:10:33.769+0000] {processor.py:840} INFO - DAG(s) 'youtube_english_video_pipeline' retrieved from /opt/airflow/dags/youtube_pipeline.py
[2026-07-25T03:10:33.821+0000] {logging_mixin.py:188} INFO - [2026-07-25T03:10:33.820+0000] {dag.py:3089} INFO - Sync 1 DAGs
[2026-07-25T03:10:33.854+0000] {logging_mixin.py:188} INFO - [2026-07-25T03:10:33.854+0000] {dag.py:3947} INFO - Setting next_dagrun for youtube_english_video_pipeline to 2026-07-24 12:00:00+00:00, run_after=2026-07-25 12:00:00+00:00
[2026-07-25T03:10:33.887+0000] {processor.py:183} INFO - Processing /opt/airflow/dags/youtube_pipeline.py took 0.196 seconds
[2026-07-25T03:11:03.966+0000] {processor.py:161} INFO - Started process (PID=5209) to work on /opt/airflow/dags/youtube_pipeline.py
[2026-07-25T03:11:03.967+0000] {processor.py:830} INFO - Processing file /opt/airflow/dags/youtube_pipeline.py for tasks to queue
[2026-07-25T03:11:03.969+0000] {logging_mixin.py:188} INFO - [2026-07-25T03:11:03.969+0000] {dagbag.py:545} INFO - Filling up the DagBag from /opt/airflow/dags/youtube_pipeline.py
[2026-07-25T03:11:03.993+0000] {processor.py:840} INFO - DAG(s) 'youtube_english_video_pipeline' retrieved from /opt/airflow/dags/youtube_pipeline.py
[2026-07-25T03:11:04.021+0000] {logging_mixin.py:188} INFO - [2026-07-25T03:11:04.020+0000] {dag.py:3089} INFO - Sync 1 DAGs
[2026-07-25T03:11:04.036+0000] {logging_mixin.py:188} INFO - [2026-07-25T03:11:04.036+0000] {dag.py:3947} INFO - Setting next_dagrun for youtube_english_video_pipeline to 2026-07-24 12:00:00+00:00, run_after=2026-07-25 12:00:00+00:00
[2026-07-25T03:11:04.052+0000] {processor.py:183} INFO - Processing /opt/airflow/dags/youtube_pipeline.py took 0.096 seconds
[2026-07-25T03:11:34.188+0000] {processor.py:161} INFO - Started process (PID=5214) to work on /opt/airflow/dags/youtube_pipeline.py
[2026-07-25T03:11:34.190+0000] {processor.py:830} INFO - Processing file /opt/airflow/dags/youtube_pipeline.py for tasks to queue
[2026-07-25T03:11:34.191+0000] {logging_mixin.py:188} INFO - [2026-07-25T03:11:34.191+0000] {dagbag.py:545} INFO - Filling up the DagBag from /opt/airflow/dags/youtube_pipeline.py
[2026-07-25T03:11:34.225+0000] {processor.py:840} INFO - DAG(s) 'youtube_english_video_pipeline' retrieved from /opt/airflow/dags/youtube_pipeline.py
[2026-07-25T03:11:34.258+0000] {logging_mixin.py:188} INFO - [2026-07-25T03:11:34.257+0000] {dag.py:3089} INFO - Sync 1 DAGs
[2026-07-25T03:11:34.281+0000] {logging_mixin.py:188} INFO - [2026-07-25T03:11:34.281+0000] {dag.py:3947} INFO - Setting next_dagrun for youtube_english_video_pipeline to 2026-07-24 12:00:00+00:00, run_after=2026-07-25 12:00:00+00:00
[2026-07-25T03:11:34.303+0000] {processor.py:183} INFO - Processing /opt/airflow/dags/youtube_pipeline.py took 0.123 seconds
[2026-07-25T03:12:04.522+0000] {processor.py:161} INFO - Started process (PID=5219) to work on /opt/airflow/dags/youtube_pipeline.py
[2026-07-25T03:12:04.523+0000] {processor.py:830} INFO - Processing file /opt/airflow/dags/youtube_pipeline.py for tasks to queue
[2026-07-25T03:12:04.525+0000] {logging_mixin.py:188} INFO - [2026-07-25T03:12:04.525+0000] {dagbag.py:545} INFO - Filling up the DagBag from /opt/airflow/dags/youtube_pipeline.py
[2026-07-25T03:12:04.549+0000] {processor.py:840} INFO - DAG(s) 'youtube_english_video_pipeline' retrieved from /opt/airflow/dags/youtube_pipeline.py
[2026-07-25T03:12:04.574+0000] {logging_mixin.py:188} INFO - [2026-07-25T03:12:04.574+0000] {dag.py:3089} INFO - Sync 1 DAGs
[2026-07-25T03:12:04.591+0000] {logging_mixin.py:188} INFO - [2026-07-25T03:12:04.591+0000] {dag.py:3947} INFO - Setting next_dagrun for youtube_english_video_pipeline to 2026-07-24 12:00:00+00:00, run_after=2026-07-25 12:00:00+00:00
[2026-07-25T03:12:04.607+0000] {processor.py:183} INFO - Processing /opt/airflow/dags/youtube_pipeline.py took 0.091 seconds
[2026-07-25T03:12:34.785+0000] {processor.py:161} INFO - Started process (PID=5224) to work on /opt/airflow/dags/youtube_pipeline.py
[2026-07-25T03:12:34.796+0000] {processor.py:830} INFO - Processing file /opt/airflow/dags/youtube_pipeline.py for tasks to queue
[2026-07-25T03:12:34.799+0000] {logging_mixin.py:188} INFO - [2026-07-25T03:12:34.799+0000] {dagbag.py:545} INFO - Filling up the DagBag from /opt/airflow/dags/youtube_pipeline.py
[2026-07-25T03:12:34.823+0000] {processor.py:840} INFO - DAG(s) 'youtube_english_video_pipeline' retrieved from /opt/airflow/dags/youtube_pipeline.py
[2026-07-25T03:12:34.845+0000] {logging_mixin.py:188} INFO - [2026-07-25T03:12:34.845+0000] {dag.py:3089} INFO - Sync 1 DAGs
[2026-07-25T03:12:34.861+0000] {logging_mixin.py:188} INFO - [2026-07-25T03:12:34.861+0000] {dag.py:3947} INFO - Setting next_dagrun for youtube_english_video_pipeline to 2026-07-24 12:00:00+00:00, run_after=2026-07-25 12:00:00+00:00
[2026-07-25T03:12:34.874+0000] {processor.py:183} INFO - Processing /opt/airflow/dags/youtube_pipeline.py took 0.096 seconds
[2026-07-25T03:13:05.095+0000] {processor.py:161} INFO - Started process (PID=5229) to work on /opt/airflow/dags/youtube_pipeline.py
[2026-07-25T03:13:05.096+0000] {processor.py:830} INFO - Processing file /opt/airflow/dags/youtube_pipeline.py for tasks to queue
[2026-07-25T03:13:05.097+0000] {logging_mixin.py:188} INFO - [2026-07-25T03:13:05.097+0000] {dagbag.py:545} INFO - Filling up the DagBag from /opt/airflow/dags/youtube_pipeline.py
[2026-07-25T03:13:05.121+0000] {processor.py:840} INFO - DAG(s) 'youtube_english_video_pipeline' retrieved from /opt/airflow/dags/youtube_pipeline.py
[2026-07-25T03:13:05.145+0000] {logging_mixin.py:188} INFO - [2026-07-25T03:13:05.145+0000] {dag.py:3089} INFO - Sync 1 DAGs
[2026-07-25T03:13:05.159+0000] {logging_mixin.py:188} INFO - [2026-07-25T03:13:05.159+0000] {dag.py:3947} INFO - Setting next_dagrun for youtube_english_video_pipeline to 2026-07-24 12:00:00+00:00, run_after=2026-07-25 12:00:00+00:00
[2026-07-25T03:13:05.173+0000] {processor.py:183} INFO - Processing /opt/airflow/dags/youtube_pipeline.py took 0.083 seconds
[2026-07-25T03:13:35.339+0000] {processor.py:161} INFO - Started process (PID=5234) to work on /opt/airflow/dags/youtube_pipeline.py
[2026-07-25T03:13:35.340+0000] {processor.py:830} INFO - Processing file /opt/airflow/dags/youtube_pipeline.py for tasks to queue
[2026-07-25T03:13:35.341+0000] {logging_mixin.py:188} INFO - [2026-07-25T03:13:35.341+0000] {dagbag.py:545} INFO - Filling up the DagBag from /opt/airflow/dags/youtube_pipeline.py
[2026-07-25T03:13:35.372+0000] {processor.py:840} INFO - DAG(s) 'youtube_english_video_pipeline' retrieved from /opt/airflow/dags/youtube_pipeline.py
[2026-07-25T03:13:35.395+0000] {logging_mixin.py:188} INFO - [2026-07-25T03:13:35.395+0000] {dag.py:3089} INFO - Sync 1 DAGs
[2026-07-25T03:13:35.411+0000] {logging_mixin.py:188} INFO - [2026-07-25T03:13:35.411+0000] {dag.py:3947} INFO - Setting next_dagrun for youtube_english_video_pipeline to 2026-07-24 12:00:00+00:00, run_after=2026-07-25 12:00:00+00:00
[2026-07-25T03:13:35.425+0000] {processor.py:183} INFO - Processing /opt/airflow/dags/youtube_pipeline.py took 0.091 seconds
[2026-07-25T03:14:05.694+0000] {processor.py:161} INFO - Started process (PID=5239) to work on /opt/airflow/dags/youtube_pipeline.py
[2026-07-25T03:14:05.695+0000] {processor.py:830} INFO - Processing file /opt/airflow/dags/youtube_pipeline.py for tasks to queue
[2026-07-25T03:14:05.696+0000] {logging_mixin.py:188} INFO - [2026-07-25T03:14:05.696+0000] {dagbag.py:545} INFO - Filling up the DagBag from /opt/airflow/dags/youtube_pipeline.py
[2026-07-25T03:14:05.713+0000] {processor.py:840} INFO - DAG(s) 'youtube_english_video_pipeline' retrieved from /opt/airflow/dags/youtube_pipeline.py
[2026-07-25T03:14:05.735+0000] {logging_mixin.py:188} INFO - [2026-07-25T03:14:05.734+0000] {dag.py:3089} INFO - Sync 1 DAGs
[2026-07-25T03:14:05.752+0000] {logging_mixin.py:188} INFO - [2026-07-25T03:14:05.752+0000] {dag.py:3947} INFO - Setting next_dagrun for youtube_english_video_pipeline to 2026-07-24 12:00:00+00:00, run_after=2026-07-25 12:00:00+00:00
[2026-07-25T03:14:05.767+0000] {processor.py:183} INFO - Processing /opt/airflow/dags/youtube_pipeline.py took 0.078 seconds
[2026-07-25T03:14:35.949+0000] {processor.py:161} INFO - Started process (PID=5244) to work on /opt/airflow/dags/youtube_pipeline.py
[2026-07-25T03:14:35.951+0000] {processor.py:830} INFO - Processing file /opt/airflow/dags/youtube_pipeline.py for tasks to queue
[2026-07-25T03:14:35.953+0000] {logging_mixin.py:188} INFO - [2026-07-25T03:14:35.953+0000] {dagbag.py:545} INFO - Filling up the DagBag from /opt/airflow/dags/youtube_pipeline.py
[2026-07-25T03:14:35.977+0000] {processor.py:840} INFO - DAG(s) 'youtube_english_video_pipeline' retrieved from /opt/airflow/dags/youtube_pipeline.py
[2026-07-25T03:14:35.999+0000] {logging_mixin.py:188} INFO - [2026-07-25T03:14:35.999+0000] {dag.py:3089} INFO - Sync 1 DAGs
[2026-07-25T03:14:36.018+0000] {logging_mixin.py:188} INFO - [2026-07-25T03:14:36.018+0000] {dag.py:3947} INFO - Setting next_dagrun for youtube_english_video_pipeline to 2026-07-24 12:00:00+00:00, run_after=2026-07-25 12:00:00+00:00
[2026-07-25T03:14:36.037+0000] {processor.py:183} INFO - Processing /opt/airflow/dags/youtube_pipeline.py took 0.094 seconds
[2026-07-25T03:15:06.309+0000] {processor.py:161} INFO - Started process (PID=5249) to work on /opt/airflow/dags/youtube_pipeline.py
[2026-07-25T03:15:06.311+0000] {processor.py:830} INFO - Processing file /opt/airflow/dags/youtube_pipeline.py for tasks to queue
[2026-07-25T03:15:06.313+0000] {logging_mixin.py:188} INFO - [2026-07-25T03:15:06.313+0000] {dagbag.py:545} INFO - Filling up the DagBag from /opt/airflow/dags/youtube_pipeline.py
[2026-07-25T03:15:06.362+0000] {processor.py:840} INFO - DAG(s) 'youtube_english_video_pipeline' retrieved from /opt/airflow/dags/youtube_pipeline.py
[2026-07-25T03:15:06.389+0000] {logging_mixin.py:188} INFO - [2026-07-25T03:15:06.389+0000] {dag.py:3089} INFO - Sync 1 DAGs
[2026-07-25T03:15:06.406+0000] {logging_mixin.py:188} INFO - [2026-07-25T03:15:06.405+0000] {dag.py:3947} INFO - Setting next_dagrun for youtube_english_video_pipeline to 2026-07-24 12:00:00+00:00, run_after=2026-07-25 12:00:00+00:00
[2026-07-25T03:15:06.424+0000] {processor.py:183} INFO - Processing /opt/airflow/dags/youtube_pipeline.py took 0.122 seconds
[2026-07-25T03:15:36.533+0000] {processor.py:161} INFO - Started process (PID=5254) to work on /opt/airflow/dags/youtube_pipeline.py
[2026-07-25T03:15:36.534+0000] {processor.py:830} INFO - Processing file /opt/airflow/dags/youtube_pipeline.py for tasks to queue
[2026-07-25T03:15:36.536+0000] {logging_mixin.py:188} INFO - [2026-07-25T03:15:36.535+0000] {dagbag.py:545} INFO - Filling up the DagBag from /opt/airflow/dags/youtube_pipeline.py
[2026-07-25T03:15:36.555+0000] {processor.py:840} INFO - DAG(s) 'youtube_english_video_pipeline' retrieved from /opt/airflow/dags/youtube_pipeline.py
[2026-07-25T03:15:36.580+0000] {logging_mixin.py:188} INFO - [2026-07-25T03:15:36.579+0000] {dag.py:3089} INFO - Sync 1 DAGs
[2026-07-25T03:15:36.596+0000] {logging_mixin.py:188} INFO - [2026-07-25T03:15:36.595+0000] {dag.py:3947} INFO - Setting next_dagrun for youtube_english_video_pipeline to 2026-07-24 12:00:00+00:00, run_after=2026-07-25 12:00:00+00:00
[2026-07-25T03:15:36.609+0000] {processor.py:183} INFO - Processing /opt/airflow/dags/youtube_pipeline.py took 0.081 seconds
[2026-07-25T03:16:06.791+0000] {processor.py:161} INFO - Started process (PID=5259) to work on /opt/airflow/dags/youtube_pipeline.py
[2026-07-25T03:16:06.792+0000] {processor.py:830} INFO - Processing file /opt/airflow/dags/youtube_pipeline.py for tasks to queue
[2026-07-25T03:16:06.793+0000] {logging_mixin.py:188} INFO - [2026-07-25T03:16:06.793+0000] {dagbag.py:545} INFO - Filling up the DagBag from /opt/airflow/dags/youtube_pipeline.py
[2026-07-25T03:16:06.813+0000] {processor.py:840} INFO - DAG(s) 'youtube_english_video_pipeline' retrieved from /opt/airflow/dags/youtube_pipeline.py
[2026-07-25T03:16:06.836+0000] {logging_mixin.py:188} INFO - [2026-07-25T03:16:06.836+0000] {dag.py:3089} INFO - Sync 1 DAGs
[2026-07-25T03:16:06.851+0000] {logging_mixin.py:188} INFO - [2026-07-25T03:16:06.851+0000] {dag.py:3947} INFO - Setting next_dagrun for youtube_english_video_pipeline to 2026-07-24 12:00:00+00:00, run_after=2026-07-25 12:00:00+00:00
[2026-07-25T03:16:06.864+0000] {processor.py:183} INFO - Processing /opt/airflow/dags/youtube_pipeline.py took 0.078 seconds
[2026-07-25T03:16:37.084+0000] {processor.py:161} INFO - Started process (PID=5264) to work on /opt/airflow/dags/youtube_pipeline.py
[2026-07-25T03:16:37.085+0000] {processor.py:830} INFO - Processing file /opt/airflow/dags/youtube_pipeline.py for tasks to queue
[2026-07-25T03:16:37.086+0000] {logging_mixin.py:188} INFO - [2026-07-25T03:16:37.086+0000] {dagbag.py:545} INFO - Filling up the DagBag from /opt/airflow/dags/youtube_pipeline.py
[2026-07-25T03:16:37.116+0000] {processor.py:840} INFO - DAG(s) 'youtube_english_video_pipeline' retrieved from /opt/airflow/dags/youtube_pipeline.py
[2026-07-25T03:16:37.138+0000] {logging_mixin.py:188} INFO - [2026-07-25T03:16:37.137+0000] {dag.py:3089} INFO - Sync 1 DAGs
[2026-07-25T03:16:37.153+0000] {logging_mixin.py:188} INFO - [2026-07-25T03:16:37.153+0000] {dag.py:3947} INFO - Setting next_dagrun for youtube_english_video_pipeline to 2026-07-24 12:00:00+00:00, run_after=2026-07-25 12:00:00+00:00
[2026-07-25T03:16:37.168+0000] {processor.py:183} INFO - Processing /opt/airflow/dags/youtube_pipeline.py took 0.091 seconds
[2026-07-25T03:17:07.318+0000] {processor.py:161} INFO - Started process (PID=5269) to work on /opt/airflow/dags/youtube_pipeline.py
[2026-07-25T03:17:07.319+0000] {processor.py:830} INFO - Processing file /opt/airflow/dags/youtube_pipeline.py for tasks to queue
[2026-07-25T03:17:07.321+0000] {logging_mixin.py:188} INFO - [2026-07-25T03:17:07.321+0000] {dagbag.py:545} INFO - Filling up the DagBag from /opt/airflow/dags/youtube_pipeline.py
[2026-07-25T03:17:07.340+0000] {processor.py:840} INFO - DAG(s) 'youtube_english_video_pipeline' retrieved from /opt/airflow/dags/youtube_pipeline.py
[2026-07-25T03:17:07.363+0000] {logging_mixin.py:188} INFO - [2026-07-25T03:17:07.362+0000] {dag.py:3089} INFO - Sync 1 DAGs
[2026-07-25T03:17:07.377+0000] {logging_mixin.py:188} INFO - [2026-07-25T03:17:07.377+0000] {dag.py:3947} INFO - Setting next_dagrun for youtube_english_video_pipeline to 2026-07-24 12:00:00+00:00, run_after=2026-07-25 12:00:00+00:00
[2026-07-25T03:17:07.390+0000] {processor.py:183} INFO - Processing /opt/airflow/dags/youtube_pipeline.py took 0.077 seconds
[2026-07-25T03:17:37.675+0000] {processor.py:161} INFO - Started process (PID=5274) to work on /opt/airflow/dags/youtube_pipeline.py
[2026-07-25T03:17:37.676+0000] {processor.py:830} INFO - Processing file /opt/airflow/dags/youtube_pipeline.py for tasks to queue
[2026-07-25T03:17:37.678+0000] {logging_mixin.py:188} INFO - [2026-07-25T03:17:37.677+0000] {dagbag.py:545} INFO - Filling up the DagBag from /opt/airflow/dags/youtube_pipeline.py
[2026-07-25T03:17:37.705+0000] {processor.py:840} INFO - DAG(s) 'youtube_english_video_pipeline' retrieved from /opt/airflow/dags/youtube_pipeline.py
[2026-07-25T03:17:37.730+0000] {logging_mixin.py:188} INFO - [2026-07-25T03:17:37.730+0000] {dag.py:3089} INFO - Sync 1 DAGs
[2026-07-25T03:17:37.746+0000] {logging_mixin.py:188} INFO - [2026-07-25T03:17:37.746+0000] {dag.py:3947} INFO - Setting next_dagrun for youtube_english_video_pipeline to 2026-07-24 12:00:00+00:00, run_after=2026-07-25 12:00:00+00:00
[2026-07-25T03:17:37.763+0000] {processor.py:183} INFO - Processing /opt/airflow/dags/youtube_pipeline.py took 0.093 seconds
[2026-07-25T03:18:07.898+0000] {processor.py:161} INFO - Started process (PID=5279) to work on /opt/airflow/dags/youtube_pipeline.py
[2026-07-25T03:18:07.899+0000] {processor.py:830} INFO - Processing file /opt/airflow/dags/youtube_pipeline.py for tasks to queue
[2026-07-25T03:18:07.900+0000] {logging_mixin.py:188} INFO - [2026-07-25T03:18:07.900+0000] {dagbag.py:545} INFO - Filling up the DagBag from /opt/airflow/dags/youtube_pipeline.py
[2026-07-25T03:18:07.922+0000] {processor.py:840} INFO - DAG(s) 'youtube_english_video_pipeline' retrieved from /opt/airflow/dags/youtube_pipeline.py
[2026-07-25T03:18:07.948+0000] {logging_mixin.py:188} INFO - [2026-07-25T03:18:07.948+0000] {dag.py:3089} INFO - Sync 1 DAGs
[2026-07-25T03:18:07.965+0000] {logging_mixin.py:188} INFO - [2026-07-25T03:18:07.965+0000] {dag.py:3947} INFO - Setting next_dagrun for youtube_english_video_pipeline to 2026-07-24 12:00:00+00:00, run_after=2026-07-25 12:00:00+00:00
[2026-07-25T03:18:07.980+0000] {processor.py:183} INFO - Processing /opt/airflow/dags/youtube_pipeline.py took 0.089 seconds
[2026-07-25T03:18:38.213+0000] {processor.py:161} INFO - Started process (PID=5284) to work on /opt/airflow/dags/youtube_pipeline.py
[2026-07-25T03:18:38.214+0000] {processor.py:830} INFO - Processing file /opt/airflow/dags/youtube_pipeline.py for tasks to queue
[2026-07-25T03:18:38.216+0000] {logging_mixin.py:188} INFO - [2026-07-25T03:18:38.216+0000] {dagbag.py:545} INFO - Filling up the DagBag from /opt/airflow/dags/youtube_pipeline.py
[2026-07-25T03:18:38.242+0000] {processor.py:840} INFO - DAG(s) 'youtube_english_video_pipeline' retrieved from /opt/airflow/dags/youtube_pipeline.py
[2026-07-25T03:18:38.269+0000] {logging_mixin.py:188} INFO - [2026-07-25T03:18:38.269+0000] {dag.py:3089} INFO - Sync 1 DAGs
[2026-07-25T03:18:38.286+0000] {logging_mixin.py:188} INFO - [2026-07-25T03:18:38.286+0000] {dag.py:3947} INFO - Setting next_dagrun for youtube_english_video_pipeline to 2026-07-24 12:00:00+00:00, run_after=2026-07-25 12:00:00+00:00
[2026-07-25T03:18:38.302+0000] {processor.py:183} INFO - Processing /opt/airflow/dags/youtube_pipeline.py took 0.095 seconds
[2026-07-25T03:19:08.455+0000] {processor.py:161} INFO - Started process (PID=5289) to work on /opt/airflow/dags/youtube_pipeline.py
[2026-07-25T03:19:08.456+0000] {processor.py:830} INFO - Processing file /opt/airflow/dags/youtube_pipeline.py for tasks to queue
[2026-07-25T03:19:08.458+0000] {logging_mixin.py:188} INFO - [2026-07-25T03:19:08.457+0000] {dagbag.py:545} INFO - Filling up the DagBag from /opt/airflow/dags/youtube_pipeline.py
[2026-07-25T03:19:08.476+0000] {processor.py:840} INFO - DAG(s) 'youtube_english_video_pipeline' retrieved from /opt/airflow/dags/youtube_pipeline.py
[2026-07-25T03:19:08.500+0000] {logging_mixin.py:188} INFO - [2026-07-25T03:19:08.500+0000] {dag.py:3089} INFO - Sync 1 DAGs
[2026-07-25T03:19:08.517+0000] {logging_mixin.py:188} INFO - [2026-07-25T03:19:08.517+0000] {dag.py:3947} INFO - Setting next_dagrun for youtube_english_video_pipeline to 2026-07-24 12:00:00+00:00, run_after=2026-07-25 12:00:00+00:00
[2026-07-25T03:19:08.534+0000] {processor.py:183} INFO - Processing /opt/airflow/dags/youtube_pipeline.py took 0.085 seconds
[2026-07-25T03:19:38.843+0000] {processor.py:161} INFO - Started process (PID=5317) to work on /opt/airflow/dags/youtube_pipeline.py
[2026-07-25T03:19:38.846+0000] {processor.py:830} INFO - Processing file /opt/airflow/dags/youtube_pipeline.py for tasks to queue
[2026-07-25T03:19:38.850+0000] {logging_mixin.py:188} INFO - [2026-07-25T03:19:38.850+0000] {dagbag.py:545} INFO - Filling up the DagBag from /opt/airflow/dags/youtube_pipeline.py
[2026-07-25T03:19:39.012+0000] {processor.py:840} INFO - DAG(s) 'youtube_english_video_pipeline' retrieved from /opt/airflow/dags/youtube_pipeline.py
[2026-07-25T03:19:39.096+0000] {logging_mixin.py:188} INFO - [2026-07-25T03:19:39.096+0000] {dag.py:3089} INFO - Sync 1 DAGs
[2026-07-25T03:19:39.160+0000] {processor.py:183} INFO - Processing /opt/airflow/dags/youtube_pipeline.py took 0.330 seconds
[2026-07-25T03:20:09.463+0000] {processor.py:161} INFO - Started process (PID=5325) to work on /opt/airflow/dags/youtube_pipeline.py
[2026-07-25T03:20:09.464+0000] {processor.py:830} INFO - Processing file /opt/airflow/dags/youtube_pipeline.py for tasks to queue
[2026-07-25T03:20:09.465+0000] {logging_mixin.py:188} INFO - [2026-07-25T03:20:09.465+0000] {dagbag.py:545} INFO - Filling up the DagBag from /opt/airflow/dags/youtube_pipeline.py
[2026-07-25T03:20:09.492+0000] {processor.py:840} INFO - DAG(s) 'youtube_english_video_pipeline' retrieved from /opt/airflow/dags/youtube_pipeline.py
[2026-07-25T03:20:09.518+0000] {logging_mixin.py:188} INFO - [2026-07-25T03:20:09.517+0000] {dag.py:3089} INFO - Sync 1 DAGs
[2026-07-25T03:20:09.547+0000] {processor.py:183} INFO - Processing /opt/airflow/dags/youtube_pipeline.py took 0.091 seconds
[2026-07-25T03:20:39.834+0000] {processor.py:161} INFO - Started process (PID=6040) to work on /opt/airflow/dags/youtube_pipeline.py
[2026-07-25T03:20:39.837+0000] {processor.py:830} INFO - Processing file /opt/airflow/dags/youtube_pipeline.py for tasks to queue
[2026-07-25T03:20:39.842+0000] {logging_mixin.py:188} INFO - [2026-07-25T03:20:39.841+0000] {dagbag.py:545} INFO - Filling up the DagBag from /opt/airflow/dags/youtube_pipeline.py
[2026-07-25T03:20:39.977+0000] {processor.py:840} INFO - DAG(s) 'youtube_english_video_pipeline' retrieved from /opt/airflow/dags/youtube_pipeline.py
[2026-07-25T03:20:40.059+0000] {logging_mixin.py:188} INFO - [2026-07-25T03:20:40.058+0000] {dag.py:3089} INFO - Sync 1 DAGs
[2026-07-25T03:20:40.137+0000] {processor.py:183} INFO - Processing /opt/airflow/dags/youtube_pipeline.py took 0.329 seconds
[2026-07-25T03:21:10.395+0000] {processor.py:161} INFO - Started process (PID=6392) to work on /opt/airflow/dags/youtube_pipeline.py
[2026-07-25T03:21:10.397+0000] {processor.py:830} INFO - Processing file /opt/airflow/dags/youtube_pipeline.py for tasks to queue
[2026-07-25T03:21:10.399+0000] {logging_mixin.py:188} INFO - [2026-07-25T03:21:10.399+0000] {dagbag.py:545} INFO - Filling up the DagBag from /opt/airflow/dags/youtube_pipeline.py
[2026-07-25T03:21:10.420+0000] {processor.py:840} INFO - DAG(s) 'youtube_english_video_pipeline' retrieved from /opt/airflow/dags/youtube_pipeline.py
[2026-07-25T03:21:10.447+0000] {logging_mixin.py:188} INFO - [2026-07-25T03:21:10.446+0000] {dag.py:3089} INFO - Sync 1 DAGs
[2026-07-25T03:21:10.476+0000] {processor.py:183} INFO - Processing /opt/airflow/dags/youtube_pipeline.py took 0.086 seconds
[2026-07-25T03:21:40.634+0000] {processor.py:161} INFO - Started process (PID=6397) to work on /opt/airflow/dags/youtube_pipeline.py
[2026-07-25T03:21:40.635+0000] {processor.py:830} INFO - Processing file /opt/airflow/dags/youtube_pipeline.py for tasks to queue
[2026-07-25T03:21:40.637+0000] {logging_mixin.py:188} INFO - [2026-07-25T03:21:40.636+0000] {dagbag.py:545} INFO - Filling up the DagBag from /opt/airflow/dags/youtube_pipeline.py
[2026-07-25T03:21:40.653+0000] {processor.py:840} INFO - DAG(s) 'youtube_english_video_pipeline' retrieved from /opt/airflow/dags/youtube_pipeline.py
[2026-07-25T03:21:40.677+0000] {logging_mixin.py:188} INFO - [2026-07-25T03:21:40.676+0000] {dag.py:3089} INFO - Sync 1 DAGs
[2026-07-25T03:21:40.703+0000] {processor.py:183} INFO - Processing /opt/airflow/dags/youtube_pipeline.py took 0.075 seconds
[2026-07-25T03:22:10.985+0000] {processor.py:161} INFO - Started process (PID=6402) to work on /opt/airflow/dags/youtube_pipeline.py
[2026-07-25T03:22:10.986+0000] {processor.py:830} INFO - Processing file /opt/airflow/dags/youtube_pipeline.py for tasks to queue
[2026-07-25T03:22:10.988+0000] {logging_mixin.py:188} INFO - [2026-07-25T03:22:10.987+0000] {dagbag.py:545} INFO - Filling up the DagBag from /opt/airflow/dags/youtube_pipeline.py
[2026-07-25T03:22:11.005+0000] {processor.py:840} INFO - DAG(s) 'youtube_english_video_pipeline' retrieved from /opt/airflow/dags/youtube_pipeline.py
[2026-07-25T03:22:11.028+0000] {logging_mixin.py:188} INFO - [2026-07-25T03:22:11.027+0000] {dag.py:3089} INFO - Sync 1 DAGs
[2026-07-25T03:22:11.057+0000] {processor.py:183} INFO - Processing /opt/airflow/dags/youtube_pipeline.py took 0.076 seconds
[2026-07-25T03:22:41.209+0000] {processor.py:161} INFO - Started process (PID=6407) to work on /opt/airflow/dags/youtube_pipeline.py
[2026-07-25T03:22:41.210+0000] {processor.py:830} INFO - Processing file /opt/airflow/dags/youtube_pipeline.py for tasks to queue
[2026-07-25T03:22:41.211+0000] {logging_mixin.py:188} INFO - [2026-07-25T03:22:41.211+0000] {dagbag.py:545} INFO - Filling up the DagBag from /opt/airflow/dags/youtube_pipeline.py
[2026-07-25T03:22:41.228+0000] {processor.py:840} INFO - DAG(s) 'youtube_english_video_pipeline' retrieved from /opt/airflow/dags/youtube_pipeline.py
[2026-07-25T03:22:41.264+0000] {logging_mixin.py:188} INFO - [2026-07-25T03:22:41.263+0000] {dag.py:3089} INFO - Sync 1 DAGs
[2026-07-25T03:22:41.321+0000] {processor.py:183} INFO - Processing /opt/airflow/dags/youtube_pipeline.py took 0.118 seconds
[2026-07-25T03:23:11.513+0000] {processor.py:161} INFO - Started process (PID=6412) to work on /opt/airflow/dags/youtube_pipeline.py
[2026-07-25T03:23:11.514+0000] {processor.py:830} INFO - Processing file /opt/airflow/dags/youtube_pipeline.py for tasks to queue
[2026-07-25T03:23:11.515+0000] {logging_mixin.py:188} INFO - [2026-07-25T03:23:11.515+0000] {dagbag.py:545} INFO - Filling up the DagBag from /opt/airflow/dags/youtube_pipeline.py
[2026-07-25T03:23:11.567+0000] {processor.py:840} INFO - DAG(s) 'youtube_english_video_pipeline' retrieved from /opt/airflow/dags/youtube_pipeline.py
[2026-07-25T03:23:11.592+0000] {logging_mixin.py:188} INFO - [2026-07-25T03:23:11.592+0000] {dag.py:3089} INFO - Sync 1 DAGs
[2026-07-25T03:23:11.624+0000] {processor.py:183} INFO - Processing /opt/airflow/dags/youtube_pipeline.py took 0.119 seconds
[2026-07-25T03:23:41.791+0000] {processor.py:161} INFO - Started process (PID=6417) to work on /opt/airflow/dags/youtube_pipeline.py
[2026-07-25T03:23:41.792+0000] {processor.py:830} INFO - Processing file /opt/airflow/dags/youtube_pipeline.py for tasks to queue
[2026-07-25T03:23:41.794+0000] {logging_mixin.py:188} INFO - [2026-07-25T03:23:41.793+0000] {dagbag.py:545} INFO - Filling up the DagBag from /opt/airflow/dags/youtube_pipeline.py
[2026-07-25T03:23:41.813+0000] {processor.py:840} INFO - DAG(s) 'youtube_english_video_pipeline' retrieved from /opt/airflow/dags/youtube_pipeline.py
[2026-07-25T03:23:41.837+0000] {logging_mixin.py:188} INFO - [2026-07-25T03:23:41.837+0000] {dag.py:3089} INFO - Sync 1 DAGs
[2026-07-25T03:23:41.867+0000] {processor.py:183} INFO - Processing /opt/airflow/dags/youtube_pipeline.py took 0.083 seconds
[2026-07-25T03:24:12.152+0000] {processor.py:161} INFO - Started process (PID=6422) to work on /opt/airflow/dags/youtube_pipeline.py
[2026-07-25T03:24:12.153+0000] {processor.py:830} INFO - Processing file /opt/airflow/dags/youtube_pipeline.py for tasks to queue
[2026-07-25T03:24:12.154+0000] {logging_mixin.py:188} INFO - [2026-07-25T03:24:12.154+0000] {dagbag.py:545} INFO - Filling up the DagBag from /opt/airflow/dags/youtube_pipeline.py
[2026-07-25T03:24:12.171+0000] {processor.py:840} INFO - DAG(s) 'youtube_english_video_pipeline' retrieved from /opt/airflow/dags/youtube_pipeline.py
[2026-07-25T03:24:12.192+0000] {logging_mixin.py:188} INFO - [2026-07-25T03:24:12.192+0000] {dag.py:3089} INFO - Sync 1 DAGs
[2026-07-25T03:24:12.221+0000] {processor.py:183} INFO - Processing /opt/airflow/dags/youtube_pipeline.py took 0.074 seconds
[2026-07-25T03:24:42.413+0000] {processor.py:161} INFO - Started process (PID=6427) to work on /opt/airflow/dags/youtube_pipeline.py
[2026-07-25T03:24:42.414+0000] {processor.py:830} INFO - Processing file /opt/airflow/dags/youtube_pipeline.py for tasks to queue
[2026-07-25T03:24:42.416+0000] {logging_mixin.py:188} INFO - [2026-07-25T03:24:42.416+0000] {dagbag.py:545} INFO - Filling up the DagBag from /opt/airflow/dags/youtube_pipeline.py
[2026-07-25T03:24:42.433+0000] {processor.py:840} INFO - DAG(s) 'youtube_english_video_pipeline' retrieved from /opt/airflow/dags/youtube_pipeline.py
[2026-07-25T03:24:42.456+0000] {logging_mixin.py:188} INFO - [2026-07-25T03:24:42.456+0000] {dag.py:3089} INFO - Sync 1 DAGs
[2026-07-25T03:24:42.482+0000] {processor.py:183} INFO - Processing /opt/airflow/dags/youtube_pipeline.py took 0.074 seconds
[2026-07-25T03:25:12.786+0000] {processor.py:161} INFO - Started process (PID=6432) to work on /opt/airflow/dags/youtube_pipeline.py
[2026-07-25T03:25:12.788+0000] {processor.py:830} INFO - Processing file /opt/airflow/dags/youtube_pipeline.py for tasks to queue
[2026-07-25T03:25:12.792+0000] {logging_mixin.py:188} INFO - [2026-07-25T03:25:12.791+0000] {dagbag.py:545} INFO - Filling up the DagBag from /opt/airflow/dags/youtube_pipeline.py
[2026-07-25T03:25:12.842+0000] {processor.py:840} INFO - DAG(s) 'youtube_english_video_pipeline' retrieved from /opt/airflow/dags/youtube_pipeline.py
[2026-07-25T03:25:12.881+0000] {logging_mixin.py:188} INFO - [2026-07-25T03:25:12.881+0000] {dag.py:3089} INFO - Sync 1 DAGs
[2026-07-25T03:25:12.920+0000] {processor.py:183} INFO - Processing /opt/airflow/dags/youtube_pipeline.py took 0.146 seconds
[2026-07-25T03:25:43.225+0000] {processor.py:161} INFO - Started process (PID=6437) to work on /opt/airflow/dags/youtube_pipeline.py
[2026-07-25T03:25:43.227+0000] {processor.py:830} INFO - Processing file /opt/airflow/dags/youtube_pipeline.py for tasks to queue
[2026-07-25T03:25:43.228+0000] {logging_mixin.py:188} INFO - [2026-07-25T03:25:43.228+0000] {dagbag.py:545} INFO - Filling up the DagBag from /opt/airflow/dags/youtube_pipeline.py
[2026-07-25T03:25:43.260+0000] {processor.py:840} INFO - DAG(s) 'youtube_english_video_pipeline' retrieved from /opt/airflow/dags/youtube_pipeline.py
[2026-07-25T03:25:43.289+0000] {logging_mixin.py:188} INFO - [2026-07-25T03:25:43.289+0000] {dag.py:3089} INFO - Sync 1 DAGs
[2026-07-25T03:25:43.323+0000] {processor.py:183} INFO - Processing /opt/airflow/dags/youtube_pipeline.py took 0.104 seconds
[2026-07-25T03:26:13.439+0000] {processor.py:161} INFO - Started process (PID=7199) to work on /opt/airflow/dags/youtube_pipeline.py
[2026-07-25T03:26:13.442+0000] {processor.py:830} INFO - Processing file /opt/airflow/dags/youtube_pipeline.py for tasks to queue
[2026-07-25T03:26:13.447+0000] {logging_mixin.py:188} INFO - [2026-07-25T03:26:13.445+0000] {dagbag.py:545} INFO - Filling up the DagBag from /opt/airflow/dags/youtube_pipeline.py
[2026-07-25T03:26:13.488+0000] {processor.py:840} INFO - DAG(s) 'youtube_english_video_pipeline' retrieved from /opt/airflow/dags/youtube_pipeline.py
[2026-07-25T03:26:13.531+0000] {logging_mixin.py:188} INFO - [2026-07-25T03:26:13.531+0000] {dag.py:3089} INFO - Sync 1 DAGs
[2026-07-25T03:26:13.588+0000] {processor.py:183} INFO - Processing /opt/airflow/dags/youtube_pipeline.py took 0.158 seconds
[2026-07-25T03:26:43.797+0000] {processor.py:161} INFO - Started process (PID=7246) to work on /opt/airflow/dags/youtube_pipeline.py
[2026-07-25T03:26:43.798+0000] {processor.py:830} INFO - Processing file /opt/airflow/dags/youtube_pipeline.py for tasks to queue
[2026-07-25T03:26:43.799+0000] {logging_mixin.py:188} INFO - [2026-07-25T03:26:43.799+0000] {dagbag.py:545} INFO - Filling up the DagBag from /opt/airflow/dags/youtube_pipeline.py
[2026-07-25T03:26:43.829+0000] {processor.py:840} INFO - DAG(s) 'youtube_english_video_pipeline' retrieved from /opt/airflow/dags/youtube_pipeline.py
[2026-07-25T03:26:43.869+0000] {logging_mixin.py:188} INFO - [2026-07-25T03:26:43.869+0000] {dag.py:3089} INFO - Sync 1 DAGs
[2026-07-25T03:26:43.904+0000] {processor.py:183} INFO - Processing /opt/airflow/dags/youtube_pipeline.py took 0.112 seconds
[2026-07-25T03:27:14.079+0000] {processor.py:161} INFO - Started process (PID=7251) to work on /opt/airflow/dags/youtube_pipeline.py
[2026-07-25T03:27:14.080+0000] {processor.py:830} INFO - Processing file /opt/airflow/dags/youtube_pipeline.py for tasks to queue
[2026-07-25T03:27:14.083+0000] {logging_mixin.py:188} INFO - [2026-07-25T03:27:14.083+0000] {dagbag.py:545} INFO - Filling up the DagBag from /opt/airflow/dags/youtube_pipeline.py
[2026-07-25T03:27:14.133+0000] {processor.py:840} INFO - DAG(s) 'youtube_english_video_pipeline' retrieved from /opt/airflow/dags/youtube_pipeline.py
[2026-07-25T03:27:14.173+0000] {logging_mixin.py:188} INFO - [2026-07-25T03:27:14.172+0000] {dag.py:3089} INFO - Sync 1 DAGs
[2026-07-25T03:27:14.219+0000] {processor.py:183} INFO - Processing /opt/airflow/dags/youtube_pipeline.py took 0.150 seconds
[2026-07-25T03:27:44.437+0000] {processor.py:161} INFO - Started process (PID=7256) to work on /opt/airflow/dags/youtube_pipeline.py
[2026-07-25T03:27:44.438+0000] {processor.py:830} INFO - Processing file /opt/airflow/dags/youtube_pipeline.py for tasks to queue
[2026-07-25T03:27:44.445+0000] {logging_mixin.py:188} INFO - [2026-07-25T03:27:44.445+0000] {dagbag.py:545} INFO - Filling up the DagBag from /opt/airflow/dags/youtube_pipeline.py
[2026-07-25T03:27:44.499+0000] {processor.py:840} INFO - DAG(s) 'youtube_english_video_pipeline' retrieved from /opt/airflow/dags/youtube_pipeline.py
[2026-07-25T03:27:44.534+0000] {logging_mixin.py:188} INFO - [2026-07-25T03:27:44.534+0000] {dag.py:3089} INFO - Sync 1 DAGs
[2026-07-25T03:27:44.569+0000] {processor.py:183} INFO - Processing /opt/airflow/dags/youtube_pipeline.py took 0.141 seconds
[2026-07-25T03:28:14.661+0000] {processor.py:161} INFO - Started process (PID=7261) to work on /opt/airflow/dags/youtube_pipeline.py
[2026-07-25T03:28:14.662+0000] {processor.py:830} INFO - Processing file /opt/airflow/dags/youtube_pipeline.py for tasks to queue
[2026-07-25T03:28:14.664+0000] {logging_mixin.py:188} INFO - [2026-07-25T03:28:14.664+0000] {dagbag.py:545} INFO - Filling up the DagBag from /opt/airflow/dags/youtube_pipeline.py
[2026-07-25T03:28:14.693+0000] {processor.py:840} INFO - DAG(s) 'youtube_english_video_pipeline' retrieved from /opt/airflow/dags/youtube_pipeline.py
[2026-07-25T03:28:14.715+0000] {logging_mixin.py:188} INFO - [2026-07-25T03:28:14.715+0000] {dag.py:3089} INFO - Sync 1 DAGs
[2026-07-25T03:28:14.740+0000] {processor.py:183} INFO - Processing /opt/airflow/dags/youtube_pipeline.py took 0.084 seconds
[2026-07-25T03:28:45.008+0000] {processor.py:161} INFO - Started process (PID=7266) to work on /opt/airflow/dags/youtube_pipeline.py
[2026-07-25T03:28:45.008+0000] {processor.py:830} INFO - Processing file /opt/airflow/dags/youtube_pipeline.py for tasks to queue
[2026-07-25T03:28:45.010+0000] {logging_mixin.py:188} INFO - [2026-07-25T03:28:45.010+0000] {dagbag.py:545} INFO - Filling up the DagBag from /opt/airflow/dags/youtube_pipeline.py
[2026-07-25T03:28:45.027+0000] {processor.py:840} INFO - DAG(s) 'youtube_english_video_pipeline' retrieved from /opt/airflow/dags/youtube_pipeline.py
[2026-07-25T03:28:45.049+0000] {logging_mixin.py:188} INFO - [2026-07-25T03:28:45.049+0000] {dag.py:3089} INFO - Sync 1 DAGs
[2026-07-25T03:28:45.076+0000] {processor.py:183} INFO - Processing /opt/airflow/dags/youtube_pipeline.py took 0.073 seconds
[2026-07-25T03:29:25.247+0000] {processor.py:161} INFO - Started process (PID=202) to work on /opt/airflow/dags/youtube_pipeline.py
[2026-07-25T03:29:25.249+0000] {processor.py:830} INFO - Processing file /opt/airflow/dags/youtube_pipeline.py for tasks to queue
[2026-07-25T03:29:25.251+0000] {logging_mixin.py:188} INFO - [2026-07-25T03:29:25.250+0000] {dagbag.py:545} INFO - Filling up the DagBag from /opt/airflow/dags/youtube_pipeline.py
[2026-07-25T03:29:25.280+0000] {processor.py:840} INFO - DAG(s) 'youtube_english_video_pipeline' retrieved from /opt/airflow/dags/youtube_pipeline.py
[2026-07-25T03:29:25.308+0000] {logging_mixin.py:188} INFO - [2026-07-25T03:29:25.308+0000] {dag.py:3089} INFO - Sync 1 DAGs
[2026-07-25T03:29:25.350+0000] {processor.py:183} INFO - Processing /opt/airflow/dags/youtube_pipeline.py took 0.109 seconds
[2026-07-25T03:29:55.541+0000] {processor.py:161} INFO - Started process (PID=207) to work on /opt/airflow/dags/youtube_pipeline.py
[2026-07-25T03:29:55.542+0000] {processor.py:830} INFO - Processing file /opt/airflow/dags/youtube_pipeline.py for tasks to queue
[2026-07-25T03:29:55.544+0000] {logging_mixin.py:188} INFO - [2026-07-25T03:29:55.544+0000] {dagbag.py:545} INFO - Filling up the DagBag from /opt/airflow/dags/youtube_pipeline.py
[2026-07-25T03:29:55.576+0000] {processor.py:840} INFO - DAG(s) 'youtube_english_video_pipeline' retrieved from /opt/airflow/dags/youtube_pipeline.py
[2026-07-25T03:29:55.943+0000] {logging_mixin.py:188} INFO - [2026-07-25T03:29:55.943+0000] {dag.py:3089} INFO - Sync 1 DAGs
[2026-07-25T03:29:55.970+0000] {processor.py:183} INFO - Processing /opt/airflow/dags/youtube_pipeline.py took 0.435 seconds
[2026-07-25T03:30:26.232+0000] {processor.py:161} INFO - Started process (PID=220) to work on /opt/airflow/dags/youtube_pipeline.py
[2026-07-25T03:30:26.233+0000] {processor.py:830} INFO - Processing file /opt/airflow/dags/youtube_pipeline.py for tasks to queue
[2026-07-25T03:30:26.235+0000] {logging_mixin.py:188} INFO - [2026-07-25T03:30:26.234+0000] {dagbag.py:545} INFO - Filling up the DagBag from /opt/airflow/dags/youtube_pipeline.py
[2026-07-25T03:30:26.257+0000] {processor.py:840} INFO - DAG(s) 'youtube_english_video_pipeline' retrieved from /opt/airflow/dags/youtube_pipeline.py
[2026-07-25T03:30:26.298+0000] {logging_mixin.py:188} INFO - [2026-07-25T03:30:26.298+0000] {dag.py:3089} INFO - Sync 1 DAGs
[2026-07-25T03:30:26.330+0000] {processor.py:183} INFO - Processing /opt/airflow/dags/youtube_pipeline.py took 0.103 seconds
[2026-07-25T03:30:56.524+0000] {processor.py:161} INFO - Started process (PID=226) to work on /opt/airflow/dags/youtube_pipeline.py
[2026-07-25T03:30:56.525+0000] {processor.py:830} INFO - Processing file /opt/airflow/dags/youtube_pipeline.py for tasks to queue
[2026-07-25T03:30:56.527+0000] {logging_mixin.py:188} INFO - [2026-07-25T03:30:56.527+0000] {dagbag.py:545} INFO - Filling up the DagBag from /opt/airflow/dags/youtube_pipeline.py
[2026-07-25T03:30:56.563+0000] {processor.py:840} INFO - DAG(s) 'youtube_english_video_pipeline' retrieved from /opt/airflow/dags/youtube_pipeline.py
[2026-07-25T03:30:56.594+0000] {logging_mixin.py:188} INFO - [2026-07-25T03:30:56.594+0000] {dag.py:3089} INFO - Sync 1 DAGs
[2026-07-25T03:30:56.760+0000] {processor.py:183} INFO - Processing /opt/airflow/dags/youtube_pipeline.py took 0.243 seconds
[2026-07-25T03:31:26.989+0000] {processor.py:161} INFO - Started process (PID=577) to work on /opt/airflow/dags/youtube_pipeline.py
[2026-07-25T03:31:26.991+0000] {processor.py:830} INFO - Processing file /opt/airflow/dags/youtube_pipeline.py for tasks to queue
[2026-07-25T03:31:26.994+0000] {logging_mixin.py:188} INFO - [2026-07-25T03:31:26.993+0000] {dagbag.py:545} INFO - Filling up the DagBag from /opt/airflow/dags/youtube_pipeline.py
[2026-07-25T03:31:27.030+0000] {processor.py:840} INFO - DAG(s) 'youtube_english_video_pipeline' retrieved from /opt/airflow/dags/youtube_pipeline.py
[2026-07-25T03:31:27.064+0000] {logging_mixin.py:188} INFO - [2026-07-25T03:31:27.064+0000] {dag.py:3089} INFO - Sync 1 DAGs
[2026-07-25T03:31:27.243+0000] {processor.py:183} INFO - Processing /opt/airflow/dags/youtube_pipeline.py took 0.261 seconds
[2026-07-25T03:31:57.539+0000] {processor.py:161} INFO - Started process (PID=1035) to work on /opt/airflow/dags/youtube_pipeline.py
[2026-07-25T03:31:57.541+0000] {processor.py:830} INFO - Processing file /opt/airflow/dags/youtube_pipeline.py for tasks to queue
[2026-07-25T03:31:57.545+0000] {logging_mixin.py:188} INFO - [2026-07-25T03:31:57.545+0000] {dagbag.py:545} INFO - Filling up the DagBag from /opt/airflow/dags/youtube_pipeline.py
[2026-07-25T03:31:57.596+0000] {processor.py:840} INFO - DAG(s) 'youtube_english_video_pipeline' retrieved from /opt/airflow/dags/youtube_pipeline.py
[2026-07-25T03:31:57.752+0000] {logging_mixin.py:188} INFO - [2026-07-25T03:31:57.752+0000] {dag.py:3089} INFO - Sync 1 DAGs
[2026-07-25T03:31:57.776+0000] {logging_mixin.py:188} INFO - [2026-07-25T03:31:57.776+0000] {dag.py:3947} INFO - Setting next_dagrun for youtube_english_video_pipeline to 2026-07-24 12:00:00+00:00, run_after=2026-07-25 12:00:00+00:00
[2026-07-25T03:31:57.795+0000] {processor.py:183} INFO - Processing /opt/airflow/dags/youtube_pipeline.py took 0.277 seconds
[2026-07-25T03:32:28.066+0000] {processor.py:161} INFO - Started process (PID=1040) to work on /opt/airflow/dags/youtube_pipeline.py
[2026-07-25T03:32:28.067+0000] {processor.py:830} INFO - Processing file /opt/airflow/dags/youtube_pipeline.py for tasks to queue
[2026-07-25T03:32:28.070+0000] {logging_mixin.py:188} INFO - [2026-07-25T03:32:28.069+0000] {dagbag.py:545} INFO - Filling up the DagBag from /opt/airflow/dags/youtube_pipeline.py
[2026-07-25T03:32:28.264+0000] {processor.py:840} INFO - DAG(s) 'youtube_english_video_pipeline' retrieved from /opt/airflow/dags/youtube_pipeline.py
[2026-07-25T03:32:28.286+0000] {logging_mixin.py:188} INFO - [2026-07-25T03:32:28.286+0000] {dag.py:3089} INFO - Sync 1 DAGs
[2026-07-25T03:32:28.298+0000] {logging_mixin.py:188} INFO - [2026-07-25T03:32:28.298+0000] {dag.py:3947} INFO - Setting next_dagrun for youtube_english_video_pipeline to 2026-07-24 12:00:00+00:00, run_after=2026-07-25 12:00:00+00:00
[2026-07-25T03:32:28.323+0000] {processor.py:183} INFO - Processing /opt/airflow/dags/youtube_pipeline.py took 0.269 seconds
[2026-07-25T03:32:58.706+0000] {processor.py:161} INFO - Started process (PID=1045) to work on /opt/airflow/dags/youtube_pipeline.py
[2026-07-25T03:32:58.707+0000] {processor.py:830} INFO - Processing file /opt/airflow/dags/youtube_pipeline.py for tasks to queue
[2026-07-25T03:32:58.709+0000] {logging_mixin.py:188} INFO - [2026-07-25T03:32:58.709+0000] {dagbag.py:545} INFO - Filling up the DagBag from /opt/airflow/dags/youtube_pipeline.py
[2026-07-25T03:32:58.728+0000] {processor.py:840} INFO - DAG(s) 'youtube_english_video_pipeline' retrieved from /opt/airflow/dags/youtube_pipeline.py
[2026-07-25T03:32:58.751+0000] {logging_mixin.py:188} INFO - [2026-07-25T03:32:58.751+0000] {dag.py:3089} INFO - Sync 1 DAGs
[2026-07-25T03:32:58.766+0000] {logging_mixin.py:188} INFO - [2026-07-25T03:32:58.766+0000] {dag.py:3947} INFO - Setting next_dagrun for youtube_english_video_pipeline to 2026-07-24 12:00:00+00:00, run_after=2026-07-25 12:00:00+00:00
[2026-07-25T03:32:58.780+0000] {processor.py:183} INFO - Processing /opt/airflow/dags/youtube_pipeline.py took 0.081 seconds
[2026-07-25T03:33:28.937+0000] {processor.py:161} INFO - Started process (PID=1050) to work on /opt/airflow/dags/youtube_pipeline.py
[2026-07-25T03:33:28.938+0000] {processor.py:830} INFO - Processing file /opt/airflow/dags/youtube_pipeline.py for tasks to queue
[2026-07-25T03:33:28.940+0000] {logging_mixin.py:188} INFO - [2026-07-25T03:33:28.940+0000] {dagbag.py:545} INFO - Filling up the DagBag from /opt/airflow/dags/youtube_pipeline.py
[2026-07-25T03:33:28.987+0000] {processor.py:840} INFO - DAG(s) 'youtube_english_video_pipeline' retrieved from /opt/airflow/dags/youtube_pipeline.py
[2026-07-25T03:33:29.025+0000] {logging_mixin.py:188} INFO - [2026-07-25T03:33:29.024+0000] {dag.py:3089} INFO - Sync 1 DAGs
[2026-07-25T03:33:29.045+0000] {logging_mixin.py:188} INFO - [2026-07-25T03:33:29.045+0000] {dag.py:3947} INFO - Setting next_dagrun for youtube_english_video_pipeline to 2026-07-24 12:00:00+00:00, run_after=2026-07-25 12:00:00+00:00
[2026-07-25T03:33:29.064+0000] {processor.py:183} INFO - Processing /opt/airflow/dags/youtube_pipeline.py took 0.135 seconds
[2026-07-25T03:33:59.235+0000] {processor.py:161} INFO - Started process (PID=1055) to work on /opt/airflow/dags/youtube_pipeline.py
[2026-07-25T03:33:59.236+0000] {processor.py:830} INFO - Processing file /opt/airflow/dags/youtube_pipeline.py for tasks to queue
[2026-07-25T03:33:59.238+0000] {logging_mixin.py:188} INFO - [2026-07-25T03:33:59.238+0000] {dagbag.py:545} INFO - Filling up the DagBag from /opt/airflow/dags/youtube_pipeline.py
[2026-07-25T03:33:59.276+0000] {processor.py:840} INFO - DAG(s) 'youtube_english_video_pipeline' retrieved from /opt/airflow/dags/youtube_pipeline.py
[2026-07-25T03:33:59.301+0000] {logging_mixin.py:188} INFO - [2026-07-25T03:33:59.301+0000] {dag.py:3089} INFO - Sync 1 DAGs
[2026-07-25T03:33:59.318+0000] {logging_mixin.py:188} INFO - [2026-07-25T03:33:59.318+0000] {dag.py:3947} INFO - Setting next_dagrun for youtube_english_video_pipeline to 2026-07-24 12:00:00+00:00, run_after=2026-07-25 12:00:00+00:00
[2026-07-25T03:33:59.345+0000] {processor.py:183} INFO - Processing /opt/airflow/dags/youtube_pipeline.py took 0.117 seconds
[2026-07-25T03:34:29.585+0000] {processor.py:161} INFO - Started process (PID=1060) to work on /opt/airflow/dags/youtube_pipeline.py
[2026-07-25T03:34:29.585+0000] {processor.py:830} INFO - Processing file /opt/airflow/dags/youtube_pipeline.py for tasks to queue
[2026-07-25T03:34:29.587+0000] {logging_mixin.py:188} INFO - [2026-07-25T03:34:29.587+0000] {dagbag.py:545} INFO - Filling up the DagBag from /opt/airflow/dags/youtube_pipeline.py
[2026-07-25T03:34:29.610+0000] {processor.py:840} INFO - DAG(s) 'youtube_english_video_pipeline' retrieved from /opt/airflow/dags/youtube_pipeline.py
[2026-07-25T03:34:29.637+0000] {logging_mixin.py:188} INFO - [2026-07-25T03:34:29.637+0000] {dag.py:3089} INFO - Sync 1 DAGs
[2026-07-25T03:34:29.656+0000] {logging_mixin.py:188} INFO - [2026-07-25T03:34:29.656+0000] {dag.py:3947} INFO - Setting next_dagrun for youtube_english_video_pipeline to 2026-07-24 12:00:00+00:00, run_after=2026-07-25 12:00:00+00:00
[2026-07-25T03:34:29.674+0000] {processor.py:183} INFO - Processing /opt/airflow/dags/youtube_pipeline.py took 0.095 seconds
[2026-07-25T03:34:59.830+0000] {processor.py:161} INFO - Started process (PID=1065) to work on /opt/airflow/dags/youtube_pipeline.py
[2026-07-25T03:34:59.831+0000] {processor.py:830} INFO - Processing file /opt/airflow/dags/youtube_pipeline.py for tasks to queue
[2026-07-25T03:34:59.833+0000] {logging_mixin.py:188} INFO - [2026-07-25T03:34:59.832+0000] {dagbag.py:545} INFO - Filling up the DagBag from /opt/airflow/dags/youtube_pipeline.py
[2026-07-25T03:34:59.856+0000] {processor.py:840} INFO - DAG(s) 'youtube_english_video_pipeline' retrieved from /opt/airflow/dags/youtube_pipeline.py
[2026-07-25T03:34:59.887+0000] {logging_mixin.py:188} INFO - [2026-07-25T03:34:59.887+0000] {dag.py:3089} INFO - Sync 1 DAGs
[2026-07-25T03:34:59.905+0000] {logging_mixin.py:188} INFO - [2026-07-25T03:34:59.905+0000] {dag.py:3947} INFO - Setting next_dagrun for youtube_english_video_pipeline to 2026-07-24 12:00:00+00:00, run_after=2026-07-25 12:00:00+00:00
[2026-07-25T03:34:59.923+0000] {processor.py:183} INFO - Processing /opt/airflow/dags/youtube_pipeline.py took 0.101 seconds
[2026-07-25T03:35:30.098+0000] {processor.py:161} INFO - Started process (PID=1070) to work on /opt/airflow/dags/youtube_pipeline.py
[2026-07-25T03:35:30.098+0000] {processor.py:830} INFO - Processing file /opt/airflow/dags/youtube_pipeline.py for tasks to queue
[2026-07-25T03:35:30.100+0000] {logging_mixin.py:188} INFO - [2026-07-25T03:35:30.100+0000] {dagbag.py:545} INFO - Filling up the DagBag from /opt/airflow/dags/youtube_pipeline.py
[2026-07-25T03:35:30.119+0000] {processor.py:840} INFO - DAG(s) 'youtube_english_video_pipeline' retrieved from /opt/airflow/dags/youtube_pipeline.py
[2026-07-25T03:35:30.155+0000] {logging_mixin.py:188} INFO - [2026-07-25T03:35:30.154+0000] {dag.py:3089} INFO - Sync 1 DAGs
[2026-07-25T03:35:30.172+0000] {logging_mixin.py:188} INFO - [2026-07-25T03:35:30.172+0000] {dag.py:3947} INFO - Setting next_dagrun for youtube_english_video_pipeline to 2026-07-24 12:00:00+00:00, run_after=2026-07-25 12:00:00+00:00
[2026-07-25T03:35:30.187+0000] {processor.py:183} INFO - Processing /opt/airflow/dags/youtube_pipeline.py took 0.094 seconds
[2026-07-25T03:36:00.326+0000] {processor.py:161} INFO - Started process (PID=1075) to work on /opt/airflow/dags/youtube_pipeline.py
[2026-07-25T03:36:00.327+0000] {processor.py:830} INFO - Processing file /opt/airflow/dags/youtube_pipeline.py for tasks to queue
[2026-07-25T03:36:00.328+0000] {logging_mixin.py:188} INFO - [2026-07-25T03:36:00.328+0000] {dagbag.py:545} INFO - Filling up the DagBag from /opt/airflow/dags/youtube_pipeline.py
[2026-07-25T03:36:00.345+0000] {processor.py:840} INFO - DAG(s) 'youtube_english_video_pipeline' retrieved from /opt/airflow/dags/youtube_pipeline.py
[2026-07-25T03:36:00.369+0000] {logging_mixin.py:188} INFO - [2026-07-25T03:36:00.369+0000] {dag.py:3089} INFO - Sync 1 DAGs
[2026-07-25T03:36:00.384+0000] {logging_mixin.py:188} INFO - [2026-07-25T03:36:00.383+0000] {dag.py:3947} INFO - Setting next_dagrun for youtube_english_video_pipeline to 2026-07-24 12:00:00+00:00, run_after=2026-07-25 12:00:00+00:00
[2026-07-25T03:36:00.397+0000] {processor.py:183} INFO - Processing /opt/airflow/dags/youtube_pipeline.py took 0.076 seconds
[2026-07-25T03:36:30.655+0000] {processor.py:161} INFO - Started process (PID=1080) to work on /opt/airflow/dags/youtube_pipeline.py
[2026-07-25T03:36:30.656+0000] {processor.py:830} INFO - Processing file /opt/airflow/dags/youtube_pipeline.py for tasks to queue
[2026-07-25T03:36:30.657+0000] {logging_mixin.py:188} INFO - [2026-07-25T03:36:30.657+0000] {dagbag.py:545} INFO - Filling up the DagBag from /opt/airflow/dags/youtube_pipeline.py
[2026-07-25T03:36:30.675+0000] {processor.py:840} INFO - DAG(s) 'youtube_english_video_pipeline' retrieved from /opt/airflow/dags/youtube_pipeline.py
[2026-07-25T03:36:30.698+0000] {logging_mixin.py:188} INFO - [2026-07-25T03:36:30.698+0000] {dag.py:3089} INFO - Sync 1 DAGs
[2026-07-25T03:36:30.714+0000] {logging_mixin.py:188} INFO - [2026-07-25T03:36:30.714+0000] {dag.py:3947} INFO - Setting next_dagrun for youtube_english_video_pipeline to 2026-07-24 12:00:00+00:00, run_after=2026-07-25 12:00:00+00:00
[2026-07-25T03:36:30.728+0000] {processor.py:183} INFO - Processing /opt/airflow/dags/youtube_pipeline.py took 0.077 seconds
[2026-07-25T03:37:00.911+0000] {processor.py:161} INFO - Started process (PID=1085) to work on /opt/airflow/dags/youtube_pipeline.py
[2026-07-25T03:37:00.913+0000] {processor.py:830} INFO - Processing file /opt/airflow/dags/youtube_pipeline.py for tasks to queue
[2026-07-25T03:37:00.915+0000] {logging_mixin.py:188} INFO - [2026-07-25T03:37:00.914+0000] {dagbag.py:545} INFO - Filling up the DagBag from /opt/airflow/dags/youtube_pipeline.py
[2026-07-25T03:37:00.945+0000] {processor.py:840} INFO - DAG(s) 'youtube_english_video_pipeline' retrieved from /opt/airflow/dags/youtube_pipeline.py
[2026-07-25T03:37:00.969+0000] {logging_mixin.py:188} INFO - [2026-07-25T03:37:00.969+0000] {dag.py:3089} INFO - Sync 1 DAGs
[2026-07-25T03:37:00.985+0000] {logging_mixin.py:188} INFO - [2026-07-25T03:37:00.985+0000] {dag.py:3947} INFO - Setting next_dagrun for youtube_english_video_pipeline to 2026-07-24 12:00:00+00:00, run_after=2026-07-25 12:00:00+00:00
[2026-07-25T03:37:01.001+0000] {processor.py:183} INFO - Processing /opt/airflow/dags/youtube_pipeline.py took 0.098 seconds
[2026-07-25T03:37:31.207+0000] {processor.py:161} INFO - Started process (PID=1090) to work on /opt/airflow/dags/youtube_pipeline.py
[2026-07-25T03:37:31.208+0000] {processor.py:830} INFO - Processing file /opt/airflow/dags/youtube_pipeline.py for tasks to queue
[2026-07-25T03:37:31.210+0000] {logging_mixin.py:188} INFO - [2026-07-25T03:37:31.209+0000] {dagbag.py:545} INFO - Filling up the DagBag from /opt/airflow/dags/youtube_pipeline.py
[2026-07-25T03:37:31.243+0000] {processor.py:840} INFO - DAG(s) 'youtube_english_video_pipeline' retrieved from /opt/airflow/dags/youtube_pipeline.py
[2026-07-25T03:37:31.268+0000] {logging_mixin.py:188} INFO - [2026-07-25T03:37:31.268+0000] {dag.py:3089} INFO - Sync 1 DAGs
[2026-07-25T03:37:31.286+0000] {logging_mixin.py:188} INFO - [2026-07-25T03:37:31.285+0000] {dag.py:3947} INFO - Setting next_dagrun for youtube_english_video_pipeline to 2026-07-24 12:00:00+00:00, run_after=2026-07-25 12:00:00+00:00
[2026-07-25T03:37:31.307+0000] {processor.py:183} INFO - Processing /opt/airflow/dags/youtube_pipeline.py took 0.106 seconds
[2026-07-25T03:38:01.519+0000] {processor.py:161} INFO - Started process (PID=1095) to work on /opt/airflow/dags/youtube_pipeline.py
[2026-07-25T03:38:01.520+0000] {processor.py:830} INFO - Processing file /opt/airflow/dags/youtube_pipeline.py for tasks to queue
[2026-07-25T03:38:01.523+0000] {logging_mixin.py:188} INFO - [2026-07-25T03:38:01.523+0000] {dagbag.py:545} INFO - Filling up the DagBag from /opt/airflow/dags/youtube_pipeline.py
[2026-07-25T03:38:01.554+0000] {processor.py:840} INFO - DAG(s) 'youtube_english_video_pipeline' retrieved from /opt/airflow/dags/youtube_pipeline.py
[2026-07-25T03:38:01.580+0000] {logging_mixin.py:188} INFO - [2026-07-25T03:38:01.579+0000] {dag.py:3089} INFO - Sync 1 DAGs
[2026-07-25T03:38:01.595+0000] {logging_mixin.py:188} INFO - [2026-07-25T03:38:01.595+0000] {dag.py:3947} INFO - Setting next_dagrun for youtube_english_video_pipeline to 2026-07-24 12:00:00+00:00, run_after=2026-07-25 12:00:00+00:00
[2026-07-25T03:38:01.612+0000] {processor.py:183} INFO - Processing /opt/airflow/dags/youtube_pipeline.py took 0.100 seconds
[2026-07-25T03:38:31.821+0000] {processor.py:161} INFO - Started process (PID=1100) to work on /opt/airflow/dags/youtube_pipeline.py
[2026-07-25T03:38:31.822+0000] {processor.py:830} INFO - Processing file /opt/airflow/dags/youtube_pipeline.py for tasks to queue
[2026-07-25T03:38:31.825+0000] {logging_mixin.py:188} INFO - [2026-07-25T03:38:31.825+0000] {dagbag.py:545} INFO - Filling up the DagBag from /opt/airflow/dags/youtube_pipeline.py
[2026-07-25T03:38:31.854+0000] {processor.py:840} INFO - DAG(s) 'youtube_english_video_pipeline' retrieved from /opt/airflow/dags/youtube_pipeline.py
[2026-07-25T03:38:31.883+0000] {logging_mixin.py:188} INFO - [2026-07-25T03:38:31.883+0000] {dag.py:3089} INFO - Sync 1 DAGs
[2026-07-25T03:38:31.900+0000] {logging_mixin.py:188} INFO - [2026-07-25T03:38:31.899+0000] {dag.py:3947} INFO - Setting next_dagrun for youtube_english_video_pipeline to 2026-07-24 12:00:00+00:00, run_after=2026-07-25 12:00:00+00:00
[2026-07-25T03:38:31.919+0000] {processor.py:183} INFO - Processing /opt/airflow/dags/youtube_pipeline.py took 0.105 seconds
[2026-07-25T03:39:02.079+0000] {processor.py:161} INFO - Started process (PID=1105) to work on /opt/airflow/dags/youtube_pipeline.py
[2026-07-25T03:39:02.080+0000] {processor.py:830} INFO - Processing file /opt/airflow/dags/youtube_pipeline.py for tasks to queue
[2026-07-25T03:39:02.082+0000] {logging_mixin.py:188} INFO - [2026-07-25T03:39:02.081+0000] {dagbag.py:545} INFO - Filling up the DagBag from /opt/airflow/dags/youtube_pipeline.py
[2026-07-25T03:39:02.101+0000] {processor.py:840} INFO - DAG(s) 'youtube_english_video_pipeline' retrieved from /opt/airflow/dags/youtube_pipeline.py
[2026-07-25T03:39:02.129+0000] {logging_mixin.py:188} INFO - [2026-07-25T03:39:02.128+0000] {dag.py:3089} INFO - Sync 1 DAGs
[2026-07-25T03:39:02.145+0000] {logging_mixin.py:188} INFO - [2026-07-25T03:39:02.144+0000] {dag.py:3947} INFO - Setting next_dagrun for youtube_english_video_pipeline to 2026-07-24 12:00:00+00:00, run_after=2026-07-25 12:00:00+00:00
[2026-07-25T03:39:02.160+0000] {processor.py:183} INFO - Processing /opt/airflow/dags/youtube_pipeline.py took 0.086 seconds
[2026-07-25T03:39:32.466+0000] {processor.py:161} INFO - Started process (PID=1110) to work on /opt/airflow/dags/youtube_pipeline.py
[2026-07-25T03:39:32.467+0000] {processor.py:830} INFO - Processing file /opt/airflow/dags/youtube_pipeline.py for tasks to queue
[2026-07-25T03:39:32.469+0000] {logging_mixin.py:188} INFO - [2026-07-25T03:39:32.468+0000] {dagbag.py:545} INFO - Filling up the DagBag from /opt/airflow/dags/youtube_pipeline.py
[2026-07-25T03:39:32.502+0000] {processor.py:840} INFO - DAG(s) 'youtube_english_video_pipeline' retrieved from /opt/airflow/dags/youtube_pipeline.py
[2026-07-25T03:39:32.527+0000] {logging_mixin.py:188} INFO - [2026-07-25T03:39:32.527+0000] {dag.py:3089} INFO - Sync 1 DAGs
[2026-07-25T03:39:32.548+0000] {logging_mixin.py:188} INFO - [2026-07-25T03:39:32.548+0000] {dag.py:3947} INFO - Setting next_dagrun for youtube_english_video_pipeline to 2026-07-24 12:00:00+00:00, run_after=2026-07-25 12:00:00+00:00
[2026-07-25T03:39:32.578+0000] {processor.py:183} INFO - Processing /opt/airflow/dags/youtube_pipeline.py took 0.117 seconds
[2026-07-25T03:40:02.803+0000] {processor.py:161} INFO - Started process (PID=1115) to work on /opt/airflow/dags/youtube_pipeline.py
[2026-07-25T03:40:02.804+0000] {processor.py:830} INFO - Processing file /opt/airflow/dags/youtube_pipeline.py for tasks to queue
[2026-07-25T03:40:02.805+0000] {logging_mixin.py:188} INFO - [2026-07-25T03:40:02.805+0000] {dagbag.py:545} INFO - Filling up the DagBag from /opt/airflow/dags/youtube_pipeline.py
[2026-07-25T03:40:02.823+0000] {processor.py:840} INFO - DAG(s) 'youtube_english_video_pipeline' retrieved from /opt/airflow/dags/youtube_pipeline.py
[2026-07-25T03:40:02.847+0000] {logging_mixin.py:188} INFO - [2026-07-25T03:40:02.847+0000] {dag.py:3089} INFO - Sync 1 DAGs
[2026-07-25T03:40:02.862+0000] {logging_mixin.py:188} INFO - [2026-07-25T03:40:02.861+0000] {dag.py:3947} INFO - Setting next_dagrun for youtube_english_video_pipeline to 2026-07-24 12:00:00+00:00, run_after=2026-07-25 12:00:00+00:00
[2026-07-25T03:40:02.875+0000] {processor.py:183} INFO - Processing /opt/airflow/dags/youtube_pipeline.py took 0.078 seconds
[2026-07-25T03:40:33.077+0000] {processor.py:161} INFO - Started process (PID=1120) to work on /opt/airflow/dags/youtube_pipeline.py
[2026-07-25T03:40:33.078+0000] {processor.py:830} INFO - Processing file /opt/airflow/dags/youtube_pipeline.py for tasks to queue
[2026-07-25T03:40:33.079+0000] {logging_mixin.py:188} INFO - [2026-07-25T03:40:33.079+0000] {dagbag.py:545} INFO - Filling up the DagBag from /opt/airflow/dags/youtube_pipeline.py
[2026-07-25T03:40:33.095+0000] {processor.py:840} INFO - DAG(s) 'youtube_english_video_pipeline' retrieved from /opt/airflow/dags/youtube_pipeline.py
[2026-07-25T03:40:33.116+0000] {logging_mixin.py:188} INFO - [2026-07-25T03:40:33.115+0000] {dag.py:3089} INFO - Sync 1 DAGs
[2026-07-25T03:40:33.130+0000] {logging_mixin.py:188} INFO - [2026-07-25T03:40:33.130+0000] {dag.py:3947} INFO - Setting next_dagrun for youtube_english_video_pipeline to 2026-07-24 12:00:00+00:00, run_after=2026-07-25 12:00:00+00:00
[2026-07-25T03:40:33.145+0000] {processor.py:183} INFO - Processing /opt/airflow/dags/youtube_pipeline.py took 0.072 seconds
[2026-07-25T03:41:03.335+0000] {processor.py:161} INFO - Started process (PID=1125) to work on /opt/airflow/dags/youtube_pipeline.py
[2026-07-25T03:41:03.336+0000] {processor.py:830} INFO - Processing file /opt/airflow/dags/youtube_pipeline.py for tasks to queue
[2026-07-25T03:41:03.338+0000] {logging_mixin.py:188} INFO - [2026-07-25T03:41:03.337+0000] {dagbag.py:545} INFO - Filling up the DagBag from /opt/airflow/dags/youtube_pipeline.py
[2026-07-25T03:41:03.355+0000] {processor.py:840} INFO - DAG(s) 'youtube_english_video_pipeline' retrieved from /opt/airflow/dags/youtube_pipeline.py
[2026-07-25T03:41:03.378+0000] {logging_mixin.py:188} INFO - [2026-07-25T03:41:03.377+0000] {dag.py:3089} INFO - Sync 1 DAGs
[2026-07-25T03:41:03.392+0000] {logging_mixin.py:188} INFO - [2026-07-25T03:41:03.392+0000] {dag.py:3947} INFO - Setting next_dagrun for youtube_english_video_pipeline to 2026-07-24 12:00:00+00:00, run_after=2026-07-25 12:00:00+00:00
[2026-07-25T03:41:03.405+0000] {processor.py:183} INFO - Processing /opt/airflow/dags/youtube_pipeline.py took 0.075 seconds
[2026-07-25T03:41:33.569+0000] {processor.py:161} INFO - Started process (PID=1130) to work on /opt/airflow/dags/youtube_pipeline.py
[2026-07-25T03:41:33.570+0000] {processor.py:830} INFO - Processing file /opt/airflow/dags/youtube_pipeline.py for tasks to queue
[2026-07-25T03:41:33.571+0000] {logging_mixin.py:188} INFO - [2026-07-25T03:41:33.571+0000] {dagbag.py:545} INFO - Filling up the DagBag from /opt/airflow/dags/youtube_pipeline.py
[2026-07-25T03:41:33.588+0000] {processor.py:840} INFO - DAG(s) 'youtube_english_video_pipeline' retrieved from /opt/airflow/dags/youtube_pipeline.py
[2026-07-25T03:41:33.614+0000] {logging_mixin.py:188} INFO - [2026-07-25T03:41:33.613+0000] {dag.py:3089} INFO - Sync 1 DAGs
[2026-07-25T03:41:33.631+0000] {logging_mixin.py:188} INFO - [2026-07-25T03:41:33.631+0000] {dag.py:3947} INFO - Setting next_dagrun for youtube_english_video_pipeline to 2026-07-24 12:00:00+00:00, run_after=2026-07-25 12:00:00+00:00
[2026-07-25T03:41:33.646+0000] {processor.py:183} INFO - Processing /opt/airflow/dags/youtube_pipeline.py took 0.083 seconds
[2026-07-25T03:42:03.959+0000] {processor.py:161} INFO - Started process (PID=1135) to work on /opt/airflow/dags/youtube_pipeline.py
[2026-07-25T03:42:03.960+0000] {processor.py:830} INFO - Processing file /opt/airflow/dags/youtube_pipeline.py for tasks to queue
[2026-07-25T03:42:03.963+0000] {logging_mixin.py:188} INFO - [2026-07-25T03:42:03.962+0000] {dagbag.py:545} INFO - Filling up the DagBag from /opt/airflow/dags/youtube_pipeline.py
[2026-07-25T03:42:03.999+0000] {processor.py:840} INFO - DAG(s) 'youtube_english_video_pipeline' retrieved from /opt/airflow/dags/youtube_pipeline.py
[2026-07-25T03:42:04.025+0000] {logging_mixin.py:188} INFO - [2026-07-25T03:42:04.025+0000] {dag.py:3089} INFO - Sync 1 DAGs
[2026-07-25T03:42:04.044+0000] {logging_mixin.py:188} INFO - [2026-07-25T03:42:04.044+0000] {dag.py:3947} INFO - Setting next_dagrun for youtube_english_video_pipeline to 2026-07-24 12:00:00+00:00, run_after=2026-07-25 12:00:00+00:00
[2026-07-25T03:42:04.066+0000] {processor.py:183} INFO - Processing /opt/airflow/dags/youtube_pipeline.py took 0.115 seconds
[2026-07-25T03:42:34.162+0000] {processor.py:161} INFO - Started process (PID=1140) to work on /opt/airflow/dags/youtube_pipeline.py
[2026-07-25T03:42:34.163+0000] {processor.py:830} INFO - Processing file /opt/airflow/dags/youtube_pipeline.py for tasks to queue
[2026-07-25T03:42:34.165+0000] {logging_mixin.py:188} INFO - [2026-07-25T03:42:34.165+0000] {dagbag.py:545} INFO - Filling up the DagBag from /opt/airflow/dags/youtube_pipeline.py
[2026-07-25T03:42:34.181+0000] {processor.py:840} INFO - DAG(s) 'youtube_english_video_pipeline' retrieved from /opt/airflow/dags/youtube_pipeline.py
[2026-07-25T03:42:34.204+0000] {logging_mixin.py:188} INFO - [2026-07-25T03:42:34.204+0000] {dag.py:3089} INFO - Sync 1 DAGs
[2026-07-25T03:42:34.219+0000] {logging_mixin.py:188} INFO - [2026-07-25T03:42:34.219+0000] {dag.py:3947} INFO - Setting next_dagrun for youtube_english_video_pipeline to 2026-07-24 12:00:00+00:00, run_after=2026-07-25 12:00:00+00:00
[2026-07-25T03:42:34.233+0000] {processor.py:183} INFO - Processing /opt/airflow/dags/youtube_pipeline.py took 0.076 seconds
[2026-07-25T03:43:04.397+0000] {processor.py:161} INFO - Started process (PID=1145) to work on /opt/airflow/dags/youtube_pipeline.py
[2026-07-25T03:43:04.398+0000] {processor.py:830} INFO - Processing file /opt/airflow/dags/youtube_pipeline.py for tasks to queue
[2026-07-25T03:43:04.399+0000] {logging_mixin.py:188} INFO - [2026-07-25T03:43:04.399+0000] {dagbag.py:545} INFO - Filling up the DagBag from /opt/airflow/dags/youtube_pipeline.py
[2026-07-25T03:43:04.418+0000] {processor.py:840} INFO - DAG(s) 'youtube_english_video_pipeline' retrieved from /opt/airflow/dags/youtube_pipeline.py
[2026-07-25T03:43:04.448+0000] {logging_mixin.py:188} INFO - [2026-07-25T03:43:04.448+0000] {dag.py:3089} INFO - Sync 1 DAGs
[2026-07-25T03:43:04.467+0000] {logging_mixin.py:188} INFO - [2026-07-25T03:43:04.467+0000] {dag.py:3947} INFO - Setting next_dagrun for youtube_english_video_pipeline to 2026-07-24 12:00:00+00:00, run_after=2026-07-25 12:00:00+00:00
[2026-07-25T03:43:04.483+0000] {processor.py:183} INFO - Processing /opt/airflow/dags/youtube_pipeline.py took 0.092 seconds
[2026-07-25T03:43:34.668+0000] {processor.py:161} INFO - Started process (PID=1150) to work on /opt/airflow/dags/youtube_pipeline.py
[2026-07-25T03:43:34.669+0000] {processor.py:830} INFO - Processing file /opt/airflow/dags/youtube_pipeline.py for tasks to queue
[2026-07-25T03:43:34.670+0000] {logging_mixin.py:188} INFO - [2026-07-25T03:43:34.670+0000] {dagbag.py:545} INFO - Filling up the DagBag from /opt/airflow/dags/youtube_pipeline.py
[2026-07-25T03:43:34.689+0000] {processor.py:840} INFO - DAG(s) 'youtube_english_video_pipeline' retrieved from /opt/airflow/dags/youtube_pipeline.py
[2026-07-25T03:43:34.713+0000] {logging_mixin.py:188} INFO - [2026-07-25T03:43:34.713+0000] {dag.py:3089} INFO - Sync 1 DAGs
[2026-07-25T03:43:34.733+0000] {logging_mixin.py:188} INFO - [2026-07-25T03:43:34.733+0000] {dag.py:3947} INFO - Setting next_dagrun for youtube_english_video_pipeline to 2026-07-24 12:00:00+00:00, run_after=2026-07-25 12:00:00+00:00
[2026-07-25T03:43:34.765+0000] {processor.py:183} INFO - Processing /opt/airflow/dags/youtube_pipeline.py took 0.102 seconds
[2026-07-25T03:44:05.073+0000] {processor.py:161} INFO - Started process (PID=1155) to work on /opt/airflow/dags/youtube_pipeline.py
[2026-07-25T03:44:05.074+0000] {processor.py:830} INFO - Processing file /opt/airflow/dags/youtube_pipeline.py for tasks to queue
[2026-07-25T03:44:05.077+0000] {logging_mixin.py:188} INFO - [2026-07-25T03:44:05.076+0000] {dagbag.py:545} INFO - Filling up the DagBag from /opt/airflow/dags/youtube_pipeline.py
[2026-07-25T03:44:05.107+0000] {processor.py:840} INFO - DAG(s) 'youtube_english_video_pipeline' retrieved from /opt/airflow/dags/youtube_pipeline.py
[2026-07-25T03:44:05.135+0000] {logging_mixin.py:188} INFO - [2026-07-25T03:44:05.135+0000] {dag.py:3089} INFO - Sync 1 DAGs
[2026-07-25T03:44:05.158+0000] {logging_mixin.py:188} INFO - [2026-07-25T03:44:05.157+0000] {dag.py:3947} INFO - Setting next_dagrun for youtube_english_video_pipeline to 2026-07-24 12:00:00+00:00, run_after=2026-07-25 12:00:00+00:00
[2026-07-25T03:44:05.193+0000] {processor.py:183} INFO - Processing /opt/airflow/dags/youtube_pipeline.py took 0.127 seconds
[2026-07-25T03:44:35.291+0000] {processor.py:161} INFO - Started process (PID=1160) to work on /opt/airflow/dags/youtube_pipeline.py
[2026-07-25T03:44:35.293+0000] {processor.py:830} INFO - Processing file /opt/airflow/dags/youtube_pipeline.py for tasks to queue
[2026-07-25T03:44:35.296+0000] {logging_mixin.py:188} INFO - [2026-07-25T03:44:35.296+0000] {dagbag.py:545} INFO - Filling up the DagBag from /opt/airflow/dags/youtube_pipeline.py
[2026-07-25T03:44:35.340+0000] {processor.py:840} INFO - DAG(s) 'youtube_english_video_pipeline' retrieved from /opt/airflow/dags/youtube_pipeline.py
[2026-07-25T03:44:35.369+0000] {logging_mixin.py:188} INFO - [2026-07-25T03:44:35.369+0000] {dag.py:3089} INFO - Sync 1 DAGs
[2026-07-25T03:44:35.390+0000] {logging_mixin.py:188} INFO - [2026-07-25T03:44:35.390+0000] {dag.py:3947} INFO - Setting next_dagrun for youtube_english_video_pipeline to 2026-07-24 12:00:00+00:00, run_after=2026-07-25 12:00:00+00:00
[2026-07-25T03:44:35.410+0000] {processor.py:183} INFO - Processing /opt/airflow/dags/youtube_pipeline.py took 0.127 seconds
[2026-07-25T03:45:05.515+0000] {processor.py:161} INFO - Started process (PID=1165) to work on /opt/airflow/dags/youtube_pipeline.py
[2026-07-25T03:45:05.516+0000] {processor.py:830} INFO - Processing file /opt/airflow/dags/youtube_pipeline.py for tasks to queue
[2026-07-25T03:45:05.517+0000] {logging_mixin.py:188} INFO - [2026-07-25T03:45:05.517+0000] {dagbag.py:545} INFO - Filling up the DagBag from /opt/airflow/dags/youtube_pipeline.py
[2026-07-25T03:45:05.542+0000] {processor.py:840} INFO - DAG(s) 'youtube_english_video_pipeline' retrieved from /opt/airflow/dags/youtube_pipeline.py
[2026-07-25T03:45:05.565+0000] {logging_mixin.py:188} INFO - [2026-07-25T03:45:05.565+0000] {dag.py:3089} INFO - Sync 1 DAGs
[2026-07-25T03:45:05.579+0000] {logging_mixin.py:188} INFO - [2026-07-25T03:45:05.579+0000] {dag.py:3947} INFO - Setting next_dagrun for youtube_english_video_pipeline to 2026-07-24 12:00:00+00:00, run_after=2026-07-25 12:00:00+00:00
[2026-07-25T03:45:05.598+0000] {processor.py:183} INFO - Processing /opt/airflow/dags/youtube_pipeline.py took 0.089 seconds
[2026-07-25T03:45:35.758+0000] {processor.py:161} INFO - Started process (PID=1170) to work on /opt/airflow/dags/youtube_pipeline.py
[2026-07-25T03:45:35.759+0000] {processor.py:830} INFO - Processing file /opt/airflow/dags/youtube_pipeline.py for tasks to queue
[2026-07-25T03:45:35.760+0000] {logging_mixin.py:188} INFO - [2026-07-25T03:45:35.760+0000] {dagbag.py:545} INFO - Filling up the DagBag from /opt/airflow/dags/youtube_pipeline.py
[2026-07-25T03:45:35.777+0000] {processor.py:840} INFO - DAG(s) 'youtube_english_video_pipeline' retrieved from /opt/airflow/dags/youtube_pipeline.py
[2026-07-25T03:45:35.805+0000] {logging_mixin.py:188} INFO - [2026-07-25T03:45:35.805+0000] {dag.py:3089} INFO - Sync 1 DAGs
[2026-07-25T03:45:35.822+0000] {logging_mixin.py:188} INFO - [2026-07-25T03:45:35.822+0000] {dag.py:3947} INFO - Setting next_dagrun for youtube_english_video_pipeline to 2026-07-24 12:00:00+00:00, run_after=2026-07-25 12:00:00+00:00
[2026-07-25T03:45:35.840+0000] {processor.py:183} INFO - Processing /opt/airflow/dags/youtube_pipeline.py took 0.089 seconds
[2026-07-25T03:46:06.067+0000] {processor.py:161} INFO - Started process (PID=1175) to work on /opt/airflow/dags/youtube_pipeline.py
[2026-07-25T03:46:06.067+0000] {processor.py:830} INFO - Processing file /opt/airflow/dags/youtube_pipeline.py for tasks to queue
[2026-07-25T03:46:06.069+0000] {logging_mixin.py:188} INFO - [2026-07-25T03:46:06.069+0000] {dagbag.py:545} INFO - Filling up the DagBag from /opt/airflow/dags/youtube_pipeline.py
[2026-07-25T03:46:06.085+0000] {processor.py:840} INFO - DAG(s) 'youtube_english_video_pipeline' retrieved from /opt/airflow/dags/youtube_pipeline.py
[2026-07-25T03:46:06.110+0000] {logging_mixin.py:188} INFO - [2026-07-25T03:46:06.110+0000] {dag.py:3089} INFO - Sync 1 DAGs
[2026-07-25T03:46:06.128+0000] {logging_mixin.py:188} INFO - [2026-07-25T03:46:06.127+0000] {dag.py:3947} INFO - Setting next_dagrun for youtube_english_video_pipeline to 2026-07-24 12:00:00+00:00, run_after=2026-07-25 12:00:00+00:00
[2026-07-25T03:46:06.142+0000] {processor.py:183} INFO - Processing /opt/airflow/dags/youtube_pipeline.py took 0.081 seconds
[2026-07-25T03:46:36.401+0000] {processor.py:161} INFO - Started process (PID=1180) to work on /opt/airflow/dags/youtube_pipeline.py
[2026-07-25T03:46:36.403+0000] {processor.py:830} INFO - Processing file /opt/airflow/dags/youtube_pipeline.py for tasks to queue
[2026-07-25T03:46:36.405+0000] {logging_mixin.py:188} INFO - [2026-07-25T03:46:36.405+0000] {dagbag.py:545} INFO - Filling up the DagBag from /opt/airflow/dags/youtube_pipeline.py
[2026-07-25T03:46:36.440+0000] {processor.py:840} INFO - DAG(s) 'youtube_english_video_pipeline' retrieved from /opt/airflow/dags/youtube_pipeline.py
[2026-07-25T03:46:36.464+0000] {logging_mixin.py:188} INFO - [2026-07-25T03:46:36.464+0000] {dag.py:3089} INFO - Sync 1 DAGs
[2026-07-25T03:46:36.482+0000] {logging_mixin.py:188} INFO - [2026-07-25T03:46:36.481+0000] {dag.py:3947} INFO - Setting next_dagrun for youtube_english_video_pipeline to 2026-07-24 12:00:00+00:00, run_after=2026-07-25 12:00:00+00:00
[2026-07-25T03:46:36.499+0000] {processor.py:183} INFO - Processing /opt/airflow/dags/youtube_pipeline.py took 0.109 seconds
[2026-07-25T03:47:06.598+0000] {processor.py:161} INFO - Started process (PID=1185) to work on /opt/airflow/dags/youtube_pipeline.py
[2026-07-25T03:47:06.599+0000] {processor.py:830} INFO - Processing file /opt/airflow/dags/youtube_pipeline.py for tasks to queue
[2026-07-25T03:47:06.601+0000] {logging_mixin.py:188} INFO - [2026-07-25T03:47:06.600+0000] {dagbag.py:545} INFO - Filling up the DagBag from /opt/airflow/dags/youtube_pipeline.py
[2026-07-25T03:47:06.617+0000] {processor.py:840} INFO - DAG(s) 'youtube_english_video_pipeline' retrieved from /opt/airflow/dags/youtube_pipeline.py
[2026-07-25T03:47:06.639+0000] {logging_mixin.py:188} INFO - [2026-07-25T03:47:06.639+0000] {dag.py:3089} INFO - Sync 1 DAGs
[2026-07-25T03:47:06.654+0000] {logging_mixin.py:188} INFO - [2026-07-25T03:47:06.653+0000] {dag.py:3947} INFO - Setting next_dagrun for youtube_english_video_pipeline to 2026-07-24 12:00:00+00:00, run_after=2026-07-25 12:00:00+00:00
[2026-07-25T03:47:06.668+0000] {processor.py:183} INFO - Processing /opt/airflow/dags/youtube_pipeline.py took 0.075 seconds
[2026-07-25T03:47:36.846+0000] {processor.py:161} INFO - Started process (PID=1190) to work on /opt/airflow/dags/youtube_pipeline.py
[2026-07-25T03:47:36.847+0000] {processor.py:830} INFO - Processing file /opt/airflow/dags/youtube_pipeline.py for tasks to queue
[2026-07-25T03:47:36.849+0000] {logging_mixin.py:188} INFO - [2026-07-25T03:47:36.849+0000] {dagbag.py:545} INFO - Filling up the DagBag from /opt/airflow/dags/youtube_pipeline.py
[2026-07-25T03:47:36.866+0000] {processor.py:840} INFO - DAG(s) 'youtube_english_video_pipeline' retrieved from /opt/airflow/dags/youtube_pipeline.py
[2026-07-25T03:47:36.891+0000] {logging_mixin.py:188} INFO - [2026-07-25T03:47:36.891+0000] {dag.py:3089} INFO - Sync 1 DAGs
[2026-07-25T03:47:36.909+0000] {logging_mixin.py:188} INFO - [2026-07-25T03:47:36.909+0000] {dag.py:3947} INFO - Setting next_dagrun for youtube_english_video_pipeline to 2026-07-24 12:00:00+00:00, run_after=2026-07-25 12:00:00+00:00
[2026-07-25T03:47:36.926+0000] {processor.py:183} INFO - Processing /opt/airflow/dags/youtube_pipeline.py took 0.085 seconds
[2026-07-25T03:48:07.146+0000] {processor.py:161} INFO - Started process (PID=1195) to work on /opt/airflow/dags/youtube_pipeline.py
[2026-07-25T03:48:07.147+0000] {processor.py:830} INFO - Processing file /opt/airflow/dags/youtube_pipeline.py for tasks to queue
[2026-07-25T03:48:07.149+0000] {logging_mixin.py:188} INFO - [2026-07-25T03:48:07.148+0000] {dagbag.py:545} INFO - Filling up the DagBag from /opt/airflow/dags/youtube_pipeline.py
[2026-07-25T03:48:07.170+0000] {processor.py:840} INFO - DAG(s) 'youtube_english_video_pipeline' retrieved from /opt/airflow/dags/youtube_pipeline.py
[2026-07-25T03:48:07.194+0000] {logging_mixin.py:188} INFO - [2026-07-25T03:48:07.194+0000] {dag.py:3089} INFO - Sync 1 DAGs
[2026-07-25T03:48:07.209+0000] {logging_mixin.py:188} INFO - [2026-07-25T03:48:07.209+0000] {dag.py:3947} INFO - Setting next_dagrun for youtube_english_video_pipeline to 2026-07-24 12:00:00+00:00, run_after=2026-07-25 12:00:00+00:00
[2026-07-25T03:48:07.232+0000] {processor.py:183} INFO - Processing /opt/airflow/dags/youtube_pipeline.py took 0.091 seconds
[2026-07-25T03:48:37.374+0000] {processor.py:161} INFO - Started process (PID=1200) to work on /opt/airflow/dags/youtube_pipeline.py
[2026-07-25T03:48:37.375+0000] {processor.py:830} INFO - Processing file /opt/airflow/dags/youtube_pipeline.py for tasks to queue
[2026-07-25T03:48:37.377+0000] {logging_mixin.py:188} INFO - [2026-07-25T03:48:37.376+0000] {dagbag.py:545} INFO - Filling up the DagBag from /opt/airflow/dags/youtube_pipeline.py
[2026-07-25T03:48:37.393+0000] {processor.py:840} INFO - DAG(s) 'youtube_english_video_pipeline' retrieved from /opt/airflow/dags/youtube_pipeline.py
[2026-07-25T03:48:37.418+0000] {logging_mixin.py:188} INFO - [2026-07-25T03:48:37.417+0000] {dag.py:3089} INFO - Sync 1 DAGs
[2026-07-25T03:48:37.435+0000] {logging_mixin.py:188} INFO - [2026-07-25T03:48:37.435+0000] {dag.py:3947} INFO - Setting next_dagrun for youtube_english_video_pipeline to 2026-07-24 12:00:00+00:00, run_after=2026-07-25 12:00:00+00:00
[2026-07-25T03:48:37.450+0000] {processor.py:183} INFO - Processing /opt/airflow/dags/youtube_pipeline.py took 0.081 seconds
[2026-07-25T03:49:07.681+0000] {processor.py:161} INFO - Started process (PID=1205) to work on /opt/airflow/dags/youtube_pipeline.py
[2026-07-25T03:49:07.681+0000] {processor.py:830} INFO - Processing file /opt/airflow/dags/youtube_pipeline.py for tasks to queue
[2026-07-25T03:49:07.683+0000] {logging_mixin.py:188} INFO - [2026-07-25T03:49:07.683+0000] {dagbag.py:545} INFO - Filling up the DagBag from /opt/airflow/dags/youtube_pipeline.py
[2026-07-25T03:49:07.713+0000] {processor.py:840} INFO - DAG(s) 'youtube_english_video_pipeline' retrieved from /opt/airflow/dags/youtube_pipeline.py
[2026-07-25T03:49:07.737+0000] {logging_mixin.py:188} INFO - [2026-07-25T03:49:07.737+0000] {dag.py:3089} INFO - Sync 1 DAGs
[2026-07-25T03:49:07.753+0000] {logging_mixin.py:188} INFO - [2026-07-25T03:49:07.753+0000] {dag.py:3947} INFO - Setting next_dagrun for youtube_english_video_pipeline to 2026-07-24 12:00:00+00:00, run_after=2026-07-25 12:00:00+00:00
[2026-07-25T03:49:07.767+0000] {processor.py:183} INFO - Processing /opt/airflow/dags/youtube_pipeline.py took 0.093 seconds
[2026-07-25T03:49:37.994+0000] {processor.py:161} INFO - Started process (PID=1520) to work on /opt/airflow/dags/youtube_pipeline.py
[2026-07-25T03:49:37.995+0000] {processor.py:830} INFO - Processing file /opt/airflow/dags/youtube_pipeline.py for tasks to queue
[2026-07-25T03:49:37.999+0000] {logging_mixin.py:188} INFO - [2026-07-25T03:49:37.999+0000] {dagbag.py:545} INFO - Filling up the DagBag from /opt/airflow/dags/youtube_pipeline.py
[2026-07-25T03:49:38.058+0000] {processor.py:840} INFO - DAG(s) 'youtube_english_video_pipeline' retrieved from /opt/airflow/dags/youtube_pipeline.py
[2026-07-25T03:49:38.171+0000] {logging_mixin.py:188} INFO - [2026-07-25T03:49:38.171+0000] {dag.py:3089} INFO - Sync 1 DAGs
[2026-07-25T03:49:38.286+0000] {processor.py:183} INFO - Processing /opt/airflow/dags/youtube_pipeline.py took 0.304 seconds
[2026-07-25T03:50:08.603+0000] {processor.py:161} INFO - Started process (PID=2273) to work on /opt/airflow/dags/youtube_pipeline.py
[2026-07-25T03:50:08.604+0000] {processor.py:830} INFO - Processing file /opt/airflow/dags/youtube_pipeline.py for tasks to queue
[2026-07-25T03:50:08.607+0000] {logging_mixin.py:188} INFO - [2026-07-25T03:50:08.607+0000] {dagbag.py:545} INFO - Filling up the DagBag from /opt/airflow/dags/youtube_pipeline.py
[2026-07-25T03:50:08.646+0000] {processor.py:840} INFO - DAG(s) 'youtube_english_video_pipeline' retrieved from /opt/airflow/dags/youtube_pipeline.py
[2026-07-25T03:50:08.678+0000] {logging_mixin.py:188} INFO - [2026-07-25T03:50:08.677+0000] {dag.py:3089} INFO - Sync 1 DAGs
[2026-07-25T03:50:08.713+0000] {processor.py:183} INFO - Processing /opt/airflow/dags/youtube_pipeline.py took 0.119 seconds
[2026-07-25T03:50:38.825+0000] {processor.py:161} INFO - Started process (PID=2278) to work on /opt/airflow/dags/youtube_pipeline.py
[2026-07-25T03:50:38.827+0000] {processor.py:830} INFO - Processing file /opt/airflow/dags/youtube_pipeline.py for tasks to queue
[2026-07-25T03:50:38.829+0000] {logging_mixin.py:188} INFO - [2026-07-25T03:50:38.829+0000] {dagbag.py:545} INFO - Filling up the DagBag from /opt/airflow/dags/youtube_pipeline.py
[2026-07-25T03:50:38.864+0000] {processor.py:840} INFO - DAG(s) 'youtube_english_video_pipeline' retrieved from /opt/airflow/dags/youtube_pipeline.py
[2026-07-25T03:50:39.088+0000] {logging_mixin.py:188} INFO - [2026-07-25T03:50:39.087+0000] {dag.py:3089} INFO - Sync 1 DAGs
[2026-07-25T03:50:39.100+0000] {logging_mixin.py:188} INFO - [2026-07-25T03:50:39.099+0000] {dag.py:3111} INFO - Creating ORM DAG for youtube_english_video_pipeline
[2026-07-25T03:50:39.111+0000] {logging_mixin.py:188} INFO - [2026-07-25T03:50:39.111+0000] {dag.py:3947} INFO - Setting next_dagrun for youtube_english_video_pipeline to 2026-07-23 12:00:00+00:00, run_after=2026-07-24 12:00:00+00:00
[2026-07-25T03:50:39.130+0000] {processor.py:183} INFO - Processing /opt/airflow/dags/youtube_pipeline.py took 0.316 seconds
[2026-07-25T03:51:09.390+0000] {processor.py:161} INFO - Started process (PID=2283) to work on /opt/airflow/dags/youtube_pipeline.py
[2026-07-25T03:51:09.391+0000] {processor.py:830} INFO - Processing file /opt/airflow/dags/youtube_pipeline.py for tasks to queue
[2026-07-25T03:51:09.394+0000] {logging_mixin.py:188} INFO - [2026-07-25T03:51:09.393+0000] {dagbag.py:545} INFO - Filling up the DagBag from /opt/airflow/dags/youtube_pipeline.py
[2026-07-25T03:51:09.434+0000] {processor.py:840} INFO - DAG(s) 'youtube_english_video_pipeline' retrieved from /opt/airflow/dags/youtube_pipeline.py
[2026-07-25T03:51:09.470+0000] {logging_mixin.py:188} INFO - [2026-07-25T03:51:09.470+0000] {dag.py:3089} INFO - Sync 1 DAGs
[2026-07-25T03:51:09.492+0000] {logging_mixin.py:188} INFO - [2026-07-25T03:51:09.492+0000] {dag.py:3947} INFO - Setting next_dagrun for youtube_english_video_pipeline to 2026-07-23 12:00:00+00:00, run_after=2026-07-24 12:00:00+00:00
[2026-07-25T03:51:09.512+0000] {processor.py:183} INFO - Processing /opt/airflow/dags/youtube_pipeline.py took 0.130 seconds
[2026-07-25T03:51:39.682+0000] {processor.py:161} INFO - Started process (PID=2288) to work on /opt/airflow/dags/youtube_pipeline.py
[2026-07-25T03:51:39.683+0000] {processor.py:830} INFO - Processing file /opt/airflow/dags/youtube_pipeline.py for tasks to queue
[2026-07-25T03:51:39.684+0000] {logging_mixin.py:188} INFO - [2026-07-25T03:51:39.684+0000] {dagbag.py:545} INFO - Filling up the DagBag from /opt/airflow/dags/youtube_pipeline.py
[2026-07-25T03:51:39.703+0000] {processor.py:840} INFO - DAG(s) 'youtube_english_video_pipeline' retrieved from /opt/airflow/dags/youtube_pipeline.py
[2026-07-25T03:51:39.729+0000] {logging_mixin.py:188} INFO - [2026-07-25T03:51:39.729+0000] {dag.py:3089} INFO - Sync 1 DAGs
[2026-07-25T03:51:39.745+0000] {logging_mixin.py:188} INFO - [2026-07-25T03:51:39.745+0000] {dag.py:3947} INFO - Setting next_dagrun for youtube_english_video_pipeline to 2026-07-23 12:00:00+00:00, run_after=2026-07-24 12:00:00+00:00
[2026-07-25T03:51:39.759+0000] {processor.py:183} INFO - Processing /opt/airflow/dags/youtube_pipeline.py took 0.084 seconds
[2026-07-25T03:52:09.837+0000] {processor.py:161} INFO - Started process (PID=2293) to work on /opt/airflow/dags/youtube_pipeline.py
[2026-07-25T03:52:09.837+0000] {processor.py:830} INFO - Processing file /opt/airflow/dags/youtube_pipeline.py for tasks to queue
[2026-07-25T03:52:09.839+0000] {logging_mixin.py:188} INFO - [2026-07-25T03:52:09.839+0000] {dagbag.py:545} INFO - Filling up the DagBag from /opt/airflow/dags/youtube_pipeline.py
[2026-07-25T03:52:09.861+0000] {processor.py:840} INFO - DAG(s) 'youtube_english_video_pipeline' retrieved from /opt/airflow/dags/youtube_pipeline.py
[2026-07-25T03:52:09.887+0000] {logging_mixin.py:188} INFO - [2026-07-25T03:52:09.887+0000] {dag.py:3089} INFO - Sync 1 DAGs
[2026-07-25T03:52:09.904+0000] {logging_mixin.py:188} INFO - [2026-07-25T03:52:09.904+0000] {dag.py:3947} INFO - Setting next_dagrun for youtube_english_video_pipeline to 2026-07-23 12:00:00+00:00, run_after=2026-07-24 12:00:00+00:00
[2026-07-25T03:52:09.920+0000] {processor.py:183} INFO - Processing /opt/airflow/dags/youtube_pipeline.py took 0.090 seconds
[2026-07-25T03:52:44.848+0000] {processor.py:161} INFO - Started process (PID=202) to work on /opt/airflow/dags/youtube_pipeline.py
[2026-07-25T03:52:44.850+0000] {processor.py:830} INFO - Processing file /opt/airflow/dags/youtube_pipeline.py for tasks to queue
[2026-07-25T03:52:44.852+0000] {logging_mixin.py:188} INFO - [2026-07-25T03:52:44.852+0000] {dagbag.py:545} INFO - Filling up the DagBag from /opt/airflow/dags/youtube_pipeline.py
[2026-07-25T03:52:44.891+0000] {processor.py:840} INFO - DAG(s) 'youtube_english_video_pipeline' retrieved from /opt/airflow/dags/youtube_pipeline.py
[2026-07-25T03:52:44.915+0000] {logging_mixin.py:188} INFO - [2026-07-25T03:52:44.915+0000] {dag.py:3089} INFO - Sync 1 DAGs
[2026-07-25T03:52:44.935+0000] {logging_mixin.py:188} INFO - [2026-07-25T03:52:44.935+0000] {dag.py:3947} INFO - Setting next_dagrun for youtube_english_video_pipeline to 2026-07-23 12:00:00+00:00, run_after=2026-07-24 12:00:00+00:00
[2026-07-25T03:52:44.952+0000] {processor.py:183} INFO - Processing /opt/airflow/dags/youtube_pipeline.py took 0.109 seconds
[2026-07-25T03:53:15.143+0000] {processor.py:161} INFO - Started process (PID=767) to work on /opt/airflow/dags/youtube_pipeline.py
[2026-07-25T03:53:15.145+0000] {processor.py:830} INFO - Processing file /opt/airflow/dags/youtube_pipeline.py for tasks to queue
[2026-07-25T03:53:15.150+0000] {logging_mixin.py:188} INFO - [2026-07-25T03:53:15.148+0000] {dagbag.py:545} INFO - Filling up the DagBag from /opt/airflow/dags/youtube_pipeline.py
[2026-07-25T03:53:15.217+0000] {processor.py:840} INFO - DAG(s) 'youtube_english_video_pipeline' retrieved from /opt/airflow/dags/youtube_pipeline.py
[2026-07-25T03:53:16.706+0000] {logging_mixin.py:188} INFO - [2026-07-25T03:53:16.705+0000] {dag.py:3089} INFO - Sync 1 DAGs
[2026-07-25T03:53:16.774+0000] {processor.py:183} INFO - Processing /opt/airflow/dags/youtube_pipeline.py took 1.645 seconds
[2026-07-25T03:53:47.060+0000] {processor.py:161} INFO - Started process (PID=1981) to work on /opt/airflow/dags/youtube_pipeline.py
[2026-07-25T03:53:47.062+0000] {processor.py:830} INFO - Processing file /opt/airflow/dags/youtube_pipeline.py for tasks to queue
[2026-07-25T03:53:47.065+0000] {logging_mixin.py:188} INFO - [2026-07-25T03:53:47.064+0000] {dagbag.py:545} INFO - Filling up the DagBag from /opt/airflow/dags/youtube_pipeline.py
[2026-07-25T03:53:47.105+0000] {processor.py:840} INFO - DAG(s) 'youtube_english_video_pipeline' retrieved from /opt/airflow/dags/youtube_pipeline.py
[2026-07-25T03:53:47.151+0000] {logging_mixin.py:188} INFO - [2026-07-25T03:53:47.151+0000] {dag.py:3089} INFO - Sync 1 DAGs
[2026-07-25T03:53:47.396+0000] {processor.py:183} INFO - Processing /opt/airflow/dags/youtube_pipeline.py took 0.345 seconds
[2026-07-25T03:54:17.656+0000] {processor.py:161} INFO - Started process (PID=2333) to work on /opt/airflow/dags/youtube_pipeline.py
[2026-07-25T03:54:17.657+0000] {processor.py:830} INFO - Processing file /opt/airflow/dags/youtube_pipeline.py for tasks to queue
[2026-07-25T03:54:17.659+0000] {logging_mixin.py:188} INFO - [2026-07-25T03:54:17.659+0000] {dagbag.py:545} INFO - Filling up the DagBag from /opt/airflow/dags/youtube_pipeline.py
[2026-07-25T03:54:17.695+0000] {processor.py:840} INFO - DAG(s) 'youtube_english_video_pipeline' retrieved from /opt/airflow/dags/youtube_pipeline.py
[2026-07-25T03:54:17.729+0000] {logging_mixin.py:188} INFO - [2026-07-25T03:54:17.729+0000] {dag.py:3089} INFO - Sync 1 DAGs
[2026-07-25T03:54:17.907+0000] {processor.py:183} INFO - Processing /opt/airflow/dags/youtube_pipeline.py took 0.260 seconds
[2026-07-25T03:54:48.199+0000] {processor.py:161} INFO - Started process (PID=2338) to work on /opt/airflow/dags/youtube_pipeline.py
[2026-07-25T03:54:48.200+0000] {processor.py:830} INFO - Processing file /opt/airflow/dags/youtube_pipeline.py for tasks to queue
[2026-07-25T03:54:48.202+0000] {logging_mixin.py:188} INFO - [2026-07-25T03:54:48.202+0000] {dagbag.py:545} INFO - Filling up the DagBag from /opt/airflow/dags/youtube_pipeline.py
[2026-07-25T03:54:48.219+0000] {processor.py:840} INFO - DAG(s) 'youtube_english_video_pipeline' retrieved from /opt/airflow/dags/youtube_pipeline.py
[2026-07-25T03:54:48.251+0000] {logging_mixin.py:188} INFO - [2026-07-25T03:54:48.250+0000] {dag.py:3089} INFO - Sync 1 DAGs
[2026-07-25T03:54:48.419+0000] {processor.py:183} INFO - Processing /opt/airflow/dags/youtube_pipeline.py took 0.225 seconds
[2026-07-25T03:55:18.681+0000] {processor.py:161} INFO - Started process (PID=2343) to work on /opt/airflow/dags/youtube_pipeline.py
[2026-07-25T03:55:18.683+0000] {processor.py:830} INFO - Processing file /opt/airflow/dags/youtube_pipeline.py for tasks to queue
[2026-07-25T03:55:18.686+0000] {logging_mixin.py:188} INFO - [2026-07-25T03:55:18.686+0000] {dagbag.py:545} INFO - Filling up the DagBag from /opt/airflow/dags/youtube_pipeline.py
[2026-07-25T03:55:18.724+0000] {processor.py:840} INFO - DAG(s) 'youtube_english_video_pipeline' retrieved from /opt/airflow/dags/youtube_pipeline.py
[2026-07-25T03:55:18.920+0000] {logging_mixin.py:188} INFO - [2026-07-25T03:55:18.919+0000] {dag.py:3089} INFO - Sync 1 DAGs
[2026-07-25T03:55:18.953+0000] {processor.py:183} INFO - Processing /opt/airflow/dags/youtube_pipeline.py took 0.280 seconds
[2026-07-25T03:55:49.170+0000] {processor.py:161} INFO - Started process (PID=2348) to work on /opt/airflow/dags/youtube_pipeline.py
[2026-07-25T03:55:49.172+0000] {processor.py:830} INFO - Processing file /opt/airflow/dags/youtube_pipeline.py for tasks to queue
[2026-07-25T03:55:49.173+0000] {logging_mixin.py:188} INFO - [2026-07-25T03:55:49.173+0000] {dagbag.py:545} INFO - Filling up the DagBag from /opt/airflow/dags/youtube_pipeline.py
[2026-07-25T03:55:49.333+0000] {processor.py:840} INFO - DAG(s) 'youtube_english_video_pipeline' retrieved from /opt/airflow/dags/youtube_pipeline.py
[2026-07-25T03:55:49.356+0000] {logging_mixin.py:188} INFO - [2026-07-25T03:55:49.356+0000] {dag.py:3089} INFO - Sync 1 DAGs
[2026-07-25T03:55:49.400+0000] {processor.py:183} INFO - Processing /opt/airflow/dags/youtube_pipeline.py took 0.235 seconds
[2026-07-25T03:56:19.484+0000] {processor.py:161} INFO - Started process (PID=2353) to work on /opt/airflow/dags/youtube_pipeline.py
[2026-07-25T03:56:19.486+0000] {processor.py:830} INFO - Processing file /opt/airflow/dags/youtube_pipeline.py for tasks to queue
[2026-07-25T03:56:19.488+0000] {logging_mixin.py:188} INFO - [2026-07-25T03:56:19.488+0000] {dagbag.py:545} INFO - Filling up the DagBag from /opt/airflow/dags/youtube_pipeline.py
[2026-07-25T03:56:19.521+0000] {processor.py:840} INFO - DAG(s) 'youtube_english_video_pipeline' retrieved from /opt/airflow/dags/youtube_pipeline.py
[2026-07-25T03:56:19.546+0000] {logging_mixin.py:188} INFO - [2026-07-25T03:56:19.546+0000] {dag.py:3089} INFO - Sync 1 DAGs
[2026-07-25T03:56:19.576+0000] {processor.py:183} INFO - Processing /opt/airflow/dags/youtube_pipeline.py took 0.102 seconds
[2026-07-25T03:56:49.858+0000] {processor.py:161} INFO - Started process (PID=2366) to work on /opt/airflow/dags/youtube_pipeline.py
[2026-07-25T03:56:49.859+0000] {processor.py:830} INFO - Processing file /opt/airflow/dags/youtube_pipeline.py for tasks to queue
[2026-07-25T03:56:49.860+0000] {logging_mixin.py:188} INFO - [2026-07-25T03:56:49.860+0000] {dagbag.py:545} INFO - Filling up the DagBag from /opt/airflow/dags/youtube_pipeline.py
[2026-07-25T03:56:49.877+0000] {processor.py:840} INFO - DAG(s) 'youtube_english_video_pipeline' retrieved from /opt/airflow/dags/youtube_pipeline.py
[2026-07-25T03:56:49.899+0000] {logging_mixin.py:188} INFO - [2026-07-25T03:56:49.899+0000] {dag.py:3089} INFO - Sync 1 DAGs
[2026-07-25T03:56:49.926+0000] {processor.py:183} INFO - Processing /opt/airflow/dags/youtube_pipeline.py took 0.073 seconds
[2026-07-25T03:57:20.089+0000] {processor.py:161} INFO - Started process (PID=2372) to work on /opt/airflow/dags/youtube_pipeline.py
[2026-07-25T03:57:20.090+0000] {processor.py:830} INFO - Processing file /opt/airflow/dags/youtube_pipeline.py for tasks to queue
[2026-07-25T03:57:20.092+0000] {logging_mixin.py:188} INFO - [2026-07-25T03:57:20.091+0000] {dagbag.py:545} INFO - Filling up the DagBag from /opt/airflow/dags/youtube_pipeline.py
[2026-07-25T03:57:20.115+0000] {processor.py:840} INFO - DAG(s) 'youtube_english_video_pipeline' retrieved from /opt/airflow/dags/youtube_pipeline.py
[2026-07-25T03:57:20.146+0000] {logging_mixin.py:188} INFO - [2026-07-25T03:57:20.146+0000] {dag.py:3089} INFO - Sync 1 DAGs
[2026-07-25T03:57:20.181+0000] {processor.py:183} INFO - Processing /opt/airflow/dags/youtube_pipeline.py took 0.099 seconds
[2026-07-25T03:57:50.526+0000] {processor.py:161} INFO - Started process (PID=2377) to work on /opt/airflow/dags/youtube_pipeline.py
[2026-07-25T03:57:50.528+0000] {processor.py:830} INFO - Processing file /opt/airflow/dags/youtube_pipeline.py for tasks to queue
[2026-07-25T03:57:50.532+0000] {logging_mixin.py:188} INFO - [2026-07-25T03:57:50.531+0000] {dagbag.py:545} INFO - Filling up the DagBag from /opt/airflow/dags/youtube_pipeline.py
[2026-07-25T03:57:50.661+0000] {processor.py:840} INFO - DAG(s) 'youtube_english_video_pipeline' retrieved from /opt/airflow/dags/youtube_pipeline.py
[2026-07-25T03:57:50.698+0000] {logging_mixin.py:188} INFO - [2026-07-25T03:57:50.698+0000] {dag.py:3089} INFO - Sync 1 DAGs
[2026-07-25T03:57:50.736+0000] {processor.py:183} INFO - Processing /opt/airflow/dags/youtube_pipeline.py took 0.223 seconds
[2026-07-25T03:58:21.007+0000] {processor.py:161} INFO - Started process (PID=2382) to work on /opt/airflow/dags/youtube_pipeline.py
[2026-07-25T03:58:21.008+0000] {processor.py:830} INFO - Processing file /opt/airflow/dags/youtube_pipeline.py for tasks to queue
[2026-07-25T03:58:21.010+0000] {logging_mixin.py:188} INFO - [2026-07-25T03:58:21.010+0000] {dagbag.py:545} INFO - Filling up the DagBag from /opt/airflow/dags/youtube_pipeline.py
[2026-07-25T03:58:21.026+0000] {processor.py:840} INFO - DAG(s) 'youtube_english_video_pipeline' retrieved from /opt/airflow/dags/youtube_pipeline.py
[2026-07-25T03:58:21.050+0000] {logging_mixin.py:188} INFO - [2026-07-25T03:58:21.050+0000] {dag.py:3089} INFO - Sync 1 DAGs
[2026-07-25T03:58:21.081+0000] {processor.py:183} INFO - Processing /opt/airflow/dags/youtube_pipeline.py took 0.080 seconds
[2026-07-25T03:58:51.235+0000] {processor.py:161} INFO - Started process (PID=2387) to work on /opt/airflow/dags/youtube_pipeline.py
[2026-07-25T03:58:51.236+0000] {processor.py:830} INFO - Processing file /opt/airflow/dags/youtube_pipeline.py for tasks to queue
[2026-07-25T03:58:51.240+0000] {logging_mixin.py:188} INFO - [2026-07-25T03:58:51.239+0000] {dagbag.py:545} INFO - Filling up the DagBag from /opt/airflow/dags/youtube_pipeline.py
[2026-07-25T03:58:51.255+0000] {processor.py:840} INFO - DAG(s) 'youtube_english_video_pipeline' retrieved from /opt/airflow/dags/youtube_pipeline.py
[2026-07-25T03:58:51.276+0000] {logging_mixin.py:188} INFO - [2026-07-25T03:58:51.276+0000] {dag.py:3089} INFO - Sync 1 DAGs
[2026-07-25T03:58:51.303+0000] {processor.py:183} INFO - Processing /opt/airflow/dags/youtube_pipeline.py took 0.073 seconds
[2026-07-25T03:59:21.551+0000] {processor.py:161} INFO - Started process (PID=3150) to work on /opt/airflow/dags/youtube_pipeline.py
[2026-07-25T03:59:21.552+0000] {processor.py:830} INFO - Processing file /opt/airflow/dags/youtube_pipeline.py for tasks to queue
[2026-07-25T03:59:21.553+0000] {logging_mixin.py:188} INFO - [2026-07-25T03:59:21.553+0000] {dagbag.py:545} INFO - Filling up the DagBag from /opt/airflow/dags/youtube_pipeline.py
[2026-07-25T03:59:21.569+0000] {processor.py:840} INFO - DAG(s) 'youtube_english_video_pipeline' retrieved from /opt/airflow/dags/youtube_pipeline.py
[2026-07-25T03:59:21.592+0000] {logging_mixin.py:188} INFO - [2026-07-25T03:59:21.591+0000] {dag.py:3089} INFO - Sync 1 DAGs
[2026-07-25T03:59:21.621+0000] {processor.py:183} INFO - Processing /opt/airflow/dags/youtube_pipeline.py took 0.075 seconds
[2026-07-25T03:59:51.818+0000] {processor.py:161} INFO - Started process (PID=3196) to work on /opt/airflow/dags/youtube_pipeline.py
[2026-07-25T03:59:51.820+0000] {processor.py:830} INFO - Processing file /opt/airflow/dags/youtube_pipeline.py for tasks to queue
[2026-07-25T03:59:51.821+0000] {logging_mixin.py:188} INFO - [2026-07-25T03:59:51.821+0000] {dagbag.py:545} INFO - Filling up the DagBag from /opt/airflow/dags/youtube_pipeline.py
[2026-07-25T03:59:51.842+0000] {processor.py:840} INFO - DAG(s) 'youtube_english_video_pipeline' retrieved from /opt/airflow/dags/youtube_pipeline.py
[2026-07-25T03:59:51.864+0000] {logging_mixin.py:188} INFO - [2026-07-25T03:59:51.864+0000] {dag.py:3089} INFO - Sync 1 DAGs
[2026-07-25T03:59:51.893+0000] {processor.py:183} INFO - Processing /opt/airflow/dags/youtube_pipeline.py took 0.081 seconds
[2026-07-25T04:00:22.110+0000] {processor.py:161} INFO - Started process (PID=3201) to work on /opt/airflow/dags/youtube_pipeline.py
[2026-07-25T04:00:22.111+0000] {processor.py:830} INFO - Processing file /opt/airflow/dags/youtube_pipeline.py for tasks to queue
[2026-07-25T04:00:22.112+0000] {logging_mixin.py:188} INFO - [2026-07-25T04:00:22.112+0000] {dagbag.py:545} INFO - Filling up the DagBag from /opt/airflow/dags/youtube_pipeline.py
[2026-07-25T04:00:22.131+0000] {processor.py:840} INFO - DAG(s) 'youtube_english_video_pipeline' retrieved from /opt/airflow/dags/youtube_pipeline.py
[2026-07-25T04:00:22.156+0000] {logging_mixin.py:188} INFO - [2026-07-25T04:00:22.156+0000] {dag.py:3089} INFO - Sync 1 DAGs
[2026-07-25T04:00:22.185+0000] {processor.py:183} INFO - Processing /opt/airflow/dags/youtube_pipeline.py took 0.080 seconds
[2026-07-25T04:00:52.400+0000] {processor.py:161} INFO - Started process (PID=3206) to work on /opt/airflow/dags/youtube_pipeline.py
[2026-07-25T04:00:52.401+0000] {processor.py:830} INFO - Processing file /opt/airflow/dags/youtube_pipeline.py for tasks to queue
[2026-07-25T04:00:52.402+0000] {logging_mixin.py:188} INFO - [2026-07-25T04:00:52.402+0000] {dagbag.py:545} INFO - Filling up the DagBag from /opt/airflow/dags/youtube_pipeline.py
[2026-07-25T04:00:52.418+0000] {processor.py:840} INFO - DAG(s) 'youtube_english_video_pipeline' retrieved from /opt/airflow/dags/youtube_pipeline.py
[2026-07-25T04:00:52.444+0000] {logging_mixin.py:188} INFO - [2026-07-25T04:00:52.444+0000] {dag.py:3089} INFO - Sync 1 DAGs
[2026-07-25T04:00:52.473+0000] {processor.py:183} INFO - Processing /opt/airflow/dags/youtube_pipeline.py took 0.078 seconds
[2026-07-25T04:01:22.662+0000] {processor.py:161} INFO - Started process (PID=3211) to work on /opt/airflow/dags/youtube_pipeline.py
[2026-07-25T04:01:22.663+0000] {processor.py:830} INFO - Processing file /opt/airflow/dags/youtube_pipeline.py for tasks to queue
[2026-07-25T04:01:22.665+0000] {logging_mixin.py:188} INFO - [2026-07-25T04:01:22.665+0000] {dagbag.py:545} INFO - Filling up the DagBag from /opt/airflow/dags/youtube_pipeline.py
[2026-07-25T04:01:22.682+0000] {processor.py:840} INFO - DAG(s) 'youtube_english_video_pipeline' retrieved from /opt/airflow/dags/youtube_pipeline.py
[2026-07-25T04:01:22.706+0000] {logging_mixin.py:188} INFO - [2026-07-25T04:01:22.706+0000] {dag.py:3089} INFO - Sync 1 DAGs
[2026-07-25T04:01:22.744+0000] {processor.py:183} INFO - Processing /opt/airflow/dags/youtube_pipeline.py took 0.087 seconds
[2026-07-25T04:01:52.979+0000] {processor.py:161} INFO - Started process (PID=3216) to work on /opt/airflow/dags/youtube_pipeline.py
[2026-07-25T04:01:52.980+0000] {processor.py:830} INFO - Processing file /opt/airflow/dags/youtube_pipeline.py for tasks to queue
[2026-07-25T04:01:52.981+0000] {logging_mixin.py:188} INFO - [2026-07-25T04:01:52.981+0000] {dagbag.py:545} INFO - Filling up the DagBag from /opt/airflow/dags/youtube_pipeline.py
[2026-07-25T04:01:52.996+0000] {processor.py:840} INFO - DAG(s) 'youtube_english_video_pipeline' retrieved from /opt/airflow/dags/youtube_pipeline.py
[2026-07-25T04:01:53.017+0000] {logging_mixin.py:188} INFO - [2026-07-25T04:01:53.017+0000] {dag.py:3089} INFO - Sync 1 DAGs
[2026-07-25T04:01:53.052+0000] {processor.py:183} INFO - Processing /opt/airflow/dags/youtube_pipeline.py took 0.078 seconds
[2026-07-25T04:02:23.242+0000] {processor.py:161} INFO - Started process (PID=3221) to work on /opt/airflow/dags/youtube_pipeline.py
[2026-07-25T04:02:23.244+0000] {processor.py:830} INFO - Processing file /opt/airflow/dags/youtube_pipeline.py for tasks to queue
[2026-07-25T04:02:23.245+0000] {logging_mixin.py:188} INFO - [2026-07-25T04:02:23.245+0000] {dagbag.py:545} INFO - Filling up the DagBag from /opt/airflow/dags/youtube_pipeline.py
[2026-07-25T04:02:23.286+0000] {processor.py:840} INFO - DAG(s) 'youtube_english_video_pipeline' retrieved from /opt/airflow/dags/youtube_pipeline.py
[2026-07-25T04:02:23.325+0000] {logging_mixin.py:188} INFO - [2026-07-25T04:02:23.325+0000] {dag.py:3089} INFO - Sync 1 DAGs
[2026-07-25T04:02:23.369+0000] {processor.py:183} INFO - Processing /opt/airflow/dags/youtube_pipeline.py took 0.134 seconds
[2026-07-25T04:02:53.576+0000] {processor.py:161} INFO - Started process (PID=3226) to work on /opt/airflow/dags/youtube_pipeline.py
[2026-07-25T04:02:53.577+0000] {processor.py:830} INFO - Processing file /opt/airflow/dags/youtube_pipeline.py for tasks to queue
[2026-07-25T04:02:53.579+0000] {logging_mixin.py:188} INFO - [2026-07-25T04:02:53.578+0000] {dagbag.py:545} INFO - Filling up the DagBag from /opt/airflow/dags/youtube_pipeline.py
[2026-07-25T04:02:53.594+0000] {processor.py:840} INFO - DAG(s) 'youtube_english_video_pipeline' retrieved from /opt/airflow/dags/youtube_pipeline.py
[2026-07-25T04:02:53.617+0000] {logging_mixin.py:188} INFO - [2026-07-25T04:02:53.617+0000] {dag.py:3089} INFO - Sync 1 DAGs
[2026-07-25T04:02:53.654+0000] {processor.py:183} INFO - Processing /opt/airflow/dags/youtube_pipeline.py took 0.083 seconds
[2026-07-25T04:03:23.817+0000] {processor.py:161} INFO - Started process (PID=3231) to work on /opt/airflow/dags/youtube_pipeline.py
[2026-07-25T04:03:23.818+0000] {processor.py:830} INFO - Processing file /opt/airflow/dags/youtube_pipeline.py for tasks to queue
[2026-07-25T04:03:23.819+0000] {logging_mixin.py:188} INFO - [2026-07-25T04:03:23.819+0000] {dagbag.py:545} INFO - Filling up the DagBag from /opt/airflow/dags/youtube_pipeline.py
[2026-07-25T04:03:23.840+0000] {processor.py:840} INFO - DAG(s) 'youtube_english_video_pipeline' retrieved from /opt/airflow/dags/youtube_pipeline.py
[2026-07-25T04:03:23.868+0000] {logging_mixin.py:188} INFO - [2026-07-25T04:03:23.868+0000] {dag.py:3089} INFO - Sync 1 DAGs
[2026-07-25T04:03:23.901+0000] {processor.py:183} INFO - Processing /opt/airflow/dags/youtube_pipeline.py took 0.090 seconds
[2026-07-25T04:03:54.167+0000] {processor.py:161} INFO - Started process (PID=3236) to work on /opt/airflow/dags/youtube_pipeline.py
[2026-07-25T04:03:54.171+0000] {processor.py:830} INFO - Processing file /opt/airflow/dags/youtube_pipeline.py for tasks to queue
[2026-07-25T04:03:54.174+0000] {logging_mixin.py:188} INFO - [2026-07-25T04:03:54.173+0000] {dagbag.py:545} INFO - Filling up the DagBag from /opt/airflow/dags/youtube_pipeline.py
[2026-07-25T04:03:54.201+0000] {processor.py:840} INFO - DAG(s) 'youtube_english_video_pipeline' retrieved from /opt/airflow/dags/youtube_pipeline.py
[2026-07-25T04:03:54.224+0000] {logging_mixin.py:188} INFO - [2026-07-25T04:03:54.224+0000] {dag.py:3089} INFO - Sync 1 DAGs
[2026-07-25T04:03:54.264+0000] {processor.py:183} INFO - Processing /opt/airflow/dags/youtube_pipeline.py took 0.105 seconds
[2026-07-25T04:04:24.401+0000] {processor.py:161} INFO - Started process (PID=3246) to work on /opt/airflow/dags/youtube_pipeline.py
[2026-07-25T04:04:24.402+0000] {processor.py:830} INFO - Processing file /opt/airflow/dags/youtube_pipeline.py for tasks to queue
[2026-07-25T04:04:24.404+0000] {logging_mixin.py:188} INFO - [2026-07-25T04:04:24.404+0000] {dagbag.py:545} INFO - Filling up the DagBag from /opt/airflow/dags/youtube_pipeline.py
[2026-07-25T04:04:24.428+0000] {processor.py:840} INFO - DAG(s) 'youtube_english_video_pipeline' retrieved from /opt/airflow/dags/youtube_pipeline.py
[2026-07-25T04:04:24.457+0000] {logging_mixin.py:188} INFO - [2026-07-25T04:04:24.457+0000] {dag.py:3089} INFO - Sync 1 DAGs
[2026-07-25T04:04:24.507+0000] {processor.py:183} INFO - Processing /opt/airflow/dags/youtube_pipeline.py took 0.112 seconds
[2026-07-25T04:04:53.632+0000] {processor.py:161} INFO - Started process (PID=202) to work on /opt/airflow/dags/youtube_pipeline.py
[2026-07-25T04:04:53.633+0000] {processor.py:830} INFO - Processing file /opt/airflow/dags/youtube_pipeline.py for tasks to queue
[2026-07-25T04:04:53.635+0000] {logging_mixin.py:188} INFO - [2026-07-25T04:04:53.635+0000] {dagbag.py:545} INFO - Filling up the DagBag from /opt/airflow/dags/youtube_pipeline.py
[2026-07-25T04:04:53.654+0000] {processor.py:840} INFO - DAG(s) 'youtube_english_video_pipeline' retrieved from /opt/airflow/dags/youtube_pipeline.py
[2026-07-25T04:04:53.687+0000] {logging_mixin.py:188} INFO - [2026-07-25T04:04:53.686+0000] {dag.py:3089} INFO - Sync 1 DAGs
[2026-07-25T04:04:53.704+0000] {logging_mixin.py:188} INFO - [2026-07-25T04:04:53.703+0000] {dag.py:3947} INFO - Setting next_dagrun for youtube_english_video_pipeline to 2026-07-23 12:00:00+00:00, run_after=2026-07-24 12:00:00+00:00
[2026-07-25T04:04:53.718+0000] {processor.py:183} INFO - Processing /opt/airflow/dags/youtube_pipeline.py took 0.090 seconds
[2026-07-25T04:05:23.885+0000] {processor.py:161} INFO - Started process (PID=1265) to work on /opt/airflow/dags/youtube_pipeline.py
[2026-07-25T04:05:23.886+0000] {processor.py:830} INFO - Processing file /opt/airflow/dags/youtube_pipeline.py for tasks to queue
[2026-07-25T04:05:23.889+0000] {logging_mixin.py:188} INFO - [2026-07-25T04:05:23.888+0000] {dagbag.py:545} INFO - Filling up the DagBag from /opt/airflow/dags/youtube_pipeline.py
[2026-07-25T04:05:23.918+0000] {processor.py:840} INFO - DAG(s) 'youtube_english_video_pipeline' retrieved from /opt/airflow/dags/youtube_pipeline.py
[2026-07-25T04:05:23.946+0000] {logging_mixin.py:188} INFO - [2026-07-25T04:05:23.946+0000] {dag.py:3089} INFO - Sync 1 DAGs
[2026-07-25T04:05:23.974+0000] {processor.py:183} INFO - Processing /opt/airflow/dags/youtube_pipeline.py took 0.095 seconds
[2026-07-25T04:05:54.154+0000] {processor.py:161} INFO - Started process (PID=1270) to work on /opt/airflow/dags/youtube_pipeline.py
[2026-07-25T04:05:54.155+0000] {processor.py:830} INFO - Processing file /opt/airflow/dags/youtube_pipeline.py for tasks to queue
[2026-07-25T04:05:54.157+0000] {logging_mixin.py:188} INFO - [2026-07-25T04:05:54.157+0000] {dagbag.py:545} INFO - Filling up the DagBag from /opt/airflow/dags/youtube_pipeline.py
[2026-07-25T04:05:54.177+0000] {processor.py:840} INFO - DAG(s) 'youtube_english_video_pipeline' retrieved from /opt/airflow/dags/youtube_pipeline.py
[2026-07-25T04:05:54.201+0000] {logging_mixin.py:188} INFO - [2026-07-25T04:05:54.201+0000] {dag.py:3089} INFO - Sync 1 DAGs
[2026-07-25T04:05:54.231+0000] {processor.py:183} INFO - Processing /opt/airflow/dags/youtube_pipeline.py took 0.083 seconds
[2026-07-25T04:06:24.420+0000] {processor.py:161} INFO - Started process (PID=1275) to work on /opt/airflow/dags/youtube_pipeline.py
[2026-07-25T04:06:24.421+0000] {processor.py:830} INFO - Processing file /opt/airflow/dags/youtube_pipeline.py for tasks to queue
[2026-07-25T04:06:24.423+0000] {logging_mixin.py:188} INFO - [2026-07-25T04:06:24.423+0000] {dagbag.py:545} INFO - Filling up the DagBag from /opt/airflow/dags/youtube_pipeline.py
[2026-07-25T04:06:24.451+0000] {processor.py:840} INFO - DAG(s) 'youtube_english_video_pipeline' retrieved from /opt/airflow/dags/youtube_pipeline.py
[2026-07-25T04:06:24.478+0000] {logging_mixin.py:188} INFO - [2026-07-25T04:06:24.478+0000] {dag.py:3089} INFO - Sync 1 DAGs
[2026-07-25T04:06:24.514+0000] {processor.py:183} INFO - Processing /opt/airflow/dags/youtube_pipeline.py took 0.098 seconds
[2026-07-25T04:06:54.717+0000] {processor.py:161} INFO - Started process (PID=1280) to work on /opt/airflow/dags/youtube_pipeline.py
[2026-07-25T04:06:54.718+0000] {processor.py:830} INFO - Processing file /opt/airflow/dags/youtube_pipeline.py for tasks to queue
[2026-07-25T04:06:54.720+0000] {logging_mixin.py:188} INFO - [2026-07-25T04:06:54.720+0000] {dagbag.py:545} INFO - Filling up the DagBag from /opt/airflow/dags/youtube_pipeline.py
[2026-07-25T04:06:54.753+0000] {processor.py:840} INFO - DAG(s) 'youtube_english_video_pipeline' retrieved from /opt/airflow/dags/youtube_pipeline.py
[2026-07-25T04:06:54.786+0000] {logging_mixin.py:188} INFO - [2026-07-25T04:06:54.786+0000] {dag.py:3089} INFO - Sync 1 DAGs
[2026-07-25T04:06:54.974+0000] {processor.py:183} INFO - Processing /opt/airflow/dags/youtube_pipeline.py took 0.264 seconds
[2026-07-25T04:07:25.239+0000] {processor.py:161} INFO - Started process (PID=1285) to work on /opt/airflow/dags/youtube_pipeline.py
[2026-07-25T04:07:25.240+0000] {processor.py:830} INFO - Processing file /opt/airflow/dags/youtube_pipeline.py for tasks to queue
[2026-07-25T04:07:25.242+0000] {logging_mixin.py:188} INFO - [2026-07-25T04:07:25.242+0000] {dagbag.py:545} INFO - Filling up the DagBag from /opt/airflow/dags/youtube_pipeline.py
[2026-07-25T04:07:25.271+0000] {processor.py:840} INFO - DAG(s) 'youtube_english_video_pipeline' retrieved from /opt/airflow/dags/youtube_pipeline.py
[2026-07-25T04:07:25.294+0000] {logging_mixin.py:188} INFO - [2026-07-25T04:07:25.294+0000] {dag.py:3089} INFO - Sync 1 DAGs
[2026-07-25T04:07:25.441+0000] {processor.py:183} INFO - Processing /opt/airflow/dags/youtube_pipeline.py took 0.206 seconds
[2026-07-25T04:07:55.657+0000] {processor.py:161} INFO - Started process (PID=1290) to work on /opt/airflow/dags/youtube_pipeline.py
[2026-07-25T04:07:55.659+0000] {processor.py:830} INFO - Processing file /opt/airflow/dags/youtube_pipeline.py for tasks to queue
[2026-07-25T04:07:55.661+0000] {logging_mixin.py:188} INFO - [2026-07-25T04:07:55.660+0000] {dagbag.py:545} INFO - Filling up the DagBag from /opt/airflow/dags/youtube_pipeline.py
[2026-07-25T04:07:55.730+0000] {processor.py:840} INFO - DAG(s) 'youtube_english_video_pipeline' retrieved from /opt/airflow/dags/youtube_pipeline.py
[2026-07-25T04:07:55.858+0000] {logging_mixin.py:188} INFO - [2026-07-25T04:07:55.858+0000] {dag.py:3089} INFO - Sync 1 DAGs
[2026-07-25T04:07:55.886+0000] {processor.py:183} INFO - Processing /opt/airflow/dags/youtube_pipeline.py took 0.234 seconds
[2026-07-25T04:08:26.193+0000] {processor.py:161} INFO - Started process (PID=1295) to work on /opt/airflow/dags/youtube_pipeline.py
[2026-07-25T04:08:26.195+0000] {processor.py:830} INFO - Processing file /opt/airflow/dags/youtube_pipeline.py for tasks to queue
[2026-07-25T04:08:26.197+0000] {logging_mixin.py:188} INFO - [2026-07-25T04:08:26.197+0000] {dagbag.py:545} INFO - Filling up the DagBag from /opt/airflow/dags/youtube_pipeline.py
[2026-07-25T04:08:26.233+0000] {processor.py:840} INFO - DAG(s) 'youtube_english_video_pipeline' retrieved from /opt/airflow/dags/youtube_pipeline.py
[2026-07-25T04:08:26.426+0000] {logging_mixin.py:188} INFO - [2026-07-25T04:08:26.425+0000] {dag.py:3089} INFO - Sync 1 DAGs
[2026-07-25T04:08:26.461+0000] {processor.py:183} INFO - Processing /opt/airflow/dags/youtube_pipeline.py took 0.279 seconds
[2026-07-25T04:08:56.776+0000] {processor.py:161} INFO - Started process (PID=1300) to work on /opt/airflow/dags/youtube_pipeline.py
[2026-07-25T04:08:56.777+0000] {processor.py:830} INFO - Processing file /opt/airflow/dags/youtube_pipeline.py for tasks to queue
[2026-07-25T04:08:56.779+0000] {logging_mixin.py:188} INFO - [2026-07-25T04:08:56.778+0000] {dagbag.py:545} INFO - Filling up the DagBag from /opt/airflow/dags/youtube_pipeline.py
[2026-07-25T04:08:56.804+0000] {processor.py:840} INFO - DAG(s) 'youtube_english_video_pipeline' retrieved from /opt/airflow/dags/youtube_pipeline.py
[2026-07-25T04:08:56.826+0000] {logging_mixin.py:188} INFO - [2026-07-25T04:08:56.826+0000] {dag.py:3089} INFO - Sync 1 DAGs
[2026-07-25T04:08:56.853+0000] {processor.py:183} INFO - Processing /opt/airflow/dags/youtube_pipeline.py took 0.082 seconds
[2026-07-25T04:09:27.062+0000] {processor.py:161} INFO - Started process (PID=1305) to work on /opt/airflow/dags/youtube_pipeline.py
[2026-07-25T04:09:27.062+0000] {processor.py:830} INFO - Processing file /opt/airflow/dags/youtube_pipeline.py for tasks to queue
[2026-07-25T04:09:27.064+0000] {logging_mixin.py:188} INFO - [2026-07-25T04:09:27.064+0000] {dagbag.py:545} INFO - Filling up the DagBag from /opt/airflow/dags/youtube_pipeline.py
[2026-07-25T04:09:27.081+0000] {processor.py:840} INFO - DAG(s) 'youtube_english_video_pipeline' retrieved from /opt/airflow/dags/youtube_pipeline.py
[2026-07-25T04:09:27.104+0000] {logging_mixin.py:188} INFO - [2026-07-25T04:09:27.103+0000] {dag.py:3089} INFO - Sync 1 DAGs
[2026-07-25T04:09:27.133+0000] {processor.py:183} INFO - Processing /opt/airflow/dags/youtube_pipeline.py took 0.076 seconds
[2026-07-25T04:09:57.864+0000] {processor.py:161} INFO - Started process (PID=1310) to work on /opt/airflow/dags/youtube_pipeline.py
[2026-07-25T04:09:57.870+0000] {processor.py:830} INFO - Processing file /opt/airflow/dags/youtube_pipeline.py for tasks to queue
[2026-07-25T04:09:57.876+0000] {logging_mixin.py:188} INFO - [2026-07-25T04:09:57.876+0000] {dagbag.py:545} INFO - Filling up the DagBag from /opt/airflow/dags/youtube_pipeline.py
[2026-07-25T04:09:57.972+0000] {processor.py:840} INFO - DAG(s) 'youtube_english_video_pipeline' retrieved from /opt/airflow/dags/youtube_pipeline.py
[2026-07-25T04:09:57.996+0000] {logging_mixin.py:188} INFO - [2026-07-25T04:09:57.995+0000] {dag.py:3089} INFO - Sync 1 DAGs
[2026-07-25T04:09:58.027+0000] {processor.py:183} INFO - Processing /opt/airflow/dags/youtube_pipeline.py took 0.175 seconds
[2026-07-25T04:10:28.324+0000] {processor.py:161} INFO - Started process (PID=1317) to work on /opt/airflow/dags/youtube_pipeline.py
[2026-07-25T04:10:28.325+0000] {processor.py:830} INFO - Processing file /opt/airflow/dags/youtube_pipeline.py for tasks to queue
[2026-07-25T04:10:28.326+0000] {logging_mixin.py:188} INFO - [2026-07-25T04:10:28.326+0000] {dagbag.py:545} INFO - Filling up the DagBag from /opt/airflow/dags/youtube_pipeline.py
[2026-07-25T04:10:28.343+0000] {processor.py:840} INFO - DAG(s) 'youtube_english_video_pipeline' retrieved from /opt/airflow/dags/youtube_pipeline.py
[2026-07-25T04:10:28.369+0000] {logging_mixin.py:188} INFO - [2026-07-25T04:10:28.369+0000] {dag.py:3089} INFO - Sync 1 DAGs
[2026-07-25T04:10:28.397+0000] {processor.py:183} INFO - Processing /opt/airflow/dags/youtube_pipeline.py took 0.078 seconds
[2026-07-25T04:10:39.070+0000] {processor.py:161} INFO - Started process (PID=202) to work on /opt/airflow/dags/youtube_pipeline.py
[2026-07-25T04:10:39.071+0000] {processor.py:830} INFO - Processing file /opt/airflow/dags/youtube_pipeline.py for tasks to queue
[2026-07-25T04:10:39.073+0000] {logging_mixin.py:188} INFO - [2026-07-25T04:10:39.072+0000] {dagbag.py:545} INFO - Filling up the DagBag from /opt/airflow/dags/youtube_pipeline.py
[2026-07-25T04:10:39.100+0000] {processor.py:840} INFO - DAG(s) 'youtube_english_video_pipeline' retrieved from /opt/airflow/dags/youtube_pipeline.py
[2026-07-25T04:10:39.133+0000] {logging_mixin.py:188} INFO - [2026-07-25T04:10:39.133+0000] {dag.py:3089} INFO - Sync 1 DAGs
[2026-07-25T04:10:39.165+0000] {processor.py:183} INFO - Processing /opt/airflow/dags/youtube_pipeline.py took 0.099 seconds
[2026-07-25T04:11:09.327+0000] {processor.py:161} INFO - Started process (PID=215) to work on /opt/airflow/dags/youtube_pipeline.py
[2026-07-25T04:11:09.328+0000] {processor.py:830} INFO - Processing file /opt/airflow/dags/youtube_pipeline.py for tasks to queue
[2026-07-25T04:11:09.333+0000] {logging_mixin.py:188} INFO - [2026-07-25T04:11:09.333+0000] {dagbag.py:545} INFO - Filling up the DagBag from /opt/airflow/dags/youtube_pipeline.py
[2026-07-25T04:11:09.366+0000] {processor.py:840} INFO - DAG(s) 'youtube_english_video_pipeline' retrieved from /opt/airflow/dags/youtube_pipeline.py
[2026-07-25T04:11:09.393+0000] {logging_mixin.py:188} INFO - [2026-07-25T04:11:09.393+0000] {dag.py:3089} INFO - Sync 1 DAGs
[2026-07-25T04:11:09.434+0000] {processor.py:183} INFO - Processing /opt/airflow/dags/youtube_pipeline.py took 0.115 seconds
[2026-07-25T04:11:39.570+0000] {processor.py:161} INFO - Started process (PID=220) to work on /opt/airflow/dags/youtube_pipeline.py
[2026-07-25T04:11:39.571+0000] {processor.py:830} INFO - Processing file /opt/airflow/dags/youtube_pipeline.py for tasks to queue
[2026-07-25T04:11:39.573+0000] {logging_mixin.py:188} INFO - [2026-07-25T04:11:39.573+0000] {dagbag.py:545} INFO - Filling up the DagBag from /opt/airflow/dags/youtube_pipeline.py
[2026-07-25T04:11:39.594+0000] {processor.py:840} INFO - DAG(s) 'youtube_english_video_pipeline' retrieved from /opt/airflow/dags/youtube_pipeline.py
[2026-07-25T04:11:39.620+0000] {logging_mixin.py:188} INFO - [2026-07-25T04:11:39.620+0000] {dag.py:3089} INFO - Sync 1 DAGs
[2026-07-25T04:11:39.650+0000] {processor.py:183} INFO - Processing /opt/airflow/dags/youtube_pipeline.py took 0.084 seconds
[2026-07-25T04:12:09.873+0000] {processor.py:161} INFO - Started process (PID=225) to work on /opt/airflow/dags/youtube_pipeline.py
[2026-07-25T04:12:09.874+0000] {processor.py:830} INFO - Processing file /opt/airflow/dags/youtube_pipeline.py for tasks to queue
[2026-07-25T04:12:09.876+0000] {logging_mixin.py:188} INFO - [2026-07-25T04:12:09.876+0000] {dagbag.py:545} INFO - Filling up the DagBag from /opt/airflow/dags/youtube_pipeline.py
[2026-07-25T04:12:09.915+0000] {processor.py:840} INFO - DAG(s) 'youtube_english_video_pipeline' retrieved from /opt/airflow/dags/youtube_pipeline.py
[2026-07-25T04:12:09.937+0000] {logging_mixin.py:188} INFO - [2026-07-25T04:12:09.937+0000] {dag.py:3089} INFO - Sync 1 DAGs
[2026-07-25T04:12:09.966+0000] {processor.py:183} INFO - Processing /opt/airflow/dags/youtube_pipeline.py took 0.100 seconds
[2026-07-25T04:12:40.109+0000] {processor.py:161} INFO - Started process (PID=230) to work on /opt/airflow/dags/youtube_pipeline.py
[2026-07-25T04:12:40.109+0000] {processor.py:830} INFO - Processing file /opt/airflow/dags/youtube_pipeline.py for tasks to queue
[2026-07-25T04:12:40.111+0000] {logging_mixin.py:188} INFO - [2026-07-25T04:12:40.111+0000] {dagbag.py:545} INFO - Filling up the DagBag from /opt/airflow/dags/youtube_pipeline.py
[2026-07-25T04:12:40.136+0000] {processor.py:840} INFO - DAG(s) 'youtube_english_video_pipeline' retrieved from /opt/airflow/dags/youtube_pipeline.py
[2026-07-25T04:12:40.162+0000] {logging_mixin.py:188} INFO - [2026-07-25T04:12:40.162+0000] {dag.py:3089} INFO - Sync 1 DAGs
[2026-07-25T04:12:40.317+0000] {processor.py:183} INFO - Processing /opt/airflow/dags/youtube_pipeline.py took 0.213 seconds
[2026-07-25T04:13:10.406+0000] {processor.py:161} INFO - Started process (PID=235) to work on /opt/airflow/dags/youtube_pipeline.py
[2026-07-25T04:13:10.407+0000] {processor.py:830} INFO - Processing file /opt/airflow/dags/youtube_pipeline.py for tasks to queue
[2026-07-25T04:13:10.408+0000] {logging_mixin.py:188} INFO - [2026-07-25T04:13:10.408+0000] {dagbag.py:545} INFO - Filling up the DagBag from /opt/airflow/dags/youtube_pipeline.py
[2026-07-25T04:13:10.424+0000] {processor.py:840} INFO - DAG(s) 'youtube_english_video_pipeline' retrieved from /opt/airflow/dags/youtube_pipeline.py
[2026-07-25T04:13:10.446+0000] {logging_mixin.py:188} INFO - [2026-07-25T04:13:10.446+0000] {dag.py:3089} INFO - Sync 1 DAGs
[2026-07-25T04:13:10.595+0000] {processor.py:183} INFO - Processing /opt/airflow/dags/youtube_pipeline.py took 0.194 seconds
[2026-07-25T04:13:40.843+0000] {processor.py:161} INFO - Started process (PID=240) to work on /opt/airflow/dags/youtube_pipeline.py
[2026-07-25T04:13:40.845+0000] {processor.py:830} INFO - Processing file /opt/airflow/dags/youtube_pipeline.py for tasks to queue
[2026-07-25T04:13:40.849+0000] {logging_mixin.py:188} INFO - [2026-07-25T04:13:40.849+0000] {dagbag.py:545} INFO - Filling up the DagBag from /opt/airflow/dags/youtube_pipeline.py
[2026-07-25T04:13:41.011+0000] {processor.py:840} INFO - DAG(s) 'youtube_english_video_pipeline' retrieved from /opt/airflow/dags/youtube_pipeline.py
[2026-07-25T04:13:41.037+0000] {logging_mixin.py:188} INFO - [2026-07-25T04:13:41.037+0000] {dag.py:3089} INFO - Sync 1 DAGs
[2026-07-25T04:13:41.180+0000] {processor.py:183} INFO - Processing /opt/airflow/dags/youtube_pipeline.py took 0.348 seconds
[2026-07-25T04:14:18.828+0000] {processor.py:161} INFO - Started process (PID=202) to work on /opt/airflow/dags/youtube_pipeline.py
[2026-07-25T04:14:18.829+0000] {processor.py:830} INFO - Processing file /opt/airflow/dags/youtube_pipeline.py for tasks to queue
[2026-07-25T04:14:18.830+0000] {logging_mixin.py:188} INFO - [2026-07-25T04:14:18.830+0000] {dagbag.py:545} INFO - Filling up the DagBag from /opt/airflow/dags/youtube_pipeline.py
[2026-07-25T04:14:18.848+0000] {processor.py:840} INFO - DAG(s) 'youtube_english_video_pipeline' retrieved from /opt/airflow/dags/youtube_pipeline.py
[2026-07-25T04:14:18.883+0000] {logging_mixin.py:188} INFO - [2026-07-25T04:14:18.882+0000] {dag.py:3089} INFO - Sync 1 DAGs
[2026-07-25T04:14:18.899+0000] {logging_mixin.py:188} INFO - [2026-07-25T04:14:18.899+0000] {dag.py:3947} INFO - Setting next_dagrun for youtube_english_video_pipeline to 2026-07-23 12:00:00+00:00, run_after=2026-07-24 12:00:00+00:00
[2026-07-25T04:14:18.914+0000] {processor.py:183} INFO - Processing /opt/airflow/dags/youtube_pipeline.py took 0.090 seconds
[2026-07-25T04:14:49.161+0000] {processor.py:161} INFO - Started process (PID=311) to work on /opt/airflow/dags/youtube_pipeline.py
[2026-07-25T04:14:49.163+0000] {processor.py:830} INFO - Processing file /opt/airflow/dags/youtube_pipeline.py for tasks to queue
[2026-07-25T04:14:49.167+0000] {logging_mixin.py:188} INFO - [2026-07-25T04:14:49.167+0000] {dagbag.py:545} INFO - Filling up the DagBag from /opt/airflow/dags/youtube_pipeline.py
[2026-07-25T04:14:49.231+0000] {processor.py:840} INFO - DAG(s) 'youtube_english_video_pipeline' retrieved from /opt/airflow/dags/youtube_pipeline.py
[2026-07-25T04:14:49.271+0000] {logging_mixin.py:188} INFO - [2026-07-25T04:14:49.271+0000] {dag.py:3089} INFO - Sync 1 DAGs
[2026-07-25T04:14:49.311+0000] {processor.py:183} INFO - Processing /opt/airflow/dags/youtube_pipeline.py took 0.160 seconds
[2026-07-25T04:15:19.377+0000] {processor.py:161} INFO - Started process (PID=396) to work on /opt/airflow/dags/youtube_pipeline.py
[2026-07-25T04:15:19.378+0000] {processor.py:830} INFO - Processing file /opt/airflow/dags/youtube_pipeline.py for tasks to queue
[2026-07-25T04:15:19.380+0000] {logging_mixin.py:188} INFO - [2026-07-25T04:15:19.380+0000] {dagbag.py:545} INFO - Filling up the DagBag from /opt/airflow/dags/youtube_pipeline.py
[2026-07-25T04:15:19.419+0000] {processor.py:840} INFO - DAG(s) 'youtube_english_video_pipeline' retrieved from /opt/airflow/dags/youtube_pipeline.py
[2026-07-25T04:15:19.447+0000] {logging_mixin.py:188} INFO - [2026-07-25T04:15:19.446+0000] {dag.py:3089} INFO - Sync 1 DAGs
[2026-07-25T04:15:19.477+0000] {processor.py:183} INFO - Processing /opt/airflow/dags/youtube_pipeline.py took 0.107 seconds
[2026-07-25T04:15:49.609+0000] {processor.py:161} INFO - Started process (PID=401) to work on /opt/airflow/dags/youtube_pipeline.py
[2026-07-25T04:15:49.611+0000] {processor.py:830} INFO - Processing file /opt/airflow/dags/youtube_pipeline.py for tasks to queue
[2026-07-25T04:15:49.612+0000] {logging_mixin.py:188} INFO - [2026-07-25T04:15:49.612+0000] {dagbag.py:545} INFO - Filling up the DagBag from /opt/airflow/dags/youtube_pipeline.py
[2026-07-25T04:15:49.656+0000] {processor.py:840} INFO - DAG(s) 'youtube_english_video_pipeline' retrieved from /opt/airflow/dags/youtube_pipeline.py
[2026-07-25T04:15:49.691+0000] {logging_mixin.py:188} INFO - [2026-07-25T04:15:49.691+0000] {dag.py:3089} INFO - Sync 1 DAGs
[2026-07-25T04:15:49.741+0000] {processor.py:183} INFO - Processing /opt/airflow/dags/youtube_pipeline.py took 0.140 seconds
[2026-07-25T04:16:19.913+0000] {processor.py:161} INFO - Started process (PID=406) to work on /opt/airflow/dags/youtube_pipeline.py
[2026-07-25T04:16:19.914+0000] {processor.py:830} INFO - Processing file /opt/airflow/dags/youtube_pipeline.py for tasks to queue
[2026-07-25T04:16:19.916+0000] {logging_mixin.py:188} INFO - [2026-07-25T04:16:19.915+0000] {dagbag.py:545} INFO - Filling up the DagBag from /opt/airflow/dags/youtube_pipeline.py
[2026-07-25T04:16:19.954+0000] {processor.py:840} INFO - DAG(s) 'youtube_english_video_pipeline' retrieved from /opt/airflow/dags/youtube_pipeline.py
[2026-07-25T04:16:19.979+0000] {logging_mixin.py:188} INFO - [2026-07-25T04:16:19.979+0000] {dag.py:3089} INFO - Sync 1 DAGs
[2026-07-25T04:16:20.122+0000] {processor.py:183} INFO - Processing /opt/airflow/dags/youtube_pipeline.py took 0.218 seconds
[2026-07-25T04:16:50.252+0000] {processor.py:161} INFO - Started process (PID=411) to work on /opt/airflow/dags/youtube_pipeline.py
[2026-07-25T04:16:50.253+0000] {processor.py:830} INFO - Processing file /opt/airflow/dags/youtube_pipeline.py for tasks to queue
[2026-07-25T04:16:50.255+0000] {logging_mixin.py:188} INFO - [2026-07-25T04:16:50.254+0000] {dagbag.py:545} INFO - Filling up the DagBag from /opt/airflow/dags/youtube_pipeline.py
[2026-07-25T04:16:50.272+0000] {processor.py:840} INFO - DAG(s) 'youtube_english_video_pipeline' retrieved from /opt/airflow/dags/youtube_pipeline.py
[2026-07-25T04:16:50.297+0000] {logging_mixin.py:188} INFO - [2026-07-25T04:16:50.297+0000] {dag.py:3089} INFO - Sync 1 DAGs
[2026-07-25T04:16:50.451+0000] {processor.py:183} INFO - Processing /opt/airflow/dags/youtube_pipeline.py took 0.204 seconds
[2026-07-25T04:17:20.557+0000] {processor.py:161} INFO - Started process (PID=416) to work on /opt/airflow/dags/youtube_pipeline.py
[2026-07-25T04:17:20.557+0000] {processor.py:830} INFO - Processing file /opt/airflow/dags/youtube_pipeline.py for tasks to queue
[2026-07-25T04:17:20.559+0000] {logging_mixin.py:188} INFO - [2026-07-25T04:17:20.558+0000] {dagbag.py:545} INFO - Filling up the DagBag from /opt/airflow/dags/youtube_pipeline.py
[2026-07-25T04:17:20.574+0000] {processor.py:840} INFO - DAG(s) 'youtube_english_video_pipeline' retrieved from /opt/airflow/dags/youtube_pipeline.py
[2026-07-25T04:17:20.599+0000] {logging_mixin.py:188} INFO - [2026-07-25T04:17:20.599+0000] {dag.py:3089} INFO - Sync 1 DAGs
[2026-07-25T04:17:20.738+0000] {processor.py:183} INFO - Processing /opt/airflow/dags/youtube_pipeline.py took 0.186 seconds
[2026-07-25T04:17:50.960+0000] {processor.py:161} INFO - Started process (PID=421) to work on /opt/airflow/dags/youtube_pipeline.py
[2026-07-25T04:17:50.961+0000] {processor.py:830} INFO - Processing file /opt/airflow/dags/youtube_pipeline.py for tasks to queue
[2026-07-25T04:17:50.962+0000] {logging_mixin.py:188} INFO - [2026-07-25T04:17:50.962+0000] {dagbag.py:545} INFO - Filling up the DagBag from /opt/airflow/dags/youtube_pipeline.py
[2026-07-25T04:17:50.978+0000] {processor.py:840} INFO - DAG(s) 'youtube_english_video_pipeline' retrieved from /opt/airflow/dags/youtube_pipeline.py
[2026-07-25T04:17:51.118+0000] {logging_mixin.py:188} INFO - [2026-07-25T04:17:51.117+0000] {dag.py:3089} INFO - Sync 1 DAGs
[2026-07-25T04:17:51.145+0000] {processor.py:183} INFO - Processing /opt/airflow/dags/youtube_pipeline.py took 0.190 seconds
[2026-07-25T04:18:21.513+0000] {processor.py:161} INFO - Started process (PID=426) to work on /opt/airflow/dags/youtube_pipeline.py
[2026-07-25T04:18:21.514+0000] {processor.py:830} INFO - Processing file /opt/airflow/dags/youtube_pipeline.py for tasks to queue
[2026-07-25T04:18:21.516+0000] {logging_mixin.py:188} INFO - [2026-07-25T04:18:21.515+0000] {dagbag.py:545} INFO - Filling up the DagBag from /opt/airflow/dags/youtube_pipeline.py
[2026-07-25T04:18:21.542+0000] {processor.py:840} INFO - DAG(s) 'youtube_english_video_pipeline' retrieved from /opt/airflow/dags/youtube_pipeline.py
[2026-07-25T04:18:21.567+0000] {logging_mixin.py:188} INFO - [2026-07-25T04:18:21.567+0000] {dag.py:3089} INFO - Sync 1 DAGs
[2026-07-25T04:18:21.596+0000] {processor.py:183} INFO - Processing /opt/airflow/dags/youtube_pipeline.py took 0.089 seconds
[2026-07-25T04:18:51.766+0000] {processor.py:161} INFO - Started process (PID=431) to work on /opt/airflow/dags/youtube_pipeline.py
[2026-07-25T04:18:51.767+0000] {processor.py:830} INFO - Processing file /opt/airflow/dags/youtube_pipeline.py for tasks to queue
[2026-07-25T04:18:51.768+0000] {logging_mixin.py:188} INFO - [2026-07-25T04:18:51.768+0000] {dagbag.py:545} INFO - Filling up the DagBag from /opt/airflow/dags/youtube_pipeline.py
[2026-07-25T04:18:51.810+0000] {processor.py:840} INFO - DAG(s) 'youtube_english_video_pipeline' retrieved from /opt/airflow/dags/youtube_pipeline.py
[2026-07-25T04:18:51.836+0000] {logging_mixin.py:188} INFO - [2026-07-25T04:18:51.836+0000] {dag.py:3089} INFO - Sync 1 DAGs
[2026-07-25T04:18:51.869+0000] {processor.py:183} INFO - Processing /opt/airflow/dags/youtube_pipeline.py took 0.110 seconds
[2026-07-25T04:19:11.261+0000] {processor.py:161} INFO - Started process (PID=202) to work on /opt/airflow/dags/youtube_pipeline.py
[2026-07-25T04:19:11.262+0000] {processor.py:830} INFO - Processing file /opt/airflow/dags/youtube_pipeline.py for tasks to queue
[2026-07-25T04:19:11.264+0000] {logging_mixin.py:188} INFO - [2026-07-25T04:19:11.264+0000] {dagbag.py:545} INFO - Filling up the DagBag from /opt/airflow/dags/youtube_pipeline.py
[2026-07-25T04:19:11.286+0000] {processor.py:840} INFO - DAG(s) 'youtube_english_video_pipeline' retrieved from /opt/airflow/dags/youtube_pipeline.py
[2026-07-25T04:19:11.319+0000] {logging_mixin.py:188} INFO - [2026-07-25T04:19:11.319+0000] {dag.py:3089} INFO - Sync 1 DAGs
[2026-07-25T04:19:11.347+0000] {processor.py:183} INFO - Processing /opt/airflow/dags/youtube_pipeline.py took 0.089 seconds
[2026-07-25T04:19:41.548+0000] {processor.py:161} INFO - Started process (PID=207) to work on /opt/airflow/dags/youtube_pipeline.py
[2026-07-25T04:19:41.549+0000] {processor.py:830} INFO - Processing file /opt/airflow/dags/youtube_pipeline.py for tasks to queue
[2026-07-25T04:19:41.551+0000] {logging_mixin.py:188} INFO - [2026-07-25T04:19:41.551+0000] {dagbag.py:545} INFO - Filling up the DagBag from /opt/airflow/dags/youtube_pipeline.py
[2026-07-25T04:19:41.568+0000] {processor.py:840} INFO - DAG(s) 'youtube_english_video_pipeline' retrieved from /opt/airflow/dags/youtube_pipeline.py
[2026-07-25T04:19:41.593+0000] {logging_mixin.py:188} INFO - [2026-07-25T04:19:41.593+0000] {dag.py:3089} INFO - Sync 1 DAGs
[2026-07-25T04:19:41.626+0000] {processor.py:183} INFO - Processing /opt/airflow/dags/youtube_pipeline.py took 0.082 seconds
[2026-07-25T04:20:11.779+0000] {processor.py:161} INFO - Started process (PID=392) to work on /opt/airflow/dags/youtube_pipeline.py
[2026-07-25T04:20:11.780+0000] {processor.py:830} INFO - Processing file /opt/airflow/dags/youtube_pipeline.py for tasks to queue
[2026-07-25T04:20:11.782+0000] {logging_mixin.py:188} INFO - [2026-07-25T04:20:11.781+0000] {dagbag.py:545} INFO - Filling up the DagBag from /opt/airflow/dags/youtube_pipeline.py
[2026-07-25T04:20:11.810+0000] {processor.py:840} INFO - DAG(s) 'youtube_english_video_pipeline' retrieved from /opt/airflow/dags/youtube_pipeline.py
[2026-07-25T04:20:11.836+0000] {logging_mixin.py:188} INFO - [2026-07-25T04:20:11.835+0000] {dag.py:3089} INFO - Sync 1 DAGs
[2026-07-25T04:20:11.867+0000] {processor.py:183} INFO - Processing /opt/airflow/dags/youtube_pipeline.py took 0.093 seconds
[2026-07-25T04:20:42.030+0000] {processor.py:161} INFO - Started process (PID=397) to work on /opt/airflow/dags/youtube_pipeline.py
[2026-07-25T04:20:42.031+0000] {processor.py:830} INFO - Processing file /opt/airflow/dags/youtube_pipeline.py for tasks to queue
[2026-07-25T04:20:42.032+0000] {logging_mixin.py:188} INFO - [2026-07-25T04:20:42.032+0000] {dagbag.py:545} INFO - Filling up the DagBag from /opt/airflow/dags/youtube_pipeline.py
[2026-07-25T04:20:42.051+0000] {processor.py:840} INFO - DAG(s) 'youtube_english_video_pipeline' retrieved from /opt/airflow/dags/youtube_pipeline.py
[2026-07-25T04:20:42.075+0000] {logging_mixin.py:188} INFO - [2026-07-25T04:20:42.074+0000] {dag.py:3089} INFO - Sync 1 DAGs
[2026-07-25T04:20:42.102+0000] {processor.py:183} INFO - Processing /opt/airflow/dags/youtube_pipeline.py took 0.077 seconds
[2026-07-25T04:21:12.272+0000] {processor.py:161} INFO - Started process (PID=402) to work on /opt/airflow/dags/youtube_pipeline.py
[2026-07-25T04:21:12.272+0000] {processor.py:830} INFO - Processing file /opt/airflow/dags/youtube_pipeline.py for tasks to queue
[2026-07-25T04:21:12.274+0000] {logging_mixin.py:188} INFO - [2026-07-25T04:21:12.273+0000] {dagbag.py:545} INFO - Filling up the DagBag from /opt/airflow/dags/youtube_pipeline.py
[2026-07-25T04:21:12.291+0000] {processor.py:840} INFO - DAG(s) 'youtube_english_video_pipeline' retrieved from /opt/airflow/dags/youtube_pipeline.py
[2026-07-25T04:21:12.315+0000] {logging_mixin.py:188} INFO - [2026-07-25T04:21:12.315+0000] {dag.py:3089} INFO - Sync 1 DAGs
[2026-07-25T04:21:12.441+0000] {processor.py:183} INFO - Processing /opt/airflow/dags/youtube_pipeline.py took 0.174 seconds
[2026-07-25T04:21:42.542+0000] {processor.py:161} INFO - Started process (PID=407) to work on /opt/airflow/dags/youtube_pipeline.py
[2026-07-25T04:21:42.543+0000] {processor.py:830} INFO - Processing file /opt/airflow/dags/youtube_pipeline.py for tasks to queue
[2026-07-25T04:21:42.545+0000] {logging_mixin.py:188} INFO - [2026-07-25T04:21:42.545+0000] {dagbag.py:545} INFO - Filling up the DagBag from /opt/airflow/dags/youtube_pipeline.py
[2026-07-25T04:21:42.560+0000] {processor.py:840} INFO - DAG(s) 'youtube_english_video_pipeline' retrieved from /opt/airflow/dags/youtube_pipeline.py
[2026-07-25T04:21:42.584+0000] {logging_mixin.py:188} INFO - [2026-07-25T04:21:42.584+0000] {dag.py:3089} INFO - Sync 1 DAGs
[2026-07-25T04:21:42.711+0000] {processor.py:183} INFO - Processing /opt/airflow/dags/youtube_pipeline.py took 0.172 seconds
[2026-07-25T04:22:02.968+0000] {processor.py:161} INFO - Started process (PID=202) to work on /opt/airflow/dags/youtube_pipeline.py
[2026-07-25T04:22:02.968+0000] {processor.py:830} INFO - Processing file /opt/airflow/dags/youtube_pipeline.py for tasks to queue
[2026-07-25T04:22:02.970+0000] {logging_mixin.py:188} INFO - [2026-07-25T04:22:02.970+0000] {dagbag.py:545} INFO - Filling up the DagBag from /opt/airflow/dags/youtube_pipeline.py
[2026-07-25T04:22:02.987+0000] {processor.py:840} INFO - DAG(s) 'youtube_english_video_pipeline' retrieved from /opt/airflow/dags/youtube_pipeline.py
[2026-07-25T04:22:03.019+0000] {logging_mixin.py:188} INFO - [2026-07-25T04:22:03.019+0000] {dag.py:3089} INFO - Sync 1 DAGs
[2026-07-25T04:22:03.049+0000] {processor.py:183} INFO - Processing /opt/airflow/dags/youtube_pipeline.py took 0.085 seconds
[2026-07-25T04:22:33.205+0000] {processor.py:161} INFO - Started process (PID=299) to work on /opt/airflow/dags/youtube_pipeline.py
[2026-07-25T04:22:33.206+0000] {processor.py:830} INFO - Processing file /opt/airflow/dags/youtube_pipeline.py for tasks to queue
[2026-07-25T04:22:33.207+0000] {logging_mixin.py:188} INFO - [2026-07-25T04:22:33.207+0000] {dagbag.py:545} INFO - Filling up the DagBag from /opt/airflow/dags/youtube_pipeline.py
[2026-07-25T04:22:33.224+0000] {processor.py:840} INFO - DAG(s) 'youtube_english_video_pipeline' retrieved from /opt/airflow/dags/youtube_pipeline.py
[2026-07-25T04:22:33.249+0000] {logging_mixin.py:188} INFO - [2026-07-25T04:22:33.249+0000] {dag.py:3089} INFO - Sync 1 DAGs
[2026-07-25T04:22:33.276+0000] {processor.py:183} INFO - Processing /opt/airflow/dags/youtube_pipeline.py took 0.077 seconds
[2026-07-25T04:23:03.575+0000] {processor.py:161} INFO - Started process (PID=304) to work on /opt/airflow/dags/youtube_pipeline.py
[2026-07-25T04:23:03.576+0000] {processor.py:830} INFO - Processing file /opt/airflow/dags/youtube_pipeline.py for tasks to queue
[2026-07-25T04:23:03.577+0000] {logging_mixin.py:188} INFO - [2026-07-25T04:23:03.577+0000] {dagbag.py:545} INFO - Filling up the DagBag from /opt/airflow/dags/youtube_pipeline.py
[2026-07-25T04:23:03.594+0000] {processor.py:840} INFO - DAG(s) 'youtube_english_video_pipeline' retrieved from /opt/airflow/dags/youtube_pipeline.py
[2026-07-25T04:23:03.616+0000] {logging_mixin.py:188} INFO - [2026-07-25T04:23:03.616+0000] {dag.py:3089} INFO - Sync 1 DAGs
[2026-07-25T04:23:03.647+0000] {processor.py:183} INFO - Processing /opt/airflow/dags/youtube_pipeline.py took 0.077 seconds
[2026-07-25T04:23:33.782+0000] {processor.py:161} INFO - Started process (PID=309) to work on /opt/airflow/dags/youtube_pipeline.py
[2026-07-25T04:23:33.782+0000] {processor.py:830} INFO - Processing file /opt/airflow/dags/youtube_pipeline.py for tasks to queue
[2026-07-25T04:23:33.784+0000] {logging_mixin.py:188} INFO - [2026-07-25T04:23:33.783+0000] {dagbag.py:545} INFO - Filling up the DagBag from /opt/airflow/dags/youtube_pipeline.py
[2026-07-25T04:23:33.798+0000] {processor.py:840} INFO - DAG(s) 'youtube_english_video_pipeline' retrieved from /opt/airflow/dags/youtube_pipeline.py
[2026-07-25T04:23:33.819+0000] {logging_mixin.py:188} INFO - [2026-07-25T04:23:33.819+0000] {dag.py:3089} INFO - Sync 1 DAGs
[2026-07-25T04:23:33.844+0000] {processor.py:183} INFO - Processing /opt/airflow/dags/youtube_pipeline.py took 0.067 seconds
[2026-07-25T04:24:04.114+0000] {processor.py:161} INFO - Started process (PID=314) to work on /opt/airflow/dags/youtube_pipeline.py
[2026-07-25T04:24:04.114+0000] {processor.py:830} INFO - Processing file /opt/airflow/dags/youtube_pipeline.py for tasks to queue
[2026-07-25T04:24:04.116+0000] {logging_mixin.py:188} INFO - [2026-07-25T04:24:04.116+0000] {dagbag.py:545} INFO - Filling up the DagBag from /opt/airflow/dags/youtube_pipeline.py
[2026-07-25T04:24:04.132+0000] {processor.py:840} INFO - DAG(s) 'youtube_english_video_pipeline' retrieved from /opt/airflow/dags/youtube_pipeline.py
[2026-07-25T04:24:04.153+0000] {logging_mixin.py:188} INFO - [2026-07-25T04:24:04.152+0000] {dag.py:3089} INFO - Sync 1 DAGs
[2026-07-25T04:24:04.302+0000] {processor.py:183} INFO - Processing /opt/airflow/dags/youtube_pipeline.py took 0.192 seconds
[2026-07-25T04:24:34.598+0000] {processor.py:161} INFO - Started process (PID=319) to work on /opt/airflow/dags/youtube_pipeline.py
[2026-07-25T04:24:34.602+0000] {processor.py:830} INFO - Processing file /opt/airflow/dags/youtube_pipeline.py for tasks to queue
[2026-07-25T04:24:34.606+0000] {logging_mixin.py:188} INFO - [2026-07-25T04:24:34.606+0000] {dagbag.py:545} INFO - Filling up the DagBag from /opt/airflow/dags/youtube_pipeline.py
[2026-07-25T04:24:34.719+0000] {processor.py:840} INFO - DAG(s) 'youtube_english_video_pipeline' retrieved from /opt/airflow/dags/youtube_pipeline.py
[2026-07-25T04:24:34.752+0000] {logging_mixin.py:188} INFO - [2026-07-25T04:24:34.751+0000] {dag.py:3089} INFO - Sync 1 DAGs
[2026-07-25T04:24:34.953+0000] {processor.py:183} INFO - Processing /opt/airflow/dags/youtube_pipeline.py took 0.366 seconds
[2026-07-25T04:24:47.986+0000] {processor.py:161} INFO - Started process (PID=202) to work on /opt/airflow/dags/youtube_pipeline.py
[2026-07-25T04:24:47.988+0000] {processor.py:830} INFO - Processing file /opt/airflow/dags/youtube_pipeline.py for tasks to queue
[2026-07-25T04:24:47.989+0000] {logging_mixin.py:188} INFO - [2026-07-25T04:24:47.989+0000] {dagbag.py:545} INFO - Filling up the DagBag from /opt/airflow/dags/youtube_pipeline.py
[2026-07-25T04:24:48.028+0000] {processor.py:840} INFO - DAG(s) 'youtube_english_video_pipeline' retrieved from /opt/airflow/dags/youtube_pipeline.py
[2026-07-25T04:24:48.063+0000] {logging_mixin.py:188} INFO - [2026-07-25T04:24:48.063+0000] {dag.py:3089} INFO - Sync 1 DAGs
[2026-07-25T04:24:48.094+0000] {processor.py:183} INFO - Processing /opt/airflow/dags/youtube_pipeline.py took 0.112 seconds
[2026-07-25T04:25:18.251+0000] {processor.py:161} INFO - Started process (PID=299) to work on /opt/airflow/dags/youtube_pipeline.py
[2026-07-25T04:25:18.252+0000] {processor.py:830} INFO - Processing file /opt/airflow/dags/youtube_pipeline.py for tasks to queue
[2026-07-25T04:25:18.254+0000] {logging_mixin.py:188} INFO - [2026-07-25T04:25:18.253+0000] {dagbag.py:545} INFO - Filling up the DagBag from /opt/airflow/dags/youtube_pipeline.py
[2026-07-25T04:25:18.273+0000] {processor.py:840} INFO - DAG(s) 'youtube_english_video_pipeline' retrieved from /opt/airflow/dags/youtube_pipeline.py
[2026-07-25T04:25:18.301+0000] {logging_mixin.py:188} INFO - [2026-07-25T04:25:18.301+0000] {dag.py:3089} INFO - Sync 1 DAGs
[2026-07-25T04:25:18.331+0000] {processor.py:183} INFO - Processing /opt/airflow/dags/youtube_pipeline.py took 0.084 seconds
[2026-07-25T04:25:48.579+0000] {processor.py:161} INFO - Started process (PID=304) to work on /opt/airflow/dags/youtube_pipeline.py
[2026-07-25T04:25:48.579+0000] {processor.py:830} INFO - Processing file /opt/airflow/dags/youtube_pipeline.py for tasks to queue
[2026-07-25T04:25:48.581+0000] {logging_mixin.py:188} INFO - [2026-07-25T04:25:48.581+0000] {dagbag.py:545} INFO - Filling up the DagBag from /opt/airflow/dags/youtube_pipeline.py
[2026-07-25T04:25:48.606+0000] {processor.py:840} INFO - DAG(s) 'youtube_english_video_pipeline' retrieved from /opt/airflow/dags/youtube_pipeline.py
[2026-07-25T04:25:48.633+0000] {logging_mixin.py:188} INFO - [2026-07-25T04:25:48.633+0000] {dag.py:3089} INFO - Sync 1 DAGs
[2026-07-25T04:25:48.662+0000] {processor.py:183} INFO - Processing /opt/airflow/dags/youtube_pipeline.py took 0.089 seconds
[2026-07-25T04:26:18.784+0000] {processor.py:161} INFO - Started process (PID=309) to work on /opt/airflow/dags/youtube_pipeline.py
[2026-07-25T04:26:18.785+0000] {processor.py:830} INFO - Processing file /opt/airflow/dags/youtube_pipeline.py for tasks to queue
[2026-07-25T04:26:18.786+0000] {logging_mixin.py:188} INFO - [2026-07-25T04:26:18.786+0000] {dagbag.py:545} INFO - Filling up the DagBag from /opt/airflow/dags/youtube_pipeline.py
[2026-07-25T04:26:18.813+0000] {processor.py:840} INFO - DAG(s) 'youtube_english_video_pipeline' retrieved from /opt/airflow/dags/youtube_pipeline.py
[2026-07-25T04:26:18.839+0000] {logging_mixin.py:188} INFO - [2026-07-25T04:26:18.838+0000] {dag.py:3089} INFO - Sync 1 DAGs
[2026-07-25T04:26:18.869+0000] {processor.py:183} INFO - Processing /opt/airflow/dags/youtube_pipeline.py took 0.094 seconds
[2026-07-25T04:26:49.093+0000] {processor.py:161} INFO - Started process (PID=314) to work on /opt/airflow/dags/youtube_pipeline.py
[2026-07-25T04:26:49.094+0000] {processor.py:830} INFO - Processing file /opt/airflow/dags/youtube_pipeline.py for tasks to queue
[2026-07-25T04:26:49.095+0000] {logging_mixin.py:188} INFO - [2026-07-25T04:26:49.095+0000] {dagbag.py:545} INFO - Filling up the DagBag from /opt/airflow/dags/youtube_pipeline.py
[2026-07-25T04:26:49.112+0000] {processor.py:840} INFO - DAG(s) 'youtube_english_video_pipeline' retrieved from /opt/airflow/dags/youtube_pipeline.py
[2026-07-25T04:26:49.133+0000] {logging_mixin.py:188} INFO - [2026-07-25T04:26:49.133+0000] {dag.py:3089} INFO - Sync 1 DAGs
[2026-07-25T04:26:49.273+0000] {processor.py:183} INFO - Processing /opt/airflow/dags/youtube_pipeline.py took 0.186 seconds
[2026-07-25T04:27:19.338+0000] {processor.py:161} INFO - Started process (PID=319) to work on /opt/airflow/dags/youtube_pipeline.py
[2026-07-25T04:27:19.339+0000] {processor.py:830} INFO - Processing file /opt/airflow/dags/youtube_pipeline.py for tasks to queue
[2026-07-25T04:27:19.340+0000] {logging_mixin.py:188} INFO - [2026-07-25T04:27:19.340+0000] {dagbag.py:545} INFO - Filling up the DagBag from /opt/airflow/dags/youtube_pipeline.py
[2026-07-25T04:27:19.358+0000] {processor.py:840} INFO - DAG(s) 'youtube_english_video_pipeline' retrieved from /opt/airflow/dags/youtube_pipeline.py
[2026-07-25T04:27:19.380+0000] {logging_mixin.py:188} INFO - [2026-07-25T04:27:19.380+0000] {dag.py:3089} INFO - Sync 1 DAGs
[2026-07-25T04:27:19.523+0000] {processor.py:183} INFO - Processing /opt/airflow/dags/youtube_pipeline.py took 0.190 seconds
[2026-07-25T04:27:43.978+0000] {processor.py:161} INFO - Started process (PID=202) to work on /opt/airflow/dags/youtube_pipeline.py
[2026-07-25T04:27:43.980+0000] {processor.py:830} INFO - Processing file /opt/airflow/dags/youtube_pipeline.py for tasks to queue
[2026-07-25T04:27:43.981+0000] {logging_mixin.py:188} INFO - [2026-07-25T04:27:43.981+0000] {dagbag.py:545} INFO - Filling up the DagBag from /opt/airflow/dags/youtube_pipeline.py
[2026-07-25T04:27:44.001+0000] {processor.py:840} INFO - DAG(s) 'youtube_english_video_pipeline' retrieved from /opt/airflow/dags/youtube_pipeline.py
[2026-07-25T04:27:44.036+0000] {logging_mixin.py:188} INFO - [2026-07-25T04:27:44.036+0000] {dag.py:3089} INFO - Sync 1 DAGs
[2026-07-25T04:27:44.069+0000] {processor.py:183} INFO - Processing /opt/airflow/dags/youtube_pipeline.py took 0.095 seconds
[2026-07-25T04:28:14.299+0000] {processor.py:161} INFO - Started process (PID=299) to work on /opt/airflow/dags/youtube_pipeline.py
[2026-07-25T04:28:14.300+0000] {processor.py:830} INFO - Processing file /opt/airflow/dags/youtube_pipeline.py for tasks to queue
[2026-07-25T04:28:14.303+0000] {logging_mixin.py:188} INFO - [2026-07-25T04:28:14.302+0000] {dagbag.py:545} INFO - Filling up the DagBag from /opt/airflow/dags/youtube_pipeline.py
[2026-07-25T04:28:14.367+0000] {processor.py:840} INFO - DAG(s) 'youtube_english_video_pipeline' retrieved from /opt/airflow/dags/youtube_pipeline.py
[2026-07-25T04:28:14.409+0000] {logging_mixin.py:188} INFO - [2026-07-25T04:28:14.409+0000] {dag.py:3089} INFO - Sync 1 DAGs
[2026-07-25T04:28:14.459+0000] {processor.py:183} INFO - Processing /opt/airflow/dags/youtube_pipeline.py took 0.169 seconds
[2026-07-25T04:28:44.521+0000] {processor.py:161} INFO - Started process (PID=304) to work on /opt/airflow/dags/youtube_pipeline.py
[2026-07-25T04:28:44.522+0000] {processor.py:830} INFO - Processing file /opt/airflow/dags/youtube_pipeline.py for tasks to queue
[2026-07-25T04:28:44.524+0000] {logging_mixin.py:188} INFO - [2026-07-25T04:28:44.524+0000] {dagbag.py:545} INFO - Filling up the DagBag from /opt/airflow/dags/youtube_pipeline.py
[2026-07-25T04:28:44.549+0000] {processor.py:840} INFO - DAG(s) 'youtube_english_video_pipeline' retrieved from /opt/airflow/dags/youtube_pipeline.py
[2026-07-25T04:28:44.582+0000] {logging_mixin.py:188} INFO - [2026-07-25T04:28:44.582+0000] {dag.py:3089} INFO - Sync 1 DAGs
[2026-07-25T04:28:44.612+0000] {processor.py:183} INFO - Processing /opt/airflow/dags/youtube_pipeline.py took 0.096 seconds
[2026-07-25T04:29:14.729+0000] {processor.py:161} INFO - Started process (PID=309) to work on /opt/airflow/dags/youtube_pipeline.py
[2026-07-25T04:29:14.730+0000] {processor.py:830} INFO - Processing file /opt/airflow/dags/youtube_pipeline.py for tasks to queue
[2026-07-25T04:29:14.731+0000] {logging_mixin.py:188} INFO - [2026-07-25T04:29:14.731+0000] {dagbag.py:545} INFO - Filling up the DagBag from /opt/airflow/dags/youtube_pipeline.py
[2026-07-25T04:29:14.752+0000] {processor.py:840} INFO - DAG(s) 'youtube_english_video_pipeline' retrieved from /opt/airflow/dags/youtube_pipeline.py
[2026-07-25T04:29:14.776+0000] {logging_mixin.py:188} INFO - [2026-07-25T04:29:14.776+0000] {dag.py:3089} INFO - Sync 1 DAGs
[2026-07-25T04:29:14.804+0000] {processor.py:183} INFO - Processing /opt/airflow/dags/youtube_pipeline.py took 0.079 seconds
[2026-07-25T04:29:45.075+0000] {processor.py:161} INFO - Started process (PID=314) to work on /opt/airflow/dags/youtube_pipeline.py
[2026-07-25T04:29:45.076+0000] {processor.py:830} INFO - Processing file /opt/airflow/dags/youtube_pipeline.py for tasks to queue
[2026-07-25T04:29:45.077+0000] {logging_mixin.py:188} INFO - [2026-07-25T04:29:45.077+0000] {dagbag.py:545} INFO - Filling up the DagBag from /opt/airflow/dags/youtube_pipeline.py
[2026-07-25T04:29:45.095+0000] {processor.py:840} INFO - DAG(s) 'youtube_english_video_pipeline' retrieved from /opt/airflow/dags/youtube_pipeline.py
[2026-07-25T04:29:45.121+0000] {logging_mixin.py:188} INFO - [2026-07-25T04:29:45.121+0000] {dag.py:3089} INFO - Sync 1 DAGs
[2026-07-25T04:29:45.259+0000] {processor.py:183} INFO - Processing /opt/airflow/dags/youtube_pipeline.py took 0.188 seconds
[2026-07-25T04:30:15.342+0000] {processor.py:161} INFO - Started process (PID=319) to work on /opt/airflow/dags/youtube_pipeline.py
[2026-07-25T04:30:15.343+0000] {processor.py:830} INFO - Processing file /opt/airflow/dags/youtube_pipeline.py for tasks to queue
[2026-07-25T04:30:15.345+0000] {logging_mixin.py:188} INFO - [2026-07-25T04:30:15.344+0000] {dagbag.py:545} INFO - Filling up the DagBag from /opt/airflow/dags/youtube_pipeline.py
[2026-07-25T04:30:15.361+0000] {processor.py:840} INFO - DAG(s) 'youtube_english_video_pipeline' retrieved from /opt/airflow/dags/youtube_pipeline.py
[2026-07-25T04:30:15.383+0000] {logging_mixin.py:188} INFO - [2026-07-25T04:30:15.383+0000] {dag.py:3089} INFO - Sync 1 DAGs
[2026-07-25T04:30:15.509+0000] {processor.py:183} INFO - Processing /opt/airflow/dags/youtube_pipeline.py took 0.172 seconds
[2026-07-25T04:30:45.698+0000] {processor.py:161} INFO - Started process (PID=324) to work on /opt/airflow/dags/youtube_pipeline.py
[2026-07-25T04:30:45.698+0000] {processor.py:830} INFO - Processing file /opt/airflow/dags/youtube_pipeline.py for tasks to queue
[2026-07-25T04:30:45.700+0000] {logging_mixin.py:188} INFO - [2026-07-25T04:30:45.700+0000] {dagbag.py:545} INFO - Filling up the DagBag from /opt/airflow/dags/youtube_pipeline.py
[2026-07-25T04:30:45.724+0000] {processor.py:840} INFO - DAG(s) 'youtube_english_video_pipeline' retrieved from /opt/airflow/dags/youtube_pipeline.py
[2026-07-25T04:30:45.750+0000] {logging_mixin.py:188} INFO - [2026-07-25T04:30:45.750+0000] {dag.py:3089} INFO - Sync 1 DAGs
[2026-07-25T04:30:45.880+0000] {processor.py:183} INFO - Processing /opt/airflow/dags/youtube_pipeline.py took 0.189 seconds
[2026-07-25T04:31:15.926+0000] {processor.py:161} INFO - Started process (PID=329) to work on /opt/airflow/dags/youtube_pipeline.py
[2026-07-25T04:31:15.927+0000] {processor.py:830} INFO - Processing file /opt/airflow/dags/youtube_pipeline.py for tasks to queue
[2026-07-25T04:31:15.929+0000] {logging_mixin.py:188} INFO - [2026-07-25T04:31:15.929+0000] {dagbag.py:545} INFO - Filling up the DagBag from /opt/airflow/dags/youtube_pipeline.py
[2026-07-25T04:31:15.960+0000] {processor.py:840} INFO - DAG(s) 'youtube_english_video_pipeline' retrieved from /opt/airflow/dags/youtube_pipeline.py
[2026-07-25T04:31:16.086+0000] {logging_mixin.py:188} INFO - [2026-07-25T04:31:16.086+0000] {dag.py:3089} INFO - Sync 1 DAGs
[2026-07-25T04:31:16.111+0000] {processor.py:183} INFO - Processing /opt/airflow/dags/youtube_pipeline.py took 0.189 seconds
[2026-07-25T04:31:46.479+0000] {processor.py:161} INFO - Started process (PID=334) to work on /opt/airflow/dags/youtube_pipeline.py
[2026-07-25T04:31:46.483+0000] {processor.py:830} INFO - Processing file /opt/airflow/dags/youtube_pipeline.py for tasks to queue
[2026-07-25T04:31:46.485+0000] {logging_mixin.py:188} INFO - [2026-07-25T04:31:46.484+0000] {dagbag.py:545} INFO - Filling up the DagBag from /opt/airflow/dags/youtube_pipeline.py
[2026-07-25T04:31:46.516+0000] {processor.py:840} INFO - DAG(s) 'youtube_english_video_pipeline' retrieved from /opt/airflow/dags/youtube_pipeline.py
[2026-07-25T04:31:46.543+0000] {logging_mixin.py:188} INFO - [2026-07-25T04:31:46.543+0000] {dag.py:3089} INFO - Sync 1 DAGs
[2026-07-25T04:31:46.579+0000] {processor.py:183} INFO - Processing /opt/airflow/dags/youtube_pipeline.py took 0.107 seconds
[2026-07-25T04:32:16.532+0000] {processor.py:161} INFO - Started process (PID=202) to work on /opt/airflow/dags/youtube_pipeline.py
[2026-07-25T04:32:16.533+0000] {processor.py:830} INFO - Processing file /opt/airflow/dags/youtube_pipeline.py for tasks to queue
[2026-07-25T04:32:16.534+0000] {logging_mixin.py:188} INFO - [2026-07-25T04:32:16.534+0000] {dagbag.py:545} INFO - Filling up the DagBag from /opt/airflow/dags/youtube_pipeline.py
[2026-07-25T04:32:16.564+0000] {processor.py:840} INFO - DAG(s) 'youtube_english_video_pipeline' retrieved from /opt/airflow/dags/youtube_pipeline.py
[2026-07-25T04:32:16.602+0000] {logging_mixin.py:188} INFO - [2026-07-25T04:32:16.602+0000] {dag.py:3089} INFO - Sync 1 DAGs
[2026-07-25T04:32:16.639+0000] {processor.py:183} INFO - Processing /opt/airflow/dags/youtube_pipeline.py took 0.114 seconds
[2026-07-25T04:32:46.817+0000] {processor.py:161} INFO - Started process (PID=263) to work on /opt/airflow/dags/youtube_pipeline.py
[2026-07-25T04:32:46.821+0000] {processor.py:830} INFO - Processing file /opt/airflow/dags/youtube_pipeline.py for tasks to queue
[2026-07-25T04:32:46.824+0000] {logging_mixin.py:188} INFO - [2026-07-25T04:32:46.824+0000] {dagbag.py:545} INFO - Filling up the DagBag from /opt/airflow/dags/youtube_pipeline.py
[2026-07-25T04:32:46.859+0000] {processor.py:840} INFO - DAG(s) 'youtube_english_video_pipeline' retrieved from /opt/airflow/dags/youtube_pipeline.py
[2026-07-25T04:32:46.884+0000] {logging_mixin.py:188} INFO - [2026-07-25T04:32:46.884+0000] {dag.py:3089} INFO - Sync 1 DAGs
[2026-07-25T04:32:46.927+0000] {processor.py:183} INFO - Processing /opt/airflow/dags/youtube_pipeline.py took 0.115 seconds
[2026-07-25T04:33:17.182+0000] {processor.py:161} INFO - Started process (PID=268) to work on /opt/airflow/dags/youtube_pipeline.py
[2026-07-25T04:33:17.185+0000] {processor.py:830} INFO - Processing file /opt/airflow/dags/youtube_pipeline.py for tasks to queue
[2026-07-25T04:33:17.195+0000] {logging_mixin.py:188} INFO - [2026-07-25T04:33:17.195+0000] {dagbag.py:545} INFO - Filling up the DagBag from /opt/airflow/dags/youtube_pipeline.py
[2026-07-25T04:33:17.238+0000] {processor.py:840} INFO - DAG(s) 'youtube_english_video_pipeline' retrieved from /opt/airflow/dags/youtube_pipeline.py
[2026-07-25T04:33:17.299+0000] {logging_mixin.py:188} INFO - [2026-07-25T04:33:17.298+0000] {dag.py:3089} INFO - Sync 1 DAGs
[2026-07-25T04:33:17.422+0000] {processor.py:183} INFO - Processing /opt/airflow/dags/youtube_pipeline.py took 0.258 seconds
[2026-07-25T04:33:47.645+0000] {processor.py:161} INFO - Started process (PID=273) to work on /opt/airflow/dags/youtube_pipeline.py
[2026-07-25T04:33:47.646+0000] {processor.py:830} INFO - Processing file /opt/airflow/dags/youtube_pipeline.py for tasks to queue
[2026-07-25T04:33:47.648+0000] {logging_mixin.py:188} INFO - [2026-07-25T04:33:47.648+0000] {dagbag.py:545} INFO - Filling up the DagBag from /opt/airflow/dags/youtube_pipeline.py
[2026-07-25T04:33:47.682+0000] {processor.py:840} INFO - DAG(s) 'youtube_english_video_pipeline' retrieved from /opt/airflow/dags/youtube_pipeline.py
[2026-07-25T04:33:47.714+0000] {logging_mixin.py:188} INFO - [2026-07-25T04:33:47.714+0000] {dag.py:3089} INFO - Sync 1 DAGs
[2026-07-25T04:33:47.750+0000] {processor.py:183} INFO - Processing /opt/airflow/dags/youtube_pipeline.py took 0.113 seconds
[2026-07-25T04:34:17.889+0000] {processor.py:161} INFO - Started process (PID=278) to work on /opt/airflow/dags/youtube_pipeline.py
[2026-07-25T04:34:17.890+0000] {processor.py:830} INFO - Processing file /opt/airflow/dags/youtube_pipeline.py for tasks to queue
[2026-07-25T04:34:17.892+0000] {logging_mixin.py:188} INFO - [2026-07-25T04:34:17.892+0000] {dagbag.py:545} INFO - Filling up the DagBag from /opt/airflow/dags/youtube_pipeline.py
[2026-07-25T04:34:17.920+0000] {processor.py:840} INFO - DAG(s) 'youtube_english_video_pipeline' retrieved from /opt/airflow/dags/youtube_pipeline.py
[2026-07-25T04:34:17.944+0000] {logging_mixin.py:188} INFO - [2026-07-25T04:34:17.944+0000] {dag.py:3089} INFO - Sync 1 DAGs
[2026-07-25T04:34:18.077+0000] {processor.py:183} INFO - Processing /opt/airflow/dags/youtube_pipeline.py took 0.200 seconds
[2026-07-25T04:34:48.319+0000] {processor.py:161} INFO - Started process (PID=283) to work on /opt/airflow/dags/youtube_pipeline.py
[2026-07-25T04:34:48.320+0000] {processor.py:830} INFO - Processing file /opt/airflow/dags/youtube_pipeline.py for tasks to queue
[2026-07-25T04:34:48.322+0000] {logging_mixin.py:188} INFO - [2026-07-25T04:34:48.321+0000] {dagbag.py:545} INFO - Filling up the DagBag from /opt/airflow/dags/youtube_pipeline.py
[2026-07-25T04:34:48.359+0000] {processor.py:840} INFO - DAG(s) 'youtube_english_video_pipeline' retrieved from /opt/airflow/dags/youtube_pipeline.py
[2026-07-25T04:34:48.381+0000] {logging_mixin.py:188} INFO - [2026-07-25T04:34:48.381+0000] {dag.py:3089} INFO - Sync 1 DAGs
[2026-07-25T04:34:48.532+0000] {processor.py:183} INFO - Processing /opt/airflow/dags/youtube_pipeline.py took 0.219 seconds
[2026-07-25T04:35:18.797+0000] {processor.py:161} INFO - Started process (PID=288) to work on /opt/airflow/dags/youtube_pipeline.py
[2026-07-25T04:35:18.798+0000] {processor.py:830} INFO - Processing file /opt/airflow/dags/youtube_pipeline.py for tasks to queue
[2026-07-25T04:35:18.801+0000] {logging_mixin.py:188} INFO - [2026-07-25T04:35:18.800+0000] {dagbag.py:545} INFO - Filling up the DagBag from /opt/airflow/dags/youtube_pipeline.py
[2026-07-25T04:35:18.818+0000] {processor.py:840} INFO - DAG(s) 'youtube_english_video_pipeline' retrieved from /opt/airflow/dags/youtube_pipeline.py
[2026-07-25T04:35:18.979+0000] {logging_mixin.py:188} INFO - [2026-07-25T04:35:18.979+0000] {dag.py:3089} INFO - Sync 1 DAGs
[2026-07-25T04:35:19.008+0000] {processor.py:183} INFO - Processing /opt/airflow/dags/youtube_pipeline.py took 0.216 seconds
[2026-07-25T04:35:49.246+0000] {processor.py:161} INFO - Started process (PID=293) to work on /opt/airflow/dags/youtube_pipeline.py
[2026-07-25T04:35:49.247+0000] {processor.py:830} INFO - Processing file /opt/airflow/dags/youtube_pipeline.py for tasks to queue
[2026-07-25T04:35:49.249+0000] {logging_mixin.py:188} INFO - [2026-07-25T04:35:49.248+0000] {dagbag.py:545} INFO - Filling up the DagBag from /opt/airflow/dags/youtube_pipeline.py
[2026-07-25T04:35:49.265+0000] {processor.py:840} INFO - DAG(s) 'youtube_english_video_pipeline' retrieved from /opt/airflow/dags/youtube_pipeline.py
[2026-07-25T04:35:49.388+0000] {logging_mixin.py:188} INFO - [2026-07-25T04:35:49.388+0000] {dag.py:3089} INFO - Sync 1 DAGs
[2026-07-25T04:35:49.424+0000] {processor.py:183} INFO - Processing /opt/airflow/dags/youtube_pipeline.py took 0.183 seconds
[2026-07-25T04:36:19.604+0000] {processor.py:161} INFO - Started process (PID=298) to work on /opt/airflow/dags/youtube_pipeline.py
[2026-07-25T04:36:19.605+0000] {processor.py:830} INFO - Processing file /opt/airflow/dags/youtube_pipeline.py for tasks to queue
[2026-07-25T04:36:19.607+0000] {logging_mixin.py:188} INFO - [2026-07-25T04:36:19.607+0000] {dagbag.py:545} INFO - Filling up the DagBag from /opt/airflow/dags/youtube_pipeline.py
[2026-07-25T04:36:19.639+0000] {processor.py:840} INFO - DAG(s) 'youtube_english_video_pipeline' retrieved from /opt/airflow/dags/youtube_pipeline.py
[2026-07-25T04:36:19.665+0000] {logging_mixin.py:188} INFO - [2026-07-25T04:36:19.665+0000] {dag.py:3089} INFO - Sync 1 DAGs
[2026-07-25T04:36:19.701+0000] {processor.py:183} INFO - Processing /opt/airflow/dags/youtube_pipeline.py took 0.103 seconds
[2026-07-25T04:36:49.941+0000] {processor.py:161} INFO - Started process (PID=303) to work on /opt/airflow/dags/youtube_pipeline.py
[2026-07-25T04:36:49.942+0000] {processor.py:830} INFO - Processing file /opt/airflow/dags/youtube_pipeline.py for tasks to queue
[2026-07-25T04:36:49.943+0000] {logging_mixin.py:188} INFO - [2026-07-25T04:36:49.943+0000] {dagbag.py:545} INFO - Filling up the DagBag from /opt/airflow/dags/youtube_pipeline.py
[2026-07-25T04:36:49.975+0000] {processor.py:840} INFO - DAG(s) 'youtube_english_video_pipeline' retrieved from /opt/airflow/dags/youtube_pipeline.py
[2026-07-25T04:36:49.999+0000] {logging_mixin.py:188} INFO - [2026-07-25T04:36:49.999+0000] {dag.py:3089} INFO - Sync 1 DAGs
[2026-07-25T04:36:50.033+0000] {processor.py:183} INFO - Processing /opt/airflow/dags/youtube_pipeline.py took 0.097 seconds
[2026-07-25T04:37:20.301+0000] {processor.py:161} INFO - Started process (PID=308) to work on /opt/airflow/dags/youtube_pipeline.py
[2026-07-25T04:37:20.302+0000] {processor.py:830} INFO - Processing file /opt/airflow/dags/youtube_pipeline.py for tasks to queue
[2026-07-25T04:37:20.304+0000] {logging_mixin.py:188} INFO - [2026-07-25T04:37:20.304+0000] {dagbag.py:545} INFO - Filling up the DagBag from /opt/airflow/dags/youtube_pipeline.py
[2026-07-25T04:37:20.345+0000] {processor.py:840} INFO - DAG(s) 'youtube_english_video_pipeline' retrieved from /opt/airflow/dags/youtube_pipeline.py
[2026-07-25T04:37:20.385+0000] {logging_mixin.py:188} INFO - [2026-07-25T04:37:20.385+0000] {dag.py:3089} INFO - Sync 1 DAGs
[2026-07-25T04:37:20.423+0000] {processor.py:183} INFO - Processing /opt/airflow/dags/youtube_pipeline.py took 0.130 seconds
[2026-07-25T04:37:50.556+0000] {processor.py:161} INFO - Started process (PID=365) to work on /opt/airflow/dags/youtube_pipeline.py
[2026-07-25T04:37:50.558+0000] {processor.py:830} INFO - Processing file /opt/airflow/dags/youtube_pipeline.py for tasks to queue
[2026-07-25T04:37:50.560+0000] {logging_mixin.py:188} INFO - [2026-07-25T04:37:50.560+0000] {dagbag.py:545} INFO - Filling up the DagBag from /opt/airflow/dags/youtube_pipeline.py
[2026-07-25T04:37:50.597+0000] {processor.py:840} INFO - DAG(s) 'youtube_english_video_pipeline' retrieved from /opt/airflow/dags/youtube_pipeline.py
[2026-07-25T04:37:50.632+0000] {logging_mixin.py:188} INFO - [2026-07-25T04:37:50.632+0000] {dag.py:3089} INFO - Sync 1 DAGs
[2026-07-25T04:37:50.661+0000] {processor.py:183} INFO - Processing /opt/airflow/dags/youtube_pipeline.py took 0.114 seconds
[2026-07-25T04:38:20.920+0000] {processor.py:161} INFO - Started process (PID=370) to work on /opt/airflow/dags/youtube_pipeline.py
[2026-07-25T04:38:20.921+0000] {processor.py:830} INFO - Processing file /opt/airflow/dags/youtube_pipeline.py for tasks to queue
[2026-07-25T04:38:20.923+0000] {logging_mixin.py:188} INFO - [2026-07-25T04:38:20.923+0000] {dagbag.py:545} INFO - Filling up the DagBag from /opt/airflow/dags/youtube_pipeline.py
[2026-07-25T04:38:20.962+0000] {processor.py:840} INFO - DAG(s) 'youtube_english_video_pipeline' retrieved from /opt/airflow/dags/youtube_pipeline.py
[2026-07-25T04:38:20.990+0000] {logging_mixin.py:188} INFO - [2026-07-25T04:38:20.990+0000] {dag.py:3089} INFO - Sync 1 DAGs
[2026-07-25T04:38:21.019+0000] {processor.py:183} INFO - Processing /opt/airflow/dags/youtube_pipeline.py took 0.105 seconds
[2026-07-25T04:38:51.259+0000] {processor.py:161} INFO - Started process (PID=375) to work on /opt/airflow/dags/youtube_pipeline.py
[2026-07-25T04:38:51.260+0000] {processor.py:830} INFO - Processing file /opt/airflow/dags/youtube_pipeline.py for tasks to queue
[2026-07-25T04:38:51.262+0000] {logging_mixin.py:188} INFO - [2026-07-25T04:38:51.262+0000] {dagbag.py:545} INFO - Filling up the DagBag from /opt/airflow/dags/youtube_pipeline.py
[2026-07-25T04:38:51.299+0000] {processor.py:840} INFO - DAG(s) 'youtube_english_video_pipeline' retrieved from /opt/airflow/dags/youtube_pipeline.py
[2026-07-25T04:38:51.324+0000] {logging_mixin.py:188} INFO - [2026-07-25T04:38:51.324+0000] {dag.py:3089} INFO - Sync 1 DAGs
[2026-07-25T04:38:51.354+0000] {processor.py:183} INFO - Processing /opt/airflow/dags/youtube_pipeline.py took 0.106 seconds
[2026-07-25T04:39:21.522+0000] {processor.py:161} INFO - Started process (PID=380) to work on /opt/airflow/dags/youtube_pipeline.py
[2026-07-25T04:39:21.523+0000] {processor.py:830} INFO - Processing file /opt/airflow/dags/youtube_pipeline.py for tasks to queue
[2026-07-25T04:39:21.525+0000] {logging_mixin.py:188} INFO - [2026-07-25T04:39:21.524+0000] {dagbag.py:545} INFO - Filling up the DagBag from /opt/airflow/dags/youtube_pipeline.py
[2026-07-25T04:39:21.543+0000] {processor.py:840} INFO - DAG(s) 'youtube_english_video_pipeline' retrieved from /opt/airflow/dags/youtube_pipeline.py
[2026-07-25T04:39:21.570+0000] {logging_mixin.py:188} INFO - [2026-07-25T04:39:21.570+0000] {dag.py:3089} INFO - Sync 1 DAGs
[2026-07-25T04:39:21.598+0000] {processor.py:183} INFO - Processing /opt/airflow/dags/youtube_pipeline.py took 0.082 seconds
[2026-07-25T04:39:51.888+0000] {processor.py:161} INFO - Started process (PID=385) to work on /opt/airflow/dags/youtube_pipeline.py
[2026-07-25T04:39:51.889+0000] {processor.py:830} INFO - Processing file /opt/airflow/dags/youtube_pipeline.py for tasks to queue
[2026-07-25T04:39:51.890+0000] {logging_mixin.py:188} INFO - [2026-07-25T04:39:51.890+0000] {dagbag.py:545} INFO - Filling up the DagBag from /opt/airflow/dags/youtube_pipeline.py
[2026-07-25T04:39:51.907+0000] {processor.py:840} INFO - DAG(s) 'youtube_english_video_pipeline' retrieved from /opt/airflow/dags/youtube_pipeline.py
[2026-07-25T04:39:51.928+0000] {logging_mixin.py:188} INFO - [2026-07-25T04:39:51.927+0000] {dag.py:3089} INFO - Sync 1 DAGs
[2026-07-25T04:39:51.954+0000] {processor.py:183} INFO - Processing /opt/airflow/dags/youtube_pipeline.py took 0.071 seconds
[2026-07-25T04:40:22.193+0000] {processor.py:161} INFO - Started process (PID=398) to work on /opt/airflow/dags/youtube_pipeline.py
[2026-07-25T04:40:22.195+0000] {processor.py:830} INFO - Processing file /opt/airflow/dags/youtube_pipeline.py for tasks to queue
[2026-07-25T04:40:22.196+0000] {logging_mixin.py:188} INFO - [2026-07-25T04:40:22.196+0000] {dagbag.py:545} INFO - Filling up the DagBag from /opt/airflow/dags/youtube_pipeline.py
[2026-07-25T04:40:22.230+0000] {processor.py:840} INFO - DAG(s) 'youtube_english_video_pipeline' retrieved from /opt/airflow/dags/youtube_pipeline.py
[2026-07-25T04:40:22.253+0000] {logging_mixin.py:188} INFO - [2026-07-25T04:40:22.253+0000] {dag.py:3089} INFO - Sync 1 DAGs
[2026-07-25T04:40:22.284+0000] {processor.py:183} INFO - Processing /opt/airflow/dags/youtube_pipeline.py took 0.097 seconds
[2026-07-25T04:40:36.887+0000] {processor.py:161} INFO - Started process (PID=202) to work on /opt/airflow/dags/youtube_pipeline.py
[2026-07-25T04:40:36.888+0000] {processor.py:830} INFO - Processing file /opt/airflow/dags/youtube_pipeline.py for tasks to queue
[2026-07-25T04:40:36.889+0000] {logging_mixin.py:188} INFO - [2026-07-25T04:40:36.889+0000] {dagbag.py:545} INFO - Filling up the DagBag from /opt/airflow/dags/youtube_pipeline.py
[2026-07-25T04:40:36.920+0000] {processor.py:840} INFO - DAG(s) 'youtube_english_video_pipeline' retrieved from /opt/airflow/dags/youtube_pipeline.py
[2026-07-25T04:40:36.988+0000] {logging_mixin.py:188} INFO - [2026-07-25T04:40:36.988+0000] {dag.py:3089} INFO - Sync 1 DAGs
[2026-07-25T04:40:37.036+0000] {processor.py:183} INFO - Processing /opt/airflow/dags/youtube_pipeline.py took 0.155 seconds
[2026-07-25T04:41:07.120+0000] {processor.py:161} INFO - Started process (PID=263) to work on /opt/airflow/dags/youtube_pipeline.py
[2026-07-25T04:41:07.121+0000] {processor.py:830} INFO - Processing file /opt/airflow/dags/youtube_pipeline.py for tasks to queue
[2026-07-25T04:41:07.123+0000] {logging_mixin.py:188} INFO - [2026-07-25T04:41:07.123+0000] {dagbag.py:545} INFO - Filling up the DagBag from /opt/airflow/dags/youtube_pipeline.py
[2026-07-25T04:41:07.148+0000] {processor.py:840} INFO - DAG(s) 'youtube_english_video_pipeline' retrieved from /opt/airflow/dags/youtube_pipeline.py
[2026-07-25T04:41:07.174+0000] {logging_mixin.py:188} INFO - [2026-07-25T04:41:07.173+0000] {dag.py:3089} INFO - Sync 1 DAGs
[2026-07-25T04:41:07.216+0000] {processor.py:183} INFO - Processing /opt/airflow/dags/youtube_pipeline.py took 0.102 seconds
[2026-07-25T04:41:37.473+0000] {processor.py:161} INFO - Started process (PID=268) to work on /opt/airflow/dags/youtube_pipeline.py
[2026-07-25T04:41:37.474+0000] {processor.py:830} INFO - Processing file /opt/airflow/dags/youtube_pipeline.py for tasks to queue
[2026-07-25T04:41:37.477+0000] {logging_mixin.py:188} INFO - [2026-07-25T04:41:37.476+0000] {dagbag.py:545} INFO - Filling up the DagBag from /opt/airflow/dags/youtube_pipeline.py
[2026-07-25T04:41:37.545+0000] {processor.py:840} INFO - DAG(s) 'youtube_english_video_pipeline' retrieved from /opt/airflow/dags/youtube_pipeline.py
[2026-07-25T04:41:37.584+0000] {logging_mixin.py:188} INFO - [2026-07-25T04:41:37.583+0000] {dag.py:3089} INFO - Sync 1 DAGs
[2026-07-25T04:41:37.617+0000] {processor.py:183} INFO - Processing /opt/airflow/dags/youtube_pipeline.py took 0.150 seconds
[2026-07-25T04:42:07.784+0000] {processor.py:161} INFO - Started process (PID=273) to work on /opt/airflow/dags/youtube_pipeline.py
[2026-07-25T04:42:07.793+0000] {processor.py:830} INFO - Processing file /opt/airflow/dags/youtube_pipeline.py for tasks to queue
[2026-07-25T04:42:07.798+0000] {logging_mixin.py:188} INFO - [2026-07-25T04:42:07.797+0000] {dagbag.py:545} INFO - Filling up the DagBag from /opt/airflow/dags/youtube_pipeline.py
[2026-07-25T04:42:07.846+0000] {processor.py:840} INFO - DAG(s) 'youtube_english_video_pipeline' retrieved from /opt/airflow/dags/youtube_pipeline.py
[2026-07-25T04:42:07.879+0000] {logging_mixin.py:188} INFO - [2026-07-25T04:42:07.879+0000] {dag.py:3089} INFO - Sync 1 DAGs
[2026-07-25T04:42:07.926+0000] {processor.py:183} INFO - Processing /opt/airflow/dags/youtube_pipeline.py took 0.153 seconds
[2026-07-25T04:42:38.178+0000] {processor.py:161} INFO - Started process (PID=278) to work on /opt/airflow/dags/youtube_pipeline.py
[2026-07-25T04:42:38.179+0000] {processor.py:830} INFO - Processing file /opt/airflow/dags/youtube_pipeline.py for tasks to queue
[2026-07-25T04:42:38.182+0000] {logging_mixin.py:188} INFO - [2026-07-25T04:42:38.182+0000] {dagbag.py:545} INFO - Filling up the DagBag from /opt/airflow/dags/youtube_pipeline.py
[2026-07-25T04:42:38.212+0000] {processor.py:840} INFO - DAG(s) 'youtube_english_video_pipeline' retrieved from /opt/airflow/dags/youtube_pipeline.py
[2026-07-25T04:42:38.250+0000] {logging_mixin.py:188} INFO - [2026-07-25T04:42:38.249+0000] {dag.py:3089} INFO - Sync 1 DAGs
[2026-07-25T04:42:38.441+0000] {processor.py:183} INFO - Processing /opt/airflow/dags/youtube_pipeline.py took 0.270 seconds
[2026-07-25T04:43:08.558+0000] {processor.py:161} INFO - Started process (PID=283) to work on /opt/airflow/dags/youtube_pipeline.py
[2026-07-25T04:43:08.560+0000] {processor.py:830} INFO - Processing file /opt/airflow/dags/youtube_pipeline.py for tasks to queue
[2026-07-25T04:43:08.563+0000] {logging_mixin.py:188} INFO - [2026-07-25T04:43:08.563+0000] {dagbag.py:545} INFO - Filling up the DagBag from /opt/airflow/dags/youtube_pipeline.py
[2026-07-25T04:43:08.619+0000] {processor.py:840} INFO - DAG(s) 'youtube_english_video_pipeline' retrieved from /opt/airflow/dags/youtube_pipeline.py
[2026-07-25T04:43:08.653+0000] {logging_mixin.py:188} INFO - [2026-07-25T04:43:08.653+0000] {dag.py:3089} INFO - Sync 1 DAGs
[2026-07-25T04:43:08.852+0000] {processor.py:183} INFO - Processing /opt/airflow/dags/youtube_pipeline.py took 0.304 seconds
[2026-07-25T04:43:39.009+0000] {processor.py:161} INFO - Started process (PID=288) to work on /opt/airflow/dags/youtube_pipeline.py
[2026-07-25T04:43:39.010+0000] {processor.py:830} INFO - Processing file /opt/airflow/dags/youtube_pipeline.py for tasks to queue
[2026-07-25T04:43:39.012+0000] {logging_mixin.py:188} INFO - [2026-07-25T04:43:39.012+0000] {dagbag.py:545} INFO - Filling up the DagBag from /opt/airflow/dags/youtube_pipeline.py
[2026-07-25T04:43:39.057+0000] {processor.py:840} INFO - DAG(s) 'youtube_english_video_pipeline' retrieved from /opt/airflow/dags/youtube_pipeline.py
[2026-07-25T04:43:39.093+0000] {logging_mixin.py:188} INFO - [2026-07-25T04:43:39.093+0000] {dag.py:3089} INFO - Sync 1 DAGs
[2026-07-25T04:43:39.276+0000] {processor.py:183} INFO - Processing /opt/airflow/dags/youtube_pipeline.py took 0.276 seconds
[2026-07-25T04:44:09.419+0000] {processor.py:161} INFO - Started process (PID=293) to work on /opt/airflow/dags/youtube_pipeline.py
[2026-07-25T04:44:09.421+0000] {processor.py:830} INFO - Processing file /opt/airflow/dags/youtube_pipeline.py for tasks to queue
[2026-07-25T04:44:09.423+0000] {logging_mixin.py:188} INFO - [2026-07-25T04:44:09.423+0000] {dagbag.py:545} INFO - Filling up the DagBag from /opt/airflow/dags/youtube_pipeline.py
[2026-07-25T04:44:09.467+0000] {processor.py:840} INFO - DAG(s) 'youtube_english_video_pipeline' retrieved from /opt/airflow/dags/youtube_pipeline.py
[2026-07-25T04:44:09.640+0000] {logging_mixin.py:188} INFO - [2026-07-25T04:44:09.640+0000] {dag.py:3089} INFO - Sync 1 DAGs
[2026-07-25T04:44:09.692+0000] {processor.py:183} INFO - Processing /opt/airflow/dags/youtube_pipeline.py took 0.280 seconds
[2026-07-25T04:44:39.989+0000] {processor.py:161} INFO - Started process (PID=298) to work on /opt/airflow/dags/youtube_pipeline.py
[2026-07-25T04:44:39.990+0000] {processor.py:830} INFO - Processing file /opt/airflow/dags/youtube_pipeline.py for tasks to queue
[2026-07-25T04:44:39.993+0000] {logging_mixin.py:188} INFO - [2026-07-25T04:44:39.993+0000] {dagbag.py:545} INFO - Filling up the DagBag from /opt/airflow/dags/youtube_pipeline.py
[2026-07-25T04:44:40.036+0000] {processor.py:840} INFO - DAG(s) 'youtube_english_video_pipeline' retrieved from /opt/airflow/dags/youtube_pipeline.py
[2026-07-25T04:44:40.079+0000] {logging_mixin.py:188} INFO - [2026-07-25T04:44:40.078+0000] {dag.py:3089} INFO - Sync 1 DAGs
[2026-07-25T04:44:40.126+0000] {processor.py:183} INFO - Processing /opt/airflow/dags/youtube_pipeline.py took 0.145 seconds
[2026-07-25T04:45:10.454+0000] {processor.py:161} INFO - Started process (PID=303) to work on /opt/airflow/dags/youtube_pipeline.py
[2026-07-25T04:45:10.457+0000] {processor.py:830} INFO - Processing file /opt/airflow/dags/youtube_pipeline.py for tasks to queue
[2026-07-25T04:45:10.461+0000] {logging_mixin.py:188} INFO - [2026-07-25T04:45:10.461+0000] {dagbag.py:545} INFO - Filling up the DagBag from /opt/airflow/dags/youtube_pipeline.py
[2026-07-25T04:45:10.634+0000] {processor.py:840} INFO - DAG(s) 'youtube_english_video_pipeline' retrieved from /opt/airflow/dags/youtube_pipeline.py
[2026-07-25T04:45:10.684+0000] {logging_mixin.py:188} INFO - [2026-07-25T04:45:10.684+0000] {dag.py:3089} INFO - Sync 1 DAGs
[2026-07-25T04:45:10.779+0000] {processor.py:183} INFO - Processing /opt/airflow/dags/youtube_pipeline.py took 0.339 seconds
[2026-07-25T04:45:41.083+0000] {processor.py:161} INFO - Started process (PID=308) to work on /opt/airflow/dags/youtube_pipeline.py
[2026-07-25T04:45:41.085+0000] {processor.py:830} INFO - Processing file /opt/airflow/dags/youtube_pipeline.py for tasks to queue
[2026-07-25T04:45:41.087+0000] {logging_mixin.py:188} INFO - [2026-07-25T04:45:41.086+0000] {dagbag.py:545} INFO - Filling up the DagBag from /opt/airflow/dags/youtube_pipeline.py
[2026-07-25T04:45:41.114+0000] {processor.py:840} INFO - DAG(s) 'youtube_english_video_pipeline' retrieved from /opt/airflow/dags/youtube_pipeline.py
[2026-07-25T04:45:41.156+0000] {logging_mixin.py:188} INFO - [2026-07-25T04:45:41.156+0000] {dag.py:3089} INFO - Sync 1 DAGs
[2026-07-25T04:45:41.206+0000] {processor.py:183} INFO - Processing /opt/airflow/dags/youtube_pipeline.py took 0.130 seconds
[2026-07-25T04:46:11.343+0000] {processor.py:161} INFO - Started process (PID=365) to work on /opt/airflow/dags/youtube_pipeline.py
[2026-07-25T04:46:11.344+0000] {processor.py:830} INFO - Processing file /opt/airflow/dags/youtube_pipeline.py for tasks to queue
[2026-07-25T04:46:11.347+0000] {logging_mixin.py:188} INFO - [2026-07-25T04:46:11.347+0000] {dagbag.py:545} INFO - Filling up the DagBag from /opt/airflow/dags/youtube_pipeline.py
[2026-07-25T04:46:11.392+0000] {processor.py:840} INFO - DAG(s) 'youtube_english_video_pipeline' retrieved from /opt/airflow/dags/youtube_pipeline.py
[2026-07-25T04:46:11.426+0000] {logging_mixin.py:188} INFO - [2026-07-25T04:46:11.426+0000] {dag.py:3089} INFO - Sync 1 DAGs
[2026-07-25T04:46:11.477+0000] {processor.py:183} INFO - Processing /opt/airflow/dags/youtube_pipeline.py took 0.142 seconds
[2026-07-25T04:46:41.713+0000] {processor.py:161} INFO - Started process (PID=370) to work on /opt/airflow/dags/youtube_pipeline.py
[2026-07-25T04:46:41.714+0000] {processor.py:830} INFO - Processing file /opt/airflow/dags/youtube_pipeline.py for tasks to queue
[2026-07-25T04:46:41.717+0000] {logging_mixin.py:188} INFO - [2026-07-25T04:46:41.717+0000] {dagbag.py:545} INFO - Filling up the DagBag from /opt/airflow/dags/youtube_pipeline.py
[2026-07-25T04:46:41.758+0000] {processor.py:840} INFO - DAG(s) 'youtube_english_video_pipeline' retrieved from /opt/airflow/dags/youtube_pipeline.py
[2026-07-25T04:46:41.799+0000] {logging_mixin.py:188} INFO - [2026-07-25T04:46:41.798+0000] {dag.py:3089} INFO - Sync 1 DAGs
[2026-07-25T04:46:41.840+0000] {processor.py:183} INFO - Processing /opt/airflow/dags/youtube_pipeline.py took 0.136 seconds
[2026-07-25T04:47:12.011+0000] {processor.py:161} INFO - Started process (PID=375) to work on /opt/airflow/dags/youtube_pipeline.py
[2026-07-25T04:47:12.012+0000] {processor.py:830} INFO - Processing file /opt/airflow/dags/youtube_pipeline.py for tasks to queue
[2026-07-25T04:47:12.015+0000] {logging_mixin.py:188} INFO - [2026-07-25T04:47:12.014+0000] {dagbag.py:545} INFO - Filling up the DagBag from /opt/airflow/dags/youtube_pipeline.py
[2026-07-25T04:47:12.048+0000] {processor.py:840} INFO - DAG(s) 'youtube_english_video_pipeline' retrieved from /opt/airflow/dags/youtube_pipeline.py
[2026-07-25T04:47:12.086+0000] {logging_mixin.py:188} INFO - [2026-07-25T04:47:12.085+0000] {dag.py:3089} INFO - Sync 1 DAGs
[2026-07-25T04:47:12.130+0000] {processor.py:183} INFO - Processing /opt/airflow/dags/youtube_pipeline.py took 0.129 seconds
[2026-07-25T04:47:42.376+0000] {processor.py:161} INFO - Started process (PID=380) to work on /opt/airflow/dags/youtube_pipeline.py
[2026-07-25T04:47:42.377+0000] {processor.py:830} INFO - Processing file /opt/airflow/dags/youtube_pipeline.py for tasks to queue
[2026-07-25T04:47:42.380+0000] {logging_mixin.py:188} INFO - [2026-07-25T04:47:42.379+0000] {dagbag.py:545} INFO - Filling up the DagBag from /opt/airflow/dags/youtube_pipeline.py
[2026-07-25T04:47:42.406+0000] {processor.py:840} INFO - DAG(s) 'youtube_english_video_pipeline' retrieved from /opt/airflow/dags/youtube_pipeline.py
[2026-07-25T04:47:42.439+0000] {logging_mixin.py:188} INFO - [2026-07-25T04:47:42.439+0000] {dag.py:3089} INFO - Sync 1 DAGs
[2026-07-25T04:47:42.484+0000] {processor.py:183} INFO - Processing /opt/airflow/dags/youtube_pipeline.py took 0.115 seconds
[2026-07-25T04:48:12.631+0000] {processor.py:161} INFO - Started process (PID=385) to work on /opt/airflow/dags/youtube_pipeline.py
[2026-07-25T04:48:12.633+0000] {processor.py:830} INFO - Processing file /opt/airflow/dags/youtube_pipeline.py for tasks to queue
[2026-07-25T04:48:12.636+0000] {logging_mixin.py:188} INFO - [2026-07-25T04:48:12.635+0000] {dagbag.py:545} INFO - Filling up the DagBag from /opt/airflow/dags/youtube_pipeline.py
[2026-07-25T04:48:12.677+0000] {processor.py:840} INFO - DAG(s) 'youtube_english_video_pipeline' retrieved from /opt/airflow/dags/youtube_pipeline.py
[2026-07-25T04:48:12.712+0000] {logging_mixin.py:188} INFO - [2026-07-25T04:48:12.712+0000] {dag.py:3089} INFO - Sync 1 DAGs
[2026-07-25T04:48:12.758+0000] {processor.py:183} INFO - Processing /opt/airflow/dags/youtube_pipeline.py took 0.135 seconds
[2026-07-25T04:48:43.028+0000] {processor.py:161} INFO - Started process (PID=390) to work on /opt/airflow/dags/youtube_pipeline.py
[2026-07-25T04:48:43.029+0000] {processor.py:830} INFO - Processing file /opt/airflow/dags/youtube_pipeline.py for tasks to queue
[2026-07-25T04:48:43.032+0000] {logging_mixin.py:188} INFO - [2026-07-25T04:48:43.032+0000] {dagbag.py:545} INFO - Filling up the DagBag from /opt/airflow/dags/youtube_pipeline.py
[2026-07-25T04:48:43.072+0000] {processor.py:840} INFO - DAG(s) 'youtube_english_video_pipeline' retrieved from /opt/airflow/dags/youtube_pipeline.py
[2026-07-25T04:48:43.105+0000] {logging_mixin.py:188} INFO - [2026-07-25T04:48:43.105+0000] {dag.py:3089} INFO - Sync 1 DAGs
[2026-07-25T04:48:43.148+0000] {processor.py:183} INFO - Processing /opt/airflow/dags/youtube_pipeline.py took 0.128 seconds
[2026-07-25T04:49:17.387+0000] {processor.py:161} INFO - Started process (PID=202) to work on /opt/airflow/dags/youtube_pipeline.py
[2026-07-25T04:49:17.388+0000] {processor.py:830} INFO - Processing file /opt/airflow/dags/youtube_pipeline.py for tasks to queue
[2026-07-25T04:49:17.390+0000] {logging_mixin.py:188} INFO - [2026-07-25T04:49:17.390+0000] {dagbag.py:545} INFO - Filling up the DagBag from /opt/airflow/dags/youtube_pipeline.py
[2026-07-25T04:49:17.420+0000] {processor.py:840} INFO - DAG(s) 'youtube_english_video_pipeline' retrieved from /opt/airflow/dags/youtube_pipeline.py
[2026-07-25T04:49:17.464+0000] {logging_mixin.py:188} INFO - [2026-07-25T04:49:17.464+0000] {dag.py:3089} INFO - Sync 1 DAGs
[2026-07-25T04:49:17.504+0000] {processor.py:183} INFO - Processing /opt/airflow/dags/youtube_pipeline.py took 0.124 seconds
[2026-07-25T04:49:47.668+0000] {processor.py:161} INFO - Started process (PID=209) to work on /opt/airflow/dags/youtube_pipeline.py
[2026-07-25T04:49:47.669+0000] {processor.py:830} INFO - Processing file /opt/airflow/dags/youtube_pipeline.py for tasks to queue
[2026-07-25T04:49:47.671+0000] {logging_mixin.py:188} INFO - [2026-07-25T04:49:47.671+0000] {dagbag.py:545} INFO - Filling up the DagBag from /opt/airflow/dags/youtube_pipeline.py
[2026-07-25T04:49:47.697+0000] {processor.py:840} INFO - DAG(s) 'youtube_english_video_pipeline' retrieved from /opt/airflow/dags/youtube_pipeline.py
[2026-07-25T04:49:47.735+0000] {logging_mixin.py:188} INFO - [2026-07-25T04:49:47.734+0000] {dag.py:3089} INFO - Sync 1 DAGs
[2026-07-25T04:49:47.776+0000] {processor.py:183} INFO - Processing /opt/airflow/dags/youtube_pipeline.py took 0.116 seconds
[2026-07-25T04:50:18.078+0000] {processor.py:161} INFO - Started process (PID=268) to work on /opt/airflow/dags/youtube_pipeline.py
[2026-07-25T04:50:18.085+0000] {processor.py:830} INFO - Processing file /opt/airflow/dags/youtube_pipeline.py for tasks to queue
[2026-07-25T04:50:18.092+0000] {logging_mixin.py:188} INFO - [2026-07-25T04:50:18.092+0000] {dagbag.py:545} INFO - Filling up the DagBag from /opt/airflow/dags/youtube_pipeline.py
[2026-07-25T04:50:18.165+0000] {processor.py:840} INFO - DAG(s) 'youtube_english_video_pipeline' retrieved from /opt/airflow/dags/youtube_pipeline.py
[2026-07-25T04:50:18.227+0000] {logging_mixin.py:188} INFO - [2026-07-25T04:50:18.227+0000] {dag.py:3089} INFO - Sync 1 DAGs
[2026-07-25T04:50:18.297+0000] {processor.py:183} INFO - Processing /opt/airflow/dags/youtube_pipeline.py took 0.229 seconds
[2026-07-25T04:50:48.652+0000] {processor.py:161} INFO - Started process (PID=273) to work on /opt/airflow/dags/youtube_pipeline.py
[2026-07-25T04:50:48.654+0000] {processor.py:830} INFO - Processing file /opt/airflow/dags/youtube_pipeline.py for tasks to queue
[2026-07-25T04:50:48.656+0000] {logging_mixin.py:188} INFO - [2026-07-25T04:50:48.656+0000] {dagbag.py:545} INFO - Filling up the DagBag from /opt/airflow/dags/youtube_pipeline.py
[2026-07-25T04:50:48.701+0000] {processor.py:840} INFO - DAG(s) 'youtube_english_video_pipeline' retrieved from /opt/airflow/dags/youtube_pipeline.py
[2026-07-25T04:50:48.740+0000] {logging_mixin.py:188} INFO - [2026-07-25T04:50:48.740+0000] {dag.py:3089} INFO - Sync 1 DAGs
[2026-07-25T04:50:48.793+0000] {processor.py:183} INFO - Processing /opt/airflow/dags/youtube_pipeline.py took 0.154 seconds
[2026-07-25T04:51:19.057+0000] {processor.py:161} INFO - Started process (PID=278) to work on /opt/airflow/dags/youtube_pipeline.py
[2026-07-25T04:51:19.059+0000] {processor.py:830} INFO - Processing file /opt/airflow/dags/youtube_pipeline.py for tasks to queue
[2026-07-25T04:51:19.061+0000] {logging_mixin.py:188} INFO - [2026-07-25T04:51:19.061+0000] {dagbag.py:545} INFO - Filling up the DagBag from /opt/airflow/dags/youtube_pipeline.py
[2026-07-25T04:51:19.109+0000] {processor.py:840} INFO - DAG(s) 'youtube_english_video_pipeline' retrieved from /opt/airflow/dags/youtube_pipeline.py
[2026-07-25T04:51:19.148+0000] {logging_mixin.py:188} INFO - [2026-07-25T04:51:19.147+0000] {dag.py:3089} INFO - Sync 1 DAGs
[2026-07-25T04:51:19.399+0000] {processor.py:183} INFO - Processing /opt/airflow/dags/youtube_pipeline.py took 0.349 seconds
[2026-07-25T04:51:49.703+0000] {processor.py:161} INFO - Started process (PID=283) to work on /opt/airflow/dags/youtube_pipeline.py
[2026-07-25T04:51:49.705+0000] {processor.py:830} INFO - Processing file /opt/airflow/dags/youtube_pipeline.py for tasks to queue
[2026-07-25T04:51:49.709+0000] {logging_mixin.py:188} INFO - [2026-07-25T04:51:49.709+0000] {dagbag.py:545} INFO - Filling up the DagBag from /opt/airflow/dags/youtube_pipeline.py
[2026-07-25T04:51:49.753+0000] {processor.py:840} INFO - DAG(s) 'youtube_english_video_pipeline' retrieved from /opt/airflow/dags/youtube_pipeline.py
[2026-07-25T04:51:49.796+0000] {logging_mixin.py:188} INFO - [2026-07-25T04:51:49.796+0000] {dag.py:3089} INFO - Sync 1 DAGs
[2026-07-25T04:51:50.019+0000] {processor.py:183} INFO - Processing /opt/airflow/dags/youtube_pipeline.py took 0.325 seconds
[2026-07-25T04:52:20.369+0000] {processor.py:161} INFO - Started process (PID=288) to work on /opt/airflow/dags/youtube_pipeline.py
[2026-07-25T04:52:20.370+0000] {processor.py:830} INFO - Processing file /opt/airflow/dags/youtube_pipeline.py for tasks to queue
[2026-07-25T04:52:20.372+0000] {logging_mixin.py:188} INFO - [2026-07-25T04:52:20.372+0000] {dagbag.py:545} INFO - Filling up the DagBag from /opt/airflow/dags/youtube_pipeline.py
[2026-07-25T04:52:20.416+0000] {processor.py:840} INFO - DAG(s) 'youtube_english_video_pipeline' retrieved from /opt/airflow/dags/youtube_pipeline.py
[2026-07-25T04:52:20.607+0000] {logging_mixin.py:188} INFO - [2026-07-25T04:52:20.606+0000] {dag.py:3089} INFO - Sync 1 DAGs
[2026-07-25T04:52:20.649+0000] {processor.py:183} INFO - Processing /opt/airflow/dags/youtube_pipeline.py took 0.288 seconds
[2026-07-25T04:52:50.941+0000] {processor.py:161} INFO - Started process (PID=293) to work on /opt/airflow/dags/youtube_pipeline.py
[2026-07-25T04:52:50.943+0000] {processor.py:830} INFO - Processing file /opt/airflow/dags/youtube_pipeline.py for tasks to queue
[2026-07-25T04:52:50.945+0000] {logging_mixin.py:188} INFO - [2026-07-25T04:52:50.945+0000] {dagbag.py:545} INFO - Filling up the DagBag from /opt/airflow/dags/youtube_pipeline.py
[2026-07-25T04:52:50.988+0000] {processor.py:840} INFO - DAG(s) 'youtube_english_video_pipeline' retrieved from /opt/airflow/dags/youtube_pipeline.py
[2026-07-25T04:52:51.166+0000] {logging_mixin.py:188} INFO - [2026-07-25T04:52:51.166+0000] {dag.py:3089} INFO - Sync 1 DAGs
[2026-07-25T04:52:51.218+0000] {processor.py:183} INFO - Processing /opt/airflow/dags/youtube_pipeline.py took 0.284 seconds
[2026-07-25T04:53:21.680+0000] {processor.py:161} INFO - Started process (PID=298) to work on /opt/airflow/dags/youtube_pipeline.py
[2026-07-25T04:53:21.682+0000] {processor.py:830} INFO - Processing file /opt/airflow/dags/youtube_pipeline.py for tasks to queue
[2026-07-25T04:53:21.685+0000] {logging_mixin.py:188} INFO - [2026-07-25T04:53:21.684+0000] {dagbag.py:545} INFO - Filling up the DagBag from /opt/airflow/dags/youtube_pipeline.py
[2026-07-25T04:53:21.732+0000] {processor.py:840} INFO - DAG(s) 'youtube_english_video_pipeline' retrieved from /opt/airflow/dags/youtube_pipeline.py
[2026-07-25T04:53:21.773+0000] {logging_mixin.py:188} INFO - [2026-07-25T04:53:21.773+0000] {dag.py:3089} INFO - Sync 1 DAGs
[2026-07-25T04:53:21.835+0000] {processor.py:183} INFO - Processing /opt/airflow/dags/youtube_pipeline.py took 0.164 seconds
[2026-07-25T04:53:51.920+0000] {processor.py:161} INFO - Started process (PID=303) to work on /opt/airflow/dags/youtube_pipeline.py
[2026-07-25T04:53:51.922+0000] {processor.py:830} INFO - Processing file /opt/airflow/dags/youtube_pipeline.py for tasks to queue
[2026-07-25T04:53:51.925+0000] {logging_mixin.py:188} INFO - [2026-07-25T04:53:51.925+0000] {dagbag.py:545} INFO - Filling up the DagBag from /opt/airflow/dags/youtube_pipeline.py
[2026-07-25T04:53:51.971+0000] {processor.py:840} INFO - DAG(s) 'youtube_english_video_pipeline' retrieved from /opt/airflow/dags/youtube_pipeline.py
[2026-07-25T04:53:52.007+0000] {logging_mixin.py:188} INFO - [2026-07-25T04:53:52.007+0000] {dag.py:3089} INFO - Sync 1 DAGs
[2026-07-25T04:53:52.071+0000] {processor.py:183} INFO - Processing /opt/airflow/dags/youtube_pipeline.py took 0.159 seconds
[2026-07-25T04:54:22.202+0000] {processor.py:161} INFO - Started process (PID=308) to work on /opt/airflow/dags/youtube_pipeline.py
[2026-07-25T04:54:22.203+0000] {processor.py:830} INFO - Processing file /opt/airflow/dags/youtube_pipeline.py for tasks to queue
[2026-07-25T04:54:22.206+0000] {logging_mixin.py:188} INFO - [2026-07-25T04:54:22.206+0000] {dagbag.py:545} INFO - Filling up the DagBag from /opt/airflow/dags/youtube_pipeline.py
[2026-07-25T04:54:22.268+0000] {processor.py:840} INFO - DAG(s) 'youtube_english_video_pipeline' retrieved from /opt/airflow/dags/youtube_pipeline.py
[2026-07-25T04:54:22.314+0000] {logging_mixin.py:188} INFO - [2026-07-25T04:54:22.314+0000] {dag.py:3089} INFO - Sync 1 DAGs
[2026-07-25T04:54:22.359+0000] {processor.py:183} INFO - Processing /opt/airflow/dags/youtube_pipeline.py took 0.165 seconds
[2026-07-25T04:54:52.678+0000] {processor.py:161} INFO - Started process (PID=313) to work on /opt/airflow/dags/youtube_pipeline.py
[2026-07-25T04:54:52.680+0000] {processor.py:830} INFO - Processing file /opt/airflow/dags/youtube_pipeline.py for tasks to queue
[2026-07-25T04:54:52.685+0000] {logging_mixin.py:188} INFO - [2026-07-25T04:54:52.684+0000] {dagbag.py:545} INFO - Filling up the DagBag from /opt/airflow/dags/youtube_pipeline.py
[2026-07-25T04:54:52.750+0000] {processor.py:840} INFO - DAG(s) 'youtube_english_video_pipeline' retrieved from /opt/airflow/dags/youtube_pipeline.py
[2026-07-25T04:54:52.789+0000] {logging_mixin.py:188} INFO - [2026-07-25T04:54:52.788+0000] {dag.py:3089} INFO - Sync 1 DAGs
[2026-07-25T04:54:52.844+0000] {processor.py:183} INFO - Processing /opt/airflow/dags/youtube_pipeline.py took 0.181 seconds
[2026-07-25T04:55:23.056+0000] {processor.py:161} INFO - Started process (PID=370) to work on /opt/airflow/dags/youtube_pipeline.py
[2026-07-25T04:55:23.057+0000] {processor.py:830} INFO - Processing file /opt/airflow/dags/youtube_pipeline.py for tasks to queue
[2026-07-25T04:55:23.060+0000] {logging_mixin.py:188} INFO - [2026-07-25T04:55:23.059+0000] {dagbag.py:545} INFO - Filling up the DagBag from /opt/airflow/dags/youtube_pipeline.py
[2026-07-25T04:55:23.119+0000] {processor.py:840} INFO - DAG(s) 'youtube_english_video_pipeline' retrieved from /opt/airflow/dags/youtube_pipeline.py
[2026-07-25T04:55:23.164+0000] {logging_mixin.py:188} INFO - [2026-07-25T04:55:23.163+0000] {dag.py:3089} INFO - Sync 1 DAGs
[2026-07-25T04:55:23.229+0000] {processor.py:183} INFO - Processing /opt/airflow/dags/youtube_pipeline.py took 0.181 seconds
[2026-07-25T04:55:53.440+0000] {processor.py:161} INFO - Started process (PID=375) to work on /opt/airflow/dags/youtube_pipeline.py
[2026-07-25T04:55:53.442+0000] {processor.py:830} INFO - Processing file /opt/airflow/dags/youtube_pipeline.py for tasks to queue
[2026-07-25T04:55:53.444+0000] {logging_mixin.py:188} INFO - [2026-07-25T04:55:53.444+0000] {dagbag.py:545} INFO - Filling up the DagBag from /opt/airflow/dags/youtube_pipeline.py
[2026-07-25T04:55:53.488+0000] {processor.py:840} INFO - DAG(s) 'youtube_english_video_pipeline' retrieved from /opt/airflow/dags/youtube_pipeline.py
[2026-07-25T04:55:53.525+0000] {logging_mixin.py:188} INFO - [2026-07-25T04:55:53.524+0000] {dag.py:3089} INFO - Sync 1 DAGs
[2026-07-25T04:55:53.570+0000] {processor.py:183} INFO - Processing /opt/airflow/dags/youtube_pipeline.py took 0.138 seconds
[2026-07-25T04:56:23.775+0000] {processor.py:161} INFO - Started process (PID=436) to work on /opt/airflow/dags/youtube_pipeline.py
[2026-07-25T04:56:23.777+0000] {processor.py:830} INFO - Processing file /opt/airflow/dags/youtube_pipeline.py for tasks to queue
[2026-07-25T04:56:23.780+0000] {logging_mixin.py:188} INFO - [2026-07-25T04:56:23.780+0000] {dagbag.py:545} INFO - Filling up the DagBag from /opt/airflow/dags/youtube_pipeline.py
[2026-07-25T04:56:23.821+0000] {processor.py:840} INFO - DAG(s) 'youtube_english_video_pipeline' retrieved from /opt/airflow/dags/youtube_pipeline.py
[2026-07-25T04:56:23.864+0000] {logging_mixin.py:188} INFO - [2026-07-25T04:56:23.863+0000] {dag.py:3089} INFO - Sync 1 DAGs
[2026-07-25T04:56:23.921+0000] {processor.py:183} INFO - Processing /opt/airflow/dags/youtube_pipeline.py took 0.154 seconds
[2026-07-25T04:56:54.114+0000] {processor.py:161} INFO - Started process (PID=441) to work on /opt/airflow/dags/youtube_pipeline.py
[2026-07-25T04:56:54.115+0000] {processor.py:830} INFO - Processing file /opt/airflow/dags/youtube_pipeline.py for tasks to queue
[2026-07-25T04:56:54.117+0000] {logging_mixin.py:188} INFO - [2026-07-25T04:56:54.117+0000] {dagbag.py:545} INFO - Filling up the DagBag from /opt/airflow/dags/youtube_pipeline.py
[2026-07-25T04:56:54.158+0000] {processor.py:840} INFO - DAG(s) 'youtube_english_video_pipeline' retrieved from /opt/airflow/dags/youtube_pipeline.py
[2026-07-25T04:56:54.190+0000] {logging_mixin.py:188} INFO - [2026-07-25T04:56:54.189+0000] {dag.py:3089} INFO - Sync 1 DAGs
[2026-07-25T04:56:54.245+0000] {processor.py:183} INFO - Processing /opt/airflow/dags/youtube_pipeline.py took 0.141 seconds
[2026-07-25T04:57:24.442+0000] {processor.py:161} INFO - Started process (PID=446) to work on /opt/airflow/dags/youtube_pipeline.py
[2026-07-25T04:57:24.444+0000] {processor.py:830} INFO - Processing file /opt/airflow/dags/youtube_pipeline.py for tasks to queue
[2026-07-25T04:57:24.447+0000] {logging_mixin.py:188} INFO - [2026-07-25T04:57:24.446+0000] {dagbag.py:545} INFO - Filling up the DagBag from /opt/airflow/dags/youtube_pipeline.py
[2026-07-25T04:57:24.482+0000] {processor.py:840} INFO - DAG(s) 'youtube_english_video_pipeline' retrieved from /opt/airflow/dags/youtube_pipeline.py
[2026-07-25T04:57:24.521+0000] {logging_mixin.py:188} INFO - [2026-07-25T04:57:24.521+0000] {dag.py:3089} INFO - Sync 1 DAGs
[2026-07-25T04:57:24.574+0000] {processor.py:183} INFO - Processing /opt/airflow/dags/youtube_pipeline.py took 0.143 seconds
[2026-07-25T04:57:43.265+0000] {processor.py:161} INFO - Started process (PID=202) to work on /opt/airflow/dags/youtube_pipeline.py
[2026-07-25T04:57:43.266+0000] {processor.py:830} INFO - Processing file /opt/airflow/dags/youtube_pipeline.py for tasks to queue
[2026-07-25T04:57:43.268+0000] {logging_mixin.py:188} INFO - [2026-07-25T04:57:43.268+0000] {dagbag.py:545} INFO - Filling up the DagBag from /opt/airflow/dags/youtube_pipeline.py
[2026-07-25T04:57:43.318+0000] {processor.py:840} INFO - DAG(s) 'youtube_english_video_pipeline' retrieved from /opt/airflow/dags/youtube_pipeline.py
[2026-07-25T04:57:43.378+0000] {logging_mixin.py:188} INFO - [2026-07-25T04:57:43.378+0000] {dag.py:3089} INFO - Sync 1 DAGs
[2026-07-25T04:57:43.427+0000] {processor.py:183} INFO - Processing /opt/airflow/dags/youtube_pipeline.py took 0.168 seconds
[2026-07-25T04:58:13.549+0000] {processor.py:161} INFO - Started process (PID=263) to work on /opt/airflow/dags/youtube_pipeline.py
[2026-07-25T04:58:13.551+0000] {processor.py:830} INFO - Processing file /opt/airflow/dags/youtube_pipeline.py for tasks to queue
[2026-07-25T04:58:13.563+0000] {logging_mixin.py:188} INFO - [2026-07-25T04:58:13.563+0000] {dagbag.py:545} INFO - Filling up the DagBag from /opt/airflow/dags/youtube_pipeline.py
[2026-07-25T04:58:13.612+0000] {processor.py:840} INFO - DAG(s) 'youtube_english_video_pipeline' retrieved from /opt/airflow/dags/youtube_pipeline.py
[2026-07-25T04:58:13.661+0000] {logging_mixin.py:188} INFO - [2026-07-25T04:58:13.661+0000] {dag.py:3089} INFO - Sync 1 DAGs
[2026-07-25T04:58:13.708+0000] {processor.py:183} INFO - Processing /opt/airflow/dags/youtube_pipeline.py took 0.166 seconds
[2026-07-25T04:58:43.993+0000] {processor.py:161} INFO - Started process (PID=268) to work on /opt/airflow/dags/youtube_pipeline.py
[2026-07-25T04:58:43.994+0000] {processor.py:830} INFO - Processing file /opt/airflow/dags/youtube_pipeline.py for tasks to queue
[2026-07-25T04:58:43.997+0000] {logging_mixin.py:188} INFO - [2026-07-25T04:58:43.996+0000] {dagbag.py:545} INFO - Filling up the DagBag from /opt/airflow/dags/youtube_pipeline.py
[2026-07-25T04:58:44.039+0000] {processor.py:840} INFO - DAG(s) 'youtube_english_video_pipeline' retrieved from /opt/airflow/dags/youtube_pipeline.py
[2026-07-25T04:58:44.073+0000] {logging_mixin.py:188} INFO - [2026-07-25T04:58:44.072+0000] {dag.py:3089} INFO - Sync 1 DAGs
[2026-07-25T04:58:44.126+0000] {processor.py:183} INFO - Processing /opt/airflow/dags/youtube_pipeline.py took 0.140 seconds
[2026-07-25T04:59:14.278+0000] {processor.py:161} INFO - Started process (PID=273) to work on /opt/airflow/dags/youtube_pipeline.py
[2026-07-25T04:59:14.280+0000] {processor.py:830} INFO - Processing file /opt/airflow/dags/youtube_pipeline.py for tasks to queue
[2026-07-25T04:59:14.282+0000] {logging_mixin.py:188} INFO - [2026-07-25T04:59:14.282+0000] {dagbag.py:545} INFO - Filling up the DagBag from /opt/airflow/dags/youtube_pipeline.py
[2026-07-25T04:59:14.325+0000] {processor.py:840} INFO - DAG(s) 'youtube_english_video_pipeline' retrieved from /opt/airflow/dags/youtube_pipeline.py
[2026-07-25T04:59:14.365+0000] {logging_mixin.py:188} INFO - [2026-07-25T04:59:14.364+0000] {dag.py:3089} INFO - Sync 1 DAGs
[2026-07-25T04:59:14.406+0000] {processor.py:183} INFO - Processing /opt/airflow/dags/youtube_pipeline.py took 0.135 seconds
[2026-07-25T04:59:44.710+0000] {processor.py:161} INFO - Started process (PID=278) to work on /opt/airflow/dags/youtube_pipeline.py
[2026-07-25T04:59:44.713+0000] {processor.py:830} INFO - Processing file /opt/airflow/dags/youtube_pipeline.py for tasks to queue
[2026-07-25T04:59:44.719+0000] {logging_mixin.py:188} INFO - [2026-07-25T04:59:44.717+0000] {dagbag.py:545} INFO - Filling up the DagBag from /opt/airflow/dags/youtube_pipeline.py
[2026-07-25T04:59:44.811+0000] {processor.py:840} INFO - DAG(s) 'youtube_english_video_pipeline' retrieved from /opt/airflow/dags/youtube_pipeline.py
[2026-07-25T04:59:44.853+0000] {logging_mixin.py:188} INFO - [2026-07-25T04:59:44.853+0000] {dag.py:3089} INFO - Sync 1 DAGs
[2026-07-25T04:59:45.068+0000] {processor.py:183} INFO - Processing /opt/airflow/dags/youtube_pipeline.py took 0.375 seconds
[2026-07-25T05:00:15.393+0000] {processor.py:161} INFO - Started process (PID=283) to work on /opt/airflow/dags/youtube_pipeline.py
[2026-07-25T05:00:15.395+0000] {processor.py:830} INFO - Processing file /opt/airflow/dags/youtube_pipeline.py for tasks to queue
[2026-07-25T05:00:15.398+0000] {logging_mixin.py:188} INFO - [2026-07-25T05:00:15.398+0000] {dagbag.py:545} INFO - Filling up the DagBag from /opt/airflow/dags/youtube_pipeline.py
[2026-07-25T05:00:15.462+0000] {processor.py:840} INFO - DAG(s) 'youtube_english_video_pipeline' retrieved from /opt/airflow/dags/youtube_pipeline.py
[2026-07-25T05:00:15.498+0000] {logging_mixin.py:188} INFO - [2026-07-25T05:00:15.498+0000] {dag.py:3089} INFO - Sync 1 DAGs
[2026-07-25T05:00:15.733+0000] {processor.py:183} INFO - Processing /opt/airflow/dags/youtube_pipeline.py took 0.350 seconds
[2026-07-25T05:00:46.109+0000] {processor.py:161} INFO - Started process (PID=288) to work on /opt/airflow/dags/youtube_pipeline.py
[2026-07-25T05:00:46.110+0000] {processor.py:830} INFO - Processing file /opt/airflow/dags/youtube_pipeline.py for tasks to queue
[2026-07-25T05:00:46.113+0000] {logging_mixin.py:188} INFO - [2026-07-25T05:00:46.112+0000] {dagbag.py:545} INFO - Filling up the DagBag from /opt/airflow/dags/youtube_pipeline.py
[2026-07-25T05:00:46.142+0000] {processor.py:840} INFO - DAG(s) 'youtube_english_video_pipeline' retrieved from /opt/airflow/dags/youtube_pipeline.py
[2026-07-25T05:00:46.403+0000] {logging_mixin.py:188} INFO - [2026-07-25T05:00:46.403+0000] {dag.py:3089} INFO - Sync 1 DAGs
[2026-07-25T05:00:46.439+0000] {processor.py:183} INFO - Processing /opt/airflow/dags/youtube_pipeline.py took 0.338 seconds
[2026-07-25T05:01:16.760+0000] {processor.py:161} INFO - Started process (PID=293) to work on /opt/airflow/dags/youtube_pipeline.py
[2026-07-25T05:01:16.762+0000] {processor.py:830} INFO - Processing file /opt/airflow/dags/youtube_pipeline.py for tasks to queue
[2026-07-25T05:01:16.765+0000] {logging_mixin.py:188} INFO - [2026-07-25T05:01:16.764+0000] {dagbag.py:545} INFO - Filling up the DagBag from /opt/airflow/dags/youtube_pipeline.py
[2026-07-25T05:01:16.834+0000] {processor.py:840} INFO - DAG(s) 'youtube_english_video_pipeline' retrieved from /opt/airflow/dags/youtube_pipeline.py
[2026-07-25T05:01:17.046+0000] {logging_mixin.py:188} INFO - [2026-07-25T05:01:17.046+0000] {dag.py:3089} INFO - Sync 1 DAGs
[2026-07-25T05:01:17.086+0000] {processor.py:183} INFO - Processing /opt/airflow/dags/youtube_pipeline.py took 0.336 seconds
[2026-07-25T05:01:47.544+0000] {processor.py:161} INFO - Started process (PID=298) to work on /opt/airflow/dags/youtube_pipeline.py
[2026-07-25T05:01:47.546+0000] {processor.py:830} INFO - Processing file /opt/airflow/dags/youtube_pipeline.py for tasks to queue
[2026-07-25T05:01:47.550+0000] {logging_mixin.py:188} INFO - [2026-07-25T05:01:47.549+0000] {dagbag.py:545} INFO - Filling up the DagBag from /opt/airflow/dags/youtube_pipeline.py
[2026-07-25T05:01:47.595+0000] {processor.py:840} INFO - DAG(s) 'youtube_english_video_pipeline' retrieved from /opt/airflow/dags/youtube_pipeline.py
[2026-07-25T05:01:47.636+0000] {logging_mixin.py:188} INFO - [2026-07-25T05:01:47.635+0000] {dag.py:3089} INFO - Sync 1 DAGs
[2026-07-25T05:01:47.685+0000] {processor.py:183} INFO - Processing /opt/airflow/dags/youtube_pipeline.py took 0.153 seconds
[2026-07-25T05:02:17.850+0000] {processor.py:161} INFO - Started process (PID=303) to work on /opt/airflow/dags/youtube_pipeline.py
[2026-07-25T05:02:17.852+0000] {processor.py:830} INFO - Processing file /opt/airflow/dags/youtube_pipeline.py for tasks to queue
[2026-07-25T05:02:17.855+0000] {logging_mixin.py:188} INFO - [2026-07-25T05:02:17.855+0000] {dagbag.py:545} INFO - Filling up the DagBag from /opt/airflow/dags/youtube_pipeline.py
[2026-07-25T05:02:17.902+0000] {processor.py:840} INFO - DAG(s) 'youtube_english_video_pipeline' retrieved from /opt/airflow/dags/youtube_pipeline.py
[2026-07-25T05:02:17.939+0000] {logging_mixin.py:188} INFO - [2026-07-25T05:02:17.939+0000] {dag.py:3089} INFO - Sync 1 DAGs
[2026-07-25T05:02:17.986+0000] {processor.py:183} INFO - Processing /opt/airflow/dags/youtube_pipeline.py took 0.144 seconds
[2026-07-25T05:02:48.275+0000] {processor.py:161} INFO - Started process (PID=308) to work on /opt/airflow/dags/youtube_pipeline.py
[2026-07-25T05:02:48.277+0000] {processor.py:830} INFO - Processing file /opt/airflow/dags/youtube_pipeline.py for tasks to queue
[2026-07-25T05:02:48.279+0000] {logging_mixin.py:188} INFO - [2026-07-25T05:02:48.279+0000] {dagbag.py:545} INFO - Filling up the DagBag from /opt/airflow/dags/youtube_pipeline.py
[2026-07-25T05:02:48.316+0000] {processor.py:840} INFO - DAG(s) 'youtube_english_video_pipeline' retrieved from /opt/airflow/dags/youtube_pipeline.py
[2026-07-25T05:02:48.347+0000] {logging_mixin.py:188} INFO - [2026-07-25T05:02:48.347+0000] {dag.py:3089} INFO - Sync 1 DAGs
[2026-07-25T05:02:48.387+0000] {processor.py:183} INFO - Processing /opt/airflow/dags/youtube_pipeline.py took 0.119 seconds
[2026-07-25T05:03:18.604+0000] {processor.py:161} INFO - Started process (PID=365) to work on /opt/airflow/dags/youtube_pipeline.py
[2026-07-25T05:03:18.606+0000] {processor.py:830} INFO - Processing file /opt/airflow/dags/youtube_pipeline.py for tasks to queue
[2026-07-25T05:03:18.608+0000] {logging_mixin.py:188} INFO - [2026-07-25T05:03:18.608+0000] {dagbag.py:545} INFO - Filling up the DagBag from /opt/airflow/dags/youtube_pipeline.py
[2026-07-25T05:03:18.653+0000] {processor.py:840} INFO - DAG(s) 'youtube_english_video_pipeline' retrieved from /opt/airflow/dags/youtube_pipeline.py
[2026-07-25T05:03:18.694+0000] {logging_mixin.py:188} INFO - [2026-07-25T05:03:18.694+0000] {dag.py:3089} INFO - Sync 1 DAGs
[2026-07-25T05:03:18.753+0000] {processor.py:183} INFO - Processing /opt/airflow/dags/youtube_pipeline.py took 0.159 seconds
[2026-07-25T05:03:48.925+0000] {processor.py:161} INFO - Started process (PID=370) to work on /opt/airflow/dags/youtube_pipeline.py
[2026-07-25T05:03:48.927+0000] {processor.py:830} INFO - Processing file /opt/airflow/dags/youtube_pipeline.py for tasks to queue
[2026-07-25T05:03:48.929+0000] {logging_mixin.py:188} INFO - [2026-07-25T05:03:48.929+0000] {dagbag.py:545} INFO - Filling up the DagBag from /opt/airflow/dags/youtube_pipeline.py
[2026-07-25T05:03:48.972+0000] {processor.py:840} INFO - DAG(s) 'youtube_english_video_pipeline' retrieved from /opt/airflow/dags/youtube_pipeline.py
[2026-07-25T05:03:49.017+0000] {logging_mixin.py:188} INFO - [2026-07-25T05:03:49.016+0000] {dag.py:3089} INFO - Sync 1 DAGs
[2026-07-25T05:03:49.072+0000] {processor.py:183} INFO - Processing /opt/airflow/dags/youtube_pipeline.py took 0.155 seconds
[2026-07-25T05:04:19.309+0000] {processor.py:161} INFO - Started process (PID=375) to work on /opt/airflow/dags/youtube_pipeline.py
[2026-07-25T05:04:19.311+0000] {processor.py:830} INFO - Processing file /opt/airflow/dags/youtube_pipeline.py for tasks to queue
[2026-07-25T05:04:19.313+0000] {logging_mixin.py:188} INFO - [2026-07-25T05:04:19.313+0000] {dagbag.py:545} INFO - Filling up the DagBag from /opt/airflow/dags/youtube_pipeline.py
[2026-07-25T05:04:19.362+0000] {processor.py:840} INFO - DAG(s) 'youtube_english_video_pipeline' retrieved from /opt/airflow/dags/youtube_pipeline.py
[2026-07-25T05:04:19.396+0000] {logging_mixin.py:188} INFO - [2026-07-25T05:04:19.396+0000] {dag.py:3089} INFO - Sync 1 DAGs
[2026-07-25T05:04:19.446+0000] {processor.py:183} INFO - Processing /opt/airflow/dags/youtube_pipeline.py took 0.145 seconds
[2026-07-25T05:04:49.625+0000] {processor.py:161} INFO - Started process (PID=380) to work on /opt/airflow/dags/youtube_pipeline.py
[2026-07-25T05:04:49.627+0000] {processor.py:830} INFO - Processing file /opt/airflow/dags/youtube_pipeline.py for tasks to queue
[2026-07-25T05:04:49.629+0000] {logging_mixin.py:188} INFO - [2026-07-25T05:04:49.629+0000] {dagbag.py:545} INFO - Filling up the DagBag from /opt/airflow/dags/youtube_pipeline.py
[2026-07-25T05:04:49.674+0000] {processor.py:840} INFO - DAG(s) 'youtube_english_video_pipeline' retrieved from /opt/airflow/dags/youtube_pipeline.py
[2026-07-25T05:04:49.711+0000] {logging_mixin.py:188} INFO - [2026-07-25T05:04:49.711+0000] {dag.py:3089} INFO - Sync 1 DAGs
[2026-07-25T05:04:49.759+0000] {processor.py:183} INFO - Processing /opt/airflow/dags/youtube_pipeline.py took 0.143 seconds
[2026-07-25T05:05:20.031+0000] {processor.py:161} INFO - Started process (PID=385) to work on /opt/airflow/dags/youtube_pipeline.py
[2026-07-25T05:05:20.034+0000] {processor.py:830} INFO - Processing file /opt/airflow/dags/youtube_pipeline.py for tasks to queue
[2026-07-25T05:05:20.038+0000] {logging_mixin.py:188} INFO - [2026-07-25T05:05:20.038+0000] {dagbag.py:545} INFO - Filling up the DagBag from /opt/airflow/dags/youtube_pipeline.py
[2026-07-25T05:05:20.145+0000] {processor.py:840} INFO - DAG(s) 'youtube_english_video_pipeline' retrieved from /opt/airflow/dags/youtube_pipeline.py
[2026-07-25T05:05:20.208+0000] {logging_mixin.py:188} INFO - [2026-07-25T05:05:20.207+0000] {dag.py:3089} INFO - Sync 1 DAGs
[2026-07-25T05:05:20.257+0000] {processor.py:183} INFO - Processing /opt/airflow/dags/youtube_pipeline.py took 0.237 seconds
[2026-07-25T05:05:50.354+0000] {processor.py:161} INFO - Started process (PID=390) to work on /opt/airflow/dags/youtube_pipeline.py
[2026-07-25T05:05:50.356+0000] {processor.py:830} INFO - Processing file /opt/airflow/dags/youtube_pipeline.py for tasks to queue
[2026-07-25T05:05:50.358+0000] {logging_mixin.py:188} INFO - [2026-07-25T05:05:50.358+0000] {dagbag.py:545} INFO - Filling up the DagBag from /opt/airflow/dags/youtube_pipeline.py
[2026-07-25T05:05:50.409+0000] {processor.py:840} INFO - DAG(s) 'youtube_english_video_pipeline' retrieved from /opt/airflow/dags/youtube_pipeline.py
[2026-07-25T05:05:50.443+0000] {logging_mixin.py:188} INFO - [2026-07-25T05:05:50.443+0000] {dag.py:3089} INFO - Sync 1 DAGs
[2026-07-25T05:05:50.495+0000] {processor.py:183} INFO - Processing /opt/airflow/dags/youtube_pipeline.py took 0.148 seconds
[2026-07-25T05:06:20.799+0000] {processor.py:161} INFO - Started process (PID=395) to work on /opt/airflow/dags/youtube_pipeline.py
[2026-07-25T05:06:20.801+0000] {processor.py:830} INFO - Processing file /opt/airflow/dags/youtube_pipeline.py for tasks to queue
[2026-07-25T05:06:20.804+0000] {logging_mixin.py:188} INFO - [2026-07-25T05:06:20.803+0000] {dagbag.py:545} INFO - Filling up the DagBag from /opt/airflow/dags/youtube_pipeline.py
[2026-07-25T05:06:20.853+0000] {processor.py:840} INFO - DAG(s) 'youtube_english_video_pipeline' retrieved from /opt/airflow/dags/youtube_pipeline.py
[2026-07-25T05:06:20.889+0000] {logging_mixin.py:188} INFO - [2026-07-25T05:06:20.889+0000] {dag.py:3089} INFO - Sync 1 DAGs
[2026-07-25T05:06:20.949+0000] {processor.py:183} INFO - Processing /opt/airflow/dags/youtube_pipeline.py took 0.159 seconds
[2026-07-25T05:06:48.347+0000] {processor.py:161} INFO - Started process (PID=202) to work on /opt/airflow/dags/youtube_pipeline.py
[2026-07-25T05:06:48.349+0000] {processor.py:830} INFO - Processing file /opt/airflow/dags/youtube_pipeline.py for tasks to queue
[2026-07-25T05:06:48.351+0000] {logging_mixin.py:188} INFO - [2026-07-25T05:06:48.350+0000] {dagbag.py:545} INFO - Filling up the DagBag from /opt/airflow/dags/youtube_pipeline.py
[2026-07-25T05:06:48.403+0000] {processor.py:840} INFO - DAG(s) 'youtube_english_video_pipeline' retrieved from /opt/airflow/dags/youtube_pipeline.py
[2026-07-25T05:06:48.474+0000] {logging_mixin.py:188} INFO - [2026-07-25T05:06:48.474+0000] {dag.py:3089} INFO - Sync 1 DAGs
[2026-07-25T05:06:48.556+0000] {processor.py:183} INFO - Processing /opt/airflow/dags/youtube_pipeline.py took 0.217 seconds
[2026-07-25T05:07:18.817+0000] {processor.py:161} INFO - Started process (PID=219) to work on /opt/airflow/dags/youtube_pipeline.py
[2026-07-25T05:07:18.819+0000] {processor.py:830} INFO - Processing file /opt/airflow/dags/youtube_pipeline.py for tasks to queue
[2026-07-25T05:07:18.821+0000] {logging_mixin.py:188} INFO - [2026-07-25T05:07:18.821+0000] {dagbag.py:545} INFO - Filling up the DagBag from /opt/airflow/dags/youtube_pipeline.py
[2026-07-25T05:07:18.854+0000] {processor.py:840} INFO - DAG(s) 'youtube_english_video_pipeline' retrieved from /opt/airflow/dags/youtube_pipeline.py
[2026-07-25T05:07:18.894+0000] {logging_mixin.py:188} INFO - [2026-07-25T05:07:18.894+0000] {dag.py:3089} INFO - Sync 1 DAGs
[2026-07-25T05:07:18.936+0000] {processor.py:183} INFO - Processing /opt/airflow/dags/youtube_pipeline.py took 0.128 seconds
[2026-07-25T05:07:49.119+0000] {processor.py:161} INFO - Started process (PID=1232) to work on /opt/airflow/dags/youtube_pipeline.py
[2026-07-25T05:07:49.121+0000] {processor.py:830} INFO - Processing file /opt/airflow/dags/youtube_pipeline.py for tasks to queue
[2026-07-25T05:07:49.123+0000] {logging_mixin.py:188} INFO - [2026-07-25T05:07:49.123+0000] {dagbag.py:545} INFO - Filling up the DagBag from /opt/airflow/dags/youtube_pipeline.py
[2026-07-25T05:07:49.166+0000] {processor.py:840} INFO - DAG(s) 'youtube_english_video_pipeline' retrieved from /opt/airflow/dags/youtube_pipeline.py
[2026-07-25T05:07:49.206+0000] {logging_mixin.py:188} INFO - [2026-07-25T05:07:49.205+0000] {dag.py:3089} INFO - Sync 1 DAGs
[2026-07-25T05:07:49.278+0000] {processor.py:183} INFO - Processing /opt/airflow/dags/youtube_pipeline.py took 0.166 seconds
[2026-07-25T05:08:19.474+0000] {processor.py:161} INFO - Started process (PID=2139) to work on /opt/airflow/dags/youtube_pipeline.py
[2026-07-25T05:08:19.478+0000] {processor.py:830} INFO - Processing file /opt/airflow/dags/youtube_pipeline.py for tasks to queue
[2026-07-25T05:08:19.484+0000] {logging_mixin.py:188} INFO - [2026-07-25T05:08:19.483+0000] {dagbag.py:545} INFO - Filling up the DagBag from /opt/airflow/dags/youtube_pipeline.py
[2026-07-25T05:08:19.551+0000] {processor.py:840} INFO - DAG(s) 'youtube_english_video_pipeline' retrieved from /opt/airflow/dags/youtube_pipeline.py
[2026-07-25T05:08:19.598+0000] {logging_mixin.py:188} INFO - [2026-07-25T05:08:19.598+0000] {dag.py:3089} INFO - Sync 1 DAGs
[2026-07-25T05:08:19.640+0000] {processor.py:183} INFO - Processing /opt/airflow/dags/youtube_pipeline.py took 0.182 seconds
[2026-07-25T05:08:49.866+0000] {processor.py:161} INFO - Started process (PID=3050) to work on /opt/airflow/dags/youtube_pipeline.py
[2026-07-25T05:08:49.868+0000] {processor.py:830} INFO - Processing file /opt/airflow/dags/youtube_pipeline.py for tasks to queue
[2026-07-25T05:08:49.871+0000] {logging_mixin.py:188} INFO - [2026-07-25T05:08:49.870+0000] {dagbag.py:545} INFO - Filling up the DagBag from /opt/airflow/dags/youtube_pipeline.py
[2026-07-25T05:08:49.924+0000] {processor.py:840} INFO - DAG(s) 'youtube_english_video_pipeline' retrieved from /opt/airflow/dags/youtube_pipeline.py
[2026-07-25T05:08:49.960+0000] {logging_mixin.py:188} INFO - [2026-07-25T05:08:49.960+0000] {dag.py:3089} INFO - Sync 1 DAGs
[2026-07-25T05:08:50.201+0000] {processor.py:183} INFO - Processing /opt/airflow/dags/youtube_pipeline.py took 0.346 seconds
[2026-07-25T05:09:20.568+0000] {processor.py:161} INFO - Started process (PID=3155) to work on /opt/airflow/dags/youtube_pipeline.py
[2026-07-25T05:09:20.569+0000] {processor.py:830} INFO - Processing file /opt/airflow/dags/youtube_pipeline.py for tasks to queue
[2026-07-25T05:09:20.572+0000] {logging_mixin.py:188} INFO - [2026-07-25T05:09:20.572+0000] {dagbag.py:545} INFO - Filling up the DagBag from /opt/airflow/dags/youtube_pipeline.py
[2026-07-25T05:09:20.607+0000] {processor.py:840} INFO - DAG(s) 'youtube_english_video_pipeline' retrieved from /opt/airflow/dags/youtube_pipeline.py
[2026-07-25T05:09:20.649+0000] {logging_mixin.py:188} INFO - [2026-07-25T05:09:20.648+0000] {dag.py:3089} INFO - Sync 1 DAGs
[2026-07-25T05:09:20.854+0000] {processor.py:183} INFO - Processing /opt/airflow/dags/youtube_pipeline.py took 0.296 seconds
[2026-07-25T05:09:51.214+0000] {processor.py:161} INFO - Started process (PID=3163) to work on /opt/airflow/dags/youtube_pipeline.py
[2026-07-25T05:09:51.221+0000] {processor.py:830} INFO - Processing file /opt/airflow/dags/youtube_pipeline.py for tasks to queue
[2026-07-25T05:09:51.229+0000] {logging_mixin.py:188} INFO - [2026-07-25T05:09:51.229+0000] {dagbag.py:545} INFO - Filling up the DagBag from /opt/airflow/dags/youtube_pipeline.py
[2026-07-25T05:09:51.370+0000] {processor.py:840} INFO - DAG(s) 'youtube_english_video_pipeline' retrieved from /opt/airflow/dags/youtube_pipeline.py
[2026-07-25T05:09:51.643+0000] {logging_mixin.py:188} INFO - [2026-07-25T05:09:51.642+0000] {dag.py:3089} INFO - Sync 1 DAGs
[2026-07-25T05:09:51.664+0000] {logging_mixin.py:188} INFO - [2026-07-25T05:09:51.664+0000] {dag.py:3947} INFO - Setting next_dagrun for youtube_english_video_pipeline to 2026-07-23 12:00:00+00:00, run_after=2026-07-24 12:00:00+00:00
[2026-07-25T05:09:51.689+0000] {processor.py:183} INFO - Processing /opt/airflow/dags/youtube_pipeline.py took 0.483 seconds
[2026-07-25T05:10:22.003+0000] {processor.py:161} INFO - Started process (PID=4057) to work on /opt/airflow/dags/youtube_pipeline.py
[2026-07-25T05:10:22.005+0000] {processor.py:830} INFO - Processing file /opt/airflow/dags/youtube_pipeline.py for tasks to queue
[2026-07-25T05:10:22.008+0000] {logging_mixin.py:188} INFO - [2026-07-25T05:10:22.008+0000] {dagbag.py:545} INFO - Filling up the DagBag from /opt/airflow/dags/youtube_pipeline.py
[2026-07-25T05:10:22.049+0000] {processor.py:840} INFO - DAG(s) 'youtube_english_video_pipeline' retrieved from /opt/airflow/dags/youtube_pipeline.py
[2026-07-25T05:10:22.240+0000] {logging_mixin.py:188} INFO - [2026-07-25T05:10:22.239+0000] {dag.py:3089} INFO - Sync 1 DAGs
[2026-07-25T05:10:22.290+0000] {processor.py:183} INFO - Processing /opt/airflow/dags/youtube_pipeline.py took 0.298 seconds
[2026-07-25T05:10:52.805+0000] {processor.py:161} INFO - Started process (PID=4944) to work on /opt/airflow/dags/youtube_pipeline.py
[2026-07-25T05:10:52.807+0000] {processor.py:830} INFO - Processing file /opt/airflow/dags/youtube_pipeline.py for tasks to queue
[2026-07-25T05:10:52.810+0000] {logging_mixin.py:188} INFO - [2026-07-25T05:10:52.810+0000] {dagbag.py:545} INFO - Filling up the DagBag from /opt/airflow/dags/youtube_pipeline.py
[2026-07-25T05:10:52.859+0000] {processor.py:840} INFO - DAG(s) 'youtube_english_video_pipeline' retrieved from /opt/airflow/dags/youtube_pipeline.py
[2026-07-25T05:10:52.903+0000] {logging_mixin.py:188} INFO - [2026-07-25T05:10:52.903+0000] {dag.py:3089} INFO - Sync 1 DAGs
[2026-07-25T05:10:52.960+0000] {processor.py:183} INFO - Processing /opt/airflow/dags/youtube_pipeline.py took 0.164 seconds
[2026-07-25T05:11:23.058+0000] {processor.py:161} INFO - Started process (PID=5554) to work on /opt/airflow/dags/youtube_pipeline.py
[2026-07-25T05:11:23.061+0000] {processor.py:830} INFO - Processing file /opt/airflow/dags/youtube_pipeline.py for tasks to queue
[2026-07-25T05:11:23.064+0000] {logging_mixin.py:188} INFO - [2026-07-25T05:11:23.064+0000] {dagbag.py:545} INFO - Filling up the DagBag from /opt/airflow/dags/youtube_pipeline.py
[2026-07-25T05:11:23.118+0000] {processor.py:840} INFO - DAG(s) 'youtube_english_video_pipeline' retrieved from /opt/airflow/dags/youtube_pipeline.py
[2026-07-25T05:11:23.158+0000] {logging_mixin.py:188} INFO - [2026-07-25T05:11:23.158+0000] {dag.py:3089} INFO - Sync 1 DAGs
[2026-07-25T05:11:23.218+0000] {processor.py:183} INFO - Processing /opt/airflow/dags/youtube_pipeline.py took 0.168 seconds
[2026-07-25T05:11:53.612+0000] {processor.py:161} INFO - Started process (PID=5560) to work on /opt/airflow/dags/youtube_pipeline.py
[2026-07-25T05:11:53.614+0000] {processor.py:830} INFO - Processing file /opt/airflow/dags/youtube_pipeline.py for tasks to queue
[2026-07-25T05:11:53.617+0000] {logging_mixin.py:188} INFO - [2026-07-25T05:11:53.616+0000] {dagbag.py:545} INFO - Filling up the DagBag from /opt/airflow/dags/youtube_pipeline.py
[2026-07-25T05:11:53.657+0000] {processor.py:840} INFO - DAG(s) 'youtube_english_video_pipeline' retrieved from /opt/airflow/dags/youtube_pipeline.py
[2026-07-25T05:11:53.695+0000] {logging_mixin.py:188} INFO - [2026-07-25T05:11:53.694+0000] {dag.py:3089} INFO - Sync 1 DAGs
[2026-07-25T05:11:53.750+0000] {processor.py:183} INFO - Processing /opt/airflow/dags/youtube_pipeline.py took 0.147 seconds
[2026-07-25T05:12:23.912+0000] {processor.py:161} INFO - Started process (PID=5565) to work on /opt/airflow/dags/youtube_pipeline.py
[2026-07-25T05:12:23.915+0000] {processor.py:830} INFO - Processing file /opt/airflow/dags/youtube_pipeline.py for tasks to queue
[2026-07-25T05:12:23.920+0000] {logging_mixin.py:188} INFO - [2026-07-25T05:12:23.920+0000] {dagbag.py:545} INFO - Filling up the DagBag from /opt/airflow/dags/youtube_pipeline.py
[2026-07-25T05:12:23.969+0000] {processor.py:840} INFO - DAG(s) 'youtube_english_video_pipeline' retrieved from /opt/airflow/dags/youtube_pipeline.py
[2026-07-25T05:12:24.015+0000] {logging_mixin.py:188} INFO - [2026-07-25T05:12:24.015+0000] {dag.py:3089} INFO - Sync 1 DAGs
[2026-07-25T05:12:24.077+0000] {processor.py:183} INFO - Processing /opt/airflow/dags/youtube_pipeline.py took 0.176 seconds
[2026-07-25T05:12:54.279+0000] {processor.py:161} INFO - Started process (PID=5570) to work on /opt/airflow/dags/youtube_pipeline.py
[2026-07-25T05:12:54.281+0000] {processor.py:830} INFO - Processing file /opt/airflow/dags/youtube_pipeline.py for tasks to queue
[2026-07-25T05:12:54.284+0000] {logging_mixin.py:188} INFO - [2026-07-25T05:12:54.283+0000] {dagbag.py:545} INFO - Filling up the DagBag from /opt/airflow/dags/youtube_pipeline.py
[2026-07-25T05:12:54.312+0000] {processor.py:840} INFO - DAG(s) 'youtube_english_video_pipeline' retrieved from /opt/airflow/dags/youtube_pipeline.py
[2026-07-25T05:12:54.346+0000] {logging_mixin.py:188} INFO - [2026-07-25T05:12:54.345+0000] {dag.py:3089} INFO - Sync 1 DAGs
[2026-07-25T05:12:54.394+0000] {processor.py:183} INFO - Processing /opt/airflow/dags/youtube_pipeline.py took 0.123 seconds
[2026-07-25T05:13:24.627+0000] {processor.py:161} INFO - Started process (PID=5575) to work on /opt/airflow/dags/youtube_pipeline.py
[2026-07-25T05:13:24.628+0000] {processor.py:830} INFO - Processing file /opt/airflow/dags/youtube_pipeline.py for tasks to queue
[2026-07-25T05:13:24.631+0000] {logging_mixin.py:188} INFO - [2026-07-25T05:13:24.631+0000] {dagbag.py:545} INFO - Filling up the DagBag from /opt/airflow/dags/youtube_pipeline.py
[2026-07-25T05:13:24.674+0000] {processor.py:840} INFO - DAG(s) 'youtube_english_video_pipeline' retrieved from /opt/airflow/dags/youtube_pipeline.py
[2026-07-25T05:13:24.727+0000] {logging_mixin.py:188} INFO - [2026-07-25T05:13:24.727+0000] {dag.py:3089} INFO - Sync 1 DAGs
[2026-07-25T05:13:24.795+0000] {processor.py:183} INFO - Processing /opt/airflow/dags/youtube_pipeline.py took 0.177 seconds
[2026-07-25T05:13:54.963+0000] {processor.py:161} INFO - Started process (PID=5580) to work on /opt/airflow/dags/youtube_pipeline.py
[2026-07-25T05:13:54.965+0000] {processor.py:830} INFO - Processing file /opt/airflow/dags/youtube_pipeline.py for tasks to queue
[2026-07-25T05:13:54.970+0000] {logging_mixin.py:188} INFO - [2026-07-25T05:13:54.969+0000] {dagbag.py:545} INFO - Filling up the DagBag from /opt/airflow/dags/youtube_pipeline.py
[2026-07-25T05:13:55.022+0000] {processor.py:840} INFO - DAG(s) 'youtube_english_video_pipeline' retrieved from /opt/airflow/dags/youtube_pipeline.py
[2026-07-25T05:13:55.070+0000] {logging_mixin.py:188} INFO - [2026-07-25T05:13:55.070+0000] {dag.py:3089} INFO - Sync 1 DAGs
[2026-07-25T05:13:55.119+0000] {processor.py:183} INFO - Processing /opt/airflow/dags/youtube_pipeline.py took 0.168 seconds
[2026-07-25T05:14:25.356+0000] {processor.py:161} INFO - Started process (PID=5585) to work on /opt/airflow/dags/youtube_pipeline.py
[2026-07-25T05:14:25.358+0000] {processor.py:830} INFO - Processing file /opt/airflow/dags/youtube_pipeline.py for tasks to queue
[2026-07-25T05:14:25.361+0000] {logging_mixin.py:188} INFO - [2026-07-25T05:14:25.360+0000] {dagbag.py:545} INFO - Filling up the DagBag from /opt/airflow/dags/youtube_pipeline.py
[2026-07-25T05:14:25.408+0000] {processor.py:840} INFO - DAG(s) 'youtube_english_video_pipeline' retrieved from /opt/airflow/dags/youtube_pipeline.py
[2026-07-25T05:14:25.449+0000] {logging_mixin.py:188} INFO - [2026-07-25T05:14:25.449+0000] {dag.py:3089} INFO - Sync 1 DAGs
[2026-07-25T05:14:25.511+0000] {processor.py:183} INFO - Processing /opt/airflow/dags/youtube_pipeline.py took 0.165 seconds
[2026-07-25T05:14:55.710+0000] {processor.py:161} INFO - Started process (PID=5590) to work on /opt/airflow/dags/youtube_pipeline.py
[2026-07-25T05:14:55.713+0000] {processor.py:830} INFO - Processing file /opt/airflow/dags/youtube_pipeline.py for tasks to queue
[2026-07-25T05:14:55.716+0000] {logging_mixin.py:188} INFO - [2026-07-25T05:14:55.716+0000] {dagbag.py:545} INFO - Filling up the DagBag from /opt/airflow/dags/youtube_pipeline.py
[2026-07-25T05:14:55.769+0000] {processor.py:840} INFO - DAG(s) 'youtube_english_video_pipeline' retrieved from /opt/airflow/dags/youtube_pipeline.py
[2026-07-25T05:14:55.819+0000] {logging_mixin.py:188} INFO - [2026-07-25T05:14:55.819+0000] {dag.py:3089} INFO - Sync 1 DAGs
[2026-07-25T05:14:55.874+0000] {processor.py:183} INFO - Processing /opt/airflow/dags/youtube_pipeline.py took 0.172 seconds
[2026-07-25T05:15:26.057+0000] {processor.py:161} INFO - Started process (PID=5595) to work on /opt/airflow/dags/youtube_pipeline.py
[2026-07-25T05:15:26.058+0000] {processor.py:830} INFO - Processing file /opt/airflow/dags/youtube_pipeline.py for tasks to queue
[2026-07-25T05:15:26.061+0000] {logging_mixin.py:188} INFO - [2026-07-25T05:15:26.061+0000] {dagbag.py:545} INFO - Filling up the DagBag from /opt/airflow/dags/youtube_pipeline.py
[2026-07-25T05:15:26.099+0000] {processor.py:840} INFO - DAG(s) 'youtube_english_video_pipeline' retrieved from /opt/airflow/dags/youtube_pipeline.py
[2026-07-25T05:15:26.136+0000] {logging_mixin.py:188} INFO - [2026-07-25T05:15:26.136+0000] {dag.py:3089} INFO - Sync 1 DAGs
[2026-07-25T05:15:26.194+0000] {processor.py:183} INFO - Processing /opt/airflow/dags/youtube_pipeline.py took 0.146 seconds
[2026-07-25T05:15:56.431+0000] {processor.py:161} INFO - Started process (PID=5610) to work on /opt/airflow/dags/youtube_pipeline.py
[2026-07-25T05:15:56.433+0000] {processor.py:830} INFO - Processing file /opt/airflow/dags/youtube_pipeline.py for tasks to queue
[2026-07-25T05:15:56.436+0000] {logging_mixin.py:188} INFO - [2026-07-25T05:15:56.435+0000] {dagbag.py:545} INFO - Filling up the DagBag from /opt/airflow/dags/youtube_pipeline.py
[2026-07-25T05:15:56.483+0000] {processor.py:840} INFO - DAG(s) 'youtube_english_video_pipeline' retrieved from /opt/airflow/dags/youtube_pipeline.py
[2026-07-25T05:15:56.523+0000] {logging_mixin.py:188} INFO - [2026-07-25T05:15:56.523+0000] {dag.py:3089} INFO - Sync 1 DAGs
[2026-07-25T05:15:56.576+0000] {processor.py:183} INFO - Processing /opt/airflow/dags/youtube_pipeline.py took 0.155 seconds
[2026-07-25T05:16:26.735+0000] {processor.py:161} INFO - Started process (PID=5615) to work on /opt/airflow/dags/youtube_pipeline.py
[2026-07-25T05:16:26.736+0000] {processor.py:830} INFO - Processing file /opt/airflow/dags/youtube_pipeline.py for tasks to queue
[2026-07-25T05:16:26.739+0000] {logging_mixin.py:188} INFO - [2026-07-25T05:16:26.738+0000] {dagbag.py:545} INFO - Filling up the DagBag from /opt/airflow/dags/youtube_pipeline.py
[2026-07-25T05:16:26.788+0000] {processor.py:840} INFO - DAG(s) 'youtube_english_video_pipeline' retrieved from /opt/airflow/dags/youtube_pipeline.py
[2026-07-25T05:16:26.829+0000] {logging_mixin.py:188} INFO - [2026-07-25T05:16:26.829+0000] {dag.py:3089} INFO - Sync 1 DAGs
[2026-07-25T05:16:26.881+0000] {processor.py:183} INFO - Processing /opt/airflow/dags/youtube_pipeline.py took 0.154 seconds
[2026-07-25T05:16:57.254+0000] {processor.py:161} INFO - Started process (PID=6528) to work on /opt/airflow/dags/youtube_pipeline.py
[2026-07-25T05:16:57.256+0000] {processor.py:830} INFO - Processing file /opt/airflow/dags/youtube_pipeline.py for tasks to queue
[2026-07-25T05:16:57.260+0000] {logging_mixin.py:188} INFO - [2026-07-25T05:16:57.259+0000] {dagbag.py:545} INFO - Filling up the DagBag from /opt/airflow/dags/youtube_pipeline.py
[2026-07-25T05:16:57.306+0000] {processor.py:840} INFO - DAG(s) 'youtube_english_video_pipeline' retrieved from /opt/airflow/dags/youtube_pipeline.py
[2026-07-25T05:16:57.348+0000] {logging_mixin.py:188} INFO - [2026-07-25T05:16:57.348+0000] {dag.py:3089} INFO - Sync 1 DAGs
[2026-07-25T05:16:57.410+0000] {processor.py:183} INFO - Processing /opt/airflow/dags/youtube_pipeline.py took 0.167 seconds
[2026-07-25T05:17:27.671+0000] {processor.py:161} INFO - Started process (PID=7439) to work on /opt/airflow/dags/youtube_pipeline.py
[2026-07-25T05:17:27.673+0000] {processor.py:830} INFO - Processing file /opt/airflow/dags/youtube_pipeline.py for tasks to queue
[2026-07-25T05:17:27.676+0000] {logging_mixin.py:188} INFO - [2026-07-25T05:17:27.676+0000] {dagbag.py:545} INFO - Filling up the DagBag from /opt/airflow/dags/youtube_pipeline.py
[2026-07-25T05:17:27.721+0000] {processor.py:840} INFO - DAG(s) 'youtube_english_video_pipeline' retrieved from /opt/airflow/dags/youtube_pipeline.py
[2026-07-25T05:17:27.764+0000] {logging_mixin.py:188} INFO - [2026-07-25T05:17:27.763+0000] {dag.py:3089} INFO - Sync 1 DAGs
[2026-07-25T05:17:27.812+0000] {processor.py:183} INFO - Processing /opt/airflow/dags/youtube_pipeline.py took 0.150 seconds
[2026-07-25T05:17:57.922+0000] {processor.py:161} INFO - Started process (PID=8278) to work on /opt/airflow/dags/youtube_pipeline.py
[2026-07-25T05:17:57.923+0000] {processor.py:830} INFO - Processing file /opt/airflow/dags/youtube_pipeline.py for tasks to queue
[2026-07-25T05:17:57.926+0000] {logging_mixin.py:188} INFO - [2026-07-25T05:17:57.926+0000] {dagbag.py:545} INFO - Filling up the DagBag from /opt/airflow/dags/youtube_pipeline.py
[2026-07-25T05:17:57.984+0000] {processor.py:840} INFO - DAG(s) 'youtube_english_video_pipeline' retrieved from /opt/airflow/dags/youtube_pipeline.py
[2026-07-25T05:17:58.051+0000] {logging_mixin.py:188} INFO - [2026-07-25T05:17:58.051+0000] {dag.py:3089} INFO - Sync 1 DAGs
[2026-07-25T05:17:58.130+0000] {processor.py:183} INFO - Processing /opt/airflow/dags/youtube_pipeline.py took 0.217 seconds
[2026-07-25T05:18:28.361+0000] {processor.py:161} INFO - Started process (PID=8305) to work on /opt/airflow/dags/youtube_pipeline.py
[2026-07-25T05:18:28.363+0000] {processor.py:830} INFO - Processing file /opt/airflow/dags/youtube_pipeline.py for tasks to queue
[2026-07-25T05:18:28.365+0000] {logging_mixin.py:188} INFO - [2026-07-25T05:18:28.364+0000] {dagbag.py:545} INFO - Filling up the DagBag from /opt/airflow/dags/youtube_pipeline.py
[2026-07-25T05:18:28.412+0000] {processor.py:840} INFO - DAG(s) 'youtube_english_video_pipeline' retrieved from /opt/airflow/dags/youtube_pipeline.py
[2026-07-25T05:18:28.448+0000] {logging_mixin.py:188} INFO - [2026-07-25T05:18:28.448+0000] {dag.py:3089} INFO - Sync 1 DAGs
[2026-07-25T05:18:28.492+0000] {processor.py:183} INFO - Processing /opt/airflow/dags/youtube_pipeline.py took 0.138 seconds
[2026-07-25T05:18:58.681+0000] {processor.py:161} INFO - Started process (PID=8312) to work on /opt/airflow/dags/youtube_pipeline.py
[2026-07-25T05:18:58.682+0000] {processor.py:830} INFO - Processing file /opt/airflow/dags/youtube_pipeline.py for tasks to queue
[2026-07-25T05:18:58.684+0000] {logging_mixin.py:188} INFO - [2026-07-25T05:18:58.684+0000] {dagbag.py:545} INFO - Filling up the DagBag from /opt/airflow/dags/youtube_pipeline.py
[2026-07-25T05:18:58.724+0000] {processor.py:840} INFO - DAG(s) 'youtube_english_video_pipeline' retrieved from /opt/airflow/dags/youtube_pipeline.py
[2026-07-25T05:18:58.760+0000] {logging_mixin.py:188} INFO - [2026-07-25T05:18:58.759+0000] {dag.py:3089} INFO - Sync 1 DAGs
[2026-07-25T05:18:58.787+0000] {logging_mixin.py:188} INFO - [2026-07-25T05:18:58.787+0000] {dag.py:3947} INFO - Setting next_dagrun for youtube_english_video_pipeline to 2026-07-24 12:00:00+00:00, run_after=2026-07-25 12:00:00+00:00
[2026-07-25T05:18:58.810+0000] {processor.py:183} INFO - Processing /opt/airflow/dags/youtube_pipeline.py took 0.138 seconds
[2026-07-25T05:19:29.049+0000] {processor.py:161} INFO - Started process (PID=8317) to work on /opt/airflow/dags/youtube_pipeline.py
[2026-07-25T05:19:29.050+0000] {processor.py:830} INFO - Processing file /opt/airflow/dags/youtube_pipeline.py for tasks to queue
[2026-07-25T05:19:29.053+0000] {logging_mixin.py:188} INFO - [2026-07-25T05:19:29.052+0000] {dagbag.py:545} INFO - Filling up the DagBag from /opt/airflow/dags/youtube_pipeline.py
[2026-07-25T05:19:29.096+0000] {processor.py:840} INFO - DAG(s) 'youtube_english_video_pipeline' retrieved from /opt/airflow/dags/youtube_pipeline.py
[2026-07-25T05:19:29.132+0000] {logging_mixin.py:188} INFO - [2026-07-25T05:19:29.132+0000] {dag.py:3089} INFO - Sync 1 DAGs
[2026-07-25T05:19:29.156+0000] {logging_mixin.py:188} INFO - [2026-07-25T05:19:29.155+0000] {dag.py:3947} INFO - Setting next_dagrun for youtube_english_video_pipeline to 2026-07-24 12:00:00+00:00, run_after=2026-07-25 12:00:00+00:00
[2026-07-25T05:19:29.179+0000] {processor.py:183} INFO - Processing /opt/airflow/dags/youtube_pipeline.py took 0.137 seconds
[2026-07-25T05:19:59.457+0000] {processor.py:161} INFO - Started process (PID=8322) to work on /opt/airflow/dags/youtube_pipeline.py
[2026-07-25T05:19:59.460+0000] {processor.py:830} INFO - Processing file /opt/airflow/dags/youtube_pipeline.py for tasks to queue
[2026-07-25T05:19:59.466+0000] {logging_mixin.py:188} INFO - [2026-07-25T05:19:59.465+0000] {dagbag.py:545} INFO - Filling up the DagBag from /opt/airflow/dags/youtube_pipeline.py
[2026-07-25T05:19:59.562+0000] {processor.py:840} INFO - DAG(s) 'youtube_english_video_pipeline' retrieved from /opt/airflow/dags/youtube_pipeline.py
[2026-07-25T05:19:59.603+0000] {logging_mixin.py:188} INFO - [2026-07-25T05:19:59.602+0000] {dag.py:3089} INFO - Sync 1 DAGs
[2026-07-25T05:19:59.636+0000] {logging_mixin.py:188} INFO - [2026-07-25T05:19:59.635+0000] {dag.py:3947} INFO - Setting next_dagrun for youtube_english_video_pipeline to 2026-07-24 12:00:00+00:00, run_after=2026-07-25 12:00:00+00:00
[2026-07-25T05:19:59.683+0000] {processor.py:183} INFO - Processing /opt/airflow/dags/youtube_pipeline.py took 0.239 seconds
[2026-07-25T05:20:30.010+0000] {processor.py:161} INFO - Started process (PID=8327) to work on /opt/airflow/dags/youtube_pipeline.py
[2026-07-25T05:20:30.011+0000] {processor.py:830} INFO - Processing file /opt/airflow/dags/youtube_pipeline.py for tasks to queue
[2026-07-25T05:20:30.013+0000] {logging_mixin.py:188} INFO - [2026-07-25T05:20:30.013+0000] {dagbag.py:545} INFO - Filling up the DagBag from /opt/airflow/dags/youtube_pipeline.py
[2026-07-25T05:20:30.050+0000] {processor.py:840} INFO - DAG(s) 'youtube_english_video_pipeline' retrieved from /opt/airflow/dags/youtube_pipeline.py
[2026-07-25T05:20:30.090+0000] {logging_mixin.py:188} INFO - [2026-07-25T05:20:30.090+0000] {dag.py:3089} INFO - Sync 1 DAGs
[2026-07-25T05:20:30.117+0000] {logging_mixin.py:188} INFO - [2026-07-25T05:20:30.116+0000] {dag.py:3947} INFO - Setting next_dagrun for youtube_english_video_pipeline to 2026-07-24 12:00:00+00:00, run_after=2026-07-25 12:00:00+00:00
[2026-07-25T05:20:30.150+0000] {processor.py:183} INFO - Processing /opt/airflow/dags/youtube_pipeline.py took 0.148 seconds
[2026-07-25T05:21:00.243+0000] {processor.py:161} INFO - Started process (PID=8332) to work on /opt/airflow/dags/youtube_pipeline.py
[2026-07-25T05:21:00.244+0000] {processor.py:830} INFO - Processing file /opt/airflow/dags/youtube_pipeline.py for tasks to queue
[2026-07-25T05:21:00.247+0000] {logging_mixin.py:188} INFO - [2026-07-25T05:21:00.247+0000] {dagbag.py:545} INFO - Filling up the DagBag from /opt/airflow/dags/youtube_pipeline.py
[2026-07-25T05:21:00.284+0000] {processor.py:840} INFO - DAG(s) 'youtube_english_video_pipeline' retrieved from /opt/airflow/dags/youtube_pipeline.py
[2026-07-25T05:21:00.320+0000] {logging_mixin.py:188} INFO - [2026-07-25T05:21:00.320+0000] {dag.py:3089} INFO - Sync 1 DAGs
[2026-07-25T05:21:00.343+0000] {logging_mixin.py:188} INFO - [2026-07-25T05:21:00.343+0000] {dag.py:3947} INFO - Setting next_dagrun for youtube_english_video_pipeline to 2026-07-24 12:00:00+00:00, run_after=2026-07-25 12:00:00+00:00
[2026-07-25T05:21:00.368+0000] {processor.py:183} INFO - Processing /opt/airflow/dags/youtube_pipeline.py took 0.134 seconds
[2026-07-25T05:21:30.710+0000] {processor.py:161} INFO - Started process (PID=8337) to work on /opt/airflow/dags/youtube_pipeline.py
[2026-07-25T05:21:30.712+0000] {processor.py:830} INFO - Processing file /opt/airflow/dags/youtube_pipeline.py for tasks to queue
[2026-07-25T05:21:30.715+0000] {logging_mixin.py:188} INFO - [2026-07-25T05:21:30.714+0000] {dagbag.py:545} INFO - Filling up the DagBag from /opt/airflow/dags/youtube_pipeline.py
[2026-07-25T05:21:30.758+0000] {processor.py:840} INFO - DAG(s) 'youtube_english_video_pipeline' retrieved from /opt/airflow/dags/youtube_pipeline.py
[2026-07-25T05:21:30.794+0000] {logging_mixin.py:188} INFO - [2026-07-25T05:21:30.793+0000] {dag.py:3089} INFO - Sync 1 DAGs
[2026-07-25T05:21:30.815+0000] {logging_mixin.py:188} INFO - [2026-07-25T05:21:30.815+0000] {dag.py:3947} INFO - Setting next_dagrun for youtube_english_video_pipeline to 2026-07-24 12:00:00+00:00, run_after=2026-07-25 12:00:00+00:00
[2026-07-25T05:21:30.848+0000] {processor.py:183} INFO - Processing /opt/airflow/dags/youtube_pipeline.py took 0.146 seconds
[2026-07-25T05:22:00.993+0000] {processor.py:161} INFO - Started process (PID=8342) to work on /opt/airflow/dags/youtube_pipeline.py
[2026-07-25T05:22:00.995+0000] {processor.py:830} INFO - Processing file /opt/airflow/dags/youtube_pipeline.py for tasks to queue
[2026-07-25T05:22:00.998+0000] {logging_mixin.py:188} INFO - [2026-07-25T05:22:00.997+0000] {dagbag.py:545} INFO - Filling up the DagBag from /opt/airflow/dags/youtube_pipeline.py
[2026-07-25T05:22:01.044+0000] {processor.py:840} INFO - DAG(s) 'youtube_english_video_pipeline' retrieved from /opt/airflow/dags/youtube_pipeline.py
[2026-07-25T05:22:01.084+0000] {logging_mixin.py:188} INFO - [2026-07-25T05:22:01.083+0000] {dag.py:3089} INFO - Sync 1 DAGs
[2026-07-25T05:22:01.112+0000] {logging_mixin.py:188} INFO - [2026-07-25T05:22:01.111+0000] {dag.py:3947} INFO - Setting next_dagrun for youtube_english_video_pipeline to 2026-07-24 12:00:00+00:00, run_after=2026-07-25 12:00:00+00:00
[2026-07-25T05:22:01.141+0000] {processor.py:183} INFO - Processing /opt/airflow/dags/youtube_pipeline.py took 0.156 seconds
[2026-07-25T05:22:31.287+0000] {processor.py:161} INFO - Started process (PID=8347) to work on /opt/airflow/dags/youtube_pipeline.py
[2026-07-25T05:22:31.289+0000] {processor.py:830} INFO - Processing file /opt/airflow/dags/youtube_pipeline.py for tasks to queue
[2026-07-25T05:22:31.292+0000] {logging_mixin.py:188} INFO - [2026-07-25T05:22:31.291+0000] {dagbag.py:545} INFO - Filling up the DagBag from /opt/airflow/dags/youtube_pipeline.py
[2026-07-25T05:22:31.338+0000] {processor.py:840} INFO - DAG(s) 'youtube_english_video_pipeline' retrieved from /opt/airflow/dags/youtube_pipeline.py
[2026-07-25T05:22:31.372+0000] {logging_mixin.py:188} INFO - [2026-07-25T05:22:31.372+0000] {dag.py:3089} INFO - Sync 1 DAGs
[2026-07-25T05:22:31.395+0000] {logging_mixin.py:188} INFO - [2026-07-25T05:22:31.395+0000] {dag.py:3947} INFO - Setting next_dagrun for youtube_english_video_pipeline to 2026-07-24 12:00:00+00:00, run_after=2026-07-25 12:00:00+00:00
[2026-07-25T05:22:31.427+0000] {processor.py:183} INFO - Processing /opt/airflow/dags/youtube_pipeline.py took 0.149 seconds
[2026-07-25T05:23:01.716+0000] {processor.py:161} INFO - Started process (PID=8352) to work on /opt/airflow/dags/youtube_pipeline.py
[2026-07-25T05:23:01.718+0000] {processor.py:830} INFO - Processing file /opt/airflow/dags/youtube_pipeline.py for tasks to queue
[2026-07-25T05:23:01.720+0000] {logging_mixin.py:188} INFO - [2026-07-25T05:23:01.720+0000] {dagbag.py:545} INFO - Filling up the DagBag from /opt/airflow/dags/youtube_pipeline.py
[2026-07-25T05:23:01.769+0000] {processor.py:840} INFO - DAG(s) 'youtube_english_video_pipeline' retrieved from /opt/airflow/dags/youtube_pipeline.py
[2026-07-25T05:23:01.810+0000] {logging_mixin.py:188} INFO - [2026-07-25T05:23:01.809+0000] {dag.py:3089} INFO - Sync 1 DAGs
[2026-07-25T05:23:01.834+0000] {logging_mixin.py:188} INFO - [2026-07-25T05:23:01.834+0000] {dag.py:3947} INFO - Setting next_dagrun for youtube_english_video_pipeline to 2026-07-24 12:00:00+00:00, run_after=2026-07-25 12:00:00+00:00
[2026-07-25T05:23:01.870+0000] {processor.py:183} INFO - Processing /opt/airflow/dags/youtube_pipeline.py took 0.162 seconds
[2026-07-25T05:23:32.143+0000] {processor.py:161} INFO - Started process (PID=8357) to work on /opt/airflow/dags/youtube_pipeline.py
[2026-07-25T05:23:32.145+0000] {processor.py:830} INFO - Processing file /opt/airflow/dags/youtube_pipeline.py for tasks to queue
[2026-07-25T05:23:32.150+0000] {logging_mixin.py:188} INFO - [2026-07-25T05:23:32.149+0000] {dagbag.py:545} INFO - Filling up the DagBag from /opt/airflow/dags/youtube_pipeline.py
[2026-07-25T05:23:32.222+0000] {processor.py:840} INFO - DAG(s) 'youtube_english_video_pipeline' retrieved from /opt/airflow/dags/youtube_pipeline.py
[2026-07-25T05:23:32.267+0000] {logging_mixin.py:188} INFO - [2026-07-25T05:23:32.267+0000] {dag.py:3089} INFO - Sync 1 DAGs
[2026-07-25T05:23:32.306+0000] {logging_mixin.py:188} INFO - [2026-07-25T05:23:32.306+0000] {dag.py:3947} INFO - Setting next_dagrun for youtube_english_video_pipeline to 2026-07-24 12:00:00+00:00, run_after=2026-07-25 12:00:00+00:00
[2026-07-25T05:23:32.339+0000] {processor.py:183} INFO - Processing /opt/airflow/dags/youtube_pipeline.py took 0.211 seconds
[2026-07-25T05:24:02.418+0000] {processor.py:161} INFO - Started process (PID=8362) to work on /opt/airflow/dags/youtube_pipeline.py
[2026-07-25T05:24:02.420+0000] {processor.py:830} INFO - Processing file /opt/airflow/dags/youtube_pipeline.py for tasks to queue
[2026-07-25T05:24:02.422+0000] {logging_mixin.py:188} INFO - [2026-07-25T05:24:02.422+0000] {dagbag.py:545} INFO - Filling up the DagBag from /opt/airflow/dags/youtube_pipeline.py
[2026-07-25T05:24:02.463+0000] {processor.py:840} INFO - DAG(s) 'youtube_english_video_pipeline' retrieved from /opt/airflow/dags/youtube_pipeline.py
[2026-07-25T05:24:02.519+0000] {logging_mixin.py:188} INFO - [2026-07-25T05:24:02.519+0000] {dag.py:3089} INFO - Sync 1 DAGs
[2026-07-25T05:24:02.552+0000] {logging_mixin.py:188} INFO - [2026-07-25T05:24:02.552+0000] {dag.py:3947} INFO - Setting next_dagrun for youtube_english_video_pipeline to 2026-07-24 12:00:00+00:00, run_after=2026-07-25 12:00:00+00:00
[2026-07-25T05:24:02.585+0000] {processor.py:183} INFO - Processing /opt/airflow/dags/youtube_pipeline.py took 0.177 seconds
[2026-07-25T05:24:32.736+0000] {processor.py:161} INFO - Started process (PID=8367) to work on /opt/airflow/dags/youtube_pipeline.py
[2026-07-25T05:24:32.739+0000] {processor.py:830} INFO - Processing file /opt/airflow/dags/youtube_pipeline.py for tasks to queue
[2026-07-25T05:24:32.742+0000] {logging_mixin.py:188} INFO - [2026-07-25T05:24:32.742+0000] {dagbag.py:545} INFO - Filling up the DagBag from /opt/airflow/dags/youtube_pipeline.py
[2026-07-25T05:24:32.794+0000] {processor.py:840} INFO - DAG(s) 'youtube_english_video_pipeline' retrieved from /opt/airflow/dags/youtube_pipeline.py
[2026-07-25T05:24:32.889+0000] {logging_mixin.py:188} INFO - [2026-07-25T05:24:32.888+0000] {dag.py:3089} INFO - Sync 1 DAGs
[2026-07-25T05:24:32.930+0000] {logging_mixin.py:188} INFO - [2026-07-25T05:24:32.930+0000] {dag.py:3947} INFO - Setting next_dagrun for youtube_english_video_pipeline to 2026-07-24 12:00:00+00:00, run_after=2026-07-25 12:00:00+00:00
[2026-07-25T05:24:32.961+0000] {processor.py:183} INFO - Processing /opt/airflow/dags/youtube_pipeline.py took 0.237 seconds
[2026-07-25T05:25:03.140+0000] {processor.py:161} INFO - Started process (PID=8372) to work on /opt/airflow/dags/youtube_pipeline.py
[2026-07-25T05:25:03.142+0000] {processor.py:830} INFO - Processing file /opt/airflow/dags/youtube_pipeline.py for tasks to queue
[2026-07-25T05:25:03.145+0000] {logging_mixin.py:188} INFO - [2026-07-25T05:25:03.145+0000] {dagbag.py:545} INFO - Filling up the DagBag from /opt/airflow/dags/youtube_pipeline.py
[2026-07-25T05:25:03.194+0000] {processor.py:840} INFO - DAG(s) 'youtube_english_video_pipeline' retrieved from /opt/airflow/dags/youtube_pipeline.py
[2026-07-25T05:25:03.303+0000] {logging_mixin.py:188} INFO - [2026-07-25T05:25:03.303+0000] {dag.py:3089} INFO - Sync 1 DAGs
[2026-07-25T05:25:03.340+0000] {logging_mixin.py:188} INFO - [2026-07-25T05:25:03.339+0000] {dag.py:3947} INFO - Setting next_dagrun for youtube_english_video_pipeline to 2026-07-24 12:00:00+00:00, run_after=2026-07-25 12:00:00+00:00
[2026-07-25T05:25:03.365+0000] {processor.py:183} INFO - Processing /opt/airflow/dags/youtube_pipeline.py took 0.233 seconds
[2026-07-25T05:25:33.553+0000] {processor.py:161} INFO - Started process (PID=8377) to work on /opt/airflow/dags/youtube_pipeline.py
[2026-07-25T05:25:33.554+0000] {processor.py:830} INFO - Processing file /opt/airflow/dags/youtube_pipeline.py for tasks to queue
[2026-07-25T05:25:33.557+0000] {logging_mixin.py:188} INFO - [2026-07-25T05:25:33.557+0000] {dagbag.py:545} INFO - Filling up the DagBag from /opt/airflow/dags/youtube_pipeline.py
[2026-07-25T05:25:33.600+0000] {processor.py:840} INFO - DAG(s) 'youtube_english_video_pipeline' retrieved from /opt/airflow/dags/youtube_pipeline.py
[2026-07-25T05:25:33.666+0000] {logging_mixin.py:188} INFO - [2026-07-25T05:25:33.665+0000] {dag.py:3089} INFO - Sync 1 DAGs
[2026-07-25T05:25:33.718+0000] {logging_mixin.py:188} INFO - [2026-07-25T05:25:33.718+0000] {dag.py:3947} INFO - Setting next_dagrun for youtube_english_video_pipeline to 2026-07-24 12:00:00+00:00, run_after=2026-07-25 12:00:00+00:00
[2026-07-25T05:25:33.768+0000] {processor.py:183} INFO - Processing /opt/airflow/dags/youtube_pipeline.py took 0.226 seconds
[2026-07-25T05:26:03.977+0000] {processor.py:161} INFO - Started process (PID=8382) to work on /opt/airflow/dags/youtube_pipeline.py
[2026-07-25T05:26:03.979+0000] {processor.py:830} INFO - Processing file /opt/airflow/dags/youtube_pipeline.py for tasks to queue
[2026-07-25T05:26:03.981+0000] {logging_mixin.py:188} INFO - [2026-07-25T05:26:03.981+0000] {dagbag.py:545} INFO - Filling up the DagBag from /opt/airflow/dags/youtube_pipeline.py
[2026-07-25T05:26:04.020+0000] {processor.py:840} INFO - DAG(s) 'youtube_english_video_pipeline' retrieved from /opt/airflow/dags/youtube_pipeline.py
[2026-07-25T05:26:04.055+0000] {logging_mixin.py:188} INFO - [2026-07-25T05:26:04.055+0000] {dag.py:3089} INFO - Sync 1 DAGs
[2026-07-25T05:26:04.080+0000] {logging_mixin.py:188} INFO - [2026-07-25T05:26:04.080+0000] {dag.py:3947} INFO - Setting next_dagrun for youtube_english_video_pipeline to 2026-07-24 12:00:00+00:00, run_after=2026-07-25 12:00:00+00:00
[2026-07-25T05:26:04.110+0000] {processor.py:183} INFO - Processing /opt/airflow/dags/youtube_pipeline.py took 0.140 seconds
[2026-07-25T05:26:34.382+0000] {processor.py:161} INFO - Started process (PID=8387) to work on /opt/airflow/dags/youtube_pipeline.py
[2026-07-25T05:26:34.384+0000] {processor.py:830} INFO - Processing file /opt/airflow/dags/youtube_pipeline.py for tasks to queue
[2026-07-25T05:26:34.386+0000] {logging_mixin.py:188} INFO - [2026-07-25T05:26:34.386+0000] {dagbag.py:545} INFO - Filling up the DagBag from /opt/airflow/dags/youtube_pipeline.py
[2026-07-25T05:26:34.423+0000] {processor.py:840} INFO - DAG(s) 'youtube_english_video_pipeline' retrieved from /opt/airflow/dags/youtube_pipeline.py
[2026-07-25T05:26:34.465+0000] {logging_mixin.py:188} INFO - [2026-07-25T05:26:34.465+0000] {dag.py:3089} INFO - Sync 1 DAGs
[2026-07-25T05:26:34.488+0000] {logging_mixin.py:188} INFO - [2026-07-25T05:26:34.487+0000] {dag.py:3947} INFO - Setting next_dagrun for youtube_english_video_pipeline to 2026-07-24 12:00:00+00:00, run_after=2026-07-25 12:00:00+00:00
[2026-07-25T05:26:34.513+0000] {processor.py:183} INFO - Processing /opt/airflow/dags/youtube_pipeline.py took 0.139 seconds
[2026-07-25T05:27:04.831+0000] {processor.py:161} INFO - Started process (PID=8392) to work on /opt/airflow/dags/youtube_pipeline.py
[2026-07-25T05:27:04.832+0000] {processor.py:830} INFO - Processing file /opt/airflow/dags/youtube_pipeline.py for tasks to queue
[2026-07-25T05:27:04.835+0000] {logging_mixin.py:188} INFO - [2026-07-25T05:27:04.834+0000] {dagbag.py:545} INFO - Filling up the DagBag from /opt/airflow/dags/youtube_pipeline.py
[2026-07-25T05:27:04.871+0000] {processor.py:840} INFO - DAG(s) 'youtube_english_video_pipeline' retrieved from /opt/airflow/dags/youtube_pipeline.py
[2026-07-25T05:27:04.907+0000] {logging_mixin.py:188} INFO - [2026-07-25T05:27:04.907+0000] {dag.py:3089} INFO - Sync 1 DAGs
[2026-07-25T05:27:04.930+0000] {logging_mixin.py:188} INFO - [2026-07-25T05:27:04.930+0000] {dag.py:3947} INFO - Setting next_dagrun for youtube_english_video_pipeline to 2026-07-24 12:00:00+00:00, run_after=2026-07-25 12:00:00+00:00
[2026-07-25T05:27:04.950+0000] {processor.py:183} INFO - Processing /opt/airflow/dags/youtube_pipeline.py took 0.127 seconds
[2026-07-25T05:27:35.098+0000] {processor.py:161} INFO - Started process (PID=8397) to work on /opt/airflow/dags/youtube_pipeline.py
[2026-07-25T05:27:35.100+0000] {processor.py:830} INFO - Processing file /opt/airflow/dags/youtube_pipeline.py for tasks to queue
[2026-07-25T05:27:35.102+0000] {logging_mixin.py:188} INFO - [2026-07-25T05:27:35.102+0000] {dagbag.py:545} INFO - Filling up the DagBag from /opt/airflow/dags/youtube_pipeline.py
[2026-07-25T05:27:35.134+0000] {processor.py:840} INFO - DAG(s) 'youtube_english_video_pipeline' retrieved from /opt/airflow/dags/youtube_pipeline.py
[2026-07-25T05:27:35.170+0000] {logging_mixin.py:188} INFO - [2026-07-25T05:27:35.170+0000] {dag.py:3089} INFO - Sync 1 DAGs
[2026-07-25T05:27:35.197+0000] {logging_mixin.py:188} INFO - [2026-07-25T05:27:35.197+0000] {dag.py:3947} INFO - Setting next_dagrun for youtube_english_video_pipeline to 2026-07-24 12:00:00+00:00, run_after=2026-07-25 12:00:00+00:00
[2026-07-25T05:27:35.232+0000] {processor.py:183} INFO - Processing /opt/airflow/dags/youtube_pipeline.py took 0.143 seconds
[2026-07-25T05:28:05.470+0000] {processor.py:161} INFO - Started process (PID=8402) to work on /opt/airflow/dags/youtube_pipeline.py
[2026-07-25T05:28:05.472+0000] {processor.py:830} INFO - Processing file /opt/airflow/dags/youtube_pipeline.py for tasks to queue
[2026-07-25T05:28:05.474+0000] {logging_mixin.py:188} INFO - [2026-07-25T05:28:05.474+0000] {dagbag.py:545} INFO - Filling up the DagBag from /opt/airflow/dags/youtube_pipeline.py
[2026-07-25T05:28:05.511+0000] {processor.py:840} INFO - DAG(s) 'youtube_english_video_pipeline' retrieved from /opt/airflow/dags/youtube_pipeline.py
[2026-07-25T05:28:05.546+0000] {logging_mixin.py:188} INFO - [2026-07-25T05:28:05.546+0000] {dag.py:3089} INFO - Sync 1 DAGs
[2026-07-25T05:28:05.575+0000] {logging_mixin.py:188} INFO - [2026-07-25T05:28:05.575+0000] {dag.py:3947} INFO - Setting next_dagrun for youtube_english_video_pipeline to 2026-07-24 12:00:00+00:00, run_after=2026-07-25 12:00:00+00:00
[2026-07-25T05:28:05.599+0000] {processor.py:183} INFO - Processing /opt/airflow/dags/youtube_pipeline.py took 0.135 seconds
[2026-07-25T05:28:35.767+0000] {processor.py:161} INFO - Started process (PID=8407) to work on /opt/airflow/dags/youtube_pipeline.py
[2026-07-25T05:28:35.769+0000] {processor.py:830} INFO - Processing file /opt/airflow/dags/youtube_pipeline.py for tasks to queue
[2026-07-25T05:28:35.772+0000] {logging_mixin.py:188} INFO - [2026-07-25T05:28:35.771+0000] {dagbag.py:545} INFO - Filling up the DagBag from /opt/airflow/dags/youtube_pipeline.py
[2026-07-25T05:28:35.814+0000] {processor.py:840} INFO - DAG(s) 'youtube_english_video_pipeline' retrieved from /opt/airflow/dags/youtube_pipeline.py
[2026-07-25T05:28:35.851+0000] {logging_mixin.py:188} INFO - [2026-07-25T05:28:35.851+0000] {dag.py:3089} INFO - Sync 1 DAGs
[2026-07-25T05:28:35.875+0000] {logging_mixin.py:188} INFO - [2026-07-25T05:28:35.875+0000] {dag.py:3947} INFO - Setting next_dagrun for youtube_english_video_pipeline to 2026-07-24 12:00:00+00:00, run_after=2026-07-25 12:00:00+00:00
[2026-07-25T05:28:35.911+0000] {processor.py:183} INFO - Processing /opt/airflow/dags/youtube_pipeline.py took 0.153 seconds
[2026-07-25T05:29:06.205+0000] {processor.py:161} INFO - Started process (PID=8412) to work on /opt/airflow/dags/youtube_pipeline.py
[2026-07-25T05:29:06.208+0000] {processor.py:830} INFO - Processing file /opt/airflow/dags/youtube_pipeline.py for tasks to queue
[2026-07-25T05:29:06.212+0000] {logging_mixin.py:188} INFO - [2026-07-25T05:29:06.212+0000] {dagbag.py:545} INFO - Filling up the DagBag from /opt/airflow/dags/youtube_pipeline.py
[2026-07-25T05:29:06.322+0000] {processor.py:840} INFO - DAG(s) 'youtube_english_video_pipeline' retrieved from /opt/airflow/dags/youtube_pipeline.py
[2026-07-25T05:29:06.372+0000] {logging_mixin.py:188} INFO - [2026-07-25T05:29:06.371+0000] {dag.py:3089} INFO - Sync 1 DAGs
[2026-07-25T05:29:06.412+0000] {logging_mixin.py:188} INFO - [2026-07-25T05:29:06.412+0000] {dag.py:3947} INFO - Setting next_dagrun for youtube_english_video_pipeline to 2026-07-24 12:00:00+00:00, run_after=2026-07-25 12:00:00+00:00
[2026-07-25T05:29:06.456+0000] {processor.py:183} INFO - Processing /opt/airflow/dags/youtube_pipeline.py took 0.267 seconds
[2026-07-25T05:29:36.761+0000] {processor.py:161} INFO - Started process (PID=8417) to work on /opt/airflow/dags/youtube_pipeline.py
[2026-07-25T05:29:36.762+0000] {processor.py:830} INFO - Processing file /opt/airflow/dags/youtube_pipeline.py for tasks to queue
[2026-07-25T05:29:36.764+0000] {logging_mixin.py:188} INFO - [2026-07-25T05:29:36.764+0000] {dagbag.py:545} INFO - Filling up the DagBag from /opt/airflow/dags/youtube_pipeline.py
[2026-07-25T05:29:36.809+0000] {processor.py:840} INFO - DAG(s) 'youtube_english_video_pipeline' retrieved from /opt/airflow/dags/youtube_pipeline.py
[2026-07-25T05:29:36.847+0000] {logging_mixin.py:188} INFO - [2026-07-25T05:29:36.847+0000] {dag.py:3089} INFO - Sync 1 DAGs
[2026-07-25T05:29:36.872+0000] {logging_mixin.py:188} INFO - [2026-07-25T05:29:36.872+0000] {dag.py:3947} INFO - Setting next_dagrun for youtube_english_video_pipeline to 2026-07-24 12:00:00+00:00, run_after=2026-07-25 12:00:00+00:00
[2026-07-25T05:29:36.906+0000] {processor.py:183} INFO - Processing /opt/airflow/dags/youtube_pipeline.py took 0.154 seconds
[2026-07-25T05:30:07.794+0000] {processor.py:161} INFO - Started process (PID=8422) to work on /opt/airflow/dags/youtube_pipeline.py
[2026-07-25T05:30:07.806+0000] {processor.py:830} INFO - Processing file /opt/airflow/dags/youtube_pipeline.py for tasks to queue
[2026-07-25T05:30:07.830+0000] {logging_mixin.py:188} INFO - [2026-07-25T05:30:07.829+0000] {dagbag.py:545} INFO - Filling up the DagBag from /opt/airflow/dags/youtube_pipeline.py
[2026-07-25T05:30:08.246+0000] {processor.py:840} INFO - DAG(s) 'youtube_english_video_pipeline' retrieved from /opt/airflow/dags/youtube_pipeline.py
[2026-07-25T05:30:08.329+0000] {logging_mixin.py:188} INFO - [2026-07-25T05:30:08.328+0000] {dag.py:3089} INFO - Sync 1 DAGs
[2026-07-25T05:30:08.377+0000] {logging_mixin.py:188} INFO - [2026-07-25T05:30:08.377+0000] {dag.py:3947} INFO - Setting next_dagrun for youtube_english_video_pipeline to 2026-07-24 12:00:00+00:00, run_after=2026-07-25 12:00:00+00:00
[2026-07-25T05:30:08.438+0000] {processor.py:183} INFO - Processing /opt/airflow/dags/youtube_pipeline.py took 0.698 seconds
[2026-07-25T05:30:38.675+0000] {processor.py:161} INFO - Started process (PID=8427) to work on /opt/airflow/dags/youtube_pipeline.py
[2026-07-25T05:30:38.676+0000] {processor.py:830} INFO - Processing file /opt/airflow/dags/youtube_pipeline.py for tasks to queue
[2026-07-25T05:30:38.679+0000] {logging_mixin.py:188} INFO - [2026-07-25T05:30:38.679+0000] {dagbag.py:545} INFO - Filling up the DagBag from /opt/airflow/dags/youtube_pipeline.py
[2026-07-25T05:30:38.707+0000] {processor.py:840} INFO - DAG(s) 'youtube_english_video_pipeline' retrieved from /opt/airflow/dags/youtube_pipeline.py
[2026-07-25T05:30:38.743+0000] {logging_mixin.py:188} INFO - [2026-07-25T05:30:38.743+0000] {dag.py:3089} INFO - Sync 1 DAGs
[2026-07-25T05:30:38.767+0000] {logging_mixin.py:188} INFO - [2026-07-25T05:30:38.766+0000] {dag.py:3947} INFO - Setting next_dagrun for youtube_english_video_pipeline to 2026-07-24 12:00:00+00:00, run_after=2026-07-25 12:00:00+00:00
[2026-07-25T05:30:38.791+0000] {processor.py:183} INFO - Processing /opt/airflow/dags/youtube_pipeline.py took 0.125 seconds
[2026-07-25T05:31:09.062+0000] {processor.py:161} INFO - Started process (PID=8432) to work on /opt/airflow/dags/youtube_pipeline.py
[2026-07-25T05:31:09.065+0000] {processor.py:830} INFO - Processing file /opt/airflow/dags/youtube_pipeline.py for tasks to queue
[2026-07-25T05:31:09.068+0000] {logging_mixin.py:188} INFO - [2026-07-25T05:31:09.067+0000] {dagbag.py:545} INFO - Filling up the DagBag from /opt/airflow/dags/youtube_pipeline.py
[2026-07-25T05:31:09.118+0000] {processor.py:840} INFO - DAG(s) 'youtube_english_video_pipeline' retrieved from /opt/airflow/dags/youtube_pipeline.py
[2026-07-25T05:31:09.183+0000] {logging_mixin.py:188} INFO - [2026-07-25T05:31:09.182+0000] {dag.py:3089} INFO - Sync 1 DAGs
[2026-07-25T05:31:09.215+0000] {logging_mixin.py:188} INFO - [2026-07-25T05:31:09.215+0000] {dag.py:3947} INFO - Setting next_dagrun for youtube_english_video_pipeline to 2026-07-24 12:00:00+00:00, run_after=2026-07-25 12:00:00+00:00
[2026-07-25T05:31:09.250+0000] {processor.py:183} INFO - Processing /opt/airflow/dags/youtube_pipeline.py took 0.197 seconds
[2026-07-25T05:31:39.411+0000] {processor.py:161} INFO - Started process (PID=8437) to work on /opt/airflow/dags/youtube_pipeline.py
[2026-07-25T05:31:39.414+0000] {processor.py:830} INFO - Processing file /opt/airflow/dags/youtube_pipeline.py for tasks to queue
[2026-07-25T05:31:39.418+0000] {logging_mixin.py:188} INFO - [2026-07-25T05:31:39.417+0000] {dagbag.py:545} INFO - Filling up the DagBag from /opt/airflow/dags/youtube_pipeline.py
[2026-07-25T05:31:39.498+0000] {processor.py:840} INFO - DAG(s) 'youtube_english_video_pipeline' retrieved from /opt/airflow/dags/youtube_pipeline.py
[2026-07-25T05:31:39.553+0000] {logging_mixin.py:188} INFO - [2026-07-25T05:31:39.553+0000] {dag.py:3089} INFO - Sync 1 DAGs
[2026-07-25T05:31:39.590+0000] {logging_mixin.py:188} INFO - [2026-07-25T05:31:39.589+0000] {dag.py:3947} INFO - Setting next_dagrun for youtube_english_video_pipeline to 2026-07-24 12:00:00+00:00, run_after=2026-07-25 12:00:00+00:00
[2026-07-25T05:31:39.633+0000] {processor.py:183} INFO - Processing /opt/airflow/dags/youtube_pipeline.py took 0.239 seconds
[2026-07-25T05:32:10.028+0000] {processor.py:161} INFO - Started process (PID=8442) to work on /opt/airflow/dags/youtube_pipeline.py
[2026-07-25T05:32:10.030+0000] {processor.py:830} INFO - Processing file /opt/airflow/dags/youtube_pipeline.py for tasks to queue
[2026-07-25T05:32:10.035+0000] {logging_mixin.py:188} INFO - [2026-07-25T05:32:10.034+0000] {dagbag.py:545} INFO - Filling up the DagBag from /opt/airflow/dags/youtube_pipeline.py
[2026-07-25T05:32:10.072+0000] {processor.py:840} INFO - DAG(s) 'youtube_english_video_pipeline' retrieved from /opt/airflow/dags/youtube_pipeline.py
[2026-07-25T05:32:10.116+0000] {logging_mixin.py:188} INFO - [2026-07-25T05:32:10.116+0000] {dag.py:3089} INFO - Sync 1 DAGs
[2026-07-25T05:32:10.141+0000] {logging_mixin.py:188} INFO - [2026-07-25T05:32:10.141+0000] {dag.py:3947} INFO - Setting next_dagrun for youtube_english_video_pipeline to 2026-07-24 12:00:00+00:00, run_after=2026-07-25 12:00:00+00:00
[2026-07-25T05:32:10.165+0000] {processor.py:183} INFO - Processing /opt/airflow/dags/youtube_pipeline.py took 0.148 seconds
[2026-07-25T05:32:40.299+0000] {processor.py:161} INFO - Started process (PID=8447) to work on /opt/airflow/dags/youtube_pipeline.py
[2026-07-25T05:32:40.301+0000] {processor.py:830} INFO - Processing file /opt/airflow/dags/youtube_pipeline.py for tasks to queue
[2026-07-25T05:32:40.305+0000] {logging_mixin.py:188} INFO - [2026-07-25T05:32:40.304+0000] {dagbag.py:545} INFO - Filling up the DagBag from /opt/airflow/dags/youtube_pipeline.py
[2026-07-25T05:32:40.352+0000] {processor.py:840} INFO - DAG(s) 'youtube_english_video_pipeline' retrieved from /opt/airflow/dags/youtube_pipeline.py
[2026-07-25T05:32:40.393+0000] {logging_mixin.py:188} INFO - [2026-07-25T05:32:40.393+0000] {dag.py:3089} INFO - Sync 1 DAGs
[2026-07-25T05:32:40.416+0000] {logging_mixin.py:188} INFO - [2026-07-25T05:32:40.416+0000] {dag.py:3947} INFO - Setting next_dagrun for youtube_english_video_pipeline to 2026-07-24 12:00:00+00:00, run_after=2026-07-25 12:00:00+00:00
[2026-07-25T05:32:40.439+0000] {processor.py:183} INFO - Processing /opt/airflow/dags/youtube_pipeline.py took 0.151 seconds
[2026-07-25T05:33:10.760+0000] {processor.py:161} INFO - Started process (PID=8452) to work on /opt/airflow/dags/youtube_pipeline.py
[2026-07-25T05:33:10.762+0000] {processor.py:830} INFO - Processing file /opt/airflow/dags/youtube_pipeline.py for tasks to queue
[2026-07-25T05:33:10.765+0000] {logging_mixin.py:188} INFO - [2026-07-25T05:33:10.765+0000] {dagbag.py:545} INFO - Filling up the DagBag from /opt/airflow/dags/youtube_pipeline.py
[2026-07-25T05:33:10.807+0000] {processor.py:840} INFO - DAG(s) 'youtube_english_video_pipeline' retrieved from /opt/airflow/dags/youtube_pipeline.py
[2026-07-25T05:33:10.848+0000] {logging_mixin.py:188} INFO - [2026-07-25T05:33:10.847+0000] {dag.py:3089} INFO - Sync 1 DAGs
[2026-07-25T05:33:10.872+0000] {logging_mixin.py:188} INFO - [2026-07-25T05:33:10.872+0000] {dag.py:3947} INFO - Setting next_dagrun for youtube_english_video_pipeline to 2026-07-24 12:00:00+00:00, run_after=2026-07-25 12:00:00+00:00
[2026-07-25T05:33:10.896+0000] {processor.py:183} INFO - Processing /opt/airflow/dags/youtube_pipeline.py took 0.144 seconds
[2026-07-25T05:33:41.064+0000] {processor.py:161} INFO - Started process (PID=8457) to work on /opt/airflow/dags/youtube_pipeline.py
[2026-07-25T05:33:41.065+0000] {processor.py:830} INFO - Processing file /opt/airflow/dags/youtube_pipeline.py for tasks to queue
[2026-07-25T05:33:41.070+0000] {logging_mixin.py:188} INFO - [2026-07-25T05:33:41.070+0000] {dagbag.py:545} INFO - Filling up the DagBag from /opt/airflow/dags/youtube_pipeline.py
[2026-07-25T05:33:41.109+0000] {processor.py:840} INFO - DAG(s) 'youtube_english_video_pipeline' retrieved from /opt/airflow/dags/youtube_pipeline.py
[2026-07-25T05:33:41.146+0000] {logging_mixin.py:188} INFO - [2026-07-25T05:33:41.146+0000] {dag.py:3089} INFO - Sync 1 DAGs
[2026-07-25T05:33:41.170+0000] {logging_mixin.py:188} INFO - [2026-07-25T05:33:41.170+0000] {dag.py:3947} INFO - Setting next_dagrun for youtube_english_video_pipeline to 2026-07-24 12:00:00+00:00, run_after=2026-07-25 12:00:00+00:00
[2026-07-25T05:33:41.197+0000] {processor.py:183} INFO - Processing /opt/airflow/dags/youtube_pipeline.py took 0.144 seconds
[2026-07-25T05:34:11.482+0000] {processor.py:161} INFO - Started process (PID=8462) to work on /opt/airflow/dags/youtube_pipeline.py
[2026-07-25T05:34:11.484+0000] {processor.py:830} INFO - Processing file /opt/airflow/dags/youtube_pipeline.py for tasks to queue
[2026-07-25T05:34:11.487+0000] {logging_mixin.py:188} INFO - [2026-07-25T05:34:11.486+0000] {dagbag.py:545} INFO - Filling up the DagBag from /opt/airflow/dags/youtube_pipeline.py
[2026-07-25T05:34:11.541+0000] {processor.py:840} INFO - DAG(s) 'youtube_english_video_pipeline' retrieved from /opt/airflow/dags/youtube_pipeline.py
[2026-07-25T05:34:11.576+0000] {logging_mixin.py:188} INFO - [2026-07-25T05:34:11.576+0000] {dag.py:3089} INFO - Sync 1 DAGs
[2026-07-25T05:34:11.602+0000] {logging_mixin.py:188} INFO - [2026-07-25T05:34:11.602+0000] {dag.py:3947} INFO - Setting next_dagrun for youtube_english_video_pipeline to 2026-07-24 12:00:00+00:00, run_after=2026-07-25 12:00:00+00:00
[2026-07-25T05:34:11.638+0000] {processor.py:183} INFO - Processing /opt/airflow/dags/youtube_pipeline.py took 0.165 seconds
[2026-07-25T05:34:41.780+0000] {processor.py:161} INFO - Started process (PID=8467) to work on /opt/airflow/dags/youtube_pipeline.py
[2026-07-25T05:34:41.783+0000] {processor.py:830} INFO - Processing file /opt/airflow/dags/youtube_pipeline.py for tasks to queue
[2026-07-25T05:34:41.786+0000] {logging_mixin.py:188} INFO - [2026-07-25T05:34:41.785+0000] {dagbag.py:545} INFO - Filling up the DagBag from /opt/airflow/dags/youtube_pipeline.py
[2026-07-25T05:34:41.835+0000] {processor.py:840} INFO - DAG(s) 'youtube_english_video_pipeline' retrieved from /opt/airflow/dags/youtube_pipeline.py
[2026-07-25T05:34:41.884+0000] {logging_mixin.py:188} INFO - [2026-07-25T05:34:41.883+0000] {dag.py:3089} INFO - Sync 1 DAGs
[2026-07-25T05:34:41.910+0000] {logging_mixin.py:188} INFO - [2026-07-25T05:34:41.910+0000] {dag.py:3947} INFO - Setting next_dagrun for youtube_english_video_pipeline to 2026-07-24 12:00:00+00:00, run_after=2026-07-25 12:00:00+00:00
[2026-07-25T05:34:41.935+0000] {processor.py:183} INFO - Processing /opt/airflow/dags/youtube_pipeline.py took 0.166 seconds
[2026-07-25T05:35:12.204+0000] {processor.py:161} INFO - Started process (PID=8472) to work on /opt/airflow/dags/youtube_pipeline.py
[2026-07-25T05:35:12.206+0000] {processor.py:830} INFO - Processing file /opt/airflow/dags/youtube_pipeline.py for tasks to queue
[2026-07-25T05:35:12.208+0000] {logging_mixin.py:188} INFO - [2026-07-25T05:35:12.208+0000] {dagbag.py:545} INFO - Filling up the DagBag from /opt/airflow/dags/youtube_pipeline.py
[2026-07-25T05:35:12.255+0000] {processor.py:840} INFO - DAG(s) 'youtube_english_video_pipeline' retrieved from /opt/airflow/dags/youtube_pipeline.py
[2026-07-25T05:35:12.296+0000] {logging_mixin.py:188} INFO - [2026-07-25T05:35:12.296+0000] {dag.py:3089} INFO - Sync 1 DAGs
[2026-07-25T05:35:12.324+0000] {logging_mixin.py:188} INFO - [2026-07-25T05:35:12.324+0000] {dag.py:3947} INFO - Setting next_dagrun for youtube_english_video_pipeline to 2026-07-24 12:00:00+00:00, run_after=2026-07-25 12:00:00+00:00
[2026-07-25T05:35:12.348+0000] {processor.py:183} INFO - Processing /opt/airflow/dags/youtube_pipeline.py took 0.152 seconds
[2026-07-25T05:35:42.488+0000] {processor.py:161} INFO - Started process (PID=8477) to work on /opt/airflow/dags/youtube_pipeline.py
[2026-07-25T05:35:42.490+0000] {processor.py:830} INFO - Processing file /opt/airflow/dags/youtube_pipeline.py for tasks to queue
[2026-07-25T05:35:42.492+0000] {logging_mixin.py:188} INFO - [2026-07-25T05:35:42.492+0000] {dagbag.py:545} INFO - Filling up the DagBag from /opt/airflow/dags/youtube_pipeline.py
[2026-07-25T05:35:42.545+0000] {processor.py:840} INFO - DAG(s) 'youtube_english_video_pipeline' retrieved from /opt/airflow/dags/youtube_pipeline.py
[2026-07-25T05:35:42.587+0000] {logging_mixin.py:188} INFO - [2026-07-25T05:35:42.587+0000] {dag.py:3089} INFO - Sync 1 DAGs
[2026-07-25T05:35:42.611+0000] {logging_mixin.py:188} INFO - [2026-07-25T05:35:42.611+0000] {dag.py:3947} INFO - Setting next_dagrun for youtube_english_video_pipeline to 2026-07-24 12:00:00+00:00, run_after=2026-07-25 12:00:00+00:00
[2026-07-25T05:35:42.636+0000] {processor.py:183} INFO - Processing /opt/airflow/dags/youtube_pipeline.py took 0.155 seconds
[2026-07-25T05:36:12.923+0000] {processor.py:161} INFO - Started process (PID=8482) to work on /opt/airflow/dags/youtube_pipeline.py
[2026-07-25T05:36:12.925+0000] {processor.py:830} INFO - Processing file /opt/airflow/dags/youtube_pipeline.py for tasks to queue
[2026-07-25T05:36:12.927+0000] {logging_mixin.py:188} INFO - [2026-07-25T05:36:12.927+0000] {dagbag.py:545} INFO - Filling up the DagBag from /opt/airflow/dags/youtube_pipeline.py
[2026-07-25T05:36:12.976+0000] {processor.py:840} INFO - DAG(s) 'youtube_english_video_pipeline' retrieved from /opt/airflow/dags/youtube_pipeline.py
[2026-07-25T05:36:13.010+0000] {logging_mixin.py:188} INFO - [2026-07-25T05:36:13.010+0000] {dag.py:3089} INFO - Sync 1 DAGs
[2026-07-25T05:36:13.035+0000] {logging_mixin.py:188} INFO - [2026-07-25T05:36:13.034+0000] {dag.py:3947} INFO - Setting next_dagrun for youtube_english_video_pipeline to 2026-07-24 12:00:00+00:00, run_after=2026-07-25 12:00:00+00:00
[2026-07-25T05:36:13.060+0000] {processor.py:183} INFO - Processing /opt/airflow/dags/youtube_pipeline.py took 0.145 seconds
[2026-07-25T05:36:43.167+0000] {processor.py:161} INFO - Started process (PID=8487) to work on /opt/airflow/dags/youtube_pipeline.py
[2026-07-25T05:36:43.169+0000] {processor.py:830} INFO - Processing file /opt/airflow/dags/youtube_pipeline.py for tasks to queue
[2026-07-25T05:36:43.171+0000] {logging_mixin.py:188} INFO - [2026-07-25T05:36:43.171+0000] {dagbag.py:545} INFO - Filling up the DagBag from /opt/airflow/dags/youtube_pipeline.py
[2026-07-25T05:36:43.221+0000] {processor.py:840} INFO - DAG(s) 'youtube_english_video_pipeline' retrieved from /opt/airflow/dags/youtube_pipeline.py
[2026-07-25T05:36:43.259+0000] {logging_mixin.py:188} INFO - [2026-07-25T05:36:43.259+0000] {dag.py:3089} INFO - Sync 1 DAGs
[2026-07-25T05:36:43.282+0000] {logging_mixin.py:188} INFO - [2026-07-25T05:36:43.282+0000] {dag.py:3947} INFO - Setting next_dagrun for youtube_english_video_pipeline to 2026-07-24 12:00:00+00:00, run_after=2026-07-25 12:00:00+00:00
[2026-07-25T05:36:43.305+0000] {processor.py:183} INFO - Processing /opt/airflow/dags/youtube_pipeline.py took 0.144 seconds
[2026-07-25T05:37:13.768+0000] {processor.py:161} INFO - Started process (PID=8492) to work on /opt/airflow/dags/youtube_pipeline.py
[2026-07-25T05:37:13.770+0000] {processor.py:830} INFO - Processing file /opt/airflow/dags/youtube_pipeline.py for tasks to queue
[2026-07-25T05:37:13.774+0000] {logging_mixin.py:188} INFO - [2026-07-25T05:37:13.774+0000] {dagbag.py:545} INFO - Filling up the DagBag from /opt/airflow/dags/youtube_pipeline.py
[2026-07-25T05:37:13.823+0000] {processor.py:840} INFO - DAG(s) 'youtube_english_video_pipeline' retrieved from /opt/airflow/dags/youtube_pipeline.py
[2026-07-25T05:37:13.867+0000] {logging_mixin.py:188} INFO - [2026-07-25T05:37:13.867+0000] {dag.py:3089} INFO - Sync 1 DAGs
[2026-07-25T05:37:13.899+0000] {logging_mixin.py:188} INFO - [2026-07-25T05:37:13.899+0000] {dag.py:3947} INFO - Setting next_dagrun for youtube_english_video_pipeline to 2026-07-24 12:00:00+00:00, run_after=2026-07-25 12:00:00+00:00
[2026-07-25T05:37:13.927+0000] {processor.py:183} INFO - Processing /opt/airflow/dags/youtube_pipeline.py took 0.167 seconds
[2026-07-25T05:37:44.012+0000] {processor.py:161} INFO - Started process (PID=8497) to work on /opt/airflow/dags/youtube_pipeline.py
[2026-07-25T05:37:44.014+0000] {processor.py:830} INFO - Processing file /opt/airflow/dags/youtube_pipeline.py for tasks to queue
[2026-07-25T05:37:44.016+0000] {logging_mixin.py:188} INFO - [2026-07-25T05:37:44.016+0000] {dagbag.py:545} INFO - Filling up the DagBag from /opt/airflow/dags/youtube_pipeline.py
[2026-07-25T05:37:44.063+0000] {processor.py:840} INFO - DAG(s) 'youtube_english_video_pipeline' retrieved from /opt/airflow/dags/youtube_pipeline.py
[2026-07-25T05:37:44.103+0000] {logging_mixin.py:188} INFO - [2026-07-25T05:37:44.103+0000] {dag.py:3089} INFO - Sync 1 DAGs
[2026-07-25T05:37:44.128+0000] {logging_mixin.py:188} INFO - [2026-07-25T05:37:44.128+0000] {dag.py:3947} INFO - Setting next_dagrun for youtube_english_video_pipeline to 2026-07-24 12:00:00+00:00, run_after=2026-07-25 12:00:00+00:00
[2026-07-25T05:37:44.166+0000] {processor.py:183} INFO - Processing /opt/airflow/dags/youtube_pipeline.py took 0.162 seconds
[2026-07-25T05:38:14.579+0000] {processor.py:161} INFO - Started process (PID=8502) to work on /opt/airflow/dags/youtube_pipeline.py
[2026-07-25T05:38:14.581+0000] {processor.py:830} INFO - Processing file /opt/airflow/dags/youtube_pipeline.py for tasks to queue
[2026-07-25T05:38:14.585+0000] {logging_mixin.py:188} INFO - [2026-07-25T05:38:14.584+0000] {dagbag.py:545} INFO - Filling up the DagBag from /opt/airflow/dags/youtube_pipeline.py
[2026-07-25T05:38:14.666+0000] {processor.py:840} INFO - DAG(s) 'youtube_english_video_pipeline' retrieved from /opt/airflow/dags/youtube_pipeline.py
[2026-07-25T05:38:14.710+0000] {logging_mixin.py:188} INFO - [2026-07-25T05:38:14.709+0000] {dag.py:3089} INFO - Sync 1 DAGs
[2026-07-25T05:38:14.751+0000] {logging_mixin.py:188} INFO - [2026-07-25T05:38:14.750+0000] {dag.py:3947} INFO - Setting next_dagrun for youtube_english_video_pipeline to 2026-07-24 12:00:00+00:00, run_after=2026-07-25 12:00:00+00:00
[2026-07-25T05:38:14.792+0000] {processor.py:183} INFO - Processing /opt/airflow/dags/youtube_pipeline.py took 0.227 seconds
[2026-07-25T05:38:45.135+0000] {processor.py:161} INFO - Started process (PID=8507) to work on /opt/airflow/dags/youtube_pipeline.py
[2026-07-25T05:38:45.138+0000] {processor.py:830} INFO - Processing file /opt/airflow/dags/youtube_pipeline.py for tasks to queue
[2026-07-25T05:38:45.141+0000] {logging_mixin.py:188} INFO - [2026-07-25T05:38:45.140+0000] {dagbag.py:545} INFO - Filling up the DagBag from /opt/airflow/dags/youtube_pipeline.py
[2026-07-25T05:38:45.194+0000] {processor.py:840} INFO - DAG(s) 'youtube_english_video_pipeline' retrieved from /opt/airflow/dags/youtube_pipeline.py
[2026-07-25T05:38:45.238+0000] {logging_mixin.py:188} INFO - [2026-07-25T05:38:45.238+0000] {dag.py:3089} INFO - Sync 1 DAGs
[2026-07-25T05:38:45.266+0000] {logging_mixin.py:188} INFO - [2026-07-25T05:38:45.266+0000] {dag.py:3947} INFO - Setting next_dagrun for youtube_english_video_pipeline to 2026-07-24 12:00:00+00:00, run_after=2026-07-25 12:00:00+00:00
[2026-07-25T05:38:45.292+0000] {processor.py:183} INFO - Processing /opt/airflow/dags/youtube_pipeline.py took 0.165 seconds
[2026-07-25T07:44:07.653+0000] {processor.py:161} INFO - Started process (PID=8512) to work on /opt/airflow/dags/youtube_pipeline.py
[2026-07-25T07:44:07.666+0000] {processor.py:830} INFO - Processing file /opt/airflow/dags/youtube_pipeline.py for tasks to queue
[2026-07-25T07:44:07.674+0000] {logging_mixin.py:188} INFO - [2026-07-25T07:44:07.673+0000] {dagbag.py:545} INFO - Filling up the DagBag from /opt/airflow/dags/youtube_pipeline.py
[2026-07-25T07:44:07.977+0000] {processor.py:840} INFO - DAG(s) 'youtube_english_video_pipeline' retrieved from /opt/airflow/dags/youtube_pipeline.py
[2026-07-25T07:44:08.016+0000] {logging_mixin.py:188} INFO - [2026-07-25T07:44:08.016+0000] {dag.py:3089} INFO - Sync 1 DAGs
[2026-07-25T07:44:08.040+0000] {logging_mixin.py:188} INFO - [2026-07-25T07:44:08.040+0000] {dag.py:3947} INFO - Setting next_dagrun for youtube_english_video_pipeline to 2026-07-24 12:00:00+00:00, run_after=2026-07-25 12:00:00+00:00
[2026-07-25T07:44:08.140+0000] {processor.py:183} INFO - Processing /opt/airflow/dags/youtube_pipeline.py took 0.507 seconds
[2026-07-25T07:44:38.347+0000] {processor.py:161} INFO - Started process (PID=8517) to work on /opt/airflow/dags/youtube_pipeline.py
[2026-07-25T07:44:38.351+0000] {processor.py:830} INFO - Processing file /opt/airflow/dags/youtube_pipeline.py for tasks to queue
[2026-07-25T07:44:38.355+0000] {logging_mixin.py:188} INFO - [2026-07-25T07:44:38.355+0000] {dagbag.py:545} INFO - Filling up the DagBag from /opt/airflow/dags/youtube_pipeline.py
[2026-07-25T07:44:38.435+0000] {processor.py:840} INFO - DAG(s) 'youtube_english_video_pipeline' retrieved from /opt/airflow/dags/youtube_pipeline.py
[2026-07-25T07:44:38.494+0000] {logging_mixin.py:188} INFO - [2026-07-25T07:44:38.494+0000] {dag.py:3089} INFO - Sync 1 DAGs
[2026-07-25T07:44:38.557+0000] {logging_mixin.py:188} INFO - [2026-07-25T07:44:38.557+0000] {dag.py:3947} INFO - Setting next_dagrun for youtube_english_video_pipeline to 2026-07-24 12:00:00+00:00, run_after=2026-07-25 12:00:00+00:00
[2026-07-25T07:44:38.625+0000] {processor.py:183} INFO - Processing /opt/airflow/dags/youtube_pipeline.py took 0.295 seconds
[2026-07-25T07:45:09.091+0000] {processor.py:161} INFO - Started process (PID=8522) to work on /opt/airflow/dags/youtube_pipeline.py
[2026-07-25T07:45:09.093+0000] {processor.py:830} INFO - Processing file /opt/airflow/dags/youtube_pipeline.py for tasks to queue
[2026-07-25T07:45:09.096+0000] {logging_mixin.py:188} INFO - [2026-07-25T07:45:09.096+0000] {dagbag.py:545} INFO - Filling up the DagBag from /opt/airflow/dags/youtube_pipeline.py
[2026-07-25T07:45:09.144+0000] {processor.py:840} INFO - DAG(s) 'youtube_english_video_pipeline' retrieved from /opt/airflow/dags/youtube_pipeline.py
[2026-07-25T07:45:09.190+0000] {logging_mixin.py:188} INFO - [2026-07-25T07:45:09.190+0000] {dag.py:3089} INFO - Sync 1 DAGs
[2026-07-25T07:45:09.237+0000] {logging_mixin.py:188} INFO - [2026-07-25T07:45:09.236+0000] {dag.py:3947} INFO - Setting next_dagrun for youtube_english_video_pipeline to 2026-07-24 12:00:00+00:00, run_after=2026-07-25 12:00:00+00:00
[2026-07-25T07:45:09.271+0000] {processor.py:183} INFO - Processing /opt/airflow/dags/youtube_pipeline.py took 0.189 seconds
[2026-07-25T07:45:39.569+0000] {processor.py:161} INFO - Started process (PID=8527) to work on /opt/airflow/dags/youtube_pipeline.py
[2026-07-25T07:45:39.571+0000] {processor.py:830} INFO - Processing file /opt/airflow/dags/youtube_pipeline.py for tasks to queue
[2026-07-25T07:45:39.575+0000] {logging_mixin.py:188} INFO - [2026-07-25T07:45:39.574+0000] {dagbag.py:545} INFO - Filling up the DagBag from /opt/airflow/dags/youtube_pipeline.py
[2026-07-25T07:45:39.657+0000] {processor.py:840} INFO - DAG(s) 'youtube_english_video_pipeline' retrieved from /opt/airflow/dags/youtube_pipeline.py
[2026-07-25T07:45:39.735+0000] {logging_mixin.py:188} INFO - [2026-07-25T07:45:39.735+0000] {dag.py:3089} INFO - Sync 1 DAGs
[2026-07-25T07:45:39.779+0000] {logging_mixin.py:188} INFO - [2026-07-25T07:45:39.778+0000] {dag.py:3947} INFO - Setting next_dagrun for youtube_english_video_pipeline to 2026-07-24 12:00:00+00:00, run_after=2026-07-25 12:00:00+00:00
[2026-07-25T07:45:39.817+0000] {processor.py:183} INFO - Processing /opt/airflow/dags/youtube_pipeline.py took 0.259 seconds
[2026-07-25T07:46:10.106+0000] {processor.py:161} INFO - Started process (PID=8532) to work on /opt/airflow/dags/youtube_pipeline.py
[2026-07-25T07:46:10.108+0000] {processor.py:830} INFO - Processing file /opt/airflow/dags/youtube_pipeline.py for tasks to queue
[2026-07-25T07:46:10.111+0000] {logging_mixin.py:188} INFO - [2026-07-25T07:46:10.111+0000] {dagbag.py:545} INFO - Filling up the DagBag from /opt/airflow/dags/youtube_pipeline.py
[2026-07-25T07:46:10.172+0000] {processor.py:840} INFO - DAG(s) 'youtube_english_video_pipeline' retrieved from /opt/airflow/dags/youtube_pipeline.py
[2026-07-25T07:46:10.218+0000] {logging_mixin.py:188} INFO - [2026-07-25T07:46:10.218+0000] {dag.py:3089} INFO - Sync 1 DAGs
[2026-07-25T07:46:10.242+0000] {logging_mixin.py:188} INFO - [2026-07-25T07:46:10.242+0000] {dag.py:3947} INFO - Setting next_dagrun for youtube_english_video_pipeline to 2026-07-24 12:00:00+00:00, run_after=2026-07-25 12:00:00+00:00
[2026-07-25T07:46:10.265+0000] {processor.py:183} INFO - Processing /opt/airflow/dags/youtube_pipeline.py took 0.167 seconds
[2026-07-25T07:46:40.515+0000] {processor.py:161} INFO - Started process (PID=8537) to work on /opt/airflow/dags/youtube_pipeline.py
[2026-07-25T07:46:40.517+0000] {processor.py:830} INFO - Processing file /opt/airflow/dags/youtube_pipeline.py for tasks to queue
[2026-07-25T07:46:40.519+0000] {logging_mixin.py:188} INFO - [2026-07-25T07:46:40.519+0000] {dagbag.py:545} INFO - Filling up the DagBag from /opt/airflow/dags/youtube_pipeline.py
[2026-07-25T07:46:40.556+0000] {processor.py:840} INFO - DAG(s) 'youtube_english_video_pipeline' retrieved from /opt/airflow/dags/youtube_pipeline.py
[2026-07-25T07:46:40.597+0000] {logging_mixin.py:188} INFO - [2026-07-25T07:46:40.597+0000] {dag.py:3089} INFO - Sync 1 DAGs
[2026-07-25T07:46:40.621+0000] {logging_mixin.py:188} INFO - [2026-07-25T07:46:40.621+0000] {dag.py:3947} INFO - Setting next_dagrun for youtube_english_video_pipeline to 2026-07-24 12:00:00+00:00, run_after=2026-07-25 12:00:00+00:00
[2026-07-25T07:46:40.646+0000] {processor.py:183} INFO - Processing /opt/airflow/dags/youtube_pipeline.py took 0.139 seconds
[2026-07-25T07:47:10.790+0000] {processor.py:161} INFO - Started process (PID=8542) to work on /opt/airflow/dags/youtube_pipeline.py
[2026-07-25T07:47:10.791+0000] {processor.py:830} INFO - Processing file /opt/airflow/dags/youtube_pipeline.py for tasks to queue
[2026-07-25T07:47:10.794+0000] {logging_mixin.py:188} INFO - [2026-07-25T07:47:10.793+0000] {dagbag.py:545} INFO - Filling up the DagBag from /opt/airflow/dags/youtube_pipeline.py
[2026-07-25T07:47:10.842+0000] {processor.py:840} INFO - DAG(s) 'youtube_english_video_pipeline' retrieved from /opt/airflow/dags/youtube_pipeline.py
[2026-07-25T07:47:10.879+0000] {logging_mixin.py:188} INFO - [2026-07-25T07:47:10.878+0000] {dag.py:3089} INFO - Sync 1 DAGs
[2026-07-25T07:47:10.901+0000] {logging_mixin.py:188} INFO - [2026-07-25T07:47:10.900+0000] {dag.py:3947} INFO - Setting next_dagrun for youtube_english_video_pipeline to 2026-07-24 12:00:00+00:00, run_after=2026-07-25 12:00:00+00:00
[2026-07-25T07:47:10.922+0000] {processor.py:183} INFO - Processing /opt/airflow/dags/youtube_pipeline.py took 0.140 seconds
[2026-07-25T07:47:41.032+0000] {processor.py:161} INFO - Started process (PID=8547) to work on /opt/airflow/dags/youtube_pipeline.py
[2026-07-25T07:47:41.034+0000] {processor.py:830} INFO - Processing file /opt/airflow/dags/youtube_pipeline.py for tasks to queue
[2026-07-25T07:47:41.036+0000] {logging_mixin.py:188} INFO - [2026-07-25T07:47:41.035+0000] {dagbag.py:545} INFO - Filling up the DagBag from /opt/airflow/dags/youtube_pipeline.py
[2026-07-25T07:47:41.075+0000] {processor.py:840} INFO - DAG(s) 'youtube_english_video_pipeline' retrieved from /opt/airflow/dags/youtube_pipeline.py
[2026-07-25T07:47:41.118+0000] {logging_mixin.py:188} INFO - [2026-07-25T07:47:41.118+0000] {dag.py:3089} INFO - Sync 1 DAGs
[2026-07-25T07:47:41.151+0000] {logging_mixin.py:188} INFO - [2026-07-25T07:47:41.150+0000] {dag.py:3947} INFO - Setting next_dagrun for youtube_english_video_pipeline to 2026-07-24 12:00:00+00:00, run_after=2026-07-25 12:00:00+00:00
[2026-07-25T07:47:41.187+0000] {processor.py:183} INFO - Processing /opt/airflow/dags/youtube_pipeline.py took 0.166 seconds
[2026-07-25T07:48:11.436+0000] {processor.py:161} INFO - Started process (PID=8552) to work on /opt/airflow/dags/youtube_pipeline.py
[2026-07-25T07:48:11.438+0000] {processor.py:830} INFO - Processing file /opt/airflow/dags/youtube_pipeline.py for tasks to queue
[2026-07-25T07:48:11.440+0000] {logging_mixin.py:188} INFO - [2026-07-25T07:48:11.440+0000] {dagbag.py:545} INFO - Filling up the DagBag from /opt/airflow/dags/youtube_pipeline.py
[2026-07-25T07:48:11.477+0000] {processor.py:840} INFO - DAG(s) 'youtube_english_video_pipeline' retrieved from /opt/airflow/dags/youtube_pipeline.py
[2026-07-25T07:48:11.516+0000] {logging_mixin.py:188} INFO - [2026-07-25T07:48:11.516+0000] {dag.py:3089} INFO - Sync 1 DAGs
[2026-07-25T07:48:11.538+0000] {logging_mixin.py:188} INFO - [2026-07-25T07:48:11.538+0000] {dag.py:3947} INFO - Setting next_dagrun for youtube_english_video_pipeline to 2026-07-24 12:00:00+00:00, run_after=2026-07-25 12:00:00+00:00
[2026-07-25T07:48:11.560+0000] {processor.py:183} INFO - Processing /opt/airflow/dags/youtube_pipeline.py took 0.135 seconds
[2026-07-25T07:48:41.677+0000] {processor.py:161} INFO - Started process (PID=8557) to work on /opt/airflow/dags/youtube_pipeline.py
[2026-07-25T07:48:41.678+0000] {processor.py:830} INFO - Processing file /opt/airflow/dags/youtube_pipeline.py for tasks to queue
[2026-07-25T07:48:41.680+0000] {logging_mixin.py:188} INFO - [2026-07-25T07:48:41.680+0000] {dagbag.py:545} INFO - Filling up the DagBag from /opt/airflow/dags/youtube_pipeline.py
[2026-07-25T07:48:41.712+0000] {processor.py:840} INFO - DAG(s) 'youtube_english_video_pipeline' retrieved from /opt/airflow/dags/youtube_pipeline.py
[2026-07-25T07:48:41.757+0000] {logging_mixin.py:188} INFO - [2026-07-25T07:48:41.757+0000] {dag.py:3089} INFO - Sync 1 DAGs
[2026-07-25T07:48:41.784+0000] {logging_mixin.py:188} INFO - [2026-07-25T07:48:41.784+0000] {dag.py:3947} INFO - Setting next_dagrun for youtube_english_video_pipeline to 2026-07-24 12:00:00+00:00, run_after=2026-07-25 12:00:00+00:00
[2026-07-25T07:48:41.811+0000] {processor.py:183} INFO - Processing /opt/airflow/dags/youtube_pipeline.py took 0.143 seconds
[2026-07-25T07:49:12.158+0000] {processor.py:161} INFO - Started process (PID=8562) to work on /opt/airflow/dags/youtube_pipeline.py
[2026-07-25T07:49:12.160+0000] {processor.py:830} INFO - Processing file /opt/airflow/dags/youtube_pipeline.py for tasks to queue
[2026-07-25T07:49:12.162+0000] {logging_mixin.py:188} INFO - [2026-07-25T07:49:12.162+0000] {dagbag.py:545} INFO - Filling up the DagBag from /opt/airflow/dags/youtube_pipeline.py
[2026-07-25T07:49:12.193+0000] {processor.py:840} INFO - DAG(s) 'youtube_english_video_pipeline' retrieved from /opt/airflow/dags/youtube_pipeline.py
[2026-07-25T07:49:12.231+0000] {logging_mixin.py:188} INFO - [2026-07-25T07:49:12.230+0000] {dag.py:3089} INFO - Sync 1 DAGs
[2026-07-25T07:49:12.255+0000] {logging_mixin.py:188} INFO - [2026-07-25T07:49:12.255+0000] {dag.py:3947} INFO - Setting next_dagrun for youtube_english_video_pipeline to 2026-07-24 12:00:00+00:00, run_after=2026-07-25 12:00:00+00:00
[2026-07-25T07:49:12.277+0000] {processor.py:183} INFO - Processing /opt/airflow/dags/youtube_pipeline.py took 0.129 seconds
[2026-07-25T07:49:42.368+0000] {processor.py:161} INFO - Started process (PID=8567) to work on /opt/airflow/dags/youtube_pipeline.py
[2026-07-25T07:49:42.370+0000] {processor.py:830} INFO - Processing file /opt/airflow/dags/youtube_pipeline.py for tasks to queue
[2026-07-25T07:49:42.372+0000] {logging_mixin.py:188} INFO - [2026-07-25T07:49:42.372+0000] {dagbag.py:545} INFO - Filling up the DagBag from /opt/airflow/dags/youtube_pipeline.py
[2026-07-25T07:49:42.401+0000] {processor.py:840} INFO - DAG(s) 'youtube_english_video_pipeline' retrieved from /opt/airflow/dags/youtube_pipeline.py
[2026-07-25T07:49:42.435+0000] {logging_mixin.py:188} INFO - [2026-07-25T07:49:42.435+0000] {dag.py:3089} INFO - Sync 1 DAGs
[2026-07-25T07:49:42.456+0000] {logging_mixin.py:188} INFO - [2026-07-25T07:49:42.456+0000] {dag.py:3947} INFO - Setting next_dagrun for youtube_english_video_pipeline to 2026-07-24 12:00:00+00:00, run_after=2026-07-25 12:00:00+00:00
[2026-07-25T07:49:42.478+0000] {processor.py:183} INFO - Processing /opt/airflow/dags/youtube_pipeline.py took 0.117 seconds
[2026-07-25T07:50:12.884+0000] {processor.py:161} INFO - Started process (PID=8572) to work on /opt/airflow/dags/youtube_pipeline.py
[2026-07-25T07:50:12.888+0000] {processor.py:830} INFO - Processing file /opt/airflow/dags/youtube_pipeline.py for tasks to queue
[2026-07-25T07:50:12.894+0000] {logging_mixin.py:188} INFO - [2026-07-25T07:50:12.893+0000] {dagbag.py:545} INFO - Filling up the DagBag from /opt/airflow/dags/youtube_pipeline.py
[2026-07-25T07:50:13.022+0000] {processor.py:840} INFO - DAG(s) 'youtube_english_video_pipeline' retrieved from /opt/airflow/dags/youtube_pipeline.py
[2026-07-25T07:50:13.102+0000] {logging_mixin.py:188} INFO - [2026-07-25T07:50:13.101+0000] {dag.py:3089} INFO - Sync 1 DAGs
[2026-07-25T07:50:13.136+0000] {logging_mixin.py:188} INFO - [2026-07-25T07:50:13.136+0000] {dag.py:3947} INFO - Setting next_dagrun for youtube_english_video_pipeline to 2026-07-24 12:00:00+00:00, run_after=2026-07-25 12:00:00+00:00
[2026-07-25T07:50:13.175+0000] {processor.py:183} INFO - Processing /opt/airflow/dags/youtube_pipeline.py took 0.312 seconds
[2026-07-25T07:50:43.472+0000] {processor.py:161} INFO - Started process (PID=8577) to work on /opt/airflow/dags/youtube_pipeline.py
[2026-07-25T07:50:43.474+0000] {processor.py:830} INFO - Processing file /opt/airflow/dags/youtube_pipeline.py for tasks to queue
[2026-07-25T07:50:43.478+0000] {logging_mixin.py:188} INFO - [2026-07-25T07:50:43.477+0000] {dagbag.py:545} INFO - Filling up the DagBag from /opt/airflow/dags/youtube_pipeline.py
[2026-07-25T07:50:43.543+0000] {processor.py:840} INFO - DAG(s) 'youtube_english_video_pipeline' retrieved from /opt/airflow/dags/youtube_pipeline.py
[2026-07-25T07:50:43.586+0000] {logging_mixin.py:188} INFO - [2026-07-25T07:50:43.586+0000] {dag.py:3089} INFO - Sync 1 DAGs
[2026-07-25T07:50:43.612+0000] {logging_mixin.py:188} INFO - [2026-07-25T07:50:43.612+0000] {dag.py:3947} INFO - Setting next_dagrun for youtube_english_video_pipeline to 2026-07-24 12:00:00+00:00, run_after=2026-07-25 12:00:00+00:00
[2026-07-25T07:50:43.634+0000] {processor.py:183} INFO - Processing /opt/airflow/dags/youtube_pipeline.py took 0.171 seconds
[2026-07-25T07:51:13.718+0000] {processor.py:161} INFO - Started process (PID=8582) to work on /opt/airflow/dags/youtube_pipeline.py
[2026-07-25T07:51:13.720+0000] {processor.py:830} INFO - Processing file /opt/airflow/dags/youtube_pipeline.py for tasks to queue
[2026-07-25T07:51:13.722+0000] {logging_mixin.py:188} INFO - [2026-07-25T07:51:13.722+0000] {dagbag.py:545} INFO - Filling up the DagBag from /opt/airflow/dags/youtube_pipeline.py
[2026-07-25T07:51:13.761+0000] {processor.py:840} INFO - DAG(s) 'youtube_english_video_pipeline' retrieved from /opt/airflow/dags/youtube_pipeline.py
[2026-07-25T07:51:13.807+0000] {logging_mixin.py:188} INFO - [2026-07-25T07:51:13.806+0000] {dag.py:3089} INFO - Sync 1 DAGs
[2026-07-25T07:51:13.833+0000] {logging_mixin.py:188} INFO - [2026-07-25T07:51:13.833+0000] {dag.py:3947} INFO - Setting next_dagrun for youtube_english_video_pipeline to 2026-07-24 12:00:00+00:00, run_after=2026-07-25 12:00:00+00:00
[2026-07-25T07:51:13.859+0000] {processor.py:183} INFO - Processing /opt/airflow/dags/youtube_pipeline.py took 0.148 seconds
[2026-07-25T07:51:43.983+0000] {processor.py:161} INFO - Started process (PID=8587) to work on /opt/airflow/dags/youtube_pipeline.py
[2026-07-25T07:51:43.985+0000] {processor.py:830} INFO - Processing file /opt/airflow/dags/youtube_pipeline.py for tasks to queue
[2026-07-25T07:51:43.988+0000] {logging_mixin.py:188} INFO - [2026-07-25T07:51:43.987+0000] {dagbag.py:545} INFO - Filling up the DagBag from /opt/airflow/dags/youtube_pipeline.py
[2026-07-25T07:51:44.017+0000] {processor.py:840} INFO - DAG(s) 'youtube_english_video_pipeline' retrieved from /opt/airflow/dags/youtube_pipeline.py
[2026-07-25T07:51:44.055+0000] {logging_mixin.py:188} INFO - [2026-07-25T07:51:44.055+0000] {dag.py:3089} INFO - Sync 1 DAGs
[2026-07-25T07:51:44.076+0000] {logging_mixin.py:188} INFO - [2026-07-25T07:51:44.076+0000] {dag.py:3947} INFO - Setting next_dagrun for youtube_english_video_pipeline to 2026-07-24 12:00:00+00:00, run_after=2026-07-25 12:00:00+00:00
[2026-07-25T07:51:44.099+0000] {processor.py:183} INFO - Processing /opt/airflow/dags/youtube_pipeline.py took 0.124 seconds
[2026-07-25T07:52:14.252+0000] {processor.py:161} INFO - Started process (PID=8592) to work on /opt/airflow/dags/youtube_pipeline.py
[2026-07-25T07:52:14.254+0000] {processor.py:830} INFO - Processing file /opt/airflow/dags/youtube_pipeline.py for tasks to queue
[2026-07-25T07:52:14.258+0000] {logging_mixin.py:188} INFO - [2026-07-25T07:52:14.257+0000] {dagbag.py:545} INFO - Filling up the DagBag from /opt/airflow/dags/youtube_pipeline.py
[2026-07-25T07:52:14.300+0000] {processor.py:840} INFO - DAG(s) 'youtube_english_video_pipeline' retrieved from /opt/airflow/dags/youtube_pipeline.py
[2026-07-25T07:52:14.346+0000] {logging_mixin.py:188} INFO - [2026-07-25T07:52:14.346+0000] {dag.py:3089} INFO - Sync 1 DAGs
[2026-07-25T07:52:14.374+0000] {logging_mixin.py:188} INFO - [2026-07-25T07:52:14.374+0000] {dag.py:3947} INFO - Setting next_dagrun for youtube_english_video_pipeline to 2026-07-24 12:00:00+00:00, run_after=2026-07-25 12:00:00+00:00
[2026-07-25T07:52:14.398+0000] {processor.py:183} INFO - Processing /opt/airflow/dags/youtube_pipeline.py took 0.157 seconds
[2026-07-25T07:52:44.637+0000] {processor.py:161} INFO - Started process (PID=8597) to work on /opt/airflow/dags/youtube_pipeline.py
[2026-07-25T07:52:44.640+0000] {processor.py:830} INFO - Processing file /opt/airflow/dags/youtube_pipeline.py for tasks to queue
[2026-07-25T07:52:44.642+0000] {logging_mixin.py:188} INFO - [2026-07-25T07:52:44.642+0000] {dagbag.py:545} INFO - Filling up the DagBag from /opt/airflow/dags/youtube_pipeline.py
[2026-07-25T07:52:44.695+0000] {processor.py:840} INFO - DAG(s) 'youtube_english_video_pipeline' retrieved from /opt/airflow/dags/youtube_pipeline.py
[2026-07-25T07:52:44.736+0000] {logging_mixin.py:188} INFO - [2026-07-25T07:52:44.735+0000] {dag.py:3089} INFO - Sync 1 DAGs
[2026-07-25T07:52:44.763+0000] {logging_mixin.py:188} INFO - [2026-07-25T07:52:44.762+0000] {dag.py:3947} INFO - Setting next_dagrun for youtube_english_video_pipeline to 2026-07-24 12:00:00+00:00, run_after=2026-07-25 12:00:00+00:00
[2026-07-25T07:52:44.786+0000] {processor.py:183} INFO - Processing /opt/airflow/dags/youtube_pipeline.py took 0.160 seconds
[2026-07-25T07:53:14.963+0000] {processor.py:161} INFO - Started process (PID=8602) to work on /opt/airflow/dags/youtube_pipeline.py
[2026-07-25T07:53:14.964+0000] {processor.py:830} INFO - Processing file /opt/airflow/dags/youtube_pipeline.py for tasks to queue
[2026-07-25T07:53:14.967+0000] {logging_mixin.py:188} INFO - [2026-07-25T07:53:14.966+0000] {dagbag.py:545} INFO - Filling up the DagBag from /opt/airflow/dags/youtube_pipeline.py
[2026-07-25T07:53:15.013+0000] {processor.py:840} INFO - DAG(s) 'youtube_english_video_pipeline' retrieved from /opt/airflow/dags/youtube_pipeline.py
[2026-07-25T07:53:15.046+0000] {logging_mixin.py:188} INFO - [2026-07-25T07:53:15.046+0000] {dag.py:3089} INFO - Sync 1 DAGs
[2026-07-25T07:53:15.069+0000] {logging_mixin.py:188} INFO - [2026-07-25T07:53:15.069+0000] {dag.py:3947} INFO - Setting next_dagrun for youtube_english_video_pipeline to 2026-07-24 12:00:00+00:00, run_after=2026-07-25 12:00:00+00:00
[2026-07-25T07:53:15.091+0000] {processor.py:183} INFO - Processing /opt/airflow/dags/youtube_pipeline.py took 0.137 seconds
[2026-07-25T07:53:45.369+0000] {processor.py:161} INFO - Started process (PID=8607) to work on /opt/airflow/dags/youtube_pipeline.py
[2026-07-25T07:53:45.371+0000] {processor.py:830} INFO - Processing file /opt/airflow/dags/youtube_pipeline.py for tasks to queue
[2026-07-25T07:53:45.373+0000] {logging_mixin.py:188} INFO - [2026-07-25T07:53:45.373+0000] {dagbag.py:545} INFO - Filling up the DagBag from /opt/airflow/dags/youtube_pipeline.py
[2026-07-25T07:53:45.415+0000] {processor.py:840} INFO - DAG(s) 'youtube_english_video_pipeline' retrieved from /opt/airflow/dags/youtube_pipeline.py
[2026-07-25T07:53:45.447+0000] {logging_mixin.py:188} INFO - [2026-07-25T07:53:45.447+0000] {dag.py:3089} INFO - Sync 1 DAGs
[2026-07-25T07:53:45.478+0000] {logging_mixin.py:188} INFO - [2026-07-25T07:53:45.478+0000] {dag.py:3947} INFO - Setting next_dagrun for youtube_english_video_pipeline to 2026-07-24 12:00:00+00:00, run_after=2026-07-25 12:00:00+00:00
[2026-07-25T07:53:45.499+0000] {processor.py:183} INFO - Processing /opt/airflow/dags/youtube_pipeline.py took 0.137 seconds
[2026-07-25T07:54:15.722+0000] {processor.py:161} INFO - Started process (PID=8612) to work on /opt/airflow/dags/youtube_pipeline.py
[2026-07-25T07:54:15.724+0000] {processor.py:830} INFO - Processing file /opt/airflow/dags/youtube_pipeline.py for tasks to queue
[2026-07-25T07:54:15.726+0000] {logging_mixin.py:188} INFO - [2026-07-25T07:54:15.726+0000] {dagbag.py:545} INFO - Filling up the DagBag from /opt/airflow/dags/youtube_pipeline.py
[2026-07-25T07:54:15.769+0000] {processor.py:840} INFO - DAG(s) 'youtube_english_video_pipeline' retrieved from /opt/airflow/dags/youtube_pipeline.py
[2026-07-25T07:54:15.805+0000] {logging_mixin.py:188} INFO - [2026-07-25T07:54:15.805+0000] {dag.py:3089} INFO - Sync 1 DAGs
[2026-07-25T07:54:15.828+0000] {logging_mixin.py:188} INFO - [2026-07-25T07:54:15.828+0000] {dag.py:3947} INFO - Setting next_dagrun for youtube_english_video_pipeline to 2026-07-24 12:00:00+00:00, run_after=2026-07-25 12:00:00+00:00
[2026-07-25T07:54:15.851+0000] {processor.py:183} INFO - Processing /opt/airflow/dags/youtube_pipeline.py took 0.142 seconds
[2026-07-25T07:54:46.109+0000] {processor.py:161} INFO - Started process (PID=8617) to work on /opt/airflow/dags/youtube_pipeline.py
[2026-07-25T07:54:46.112+0000] {processor.py:830} INFO - Processing file /opt/airflow/dags/youtube_pipeline.py for tasks to queue
[2026-07-25T07:54:46.119+0000] {logging_mixin.py:188} INFO - [2026-07-25T07:54:46.118+0000] {dagbag.py:545} INFO - Filling up the DagBag from /opt/airflow/dags/youtube_pipeline.py
[2026-07-25T07:54:46.188+0000] {processor.py:840} INFO - DAG(s) 'youtube_english_video_pipeline' retrieved from /opt/airflow/dags/youtube_pipeline.py
[2026-07-25T07:54:46.240+0000] {logging_mixin.py:188} INFO - [2026-07-25T07:54:46.240+0000] {dag.py:3089} INFO - Sync 1 DAGs
[2026-07-25T07:54:46.275+0000] {logging_mixin.py:188} INFO - [2026-07-25T07:54:46.274+0000] {dag.py:3947} INFO - Setting next_dagrun for youtube_english_video_pipeline to 2026-07-24 12:00:00+00:00, run_after=2026-07-25 12:00:00+00:00
[2026-07-25T07:54:46.305+0000] {processor.py:183} INFO - Processing /opt/airflow/dags/youtube_pipeline.py took 0.207 seconds
[2026-07-25T07:55:16.408+0000] {processor.py:161} INFO - Started process (PID=8622) to work on /opt/airflow/dags/youtube_pipeline.py
[2026-07-25T07:55:16.411+0000] {processor.py:830} INFO - Processing file /opt/airflow/dags/youtube_pipeline.py for tasks to queue
[2026-07-25T07:55:16.414+0000] {logging_mixin.py:188} INFO - [2026-07-25T07:55:16.413+0000] {dagbag.py:545} INFO - Filling up the DagBag from /opt/airflow/dags/youtube_pipeline.py
[2026-07-25T07:55:16.460+0000] {processor.py:840} INFO - DAG(s) 'youtube_english_video_pipeline' retrieved from /opt/airflow/dags/youtube_pipeline.py
[2026-07-25T07:55:16.513+0000] {logging_mixin.py:188} INFO - [2026-07-25T07:55:16.513+0000] {dag.py:3089} INFO - Sync 1 DAGs
[2026-07-25T07:55:16.553+0000] {logging_mixin.py:188} INFO - [2026-07-25T07:55:16.552+0000] {dag.py:3947} INFO - Setting next_dagrun for youtube_english_video_pipeline to 2026-07-24 12:00:00+00:00, run_after=2026-07-25 12:00:00+00:00
[2026-07-25T07:55:16.591+0000] {processor.py:183} INFO - Processing /opt/airflow/dags/youtube_pipeline.py took 0.194 seconds
[2026-07-25T07:55:46.732+0000] {processor.py:161} INFO - Started process (PID=8627) to work on /opt/airflow/dags/youtube_pipeline.py
[2026-07-25T07:55:46.737+0000] {processor.py:830} INFO - Processing file /opt/airflow/dags/youtube_pipeline.py for tasks to queue
[2026-07-25T07:55:46.742+0000] {logging_mixin.py:188} INFO - [2026-07-25T07:55:46.741+0000] {dagbag.py:545} INFO - Filling up the DagBag from /opt/airflow/dags/youtube_pipeline.py
[2026-07-25T07:55:46.812+0000] {processor.py:840} INFO - DAG(s) 'youtube_english_video_pipeline' retrieved from /opt/airflow/dags/youtube_pipeline.py
[2026-07-25T07:55:46.851+0000] {logging_mixin.py:188} INFO - [2026-07-25T07:55:46.851+0000] {dag.py:3089} INFO - Sync 1 DAGs
[2026-07-25T07:55:46.879+0000] {logging_mixin.py:188} INFO - [2026-07-25T07:55:46.879+0000] {dag.py:3947} INFO - Setting next_dagrun for youtube_english_video_pipeline to 2026-07-24 12:00:00+00:00, run_after=2026-07-25 12:00:00+00:00
[2026-07-25T07:55:46.906+0000] {processor.py:183} INFO - Processing /opt/airflow/dags/youtube_pipeline.py took 0.195 seconds
[2026-07-25T07:56:17.180+0000] {processor.py:161} INFO - Started process (PID=8632) to work on /opt/airflow/dags/youtube_pipeline.py
[2026-07-25T07:56:17.182+0000] {processor.py:830} INFO - Processing file /opt/airflow/dags/youtube_pipeline.py for tasks to queue
[2026-07-25T07:56:17.184+0000] {logging_mixin.py:188} INFO - [2026-07-25T07:56:17.184+0000] {dagbag.py:545} INFO - Filling up the DagBag from /opt/airflow/dags/youtube_pipeline.py
[2026-07-25T07:56:17.233+0000] {processor.py:840} INFO - DAG(s) 'youtube_english_video_pipeline' retrieved from /opt/airflow/dags/youtube_pipeline.py
[2026-07-25T07:56:17.266+0000] {logging_mixin.py:188} INFO - [2026-07-25T07:56:17.266+0000] {dag.py:3089} INFO - Sync 1 DAGs
[2026-07-25T07:56:17.290+0000] {logging_mixin.py:188} INFO - [2026-07-25T07:56:17.289+0000] {dag.py:3947} INFO - Setting next_dagrun for youtube_english_video_pipeline to 2026-07-24 12:00:00+00:00, run_after=2026-07-25 12:00:00+00:00
[2026-07-25T07:56:17.311+0000] {processor.py:183} INFO - Processing /opt/airflow/dags/youtube_pipeline.py took 0.141 seconds
[2026-07-25T07:56:47.480+0000] {processor.py:161} INFO - Started process (PID=8637) to work on /opt/airflow/dags/youtube_pipeline.py
[2026-07-25T07:56:47.483+0000] {processor.py:830} INFO - Processing file /opt/airflow/dags/youtube_pipeline.py for tasks to queue
[2026-07-25T07:56:47.486+0000] {logging_mixin.py:188} INFO - [2026-07-25T07:56:47.485+0000] {dagbag.py:545} INFO - Filling up the DagBag from /opt/airflow/dags/youtube_pipeline.py
[2026-07-25T07:56:47.523+0000] {processor.py:840} INFO - DAG(s) 'youtube_english_video_pipeline' retrieved from /opt/airflow/dags/youtube_pipeline.py
[2026-07-25T07:56:47.565+0000] {logging_mixin.py:188} INFO - [2026-07-25T07:56:47.564+0000] {dag.py:3089} INFO - Sync 1 DAGs
[2026-07-25T07:56:47.587+0000] {logging_mixin.py:188} INFO - [2026-07-25T07:56:47.586+0000] {dag.py:3947} INFO - Setting next_dagrun for youtube_english_video_pipeline to 2026-07-24 12:00:00+00:00, run_after=2026-07-25 12:00:00+00:00
[2026-07-25T07:56:47.611+0000] {processor.py:183} INFO - Processing /opt/airflow/dags/youtube_pipeline.py took 0.139 seconds
[2026-07-25T07:57:17.881+0000] {processor.py:161} INFO - Started process (PID=8642) to work on /opt/airflow/dags/youtube_pipeline.py
[2026-07-25T07:57:17.882+0000] {processor.py:830} INFO - Processing file /opt/airflow/dags/youtube_pipeline.py for tasks to queue
[2026-07-25T07:57:17.885+0000] {logging_mixin.py:188} INFO - [2026-07-25T07:57:17.884+0000] {dagbag.py:545} INFO - Filling up the DagBag from /opt/airflow/dags/youtube_pipeline.py
[2026-07-25T07:57:17.930+0000] {processor.py:840} INFO - DAG(s) 'youtube_english_video_pipeline' retrieved from /opt/airflow/dags/youtube_pipeline.py
[2026-07-25T07:57:17.962+0000] {logging_mixin.py:188} INFO - [2026-07-25T07:57:17.962+0000] {dag.py:3089} INFO - Sync 1 DAGs
[2026-07-25T07:57:17.983+0000] {logging_mixin.py:188} INFO - [2026-07-25T07:57:17.982+0000] {dag.py:3947} INFO - Setting next_dagrun for youtube_english_video_pipeline to 2026-07-24 12:00:00+00:00, run_after=2026-07-25 12:00:00+00:00
[2026-07-25T07:57:18.002+0000] {processor.py:183} INFO - Processing /opt/airflow/dags/youtube_pipeline.py took 0.128 seconds
[2026-07-25T07:57:48.163+0000] {processor.py:161} INFO - Started process (PID=8647) to work on /opt/airflow/dags/youtube_pipeline.py
[2026-07-25T07:57:48.164+0000] {processor.py:830} INFO - Processing file /opt/airflow/dags/youtube_pipeline.py for tasks to queue
[2026-07-25T07:57:48.167+0000] {logging_mixin.py:188} INFO - [2026-07-25T07:57:48.166+0000] {dagbag.py:545} INFO - Filling up the DagBag from /opt/airflow/dags/youtube_pipeline.py
[2026-07-25T07:57:48.208+0000] {processor.py:840} INFO - DAG(s) 'youtube_english_video_pipeline' retrieved from /opt/airflow/dags/youtube_pipeline.py
[2026-07-25T07:57:48.241+0000] {logging_mixin.py:188} INFO - [2026-07-25T07:57:48.241+0000] {dag.py:3089} INFO - Sync 1 DAGs
[2026-07-25T07:57:48.278+0000] {logging_mixin.py:188} INFO - [2026-07-25T07:57:48.278+0000] {dag.py:3947} INFO - Setting next_dagrun for youtube_english_video_pipeline to 2026-07-24 12:00:00+00:00, run_after=2026-07-25 12:00:00+00:00
[2026-07-25T07:57:48.314+0000] {processor.py:183} INFO - Processing /opt/airflow/dags/youtube_pipeline.py took 0.159 seconds
[2026-07-25T07:58:18.556+0000] {processor.py:161} INFO - Started process (PID=8652) to work on /opt/airflow/dags/youtube_pipeline.py
[2026-07-25T07:58:18.557+0000] {processor.py:830} INFO - Processing file /opt/airflow/dags/youtube_pipeline.py for tasks to queue
[2026-07-25T07:58:18.560+0000] {logging_mixin.py:188} INFO - [2026-07-25T07:58:18.559+0000] {dagbag.py:545} INFO - Filling up the DagBag from /opt/airflow/dags/youtube_pipeline.py
[2026-07-25T07:58:18.591+0000] {processor.py:840} INFO - DAG(s) 'youtube_english_video_pipeline' retrieved from /opt/airflow/dags/youtube_pipeline.py
[2026-07-25T07:58:18.627+0000] {logging_mixin.py:188} INFO - [2026-07-25T07:58:18.627+0000] {dag.py:3089} INFO - Sync 1 DAGs
[2026-07-25T07:58:18.649+0000] {logging_mixin.py:188} INFO - [2026-07-25T07:58:18.649+0000] {dag.py:3947} INFO - Setting next_dagrun for youtube_english_video_pipeline to 2026-07-24 12:00:00+00:00, run_after=2026-07-25 12:00:00+00:00
[2026-07-25T07:58:18.674+0000] {processor.py:183} INFO - Processing /opt/airflow/dags/youtube_pipeline.py took 0.124 seconds
[2026-07-25T07:58:48.873+0000] {processor.py:161} INFO - Started process (PID=8657) to work on /opt/airflow/dags/youtube_pipeline.py
[2026-07-25T07:58:48.874+0000] {processor.py:830} INFO - Processing file /opt/airflow/dags/youtube_pipeline.py for tasks to queue
[2026-07-25T07:58:48.877+0000] {logging_mixin.py:188} INFO - [2026-07-25T07:58:48.876+0000] {dagbag.py:545} INFO - Filling up the DagBag from /opt/airflow/dags/youtube_pipeline.py
[2026-07-25T07:58:48.923+0000] {processor.py:840} INFO - DAG(s) 'youtube_english_video_pipeline' retrieved from /opt/airflow/dags/youtube_pipeline.py
[2026-07-25T07:58:48.960+0000] {logging_mixin.py:188} INFO - [2026-07-25T07:58:48.960+0000] {dag.py:3089} INFO - Sync 1 DAGs
[2026-07-25T07:58:48.984+0000] {logging_mixin.py:188} INFO - [2026-07-25T07:58:48.983+0000] {dag.py:3947} INFO - Setting next_dagrun for youtube_english_video_pipeline to 2026-07-24 12:00:00+00:00, run_after=2026-07-25 12:00:00+00:00
[2026-07-25T07:58:49.009+0000] {processor.py:183} INFO - Processing /opt/airflow/dags/youtube_pipeline.py took 0.146 seconds
[2026-07-25T07:59:19.297+0000] {processor.py:161} INFO - Started process (PID=8662) to work on /opt/airflow/dags/youtube_pipeline.py
[2026-07-25T07:59:19.299+0000] {processor.py:830} INFO - Processing file /opt/airflow/dags/youtube_pipeline.py for tasks to queue
[2026-07-25T07:59:19.301+0000] {logging_mixin.py:188} INFO - [2026-07-25T07:59:19.300+0000] {dagbag.py:545} INFO - Filling up the DagBag from /opt/airflow/dags/youtube_pipeline.py
[2026-07-25T07:59:19.352+0000] {processor.py:840} INFO - DAG(s) 'youtube_english_video_pipeline' retrieved from /opt/airflow/dags/youtube_pipeline.py
[2026-07-25T07:59:19.398+0000] {logging_mixin.py:188} INFO - [2026-07-25T07:59:19.398+0000] {dag.py:3089} INFO - Sync 1 DAGs
[2026-07-25T07:59:19.422+0000] {logging_mixin.py:188} INFO - [2026-07-25T07:59:19.422+0000] {dag.py:3947} INFO - Setting next_dagrun for youtube_english_video_pipeline to 2026-07-24 12:00:00+00:00, run_after=2026-07-25 12:00:00+00:00
[2026-07-25T07:59:19.450+0000] {processor.py:183} INFO - Processing /opt/airflow/dags/youtube_pipeline.py took 0.161 seconds
[2026-07-25T07:59:49.568+0000] {processor.py:161} INFO - Started process (PID=8667) to work on /opt/airflow/dags/youtube_pipeline.py
[2026-07-25T07:59:49.570+0000] {processor.py:830} INFO - Processing file /opt/airflow/dags/youtube_pipeline.py for tasks to queue
[2026-07-25T07:59:49.573+0000] {logging_mixin.py:188} INFO - [2026-07-25T07:59:49.572+0000] {dagbag.py:545} INFO - Filling up the DagBag from /opt/airflow/dags/youtube_pipeline.py
[2026-07-25T07:59:49.612+0000] {processor.py:840} INFO - DAG(s) 'youtube_english_video_pipeline' retrieved from /opt/airflow/dags/youtube_pipeline.py
[2026-07-25T07:59:49.653+0000] {logging_mixin.py:188} INFO - [2026-07-25T07:59:49.652+0000] {dag.py:3089} INFO - Sync 1 DAGs
[2026-07-25T07:59:49.673+0000] {logging_mixin.py:188} INFO - [2026-07-25T07:59:49.673+0000] {dag.py:3947} INFO - Setting next_dagrun for youtube_english_video_pipeline to 2026-07-24 12:00:00+00:00, run_after=2026-07-25 12:00:00+00:00
[2026-07-25T07:59:49.703+0000] {processor.py:183} INFO - Processing /opt/airflow/dags/youtube_pipeline.py took 0.144 seconds
[2026-07-25T08:00:19.986+0000] {processor.py:161} INFO - Started process (PID=8672) to work on /opt/airflow/dags/youtube_pipeline.py
[2026-07-25T08:00:19.988+0000] {processor.py:830} INFO - Processing file /opt/airflow/dags/youtube_pipeline.py for tasks to queue
[2026-07-25T08:00:19.990+0000] {logging_mixin.py:188} INFO - [2026-07-25T08:00:19.990+0000] {dagbag.py:545} INFO - Filling up the DagBag from /opt/airflow/dags/youtube_pipeline.py
[2026-07-25T08:00:20.032+0000] {processor.py:840} INFO - DAG(s) 'youtube_english_video_pipeline' retrieved from /opt/airflow/dags/youtube_pipeline.py
[2026-07-25T08:00:20.072+0000] {logging_mixin.py:188} INFO - [2026-07-25T08:00:20.072+0000] {dag.py:3089} INFO - Sync 1 DAGs
[2026-07-25T08:00:20.096+0000] {logging_mixin.py:188} INFO - [2026-07-25T08:00:20.096+0000] {dag.py:3947} INFO - Setting next_dagrun for youtube_english_video_pipeline to 2026-07-24 12:00:00+00:00, run_after=2026-07-25 12:00:00+00:00
[2026-07-25T08:00:20.120+0000] {processor.py:183} INFO - Processing /opt/airflow/dags/youtube_pipeline.py took 0.142 seconds
[2026-07-25T08:00:50.279+0000] {processor.py:161} INFO - Started process (PID=8677) to work on /opt/airflow/dags/youtube_pipeline.py
[2026-07-25T08:00:50.280+0000] {processor.py:830} INFO - Processing file /opt/airflow/dags/youtube_pipeline.py for tasks to queue
[2026-07-25T08:00:50.283+0000] {logging_mixin.py:188} INFO - [2026-07-25T08:00:50.282+0000] {dagbag.py:545} INFO - Filling up the DagBag from /opt/airflow/dags/youtube_pipeline.py
[2026-07-25T08:00:50.321+0000] {processor.py:840} INFO - DAG(s) 'youtube_english_video_pipeline' retrieved from /opt/airflow/dags/youtube_pipeline.py
[2026-07-25T08:00:50.362+0000] {logging_mixin.py:188} INFO - [2026-07-25T08:00:50.362+0000] {dag.py:3089} INFO - Sync 1 DAGs
[2026-07-25T08:00:50.387+0000] {logging_mixin.py:188} INFO - [2026-07-25T08:00:50.387+0000] {dag.py:3947} INFO - Setting next_dagrun for youtube_english_video_pipeline to 2026-07-24 12:00:00+00:00, run_after=2026-07-25 12:00:00+00:00
[2026-07-25T08:00:50.412+0000] {processor.py:183} INFO - Processing /opt/airflow/dags/youtube_pipeline.py took 0.140 seconds
[2026-07-25T08:01:20.668+0000] {processor.py:161} INFO - Started process (PID=8682) to work on /opt/airflow/dags/youtube_pipeline.py
[2026-07-25T08:01:20.670+0000] {processor.py:830} INFO - Processing file /opt/airflow/dags/youtube_pipeline.py for tasks to queue
[2026-07-25T08:01:20.674+0000] {logging_mixin.py:188} INFO - [2026-07-25T08:01:20.673+0000] {dagbag.py:545} INFO - Filling up the DagBag from /opt/airflow/dags/youtube_pipeline.py
[2026-07-25T08:01:20.726+0000] {processor.py:840} INFO - DAG(s) 'youtube_english_video_pipeline' retrieved from /opt/airflow/dags/youtube_pipeline.py
[2026-07-25T08:01:20.760+0000] {logging_mixin.py:188} INFO - [2026-07-25T08:01:20.760+0000] {dag.py:3089} INFO - Sync 1 DAGs
[2026-07-25T08:01:20.780+0000] {logging_mixin.py:188} INFO - [2026-07-25T08:01:20.780+0000] {dag.py:3947} INFO - Setting next_dagrun for youtube_english_video_pipeline to 2026-07-24 12:00:00+00:00, run_after=2026-07-25 12:00:00+00:00
[2026-07-25T08:01:20.804+0000] {processor.py:183} INFO - Processing /opt/airflow/dags/youtube_pipeline.py took 0.144 seconds
[2026-07-25T08:01:50.954+0000] {processor.py:161} INFO - Started process (PID=8687) to work on /opt/airflow/dags/youtube_pipeline.py
[2026-07-25T08:01:50.956+0000] {processor.py:830} INFO - Processing file /opt/airflow/dags/youtube_pipeline.py for tasks to queue
[2026-07-25T08:01:50.964+0000] {logging_mixin.py:188} INFO - [2026-07-25T08:01:50.963+0000] {dagbag.py:545} INFO - Filling up the DagBag from /opt/airflow/dags/youtube_pipeline.py
[2026-07-25T08:01:51.016+0000] {processor.py:840} INFO - DAG(s) 'youtube_english_video_pipeline' retrieved from /opt/airflow/dags/youtube_pipeline.py
[2026-07-25T08:01:51.057+0000] {logging_mixin.py:188} INFO - [2026-07-25T08:01:51.056+0000] {dag.py:3089} INFO - Sync 1 DAGs
[2026-07-25T08:01:51.080+0000] {logging_mixin.py:188} INFO - [2026-07-25T08:01:51.080+0000] {dag.py:3947} INFO - Setting next_dagrun for youtube_english_video_pipeline to 2026-07-24 12:00:00+00:00, run_after=2026-07-25 12:00:00+00:00
[2026-07-25T08:01:51.115+0000] {processor.py:183} INFO - Processing /opt/airflow/dags/youtube_pipeline.py took 0.171 seconds
[2026-07-25T08:02:19.333+0000] {processor.py:161} INFO - Started process (PID=8692) to work on /opt/airflow/dags/youtube_pipeline.py
[2026-07-25T08:02:19.335+0000] {processor.py:830} INFO - Processing file /opt/airflow/dags/youtube_pipeline.py for tasks to queue
[2026-07-25T08:02:19.338+0000] {logging_mixin.py:188} INFO - [2026-07-25T08:02:19.337+0000] {dagbag.py:545} INFO - Filling up the DagBag from /opt/airflow/dags/youtube_pipeline.py
[2026-07-25T08:02:19.423+0000] {logging_mixin.py:188} INFO - [2026-07-25T08:02:19.406+0000] {dagbag.py:355} ERROR - Failed to import: /opt/airflow/dags/youtube_pipeline.py
Traceback (most recent call last):
  File "/home/airflow/.local/lib/python3.11/site-packages/airflow/models/dagbag.py", line 351, in parse
    loader.exec_module(new_module)
  File "<frozen importlib._bootstrap_external>", line 940, in exec_module
  File "<frozen importlib._bootstrap>", line 241, in _call_with_frames_removed
  File "/opt/airflow/dags/youtube_pipeline.py", line 202, in <module>
    ensure_phrase_inventory >> build_short_video >> upload_short_video
                               ^^^^^^^^^^^^^^^^^
NameError: name 'build_short_video' is not defined
[2026-07-25T08:02:19.427+0000] {processor.py:842} WARNING - No viable dags retrieved from /opt/airflow/dags/youtube_pipeline.py
[2026-07-25T08:02:19.476+0000] {processor.py:183} INFO - Processing /opt/airflow/dags/youtube_pipeline.py took 0.152 seconds
[2026-07-25T08:02:49.655+0000] {processor.py:161} INFO - Started process (PID=8697) to work on /opt/airflow/dags/youtube_pipeline.py
[2026-07-25T08:02:49.657+0000] {processor.py:830} INFO - Processing file /opt/airflow/dags/youtube_pipeline.py for tasks to queue
[2026-07-25T08:02:49.660+0000] {logging_mixin.py:188} INFO - [2026-07-25T08:02:49.659+0000] {dagbag.py:545} INFO - Filling up the DagBag from /opt/airflow/dags/youtube_pipeline.py
[2026-07-25T08:02:49.716+0000] {logging_mixin.py:188} INFO - [2026-07-25T08:02:49.705+0000] {dagbag.py:355} ERROR - Failed to import: /opt/airflow/dags/youtube_pipeline.py
Traceback (most recent call last):
  File "/home/airflow/.local/lib/python3.11/site-packages/airflow/models/dagbag.py", line 351, in parse
    loader.exec_module(new_module)
  File "<frozen importlib._bootstrap_external>", line 940, in exec_module
  File "<frozen importlib._bootstrap>", line 241, in _call_with_frames_removed
  File "/opt/airflow/dags/youtube_pipeline.py", line 202, in <module>
    ensure_phrase_inventory >> build_short_video >> upload_short_video
                               ^^^^^^^^^^^^^^^^^
NameError: name 'build_short_video' is not defined
[2026-07-25T08:02:49.719+0000] {processor.py:842} WARNING - No viable dags retrieved from /opt/airflow/dags/youtube_pipeline.py
[2026-07-25T08:02:49.745+0000] {processor.py:183} INFO - Processing /opt/airflow/dags/youtube_pipeline.py took 0.099 seconds
[2026-07-25T08:03:01.885+0000] {processor.py:161} INFO - Started process (PID=8702) to work on /opt/airflow/dags/youtube_pipeline.py
[2026-07-25T08:03:01.887+0000] {processor.py:830} INFO - Processing file /opt/airflow/dags/youtube_pipeline.py for tasks to queue
[2026-07-25T08:03:01.889+0000] {logging_mixin.py:188} INFO - [2026-07-25T08:03:01.889+0000] {dagbag.py:545} INFO - Filling up the DagBag from /opt/airflow/dags/youtube_pipeline.py
[2026-07-25T08:03:01.956+0000] {processor.py:840} INFO - DAG(s) 'youtube_english_video_pipeline' retrieved from /opt/airflow/dags/youtube_pipeline.py
[2026-07-25T08:03:03.183+0000] {logging_mixin.py:188} INFO - [2026-07-25T08:03:03.183+0000] {dag.py:3089} INFO - Sync 1 DAGs
[2026-07-25T08:03:03.202+0000] {logging_mixin.py:188} INFO - [2026-07-25T08:03:03.202+0000] {dag.py:3947} INFO - Setting next_dagrun for youtube_english_video_pipeline to 2026-07-24 12:00:00+00:00, run_after=2026-07-25 12:00:00+00:00
[2026-07-25T08:03:03.245+0000] {processor.py:183} INFO - Processing /opt/airflow/dags/youtube_pipeline.py took 1.368 seconds
[2026-07-25T08:03:33.597+0000] {processor.py:161} INFO - Started process (PID=8707) to work on /opt/airflow/dags/youtube_pipeline.py
[2026-07-25T08:03:33.599+0000] {processor.py:830} INFO - Processing file /opt/airflow/dags/youtube_pipeline.py for tasks to queue
[2026-07-25T08:03:33.601+0000] {logging_mixin.py:188} INFO - [2026-07-25T08:03:33.601+0000] {dagbag.py:545} INFO - Filling up the DagBag from /opt/airflow/dags/youtube_pipeline.py
[2026-07-25T08:03:33.653+0000] {processor.py:840} INFO - DAG(s) 'youtube_english_video_pipeline' retrieved from /opt/airflow/dags/youtube_pipeline.py
[2026-07-25T08:03:33.704+0000] {logging_mixin.py:188} INFO - [2026-07-25T08:03:33.703+0000] {dag.py:3089} INFO - Sync 1 DAGs
[2026-07-25T08:03:33.732+0000] {logging_mixin.py:188} INFO - [2026-07-25T08:03:33.732+0000] {dag.py:3947} INFO - Setting next_dagrun for youtube_english_video_pipeline to 2026-07-24 12:00:00+00:00, run_after=2026-07-25 12:00:00+00:00
[2026-07-25T08:03:33.768+0000] {processor.py:183} INFO - Processing /opt/airflow/dags/youtube_pipeline.py took 0.181 seconds
[2026-07-25T08:04:03.839+0000] {processor.py:161} INFO - Started process (PID=8712) to work on /opt/airflow/dags/youtube_pipeline.py
[2026-07-25T08:04:03.841+0000] {processor.py:830} INFO - Processing file /opt/airflow/dags/youtube_pipeline.py for tasks to queue
[2026-07-25T08:04:03.843+0000] {logging_mixin.py:188} INFO - [2026-07-25T08:04:03.843+0000] {dagbag.py:545} INFO - Filling up the DagBag from /opt/airflow/dags/youtube_pipeline.py
[2026-07-25T08:04:03.896+0000] {processor.py:840} INFO - DAG(s) 'youtube_english_video_pipeline' retrieved from /opt/airflow/dags/youtube_pipeline.py
[2026-07-25T08:04:03.935+0000] {logging_mixin.py:188} INFO - [2026-07-25T08:04:03.935+0000] {dag.py:3089} INFO - Sync 1 DAGs
[2026-07-25T08:04:03.955+0000] {logging_mixin.py:188} INFO - [2026-07-25T08:04:03.955+0000] {dag.py:3947} INFO - Setting next_dagrun for youtube_english_video_pipeline to 2026-07-24 12:00:00+00:00, run_after=2026-07-25 12:00:00+00:00
[2026-07-25T08:04:03.980+0000] {processor.py:183} INFO - Processing /opt/airflow/dags/youtube_pipeline.py took 0.149 seconds
[2026-07-25T08:04:34.279+0000] {processor.py:161} INFO - Started process (PID=8717) to work on /opt/airflow/dags/youtube_pipeline.py
[2026-07-25T08:04:34.282+0000] {processor.py:830} INFO - Processing file /opt/airflow/dags/youtube_pipeline.py for tasks to queue
[2026-07-25T08:04:34.287+0000] {logging_mixin.py:188} INFO - [2026-07-25T08:04:34.287+0000] {dagbag.py:545} INFO - Filling up the DagBag from /opt/airflow/dags/youtube_pipeline.py
[2026-07-25T08:04:34.427+0000] {processor.py:840} INFO - DAG(s) 'youtube_english_video_pipeline' retrieved from /opt/airflow/dags/youtube_pipeline.py
[2026-07-25T08:04:34.524+0000] {logging_mixin.py:188} INFO - [2026-07-25T08:04:34.524+0000] {dag.py:3089} INFO - Sync 1 DAGs
[2026-07-25T08:04:34.557+0000] {logging_mixin.py:188} INFO - [2026-07-25T08:04:34.557+0000] {dag.py:3947} INFO - Setting next_dagrun for youtube_english_video_pipeline to 2026-07-24 12:00:00+00:00, run_after=2026-07-25 12:00:00+00:00
[2026-07-25T08:04:34.612+0000] {processor.py:183} INFO - Processing /opt/airflow/dags/youtube_pipeline.py took 0.349 seconds
[2026-07-25T08:05:04.910+0000] {processor.py:161} INFO - Started process (PID=8722) to work on /opt/airflow/dags/youtube_pipeline.py
[2026-07-25T08:05:04.912+0000] {processor.py:830} INFO - Processing file /opt/airflow/dags/youtube_pipeline.py for tasks to queue
[2026-07-25T08:05:04.914+0000] {logging_mixin.py:188} INFO - [2026-07-25T08:05:04.914+0000] {dagbag.py:545} INFO - Filling up the DagBag from /opt/airflow/dags/youtube_pipeline.py
[2026-07-25T08:05:04.951+0000] {processor.py:840} INFO - DAG(s) 'youtube_english_video_pipeline' retrieved from /opt/airflow/dags/youtube_pipeline.py
[2026-07-25T08:05:04.988+0000] {logging_mixin.py:188} INFO - [2026-07-25T08:05:04.987+0000] {dag.py:3089} INFO - Sync 1 DAGs
[2026-07-25T08:05:05.010+0000] {logging_mixin.py:188} INFO - [2026-07-25T08:05:05.010+0000] {dag.py:3947} INFO - Setting next_dagrun for youtube_english_video_pipeline to 2026-07-24 12:00:00+00:00, run_after=2026-07-25 12:00:00+00:00
[2026-07-25T08:05:05.032+0000] {processor.py:183} INFO - Processing /opt/airflow/dags/youtube_pipeline.py took 0.130 seconds
[2026-07-25T08:05:26.123+0000] {processor.py:161} INFO - Started process (PID=8727) to work on /opt/airflow/dags/youtube_pipeline.py
[2026-07-25T08:05:26.124+0000] {processor.py:830} INFO - Processing file /opt/airflow/dags/youtube_pipeline.py for tasks to queue
[2026-07-25T08:05:26.127+0000] {logging_mixin.py:188} INFO - [2026-07-25T08:05:26.127+0000] {dagbag.py:545} INFO - Filling up the DagBag from /opt/airflow/dags/youtube_pipeline.py
[2026-07-25T08:05:26.208+0000] {processor.py:840} INFO - DAG(s) 'youtube_english_video_pipeline' retrieved from /opt/airflow/dags/youtube_pipeline.py
[2026-07-25T08:05:26.251+0000] {logging_mixin.py:188} INFO - [2026-07-25T08:05:26.251+0000] {dag.py:3089} INFO - Sync 1 DAGs
[2026-07-25T08:05:26.273+0000] {logging_mixin.py:188} INFO - [2026-07-25T08:05:26.273+0000] {dag.py:3947} INFO - Setting next_dagrun for youtube_english_video_pipeline to 2026-07-24 12:00:00+00:00, run_after=2026-07-25 12:00:00+00:00
[2026-07-25T08:05:26.303+0000] {processor.py:183} INFO - Processing /opt/airflow/dags/youtube_pipeline.py took 0.192 seconds
[2026-07-25T08:05:56.587+0000] {processor.py:161} INFO - Started process (PID=8732) to work on /opt/airflow/dags/youtube_pipeline.py
[2026-07-25T08:05:56.592+0000] {processor.py:830} INFO - Processing file /opt/airflow/dags/youtube_pipeline.py for tasks to queue
[2026-07-25T08:05:56.603+0000] {logging_mixin.py:188} INFO - [2026-07-25T08:05:56.602+0000] {dagbag.py:545} INFO - Filling up the DagBag from /opt/airflow/dags/youtube_pipeline.py
[2026-07-25T08:05:56.706+0000] {processor.py:840} INFO - DAG(s) 'youtube_english_video_pipeline' retrieved from /opt/airflow/dags/youtube_pipeline.py
[2026-07-25T08:05:56.771+0000] {logging_mixin.py:188} INFO - [2026-07-25T08:05:56.770+0000] {dag.py:3089} INFO - Sync 1 DAGs
[2026-07-25T08:05:56.808+0000] {logging_mixin.py:188} INFO - [2026-07-25T08:05:56.808+0000] {dag.py:3947} INFO - Setting next_dagrun for youtube_english_video_pipeline to 2026-07-24 12:00:00+00:00, run_after=2026-07-25 12:00:00+00:00
[2026-07-25T08:05:56.840+0000] {processor.py:183} INFO - Processing /opt/airflow/dags/youtube_pipeline.py took 0.268 seconds
[2026-07-25T08:06:27.129+0000] {processor.py:161} INFO - Started process (PID=8737) to work on /opt/airflow/dags/youtube_pipeline.py
[2026-07-25T08:06:27.130+0000] {processor.py:830} INFO - Processing file /opt/airflow/dags/youtube_pipeline.py for tasks to queue
[2026-07-25T08:06:27.133+0000] {logging_mixin.py:188} INFO - [2026-07-25T08:06:27.132+0000] {dagbag.py:545} INFO - Filling up the DagBag from /opt/airflow/dags/youtube_pipeline.py
[2026-07-25T08:06:27.169+0000] {processor.py:840} INFO - DAG(s) 'youtube_english_video_pipeline' retrieved from /opt/airflow/dags/youtube_pipeline.py
[2026-07-25T08:06:27.220+0000] {logging_mixin.py:188} INFO - [2026-07-25T08:06:27.220+0000] {dag.py:3089} INFO - Sync 1 DAGs
[2026-07-25T08:06:27.247+0000] {logging_mixin.py:188} INFO - [2026-07-25T08:06:27.247+0000] {dag.py:3947} INFO - Setting next_dagrun for youtube_english_video_pipeline to 2026-07-24 12:00:00+00:00, run_after=2026-07-25 12:00:00+00:00
[2026-07-25T08:06:27.275+0000] {processor.py:183} INFO - Processing /opt/airflow/dags/youtube_pipeline.py took 0.157 seconds
[2026-07-25T08:06:57.433+0000] {processor.py:161} INFO - Started process (PID=8742) to work on /opt/airflow/dags/youtube_pipeline.py
[2026-07-25T08:06:57.434+0000] {processor.py:830} INFO - Processing file /opt/airflow/dags/youtube_pipeline.py for tasks to queue
[2026-07-25T08:06:57.436+0000] {logging_mixin.py:188} INFO - [2026-07-25T08:06:57.436+0000] {dagbag.py:545} INFO - Filling up the DagBag from /opt/airflow/dags/youtube_pipeline.py
[2026-07-25T08:06:57.485+0000] {processor.py:840} INFO - DAG(s) 'youtube_english_video_pipeline' retrieved from /opt/airflow/dags/youtube_pipeline.py
[2026-07-25T08:06:57.529+0000] {logging_mixin.py:188} INFO - [2026-07-25T08:06:57.528+0000] {dag.py:3089} INFO - Sync 1 DAGs
[2026-07-25T08:06:57.553+0000] {logging_mixin.py:188} INFO - [2026-07-25T08:06:57.552+0000] {dag.py:3947} INFO - Setting next_dagrun for youtube_english_video_pipeline to 2026-07-24 12:00:00+00:00, run_after=2026-07-25 12:00:00+00:00
[2026-07-25T08:06:57.577+0000] {processor.py:183} INFO - Processing /opt/airflow/dags/youtube_pipeline.py took 0.152 seconds
[2026-07-25T08:07:27.856+0000] {processor.py:161} INFO - Started process (PID=8747) to work on /opt/airflow/dags/youtube_pipeline.py
[2026-07-25T08:07:27.857+0000] {processor.py:830} INFO - Processing file /opt/airflow/dags/youtube_pipeline.py for tasks to queue
[2026-07-25T08:07:27.860+0000] {logging_mixin.py:188} INFO - [2026-07-25T08:07:27.860+0000] {dagbag.py:545} INFO - Filling up the DagBag from /opt/airflow/dags/youtube_pipeline.py
[2026-07-25T08:07:27.913+0000] {processor.py:840} INFO - DAG(s) 'youtube_english_video_pipeline' retrieved from /opt/airflow/dags/youtube_pipeline.py
[2026-07-25T08:07:27.958+0000] {logging_mixin.py:188} INFO - [2026-07-25T08:07:27.958+0000] {dag.py:3089} INFO - Sync 1 DAGs
[2026-07-25T08:07:27.987+0000] {logging_mixin.py:188} INFO - [2026-07-25T08:07:27.987+0000] {dag.py:3947} INFO - Setting next_dagrun for youtube_english_video_pipeline to 2026-07-24 12:00:00+00:00, run_after=2026-07-25 12:00:00+00:00
[2026-07-25T08:07:28.013+0000] {processor.py:183} INFO - Processing /opt/airflow/dags/youtube_pipeline.py took 0.165 seconds
[2026-07-25T08:07:58.175+0000] {processor.py:161} INFO - Started process (PID=8752) to work on /opt/airflow/dags/youtube_pipeline.py
[2026-07-25T08:07:58.177+0000] {processor.py:830} INFO - Processing file /opt/airflow/dags/youtube_pipeline.py for tasks to queue
[2026-07-25T08:07:58.180+0000] {logging_mixin.py:188} INFO - [2026-07-25T08:07:58.179+0000] {dagbag.py:545} INFO - Filling up the DagBag from /opt/airflow/dags/youtube_pipeline.py
[2026-07-25T08:07:58.235+0000] {processor.py:840} INFO - DAG(s) 'youtube_english_video_pipeline' retrieved from /opt/airflow/dags/youtube_pipeline.py
[2026-07-25T08:07:58.272+0000] {logging_mixin.py:188} INFO - [2026-07-25T08:07:58.272+0000] {dag.py:3089} INFO - Sync 1 DAGs
[2026-07-25T08:07:58.297+0000] {logging_mixin.py:188} INFO - [2026-07-25T08:07:58.297+0000] {dag.py:3947} INFO - Setting next_dagrun for youtube_english_video_pipeline to 2026-07-24 12:00:00+00:00, run_after=2026-07-25 12:00:00+00:00
[2026-07-25T08:07:58.318+0000] {processor.py:183} INFO - Processing /opt/airflow/dags/youtube_pipeline.py took 0.154 seconds
[2026-07-25T08:08:28.568+0000] {processor.py:161} INFO - Started process (PID=8757) to work on /opt/airflow/dags/youtube_pipeline.py
[2026-07-25T08:08:28.570+0000] {processor.py:830} INFO - Processing file /opt/airflow/dags/youtube_pipeline.py for tasks to queue
[2026-07-25T08:08:28.573+0000] {logging_mixin.py:188} INFO - [2026-07-25T08:08:28.572+0000] {dagbag.py:545} INFO - Filling up the DagBag from /opt/airflow/dags/youtube_pipeline.py
[2026-07-25T08:08:28.631+0000] {processor.py:840} INFO - DAG(s) 'youtube_english_video_pipeline' retrieved from /opt/airflow/dags/youtube_pipeline.py
[2026-07-25T08:08:28.672+0000] {logging_mixin.py:188} INFO - [2026-07-25T08:08:28.672+0000] {dag.py:3089} INFO - Sync 1 DAGs
[2026-07-25T08:08:28.694+0000] {logging_mixin.py:188} INFO - [2026-07-25T08:08:28.694+0000] {dag.py:3947} INFO - Setting next_dagrun for youtube_english_video_pipeline to 2026-07-24 12:00:00+00:00, run_after=2026-07-25 12:00:00+00:00
[2026-07-25T08:08:28.717+0000] {processor.py:183} INFO - Processing /opt/airflow/dags/youtube_pipeline.py took 0.157 seconds
[2026-07-25T08:08:34.842+0000] {processor.py:161} INFO - Started process (PID=8762) to work on /opt/airflow/dags/youtube_pipeline.py
[2026-07-25T08:08:34.844+0000] {processor.py:830} INFO - Processing file /opt/airflow/dags/youtube_pipeline.py for tasks to queue
[2026-07-25T08:08:34.846+0000] {logging_mixin.py:188} INFO - [2026-07-25T08:08:34.846+0000] {dagbag.py:545} INFO - Filling up the DagBag from /opt/airflow/dags/youtube_pipeline.py
[2026-07-25T08:08:34.913+0000] {logging_mixin.py:188} INFO - [2026-07-25T08:08:34.905+0000] {dagbag.py:355} ERROR - Failed to import: /opt/airflow/dags/youtube_pipeline.py
Traceback (most recent call last):
  File "/home/airflow/.local/lib/python3.11/site-packages/airflow/models/dagbag.py", line 351, in parse
    loader.exec_module(new_module)
  File "<frozen importlib._bootstrap_external>", line 940, in exec_module
  File "<frozen importlib._bootstrap>", line 241, in _call_with_frames_removed
  File "/opt/airflow/dags/youtube_pipeline.py", line 133, in <module>
    python_callable=task_generate_and_upload_short_video,
                    ^^^^^^^^^^^^^^^^^^^^^^^^^^^^^^^^^^^^
NameError: name 'task_generate_and_upload_short_video' is not defined
[2026-07-25T08:08:34.917+0000] {processor.py:842} WARNING - No viable dags retrieved from /opt/airflow/dags/youtube_pipeline.py
[2026-07-25T08:08:34.943+0000] {processor.py:183} INFO - Processing /opt/airflow/dags/youtube_pipeline.py took 0.109 seconds
[2026-07-25T08:09:02.076+0000] {processor.py:161} INFO - Started process (PID=8767) to work on /opt/airflow/dags/youtube_pipeline.py
[2026-07-25T08:09:02.079+0000] {processor.py:830} INFO - Processing file /opt/airflow/dags/youtube_pipeline.py for tasks to queue
[2026-07-25T08:09:02.081+0000] {logging_mixin.py:188} INFO - [2026-07-25T08:09:02.080+0000] {dagbag.py:545} INFO - Filling up the DagBag from /opt/airflow/dags/youtube_pipeline.py
[2026-07-25T08:09:02.164+0000] {logging_mixin.py:188} INFO - [2026-07-25T08:09:02.156+0000] {dagbag.py:355} ERROR - Failed to import: /opt/airflow/dags/youtube_pipeline.py
Traceback (most recent call last):
  File "/home/airflow/.local/lib/python3.11/site-packages/airflow/models/dagbag.py", line 351, in parse
    loader.exec_module(new_module)
  File "<frozen importlib._bootstrap_external>", line 940, in exec_module
  File "<frozen importlib._bootstrap>", line 241, in _call_with_frames_removed
  File "/opt/airflow/dags/youtube_pipeline.py", line 194, in <module>
    ensure_phrase_inventory >> video_tasks[0][0]
                               ^^^^^^^^^^^
NameError: name 'video_tasks' is not defined
[2026-07-25T08:09:02.166+0000] {processor.py:842} WARNING - No viable dags retrieved from /opt/airflow/dags/youtube_pipeline.py
[2026-07-25T08:09:02.194+0000] {processor.py:183} INFO - Processing /opt/airflow/dags/youtube_pipeline.py took 0.128 seconds
[2026-07-25T08:09:32.504+0000] {processor.py:161} INFO - Started process (PID=8772) to work on /opt/airflow/dags/youtube_pipeline.py
[2026-07-25T08:09:32.505+0000] {processor.py:830} INFO - Processing file /opt/airflow/dags/youtube_pipeline.py for tasks to queue
[2026-07-25T08:09:32.507+0000] {logging_mixin.py:188} INFO - [2026-07-25T08:09:32.507+0000] {dagbag.py:545} INFO - Filling up the DagBag from /opt/airflow/dags/youtube_pipeline.py
[2026-07-25T08:09:32.543+0000] {logging_mixin.py:188} INFO - [2026-07-25T08:09:32.538+0000] {dagbag.py:355} ERROR - Failed to import: /opt/airflow/dags/youtube_pipeline.py
Traceback (most recent call last):
  File "/home/airflow/.local/lib/python3.11/site-packages/airflow/models/dagbag.py", line 351, in parse
    loader.exec_module(new_module)
  File "<frozen importlib._bootstrap_external>", line 940, in exec_module
  File "<frozen importlib._bootstrap>", line 241, in _call_with_frames_removed
  File "/opt/airflow/dags/youtube_pipeline.py", line 194, in <module>
    ensure_phrase_inventory >> video_tasks[0][0]
                               ^^^^^^^^^^^
NameError: name 'video_tasks' is not defined
[2026-07-25T08:09:32.545+0000] {processor.py:842} WARNING - No viable dags retrieved from /opt/airflow/dags/youtube_pipeline.py
[2026-07-25T08:09:32.573+0000] {processor.py:183} INFO - Processing /opt/airflow/dags/youtube_pipeline.py took 0.079 seconds
[2026-07-25T08:10:02.786+0000] {processor.py:161} INFO - Started process (PID=8777) to work on /opt/airflow/dags/youtube_pipeline.py
[2026-07-25T08:10:02.787+0000] {processor.py:830} INFO - Processing file /opt/airflow/dags/youtube_pipeline.py for tasks to queue
[2026-07-25T08:10:02.790+0000] {logging_mixin.py:188} INFO - [2026-07-25T08:10:02.789+0000] {dagbag.py:545} INFO - Filling up the DagBag from /opt/airflow/dags/youtube_pipeline.py
[2026-07-25T08:10:02.844+0000] {logging_mixin.py:188} INFO - [2026-07-25T08:10:02.834+0000] {dagbag.py:355} ERROR - Failed to import: /opt/airflow/dags/youtube_pipeline.py
Traceback (most recent call last):
  File "/home/airflow/.local/lib/python3.11/site-packages/airflow/models/dagbag.py", line 351, in parse
    loader.exec_module(new_module)
  File "<frozen importlib._bootstrap_external>", line 940, in exec_module
  File "<frozen importlib._bootstrap>", line 241, in _call_with_frames_removed
  File "/opt/airflow/dags/youtube_pipeline.py", line 194, in <module>
    ensure_phrase_inventory >> video_tasks[0][0]
                               ^^^^^^^^^^^
NameError: name 'video_tasks' is not defined
[2026-07-25T08:10:02.848+0000] {processor.py:842} WARNING - No viable dags retrieved from /opt/airflow/dags/youtube_pipeline.py
[2026-07-25T08:10:02.876+0000] {processor.py:183} INFO - Processing /opt/airflow/dags/youtube_pipeline.py took 0.100 seconds
[2026-07-25T08:10:05.014+0000] {processor.py:161} INFO - Started process (PID=8782) to work on /opt/airflow/dags/youtube_pipeline.py
[2026-07-25T08:10:05.017+0000] {processor.py:830} INFO - Processing file /opt/airflow/dags/youtube_pipeline.py for tasks to queue
[2026-07-25T08:10:05.022+0000] {logging_mixin.py:188} INFO - [2026-07-25T08:10:05.021+0000] {dagbag.py:545} INFO - Filling up the DagBag from /opt/airflow/dags/youtube_pipeline.py
[2026-07-25T08:10:05.252+0000] {processor.py:840} INFO - DAG(s) 'youtube_english_video_pipeline' retrieved from /opt/airflow/dags/youtube_pipeline.py
[2026-07-25T08:10:05.453+0000] {logging_mixin.py:188} INFO - [2026-07-25T08:10:05.453+0000] {dag.py:3089} INFO - Sync 1 DAGs
[2026-07-25T08:10:05.486+0000] {logging_mixin.py:188} INFO - [2026-07-25T08:10:05.486+0000] {dag.py:3947} INFO - Setting next_dagrun for youtube_english_video_pipeline to 2026-07-24 12:00:00+00:00, run_after=2026-07-25 12:00:00+00:00
[2026-07-25T08:10:05.585+0000] {processor.py:183} INFO - Processing /opt/airflow/dags/youtube_pipeline.py took 0.583 seconds
[2026-07-25T08:10:35.920+0000] {processor.py:161} INFO - Started process (PID=8787) to work on /opt/airflow/dags/youtube_pipeline.py
[2026-07-25T08:10:35.921+0000] {processor.py:830} INFO - Processing file /opt/airflow/dags/youtube_pipeline.py for tasks to queue
[2026-07-25T08:10:35.923+0000] {logging_mixin.py:188} INFO - [2026-07-25T08:10:35.923+0000] {dagbag.py:545} INFO - Filling up the DagBag from /opt/airflow/dags/youtube_pipeline.py
[2026-07-25T08:10:35.963+0000] {processor.py:840} INFO - DAG(s) 'youtube_english_video_pipeline' retrieved from /opt/airflow/dags/youtube_pipeline.py
[2026-07-25T08:10:36.009+0000] {logging_mixin.py:188} INFO - [2026-07-25T08:10:36.009+0000] {dag.py:3089} INFO - Sync 1 DAGs
[2026-07-25T08:10:36.030+0000] {logging_mixin.py:188} INFO - [2026-07-25T08:10:36.030+0000] {dag.py:3947} INFO - Setting next_dagrun for youtube_english_video_pipeline to 2026-07-24 12:00:00+00:00, run_after=2026-07-25 12:00:00+00:00
[2026-07-25T08:10:36.054+0000] {processor.py:183} INFO - Processing /opt/airflow/dags/youtube_pipeline.py took 0.141 seconds
[2026-07-25T08:11:06.196+0000] {processor.py:161} INFO - Started process (PID=8792) to work on /opt/airflow/dags/youtube_pipeline.py
[2026-07-25T08:11:06.197+0000] {processor.py:830} INFO - Processing file /opt/airflow/dags/youtube_pipeline.py for tasks to queue
[2026-07-25T08:11:06.199+0000] {logging_mixin.py:188} INFO - [2026-07-25T08:11:06.199+0000] {dagbag.py:545} INFO - Filling up the DagBag from /opt/airflow/dags/youtube_pipeline.py
[2026-07-25T08:11:06.247+0000] {processor.py:840} INFO - DAG(s) 'youtube_english_video_pipeline' retrieved from /opt/airflow/dags/youtube_pipeline.py
[2026-07-25T08:11:06.295+0000] {logging_mixin.py:188} INFO - [2026-07-25T08:11:06.295+0000] {dag.py:3089} INFO - Sync 1 DAGs
[2026-07-25T08:11:06.316+0000] {logging_mixin.py:188} INFO - [2026-07-25T08:11:06.315+0000] {dag.py:3947} INFO - Setting next_dagrun for youtube_english_video_pipeline to 2026-07-24 12:00:00+00:00, run_after=2026-07-25 12:00:00+00:00
[2026-07-25T08:11:06.352+0000] {processor.py:183} INFO - Processing /opt/airflow/dags/youtube_pipeline.py took 0.163 seconds
[2026-07-25T08:11:36.637+0000] {processor.py:161} INFO - Started process (PID=8797) to work on /opt/airflow/dags/youtube_pipeline.py
[2026-07-25T08:11:36.639+0000] {processor.py:830} INFO - Processing file /opt/airflow/dags/youtube_pipeline.py for tasks to queue
[2026-07-25T08:11:36.642+0000] {logging_mixin.py:188} INFO - [2026-07-25T08:11:36.641+0000] {dagbag.py:545} INFO - Filling up the DagBag from /opt/airflow/dags/youtube_pipeline.py
[2026-07-25T08:11:36.689+0000] {processor.py:840} INFO - DAG(s) 'youtube_english_video_pipeline' retrieved from /opt/airflow/dags/youtube_pipeline.py
[2026-07-25T08:11:36.737+0000] {logging_mixin.py:188} INFO - [2026-07-25T08:11:36.737+0000] {dag.py:3089} INFO - Sync 1 DAGs
[2026-07-25T08:11:36.789+0000] {logging_mixin.py:188} INFO - [2026-07-25T08:11:36.788+0000] {dag.py:3947} INFO - Setting next_dagrun for youtube_english_video_pipeline to 2026-07-24 12:00:00+00:00, run_after=2026-07-25 12:00:00+00:00
[2026-07-25T08:11:36.837+0000] {processor.py:183} INFO - Processing /opt/airflow/dags/youtube_pipeline.py took 0.209 seconds
[2026-07-25T08:12:07.038+0000] {processor.py:161} INFO - Started process (PID=8802) to work on /opt/airflow/dags/youtube_pipeline.py
[2026-07-25T08:12:07.047+0000] {processor.py:830} INFO - Processing file /opt/airflow/dags/youtube_pipeline.py for tasks to queue
[2026-07-25T08:12:07.051+0000] {logging_mixin.py:188} INFO - [2026-07-25T08:12:07.051+0000] {dagbag.py:545} INFO - Filling up the DagBag from /opt/airflow/dags/youtube_pipeline.py
[2026-07-25T08:12:07.126+0000] {processor.py:840} INFO - DAG(s) 'youtube_english_video_pipeline' retrieved from /opt/airflow/dags/youtube_pipeline.py
[2026-07-25T08:12:07.210+0000] {logging_mixin.py:188} INFO - [2026-07-25T08:12:07.210+0000] {dag.py:3089} INFO - Sync 1 DAGs
[2026-07-25T08:12:07.253+0000] {logging_mixin.py:188} INFO - [2026-07-25T08:12:07.252+0000] {dag.py:3947} INFO - Setting next_dagrun for youtube_english_video_pipeline to 2026-07-24 12:00:00+00:00, run_after=2026-07-25 12:00:00+00:00
[2026-07-25T08:12:07.300+0000] {processor.py:183} INFO - Processing /opt/airflow/dags/youtube_pipeline.py took 0.275 seconds
[2026-07-25T08:12:37.388+0000] {processor.py:161} INFO - Started process (PID=8807) to work on /opt/airflow/dags/youtube_pipeline.py
[2026-07-25T08:12:37.389+0000] {processor.py:830} INFO - Processing file /opt/airflow/dags/youtube_pipeline.py for tasks to queue
[2026-07-25T08:12:37.391+0000] {logging_mixin.py:188} INFO - [2026-07-25T08:12:37.390+0000] {dagbag.py:545} INFO - Filling up the DagBag from /opt/airflow/dags/youtube_pipeline.py
[2026-07-25T08:12:37.424+0000] {processor.py:840} INFO - DAG(s) 'youtube_english_video_pipeline' retrieved from /opt/airflow/dags/youtube_pipeline.py
[2026-07-25T08:12:37.471+0000] {logging_mixin.py:188} INFO - [2026-07-25T08:12:37.470+0000] {dag.py:3089} INFO - Sync 1 DAGs
[2026-07-25T08:12:37.493+0000] {logging_mixin.py:188} INFO - [2026-07-25T08:12:37.493+0000] {dag.py:3947} INFO - Setting next_dagrun for youtube_english_video_pipeline to 2026-07-24 12:00:00+00:00, run_after=2026-07-25 12:00:00+00:00
[2026-07-25T08:12:37.516+0000] {processor.py:183} INFO - Processing /opt/airflow/dags/youtube_pipeline.py took 0.136 seconds
[2026-07-25T08:13:07.676+0000] {processor.py:161} INFO - Started process (PID=8812) to work on /opt/airflow/dags/youtube_pipeline.py
[2026-07-25T08:13:07.677+0000] {processor.py:830} INFO - Processing file /opt/airflow/dags/youtube_pipeline.py for tasks to queue
[2026-07-25T08:13:07.679+0000] {logging_mixin.py:188} INFO - [2026-07-25T08:13:07.679+0000] {dagbag.py:545} INFO - Filling up the DagBag from /opt/airflow/dags/youtube_pipeline.py
[2026-07-25T08:13:07.722+0000] {processor.py:840} INFO - DAG(s) 'youtube_english_video_pipeline' retrieved from /opt/airflow/dags/youtube_pipeline.py
[2026-07-25T08:13:07.769+0000] {logging_mixin.py:188} INFO - [2026-07-25T08:13:07.769+0000] {dag.py:3089} INFO - Sync 1 DAGs
[2026-07-25T08:13:07.792+0000] {logging_mixin.py:188} INFO - [2026-07-25T08:13:07.791+0000] {dag.py:3947} INFO - Setting next_dagrun for youtube_english_video_pipeline to 2026-07-24 12:00:00+00:00, run_after=2026-07-25 12:00:00+00:00
[2026-07-25T08:13:07.813+0000] {processor.py:183} INFO - Processing /opt/airflow/dags/youtube_pipeline.py took 0.144 seconds
[2026-07-25T08:13:38.069+0000] {processor.py:161} INFO - Started process (PID=8817) to work on /opt/airflow/dags/youtube_pipeline.py
[2026-07-25T08:13:38.071+0000] {processor.py:830} INFO - Processing file /opt/airflow/dags/youtube_pipeline.py for tasks to queue
[2026-07-25T08:13:38.074+0000] {logging_mixin.py:188} INFO - [2026-07-25T08:13:38.073+0000] {dagbag.py:545} INFO - Filling up the DagBag from /opt/airflow/dags/youtube_pipeline.py
[2026-07-25T08:13:38.125+0000] {processor.py:840} INFO - DAG(s) 'youtube_english_video_pipeline' retrieved from /opt/airflow/dags/youtube_pipeline.py
[2026-07-25T08:13:38.179+0000] {logging_mixin.py:188} INFO - [2026-07-25T08:13:38.178+0000] {dag.py:3089} INFO - Sync 1 DAGs
[2026-07-25T08:13:38.208+0000] {logging_mixin.py:188} INFO - [2026-07-25T08:13:38.208+0000] {dag.py:3947} INFO - Setting next_dagrun for youtube_english_video_pipeline to 2026-07-24 12:00:00+00:00, run_after=2026-07-25 12:00:00+00:00
[2026-07-25T08:13:38.237+0000] {processor.py:183} INFO - Processing /opt/airflow/dags/youtube_pipeline.py took 0.175 seconds
[2026-07-25T08:13:45.202+0000] {processor.py:161} INFO - Started process (PID=8822) to work on /opt/airflow/dags/youtube_pipeline.py
[2026-07-25T08:13:45.205+0000] {processor.py:830} INFO - Processing file /opt/airflow/dags/youtube_pipeline.py for tasks to queue
[2026-07-25T08:13:45.210+0000] {logging_mixin.py:188} INFO - [2026-07-25T08:13:45.209+0000] {dagbag.py:545} INFO - Filling up the DagBag from /opt/airflow/dags/youtube_pipeline.py
[2026-07-25T08:13:45.283+0000] {processor.py:840} INFO - DAG(s) 'youtube_english_video_pipeline' retrieved from /opt/airflow/dags/youtube_pipeline.py
[2026-07-25T08:13:45.333+0000] {logging_mixin.py:188} INFO - [2026-07-25T08:13:45.333+0000] {dag.py:3089} INFO - Sync 1 DAGs
[2026-07-25T08:13:45.355+0000] {logging_mixin.py:188} INFO - [2026-07-25T08:13:45.355+0000] {dag.py:3947} INFO - Setting next_dagrun for youtube_english_video_pipeline to 2026-07-24 12:00:00+00:00, run_after=2026-07-25 12:00:00+00:00
[2026-07-25T08:13:45.382+0000] {processor.py:183} INFO - Processing /opt/airflow/dags/youtube_pipeline.py took 0.189 seconds
[2026-07-25T08:14:05.532+0000] {processor.py:161} INFO - Started process (PID=8827) to work on /opt/airflow/dags/youtube_pipeline.py
[2026-07-25T08:14:05.533+0000] {processor.py:830} INFO - Processing file /opt/airflow/dags/youtube_pipeline.py for tasks to queue
[2026-07-25T08:14:05.536+0000] {logging_mixin.py:188} INFO - [2026-07-25T08:14:05.535+0000] {dagbag.py:545} INFO - Filling up the DagBag from /opt/airflow/dags/youtube_pipeline.py
[2026-07-25T08:14:05.608+0000] {processor.py:840} INFO - DAG(s) 'youtube_english_video_pipeline' retrieved from /opt/airflow/dags/youtube_pipeline.py
[2026-07-25T08:14:05.659+0000] {logging_mixin.py:188} INFO - [2026-07-25T08:14:05.658+0000] {dag.py:3089} INFO - Sync 1 DAGs
[2026-07-25T08:14:05.687+0000] {logging_mixin.py:188} INFO - [2026-07-25T08:14:05.687+0000] {dag.py:3947} INFO - Setting next_dagrun for youtube_english_video_pipeline to 2026-07-24 12:00:00+00:00, run_after=2026-07-25 12:00:00+00:00
[2026-07-25T08:14:05.724+0000] {processor.py:183} INFO - Processing /opt/airflow/dags/youtube_pipeline.py took 0.200 seconds
[2026-07-25T08:14:35.903+0000] {processor.py:161} INFO - Started process (PID=8832) to work on /opt/airflow/dags/youtube_pipeline.py
[2026-07-25T08:14:35.905+0000] {processor.py:830} INFO - Processing file /opt/airflow/dags/youtube_pipeline.py for tasks to queue
[2026-07-25T08:14:35.907+0000] {logging_mixin.py:188} INFO - [2026-07-25T08:14:35.906+0000] {dagbag.py:545} INFO - Filling up the DagBag from /opt/airflow/dags/youtube_pipeline.py
[2026-07-25T08:14:35.956+0000] {processor.py:840} INFO - DAG(s) 'youtube_english_video_pipeline' retrieved from /opt/airflow/dags/youtube_pipeline.py
[2026-07-25T08:14:36.010+0000] {logging_mixin.py:188} INFO - [2026-07-25T08:14:36.010+0000] {dag.py:3089} INFO - Sync 1 DAGs
[2026-07-25T08:14:36.034+0000] {logging_mixin.py:188} INFO - [2026-07-25T08:14:36.034+0000] {dag.py:3947} INFO - Setting next_dagrun for youtube_english_video_pipeline to 2026-07-24 12:00:00+00:00, run_after=2026-07-25 12:00:00+00:00
[2026-07-25T08:14:36.061+0000] {processor.py:183} INFO - Processing /opt/airflow/dags/youtube_pipeline.py took 0.167 seconds
[2026-07-25T08:15:06.309+0000] {processor.py:161} INFO - Started process (PID=8837) to work on /opt/airflow/dags/youtube_pipeline.py
[2026-07-25T08:15:06.310+0000] {processor.py:830} INFO - Processing file /opt/airflow/dags/youtube_pipeline.py for tasks to queue
[2026-07-25T08:15:06.313+0000] {logging_mixin.py:188} INFO - [2026-07-25T08:15:06.312+0000] {dagbag.py:545} INFO - Filling up the DagBag from /opt/airflow/dags/youtube_pipeline.py
[2026-07-25T08:15:06.361+0000] {processor.py:840} INFO - DAG(s) 'youtube_english_video_pipeline' retrieved from /opt/airflow/dags/youtube_pipeline.py
[2026-07-25T08:15:06.416+0000] {logging_mixin.py:188} INFO - [2026-07-25T08:15:06.416+0000] {dag.py:3089} INFO - Sync 1 DAGs
[2026-07-25T08:15:06.442+0000] {logging_mixin.py:188} INFO - [2026-07-25T08:15:06.442+0000] {dag.py:3947} INFO - Setting next_dagrun for youtube_english_video_pipeline to 2026-07-24 12:00:00+00:00, run_after=2026-07-25 12:00:00+00:00
[2026-07-25T08:15:06.468+0000] {processor.py:183} INFO - Processing /opt/airflow/dags/youtube_pipeline.py took 0.167 seconds
[2026-07-25T08:15:36.753+0000] {processor.py:161} INFO - Started process (PID=8842) to work on /opt/airflow/dags/youtube_pipeline.py
[2026-07-25T08:15:36.757+0000] {processor.py:830} INFO - Processing file /opt/airflow/dags/youtube_pipeline.py for tasks to queue
[2026-07-25T08:15:36.760+0000] {logging_mixin.py:188} INFO - [2026-07-25T08:15:36.760+0000] {dagbag.py:545} INFO - Filling up the DagBag from /opt/airflow/dags/youtube_pipeline.py
[2026-07-25T08:15:36.820+0000] {processor.py:840} INFO - DAG(s) 'youtube_english_video_pipeline' retrieved from /opt/airflow/dags/youtube_pipeline.py
[2026-07-25T08:15:36.875+0000] {logging_mixin.py:188} INFO - [2026-07-25T08:15:36.874+0000] {dag.py:3089} INFO - Sync 1 DAGs
[2026-07-25T08:15:36.905+0000] {logging_mixin.py:188} INFO - [2026-07-25T08:15:36.905+0000] {dag.py:3947} INFO - Setting next_dagrun for youtube_english_video_pipeline to 2026-07-24 12:00:00+00:00, run_after=2026-07-25 12:00:00+00:00
[2026-07-25T08:15:36.956+0000] {processor.py:183} INFO - Processing /opt/airflow/dags/youtube_pipeline.py took 0.223 seconds
[2026-07-25T08:16:07.106+0000] {processor.py:161} INFO - Started process (PID=8847) to work on /opt/airflow/dags/youtube_pipeline.py
[2026-07-25T08:16:07.111+0000] {processor.py:830} INFO - Processing file /opt/airflow/dags/youtube_pipeline.py for tasks to queue
[2026-07-25T08:16:07.117+0000] {logging_mixin.py:188} INFO - [2026-07-25T08:16:07.116+0000] {dagbag.py:545} INFO - Filling up the DagBag from /opt/airflow/dags/youtube_pipeline.py
[2026-07-25T08:16:07.229+0000] {processor.py:840} INFO - DAG(s) 'youtube_english_video_pipeline' retrieved from /opt/airflow/dags/youtube_pipeline.py
[2026-07-25T08:16:07.320+0000] {logging_mixin.py:188} INFO - [2026-07-25T08:16:07.320+0000] {dag.py:3089} INFO - Sync 1 DAGs
[2026-07-25T08:16:07.360+0000] {logging_mixin.py:188} INFO - [2026-07-25T08:16:07.360+0000] {dag.py:3947} INFO - Setting next_dagrun for youtube_english_video_pipeline to 2026-07-24 12:00:00+00:00, run_after=2026-07-25 12:00:00+00:00
[2026-07-25T08:16:07.398+0000] {processor.py:183} INFO - Processing /opt/airflow/dags/youtube_pipeline.py took 0.311 seconds
[2026-07-25T08:16:22.396+0000] {processor.py:161} INFO - Started process (PID=8852) to work on /opt/airflow/dags/youtube_pipeline.py
[2026-07-25T08:16:22.398+0000] {processor.py:830} INFO - Processing file /opt/airflow/dags/youtube_pipeline.py for tasks to queue
[2026-07-25T08:16:22.400+0000] {logging_mixin.py:188} INFO - [2026-07-25T08:16:22.400+0000] {dagbag.py:545} INFO - Filling up the DagBag from /opt/airflow/dags/youtube_pipeline.py
[2026-07-25T08:16:22.452+0000] {processor.py:840} INFO - DAG(s) 'youtube_english_video_pipeline' retrieved from /opt/airflow/dags/youtube_pipeline.py
[2026-07-25T08:16:22.625+0000] {logging_mixin.py:188} INFO - [2026-07-25T08:16:22.625+0000] {dag.py:3089} INFO - Sync 1 DAGs
[2026-07-25T08:16:22.649+0000] {logging_mixin.py:188} INFO - [2026-07-25T08:16:22.649+0000] {dag.py:3947} INFO - Setting next_dagrun for youtube_english_video_pipeline to 2026-07-24 12:00:00+00:00, run_after=2026-07-25 12:00:00+00:00
[2026-07-25T08:16:22.685+0000] {processor.py:183} INFO - Processing /opt/airflow/dags/youtube_pipeline.py took 0.299 seconds
[2026-07-25T08:16:52.839+0000] {processor.py:161} INFO - Started process (PID=8857) to work on /opt/airflow/dags/youtube_pipeline.py
[2026-07-25T08:16:52.841+0000] {processor.py:830} INFO - Processing file /opt/airflow/dags/youtube_pipeline.py for tasks to queue
[2026-07-25T08:16:52.843+0000] {logging_mixin.py:188} INFO - [2026-07-25T08:16:52.842+0000] {dagbag.py:545} INFO - Filling up the DagBag from /opt/airflow/dags/youtube_pipeline.py
[2026-07-25T08:16:52.897+0000] {processor.py:840} INFO - DAG(s) 'youtube_english_video_pipeline' retrieved from /opt/airflow/dags/youtube_pipeline.py
[2026-07-25T08:16:52.950+0000] {logging_mixin.py:188} INFO - [2026-07-25T08:16:52.950+0000] {dag.py:3089} INFO - Sync 1 DAGs
[2026-07-25T08:16:52.980+0000] {logging_mixin.py:188} INFO - [2026-07-25T08:16:52.980+0000] {dag.py:3947} INFO - Setting next_dagrun for youtube_english_video_pipeline to 2026-07-24 12:00:00+00:00, run_after=2026-07-25 12:00:00+00:00
[2026-07-25T08:16:53.011+0000] {processor.py:183} INFO - Processing /opt/airflow/dags/youtube_pipeline.py took 0.180 seconds
[2026-07-25T08:17:01.130+0000] {processor.py:161} INFO - Started process (PID=8862) to work on /opt/airflow/dags/youtube_pipeline.py
[2026-07-25T08:17:01.132+0000] {processor.py:830} INFO - Processing file /opt/airflow/dags/youtube_pipeline.py for tasks to queue
[2026-07-25T08:17:01.134+0000] {logging_mixin.py:188} INFO - [2026-07-25T08:17:01.134+0000] {dagbag.py:545} INFO - Filling up the DagBag from /opt/airflow/dags/youtube_pipeline.py
[2026-07-25T08:17:01.211+0000] {processor.py:840} INFO - DAG(s) 'youtube_english_video_pipeline' retrieved from /opt/airflow/dags/youtube_pipeline.py
[2026-07-25T08:17:01.333+0000] {logging_mixin.py:188} INFO - [2026-07-25T08:17:01.332+0000] {dag.py:3089} INFO - Sync 1 DAGs
[2026-07-25T08:17:01.352+0000] {logging_mixin.py:188} INFO - [2026-07-25T08:17:01.352+0000] {dag.py:3947} INFO - Setting next_dagrun for youtube_english_video_pipeline to 2026-07-24 12:00:00+00:00, run_after=2026-07-25 12:00:00+00:00
[2026-07-25T08:17:01.395+0000] {processor.py:183} INFO - Processing /opt/airflow/dags/youtube_pipeline.py took 0.271 seconds
[2026-07-25T08:17:18.279+0000] {processor.py:161} INFO - Started process (PID=8867) to work on /opt/airflow/dags/youtube_pipeline.py
[2026-07-25T08:17:18.280+0000] {processor.py:830} INFO - Processing file /opt/airflow/dags/youtube_pipeline.py for tasks to queue
[2026-07-25T08:17:18.283+0000] {logging_mixin.py:188} INFO - [2026-07-25T08:17:18.282+0000] {dagbag.py:545} INFO - Filling up the DagBag from /opt/airflow/dags/youtube_pipeline.py
[2026-07-25T08:17:18.351+0000] {processor.py:840} INFO - DAG(s) 'youtube_english_video_pipeline' retrieved from /opt/airflow/dags/youtube_pipeline.py
[2026-07-25T08:17:18.368+0000] {logging_mixin.py:188} INFO - [2026-07-25T08:17:18.368+0000] {dag.py:3089} INFO - Sync 1 DAGs
[2026-07-25T08:17:18.393+0000] {logging_mixin.py:188} INFO - [2026-07-25T08:17:18.393+0000] {dag.py:3947} INFO - Setting next_dagrun for youtube_english_video_pipeline to 2026-07-24 12:00:00+00:00, run_after=2026-07-25 12:00:00+00:00
[2026-07-25T08:17:18.425+0000] {processor.py:183} INFO - Processing /opt/airflow/dags/youtube_pipeline.py took 0.153 seconds
[2026-07-25T08:17:23.362+0000] {processor.py:161} INFO - Started process (PID=8872) to work on /opt/airflow/dags/youtube_pipeline.py
[2026-07-25T08:17:23.364+0000] {processor.py:830} INFO - Processing file /opt/airflow/dags/youtube_pipeline.py for tasks to queue
[2026-07-25T08:17:23.367+0000] {logging_mixin.py:188} INFO - [2026-07-25T08:17:23.366+0000] {dagbag.py:545} INFO - Filling up the DagBag from /opt/airflow/dags/youtube_pipeline.py
[2026-07-25T08:17:23.445+0000] {processor.py:840} INFO - DAG(s) 'youtube_english_video_pipeline' retrieved from /opt/airflow/dags/youtube_pipeline.py
[2026-07-25T08:17:23.461+0000] {logging_mixin.py:188} INFO - [2026-07-25T08:17:23.461+0000] {dag.py:3089} INFO - Sync 1 DAGs
[2026-07-25T08:17:23.498+0000] {logging_mixin.py:188} INFO - [2026-07-25T08:17:23.498+0000] {dag.py:3947} INFO - Setting next_dagrun for youtube_english_video_pipeline to 2026-07-24 12:00:00+00:00, run_after=2026-07-25 12:00:00+00:00
[2026-07-25T08:17:23.530+0000] {processor.py:183} INFO - Processing /opt/airflow/dags/youtube_pipeline.py took 0.178 seconds
[2026-07-25T08:17:53.815+0000] {processor.py:161} INFO - Started process (PID=8877) to work on /opt/airflow/dags/youtube_pipeline.py
[2026-07-25T08:17:53.816+0000] {processor.py:830} INFO - Processing file /opt/airflow/dags/youtube_pipeline.py for tasks to queue
[2026-07-25T08:17:53.818+0000] {logging_mixin.py:188} INFO - [2026-07-25T08:17:53.818+0000] {dagbag.py:545} INFO - Filling up the DagBag from /opt/airflow/dags/youtube_pipeline.py
[2026-07-25T08:17:53.866+0000] {processor.py:840} INFO - DAG(s) 'youtube_english_video_pipeline' retrieved from /opt/airflow/dags/youtube_pipeline.py
[2026-07-25T08:17:53.913+0000] {logging_mixin.py:188} INFO - [2026-07-25T08:17:53.913+0000] {dag.py:3089} INFO - Sync 1 DAGs
[2026-07-25T08:17:53.938+0000] {logging_mixin.py:188} INFO - [2026-07-25T08:17:53.938+0000] {dag.py:3947} INFO - Setting next_dagrun for youtube_english_video_pipeline to 2026-07-24 12:00:00+00:00, run_after=2026-07-25 12:00:00+00:00
[2026-07-25T08:17:53.963+0000] {processor.py:183} INFO - Processing /opt/airflow/dags/youtube_pipeline.py took 0.156 seconds
[2026-07-25T08:18:21.080+0000] {processor.py:161} INFO - Started process (PID=8882) to work on /opt/airflow/dags/youtube_pipeline.py
[2026-07-25T08:18:21.082+0000] {processor.py:830} INFO - Processing file /opt/airflow/dags/youtube_pipeline.py for tasks to queue
[2026-07-25T08:18:21.084+0000] {logging_mixin.py:188} INFO - [2026-07-25T08:18:21.083+0000] {dagbag.py:545} INFO - Filling up the DagBag from /opt/airflow/dags/youtube_pipeline.py
[2026-07-25T08:18:21.156+0000] {processor.py:840} INFO - DAG(s) 'youtube_english_video_pipeline' retrieved from /opt/airflow/dags/youtube_pipeline.py
[2026-07-25T08:18:21.215+0000] {logging_mixin.py:188} INFO - [2026-07-25T08:18:21.215+0000] {dag.py:3089} INFO - Sync 1 DAGs
[2026-07-25T08:18:21.242+0000] {logging_mixin.py:188} INFO - [2026-07-25T08:18:21.242+0000] {dag.py:3947} INFO - Setting next_dagrun for youtube_english_video_pipeline to 2026-07-24 12:00:00+00:00, run_after=2026-07-25 12:00:00+00:00
[2026-07-25T08:18:21.282+0000] {processor.py:183} INFO - Processing /opt/airflow/dags/youtube_pipeline.py took 0.209 seconds
[2026-07-25T08:18:51.662+0000] {processor.py:161} INFO - Started process (PID=8887) to work on /opt/airflow/dags/youtube_pipeline.py
[2026-07-25T08:18:51.667+0000] {processor.py:830} INFO - Processing file /opt/airflow/dags/youtube_pipeline.py for tasks to queue
[2026-07-25T08:18:51.672+0000] {logging_mixin.py:188} INFO - [2026-07-25T08:18:51.672+0000] {dagbag.py:545} INFO - Filling up the DagBag from /opt/airflow/dags/youtube_pipeline.py
[2026-07-25T08:18:51.816+0000] {processor.py:840} INFO - DAG(s) 'youtube_english_video_pipeline' retrieved from /opt/airflow/dags/youtube_pipeline.py
[2026-07-25T08:18:51.880+0000] {logging_mixin.py:188} INFO - [2026-07-25T08:18:51.880+0000] {dag.py:3089} INFO - Sync 1 DAGs
[2026-07-25T08:18:51.905+0000] {logging_mixin.py:188} INFO - [2026-07-25T08:18:51.905+0000] {dag.py:3947} INFO - Setting next_dagrun for youtube_english_video_pipeline to 2026-07-24 12:00:00+00:00, run_after=2026-07-25 12:00:00+00:00
[2026-07-25T08:18:51.957+0000] {processor.py:183} INFO - Processing /opt/airflow/dags/youtube_pipeline.py took 0.311 seconds
[2026-07-25T08:19:22.294+0000] {processor.py:161} INFO - Started process (PID=8892) to work on /opt/airflow/dags/youtube_pipeline.py
[2026-07-25T08:19:22.296+0000] {processor.py:830} INFO - Processing file /opt/airflow/dags/youtube_pipeline.py for tasks to queue
[2026-07-25T08:19:22.299+0000] {logging_mixin.py:188} INFO - [2026-07-25T08:19:22.299+0000] {dagbag.py:545} INFO - Filling up the DagBag from /opt/airflow/dags/youtube_pipeline.py
[2026-07-25T08:19:22.345+0000] {processor.py:840} INFO - DAG(s) 'youtube_english_video_pipeline' retrieved from /opt/airflow/dags/youtube_pipeline.py
[2026-07-25T08:19:22.402+0000] {logging_mixin.py:188} INFO - [2026-07-25T08:19:22.402+0000] {dag.py:3089} INFO - Sync 1 DAGs
[2026-07-25T08:19:22.429+0000] {logging_mixin.py:188} INFO - [2026-07-25T08:19:22.428+0000] {dag.py:3947} INFO - Setting next_dagrun for youtube_english_video_pipeline to 2026-07-24 12:00:00+00:00, run_after=2026-07-25 12:00:00+00:00
[2026-07-25T08:19:22.457+0000] {processor.py:183} INFO - Processing /opt/airflow/dags/youtube_pipeline.py took 0.171 seconds
[2026-07-25T08:19:41.671+0000] {processor.py:161} INFO - Started process (PID=8897) to work on /opt/airflow/dags/youtube_pipeline.py
[2026-07-25T08:19:41.673+0000] {processor.py:830} INFO - Processing file /opt/airflow/dags/youtube_pipeline.py for tasks to queue
[2026-07-25T08:19:41.675+0000] {logging_mixin.py:188} INFO - [2026-07-25T08:19:41.675+0000] {dagbag.py:545} INFO - Filling up the DagBag from /opt/airflow/dags/youtube_pipeline.py
[2026-07-25T08:19:41.763+0000] {processor.py:840} INFO - DAG(s) 'youtube_english_video_pipeline' retrieved from /opt/airflow/dags/youtube_pipeline.py
[2026-07-25T08:19:41.811+0000] {logging_mixin.py:188} INFO - [2026-07-25T08:19:41.811+0000] {dag.py:3089} INFO - Sync 1 DAGs
[2026-07-25T08:19:41.834+0000] {logging_mixin.py:188} INFO - [2026-07-25T08:19:41.834+0000] {dag.py:3947} INFO - Setting next_dagrun for youtube_english_video_pipeline to 2026-07-24 12:00:00+00:00, run_after=2026-07-25 12:00:00+00:00
[2026-07-25T08:19:41.885+0000] {processor.py:183} INFO - Processing /opt/airflow/dags/youtube_pipeline.py took 0.222 seconds
[2026-07-25T08:20:12.211+0000] {processor.py:161} INFO - Started process (PID=8902) to work on /opt/airflow/dags/youtube_pipeline.py
[2026-07-25T08:20:12.213+0000] {processor.py:830} INFO - Processing file /opt/airflow/dags/youtube_pipeline.py for tasks to queue
[2026-07-25T08:20:12.216+0000] {logging_mixin.py:188} INFO - [2026-07-25T08:20:12.215+0000] {dagbag.py:545} INFO - Filling up the DagBag from /opt/airflow/dags/youtube_pipeline.py
[2026-07-25T08:20:12.277+0000] {processor.py:840} INFO - DAG(s) 'youtube_english_video_pipeline' retrieved from /opt/airflow/dags/youtube_pipeline.py
[2026-07-25T08:20:12.328+0000] {logging_mixin.py:188} INFO - [2026-07-25T08:20:12.328+0000] {dag.py:3089} INFO - Sync 1 DAGs
[2026-07-25T08:20:12.353+0000] {logging_mixin.py:188} INFO - [2026-07-25T08:20:12.353+0000] {dag.py:3947} INFO - Setting next_dagrun for youtube_english_video_pipeline to 2026-07-24 12:00:00+00:00, run_after=2026-07-25 12:00:00+00:00
[2026-07-25T08:20:12.378+0000] {processor.py:183} INFO - Processing /opt/airflow/dags/youtube_pipeline.py took 0.176 seconds
[2026-07-25T08:20:42.503+0000] {processor.py:161} INFO - Started process (PID=8907) to work on /opt/airflow/dags/youtube_pipeline.py
[2026-07-25T08:20:42.504+0000] {processor.py:830} INFO - Processing file /opt/airflow/dags/youtube_pipeline.py for tasks to queue
[2026-07-25T08:20:42.506+0000] {logging_mixin.py:188} INFO - [2026-07-25T08:20:42.506+0000] {dagbag.py:545} INFO - Filling up the DagBag from /opt/airflow/dags/youtube_pipeline.py
[2026-07-25T08:20:42.564+0000] {processor.py:840} INFO - DAG(s) 'youtube_english_video_pipeline' retrieved from /opt/airflow/dags/youtube_pipeline.py
[2026-07-25T08:20:42.617+0000] {logging_mixin.py:188} INFO - [2026-07-25T08:20:42.616+0000] {dag.py:3089} INFO - Sync 1 DAGs
[2026-07-25T08:20:42.639+0000] {logging_mixin.py:188} INFO - [2026-07-25T08:20:42.639+0000] {dag.py:3947} INFO - Setting next_dagrun for youtube_english_video_pipeline to 2026-07-24 12:00:00+00:00, run_after=2026-07-25 12:00:00+00:00
[2026-07-25T08:20:42.661+0000] {processor.py:183} INFO - Processing /opt/airflow/dags/youtube_pipeline.py took 0.167 seconds
[2026-07-25T08:21:12.899+0000] {processor.py:161} INFO - Started process (PID=8912) to work on /opt/airflow/dags/youtube_pipeline.py
[2026-07-25T08:21:12.900+0000] {processor.py:830} INFO - Processing file /opt/airflow/dags/youtube_pipeline.py for tasks to queue
[2026-07-25T08:21:12.902+0000] {logging_mixin.py:188} INFO - [2026-07-25T08:21:12.902+0000] {dagbag.py:545} INFO - Filling up the DagBag from /opt/airflow/dags/youtube_pipeline.py
[2026-07-25T08:21:12.951+0000] {processor.py:840} INFO - DAG(s) 'youtube_english_video_pipeline' retrieved from /opt/airflow/dags/youtube_pipeline.py
[2026-07-25T08:21:13.002+0000] {logging_mixin.py:188} INFO - [2026-07-25T08:21:13.002+0000] {dag.py:3089} INFO - Sync 1 DAGs
[2026-07-25T08:21:13.029+0000] {logging_mixin.py:188} INFO - [2026-07-25T08:21:13.028+0000] {dag.py:3947} INFO - Setting next_dagrun for youtube_english_video_pipeline to 2026-07-24 12:00:00+00:00, run_after=2026-07-25 12:00:00+00:00
[2026-07-25T08:21:13.067+0000] {processor.py:183} INFO - Processing /opt/airflow/dags/youtube_pipeline.py took 0.174 seconds
[2026-07-25T08:21:43.228+0000] {processor.py:161} INFO - Started process (PID=8917) to work on /opt/airflow/dags/youtube_pipeline.py
[2026-07-25T08:21:43.230+0000] {processor.py:830} INFO - Processing file /opt/airflow/dags/youtube_pipeline.py for tasks to queue
[2026-07-25T08:21:43.233+0000] {logging_mixin.py:188} INFO - [2026-07-25T08:21:43.233+0000] {dagbag.py:545} INFO - Filling up the DagBag from /opt/airflow/dags/youtube_pipeline.py
[2026-07-25T08:21:43.285+0000] {processor.py:840} INFO - DAG(s) 'youtube_english_video_pipeline' retrieved from /opt/airflow/dags/youtube_pipeline.py
[2026-07-25T08:21:43.336+0000] {logging_mixin.py:188} INFO - [2026-07-25T08:21:43.336+0000] {dag.py:3089} INFO - Sync 1 DAGs
[2026-07-25T08:21:43.363+0000] {logging_mixin.py:188} INFO - [2026-07-25T08:21:43.362+0000] {dag.py:3947} INFO - Setting next_dagrun for youtube_english_video_pipeline to 2026-07-24 12:00:00+00:00, run_after=2026-07-25 12:00:00+00:00
[2026-07-25T08:21:43.386+0000] {processor.py:183} INFO - Processing /opt/airflow/dags/youtube_pipeline.py took 0.170 seconds
[2026-07-25T08:22:06.551+0000] {processor.py:161} INFO - Started process (PID=8922) to work on /opt/airflow/dags/youtube_pipeline.py
[2026-07-25T08:22:06.553+0000] {processor.py:830} INFO - Processing file /opt/airflow/dags/youtube_pipeline.py for tasks to queue
[2026-07-25T08:22:06.557+0000] {logging_mixin.py:188} INFO - [2026-07-25T08:22:06.556+0000] {dagbag.py:545} INFO - Filling up the DagBag from /opt/airflow/dags/youtube_pipeline.py
[2026-07-25T08:22:06.635+0000] {processor.py:840} INFO - DAG(s) 'youtube_english_video_pipeline' retrieved from /opt/airflow/dags/youtube_pipeline.py
[2026-07-25T08:22:06.700+0000] {logging_mixin.py:188} INFO - [2026-07-25T08:22:06.700+0000] {dag.py:3089} INFO - Sync 1 DAGs
[2026-07-25T08:22:06.723+0000] {logging_mixin.py:188} INFO - [2026-07-25T08:22:06.723+0000] {dag.py:3947} INFO - Setting next_dagrun for youtube_english_video_pipeline to 2026-07-24 12:00:00+00:00, run_after=2026-07-25 12:00:00+00:00
[2026-07-25T08:22:06.761+0000] {processor.py:183} INFO - Processing /opt/airflow/dags/youtube_pipeline.py took 0.222 seconds
[2026-07-25T08:22:36.920+0000] {processor.py:161} INFO - Started process (PID=8927) to work on /opt/airflow/dags/youtube_pipeline.py
[2026-07-25T08:22:36.922+0000] {processor.py:830} INFO - Processing file /opt/airflow/dags/youtube_pipeline.py for tasks to queue
[2026-07-25T08:22:36.924+0000] {logging_mixin.py:188} INFO - [2026-07-25T08:22:36.923+0000] {dagbag.py:545} INFO - Filling up the DagBag from /opt/airflow/dags/youtube_pipeline.py
[2026-07-25T08:22:36.974+0000] {processor.py:840} INFO - DAG(s) 'youtube_english_video_pipeline' retrieved from /opt/airflow/dags/youtube_pipeline.py
[2026-07-25T08:22:37.033+0000] {logging_mixin.py:188} INFO - [2026-07-25T08:22:37.032+0000] {dag.py:3089} INFO - Sync 1 DAGs
[2026-07-25T08:22:37.060+0000] {logging_mixin.py:188} INFO - [2026-07-25T08:22:37.060+0000] {dag.py:3947} INFO - Setting next_dagrun for youtube_english_video_pipeline to 2026-07-24 12:00:00+00:00, run_after=2026-07-25 12:00:00+00:00
[2026-07-25T08:22:37.088+0000] {processor.py:183} INFO - Processing /opt/airflow/dags/youtube_pipeline.py took 0.175 seconds
[2026-07-25T08:23:07.493+0000] {processor.py:161} INFO - Started process (PID=8932) to work on /opt/airflow/dags/youtube_pipeline.py
[2026-07-25T08:23:07.498+0000] {processor.py:830} INFO - Processing file /opt/airflow/dags/youtube_pipeline.py for tasks to queue
[2026-07-25T08:23:07.506+0000] {logging_mixin.py:188} INFO - [2026-07-25T08:23:07.505+0000] {dagbag.py:545} INFO - Filling up the DagBag from /opt/airflow/dags/youtube_pipeline.py
[2026-07-25T08:23:07.575+0000] {processor.py:840} INFO - DAG(s) 'youtube_english_video_pipeline' retrieved from /opt/airflow/dags/youtube_pipeline.py
[2026-07-25T08:23:07.628+0000] {logging_mixin.py:188} INFO - [2026-07-25T08:23:07.628+0000] {dag.py:3089} INFO - Sync 1 DAGs
[2026-07-25T08:23:07.652+0000] {logging_mixin.py:188} INFO - [2026-07-25T08:23:07.652+0000] {dag.py:3947} INFO - Setting next_dagrun for youtube_english_video_pipeline to 2026-07-24 12:00:00+00:00, run_after=2026-07-25 12:00:00+00:00
[2026-07-25T08:23:07.672+0000] {processor.py:183} INFO - Processing /opt/airflow/dags/youtube_pipeline.py took 0.235 seconds
[2026-07-25T08:23:37.964+0000] {processor.py:161} INFO - Started process (PID=8937) to work on /opt/airflow/dags/youtube_pipeline.py
[2026-07-25T08:23:37.965+0000] {processor.py:830} INFO - Processing file /opt/airflow/dags/youtube_pipeline.py for tasks to queue
[2026-07-25T08:23:37.966+0000] {logging_mixin.py:188} INFO - [2026-07-25T08:23:37.966+0000] {dagbag.py:545} INFO - Filling up the DagBag from /opt/airflow/dags/youtube_pipeline.py
[2026-07-25T08:23:37.988+0000] {processor.py:840} INFO - DAG(s) 'youtube_english_video_pipeline' retrieved from /opt/airflow/dags/youtube_pipeline.py
[2026-07-25T08:23:37.999+0000] {logging_mixin.py:188} INFO - [2026-07-25T08:23:37.998+0000] {dag.py:3089} INFO - Sync 1 DAGs
[2026-07-25T08:23:38.014+0000] {logging_mixin.py:188} INFO - [2026-07-25T08:23:38.014+0000] {dag.py:3947} INFO - Setting next_dagrun for youtube_english_video_pipeline to 2026-07-24 12:00:00+00:00, run_after=2026-07-25 12:00:00+00:00
[2026-07-25T08:23:38.027+0000] {processor.py:183} INFO - Processing /opt/airflow/dags/youtube_pipeline.py took 0.068 seconds
[2026-07-25T08:24:08.193+0000] {processor.py:161} INFO - Started process (PID=9196) to work on /opt/airflow/dags/youtube_pipeline.py
[2026-07-25T08:24:08.194+0000] {processor.py:830} INFO - Processing file /opt/airflow/dags/youtube_pipeline.py for tasks to queue
[2026-07-25T08:24:08.195+0000] {logging_mixin.py:188} INFO - [2026-07-25T08:24:08.195+0000] {dagbag.py:545} INFO - Filling up the DagBag from /opt/airflow/dags/youtube_pipeline.py
[2026-07-25T08:24:08.232+0000] {processor.py:840} INFO - DAG(s) 'youtube_english_video_pipeline' retrieved from /opt/airflow/dags/youtube_pipeline.py
[2026-07-25T08:24:08.332+0000] {logging_mixin.py:188} INFO - [2026-07-25T08:24:08.331+0000] {dag.py:3089} INFO - Sync 1 DAGs
[2026-07-25T08:24:08.361+0000] {processor.py:183} INFO - Processing /opt/airflow/dags/youtube_pipeline.py took 0.173 seconds
[2026-07-25T08:24:38.545+0000] {processor.py:161} INFO - Started process (PID=10067) to work on /opt/airflow/dags/youtube_pipeline.py
[2026-07-25T08:24:38.546+0000] {processor.py:830} INFO - Processing file /opt/airflow/dags/youtube_pipeline.py for tasks to queue
[2026-07-25T08:24:38.548+0000] {logging_mixin.py:188} INFO - [2026-07-25T08:24:38.547+0000] {dagbag.py:545} INFO - Filling up the DagBag from /opt/airflow/dags/youtube_pipeline.py
[2026-07-25T08:24:38.578+0000] {processor.py:840} INFO - DAG(s) 'youtube_english_video_pipeline' retrieved from /opt/airflow/dags/youtube_pipeline.py
[2026-07-25T08:24:38.610+0000] {logging_mixin.py:188} INFO - [2026-07-25T08:24:38.610+0000] {dag.py:3089} INFO - Sync 1 DAGs
[2026-07-25T08:24:38.641+0000] {processor.py:183} INFO - Processing /opt/airflow/dags/youtube_pipeline.py took 0.102 seconds
[2026-07-25T08:25:08.822+0000] {processor.py:161} INFO - Started process (PID=11028) to work on /opt/airflow/dags/youtube_pipeline.py
[2026-07-25T08:25:08.823+0000] {processor.py:830} INFO - Processing file /opt/airflow/dags/youtube_pipeline.py for tasks to queue
[2026-07-25T08:25:08.825+0000] {logging_mixin.py:188} INFO - [2026-07-25T08:25:08.825+0000] {dagbag.py:545} INFO - Filling up the DagBag from /opt/airflow/dags/youtube_pipeline.py
[2026-07-25T08:25:08.875+0000] {processor.py:840} INFO - DAG(s) 'youtube_english_video_pipeline' retrieved from /opt/airflow/dags/youtube_pipeline.py
[2026-07-25T08:25:08.906+0000] {logging_mixin.py:188} INFO - [2026-07-25T08:25:08.906+0000] {dag.py:3089} INFO - Sync 1 DAGs
[2026-07-25T08:25:08.933+0000] {processor.py:183} INFO - Processing /opt/airflow/dags/youtube_pipeline.py took 0.116 seconds
[2026-07-25T08:25:39.135+0000] {processor.py:161} INFO - Started process (PID=11711) to work on /opt/airflow/dags/youtube_pipeline.py
[2026-07-25T08:25:39.138+0000] {processor.py:830} INFO - Processing file /opt/airflow/dags/youtube_pipeline.py for tasks to queue
[2026-07-25T08:25:39.142+0000] {logging_mixin.py:188} INFO - [2026-07-25T08:25:39.141+0000] {dagbag.py:545} INFO - Filling up the DagBag from /opt/airflow/dags/youtube_pipeline.py
[2026-07-25T08:25:39.215+0000] {processor.py:840} INFO - DAG(s) 'youtube_english_video_pipeline' retrieved from /opt/airflow/dags/youtube_pipeline.py
[2026-07-25T08:25:39.287+0000] {logging_mixin.py:188} INFO - [2026-07-25T08:25:39.287+0000] {dag.py:3089} INFO - Sync 1 DAGs
[2026-07-25T08:25:39.362+0000] {processor.py:183} INFO - Processing /opt/airflow/dags/youtube_pipeline.py took 0.241 seconds
[2026-07-25T08:26:09.612+0000] {processor.py:161} INFO - Started process (PID=11994) to work on /opt/airflow/dags/youtube_pipeline.py
[2026-07-25T08:26:09.613+0000] {processor.py:830} INFO - Processing file /opt/airflow/dags/youtube_pipeline.py for tasks to queue
[2026-07-25T08:26:09.615+0000] {logging_mixin.py:188} INFO - [2026-07-25T08:26:09.615+0000] {dagbag.py:545} INFO - Filling up the DagBag from /opt/airflow/dags/youtube_pipeline.py
[2026-07-25T08:26:09.650+0000] {processor.py:840} INFO - DAG(s) 'youtube_english_video_pipeline' retrieved from /opt/airflow/dags/youtube_pipeline.py
[2026-07-25T08:26:09.681+0000] {logging_mixin.py:188} INFO - [2026-07-25T08:26:09.681+0000] {dag.py:3089} INFO - Sync 1 DAGs
[2026-07-25T08:26:09.711+0000] {processor.py:183} INFO - Processing /opt/airflow/dags/youtube_pipeline.py took 0.105 seconds
[2026-07-25T08:26:39.830+0000] {processor.py:161} INFO - Started process (PID=12783) to work on /opt/airflow/dags/youtube_pipeline.py
[2026-07-25T08:26:39.831+0000] {processor.py:830} INFO - Processing file /opt/airflow/dags/youtube_pipeline.py for tasks to queue
[2026-07-25T08:26:39.832+0000] {logging_mixin.py:188} INFO - [2026-07-25T08:26:39.832+0000] {dagbag.py:545} INFO - Filling up the DagBag from /opt/airflow/dags/youtube_pipeline.py
[2026-07-25T08:26:39.853+0000] {processor.py:840} INFO - DAG(s) 'youtube_english_video_pipeline' retrieved from /opt/airflow/dags/youtube_pipeline.py
[2026-07-25T08:26:39.890+0000] {logging_mixin.py:188} INFO - [2026-07-25T08:26:39.890+0000] {dag.py:3089} INFO - Sync 1 DAGs
[2026-07-25T08:26:39.917+0000] {processor.py:183} INFO - Processing /opt/airflow/dags/youtube_pipeline.py took 0.092 seconds
[2026-07-25T08:27:10.121+0000] {processor.py:161} INFO - Started process (PID=13825) to work on /opt/airflow/dags/youtube_pipeline.py
[2026-07-25T08:27:10.122+0000] {processor.py:830} INFO - Processing file /opt/airflow/dags/youtube_pipeline.py for tasks to queue
[2026-07-25T08:27:10.124+0000] {logging_mixin.py:188} INFO - [2026-07-25T08:27:10.123+0000] {dagbag.py:545} INFO - Filling up the DagBag from /opt/airflow/dags/youtube_pipeline.py
[2026-07-25T08:27:10.147+0000] {processor.py:840} INFO - DAG(s) 'youtube_english_video_pipeline' retrieved from /opt/airflow/dags/youtube_pipeline.py
[2026-07-25T08:27:10.176+0000] {logging_mixin.py:188} INFO - [2026-07-25T08:27:10.176+0000] {dag.py:3089} INFO - Sync 1 DAGs
[2026-07-25T08:27:10.204+0000] {processor.py:183} INFO - Processing /opt/airflow/dags/youtube_pipeline.py took 0.088 seconds
[2026-07-25T08:27:40.393+0000] {processor.py:161} INFO - Started process (PID=14358) to work on /opt/airflow/dags/youtube_pipeline.py
[2026-07-25T08:27:40.395+0000] {processor.py:830} INFO - Processing file /opt/airflow/dags/youtube_pipeline.py for tasks to queue
[2026-07-25T08:27:40.399+0000] {logging_mixin.py:188} INFO - [2026-07-25T08:27:40.398+0000] {dagbag.py:545} INFO - Filling up the DagBag from /opt/airflow/dags/youtube_pipeline.py
[2026-07-25T08:27:40.471+0000] {processor.py:840} INFO - DAG(s) 'youtube_english_video_pipeline' retrieved from /opt/airflow/dags/youtube_pipeline.py
[2026-07-25T08:27:40.545+0000] {logging_mixin.py:188} INFO - [2026-07-25T08:27:40.544+0000] {dag.py:3089} INFO - Sync 1 DAGs
[2026-07-25T08:27:40.621+0000] {processor.py:183} INFO - Processing /opt/airflow/dags/youtube_pipeline.py took 0.241 seconds
[2026-07-25T08:28:10.886+0000] {processor.py:161} INFO - Started process (PID=14641) to work on /opt/airflow/dags/youtube_pipeline.py
[2026-07-25T08:28:10.888+0000] {processor.py:830} INFO - Processing file /opt/airflow/dags/youtube_pipeline.py for tasks to queue
[2026-07-25T08:28:10.889+0000] {logging_mixin.py:188} INFO - [2026-07-25T08:28:10.889+0000] {dagbag.py:545} INFO - Filling up the DagBag from /opt/airflow/dags/youtube_pipeline.py
[2026-07-25T08:28:10.911+0000] {processor.py:840} INFO - DAG(s) 'youtube_english_video_pipeline' retrieved from /opt/airflow/dags/youtube_pipeline.py
[2026-07-25T08:28:10.954+0000] {logging_mixin.py:188} INFO - [2026-07-25T08:28:10.953+0000] {dag.py:3089} INFO - Sync 1 DAGs
[2026-07-25T08:28:10.991+0000] {processor.py:183} INFO - Processing /opt/airflow/dags/youtube_pipeline.py took 0.113 seconds
[2026-07-25T08:28:41.107+0000] {processor.py:161} INFO - Started process (PID=15406) to work on /opt/airflow/dags/youtube_pipeline.py
[2026-07-25T08:28:41.109+0000] {processor.py:830} INFO - Processing file /opt/airflow/dags/youtube_pipeline.py for tasks to queue
[2026-07-25T08:28:41.112+0000] {logging_mixin.py:188} INFO - [2026-07-25T08:28:41.111+0000] {dagbag.py:545} INFO - Filling up the DagBag from /opt/airflow/dags/youtube_pipeline.py
[2026-07-25T08:28:41.148+0000] {processor.py:840} INFO - DAG(s) 'youtube_english_video_pipeline' retrieved from /opt/airflow/dags/youtube_pipeline.py
[2026-07-25T08:28:41.201+0000] {logging_mixin.py:188} INFO - [2026-07-25T08:28:41.201+0000] {dag.py:3089} INFO - Sync 1 DAGs
[2026-07-25T08:28:41.246+0000] {processor.py:183} INFO - Processing /opt/airflow/dags/youtube_pipeline.py took 0.152 seconds
[2026-07-25T08:29:11.435+0000] {processor.py:161} INFO - Started process (PID=16468) to work on /opt/airflow/dags/youtube_pipeline.py
[2026-07-25T08:29:11.437+0000] {processor.py:830} INFO - Processing file /opt/airflow/dags/youtube_pipeline.py for tasks to queue
[2026-07-25T08:29:11.440+0000] {logging_mixin.py:188} INFO - [2026-07-25T08:29:11.439+0000] {dagbag.py:545} INFO - Filling up the DagBag from /opt/airflow/dags/youtube_pipeline.py
[2026-07-25T08:29:11.489+0000] {processor.py:840} INFO - DAG(s) 'youtube_english_video_pipeline' retrieved from /opt/airflow/dags/youtube_pipeline.py
[2026-07-25T08:29:11.537+0000] {logging_mixin.py:188} INFO - [2026-07-25T08:29:11.537+0000] {dag.py:3089} INFO - Sync 1 DAGs
[2026-07-25T08:29:11.578+0000] {processor.py:183} INFO - Processing /opt/airflow/dags/youtube_pipeline.py took 0.151 seconds
[2026-07-25T08:29:41.662+0000] {processor.py:161} INFO - Started process (PID=17530) to work on /opt/airflow/dags/youtube_pipeline.py
[2026-07-25T08:29:41.663+0000] {processor.py:830} INFO - Processing file /opt/airflow/dags/youtube_pipeline.py for tasks to queue
[2026-07-25T08:29:41.664+0000] {logging_mixin.py:188} INFO - [2026-07-25T08:29:41.664+0000] {dagbag.py:545} INFO - Filling up the DagBag from /opt/airflow/dags/youtube_pipeline.py
[2026-07-25T08:29:41.697+0000] {processor.py:840} INFO - DAG(s) 'youtube_english_video_pipeline' retrieved from /opt/airflow/dags/youtube_pipeline.py
[2026-07-25T08:29:41.729+0000] {logging_mixin.py:188} INFO - [2026-07-25T08:29:41.729+0000] {dag.py:3089} INFO - Sync 1 DAGs
[2026-07-25T08:29:41.760+0000] {processor.py:183} INFO - Processing /opt/airflow/dags/youtube_pipeline.py took 0.104 seconds
[2026-07-25T08:30:12.090+0000] {processor.py:161} INFO - Started process (PID=17765) to work on /opt/airflow/dags/youtube_pipeline.py
[2026-07-25T08:30:12.093+0000] {processor.py:830} INFO - Processing file /opt/airflow/dags/youtube_pipeline.py for tasks to queue
[2026-07-25T08:30:12.096+0000] {logging_mixin.py:188} INFO - [2026-07-25T08:30:12.096+0000] {dagbag.py:545} INFO - Filling up the DagBag from /opt/airflow/dags/youtube_pipeline.py
[2026-07-25T08:30:12.154+0000] {processor.py:840} INFO - DAG(s) 'youtube_english_video_pipeline' retrieved from /opt/airflow/dags/youtube_pipeline.py
[2026-07-25T08:30:12.222+0000] {logging_mixin.py:188} INFO - [2026-07-25T08:30:12.222+0000] {dag.py:3089} INFO - Sync 1 DAGs
[2026-07-25T08:30:12.286+0000] {processor.py:183} INFO - Processing /opt/airflow/dags/youtube_pipeline.py took 0.205 seconds
[2026-07-25T08:30:42.508+0000] {processor.py:161} INFO - Started process (PID=17818) to work on /opt/airflow/dags/youtube_pipeline.py
[2026-07-25T08:30:42.509+0000] {processor.py:830} INFO - Processing file /opt/airflow/dags/youtube_pipeline.py for tasks to queue
[2026-07-25T08:30:42.511+0000] {logging_mixin.py:188} INFO - [2026-07-25T08:30:42.511+0000] {dagbag.py:545} INFO - Filling up the DagBag from /opt/airflow/dags/youtube_pipeline.py
[2026-07-25T08:30:42.532+0000] {processor.py:840} INFO - DAG(s) 'youtube_english_video_pipeline' retrieved from /opt/airflow/dags/youtube_pipeline.py
[2026-07-25T08:30:42.563+0000] {logging_mixin.py:188} INFO - [2026-07-25T08:30:42.563+0000] {dag.py:3089} INFO - Sync 1 DAGs
[2026-07-25T08:30:42.589+0000] {processor.py:183} INFO - Processing /opt/airflow/dags/youtube_pipeline.py took 0.087 seconds
[2026-07-25T08:31:12.775+0000] {processor.py:161} INFO - Started process (PID=17825) to work on /opt/airflow/dags/youtube_pipeline.py
[2026-07-25T08:31:12.775+0000] {processor.py:830} INFO - Processing file /opt/airflow/dags/youtube_pipeline.py for tasks to queue
[2026-07-25T08:31:12.777+0000] {logging_mixin.py:188} INFO - [2026-07-25T08:31:12.777+0000] {dagbag.py:545} INFO - Filling up the DagBag from /opt/airflow/dags/youtube_pipeline.py
[2026-07-25T08:31:12.797+0000] {processor.py:840} INFO - DAG(s) 'youtube_english_video_pipeline' retrieved from /opt/airflow/dags/youtube_pipeline.py
[2026-07-25T08:31:12.828+0000] {logging_mixin.py:188} INFO - [2026-07-25T08:31:12.828+0000] {dag.py:3089} INFO - Sync 1 DAGs
[2026-07-25T08:31:12.854+0000] {processor.py:183} INFO - Processing /opt/airflow/dags/youtube_pipeline.py took 0.085 seconds
[2026-07-25T08:31:43.070+0000] {processor.py:161} INFO - Started process (PID=18083) to work on /opt/airflow/dags/youtube_pipeline.py
[2026-07-25T08:31:43.071+0000] {processor.py:830} INFO - Processing file /opt/airflow/dags/youtube_pipeline.py for tasks to queue
[2026-07-25T08:31:43.073+0000] {logging_mixin.py:188} INFO - [2026-07-25T08:31:43.073+0000] {dagbag.py:545} INFO - Filling up the DagBag from /opt/airflow/dags/youtube_pipeline.py
[2026-07-25T08:31:43.095+0000] {processor.py:840} INFO - DAG(s) 'youtube_english_video_pipeline' retrieved from /opt/airflow/dags/youtube_pipeline.py
[2026-07-25T08:31:43.127+0000] {logging_mixin.py:188} INFO - [2026-07-25T08:31:43.127+0000] {dag.py:3089} INFO - Sync 1 DAGs
[2026-07-25T08:31:43.156+0000] {processor.py:183} INFO - Processing /opt/airflow/dags/youtube_pipeline.py took 0.091 seconds
[2026-07-25T08:32:13.298+0000] {processor.py:161} INFO - Started process (PID=18999) to work on /opt/airflow/dags/youtube_pipeline.py
[2026-07-25T08:32:13.300+0000] {processor.py:830} INFO - Processing file /opt/airflow/dags/youtube_pipeline.py for tasks to queue
[2026-07-25T08:32:13.304+0000] {logging_mixin.py:188} INFO - [2026-07-25T08:32:13.303+0000] {dagbag.py:545} INFO - Filling up the DagBag from /opt/airflow/dags/youtube_pipeline.py
[2026-07-25T08:32:13.350+0000] {processor.py:840} INFO - DAG(s) 'youtube_english_video_pipeline' retrieved from /opt/airflow/dags/youtube_pipeline.py
[2026-07-25T08:32:13.402+0000] {logging_mixin.py:188} INFO - [2026-07-25T08:32:13.402+0000] {dag.py:3089} INFO - Sync 1 DAGs
[2026-07-25T08:32:13.449+0000] {processor.py:183} INFO - Processing /opt/airflow/dags/youtube_pipeline.py took 0.160 seconds
[2026-07-25T08:32:43.562+0000] {processor.py:161} INFO - Started process (PID=20212) to work on /opt/airflow/dags/youtube_pipeline.py
[2026-07-25T08:32:43.563+0000] {processor.py:830} INFO - Processing file /opt/airflow/dags/youtube_pipeline.py for tasks to queue
[2026-07-25T08:32:43.567+0000] {logging_mixin.py:188} INFO - [2026-07-25T08:32:43.566+0000] {dagbag.py:545} INFO - Filling up the DagBag from /opt/airflow/dags/youtube_pipeline.py
[2026-07-25T08:32:43.606+0000] {processor.py:840} INFO - DAG(s) 'youtube_english_video_pipeline' retrieved from /opt/airflow/dags/youtube_pipeline.py
[2026-07-25T08:32:43.654+0000] {logging_mixin.py:188} INFO - [2026-07-25T08:32:43.654+0000] {dag.py:3089} INFO - Sync 1 DAGs
[2026-07-25T08:32:43.704+0000] {processor.py:183} INFO - Processing /opt/airflow/dags/youtube_pipeline.py took 0.151 seconds
[2026-07-25T08:33:13.869+0000] {processor.py:161} INFO - Started process (PID=21051) to work on /opt/airflow/dags/youtube_pipeline.py
[2026-07-25T08:33:13.873+0000] {processor.py:830} INFO - Processing file /opt/airflow/dags/youtube_pipeline.py for tasks to queue
[2026-07-25T08:33:13.876+0000] {logging_mixin.py:188} INFO - [2026-07-25T08:33:13.876+0000] {dagbag.py:545} INFO - Filling up the DagBag from /opt/airflow/dags/youtube_pipeline.py
[2026-07-25T08:33:13.947+0000] {processor.py:840} INFO - DAG(s) 'youtube_english_video_pipeline' retrieved from /opt/airflow/dags/youtube_pipeline.py
[2026-07-25T08:33:14.020+0000] {logging_mixin.py:188} INFO - [2026-07-25T08:33:14.020+0000] {dag.py:3089} INFO - Sync 1 DAGs
[2026-07-25T08:33:14.093+0000] {processor.py:183} INFO - Processing /opt/airflow/dags/youtube_pipeline.py took 0.238 seconds
[2026-07-25T08:33:44.183+0000] {processor.py:161} INFO - Started process (PID=21080) to work on /opt/airflow/dags/youtube_pipeline.py
[2026-07-25T08:33:44.184+0000] {processor.py:830} INFO - Processing file /opt/airflow/dags/youtube_pipeline.py for tasks to queue
[2026-07-25T08:33:44.186+0000] {logging_mixin.py:188} INFO - [2026-07-25T08:33:44.185+0000] {dagbag.py:545} INFO - Filling up the DagBag from /opt/airflow/dags/youtube_pipeline.py
[2026-07-25T08:33:44.206+0000] {processor.py:840} INFO - DAG(s) 'youtube_english_video_pipeline' retrieved from /opt/airflow/dags/youtube_pipeline.py
[2026-07-25T08:33:44.237+0000] {logging_mixin.py:188} INFO - [2026-07-25T08:33:44.237+0000] {dag.py:3089} INFO - Sync 1 DAGs
[2026-07-25T08:33:44.266+0000] {processor.py:183} INFO - Processing /opt/airflow/dags/youtube_pipeline.py took 0.088 seconds
[2026-07-25T08:34:14.404+0000] {processor.py:161} INFO - Started process (PID=21646) to work on /opt/airflow/dags/youtube_pipeline.py
[2026-07-25T08:34:14.406+0000] {processor.py:830} INFO - Processing file /opt/airflow/dags/youtube_pipeline.py for tasks to queue
[2026-07-25T08:34:14.408+0000] {logging_mixin.py:188} INFO - [2026-07-25T08:34:14.407+0000] {dagbag.py:545} INFO - Filling up the DagBag from /opt/airflow/dags/youtube_pipeline.py
[2026-07-25T08:34:14.444+0000] {processor.py:840} INFO - DAG(s) 'youtube_english_video_pipeline' retrieved from /opt/airflow/dags/youtube_pipeline.py
[2026-07-25T08:34:14.491+0000] {logging_mixin.py:188} INFO - [2026-07-25T08:34:14.491+0000] {dag.py:3089} INFO - Sync 1 DAGs
[2026-07-25T08:34:14.535+0000] {processor.py:183} INFO - Processing /opt/airflow/dags/youtube_pipeline.py took 0.137 seconds
[2026-07-25T08:34:44.746+0000] {processor.py:161} INFO - Started process (PID=22708) to work on /opt/airflow/dags/youtube_pipeline.py
[2026-07-25T08:34:44.748+0000] {processor.py:830} INFO - Processing file /opt/airflow/dags/youtube_pipeline.py for tasks to queue
[2026-07-25T08:34:44.751+0000] {logging_mixin.py:188} INFO - [2026-07-25T08:34:44.751+0000] {dagbag.py:545} INFO - Filling up the DagBag from /opt/airflow/dags/youtube_pipeline.py
[2026-07-25T08:34:44.787+0000] {processor.py:840} INFO - DAG(s) 'youtube_english_video_pipeline' retrieved from /opt/airflow/dags/youtube_pipeline.py
[2026-07-25T08:34:44.836+0000] {logging_mixin.py:188} INFO - [2026-07-25T08:34:44.836+0000] {dag.py:3089} INFO - Sync 1 DAGs
[2026-07-25T08:34:44.876+0000] {processor.py:183} INFO - Processing /opt/airflow/dags/youtube_pipeline.py took 0.138 seconds
[2026-07-25T08:35:14.985+0000] {processor.py:161} INFO - Started process (PID=23619) to work on /opt/airflow/dags/youtube_pipeline.py
[2026-07-25T08:35:14.986+0000] {processor.py:830} INFO - Processing file /opt/airflow/dags/youtube_pipeline.py for tasks to queue
[2026-07-25T08:35:14.988+0000] {logging_mixin.py:188} INFO - [2026-07-25T08:35:14.988+0000] {dagbag.py:545} INFO - Filling up the DagBag from /opt/airflow/dags/youtube_pipeline.py
[2026-07-25T08:35:15.032+0000] {processor.py:840} INFO - DAG(s) 'youtube_english_video_pipeline' retrieved from /opt/airflow/dags/youtube_pipeline.py
[2026-07-25T08:35:15.101+0000] {logging_mixin.py:188} INFO - [2026-07-25T08:35:15.100+0000] {dag.py:3089} INFO - Sync 1 DAGs
[2026-07-25T08:35:15.147+0000] {processor.py:183} INFO - Processing /opt/airflow/dags/youtube_pipeline.py took 0.169 seconds
[2026-07-25T08:35:45.344+0000] {processor.py:161} INFO - Started process (PID=23875) to work on /opt/airflow/dags/youtube_pipeline.py
[2026-07-25T08:35:45.350+0000] {processor.py:830} INFO - Processing file /opt/airflow/dags/youtube_pipeline.py for tasks to queue
[2026-07-25T08:35:45.352+0000] {logging_mixin.py:188} INFO - [2026-07-25T08:35:45.352+0000] {dagbag.py:545} INFO - Filling up the DagBag from /opt/airflow/dags/youtube_pipeline.py
[2026-07-25T08:35:45.383+0000] {processor.py:840} INFO - DAG(s) 'youtube_english_video_pipeline' retrieved from /opt/airflow/dags/youtube_pipeline.py
[2026-07-25T08:35:45.414+0000] {logging_mixin.py:188} INFO - [2026-07-25T08:35:45.414+0000] {dag.py:3089} INFO - Sync 1 DAGs
[2026-07-25T08:35:45.450+0000] {processor.py:183} INFO - Processing /opt/airflow/dags/youtube_pipeline.py took 0.111 seconds
[2026-07-25T08:36:15.612+0000] {processor.py:161} INFO - Started process (PID=24038) to work on /opt/airflow/dags/youtube_pipeline.py
[2026-07-25T08:36:15.614+0000] {processor.py:830} INFO - Processing file /opt/airflow/dags/youtube_pipeline.py for tasks to queue
[2026-07-25T08:36:15.617+0000] {logging_mixin.py:188} INFO - [2026-07-25T08:36:15.616+0000] {dagbag.py:545} INFO - Filling up the DagBag from /opt/airflow/dags/youtube_pipeline.py
[2026-07-25T08:36:15.663+0000] {processor.py:840} INFO - DAG(s) 'youtube_english_video_pipeline' retrieved from /opt/airflow/dags/youtube_pipeline.py
[2026-07-25T08:36:15.724+0000] {logging_mixin.py:188} INFO - [2026-07-25T08:36:15.724+0000] {dag.py:3089} INFO - Sync 1 DAGs
[2026-07-25T08:36:15.783+0000] {processor.py:183} INFO - Processing /opt/airflow/dags/youtube_pipeline.py took 0.182 seconds
[2026-07-25T08:36:45.927+0000] {processor.py:161} INFO - Started process (PID=24601) to work on /opt/airflow/dags/youtube_pipeline.py
[2026-07-25T08:36:45.928+0000] {processor.py:830} INFO - Processing file /opt/airflow/dags/youtube_pipeline.py for tasks to queue
[2026-07-25T08:36:45.929+0000] {logging_mixin.py:188} INFO - [2026-07-25T08:36:45.929+0000] {dagbag.py:545} INFO - Filling up the DagBag from /opt/airflow/dags/youtube_pipeline.py
[2026-07-25T08:36:45.958+0000] {processor.py:840} INFO - DAG(s) 'youtube_english_video_pipeline' retrieved from /opt/airflow/dags/youtube_pipeline.py
[2026-07-25T08:36:45.989+0000] {logging_mixin.py:188} INFO - [2026-07-25T08:36:45.989+0000] {dag.py:3089} INFO - Sync 1 DAGs
[2026-07-25T08:36:46.015+0000] {processor.py:183} INFO - Processing /opt/airflow/dags/youtube_pipeline.py took 0.095 seconds
[2026-07-25T08:37:16.229+0000] {processor.py:161} INFO - Started process (PID=24606) to work on /opt/airflow/dags/youtube_pipeline.py
[2026-07-25T08:37:16.230+0000] {processor.py:830} INFO - Processing file /opt/airflow/dags/youtube_pipeline.py for tasks to queue
[2026-07-25T08:37:16.232+0000] {logging_mixin.py:188} INFO - [2026-07-25T08:37:16.232+0000] {dagbag.py:545} INFO - Filling up the DagBag from /opt/airflow/dags/youtube_pipeline.py
[2026-07-25T08:37:16.251+0000] {processor.py:840} INFO - DAG(s) 'youtube_english_video_pipeline' retrieved from /opt/airflow/dags/youtube_pipeline.py
[2026-07-25T08:37:16.280+0000] {logging_mixin.py:188} INFO - [2026-07-25T08:37:16.279+0000] {dag.py:3089} INFO - Sync 1 DAGs
[2026-07-25T08:37:16.306+0000] {processor.py:183} INFO - Processing /opt/airflow/dags/youtube_pipeline.py took 0.081 seconds
[2026-07-25T08:37:46.449+0000] {processor.py:161} INFO - Started process (PID=25670) to work on /opt/airflow/dags/youtube_pipeline.py
[2026-07-25T08:37:46.455+0000] {processor.py:830} INFO - Processing file /opt/airflow/dags/youtube_pipeline.py for tasks to queue
[2026-07-25T08:37:46.458+0000] {logging_mixin.py:188} INFO - [2026-07-25T08:37:46.458+0000] {dagbag.py:545} INFO - Filling up the DagBag from /opt/airflow/dags/youtube_pipeline.py
[2026-07-25T08:37:46.477+0000] {processor.py:840} INFO - DAG(s) 'youtube_english_video_pipeline' retrieved from /opt/airflow/dags/youtube_pipeline.py
[2026-07-25T08:37:46.506+0000] {logging_mixin.py:188} INFO - [2026-07-25T08:37:46.506+0000] {dag.py:3089} INFO - Sync 1 DAGs
[2026-07-25T08:37:46.533+0000] {processor.py:183} INFO - Processing /opt/airflow/dags/youtube_pipeline.py took 0.089 seconds
[2026-07-25T08:38:16.694+0000] {processor.py:161} INFO - Started process (PID=26745) to work on /opt/airflow/dags/youtube_pipeline.py
[2026-07-25T08:38:16.695+0000] {processor.py:830} INFO - Processing file /opt/airflow/dags/youtube_pipeline.py for tasks to queue
[2026-07-25T08:38:16.697+0000] {logging_mixin.py:188} INFO - [2026-07-25T08:38:16.697+0000] {dagbag.py:545} INFO - Filling up the DagBag from /opt/airflow/dags/youtube_pipeline.py
[2026-07-25T08:38:16.731+0000] {processor.py:840} INFO - DAG(s) 'youtube_english_video_pipeline' retrieved from /opt/airflow/dags/youtube_pipeline.py
[2026-07-25T08:38:16.775+0000] {logging_mixin.py:188} INFO - [2026-07-25T08:38:16.775+0000] {dag.py:3089} INFO - Sync 1 DAGs
[2026-07-25T08:38:16.819+0000] {processor.py:183} INFO - Processing /opt/airflow/dags/youtube_pipeline.py took 0.132 seconds
[2026-07-25T08:38:46.970+0000] {processor.py:161} INFO - Started process (PID=27282) to work on /opt/airflow/dags/youtube_pipeline.py
[2026-07-25T08:38:46.972+0000] {processor.py:830} INFO - Processing file /opt/airflow/dags/youtube_pipeline.py for tasks to queue
[2026-07-25T08:38:46.976+0000] {logging_mixin.py:188} INFO - [2026-07-25T08:38:46.975+0000] {dagbag.py:545} INFO - Filling up the DagBag from /opt/airflow/dags/youtube_pipeline.py
[2026-07-25T08:38:47.032+0000] {processor.py:840} INFO - DAG(s) 'youtube_english_video_pipeline' retrieved from /opt/airflow/dags/youtube_pipeline.py
[2026-07-25T08:38:47.105+0000] {logging_mixin.py:188} INFO - [2026-07-25T08:38:47.104+0000] {dag.py:3089} INFO - Sync 1 DAGs
[2026-07-25T08:38:47.183+0000] {processor.py:183} INFO - Processing /opt/airflow/dags/youtube_pipeline.py took 0.227 seconds
[2026-07-25T08:39:17.380+0000] {processor.py:161} INFO - Started process (PID=27544) to work on /opt/airflow/dags/youtube_pipeline.py
[2026-07-25T08:39:17.382+0000] {processor.py:830} INFO - Processing file /opt/airflow/dags/youtube_pipeline.py for tasks to queue
[2026-07-25T08:39:17.387+0000] {logging_mixin.py:188} INFO - [2026-07-25T08:39:17.386+0000] {dagbag.py:545} INFO - Filling up the DagBag from /opt/airflow/dags/youtube_pipeline.py
[2026-07-25T08:39:17.468+0000] {processor.py:840} INFO - DAG(s) 'youtube_english_video_pipeline' retrieved from /opt/airflow/dags/youtube_pipeline.py
[2026-07-25T08:39:17.559+0000] {logging_mixin.py:188} INFO - [2026-07-25T08:39:17.559+0000] {dag.py:3089} INFO - Sync 1 DAGs
[2026-07-25T08:39:17.625+0000] {processor.py:183} INFO - Processing /opt/airflow/dags/youtube_pipeline.py took 0.261 seconds
[2026-07-25T08:39:47.855+0000] {processor.py:161} INFO - Started process (PID=28182) to work on /opt/airflow/dags/youtube_pipeline.py
[2026-07-25T08:39:47.855+0000] {processor.py:830} INFO - Processing file /opt/airflow/dags/youtube_pipeline.py for tasks to queue
[2026-07-25T08:39:47.857+0000] {logging_mixin.py:188} INFO - [2026-07-25T08:39:47.857+0000] {dagbag.py:545} INFO - Filling up the DagBag from /opt/airflow/dags/youtube_pipeline.py
[2026-07-25T08:39:47.877+0000] {processor.py:840} INFO - DAG(s) 'youtube_english_video_pipeline' retrieved from /opt/airflow/dags/youtube_pipeline.py
[2026-07-25T08:39:47.907+0000] {logging_mixin.py:188} INFO - [2026-07-25T08:39:47.907+0000] {dag.py:3089} INFO - Sync 1 DAGs
[2026-07-25T08:39:47.935+0000] {processor.py:183} INFO - Processing /opt/airflow/dags/youtube_pipeline.py took 0.086 seconds
[2026-07-25T08:40:18.030+0000] {processor.py:161} INFO - Started process (PID=29244) to work on /opt/airflow/dags/youtube_pipeline.py
[2026-07-25T08:40:18.031+0000] {processor.py:830} INFO - Processing file /opt/airflow/dags/youtube_pipeline.py for tasks to queue
[2026-07-25T08:40:18.033+0000] {logging_mixin.py:188} INFO - [2026-07-25T08:40:18.033+0000] {dagbag.py:545} INFO - Filling up the DagBag from /opt/airflow/dags/youtube_pipeline.py
[2026-07-25T08:40:18.055+0000] {processor.py:840} INFO - DAG(s) 'youtube_english_video_pipeline' retrieved from /opt/airflow/dags/youtube_pipeline.py
[2026-07-25T08:40:18.088+0000] {logging_mixin.py:188} INFO - [2026-07-25T08:40:18.087+0000] {dag.py:3089} INFO - Sync 1 DAGs
[2026-07-25T08:40:18.155+0000] {processor.py:183} INFO - Processing /opt/airflow/dags/youtube_pipeline.py took 0.130 seconds
[2026-07-25T08:40:48.456+0000] {processor.py:161} INFO - Started process (PID=30454) to work on /opt/airflow/dags/youtube_pipeline.py
[2026-07-25T08:40:48.464+0000] {processor.py:830} INFO - Processing file /opt/airflow/dags/youtube_pipeline.py for tasks to queue
[2026-07-25T08:40:48.468+0000] {logging_mixin.py:188} INFO - [2026-07-25T08:40:48.467+0000] {dagbag.py:545} INFO - Filling up the DagBag from /opt/airflow/dags/youtube_pipeline.py
[2026-07-25T08:40:48.524+0000] {processor.py:840} INFO - DAG(s) 'youtube_english_video_pipeline' retrieved from /opt/airflow/dags/youtube_pipeline.py
[2026-07-25T08:40:48.614+0000] {logging_mixin.py:188} INFO - [2026-07-25T08:40:48.613+0000] {dag.py:3089} INFO - Sync 1 DAGs
[2026-07-25T08:40:48.697+0000] {processor.py:183} INFO - Processing /opt/airflow/dags/youtube_pipeline.py took 0.254 seconds
[2026-07-25T08:41:18.992+0000] {processor.py:161} INFO - Started process (PID=30689) to work on /opt/airflow/dags/youtube_pipeline.py
[2026-07-25T08:41:18.994+0000] {processor.py:830} INFO - Processing file /opt/airflow/dags/youtube_pipeline.py for tasks to queue
[2026-07-25T08:41:18.998+0000] {logging_mixin.py:188} INFO - [2026-07-25T08:41:18.997+0000] {dagbag.py:545} INFO - Filling up the DagBag from /opt/airflow/dags/youtube_pipeline.py
[2026-07-25T08:41:19.077+0000] {processor.py:840} INFO - DAG(s) 'youtube_english_video_pipeline' retrieved from /opt/airflow/dags/youtube_pipeline.py
[2026-07-25T08:41:19.151+0000] {logging_mixin.py:188} INFO - [2026-07-25T08:41:19.151+0000] {dag.py:3089} INFO - Sync 1 DAGs
[2026-07-25T08:41:19.222+0000] {processor.py:183} INFO - Processing /opt/airflow/dags/youtube_pipeline.py took 0.245 seconds
[2026-07-25T08:41:49.503+0000] {processor.py:161} INFO - Started process (PID=30718) to work on /opt/airflow/dags/youtube_pipeline.py
[2026-07-25T08:41:49.504+0000] {processor.py:830} INFO - Processing file /opt/airflow/dags/youtube_pipeline.py for tasks to queue
[2026-07-25T08:41:49.506+0000] {logging_mixin.py:188} INFO - [2026-07-25T08:41:49.506+0000] {dagbag.py:545} INFO - Filling up the DagBag from /opt/airflow/dags/youtube_pipeline.py
[2026-07-25T08:41:49.525+0000] {processor.py:840} INFO - DAG(s) 'youtube_english_video_pipeline' retrieved from /opt/airflow/dags/youtube_pipeline.py
[2026-07-25T08:41:49.554+0000] {logging_mixin.py:188} INFO - [2026-07-25T08:41:49.554+0000] {dag.py:3089} INFO - Sync 1 DAGs
[2026-07-25T08:41:49.580+0000] {processor.py:183} INFO - Processing /opt/airflow/dags/youtube_pipeline.py took 0.082 seconds
[2026-07-25T08:42:19.729+0000] {processor.py:161} INFO - Started process (PID=31284) to work on /opt/airflow/dags/youtube_pipeline.py
[2026-07-25T08:42:19.730+0000] {processor.py:830} INFO - Processing file /opt/airflow/dags/youtube_pipeline.py for tasks to queue
[2026-07-25T08:42:19.732+0000] {logging_mixin.py:188} INFO - [2026-07-25T08:42:19.732+0000] {dagbag.py:545} INFO - Filling up the DagBag from /opt/airflow/dags/youtube_pipeline.py
[2026-07-25T08:42:19.770+0000] {processor.py:840} INFO - DAG(s) 'youtube_english_video_pipeline' retrieved from /opt/airflow/dags/youtube_pipeline.py
[2026-07-25T08:42:19.814+0000] {logging_mixin.py:188} INFO - [2026-07-25T08:42:19.813+0000] {dag.py:3089} INFO - Sync 1 DAGs
[2026-07-25T08:42:19.854+0000] {processor.py:183} INFO - Processing /opt/airflow/dags/youtube_pipeline.py took 0.132 seconds
[2026-07-25T08:42:50.012+0000] {processor.py:161} INFO - Started process (PID=32346) to work on /opt/airflow/dags/youtube_pipeline.py
[2026-07-25T08:42:50.014+0000] {processor.py:830} INFO - Processing file /opt/airflow/dags/youtube_pipeline.py for tasks to queue
[2026-07-25T08:42:50.017+0000] {logging_mixin.py:188} INFO - [2026-07-25T08:42:50.017+0000] {dagbag.py:545} INFO - Filling up the DagBag from /opt/airflow/dags/youtube_pipeline.py
[2026-07-25T08:42:50.051+0000] {processor.py:840} INFO - DAG(s) 'youtube_english_video_pipeline' retrieved from /opt/airflow/dags/youtube_pipeline.py
[2026-07-25T08:42:50.082+0000] {logging_mixin.py:188} INFO - [2026-07-25T08:42:50.082+0000] {dag.py:3089} INFO - Sync 1 DAGs
[2026-07-25T08:42:50.110+0000] {processor.py:183} INFO - Processing /opt/airflow/dags/youtube_pipeline.py took 0.110 seconds
[2026-07-25T08:43:20.231+0000] {processor.py:161} INFO - Started process (PID=33432) to work on /opt/airflow/dags/youtube_pipeline.py
[2026-07-25T08:43:20.232+0000] {processor.py:830} INFO - Processing file /opt/airflow/dags/youtube_pipeline.py for tasks to queue
[2026-07-25T08:43:20.233+0000] {logging_mixin.py:188} INFO - [2026-07-25T08:43:20.233+0000] {dagbag.py:545} INFO - Filling up the DagBag from /opt/airflow/dags/youtube_pipeline.py
[2026-07-25T08:43:20.252+0000] {processor.py:840} INFO - DAG(s) 'youtube_english_video_pipeline' retrieved from /opt/airflow/dags/youtube_pipeline.py
[2026-07-25T08:43:20.284+0000] {logging_mixin.py:188} INFO - [2026-07-25T08:43:20.284+0000] {dag.py:3089} INFO - Sync 1 DAGs
[2026-07-25T08:43:20.313+0000] {processor.py:183} INFO - Processing /opt/airflow/dags/youtube_pipeline.py took 0.087 seconds
[2026-07-25T08:43:50.580+0000] {processor.py:161} INFO - Started process (PID=34096) to work on /opt/airflow/dags/youtube_pipeline.py
[2026-07-25T08:43:50.582+0000] {processor.py:830} INFO - Processing file /opt/airflow/dags/youtube_pipeline.py for tasks to queue
[2026-07-25T08:43:50.586+0000] {logging_mixin.py:188} INFO - [2026-07-25T08:43:50.586+0000] {dagbag.py:545} INFO - Filling up the DagBag from /opt/airflow/dags/youtube_pipeline.py
[2026-07-25T08:43:50.645+0000] {processor.py:840} INFO - DAG(s) 'youtube_english_video_pipeline' retrieved from /opt/airflow/dags/youtube_pipeline.py
[2026-07-25T08:43:50.717+0000] {logging_mixin.py:188} INFO - [2026-07-25T08:43:50.717+0000] {dag.py:3089} INFO - Sync 1 DAGs
[2026-07-25T08:43:50.787+0000] {processor.py:183} INFO - Processing /opt/airflow/dags/youtube_pipeline.py took 0.224 seconds
[2026-07-25T08:44:20.946+0000] {processor.py:161} INFO - Started process (PID=34125) to work on /opt/airflow/dags/youtube_pipeline.py
[2026-07-25T08:44:20.947+0000] {processor.py:830} INFO - Processing file /opt/airflow/dags/youtube_pipeline.py for tasks to queue
[2026-07-25T08:44:20.950+0000] {logging_mixin.py:188} INFO - [2026-07-25T08:44:20.950+0000] {dagbag.py:545} INFO - Filling up the DagBag from /opt/airflow/dags/youtube_pipeline.py
[2026-07-25T08:44:20.989+0000] {processor.py:840} INFO - DAG(s) 'youtube_english_video_pipeline' retrieved from /opt/airflow/dags/youtube_pipeline.py
[2026-07-25T08:44:21.025+0000] {logging_mixin.py:188} INFO - [2026-07-25T08:44:21.025+0000] {dag.py:3089} INFO - Sync 1 DAGs
[2026-07-25T08:44:21.053+0000] {processor.py:183} INFO - Processing /opt/airflow/dags/youtube_pipeline.py took 0.113 seconds
[2026-07-25T08:44:51.391+0000] {processor.py:161} INFO - Started process (PID=34162) to work on /opt/airflow/dags/youtube_pipeline.py
[2026-07-25T08:44:51.393+0000] {processor.py:830} INFO - Processing file /opt/airflow/dags/youtube_pipeline.py for tasks to queue
[2026-07-25T08:44:51.397+0000] {logging_mixin.py:188} INFO - [2026-07-25T08:44:51.396+0000] {dagbag.py:545} INFO - Filling up the DagBag from /opt/airflow/dags/youtube_pipeline.py
[2026-07-25T08:44:51.448+0000] {processor.py:840} INFO - DAG(s) 'youtube_english_video_pipeline' retrieved from /opt/airflow/dags/youtube_pipeline.py
[2026-07-25T08:44:51.477+0000] {logging_mixin.py:188} INFO - [2026-07-25T08:44:51.477+0000] {dag.py:3089} INFO - Sync 1 DAGs
[2026-07-25T08:44:51.509+0000] {processor.py:183} INFO - Processing /opt/airflow/dags/youtube_pipeline.py took 0.129 seconds
[2026-07-25T08:45:21.685+0000] {processor.py:161} INFO - Started process (PID=34420) to work on /opt/airflow/dags/youtube_pipeline.py
[2026-07-25T08:45:21.686+0000] {processor.py:830} INFO - Processing file /opt/airflow/dags/youtube_pipeline.py for tasks to queue
[2026-07-25T08:45:21.688+0000] {logging_mixin.py:188} INFO - [2026-07-25T08:45:21.687+0000] {dagbag.py:545} INFO - Filling up the DagBag from /opt/airflow/dags/youtube_pipeline.py
[2026-07-25T08:45:21.737+0000] {processor.py:840} INFO - DAG(s) 'youtube_english_video_pipeline' retrieved from /opt/airflow/dags/youtube_pipeline.py
[2026-07-25T08:45:21.771+0000] {logging_mixin.py:188} INFO - [2026-07-25T08:45:21.771+0000] {dag.py:3089} INFO - Sync 1 DAGs
[2026-07-25T08:45:21.801+0000] {processor.py:183} INFO - Processing /opt/airflow/dags/youtube_pipeline.py took 0.129 seconds
[2026-07-25T08:45:52.035+0000] {processor.py:161} INFO - Started process (PID=35186) to work on /opt/airflow/dags/youtube_pipeline.py
[2026-07-25T08:45:52.036+0000] {processor.py:830} INFO - Processing file /opt/airflow/dags/youtube_pipeline.py for tasks to queue
[2026-07-25T08:45:52.038+0000] {logging_mixin.py:188} INFO - [2026-07-25T08:45:52.038+0000] {dagbag.py:545} INFO - Filling up the DagBag from /opt/airflow/dags/youtube_pipeline.py
[2026-07-25T08:45:52.075+0000] {processor.py:840} INFO - DAG(s) 'youtube_english_video_pipeline' retrieved from /opt/airflow/dags/youtube_pipeline.py
[2026-07-25T08:45:52.113+0000] {logging_mixin.py:188} INFO - [2026-07-25T08:45:52.113+0000] {dag.py:3089} INFO - Sync 1 DAGs
[2026-07-25T08:45:52.159+0000] {processor.py:183} INFO - Processing /opt/airflow/dags/youtube_pipeline.py took 0.129 seconds
[2026-07-25T08:46:22.303+0000] {processor.py:161} INFO - Started process (PID=36248) to work on /opt/airflow/dags/youtube_pipeline.py
[2026-07-25T08:46:22.305+0000] {processor.py:830} INFO - Processing file /opt/airflow/dags/youtube_pipeline.py for tasks to queue
[2026-07-25T08:46:22.309+0000] {logging_mixin.py:188} INFO - [2026-07-25T08:46:22.308+0000] {dagbag.py:545} INFO - Filling up the DagBag from /opt/airflow/dags/youtube_pipeline.py
[2026-07-25T08:46:22.357+0000] {processor.py:840} INFO - DAG(s) 'youtube_english_video_pipeline' retrieved from /opt/airflow/dags/youtube_pipeline.py
[2026-07-25T08:46:22.414+0000] {logging_mixin.py:188} INFO - [2026-07-25T08:46:22.413+0000] {dag.py:3089} INFO - Sync 1 DAGs
[2026-07-25T08:46:22.466+0000] {processor.py:183} INFO - Processing /opt/airflow/dags/youtube_pipeline.py took 0.172 seconds
[2026-07-25T08:46:52.541+0000] {processor.py:161} INFO - Started process (PID=37310) to work on /opt/airflow/dags/youtube_pipeline.py
[2026-07-25T08:46:52.542+0000] {processor.py:830} INFO - Processing file /opt/airflow/dags/youtube_pipeline.py for tasks to queue
[2026-07-25T08:46:52.545+0000] {logging_mixin.py:188} INFO - [2026-07-25T08:46:52.544+0000] {dagbag.py:545} INFO - Filling up the DagBag from /opt/airflow/dags/youtube_pipeline.py
[2026-07-25T08:46:52.587+0000] {processor.py:840} INFO - DAG(s) 'youtube_english_video_pipeline' retrieved from /opt/airflow/dags/youtube_pipeline.py
[2026-07-25T08:46:52.632+0000] {logging_mixin.py:188} INFO - [2026-07-25T08:46:52.631+0000] {dag.py:3089} INFO - Sync 1 DAGs
[2026-07-25T08:46:52.675+0000] {processor.py:183} INFO - Processing /opt/airflow/dags/youtube_pipeline.py took 0.140 seconds
[2026-07-25T08:47:22.827+0000] {processor.py:161} INFO - Started process (PID=37545) to work on /opt/airflow/dags/youtube_pipeline.py
[2026-07-25T08:47:22.830+0000] {processor.py:830} INFO - Processing file /opt/airflow/dags/youtube_pipeline.py for tasks to queue
[2026-07-25T08:47:22.835+0000] {logging_mixin.py:188} INFO - [2026-07-25T08:47:22.834+0000] {dagbag.py:545} INFO - Filling up the DagBag from /opt/airflow/dags/youtube_pipeline.py
[2026-07-25T08:47:22.885+0000] {processor.py:840} INFO - DAG(s) 'youtube_english_video_pipeline' retrieved from /opt/airflow/dags/youtube_pipeline.py
[2026-07-25T08:47:22.948+0000] {logging_mixin.py:188} INFO - [2026-07-25T08:47:22.948+0000] {dag.py:3089} INFO - Sync 1 DAGs
[2026-07-25T08:47:23.000+0000] {processor.py:183} INFO - Processing /opt/airflow/dags/youtube_pipeline.py took 0.187 seconds
[2026-07-25T08:47:53.173+0000] {processor.py:161} INFO - Started process (PID=37831) to work on /opt/airflow/dags/youtube_pipeline.py
[2026-07-25T08:47:53.174+0000] {processor.py:830} INFO - Processing file /opt/airflow/dags/youtube_pipeline.py for tasks to queue
[2026-07-25T08:47:53.176+0000] {logging_mixin.py:188} INFO - [2026-07-25T08:47:53.176+0000] {dagbag.py:545} INFO - Filling up the DagBag from /opt/airflow/dags/youtube_pipeline.py
[2026-07-25T08:47:53.209+0000] {processor.py:840} INFO - DAG(s) 'youtube_english_video_pipeline' retrieved from /opt/airflow/dags/youtube_pipeline.py
[2026-07-25T08:47:53.241+0000] {logging_mixin.py:188} INFO - [2026-07-25T08:47:53.241+0000] {dag.py:3089} INFO - Sync 1 DAGs
[2026-07-25T08:47:53.267+0000] {processor.py:183} INFO - Processing /opt/airflow/dags/youtube_pipeline.py took 0.102 seconds
[2026-07-25T08:48:23.412+0000] {processor.py:161} INFO - Started process (PID=38597) to work on /opt/airflow/dags/youtube_pipeline.py
[2026-07-25T08:48:23.414+0000] {processor.py:830} INFO - Processing file /opt/airflow/dags/youtube_pipeline.py for tasks to queue
[2026-07-25T08:48:23.416+0000] {logging_mixin.py:188} INFO - [2026-07-25T08:48:23.416+0000] {dagbag.py:545} INFO - Filling up the DagBag from /opt/airflow/dags/youtube_pipeline.py
[2026-07-25T08:48:23.449+0000] {processor.py:840} INFO - DAG(s) 'youtube_english_video_pipeline' retrieved from /opt/airflow/dags/youtube_pipeline.py
[2026-07-25T08:48:23.513+0000] {logging_mixin.py:188} INFO - [2026-07-25T08:48:23.512+0000] {dag.py:3089} INFO - Sync 1 DAGs
[2026-07-25T08:48:23.573+0000] {processor.py:183} INFO - Processing /opt/airflow/dags/youtube_pipeline.py took 0.171 seconds
[2026-07-25T08:48:53.726+0000] {processor.py:161} INFO - Started process (PID=39659) to work on /opt/airflow/dags/youtube_pipeline.py
[2026-07-25T08:48:53.728+0000] {processor.py:830} INFO - Processing file /opt/airflow/dags/youtube_pipeline.py for tasks to queue
[2026-07-25T08:48:53.730+0000] {logging_mixin.py:188} INFO - [2026-07-25T08:48:53.730+0000] {dagbag.py:545} INFO - Filling up the DagBag from /opt/airflow/dags/youtube_pipeline.py
[2026-07-25T08:48:53.773+0000] {processor.py:840} INFO - DAG(s) 'youtube_english_video_pipeline' retrieved from /opt/airflow/dags/youtube_pipeline.py
[2026-07-25T08:48:53.804+0000] {logging_mixin.py:188} INFO - [2026-07-25T08:48:53.804+0000] {dag.py:3089} INFO - Sync 1 DAGs
[2026-07-25T08:48:53.832+0000] {processor.py:183} INFO - Processing /opt/airflow/dags/youtube_pipeline.py took 0.117 seconds
[2026-07-25T08:49:24.045+0000] {processor.py:161} INFO - Started process (PID=40872) to work on /opt/airflow/dags/youtube_pipeline.py
[2026-07-25T08:49:24.046+0000] {processor.py:830} INFO - Processing file /opt/airflow/dags/youtube_pipeline.py for tasks to queue
[2026-07-25T08:49:24.048+0000] {logging_mixin.py:188} INFO - [2026-07-25T08:49:24.048+0000] {dagbag.py:545} INFO - Filling up the DagBag from /opt/airflow/dags/youtube_pipeline.py
[2026-07-25T08:49:24.084+0000] {processor.py:840} INFO - DAG(s) 'youtube_english_video_pipeline' retrieved from /opt/airflow/dags/youtube_pipeline.py
[2026-07-25T08:49:24.126+0000] {logging_mixin.py:188} INFO - [2026-07-25T08:49:24.125+0000] {dag.py:3089} INFO - Sync 1 DAGs
[2026-07-25T08:49:24.165+0000] {processor.py:183} INFO - Processing /opt/airflow/dags/youtube_pipeline.py took 0.126 seconds
[2026-07-25T08:49:54.323+0000] {processor.py:161} INFO - Started process (PID=40977) to work on /opt/airflow/dags/youtube_pipeline.py
[2026-07-25T08:49:54.325+0000] {processor.py:830} INFO - Processing file /opt/airflow/dags/youtube_pipeline.py for tasks to queue
[2026-07-25T08:49:54.328+0000] {logging_mixin.py:188} INFO - [2026-07-25T08:49:54.327+0000] {dagbag.py:545} INFO - Filling up the DagBag from /opt/airflow/dags/youtube_pipeline.py
[2026-07-25T08:49:54.354+0000] {processor.py:840} INFO - DAG(s) 'youtube_english_video_pipeline' retrieved from /opt/airflow/dags/youtube_pipeline.py
[2026-07-25T08:49:54.385+0000] {logging_mixin.py:188} INFO - [2026-07-25T08:49:54.385+0000] {dag.py:3089} INFO - Sync 1 DAGs
[2026-07-25T08:49:54.412+0000] {processor.py:183} INFO - Processing /opt/airflow/dags/youtube_pipeline.py took 0.099 seconds
[2026-07-25T08:50:24.623+0000] {processor.py:161} INFO - Started process (PID=40987) to work on /opt/airflow/dags/youtube_pipeline.py
[2026-07-25T08:50:24.624+0000] {processor.py:830} INFO - Processing file /opt/airflow/dags/youtube_pipeline.py for tasks to queue
[2026-07-25T08:50:24.625+0000] {logging_mixin.py:188} INFO - [2026-07-25T08:50:24.625+0000] {dagbag.py:545} INFO - Filling up the DagBag from /opt/airflow/dags/youtube_pipeline.py
[2026-07-25T08:50:24.645+0000] {processor.py:840} INFO - DAG(s) 'youtube_english_video_pipeline' retrieved from /opt/airflow/dags/youtube_pipeline.py
[2026-07-25T08:50:24.674+0000] {logging_mixin.py:188} INFO - [2026-07-25T08:50:24.674+0000] {dag.py:3089} INFO - Sync 1 DAGs
[2026-07-25T08:50:24.688+0000] {logging_mixin.py:188} INFO - [2026-07-25T08:50:24.688+0000] {dag.py:3947} INFO - Setting next_dagrun for youtube_english_video_pipeline to 2026-07-24 12:00:00+00:00, run_after=2026-07-25 12:00:00+00:00
[2026-07-25T08:50:24.703+0000] {processor.py:183} INFO - Processing /opt/airflow/dags/youtube_pipeline.py took 0.084 seconds
[2026-07-25T08:50:54.930+0000] {processor.py:161} INFO - Started process (PID=40992) to work on /opt/airflow/dags/youtube_pipeline.py
[2026-07-25T08:50:54.931+0000] {processor.py:830} INFO - Processing file /opt/airflow/dags/youtube_pipeline.py for tasks to queue
[2026-07-25T08:50:54.932+0000] {logging_mixin.py:188} INFO - [2026-07-25T08:50:54.932+0000] {dagbag.py:545} INFO - Filling up the DagBag from /opt/airflow/dags/youtube_pipeline.py
[2026-07-25T08:50:54.951+0000] {processor.py:840} INFO - DAG(s) 'youtube_english_video_pipeline' retrieved from /opt/airflow/dags/youtube_pipeline.py
[2026-07-25T08:50:54.984+0000] {logging_mixin.py:188} INFO - [2026-07-25T08:50:54.984+0000] {dag.py:3089} INFO - Sync 1 DAGs
[2026-07-25T08:50:54.998+0000] {logging_mixin.py:188} INFO - [2026-07-25T08:50:54.998+0000] {dag.py:3947} INFO - Setting next_dagrun for youtube_english_video_pipeline to 2026-07-24 12:00:00+00:00, run_after=2026-07-25 12:00:00+00:00
[2026-07-25T08:50:55.015+0000] {processor.py:183} INFO - Processing /opt/airflow/dags/youtube_pipeline.py took 0.091 seconds
[2026-07-25T08:51:25.302+0000] {processor.py:161} INFO - Started process (PID=40997) to work on /opt/airflow/dags/youtube_pipeline.py
[2026-07-25T08:51:25.303+0000] {processor.py:830} INFO - Processing file /opt/airflow/dags/youtube_pipeline.py for tasks to queue
[2026-07-25T08:51:25.304+0000] {logging_mixin.py:188} INFO - [2026-07-25T08:51:25.304+0000] {dagbag.py:545} INFO - Filling up the DagBag from /opt/airflow/dags/youtube_pipeline.py
[2026-07-25T08:51:25.323+0000] {processor.py:840} INFO - DAG(s) 'youtube_english_video_pipeline' retrieved from /opt/airflow/dags/youtube_pipeline.py
[2026-07-25T08:51:25.355+0000] {logging_mixin.py:188} INFO - [2026-07-25T08:51:25.355+0000] {dag.py:3089} INFO - Sync 1 DAGs
[2026-07-25T08:51:25.371+0000] {logging_mixin.py:188} INFO - [2026-07-25T08:51:25.371+0000] {dag.py:3947} INFO - Setting next_dagrun for youtube_english_video_pipeline to 2026-07-24 12:00:00+00:00, run_after=2026-07-25 12:00:00+00:00
[2026-07-25T08:51:25.384+0000] {processor.py:183} INFO - Processing /opt/airflow/dags/youtube_pipeline.py took 0.088 seconds
[2026-07-25T08:51:55.613+0000] {processor.py:161} INFO - Started process (PID=41002) to work on /opt/airflow/dags/youtube_pipeline.py
[2026-07-25T08:51:55.614+0000] {processor.py:830} INFO - Processing file /opt/airflow/dags/youtube_pipeline.py for tasks to queue
[2026-07-25T08:51:55.616+0000] {logging_mixin.py:188} INFO - [2026-07-25T08:51:55.616+0000] {dagbag.py:545} INFO - Filling up the DagBag from /opt/airflow/dags/youtube_pipeline.py
[2026-07-25T08:51:55.643+0000] {processor.py:840} INFO - DAG(s) 'youtube_english_video_pipeline' retrieved from /opt/airflow/dags/youtube_pipeline.py
[2026-07-25T08:51:55.676+0000] {logging_mixin.py:188} INFO - [2026-07-25T08:51:55.676+0000] {dag.py:3089} INFO - Sync 1 DAGs
[2026-07-25T08:51:55.692+0000] {logging_mixin.py:188} INFO - [2026-07-25T08:51:55.691+0000] {dag.py:3947} INFO - Setting next_dagrun for youtube_english_video_pipeline to 2026-07-24 12:00:00+00:00, run_after=2026-07-25 12:00:00+00:00
[2026-07-25T08:51:55.717+0000] {processor.py:183} INFO - Processing /opt/airflow/dags/youtube_pipeline.py took 0.110 seconds
[2026-07-25T08:52:26.004+0000] {processor.py:161} INFO - Started process (PID=41007) to work on /opt/airflow/dags/youtube_pipeline.py
[2026-07-25T08:52:26.005+0000] {processor.py:830} INFO - Processing file /opt/airflow/dags/youtube_pipeline.py for tasks to queue
[2026-07-25T08:52:26.007+0000] {logging_mixin.py:188} INFO - [2026-07-25T08:52:26.007+0000] {dagbag.py:545} INFO - Filling up the DagBag from /opt/airflow/dags/youtube_pipeline.py
[2026-07-25T08:52:26.028+0000] {processor.py:840} INFO - DAG(s) 'youtube_english_video_pipeline' retrieved from /opt/airflow/dags/youtube_pipeline.py
[2026-07-25T08:52:26.058+0000] {logging_mixin.py:188} INFO - [2026-07-25T08:52:26.058+0000] {dag.py:3089} INFO - Sync 1 DAGs
[2026-07-25T08:52:26.074+0000] {logging_mixin.py:188} INFO - [2026-07-25T08:52:26.073+0000] {dag.py:3947} INFO - Setting next_dagrun for youtube_english_video_pipeline to 2026-07-24 12:00:00+00:00, run_after=2026-07-25 12:00:00+00:00
[2026-07-25T08:52:26.087+0000] {processor.py:183} INFO - Processing /opt/airflow/dags/youtube_pipeline.py took 0.088 seconds
[2026-07-25T08:52:56.439+0000] {processor.py:161} INFO - Started process (PID=41012) to work on /opt/airflow/dags/youtube_pipeline.py
[2026-07-25T08:52:56.443+0000] {processor.py:830} INFO - Processing file /opt/airflow/dags/youtube_pipeline.py for tasks to queue
[2026-07-25T08:52:56.446+0000] {logging_mixin.py:188} INFO - [2026-07-25T08:52:56.446+0000] {dagbag.py:545} INFO - Filling up the DagBag from /opt/airflow/dags/youtube_pipeline.py
[2026-07-25T08:52:56.603+0000] {processor.py:840} INFO - DAG(s) 'youtube_english_video_pipeline' retrieved from /opt/airflow/dags/youtube_pipeline.py
[2026-07-25T08:52:56.636+0000] {logging_mixin.py:188} INFO - [2026-07-25T08:52:56.636+0000] {dag.py:3089} INFO - Sync 1 DAGs
[2026-07-25T08:52:56.655+0000] {logging_mixin.py:188} INFO - [2026-07-25T08:52:56.655+0000] {dag.py:3947} INFO - Setting next_dagrun for youtube_english_video_pipeline to 2026-07-24 12:00:00+00:00, run_after=2026-07-25 12:00:00+00:00
[2026-07-25T08:52:56.680+0000] {processor.py:183} INFO - Processing /opt/airflow/dags/youtube_pipeline.py took 0.254 seconds
[2026-07-25T08:53:26.997+0000] {processor.py:161} INFO - Started process (PID=41017) to work on /opt/airflow/dags/youtube_pipeline.py
[2026-07-25T08:53:26.998+0000] {processor.py:830} INFO - Processing file /opt/airflow/dags/youtube_pipeline.py for tasks to queue
[2026-07-25T08:53:27.000+0000] {logging_mixin.py:188} INFO - [2026-07-25T08:53:26.999+0000] {dagbag.py:545} INFO - Filling up the DagBag from /opt/airflow/dags/youtube_pipeline.py
[2026-07-25T08:53:27.018+0000] {processor.py:840} INFO - DAG(s) 'youtube_english_video_pipeline' retrieved from /opt/airflow/dags/youtube_pipeline.py
[2026-07-25T08:53:27.046+0000] {logging_mixin.py:188} INFO - [2026-07-25T08:53:27.046+0000] {dag.py:3089} INFO - Sync 1 DAGs
[2026-07-25T08:53:27.060+0000] {logging_mixin.py:188} INFO - [2026-07-25T08:53:27.060+0000] {dag.py:3947} INFO - Setting next_dagrun for youtube_english_video_pipeline to 2026-07-24 12:00:00+00:00, run_after=2026-07-25 12:00:00+00:00
[2026-07-25T08:53:27.076+0000] {processor.py:183} INFO - Processing /opt/airflow/dags/youtube_pipeline.py took 0.084 seconds
[2026-07-25T08:53:57.265+0000] {processor.py:161} INFO - Started process (PID=41022) to work on /opt/airflow/dags/youtube_pipeline.py
[2026-07-25T08:53:57.266+0000] {processor.py:830} INFO - Processing file /opt/airflow/dags/youtube_pipeline.py for tasks to queue
[2026-07-25T08:53:57.268+0000] {logging_mixin.py:188} INFO - [2026-07-25T08:53:57.267+0000] {dagbag.py:545} INFO - Filling up the DagBag from /opt/airflow/dags/youtube_pipeline.py
[2026-07-25T08:53:57.288+0000] {processor.py:840} INFO - DAG(s) 'youtube_english_video_pipeline' retrieved from /opt/airflow/dags/youtube_pipeline.py
[2026-07-25T08:53:57.317+0000] {logging_mixin.py:188} INFO - [2026-07-25T08:53:57.316+0000] {dag.py:3089} INFO - Sync 1 DAGs
[2026-07-25T08:53:57.331+0000] {logging_mixin.py:188} INFO - [2026-07-25T08:53:57.331+0000] {dag.py:3947} INFO - Setting next_dagrun for youtube_english_video_pipeline to 2026-07-24 12:00:00+00:00, run_after=2026-07-25 12:00:00+00:00
[2026-07-25T08:53:57.346+0000] {processor.py:183} INFO - Processing /opt/airflow/dags/youtube_pipeline.py took 0.086 seconds
[2026-07-25T08:54:27.728+0000] {processor.py:161} INFO - Started process (PID=41027) to work on /opt/airflow/dags/youtube_pipeline.py
[2026-07-25T08:54:27.729+0000] {processor.py:830} INFO - Processing file /opt/airflow/dags/youtube_pipeline.py for tasks to queue
[2026-07-25T08:54:27.730+0000] {logging_mixin.py:188} INFO - [2026-07-25T08:54:27.730+0000] {dagbag.py:545} INFO - Filling up the DagBag from /opt/airflow/dags/youtube_pipeline.py
[2026-07-25T08:54:27.749+0000] {processor.py:840} INFO - DAG(s) 'youtube_english_video_pipeline' retrieved from /opt/airflow/dags/youtube_pipeline.py
[2026-07-25T08:54:27.779+0000] {logging_mixin.py:188} INFO - [2026-07-25T08:54:27.779+0000] {dag.py:3089} INFO - Sync 1 DAGs
[2026-07-25T08:54:27.794+0000] {logging_mixin.py:188} INFO - [2026-07-25T08:54:27.794+0000] {dag.py:3947} INFO - Setting next_dagrun for youtube_english_video_pipeline to 2026-07-24 12:00:00+00:00, run_after=2026-07-25 12:00:00+00:00
[2026-07-25T08:54:27.818+0000] {processor.py:183} INFO - Processing /opt/airflow/dags/youtube_pipeline.py took 0.096 seconds
[2026-07-25T08:54:57.976+0000] {processor.py:161} INFO - Started process (PID=41032) to work on /opt/airflow/dags/youtube_pipeline.py
[2026-07-25T08:54:57.977+0000] {processor.py:830} INFO - Processing file /opt/airflow/dags/youtube_pipeline.py for tasks to queue
[2026-07-25T08:54:57.978+0000] {logging_mixin.py:188} INFO - [2026-07-25T08:54:57.978+0000] {dagbag.py:545} INFO - Filling up the DagBag from /opt/airflow/dags/youtube_pipeline.py
[2026-07-25T08:54:57.997+0000] {processor.py:840} INFO - DAG(s) 'youtube_english_video_pipeline' retrieved from /opt/airflow/dags/youtube_pipeline.py
[2026-07-25T08:54:58.032+0000] {logging_mixin.py:188} INFO - [2026-07-25T08:54:58.032+0000] {dag.py:3089} INFO - Sync 1 DAGs
[2026-07-25T08:54:58.048+0000] {logging_mixin.py:188} INFO - [2026-07-25T08:54:58.048+0000] {dag.py:3947} INFO - Setting next_dagrun for youtube_english_video_pipeline to 2026-07-24 12:00:00+00:00, run_after=2026-07-25 12:00:00+00:00
[2026-07-25T08:54:58.063+0000] {processor.py:183} INFO - Processing /opt/airflow/dags/youtube_pipeline.py took 0.093 seconds
[2026-07-25T08:55:28.364+0000] {processor.py:161} INFO - Started process (PID=41037) to work on /opt/airflow/dags/youtube_pipeline.py
[2026-07-25T08:55:28.365+0000] {processor.py:830} INFO - Processing file /opt/airflow/dags/youtube_pipeline.py for tasks to queue
[2026-07-25T08:55:28.366+0000] {logging_mixin.py:188} INFO - [2026-07-25T08:55:28.366+0000] {dagbag.py:545} INFO - Filling up the DagBag from /opt/airflow/dags/youtube_pipeline.py
[2026-07-25T08:55:28.394+0000] {processor.py:840} INFO - DAG(s) 'youtube_english_video_pipeline' retrieved from /opt/airflow/dags/youtube_pipeline.py
[2026-07-25T08:55:28.423+0000] {logging_mixin.py:188} INFO - [2026-07-25T08:55:28.423+0000] {dag.py:3089} INFO - Sync 1 DAGs
[2026-07-25T08:55:28.438+0000] {logging_mixin.py:188} INFO - [2026-07-25T08:55:28.438+0000] {dag.py:3947} INFO - Setting next_dagrun for youtube_english_video_pipeline to 2026-07-24 12:00:00+00:00, run_after=2026-07-25 12:00:00+00:00
[2026-07-25T08:55:28.452+0000] {processor.py:183} INFO - Processing /opt/airflow/dags/youtube_pipeline.py took 0.093 seconds
[2026-07-25T08:55:58.627+0000] {processor.py:161} INFO - Started process (PID=41042) to work on /opt/airflow/dags/youtube_pipeline.py
[2026-07-25T08:55:58.628+0000] {processor.py:830} INFO - Processing file /opt/airflow/dags/youtube_pipeline.py for tasks to queue
[2026-07-25T08:55:58.629+0000] {logging_mixin.py:188} INFO - [2026-07-25T08:55:58.629+0000] {dagbag.py:545} INFO - Filling up the DagBag from /opt/airflow/dags/youtube_pipeline.py
[2026-07-25T08:55:58.650+0000] {processor.py:840} INFO - DAG(s) 'youtube_english_video_pipeline' retrieved from /opt/airflow/dags/youtube_pipeline.py
[2026-07-25T08:55:58.678+0000] {logging_mixin.py:188} INFO - [2026-07-25T08:55:58.678+0000] {dag.py:3089} INFO - Sync 1 DAGs
[2026-07-25T08:55:58.693+0000] {logging_mixin.py:188} INFO - [2026-07-25T08:55:58.693+0000] {dag.py:3947} INFO - Setting next_dagrun for youtube_english_video_pipeline to 2026-07-24 12:00:00+00:00, run_after=2026-07-25 12:00:00+00:00
[2026-07-25T08:55:58.708+0000] {processor.py:183} INFO - Processing /opt/airflow/dags/youtube_pipeline.py took 0.086 seconds
[2026-07-25T08:56:29.084+0000] {processor.py:161} INFO - Started process (PID=41047) to work on /opt/airflow/dags/youtube_pipeline.py
[2026-07-25T08:56:29.085+0000] {processor.py:830} INFO - Processing file /opt/airflow/dags/youtube_pipeline.py for tasks to queue
[2026-07-25T08:56:29.087+0000] {logging_mixin.py:188} INFO - [2026-07-25T08:56:29.086+0000] {dagbag.py:545} INFO - Filling up the DagBag from /opt/airflow/dags/youtube_pipeline.py
[2026-07-25T08:56:29.132+0000] {processor.py:840} INFO - DAG(s) 'youtube_english_video_pipeline' retrieved from /opt/airflow/dags/youtube_pipeline.py
[2026-07-25T08:56:29.163+0000] {logging_mixin.py:188} INFO - [2026-07-25T08:56:29.163+0000] {dag.py:3089} INFO - Sync 1 DAGs
[2026-07-25T08:56:29.179+0000] {logging_mixin.py:188} INFO - [2026-07-25T08:56:29.179+0000] {dag.py:3947} INFO - Setting next_dagrun for youtube_english_video_pipeline to 2026-07-24 12:00:00+00:00, run_after=2026-07-25 12:00:00+00:00
[2026-07-25T08:56:29.193+0000] {processor.py:183} INFO - Processing /opt/airflow/dags/youtube_pipeline.py took 0.115 seconds
[2026-07-25T08:56:59.312+0000] {processor.py:161} INFO - Started process (PID=41052) to work on /opt/airflow/dags/youtube_pipeline.py
[2026-07-25T08:56:59.313+0000] {processor.py:830} INFO - Processing file /opt/airflow/dags/youtube_pipeline.py for tasks to queue
[2026-07-25T08:56:59.314+0000] {logging_mixin.py:188} INFO - [2026-07-25T08:56:59.314+0000] {dagbag.py:545} INFO - Filling up the DagBag from /opt/airflow/dags/youtube_pipeline.py
[2026-07-25T08:56:59.343+0000] {processor.py:840} INFO - DAG(s) 'youtube_english_video_pipeline' retrieved from /opt/airflow/dags/youtube_pipeline.py
[2026-07-25T08:56:59.372+0000] {logging_mixin.py:188} INFO - [2026-07-25T08:56:59.372+0000] {dag.py:3089} INFO - Sync 1 DAGs
[2026-07-25T08:56:59.387+0000] {logging_mixin.py:188} INFO - [2026-07-25T08:56:59.387+0000] {dag.py:3947} INFO - Setting next_dagrun for youtube_english_video_pipeline to 2026-07-24 12:00:00+00:00, run_after=2026-07-25 12:00:00+00:00
[2026-07-25T08:56:59.405+0000] {processor.py:183} INFO - Processing /opt/airflow/dags/youtube_pipeline.py took 0.099 seconds
[2026-07-25T08:57:29.602+0000] {processor.py:161} INFO - Started process (PID=41057) to work on /opt/airflow/dags/youtube_pipeline.py
[2026-07-25T08:57:29.604+0000] {processor.py:830} INFO - Processing file /opt/airflow/dags/youtube_pipeline.py for tasks to queue
[2026-07-25T08:57:29.608+0000] {logging_mixin.py:188} INFO - [2026-07-25T08:57:29.607+0000] {dagbag.py:545} INFO - Filling up the DagBag from /opt/airflow/dags/youtube_pipeline.py
[2026-07-25T08:57:29.628+0000] {processor.py:840} INFO - DAG(s) 'youtube_english_video_pipeline' retrieved from /opt/airflow/dags/youtube_pipeline.py
[2026-07-25T08:57:29.659+0000] {logging_mixin.py:188} INFO - [2026-07-25T08:57:29.659+0000] {dag.py:3089} INFO - Sync 1 DAGs
[2026-07-25T08:57:29.674+0000] {logging_mixin.py:188} INFO - [2026-07-25T08:57:29.674+0000] {dag.py:3947} INFO - Setting next_dagrun for youtube_english_video_pipeline to 2026-07-24 12:00:00+00:00, run_after=2026-07-25 12:00:00+00:00
[2026-07-25T08:57:29.688+0000] {processor.py:183} INFO - Processing /opt/airflow/dags/youtube_pipeline.py took 0.091 seconds
[2026-07-25T08:57:59.897+0000] {processor.py:161} INFO - Started process (PID=41062) to work on /opt/airflow/dags/youtube_pipeline.py
[2026-07-25T08:57:59.898+0000] {processor.py:830} INFO - Processing file /opt/airflow/dags/youtube_pipeline.py for tasks to queue
[2026-07-25T08:57:59.899+0000] {logging_mixin.py:188} INFO - [2026-07-25T08:57:59.899+0000] {dagbag.py:545} INFO - Filling up the DagBag from /opt/airflow/dags/youtube_pipeline.py
[2026-07-25T08:57:59.918+0000] {processor.py:840} INFO - DAG(s) 'youtube_english_video_pipeline' retrieved from /opt/airflow/dags/youtube_pipeline.py
[2026-07-25T08:57:59.946+0000] {logging_mixin.py:188} INFO - [2026-07-25T08:57:59.946+0000] {dag.py:3089} INFO - Sync 1 DAGs
[2026-07-25T08:57:59.960+0000] {logging_mixin.py:188} INFO - [2026-07-25T08:57:59.960+0000] {dag.py:3947} INFO - Setting next_dagrun for youtube_english_video_pipeline to 2026-07-24 12:00:00+00:00, run_after=2026-07-25 12:00:00+00:00
[2026-07-25T08:57:59.975+0000] {processor.py:183} INFO - Processing /opt/airflow/dags/youtube_pipeline.py took 0.083 seconds
[2026-07-25T08:58:30.476+0000] {processor.py:161} INFO - Started process (PID=41067) to work on /opt/airflow/dags/youtube_pipeline.py
[2026-07-25T08:58:30.480+0000] {processor.py:830} INFO - Processing file /opt/airflow/dags/youtube_pipeline.py for tasks to queue
[2026-07-25T08:58:30.485+0000] {logging_mixin.py:188} INFO - [2026-07-25T08:58:30.484+0000] {dagbag.py:545} INFO - Filling up the DagBag from /opt/airflow/dags/youtube_pipeline.py
[2026-07-25T08:58:30.638+0000] {processor.py:840} INFO - DAG(s) 'youtube_english_video_pipeline' retrieved from /opt/airflow/dags/youtube_pipeline.py
[2026-07-25T08:58:30.671+0000] {logging_mixin.py:188} INFO - [2026-07-25T08:58:30.671+0000] {dag.py:3089} INFO - Sync 1 DAGs
[2026-07-25T08:58:30.687+0000] {logging_mixin.py:188} INFO - [2026-07-25T08:58:30.687+0000] {dag.py:3947} INFO - Setting next_dagrun for youtube_english_video_pipeline to 2026-07-24 12:00:00+00:00, run_after=2026-07-25 12:00:00+00:00
[2026-07-25T08:58:30.720+0000] {processor.py:183} INFO - Processing /opt/airflow/dags/youtube_pipeline.py took 0.258 seconds
[2026-07-25T08:59:01.020+0000] {processor.py:161} INFO - Started process (PID=41072) to work on /opt/airflow/dags/youtube_pipeline.py
[2026-07-25T08:59:01.021+0000] {processor.py:830} INFO - Processing file /opt/airflow/dags/youtube_pipeline.py for tasks to queue
[2026-07-25T08:59:01.023+0000] {logging_mixin.py:188} INFO - [2026-07-25T08:59:01.022+0000] {dagbag.py:545} INFO - Filling up the DagBag from /opt/airflow/dags/youtube_pipeline.py
[2026-07-25T08:59:01.046+0000] {processor.py:840} INFO - DAG(s) 'youtube_english_video_pipeline' retrieved from /opt/airflow/dags/youtube_pipeline.py
[2026-07-25T08:59:01.082+0000] {logging_mixin.py:188} INFO - [2026-07-25T08:59:01.082+0000] {dag.py:3089} INFO - Sync 1 DAGs
[2026-07-25T08:59:01.097+0000] {logging_mixin.py:188} INFO - [2026-07-25T08:59:01.097+0000] {dag.py:3947} INFO - Setting next_dagrun for youtube_english_video_pipeline to 2026-07-24 12:00:00+00:00, run_after=2026-07-25 12:00:00+00:00
[2026-07-25T08:59:01.123+0000] {processor.py:183} INFO - Processing /opt/airflow/dags/youtube_pipeline.py took 0.108 seconds
[2026-07-25T08:59:31.254+0000] {processor.py:161} INFO - Started process (PID=41077) to work on /opt/airflow/dags/youtube_pipeline.py
[2026-07-25T08:59:31.255+0000] {processor.py:830} INFO - Processing file /opt/airflow/dags/youtube_pipeline.py for tasks to queue
[2026-07-25T08:59:31.256+0000] {logging_mixin.py:188} INFO - [2026-07-25T08:59:31.256+0000] {dagbag.py:545} INFO - Filling up the DagBag from /opt/airflow/dags/youtube_pipeline.py
[2026-07-25T08:59:31.275+0000] {processor.py:840} INFO - DAG(s) 'youtube_english_video_pipeline' retrieved from /opt/airflow/dags/youtube_pipeline.py
[2026-07-25T08:59:31.308+0000] {logging_mixin.py:188} INFO - [2026-07-25T08:59:31.308+0000] {dag.py:3089} INFO - Sync 1 DAGs
[2026-07-25T08:59:31.324+0000] {logging_mixin.py:188} INFO - [2026-07-25T08:59:31.324+0000] {dag.py:3947} INFO - Setting next_dagrun for youtube_english_video_pipeline to 2026-07-24 12:00:00+00:00, run_after=2026-07-25 12:00:00+00:00
[2026-07-25T08:59:31.339+0000] {processor.py:183} INFO - Processing /opt/airflow/dags/youtube_pipeline.py took 0.090 seconds
[2026-07-25T09:00:01.651+0000] {processor.py:161} INFO - Started process (PID=41082) to work on /opt/airflow/dags/youtube_pipeline.py
[2026-07-25T09:00:01.652+0000] {processor.py:830} INFO - Processing file /opt/airflow/dags/youtube_pipeline.py for tasks to queue
[2026-07-25T09:00:01.653+0000] {logging_mixin.py:188} INFO - [2026-07-25T09:00:01.653+0000] {dagbag.py:545} INFO - Filling up the DagBag from /opt/airflow/dags/youtube_pipeline.py
[2026-07-25T09:00:01.672+0000] {processor.py:840} INFO - DAG(s) 'youtube_english_video_pipeline' retrieved from /opt/airflow/dags/youtube_pipeline.py
[2026-07-25T09:00:01.701+0000] {logging_mixin.py:188} INFO - [2026-07-25T09:00:01.701+0000] {dag.py:3089} INFO - Sync 1 DAGs
[2026-07-25T09:00:01.715+0000] {logging_mixin.py:188} INFO - [2026-07-25T09:00:01.715+0000] {dag.py:3947} INFO - Setting next_dagrun for youtube_english_video_pipeline to 2026-07-24 12:00:00+00:00, run_after=2026-07-25 12:00:00+00:00
[2026-07-25T09:00:01.731+0000] {processor.py:183} INFO - Processing /opt/airflow/dags/youtube_pipeline.py took 0.085 seconds
[2026-07-25T09:00:31.917+0000] {processor.py:161} INFO - Started process (PID=41087) to work on /opt/airflow/dags/youtube_pipeline.py
[2026-07-25T09:00:31.919+0000] {processor.py:830} INFO - Processing file /opt/airflow/dags/youtube_pipeline.py for tasks to queue
[2026-07-25T09:00:31.922+0000] {logging_mixin.py:188} INFO - [2026-07-25T09:00:31.921+0000] {dagbag.py:545} INFO - Filling up the DagBag from /opt/airflow/dags/youtube_pipeline.py
[2026-07-25T09:00:31.991+0000] {processor.py:840} INFO - DAG(s) 'youtube_english_video_pipeline' retrieved from /opt/airflow/dags/youtube_pipeline.py
[2026-07-25T09:00:32.037+0000] {logging_mixin.py:188} INFO - [2026-07-25T09:00:32.037+0000] {dag.py:3089} INFO - Sync 1 DAGs
[2026-07-25T09:00:32.057+0000] {logging_mixin.py:188} INFO - [2026-07-25T09:00:32.057+0000] {dag.py:3947} INFO - Setting next_dagrun for youtube_english_video_pipeline to 2026-07-24 12:00:00+00:00, run_after=2026-07-25 12:00:00+00:00
[2026-07-25T09:00:32.087+0000] {processor.py:183} INFO - Processing /opt/airflow/dags/youtube_pipeline.py took 0.181 seconds
[2026-07-25T09:01:02.252+0000] {processor.py:161} INFO - Started process (PID=41092) to work on /opt/airflow/dags/youtube_pipeline.py
[2026-07-25T09:01:02.253+0000] {processor.py:830} INFO - Processing file /opt/airflow/dags/youtube_pipeline.py for tasks to queue
[2026-07-25T09:01:02.255+0000] {logging_mixin.py:188} INFO - [2026-07-25T09:01:02.255+0000] {dagbag.py:545} INFO - Filling up the DagBag from /opt/airflow/dags/youtube_pipeline.py
[2026-07-25T09:01:02.288+0000] {processor.py:840} INFO - DAG(s) 'youtube_english_video_pipeline' retrieved from /opt/airflow/dags/youtube_pipeline.py
[2026-07-25T09:01:02.321+0000] {logging_mixin.py:188} INFO - [2026-07-25T09:01:02.320+0000] {dag.py:3089} INFO - Sync 1 DAGs
[2026-07-25T09:01:02.337+0000] {logging_mixin.py:188} INFO - [2026-07-25T09:01:02.336+0000] {dag.py:3947} INFO - Setting next_dagrun for youtube_english_video_pipeline to 2026-07-24 12:00:00+00:00, run_after=2026-07-25 12:00:00+00:00
[2026-07-25T09:01:02.353+0000] {processor.py:183} INFO - Processing /opt/airflow/dags/youtube_pipeline.py took 0.108 seconds
[2026-07-25T09:01:32.588+0000] {processor.py:161} INFO - Started process (PID=41097) to work on /opt/airflow/dags/youtube_pipeline.py
[2026-07-25T09:01:32.589+0000] {processor.py:830} INFO - Processing file /opt/airflow/dags/youtube_pipeline.py for tasks to queue
[2026-07-25T09:01:32.590+0000] {logging_mixin.py:188} INFO - [2026-07-25T09:01:32.590+0000] {dagbag.py:545} INFO - Filling up the DagBag from /opt/airflow/dags/youtube_pipeline.py
[2026-07-25T09:01:32.611+0000] {processor.py:840} INFO - DAG(s) 'youtube_english_video_pipeline' retrieved from /opt/airflow/dags/youtube_pipeline.py
[2026-07-25T09:01:32.642+0000] {logging_mixin.py:188} INFO - [2026-07-25T09:01:32.642+0000] {dag.py:3089} INFO - Sync 1 DAGs
[2026-07-25T09:01:32.658+0000] {logging_mixin.py:188} INFO - [2026-07-25T09:01:32.658+0000] {dag.py:3947} INFO - Setting next_dagrun for youtube_english_video_pipeline to 2026-07-24 12:00:00+00:00, run_after=2026-07-25 12:00:00+00:00
[2026-07-25T09:01:32.675+0000] {processor.py:183} INFO - Processing /opt/airflow/dags/youtube_pipeline.py took 0.092 seconds
[2026-07-25T09:02:02.812+0000] {processor.py:161} INFO - Started process (PID=41102) to work on /opt/airflow/dags/youtube_pipeline.py
[2026-07-25T09:02:02.813+0000] {processor.py:830} INFO - Processing file /opt/airflow/dags/youtube_pipeline.py for tasks to queue
[2026-07-25T09:02:02.815+0000] {logging_mixin.py:188} INFO - [2026-07-25T09:02:02.815+0000] {dagbag.py:545} INFO - Filling up the DagBag from /opt/airflow/dags/youtube_pipeline.py
[2026-07-25T09:02:02.838+0000] {processor.py:840} INFO - DAG(s) 'youtube_english_video_pipeline' retrieved from /opt/airflow/dags/youtube_pipeline.py
[2026-07-25T09:02:02.874+0000] {logging_mixin.py:188} INFO - [2026-07-25T09:02:02.873+0000] {dag.py:3089} INFO - Sync 1 DAGs
[2026-07-25T09:02:02.892+0000] {logging_mixin.py:188} INFO - [2026-07-25T09:02:02.892+0000] {dag.py:3947} INFO - Setting next_dagrun for youtube_english_video_pipeline to 2026-07-24 12:00:00+00:00, run_after=2026-07-25 12:00:00+00:00
[2026-07-25T09:02:02.916+0000] {processor.py:183} INFO - Processing /opt/airflow/dags/youtube_pipeline.py took 0.109 seconds
[2026-07-25T09:02:33.166+0000] {processor.py:161} INFO - Started process (PID=41107) to work on /opt/airflow/dags/youtube_pipeline.py
[2026-07-25T09:02:33.167+0000] {processor.py:830} INFO - Processing file /opt/airflow/dags/youtube_pipeline.py for tasks to queue
[2026-07-25T09:02:33.178+0000] {logging_mixin.py:188} INFO - [2026-07-25T09:02:33.178+0000] {dagbag.py:545} INFO - Filling up the DagBag from /opt/airflow/dags/youtube_pipeline.py
[2026-07-25T09:02:33.200+0000] {processor.py:840} INFO - DAG(s) 'youtube_english_video_pipeline' retrieved from /opt/airflow/dags/youtube_pipeline.py
[2026-07-25T09:02:33.238+0000] {logging_mixin.py:188} INFO - [2026-07-25T09:02:33.238+0000] {dag.py:3089} INFO - Sync 1 DAGs
[2026-07-25T09:02:33.256+0000] {logging_mixin.py:188} INFO - [2026-07-25T09:02:33.256+0000] {dag.py:3947} INFO - Setting next_dagrun for youtube_english_video_pipeline to 2026-07-24 12:00:00+00:00, run_after=2026-07-25 12:00:00+00:00
[2026-07-25T09:02:33.274+0000] {processor.py:183} INFO - Processing /opt/airflow/dags/youtube_pipeline.py took 0.114 seconds
[2026-07-25T09:03:03.454+0000] {processor.py:161} INFO - Started process (PID=41112) to work on /opt/airflow/dags/youtube_pipeline.py
[2026-07-25T09:03:03.455+0000] {processor.py:830} INFO - Processing file /opt/airflow/dags/youtube_pipeline.py for tasks to queue
[2026-07-25T09:03:03.457+0000] {logging_mixin.py:188} INFO - [2026-07-25T09:03:03.457+0000] {dagbag.py:545} INFO - Filling up the DagBag from /opt/airflow/dags/youtube_pipeline.py
[2026-07-25T09:03:03.479+0000] {processor.py:840} INFO - DAG(s) 'youtube_english_video_pipeline' retrieved from /opt/airflow/dags/youtube_pipeline.py
[2026-07-25T09:03:03.514+0000] {logging_mixin.py:188} INFO - [2026-07-25T09:03:03.514+0000] {dag.py:3089} INFO - Sync 1 DAGs
[2026-07-25T09:03:03.533+0000] {logging_mixin.py:188} INFO - [2026-07-25T09:03:03.533+0000] {dag.py:3947} INFO - Setting next_dagrun for youtube_english_video_pipeline to 2026-07-24 12:00:00+00:00, run_after=2026-07-25 12:00:00+00:00
[2026-07-25T09:03:03.570+0000] {processor.py:183} INFO - Processing /opt/airflow/dags/youtube_pipeline.py took 0.121 seconds
[2026-07-25T09:03:33.734+0000] {processor.py:161} INFO - Started process (PID=41117) to work on /opt/airflow/dags/youtube_pipeline.py
[2026-07-25T09:03:33.735+0000] {processor.py:830} INFO - Processing file /opt/airflow/dags/youtube_pipeline.py for tasks to queue
[2026-07-25T09:03:33.736+0000] {logging_mixin.py:188} INFO - [2026-07-25T09:03:33.736+0000] {dagbag.py:545} INFO - Filling up the DagBag from /opt/airflow/dags/youtube_pipeline.py
[2026-07-25T09:03:33.756+0000] {processor.py:840} INFO - DAG(s) 'youtube_english_video_pipeline' retrieved from /opt/airflow/dags/youtube_pipeline.py
[2026-07-25T09:03:33.788+0000] {logging_mixin.py:188} INFO - [2026-07-25T09:03:33.788+0000] {dag.py:3089} INFO - Sync 1 DAGs
[2026-07-25T09:03:33.806+0000] {logging_mixin.py:188} INFO - [2026-07-25T09:03:33.805+0000] {dag.py:3947} INFO - Setting next_dagrun for youtube_english_video_pipeline to 2026-07-24 12:00:00+00:00, run_after=2026-07-25 12:00:00+00:00
[2026-07-25T09:03:33.822+0000] {processor.py:183} INFO - Processing /opt/airflow/dags/youtube_pipeline.py took 0.095 seconds
[2026-07-25T09:04:04.047+0000] {processor.py:161} INFO - Started process (PID=41122) to work on /opt/airflow/dags/youtube_pipeline.py
[2026-07-25T09:04:04.049+0000] {processor.py:830} INFO - Processing file /opt/airflow/dags/youtube_pipeline.py for tasks to queue
[2026-07-25T09:04:04.052+0000] {logging_mixin.py:188} INFO - [2026-07-25T09:04:04.051+0000] {dagbag.py:545} INFO - Filling up the DagBag from /opt/airflow/dags/youtube_pipeline.py
[2026-07-25T09:04:04.118+0000] {processor.py:840} INFO - DAG(s) 'youtube_english_video_pipeline' retrieved from /opt/airflow/dags/youtube_pipeline.py
[2026-07-25T09:04:04.178+0000] {logging_mixin.py:188} INFO - [2026-07-25T09:04:04.178+0000] {dag.py:3089} INFO - Sync 1 DAGs
[2026-07-25T09:04:04.206+0000] {logging_mixin.py:188} INFO - [2026-07-25T09:04:04.205+0000] {dag.py:3947} INFO - Setting next_dagrun for youtube_english_video_pipeline to 2026-07-24 12:00:00+00:00, run_after=2026-07-25 12:00:00+00:00
[2026-07-25T09:04:04.229+0000] {processor.py:183} INFO - Processing /opt/airflow/dags/youtube_pipeline.py took 0.195 seconds
[2026-07-25T09:04:34.630+0000] {processor.py:161} INFO - Started process (PID=41127) to work on /opt/airflow/dags/youtube_pipeline.py
[2026-07-25T09:04:34.632+0000] {processor.py:830} INFO - Processing file /opt/airflow/dags/youtube_pipeline.py for tasks to queue
[2026-07-25T09:04:34.638+0000] {logging_mixin.py:188} INFO - [2026-07-25T09:04:34.637+0000] {dagbag.py:545} INFO - Filling up the DagBag from /opt/airflow/dags/youtube_pipeline.py
[2026-07-25T09:04:34.685+0000] {processor.py:840} INFO - DAG(s) 'youtube_english_video_pipeline' retrieved from /opt/airflow/dags/youtube_pipeline.py
[2026-07-25T09:04:34.727+0000] {logging_mixin.py:188} INFO - [2026-07-25T09:04:34.727+0000] {dag.py:3089} INFO - Sync 1 DAGs
[2026-07-25T09:04:34.747+0000] {logging_mixin.py:188} INFO - [2026-07-25T09:04:34.747+0000] {dag.py:3947} INFO - Setting next_dagrun for youtube_english_video_pipeline to 2026-07-24 12:00:00+00:00, run_after=2026-07-25 12:00:00+00:00
[2026-07-25T09:04:34.769+0000] {processor.py:183} INFO - Processing /opt/airflow/dags/youtube_pipeline.py took 0.155 seconds
[2026-07-25T09:05:05.023+0000] {processor.py:161} INFO - Started process (PID=41132) to work on /opt/airflow/dags/youtube_pipeline.py
[2026-07-25T09:05:05.024+0000] {processor.py:830} INFO - Processing file /opt/airflow/dags/youtube_pipeline.py for tasks to queue
[2026-07-25T09:05:05.025+0000] {logging_mixin.py:188} INFO - [2026-07-25T09:05:05.025+0000] {dagbag.py:545} INFO - Filling up the DagBag from /opt/airflow/dags/youtube_pipeline.py
[2026-07-25T09:05:05.073+0000] {processor.py:840} INFO - DAG(s) 'youtube_english_video_pipeline' retrieved from /opt/airflow/dags/youtube_pipeline.py
[2026-07-25T09:05:05.104+0000] {logging_mixin.py:188} INFO - [2026-07-25T09:05:05.104+0000] {dag.py:3089} INFO - Sync 1 DAGs
[2026-07-25T09:05:05.120+0000] {logging_mixin.py:188} INFO - [2026-07-25T09:05:05.120+0000] {dag.py:3947} INFO - Setting next_dagrun for youtube_english_video_pipeline to 2026-07-24 12:00:00+00:00, run_after=2026-07-25 12:00:00+00:00
[2026-07-25T09:05:05.151+0000] {processor.py:183} INFO - Processing /opt/airflow/dags/youtube_pipeline.py took 0.133 seconds
[2026-07-25T09:05:35.239+0000] {processor.py:161} INFO - Started process (PID=41137) to work on /opt/airflow/dags/youtube_pipeline.py
[2026-07-25T09:05:35.240+0000] {processor.py:830} INFO - Processing file /opt/airflow/dags/youtube_pipeline.py for tasks to queue
[2026-07-25T09:05:35.241+0000] {logging_mixin.py:188} INFO - [2026-07-25T09:05:35.241+0000] {dagbag.py:545} INFO - Filling up the DagBag from /opt/airflow/dags/youtube_pipeline.py
[2026-07-25T09:05:35.261+0000] {processor.py:840} INFO - DAG(s) 'youtube_english_video_pipeline' retrieved from /opt/airflow/dags/youtube_pipeline.py
[2026-07-25T09:05:35.313+0000] {logging_mixin.py:188} INFO - [2026-07-25T09:05:35.313+0000] {dag.py:3089} INFO - Sync 1 DAGs
[2026-07-25T09:05:35.341+0000] {logging_mixin.py:188} INFO - [2026-07-25T09:05:35.341+0000] {dag.py:3947} INFO - Setting next_dagrun for youtube_english_video_pipeline to 2026-07-24 12:00:00+00:00, run_after=2026-07-25 12:00:00+00:00
[2026-07-25T09:05:35.374+0000] {processor.py:183} INFO - Processing /opt/airflow/dags/youtube_pipeline.py took 0.140 seconds
[2026-07-25T09:06:05.786+0000] {processor.py:161} INFO - Started process (PID=41142) to work on /opt/airflow/dags/youtube_pipeline.py
[2026-07-25T09:06:05.803+0000] {processor.py:830} INFO - Processing file /opt/airflow/dags/youtube_pipeline.py for tasks to queue
[2026-07-25T09:06:05.809+0000] {logging_mixin.py:188} INFO - [2026-07-25T09:06:05.809+0000] {dagbag.py:545} INFO - Filling up the DagBag from /opt/airflow/dags/youtube_pipeline.py
[2026-07-25T09:06:06.088+0000] {processor.py:840} INFO - DAG(s) 'youtube_english_video_pipeline' retrieved from /opt/airflow/dags/youtube_pipeline.py
[2026-07-25T09:06:06.121+0000] {logging_mixin.py:188} INFO - [2026-07-25T09:06:06.121+0000] {dag.py:3089} INFO - Sync 1 DAGs
[2026-07-25T09:06:06.143+0000] {logging_mixin.py:188} INFO - [2026-07-25T09:06:06.142+0000] {dag.py:3947} INFO - Setting next_dagrun for youtube_english_video_pipeline to 2026-07-24 12:00:00+00:00, run_after=2026-07-25 12:00:00+00:00
[2026-07-25T09:06:06.167+0000] {processor.py:183} INFO - Processing /opt/airflow/dags/youtube_pipeline.py took 0.399 seconds
[2026-07-25T09:06:36.457+0000] {processor.py:161} INFO - Started process (PID=41147) to work on /opt/airflow/dags/youtube_pipeline.py
[2026-07-25T09:06:36.459+0000] {processor.py:830} INFO - Processing file /opt/airflow/dags/youtube_pipeline.py for tasks to queue
[2026-07-25T09:06:36.460+0000] {logging_mixin.py:188} INFO - [2026-07-25T09:06:36.460+0000] {dagbag.py:545} INFO - Filling up the DagBag from /opt/airflow/dags/youtube_pipeline.py
[2026-07-25T09:06:36.507+0000] {processor.py:840} INFO - DAG(s) 'youtube_english_video_pipeline' retrieved from /opt/airflow/dags/youtube_pipeline.py
[2026-07-25T09:06:36.551+0000] {logging_mixin.py:188} INFO - [2026-07-25T09:06:36.551+0000] {dag.py:3089} INFO - Sync 1 DAGs
[2026-07-25T09:06:36.572+0000] {logging_mixin.py:188} INFO - [2026-07-25T09:06:36.572+0000] {dag.py:3947} INFO - Setting next_dagrun for youtube_english_video_pipeline to 2026-07-24 12:00:00+00:00, run_after=2026-07-25 12:00:00+00:00
[2026-07-25T09:06:36.593+0000] {processor.py:183} INFO - Processing /opt/airflow/dags/youtube_pipeline.py took 0.144 seconds
[2026-07-25T09:07:06.688+0000] {processor.py:161} INFO - Started process (PID=41152) to work on /opt/airflow/dags/youtube_pipeline.py
[2026-07-25T09:07:06.689+0000] {processor.py:830} INFO - Processing file /opt/airflow/dags/youtube_pipeline.py for tasks to queue
[2026-07-25T09:07:06.691+0000] {logging_mixin.py:188} INFO - [2026-07-25T09:07:06.691+0000] {dagbag.py:545} INFO - Filling up the DagBag from /opt/airflow/dags/youtube_pipeline.py
[2026-07-25T09:07:06.710+0000] {processor.py:840} INFO - DAG(s) 'youtube_english_video_pipeline' retrieved from /opt/airflow/dags/youtube_pipeline.py
[2026-07-25T09:07:06.743+0000] {logging_mixin.py:188} INFO - [2026-07-25T09:07:06.742+0000] {dag.py:3089} INFO - Sync 1 DAGs
[2026-07-25T09:07:06.758+0000] {logging_mixin.py:188} INFO - [2026-07-25T09:07:06.758+0000] {dag.py:3947} INFO - Setting next_dagrun for youtube_english_video_pipeline to 2026-07-24 12:00:00+00:00, run_after=2026-07-25 12:00:00+00:00
[2026-07-25T09:07:06.782+0000] {processor.py:183} INFO - Processing /opt/airflow/dags/youtube_pipeline.py took 0.099 seconds
[2026-07-25T09:07:37.057+0000] {processor.py:161} INFO - Started process (PID=41157) to work on /opt/airflow/dags/youtube_pipeline.py
[2026-07-25T09:07:37.058+0000] {processor.py:830} INFO - Processing file /opt/airflow/dags/youtube_pipeline.py for tasks to queue
[2026-07-25T09:07:37.060+0000] {logging_mixin.py:188} INFO - [2026-07-25T09:07:37.060+0000] {dagbag.py:545} INFO - Filling up the DagBag from /opt/airflow/dags/youtube_pipeline.py
[2026-07-25T09:07:37.084+0000] {processor.py:840} INFO - DAG(s) 'youtube_english_video_pipeline' retrieved from /opt/airflow/dags/youtube_pipeline.py
[2026-07-25T09:07:37.115+0000] {logging_mixin.py:188} INFO - [2026-07-25T09:07:37.115+0000] {dag.py:3089} INFO - Sync 1 DAGs
[2026-07-25T09:07:37.131+0000] {logging_mixin.py:188} INFO - [2026-07-25T09:07:37.130+0000] {dag.py:3947} INFO - Setting next_dagrun for youtube_english_video_pipeline to 2026-07-24 12:00:00+00:00, run_after=2026-07-25 12:00:00+00:00
[2026-07-25T09:07:37.148+0000] {processor.py:183} INFO - Processing /opt/airflow/dags/youtube_pipeline.py took 0.096 seconds
[2026-07-25T09:08:07.302+0000] {processor.py:161} INFO - Started process (PID=41162) to work on /opt/airflow/dags/youtube_pipeline.py
[2026-07-25T09:08:07.303+0000] {processor.py:830} INFO - Processing file /opt/airflow/dags/youtube_pipeline.py for tasks to queue
[2026-07-25T09:08:07.304+0000] {logging_mixin.py:188} INFO - [2026-07-25T09:08:07.304+0000] {dagbag.py:545} INFO - Filling up the DagBag from /opt/airflow/dags/youtube_pipeline.py
[2026-07-25T09:08:07.323+0000] {processor.py:840} INFO - DAG(s) 'youtube_english_video_pipeline' retrieved from /opt/airflow/dags/youtube_pipeline.py
[2026-07-25T09:08:07.356+0000] {logging_mixin.py:188} INFO - [2026-07-25T09:08:07.356+0000] {dag.py:3089} INFO - Sync 1 DAGs
[2026-07-25T09:08:07.371+0000] {logging_mixin.py:188} INFO - [2026-07-25T09:08:07.371+0000] {dag.py:3947} INFO - Setting next_dagrun for youtube_english_video_pipeline to 2026-07-24 12:00:00+00:00, run_after=2026-07-25 12:00:00+00:00
[2026-07-25T09:08:07.386+0000] {processor.py:183} INFO - Processing /opt/airflow/dags/youtube_pipeline.py took 0.089 seconds
[2026-07-25T09:08:37.657+0000] {processor.py:161} INFO - Started process (PID=41167) to work on /opt/airflow/dags/youtube_pipeline.py
[2026-07-25T09:08:37.659+0000] {processor.py:830} INFO - Processing file /opt/airflow/dags/youtube_pipeline.py for tasks to queue
[2026-07-25T09:08:37.661+0000] {logging_mixin.py:188} INFO - [2026-07-25T09:08:37.661+0000] {dagbag.py:545} INFO - Filling up the DagBag from /opt/airflow/dags/youtube_pipeline.py
[2026-07-25T09:08:37.708+0000] {processor.py:840} INFO - DAG(s) 'youtube_english_video_pipeline' retrieved from /opt/airflow/dags/youtube_pipeline.py
[2026-07-25T09:08:37.745+0000] {logging_mixin.py:188} INFO - [2026-07-25T09:08:37.745+0000] {dag.py:3089} INFO - Sync 1 DAGs
[2026-07-25T09:08:37.760+0000] {logging_mixin.py:188} INFO - [2026-07-25T09:08:37.760+0000] {dag.py:3947} INFO - Setting next_dagrun for youtube_english_video_pipeline to 2026-07-24 12:00:00+00:00, run_after=2026-07-25 12:00:00+00:00
[2026-07-25T09:08:37.775+0000] {processor.py:183} INFO - Processing /opt/airflow/dags/youtube_pipeline.py took 0.123 seconds
[2026-07-25T09:09:07.928+0000] {processor.py:161} INFO - Started process (PID=41172) to work on /opt/airflow/dags/youtube_pipeline.py
[2026-07-25T09:09:07.929+0000] {processor.py:830} INFO - Processing file /opt/airflow/dags/youtube_pipeline.py for tasks to queue
[2026-07-25T09:09:07.933+0000] {logging_mixin.py:188} INFO - [2026-07-25T09:09:07.932+0000] {dagbag.py:545} INFO - Filling up the DagBag from /opt/airflow/dags/youtube_pipeline.py
[2026-07-25T09:09:07.977+0000] {processor.py:840} INFO - DAG(s) 'youtube_english_video_pipeline' retrieved from /opt/airflow/dags/youtube_pipeline.py
[2026-07-25T09:09:08.026+0000] {logging_mixin.py:188} INFO - [2026-07-25T09:09:08.026+0000] {dag.py:3089} INFO - Sync 1 DAGs
[2026-07-25T09:09:08.045+0000] {logging_mixin.py:188} INFO - [2026-07-25T09:09:08.044+0000] {dag.py:3947} INFO - Setting next_dagrun for youtube_english_video_pipeline to 2026-07-24 12:00:00+00:00, run_after=2026-07-25 12:00:00+00:00
[2026-07-25T09:09:08.074+0000] {processor.py:183} INFO - Processing /opt/airflow/dags/youtube_pipeline.py took 0.155 seconds
[2026-07-25T09:09:38.324+0000] {processor.py:161} INFO - Started process (PID=41177) to work on /opt/airflow/dags/youtube_pipeline.py
[2026-07-25T09:09:38.326+0000] {processor.py:830} INFO - Processing file /opt/airflow/dags/youtube_pipeline.py for tasks to queue
[2026-07-25T09:09:38.328+0000] {logging_mixin.py:188} INFO - [2026-07-25T09:09:38.327+0000] {dagbag.py:545} INFO - Filling up the DagBag from /opt/airflow/dags/youtube_pipeline.py
[2026-07-25T09:09:38.383+0000] {processor.py:840} INFO - DAG(s) 'youtube_english_video_pipeline' retrieved from /opt/airflow/dags/youtube_pipeline.py
[2026-07-25T09:09:38.418+0000] {logging_mixin.py:188} INFO - [2026-07-25T09:09:38.418+0000] {dag.py:3089} INFO - Sync 1 DAGs
[2026-07-25T09:09:38.439+0000] {logging_mixin.py:188} INFO - [2026-07-25T09:09:38.438+0000] {dag.py:3947} INFO - Setting next_dagrun for youtube_english_video_pipeline to 2026-07-24 12:00:00+00:00, run_after=2026-07-25 12:00:00+00:00
[2026-07-25T09:09:38.463+0000] {processor.py:183} INFO - Processing /opt/airflow/dags/youtube_pipeline.py took 0.146 seconds
[2026-07-25T09:10:08.581+0000] {processor.py:161} INFO - Started process (PID=41182) to work on /opt/airflow/dags/youtube_pipeline.py
[2026-07-25T09:10:08.582+0000] {processor.py:830} INFO - Processing file /opt/airflow/dags/youtube_pipeline.py for tasks to queue
[2026-07-25T09:10:08.584+0000] {logging_mixin.py:188} INFO - [2026-07-25T09:10:08.584+0000] {dagbag.py:545} INFO - Filling up the DagBag from /opt/airflow/dags/youtube_pipeline.py
[2026-07-25T09:10:08.605+0000] {processor.py:840} INFO - DAG(s) 'youtube_english_video_pipeline' retrieved from /opt/airflow/dags/youtube_pipeline.py
[2026-07-25T09:10:08.638+0000] {logging_mixin.py:188} INFO - [2026-07-25T09:10:08.638+0000] {dag.py:3089} INFO - Sync 1 DAGs
[2026-07-25T09:10:08.657+0000] {logging_mixin.py:188} INFO - [2026-07-25T09:10:08.657+0000] {dag.py:3947} INFO - Setting next_dagrun for youtube_english_video_pipeline to 2026-07-24 12:00:00+00:00, run_after=2026-07-25 12:00:00+00:00
[2026-07-25T09:10:08.672+0000] {processor.py:183} INFO - Processing /opt/airflow/dags/youtube_pipeline.py took 0.096 seconds
[2026-07-25T09:10:38.820+0000] {processor.py:161} INFO - Started process (PID=41187) to work on /opt/airflow/dags/youtube_pipeline.py
[2026-07-25T09:10:38.821+0000] {processor.py:830} INFO - Processing file /opt/airflow/dags/youtube_pipeline.py for tasks to queue
[2026-07-25T09:10:38.822+0000] {logging_mixin.py:188} INFO - [2026-07-25T09:10:38.822+0000] {dagbag.py:545} INFO - Filling up the DagBag from /opt/airflow/dags/youtube_pipeline.py
[2026-07-25T09:10:38.843+0000] {processor.py:840} INFO - DAG(s) 'youtube_english_video_pipeline' retrieved from /opt/airflow/dags/youtube_pipeline.py
[2026-07-25T09:10:38.873+0000] {logging_mixin.py:188} INFO - [2026-07-25T09:10:38.873+0000] {dag.py:3089} INFO - Sync 1 DAGs
[2026-07-25T09:10:38.888+0000] {logging_mixin.py:188} INFO - [2026-07-25T09:10:38.888+0000] {dag.py:3947} INFO - Setting next_dagrun for youtube_english_video_pipeline to 2026-07-24 12:00:00+00:00, run_after=2026-07-25 12:00:00+00:00
[2026-07-25T09:10:38.911+0000] {processor.py:183} INFO - Processing /opt/airflow/dags/youtube_pipeline.py took 0.097 seconds
[2026-07-25T09:11:09.169+0000] {processor.py:161} INFO - Started process (PID=41192) to work on /opt/airflow/dags/youtube_pipeline.py
[2026-07-25T09:11:09.170+0000] {processor.py:830} INFO - Processing file /opt/airflow/dags/youtube_pipeline.py for tasks to queue
[2026-07-25T09:11:09.172+0000] {logging_mixin.py:188} INFO - [2026-07-25T09:11:09.171+0000] {dagbag.py:545} INFO - Filling up the DagBag from /opt/airflow/dags/youtube_pipeline.py
[2026-07-25T09:11:09.190+0000] {processor.py:840} INFO - DAG(s) 'youtube_english_video_pipeline' retrieved from /opt/airflow/dags/youtube_pipeline.py
[2026-07-25T09:11:09.220+0000] {logging_mixin.py:188} INFO - [2026-07-25T09:11:09.220+0000] {dag.py:3089} INFO - Sync 1 DAGs
[2026-07-25T09:11:09.234+0000] {logging_mixin.py:188} INFO - [2026-07-25T09:11:09.234+0000] {dag.py:3947} INFO - Setting next_dagrun for youtube_english_video_pipeline to 2026-07-24 12:00:00+00:00, run_after=2026-07-25 12:00:00+00:00
[2026-07-25T09:11:09.258+0000] {processor.py:183} INFO - Processing /opt/airflow/dags/youtube_pipeline.py took 0.093 seconds
[2026-07-25T09:11:39.370+0000] {processor.py:161} INFO - Started process (PID=41197) to work on /opt/airflow/dags/youtube_pipeline.py
[2026-07-25T09:11:39.371+0000] {processor.py:830} INFO - Processing file /opt/airflow/dags/youtube_pipeline.py for tasks to queue
[2026-07-25T09:11:39.372+0000] {logging_mixin.py:188} INFO - [2026-07-25T09:11:39.372+0000] {dagbag.py:545} INFO - Filling up the DagBag from /opt/airflow/dags/youtube_pipeline.py
[2026-07-25T09:11:39.393+0000] {processor.py:840} INFO - DAG(s) 'youtube_english_video_pipeline' retrieved from /opt/airflow/dags/youtube_pipeline.py
[2026-07-25T09:11:39.426+0000] {logging_mixin.py:188} INFO - [2026-07-25T09:11:39.426+0000] {dag.py:3089} INFO - Sync 1 DAGs
[2026-07-25T09:11:39.440+0000] {logging_mixin.py:188} INFO - [2026-07-25T09:11:39.440+0000] {dag.py:3947} INFO - Setting next_dagrun for youtube_english_video_pipeline to 2026-07-24 12:00:00+00:00, run_after=2026-07-25 12:00:00+00:00
[2026-07-25T09:11:39.466+0000] {processor.py:183} INFO - Processing /opt/airflow/dags/youtube_pipeline.py took 0.101 seconds
[2026-07-25T09:12:09.748+0000] {processor.py:161} INFO - Started process (PID=41202) to work on /opt/airflow/dags/youtube_pipeline.py
[2026-07-25T09:12:09.749+0000] {processor.py:830} INFO - Processing file /opt/airflow/dags/youtube_pipeline.py for tasks to queue
[2026-07-25T09:12:09.750+0000] {logging_mixin.py:188} INFO - [2026-07-25T09:12:09.750+0000] {dagbag.py:545} INFO - Filling up the DagBag from /opt/airflow/dags/youtube_pipeline.py
[2026-07-25T09:12:09.784+0000] {processor.py:840} INFO - DAG(s) 'youtube_english_video_pipeline' retrieved from /opt/airflow/dags/youtube_pipeline.py
[2026-07-25T09:12:09.816+0000] {logging_mixin.py:188} INFO - [2026-07-25T09:12:09.816+0000] {dag.py:3089} INFO - Sync 1 DAGs
[2026-07-25T09:12:09.835+0000] {logging_mixin.py:188} INFO - [2026-07-25T09:12:09.834+0000] {dag.py:3947} INFO - Setting next_dagrun for youtube_english_video_pipeline to 2026-07-24 12:00:00+00:00, run_after=2026-07-25 12:00:00+00:00
[2026-07-25T09:12:09.856+0000] {processor.py:183} INFO - Processing /opt/airflow/dags/youtube_pipeline.py took 0.114 seconds
[2026-07-25T09:12:39.969+0000] {processor.py:161} INFO - Started process (PID=41207) to work on /opt/airflow/dags/youtube_pipeline.py
[2026-07-25T09:12:39.971+0000] {processor.py:830} INFO - Processing file /opt/airflow/dags/youtube_pipeline.py for tasks to queue
[2026-07-25T09:12:39.976+0000] {logging_mixin.py:188} INFO - [2026-07-25T09:12:39.975+0000] {dagbag.py:545} INFO - Filling up the DagBag from /opt/airflow/dags/youtube_pipeline.py
[2026-07-25T09:12:40.017+0000] {processor.py:840} INFO - DAG(s) 'youtube_english_video_pipeline' retrieved from /opt/airflow/dags/youtube_pipeline.py
[2026-07-25T09:12:40.048+0000] {logging_mixin.py:188} INFO - [2026-07-25T09:12:40.048+0000] {dag.py:3089} INFO - Sync 1 DAGs
[2026-07-25T09:12:40.064+0000] {logging_mixin.py:188} INFO - [2026-07-25T09:12:40.063+0000] {dag.py:3947} INFO - Setting next_dagrun for youtube_english_video_pipeline to 2026-07-24 12:00:00+00:00, run_after=2026-07-25 12:00:00+00:00
[2026-07-25T09:12:40.090+0000] {processor.py:183} INFO - Processing /opt/airflow/dags/youtube_pipeline.py took 0.127 seconds
[2026-07-25T09:13:10.314+0000] {processor.py:161} INFO - Started process (PID=41212) to work on /opt/airflow/dags/youtube_pipeline.py
[2026-07-25T09:13:10.315+0000] {processor.py:830} INFO - Processing file /opt/airflow/dags/youtube_pipeline.py for tasks to queue
[2026-07-25T09:13:10.316+0000] {logging_mixin.py:188} INFO - [2026-07-25T09:13:10.316+0000] {dagbag.py:545} INFO - Filling up the DagBag from /opt/airflow/dags/youtube_pipeline.py
[2026-07-25T09:13:10.335+0000] {processor.py:840} INFO - DAG(s) 'youtube_english_video_pipeline' retrieved from /opt/airflow/dags/youtube_pipeline.py
[2026-07-25T09:13:10.364+0000] {logging_mixin.py:188} INFO - [2026-07-25T09:13:10.363+0000] {dag.py:3089} INFO - Sync 1 DAGs
[2026-07-25T09:13:10.378+0000] {logging_mixin.py:188} INFO - [2026-07-25T09:13:10.378+0000] {dag.py:3947} INFO - Setting next_dagrun for youtube_english_video_pipeline to 2026-07-24 12:00:00+00:00, run_after=2026-07-25 12:00:00+00:00
[2026-07-25T09:13:10.394+0000] {processor.py:183} INFO - Processing /opt/airflow/dags/youtube_pipeline.py took 0.084 seconds
[2026-07-25T09:13:40.580+0000] {processor.py:161} INFO - Started process (PID=41217) to work on /opt/airflow/dags/youtube_pipeline.py
[2026-07-25T09:13:40.581+0000] {processor.py:830} INFO - Processing file /opt/airflow/dags/youtube_pipeline.py for tasks to queue
[2026-07-25T09:13:40.582+0000] {logging_mixin.py:188} INFO - [2026-07-25T09:13:40.582+0000] {dagbag.py:545} INFO - Filling up the DagBag from /opt/airflow/dags/youtube_pipeline.py
[2026-07-25T09:13:40.602+0000] {processor.py:840} INFO - DAG(s) 'youtube_english_video_pipeline' retrieved from /opt/airflow/dags/youtube_pipeline.py
[2026-07-25T09:13:40.631+0000] {logging_mixin.py:188} INFO - [2026-07-25T09:13:40.631+0000] {dag.py:3089} INFO - Sync 1 DAGs
[2026-07-25T09:13:40.645+0000] {logging_mixin.py:188} INFO - [2026-07-25T09:13:40.645+0000] {dag.py:3947} INFO - Setting next_dagrun for youtube_english_video_pipeline to 2026-07-24 12:00:00+00:00, run_after=2026-07-25 12:00:00+00:00
[2026-07-25T09:13:40.661+0000] {processor.py:183} INFO - Processing /opt/airflow/dags/youtube_pipeline.py took 0.086 seconds
[2026-07-25T09:14:10.919+0000] {processor.py:161} INFO - Started process (PID=41222) to work on /opt/airflow/dags/youtube_pipeline.py
[2026-07-25T09:14:10.920+0000] {processor.py:830} INFO - Processing file /opt/airflow/dags/youtube_pipeline.py for tasks to queue
[2026-07-25T09:14:10.921+0000] {logging_mixin.py:188} INFO - [2026-07-25T09:14:10.921+0000] {dagbag.py:545} INFO - Filling up the DagBag from /opt/airflow/dags/youtube_pipeline.py
[2026-07-25T09:14:10.991+0000] {processor.py:840} INFO - DAG(s) 'youtube_english_video_pipeline' retrieved from /opt/airflow/dags/youtube_pipeline.py
[2026-07-25T09:14:11.026+0000] {logging_mixin.py:188} INFO - [2026-07-25T09:14:11.026+0000] {dag.py:3089} INFO - Sync 1 DAGs
[2026-07-25T09:14:11.042+0000] {logging_mixin.py:188} INFO - [2026-07-25T09:14:11.041+0000] {dag.py:3947} INFO - Setting next_dagrun for youtube_english_video_pipeline to 2026-07-24 12:00:00+00:00, run_after=2026-07-25 12:00:00+00:00
[2026-07-25T09:14:11.055+0000] {processor.py:183} INFO - Processing /opt/airflow/dags/youtube_pipeline.py took 0.141 seconds
[2026-07-25T09:14:41.220+0000] {processor.py:161} INFO - Started process (PID=41227) to work on /opt/airflow/dags/youtube_pipeline.py
[2026-07-25T09:14:41.221+0000] {processor.py:830} INFO - Processing file /opt/airflow/dags/youtube_pipeline.py for tasks to queue
[2026-07-25T09:14:41.222+0000] {logging_mixin.py:188} INFO - [2026-07-25T09:14:41.222+0000] {dagbag.py:545} INFO - Filling up the DagBag from /opt/airflow/dags/youtube_pipeline.py
[2026-07-25T09:14:41.242+0000] {processor.py:840} INFO - DAG(s) 'youtube_english_video_pipeline' retrieved from /opt/airflow/dags/youtube_pipeline.py
[2026-07-25T09:14:41.272+0000] {logging_mixin.py:188} INFO - [2026-07-25T09:14:41.272+0000] {dag.py:3089} INFO - Sync 1 DAGs
[2026-07-25T09:14:41.286+0000] {logging_mixin.py:188} INFO - [2026-07-25T09:14:41.285+0000] {dag.py:3947} INFO - Setting next_dagrun for youtube_english_video_pipeline to 2026-07-24 12:00:00+00:00, run_after=2026-07-25 12:00:00+00:00
[2026-07-25T09:14:41.300+0000] {processor.py:183} INFO - Processing /opt/airflow/dags/youtube_pipeline.py took 0.086 seconds
[2026-07-25T09:15:11.553+0000] {processor.py:161} INFO - Started process (PID=41232) to work on /opt/airflow/dags/youtube_pipeline.py
[2026-07-25T09:15:11.554+0000] {processor.py:830} INFO - Processing file /opt/airflow/dags/youtube_pipeline.py for tasks to queue
[2026-07-25T09:15:11.556+0000] {logging_mixin.py:188} INFO - [2026-07-25T09:15:11.556+0000] {dagbag.py:545} INFO - Filling up the DagBag from /opt/airflow/dags/youtube_pipeline.py
[2026-07-25T09:15:11.590+0000] {processor.py:840} INFO - DAG(s) 'youtube_english_video_pipeline' retrieved from /opt/airflow/dags/youtube_pipeline.py
[2026-07-25T09:15:11.626+0000] {logging_mixin.py:188} INFO - [2026-07-25T09:15:11.626+0000] {dag.py:3089} INFO - Sync 1 DAGs
[2026-07-25T09:15:11.644+0000] {logging_mixin.py:188} INFO - [2026-07-25T09:15:11.644+0000] {dag.py:3947} INFO - Setting next_dagrun for youtube_english_video_pipeline to 2026-07-24 12:00:00+00:00, run_after=2026-07-25 12:00:00+00:00
[2026-07-25T09:15:11.666+0000] {processor.py:183} INFO - Processing /opt/airflow/dags/youtube_pipeline.py took 0.120 seconds
[2026-07-25T09:15:41.775+0000] {processor.py:161} INFO - Started process (PID=41237) to work on /opt/airflow/dags/youtube_pipeline.py
[2026-07-25T09:15:41.776+0000] {processor.py:830} INFO - Processing file /opt/airflow/dags/youtube_pipeline.py for tasks to queue
[2026-07-25T09:15:41.778+0000] {logging_mixin.py:188} INFO - [2026-07-25T09:15:41.778+0000] {dagbag.py:545} INFO - Filling up the DagBag from /opt/airflow/dags/youtube_pipeline.py
[2026-07-25T09:15:41.813+0000] {processor.py:840} INFO - DAG(s) 'youtube_english_video_pipeline' retrieved from /opt/airflow/dags/youtube_pipeline.py
[2026-07-25T09:15:41.852+0000] {logging_mixin.py:188} INFO - [2026-07-25T09:15:41.851+0000] {dag.py:3089} INFO - Sync 1 DAGs
[2026-07-25T09:15:41.867+0000] {logging_mixin.py:188} INFO - [2026-07-25T09:15:41.867+0000] {dag.py:3947} INFO - Setting next_dagrun for youtube_english_video_pipeline to 2026-07-24 12:00:00+00:00, run_after=2026-07-25 12:00:00+00:00
[2026-07-25T09:15:41.886+0000] {processor.py:183} INFO - Processing /opt/airflow/dags/youtube_pipeline.py took 0.117 seconds
[2026-07-25T09:16:12.104+0000] {processor.py:161} INFO - Started process (PID=41242) to work on /opt/airflow/dags/youtube_pipeline.py
[2026-07-25T09:16:12.105+0000] {processor.py:830} INFO - Processing file /opt/airflow/dags/youtube_pipeline.py for tasks to queue
[2026-07-25T09:16:12.106+0000] {logging_mixin.py:188} INFO - [2026-07-25T09:16:12.106+0000] {dagbag.py:545} INFO - Filling up the DagBag from /opt/airflow/dags/youtube_pipeline.py
[2026-07-25T09:16:12.126+0000] {processor.py:840} INFO - DAG(s) 'youtube_english_video_pipeline' retrieved from /opt/airflow/dags/youtube_pipeline.py
[2026-07-25T09:16:12.156+0000] {logging_mixin.py:188} INFO - [2026-07-25T09:16:12.156+0000] {dag.py:3089} INFO - Sync 1 DAGs
[2026-07-25T09:16:12.172+0000] {logging_mixin.py:188} INFO - [2026-07-25T09:16:12.172+0000] {dag.py:3947} INFO - Setting next_dagrun for youtube_english_video_pipeline to 2026-07-24 12:00:00+00:00, run_after=2026-07-25 12:00:00+00:00
[2026-07-25T09:16:12.186+0000] {processor.py:183} INFO - Processing /opt/airflow/dags/youtube_pipeline.py took 0.087 seconds
[2026-07-25T09:16:42.372+0000] {processor.py:161} INFO - Started process (PID=41247) to work on /opt/airflow/dags/youtube_pipeline.py
[2026-07-25T09:16:42.373+0000] {processor.py:830} INFO - Processing file /opt/airflow/dags/youtube_pipeline.py for tasks to queue
[2026-07-25T09:16:42.375+0000] {logging_mixin.py:188} INFO - [2026-07-25T09:16:42.375+0000] {dagbag.py:545} INFO - Filling up the DagBag from /opt/airflow/dags/youtube_pipeline.py
[2026-07-25T09:16:42.398+0000] {processor.py:840} INFO - DAG(s) 'youtube_english_video_pipeline' retrieved from /opt/airflow/dags/youtube_pipeline.py
[2026-07-25T09:16:42.428+0000] {logging_mixin.py:188} INFO - [2026-07-25T09:16:42.427+0000] {dag.py:3089} INFO - Sync 1 DAGs
[2026-07-25T09:16:42.441+0000] {logging_mixin.py:188} INFO - [2026-07-25T09:16:42.441+0000] {dag.py:3947} INFO - Setting next_dagrun for youtube_english_video_pipeline to 2026-07-24 12:00:00+00:00, run_after=2026-07-25 12:00:00+00:00
[2026-07-25T09:16:42.464+0000] {processor.py:183} INFO - Processing /opt/airflow/dags/youtube_pipeline.py took 0.096 seconds
[2026-07-25T09:17:12.636+0000] {processor.py:161} INFO - Started process (PID=41254) to work on /opt/airflow/dags/youtube_pipeline.py
[2026-07-25T09:17:12.637+0000] {processor.py:830} INFO - Processing file /opt/airflow/dags/youtube_pipeline.py for tasks to queue
[2026-07-25T09:17:12.639+0000] {logging_mixin.py:188} INFO - [2026-07-25T09:17:12.639+0000] {dagbag.py:545} INFO - Filling up the DagBag from /opt/airflow/dags/youtube_pipeline.py
[2026-07-25T09:17:12.660+0000] {processor.py:840} INFO - DAG(s) 'youtube_english_video_pipeline' retrieved from /opt/airflow/dags/youtube_pipeline.py
[2026-07-25T09:17:12.700+0000] {logging_mixin.py:188} INFO - [2026-07-25T09:17:12.699+0000] {dag.py:3089} INFO - Sync 1 DAGs
[2026-07-25T09:17:12.726+0000] {processor.py:183} INFO - Processing /opt/airflow/dags/youtube_pipeline.py took 0.095 seconds
[2026-07-25T09:17:42.964+0000] {processor.py:161} INFO - Started process (PID=41971) to work on /opt/airflow/dags/youtube_pipeline.py
[2026-07-25T09:17:42.966+0000] {processor.py:830} INFO - Processing file /opt/airflow/dags/youtube_pipeline.py for tasks to queue
[2026-07-25T09:17:42.968+0000] {logging_mixin.py:188} INFO - [2026-07-25T09:17:42.968+0000] {dagbag.py:545} INFO - Filling up the DagBag from /opt/airflow/dags/youtube_pipeline.py
[2026-07-25T09:17:43.011+0000] {processor.py:840} INFO - DAG(s) 'youtube_english_video_pipeline' retrieved from /opt/airflow/dags/youtube_pipeline.py
[2026-07-25T09:17:43.055+0000] {logging_mixin.py:188} INFO - [2026-07-25T09:17:43.055+0000] {dag.py:3089} INFO - Sync 1 DAGs
[2026-07-25T09:17:43.100+0000] {processor.py:183} INFO - Processing /opt/airflow/dags/youtube_pipeline.py took 0.144 seconds
[2026-07-25T09:18:13.324+0000] {processor.py:161} INFO - Started process (PID=43184) to work on /opt/airflow/dags/youtube_pipeline.py
[2026-07-25T09:18:13.325+0000] {processor.py:830} INFO - Processing file /opt/airflow/dags/youtube_pipeline.py for tasks to queue
[2026-07-25T09:18:13.327+0000] {logging_mixin.py:188} INFO - [2026-07-25T09:18:13.327+0000] {dagbag.py:545} INFO - Filling up the DagBag from /opt/airflow/dags/youtube_pipeline.py
[2026-07-25T09:18:13.365+0000] {processor.py:840} INFO - DAG(s) 'youtube_english_video_pipeline' retrieved from /opt/airflow/dags/youtube_pipeline.py
[2026-07-25T09:18:13.422+0000] {logging_mixin.py:188} INFO - [2026-07-25T09:18:13.422+0000] {dag.py:3089} INFO - Sync 1 DAGs
[2026-07-25T09:18:13.464+0000] {processor.py:183} INFO - Processing /opt/airflow/dags/youtube_pipeline.py took 0.150 seconds
[2026-07-25T09:18:43.522+0000] {processor.py:161} INFO - Started process (PID=44246) to work on /opt/airflow/dags/youtube_pipeline.py
[2026-07-25T09:18:43.524+0000] {processor.py:830} INFO - Processing file /opt/airflow/dags/youtube_pipeline.py for tasks to queue
[2026-07-25T09:18:43.527+0000] {logging_mixin.py:188} INFO - [2026-07-25T09:18:43.526+0000] {dagbag.py:545} INFO - Filling up the DagBag from /opt/airflow/dags/youtube_pipeline.py
[2026-07-25T09:18:43.567+0000] {processor.py:840} INFO - DAG(s) 'youtube_english_video_pipeline' retrieved from /opt/airflow/dags/youtube_pipeline.py
[2026-07-25T09:18:43.615+0000] {logging_mixin.py:188} INFO - [2026-07-25T09:18:43.615+0000] {dag.py:3089} INFO - Sync 1 DAGs
[2026-07-25T09:18:43.656+0000] {processor.py:183} INFO - Processing /opt/airflow/dags/youtube_pipeline.py took 0.144 seconds
[2026-07-25T09:19:13.946+0000] {processor.py:161} INFO - Started process (PID=44632) to work on /opt/airflow/dags/youtube_pipeline.py
[2026-07-25T09:19:13.948+0000] {processor.py:830} INFO - Processing file /opt/airflow/dags/youtube_pipeline.py for tasks to queue
[2026-07-25T09:19:13.952+0000] {logging_mixin.py:188} INFO - [2026-07-25T09:19:13.951+0000] {dagbag.py:545} INFO - Filling up the DagBag from /opt/airflow/dags/youtube_pipeline.py
[2026-07-25T09:19:14.014+0000] {processor.py:840} INFO - DAG(s) 'youtube_english_video_pipeline' retrieved from /opt/airflow/dags/youtube_pipeline.py
[2026-07-25T09:19:14.084+0000] {logging_mixin.py:188} INFO - [2026-07-25T09:19:14.084+0000] {dag.py:3089} INFO - Sync 1 DAGs
[2026-07-25T09:19:14.158+0000] {processor.py:183} INFO - Processing /opt/airflow/dags/youtube_pipeline.py took 0.224 seconds
[2026-07-25T09:19:44.561+0000] {processor.py:161} INFO - Started process (PID=44818) to work on /opt/airflow/dags/youtube_pipeline.py
[2026-07-25T09:19:44.563+0000] {processor.py:830} INFO - Processing file /opt/airflow/dags/youtube_pipeline.py for tasks to queue
[2026-07-25T09:19:44.568+0000] {logging_mixin.py:188} INFO - [2026-07-25T09:19:44.567+0000] {dagbag.py:545} INFO - Filling up the DagBag from /opt/airflow/dags/youtube_pipeline.py
[2026-07-25T09:19:44.643+0000] {processor.py:840} INFO - DAG(s) 'youtube_english_video_pipeline' retrieved from /opt/airflow/dags/youtube_pipeline.py
[2026-07-25T09:19:44.725+0000] {logging_mixin.py:188} INFO - [2026-07-25T09:19:44.724+0000] {dag.py:3089} INFO - Sync 1 DAGs
[2026-07-25T09:19:44.774+0000] {processor.py:183} INFO - Processing /opt/airflow/dags/youtube_pipeline.py took 0.225 seconds
[2026-07-25T09:20:15.009+0000] {processor.py:161} INFO - Started process (PID=45533) to work on /opt/airflow/dags/youtube_pipeline.py
[2026-07-25T09:20:15.010+0000] {processor.py:830} INFO - Processing file /opt/airflow/dags/youtube_pipeline.py for tasks to queue
[2026-07-25T09:20:15.013+0000] {logging_mixin.py:188} INFO - [2026-07-25T09:20:15.013+0000] {dagbag.py:545} INFO - Filling up the DagBag from /opt/airflow/dags/youtube_pipeline.py
[2026-07-25T09:20:15.061+0000] {processor.py:840} INFO - DAG(s) 'youtube_english_video_pipeline' retrieved from /opt/airflow/dags/youtube_pipeline.py
[2026-07-25T09:20:15.108+0000] {logging_mixin.py:188} INFO - [2026-07-25T09:20:15.108+0000] {dag.py:3089} INFO - Sync 1 DAGs
[2026-07-25T09:20:15.151+0000] {processor.py:183} INFO - Processing /opt/airflow/dags/youtube_pipeline.py took 0.150 seconds
[2026-07-25T09:20:45.463+0000] {processor.py:161} INFO - Started process (PID=46611) to work on /opt/airflow/dags/youtube_pipeline.py
[2026-07-25T09:20:45.466+0000] {processor.py:830} INFO - Processing file /opt/airflow/dags/youtube_pipeline.py for tasks to queue
[2026-07-25T09:20:45.477+0000] {logging_mixin.py:188} INFO - [2026-07-25T09:20:45.476+0000] {dagbag.py:545} INFO - Filling up the DagBag from /opt/airflow/dags/youtube_pipeline.py
[2026-07-25T09:20:45.539+0000] {processor.py:840} INFO - DAG(s) 'youtube_english_video_pipeline' retrieved from /opt/airflow/dags/youtube_pipeline.py
[2026-07-25T09:20:45.620+0000] {logging_mixin.py:188} INFO - [2026-07-25T09:20:45.619+0000] {dag.py:3089} INFO - Sync 1 DAGs
[2026-07-25T09:20:45.691+0000] {processor.py:183} INFO - Processing /opt/airflow/dags/youtube_pipeline.py took 0.262 seconds
[2026-07-25T09:21:15.898+0000] {processor.py:161} INFO - Started process (PID=47824) to work on /opt/airflow/dags/youtube_pipeline.py
[2026-07-25T09:21:15.899+0000] {processor.py:830} INFO - Processing file /opt/airflow/dags/youtube_pipeline.py for tasks to queue
[2026-07-25T09:21:15.901+0000] {logging_mixin.py:188} INFO - [2026-07-25T09:21:15.901+0000] {dagbag.py:545} INFO - Filling up the DagBag from /opt/airflow/dags/youtube_pipeline.py
[2026-07-25T09:21:15.935+0000] {processor.py:840} INFO - DAG(s) 'youtube_english_video_pipeline' retrieved from /opt/airflow/dags/youtube_pipeline.py
[2026-07-25T09:21:15.969+0000] {logging_mixin.py:188} INFO - [2026-07-25T09:21:15.969+0000] {dag.py:3089} INFO - Sync 1 DAGs
[2026-07-25T09:21:15.999+0000] {processor.py:183} INFO - Processing /opt/airflow/dags/youtube_pipeline.py took 0.107 seconds
[2026-07-25T09:21:46.144+0000] {processor.py:161} INFO - Started process (PID=48059) to work on /opt/airflow/dags/youtube_pipeline.py
[2026-07-25T09:21:46.145+0000] {processor.py:830} INFO - Processing file /opt/airflow/dags/youtube_pipeline.py for tasks to queue
[2026-07-25T09:21:46.148+0000] {logging_mixin.py:188} INFO - [2026-07-25T09:21:46.148+0000] {dagbag.py:545} INFO - Filling up the DagBag from /opt/airflow/dags/youtube_pipeline.py
[2026-07-25T09:21:46.187+0000] {processor.py:840} INFO - DAG(s) 'youtube_english_video_pipeline' retrieved from /opt/airflow/dags/youtube_pipeline.py
[2026-07-25T09:21:46.241+0000] {logging_mixin.py:188} INFO - [2026-07-25T09:21:46.241+0000] {dag.py:3089} INFO - Sync 1 DAGs
[2026-07-25T09:21:46.304+0000] {processor.py:183} INFO - Processing /opt/airflow/dags/youtube_pipeline.py took 0.170 seconds
[2026-07-25T09:22:16.476+0000] {processor.py:161} INFO - Started process (PID=48120) to work on /opt/airflow/dags/youtube_pipeline.py
[2026-07-25T09:22:16.477+0000] {processor.py:830} INFO - Processing file /opt/airflow/dags/youtube_pipeline.py for tasks to queue
[2026-07-25T09:22:16.480+0000] {logging_mixin.py:188} INFO - [2026-07-25T09:22:16.479+0000] {dagbag.py:545} INFO - Filling up the DagBag from /opt/airflow/dags/youtube_pipeline.py
[2026-07-25T09:22:16.507+0000] {processor.py:840} INFO - DAG(s) 'youtube_english_video_pipeline' retrieved from /opt/airflow/dags/youtube_pipeline.py
[2026-07-25T09:22:16.543+0000] {logging_mixin.py:188} INFO - [2026-07-25T09:22:16.543+0000] {dag.py:3089} INFO - Sync 1 DAGs
[2026-07-25T09:22:16.571+0000] {processor.py:183} INFO - Processing /opt/airflow/dags/youtube_pipeline.py took 0.102 seconds
[2026-07-25T09:22:46.803+0000] {processor.py:161} INFO - Started process (PID=48391) to work on /opt/airflow/dags/youtube_pipeline.py
[2026-07-25T09:22:46.804+0000] {processor.py:830} INFO - Processing file /opt/airflow/dags/youtube_pipeline.py for tasks to queue
[2026-07-25T09:22:46.806+0000] {logging_mixin.py:188} INFO - [2026-07-25T09:22:46.806+0000] {dagbag.py:545} INFO - Filling up the DagBag from /opt/airflow/dags/youtube_pipeline.py
[2026-07-25T09:22:46.840+0000] {processor.py:840} INFO - DAG(s) 'youtube_english_video_pipeline' retrieved from /opt/airflow/dags/youtube_pipeline.py
[2026-07-25T09:22:46.874+0000] {logging_mixin.py:188} INFO - [2026-07-25T09:22:46.874+0000] {dag.py:3089} INFO - Sync 1 DAGs
[2026-07-25T09:22:46.903+0000] {processor.py:183} INFO - Processing /opt/airflow/dags/youtube_pipeline.py took 0.107 seconds
[2026-07-25T09:23:17.015+0000] {processor.py:161} INFO - Started process (PID=49459) to work on /opt/airflow/dags/youtube_pipeline.py
[2026-07-25T09:23:17.016+0000] {processor.py:830} INFO - Processing file /opt/airflow/dags/youtube_pipeline.py for tasks to queue
[2026-07-25T09:23:17.017+0000] {logging_mixin.py:188} INFO - [2026-07-25T09:23:17.017+0000] {dagbag.py:545} INFO - Filling up the DagBag from /opt/airflow/dags/youtube_pipeline.py
[2026-07-25T09:23:17.037+0000] {processor.py:840} INFO - DAG(s) 'youtube_english_video_pipeline' retrieved from /opt/airflow/dags/youtube_pipeline.py
[2026-07-25T09:23:17.072+0000] {logging_mixin.py:188} INFO - [2026-07-25T09:23:17.072+0000] {dag.py:3089} INFO - Sync 1 DAGs
[2026-07-25T09:23:17.104+0000] {processor.py:183} INFO - Processing /opt/airflow/dags/youtube_pipeline.py took 0.095 seconds
[2026-07-25T09:23:47.302+0000] {processor.py:161} INFO - Started process (PID=50668) to work on /opt/airflow/dags/youtube_pipeline.py
[2026-07-25T09:23:47.304+0000] {processor.py:830} INFO - Processing file /opt/airflow/dags/youtube_pipeline.py for tasks to queue
[2026-07-25T09:23:47.306+0000] {logging_mixin.py:188} INFO - [2026-07-25T09:23:47.305+0000] {dagbag.py:545} INFO - Filling up the DagBag from /opt/airflow/dags/youtube_pipeline.py
[2026-07-25T09:23:47.348+0000] {processor.py:840} INFO - DAG(s) 'youtube_english_video_pipeline' retrieved from /opt/airflow/dags/youtube_pipeline.py
[2026-07-25T09:23:47.399+0000] {logging_mixin.py:188} INFO - [2026-07-25T09:23:47.398+0000] {dag.py:3089} INFO - Sync 1 DAGs
[2026-07-25T09:23:47.449+0000] {processor.py:183} INFO - Processing /opt/airflow/dags/youtube_pipeline.py took 0.157 seconds
[2026-07-25T09:24:17.639+0000] {processor.py:161} INFO - Started process (PID=50778) to work on /opt/airflow/dags/youtube_pipeline.py
[2026-07-25T09:24:17.640+0000] {processor.py:830} INFO - Processing file /opt/airflow/dags/youtube_pipeline.py for tasks to queue
[2026-07-25T09:24:17.641+0000] {logging_mixin.py:188} INFO - [2026-07-25T09:24:17.641+0000] {dagbag.py:545} INFO - Filling up the DagBag from /opt/airflow/dags/youtube_pipeline.py
[2026-07-25T09:24:17.664+0000] {processor.py:840} INFO - DAG(s) 'youtube_english_video_pipeline' retrieved from /opt/airflow/dags/youtube_pipeline.py
[2026-07-25T09:24:17.695+0000] {logging_mixin.py:188} INFO - [2026-07-25T09:24:17.695+0000] {dag.py:3089} INFO - Sync 1 DAGs
[2026-07-25T09:24:17.732+0000] {processor.py:183} INFO - Processing /opt/airflow/dags/youtube_pipeline.py took 0.099 seconds
[2026-07-25T09:24:47.951+0000] {processor.py:161} INFO - Started process (PID=50820) to work on /opt/airflow/dags/youtube_pipeline.py
[2026-07-25T09:24:47.952+0000] {processor.py:830} INFO - Processing file /opt/airflow/dags/youtube_pipeline.py for tasks to queue
[2026-07-25T09:24:47.953+0000] {logging_mixin.py:188} INFO - [2026-07-25T09:24:47.953+0000] {dagbag.py:545} INFO - Filling up the DagBag from /opt/airflow/dags/youtube_pipeline.py
[2026-07-25T09:24:47.973+0000] {processor.py:840} INFO - DAG(s) 'youtube_english_video_pipeline' retrieved from /opt/airflow/dags/youtube_pipeline.py
[2026-07-25T09:24:48.002+0000] {logging_mixin.py:188} INFO - [2026-07-25T09:24:48.002+0000] {dag.py:3089} INFO - Sync 1 DAGs
[2026-07-25T09:24:48.028+0000] {processor.py:183} INFO - Processing /opt/airflow/dags/youtube_pipeline.py took 0.083 seconds
[2026-07-25T09:25:18.259+0000] {processor.py:161} INFO - Started process (PID=50829) to work on /opt/airflow/dags/youtube_pipeline.py
[2026-07-25T09:25:18.260+0000] {processor.py:830} INFO - Processing file /opt/airflow/dags/youtube_pipeline.py for tasks to queue
[2026-07-25T09:25:18.261+0000] {logging_mixin.py:188} INFO - [2026-07-25T09:25:18.261+0000] {dagbag.py:545} INFO - Filling up the DagBag from /opt/airflow/dags/youtube_pipeline.py
[2026-07-25T09:25:18.282+0000] {processor.py:840} INFO - DAG(s) 'youtube_english_video_pipeline' retrieved from /opt/airflow/dags/youtube_pipeline.py
[2026-07-25T09:25:18.317+0000] {logging_mixin.py:188} INFO - [2026-07-25T09:25:18.316+0000] {dag.py:3089} INFO - Sync 1 DAGs
[2026-07-25T09:25:18.344+0000] {processor.py:183} INFO - Processing /opt/airflow/dags/youtube_pipeline.py took 0.090 seconds
[2026-07-25T09:25:48.578+0000] {processor.py:161} INFO - Started process (PID=50834) to work on /opt/airflow/dags/youtube_pipeline.py
[2026-07-25T09:25:48.580+0000] {processor.py:830} INFO - Processing file /opt/airflow/dags/youtube_pipeline.py for tasks to queue
[2026-07-25T09:25:48.581+0000] {logging_mixin.py:188} INFO - [2026-07-25T09:25:48.581+0000] {dagbag.py:545} INFO - Filling up the DagBag from /opt/airflow/dags/youtube_pipeline.py
[2026-07-25T09:25:48.621+0000] {processor.py:840} INFO - DAG(s) 'youtube_english_video_pipeline' retrieved from /opt/airflow/dags/youtube_pipeline.py
[2026-07-25T09:25:48.650+0000] {logging_mixin.py:188} INFO - [2026-07-25T09:25:48.650+0000] {dag.py:3089} INFO - Sync 1 DAGs
[2026-07-25T09:25:48.679+0000] {processor.py:183} INFO - Processing /opt/airflow/dags/youtube_pipeline.py took 0.108 seconds
[2026-07-25T09:26:18.848+0000] {processor.py:161} INFO - Started process (PID=50839) to work on /opt/airflow/dags/youtube_pipeline.py
[2026-07-25T09:26:18.850+0000] {processor.py:830} INFO - Processing file /opt/airflow/dags/youtube_pipeline.py for tasks to queue
[2026-07-25T09:26:18.852+0000] {logging_mixin.py:188} INFO - [2026-07-25T09:26:18.852+0000] {dagbag.py:545} INFO - Filling up the DagBag from /opt/airflow/dags/youtube_pipeline.py
[2026-07-25T09:26:18.898+0000] {processor.py:840} INFO - DAG(s) 'youtube_english_video_pipeline' retrieved from /opt/airflow/dags/youtube_pipeline.py
[2026-07-25T09:26:18.930+0000] {logging_mixin.py:188} INFO - [2026-07-25T09:26:18.930+0000] {dag.py:3089} INFO - Sync 1 DAGs
[2026-07-25T09:26:18.959+0000] {processor.py:183} INFO - Processing /opt/airflow/dags/youtube_pipeline.py took 0.121 seconds
[2026-07-25T09:26:49.154+0000] {processor.py:161} INFO - Started process (PID=50844) to work on /opt/airflow/dags/youtube_pipeline.py
[2026-07-25T09:26:49.155+0000] {processor.py:830} INFO - Processing file /opt/airflow/dags/youtube_pipeline.py for tasks to queue
[2026-07-25T09:26:49.157+0000] {logging_mixin.py:188} INFO - [2026-07-25T09:26:49.157+0000] {dagbag.py:545} INFO - Filling up the DagBag from /opt/airflow/dags/youtube_pipeline.py
[2026-07-25T09:26:49.197+0000] {processor.py:840} INFO - DAG(s) 'youtube_english_video_pipeline' retrieved from /opt/airflow/dags/youtube_pipeline.py
[2026-07-25T09:26:49.235+0000] {logging_mixin.py:188} INFO - [2026-07-25T09:26:49.235+0000] {dag.py:3089} INFO - Sync 1 DAGs
[2026-07-25T09:26:49.280+0000] {processor.py:183} INFO - Processing /opt/airflow/dags/youtube_pipeline.py took 0.134 seconds
[2026-07-25T09:27:19.426+0000] {processor.py:161} INFO - Started process (PID=50849) to work on /opt/airflow/dags/youtube_pipeline.py
[2026-07-25T09:27:19.427+0000] {processor.py:830} INFO - Processing file /opt/airflow/dags/youtube_pipeline.py for tasks to queue
[2026-07-25T09:27:19.428+0000] {logging_mixin.py:188} INFO - [2026-07-25T09:27:19.428+0000] {dagbag.py:545} INFO - Filling up the DagBag from /opt/airflow/dags/youtube_pipeline.py
[2026-07-25T09:27:19.447+0000] {processor.py:840} INFO - DAG(s) 'youtube_english_video_pipeline' retrieved from /opt/airflow/dags/youtube_pipeline.py
[2026-07-25T09:27:19.478+0000] {logging_mixin.py:188} INFO - [2026-07-25T09:27:19.478+0000] {dag.py:3089} INFO - Sync 1 DAGs
[2026-07-25T09:27:19.521+0000] {processor.py:183} INFO - Processing /opt/airflow/dags/youtube_pipeline.py took 0.101 seconds
[2026-07-25T09:27:49.768+0000] {processor.py:161} INFO - Started process (PID=50854) to work on /opt/airflow/dags/youtube_pipeline.py
[2026-07-25T09:27:49.769+0000] {processor.py:830} INFO - Processing file /opt/airflow/dags/youtube_pipeline.py for tasks to queue
[2026-07-25T09:27:49.770+0000] {logging_mixin.py:188} INFO - [2026-07-25T09:27:49.770+0000] {dagbag.py:545} INFO - Filling up the DagBag from /opt/airflow/dags/youtube_pipeline.py
[2026-07-25T09:27:49.789+0000] {processor.py:840} INFO - DAG(s) 'youtube_english_video_pipeline' retrieved from /opt/airflow/dags/youtube_pipeline.py
[2026-07-25T09:27:49.819+0000] {logging_mixin.py:188} INFO - [2026-07-25T09:27:49.818+0000] {dag.py:3089} INFO - Sync 1 DAGs
[2026-07-25T09:27:49.845+0000] {processor.py:183} INFO - Processing /opt/airflow/dags/youtube_pipeline.py took 0.082 seconds
[2026-07-25T09:28:20.142+0000] {processor.py:161} INFO - Started process (PID=50859) to work on /opt/airflow/dags/youtube_pipeline.py
[2026-07-25T09:28:20.143+0000] {processor.py:830} INFO - Processing file /opt/airflow/dags/youtube_pipeline.py for tasks to queue
[2026-07-25T09:28:20.145+0000] {logging_mixin.py:188} INFO - [2026-07-25T09:28:20.144+0000] {dagbag.py:545} INFO - Filling up the DagBag from /opt/airflow/dags/youtube_pipeline.py
[2026-07-25T09:28:20.178+0000] {processor.py:840} INFO - DAG(s) 'youtube_english_video_pipeline' retrieved from /opt/airflow/dags/youtube_pipeline.py
[2026-07-25T09:28:20.207+0000] {logging_mixin.py:188} INFO - [2026-07-25T09:28:20.207+0000] {dag.py:3089} INFO - Sync 1 DAGs
[2026-07-25T09:28:20.244+0000] {processor.py:183} INFO - Processing /opt/airflow/dags/youtube_pipeline.py took 0.109 seconds
[2026-07-25T09:28:50.368+0000] {processor.py:161} INFO - Started process (PID=50864) to work on /opt/airflow/dags/youtube_pipeline.py
[2026-07-25T09:28:50.369+0000] {processor.py:830} INFO - Processing file /opt/airflow/dags/youtube_pipeline.py for tasks to queue
[2026-07-25T09:28:50.371+0000] {logging_mixin.py:188} INFO - [2026-07-25T09:28:50.371+0000] {dagbag.py:545} INFO - Filling up the DagBag from /opt/airflow/dags/youtube_pipeline.py
[2026-07-25T09:28:50.434+0000] {processor.py:840} INFO - DAG(s) 'youtube_english_video_pipeline' retrieved from /opt/airflow/dags/youtube_pipeline.py
[2026-07-25T09:28:50.500+0000] {logging_mixin.py:188} INFO - [2026-07-25T09:28:50.499+0000] {dag.py:3089} INFO - Sync 1 DAGs
[2026-07-25T09:28:50.535+0000] {processor.py:183} INFO - Processing /opt/airflow/dags/youtube_pipeline.py took 0.173 seconds
[2026-07-25T09:29:20.842+0000] {processor.py:161} INFO - Started process (PID=50869) to work on /opt/airflow/dags/youtube_pipeline.py
[2026-07-25T09:29:20.843+0000] {processor.py:830} INFO - Processing file /opt/airflow/dags/youtube_pipeline.py for tasks to queue
[2026-07-25T09:29:20.845+0000] {logging_mixin.py:188} INFO - [2026-07-25T09:29:20.845+0000] {dagbag.py:545} INFO - Filling up the DagBag from /opt/airflow/dags/youtube_pipeline.py
[2026-07-25T09:29:20.906+0000] {processor.py:840} INFO - DAG(s) 'youtube_english_video_pipeline' retrieved from /opt/airflow/dags/youtube_pipeline.py
[2026-07-25T09:29:20.945+0000] {logging_mixin.py:188} INFO - [2026-07-25T09:29:20.944+0000] {dag.py:3089} INFO - Sync 1 DAGs
[2026-07-25T09:29:20.974+0000] {processor.py:183} INFO - Processing /opt/airflow/dags/youtube_pipeline.py took 0.140 seconds
[2026-07-25T09:29:51.075+0000] {processor.py:161} INFO - Started process (PID=50874) to work on /opt/airflow/dags/youtube_pipeline.py
[2026-07-25T09:29:51.076+0000] {processor.py:830} INFO - Processing file /opt/airflow/dags/youtube_pipeline.py for tasks to queue
[2026-07-25T09:29:51.078+0000] {logging_mixin.py:188} INFO - [2026-07-25T09:29:51.077+0000] {dagbag.py:545} INFO - Filling up the DagBag from /opt/airflow/dags/youtube_pipeline.py
[2026-07-25T09:29:51.107+0000] {processor.py:840} INFO - DAG(s) 'youtube_english_video_pipeline' retrieved from /opt/airflow/dags/youtube_pipeline.py
[2026-07-25T09:29:51.152+0000] {logging_mixin.py:188} INFO - [2026-07-25T09:29:51.151+0000] {dag.py:3089} INFO - Sync 1 DAGs
[2026-07-25T09:29:51.184+0000] {processor.py:183} INFO - Processing /opt/airflow/dags/youtube_pipeline.py took 0.115 seconds
[2026-07-25T09:30:21.274+0000] {processor.py:161} INFO - Started process (PID=50881) to work on /opt/airflow/dags/youtube_pipeline.py
[2026-07-25T09:30:21.275+0000] {processor.py:830} INFO - Processing file /opt/airflow/dags/youtube_pipeline.py for tasks to queue
[2026-07-25T09:30:21.277+0000] {logging_mixin.py:188} INFO - [2026-07-25T09:30:21.277+0000] {dagbag.py:545} INFO - Filling up the DagBag from /opt/airflow/dags/youtube_pipeline.py
[2026-07-25T09:30:21.296+0000] {processor.py:840} INFO - DAG(s) 'youtube_english_video_pipeline' retrieved from /opt/airflow/dags/youtube_pipeline.py
[2026-07-25T09:30:21.325+0000] {logging_mixin.py:188} INFO - [2026-07-25T09:30:21.325+0000] {dag.py:3089} INFO - Sync 1 DAGs
[2026-07-25T09:30:21.351+0000] {processor.py:183} INFO - Processing /opt/airflow/dags/youtube_pipeline.py took 0.082 seconds
[2026-07-25T09:30:51.587+0000] {processor.py:161} INFO - Started process (PID=50886) to work on /opt/airflow/dags/youtube_pipeline.py
[2026-07-25T09:30:51.588+0000] {processor.py:830} INFO - Processing file /opt/airflow/dags/youtube_pipeline.py for tasks to queue
[2026-07-25T09:30:51.590+0000] {logging_mixin.py:188} INFO - [2026-07-25T09:30:51.590+0000] {dagbag.py:545} INFO - Filling up the DagBag from /opt/airflow/dags/youtube_pipeline.py
[2026-07-25T09:30:51.613+0000] {processor.py:840} INFO - DAG(s) 'youtube_english_video_pipeline' retrieved from /opt/airflow/dags/youtube_pipeline.py
[2026-07-25T09:30:51.647+0000] {logging_mixin.py:188} INFO - [2026-07-25T09:30:51.647+0000] {dag.py:3089} INFO - Sync 1 DAGs
[2026-07-25T09:30:51.686+0000] {processor.py:183} INFO - Processing /opt/airflow/dags/youtube_pipeline.py took 0.104 seconds
[2026-07-25T09:31:21.839+0000] {processor.py:161} INFO - Started process (PID=50891) to work on /opt/airflow/dags/youtube_pipeline.py
[2026-07-25T09:31:21.839+0000] {processor.py:830} INFO - Processing file /opt/airflow/dags/youtube_pipeline.py for tasks to queue
[2026-07-25T09:31:21.841+0000] {logging_mixin.py:188} INFO - [2026-07-25T09:31:21.841+0000] {dagbag.py:545} INFO - Filling up the DagBag from /opt/airflow/dags/youtube_pipeline.py
[2026-07-25T09:31:21.861+0000] {processor.py:840} INFO - DAG(s) 'youtube_english_video_pipeline' retrieved from /opt/airflow/dags/youtube_pipeline.py
[2026-07-25T09:31:21.892+0000] {logging_mixin.py:188} INFO - [2026-07-25T09:31:21.892+0000] {dag.py:3089} INFO - Sync 1 DAGs
[2026-07-25T09:31:21.918+0000] {processor.py:183} INFO - Processing /opt/airflow/dags/youtube_pipeline.py took 0.085 seconds
[2026-07-25T09:31:52.280+0000] {processor.py:161} INFO - Started process (PID=50896) to work on /opt/airflow/dags/youtube_pipeline.py
[2026-07-25T09:31:52.284+0000] {processor.py:830} INFO - Processing file /opt/airflow/dags/youtube_pipeline.py for tasks to queue
[2026-07-25T09:31:52.288+0000] {logging_mixin.py:188} INFO - [2026-07-25T09:31:52.287+0000] {dagbag.py:545} INFO - Filling up the DagBag from /opt/airflow/dags/youtube_pipeline.py
[2026-07-25T09:31:52.479+0000] {processor.py:840} INFO - DAG(s) 'youtube_english_video_pipeline' retrieved from /opt/airflow/dags/youtube_pipeline.py
[2026-07-25T09:31:52.512+0000] {logging_mixin.py:188} INFO - [2026-07-25T09:31:52.512+0000] {dag.py:3089} INFO - Sync 1 DAGs
[2026-07-25T09:31:52.545+0000] {processor.py:183} INFO - Processing /opt/airflow/dags/youtube_pipeline.py took 0.277 seconds
[2026-07-25T09:32:22.861+0000] {processor.py:161} INFO - Started process (PID=50901) to work on /opt/airflow/dags/youtube_pipeline.py
[2026-07-25T09:32:22.864+0000] {processor.py:830} INFO - Processing file /opt/airflow/dags/youtube_pipeline.py for tasks to queue
[2026-07-25T09:32:22.866+0000] {logging_mixin.py:188} INFO - [2026-07-25T09:32:22.866+0000] {dagbag.py:545} INFO - Filling up the DagBag from /opt/airflow/dags/youtube_pipeline.py
[2026-07-25T09:32:22.901+0000] {processor.py:840} INFO - DAG(s) 'youtube_english_video_pipeline' retrieved from /opt/airflow/dags/youtube_pipeline.py
[2026-07-25T09:32:22.933+0000] {logging_mixin.py:188} INFO - [2026-07-25T09:32:22.933+0000] {dag.py:3089} INFO - Sync 1 DAGs
[2026-07-25T09:32:22.965+0000] {processor.py:183} INFO - Processing /opt/airflow/dags/youtube_pipeline.py took 0.111 seconds
[2026-07-25T09:32:53.076+0000] {processor.py:161} INFO - Started process (PID=50906) to work on /opt/airflow/dags/youtube_pipeline.py
[2026-07-25T09:32:53.077+0000] {processor.py:830} INFO - Processing file /opt/airflow/dags/youtube_pipeline.py for tasks to queue
[2026-07-25T09:32:53.079+0000] {logging_mixin.py:188} INFO - [2026-07-25T09:32:53.078+0000] {dagbag.py:545} INFO - Filling up the DagBag from /opt/airflow/dags/youtube_pipeline.py
[2026-07-25T09:32:53.098+0000] {processor.py:840} INFO - DAG(s) 'youtube_english_video_pipeline' retrieved from /opt/airflow/dags/youtube_pipeline.py
[2026-07-25T09:32:53.129+0000] {logging_mixin.py:188} INFO - [2026-07-25T09:32:53.128+0000] {dag.py:3089} INFO - Sync 1 DAGs
[2026-07-25T09:32:53.154+0000] {processor.py:183} INFO - Processing /opt/airflow/dags/youtube_pipeline.py took 0.084 seconds
[2026-07-25T09:33:23.451+0000] {processor.py:161} INFO - Started process (PID=50911) to work on /opt/airflow/dags/youtube_pipeline.py
[2026-07-25T09:33:23.452+0000] {processor.py:830} INFO - Processing file /opt/airflow/dags/youtube_pipeline.py for tasks to queue
[2026-07-25T09:33:23.454+0000] {logging_mixin.py:188} INFO - [2026-07-25T09:33:23.454+0000] {dagbag.py:545} INFO - Filling up the DagBag from /opt/airflow/dags/youtube_pipeline.py
[2026-07-25T09:33:23.489+0000] {processor.py:840} INFO - DAG(s) 'youtube_english_video_pipeline' retrieved from /opt/airflow/dags/youtube_pipeline.py
[2026-07-25T09:33:23.518+0000] {logging_mixin.py:188} INFO - [2026-07-25T09:33:23.517+0000] {dag.py:3089} INFO - Sync 1 DAGs
[2026-07-25T09:33:23.544+0000] {processor.py:183} INFO - Processing /opt/airflow/dags/youtube_pipeline.py took 0.099 seconds
[2026-07-25T09:33:53.691+0000] {processor.py:161} INFO - Started process (PID=50916) to work on /opt/airflow/dags/youtube_pipeline.py
[2026-07-25T09:33:53.692+0000] {processor.py:830} INFO - Processing file /opt/airflow/dags/youtube_pipeline.py for tasks to queue
[2026-07-25T09:33:53.693+0000] {logging_mixin.py:188} INFO - [2026-07-25T09:33:53.693+0000] {dagbag.py:545} INFO - Filling up the DagBag from /opt/airflow/dags/youtube_pipeline.py
[2026-07-25T09:33:53.716+0000] {processor.py:840} INFO - DAG(s) 'youtube_english_video_pipeline' retrieved from /opt/airflow/dags/youtube_pipeline.py
[2026-07-25T09:33:53.748+0000] {logging_mixin.py:188} INFO - [2026-07-25T09:33:53.748+0000] {dag.py:3089} INFO - Sync 1 DAGs
[2026-07-25T09:33:53.776+0000] {processor.py:183} INFO - Processing /opt/airflow/dags/youtube_pipeline.py took 0.090 seconds
[2026-07-25T09:34:24.125+0000] {processor.py:161} INFO - Started process (PID=50921) to work on /opt/airflow/dags/youtube_pipeline.py
[2026-07-25T09:34:24.126+0000] {processor.py:830} INFO - Processing file /opt/airflow/dags/youtube_pipeline.py for tasks to queue
[2026-07-25T09:34:24.127+0000] {logging_mixin.py:188} INFO - [2026-07-25T09:34:24.127+0000] {dagbag.py:545} INFO - Filling up the DagBag from /opt/airflow/dags/youtube_pipeline.py
[2026-07-25T09:34:24.152+0000] {processor.py:840} INFO - DAG(s) 'youtube_english_video_pipeline' retrieved from /opt/airflow/dags/youtube_pipeline.py
[2026-07-25T09:34:24.195+0000] {logging_mixin.py:188} INFO - [2026-07-25T09:34:24.195+0000] {dag.py:3089} INFO - Sync 1 DAGs
[2026-07-25T09:34:24.225+0000] {processor.py:183} INFO - Processing /opt/airflow/dags/youtube_pipeline.py took 0.104 seconds
[2026-07-25T09:34:54.364+0000] {processor.py:161} INFO - Started process (PID=50928) to work on /opt/airflow/dags/youtube_pipeline.py
[2026-07-25T09:34:54.367+0000] {processor.py:830} INFO - Processing file /opt/airflow/dags/youtube_pipeline.py for tasks to queue
[2026-07-25T09:34:54.368+0000] {logging_mixin.py:188} INFO - [2026-07-25T09:34:54.368+0000] {dagbag.py:545} INFO - Filling up the DagBag from /opt/airflow/dags/youtube_pipeline.py
[2026-07-25T09:34:54.392+0000] {processor.py:840} INFO - DAG(s) 'youtube_english_video_pipeline' retrieved from /opt/airflow/dags/youtube_pipeline.py
[2026-07-25T09:34:54.427+0000] {logging_mixin.py:188} INFO - [2026-07-25T09:34:54.427+0000] {dag.py:3089} INFO - Sync 1 DAGs
[2026-07-25T09:34:54.457+0000] {processor.py:183} INFO - Processing /opt/airflow/dags/youtube_pipeline.py took 0.100 seconds
[2026-07-25T09:35:24.918+0000] {processor.py:161} INFO - Started process (PID=50933) to work on /opt/airflow/dags/youtube_pipeline.py
[2026-07-25T09:35:24.919+0000] {processor.py:830} INFO - Processing file /opt/airflow/dags/youtube_pipeline.py for tasks to queue
[2026-07-25T09:35:24.921+0000] {logging_mixin.py:188} INFO - [2026-07-25T09:35:24.921+0000] {dagbag.py:545} INFO - Filling up the DagBag from /opt/airflow/dags/youtube_pipeline.py
[2026-07-25T09:35:24.941+0000] {processor.py:840} INFO - DAG(s) 'youtube_english_video_pipeline' retrieved from /opt/airflow/dags/youtube_pipeline.py
[2026-07-25T09:35:24.970+0000] {logging_mixin.py:188} INFO - [2026-07-25T09:35:24.970+0000] {dag.py:3089} INFO - Sync 1 DAGs
[2026-07-25T09:35:24.983+0000] {logging_mixin.py:188} INFO - [2026-07-25T09:35:24.983+0000] {dag.py:3947} INFO - Setting next_dagrun for youtube_english_video_pipeline to 2026-07-24 12:00:00+00:00, run_after=2026-07-25 12:00:00+00:00
[2026-07-25T09:35:24.997+0000] {processor.py:183} INFO - Processing /opt/airflow/dags/youtube_pipeline.py took 0.084 seconds
[2026-07-25T09:35:55.171+0000] {processor.py:161} INFO - Started process (PID=50938) to work on /opt/airflow/dags/youtube_pipeline.py
[2026-07-25T09:35:55.172+0000] {processor.py:830} INFO - Processing file /opt/airflow/dags/youtube_pipeline.py for tasks to queue
[2026-07-25T09:35:55.175+0000] {logging_mixin.py:188} INFO - [2026-07-25T09:35:55.174+0000] {dagbag.py:545} INFO - Filling up the DagBag from /opt/airflow/dags/youtube_pipeline.py
[2026-07-25T09:35:55.215+0000] {processor.py:840} INFO - DAG(s) 'youtube_english_video_pipeline' retrieved from /opt/airflow/dags/youtube_pipeline.py
[2026-07-25T09:35:55.246+0000] {logging_mixin.py:188} INFO - [2026-07-25T09:35:55.245+0000] {dag.py:3089} INFO - Sync 1 DAGs
[2026-07-25T09:35:55.260+0000] {logging_mixin.py:188} INFO - [2026-07-25T09:35:55.260+0000] {dag.py:3947} INFO - Setting next_dagrun for youtube_english_video_pipeline to 2026-07-24 12:00:00+00:00, run_after=2026-07-25 12:00:00+00:00
[2026-07-25T09:35:55.277+0000] {processor.py:183} INFO - Processing /opt/airflow/dags/youtube_pipeline.py took 0.115 seconds
[2026-07-25T09:35:57.248+0000] {processor.py:161} INFO - Started process (PID=50943) to work on /opt/airflow/dags/youtube_pipeline.py
[2026-07-25T09:35:57.250+0000] {processor.py:830} INFO - Processing file /opt/airflow/dags/youtube_pipeline.py for tasks to queue
[2026-07-25T09:35:57.252+0000] {logging_mixin.py:188} INFO - [2026-07-25T09:35:57.251+0000] {dagbag.py:545} INFO - Filling up the DagBag from /opt/airflow/dags/youtube_pipeline.py
[2026-07-25T09:35:57.326+0000] {processor.py:840} INFO - DAG(s) 'youtube_english_video_pipeline' retrieved from /opt/airflow/dags/youtube_pipeline.py
[2026-07-25T09:35:57.359+0000] {logging_mixin.py:188} INFO - [2026-07-25T09:35:57.359+0000] {dag.py:3089} INFO - Sync 1 DAGs
[2026-07-25T09:35:57.374+0000] {logging_mixin.py:188} INFO - [2026-07-25T09:35:57.374+0000] {dag.py:3947} INFO - Setting next_dagrun for youtube_english_video_pipeline to 2026-07-24 12:00:00+00:00, run_after=2026-07-25 12:00:00+00:00
[2026-07-25T09:35:57.395+0000] {processor.py:183} INFO - Processing /opt/airflow/dags/youtube_pipeline.py took 0.154 seconds
[2026-07-25T09:36:27.669+0000] {processor.py:161} INFO - Started process (PID=50984) to work on /opt/airflow/dags/youtube_pipeline.py
[2026-07-25T09:36:27.670+0000] {processor.py:830} INFO - Processing file /opt/airflow/dags/youtube_pipeline.py for tasks to queue
[2026-07-25T09:36:27.672+0000] {logging_mixin.py:188} INFO - [2026-07-25T09:36:27.672+0000] {dagbag.py:545} INFO - Filling up the DagBag from /opt/airflow/dags/youtube_pipeline.py
[2026-07-25T09:36:27.691+0000] {processor.py:840} INFO - DAG(s) 'youtube_english_video_pipeline' retrieved from /opt/airflow/dags/youtube_pipeline.py
[2026-07-25T09:36:27.721+0000] {logging_mixin.py:188} INFO - [2026-07-25T09:36:27.721+0000] {dag.py:3089} INFO - Sync 1 DAGs
[2026-07-25T09:36:27.758+0000] {processor.py:183} INFO - Processing /opt/airflow/dags/youtube_pipeline.py took 0.096 seconds
[2026-07-25T09:36:57.926+0000] {processor.py:161} INFO - Started process (PID=50994) to work on /opt/airflow/dags/youtube_pipeline.py
[2026-07-25T09:36:57.927+0000] {processor.py:830} INFO - Processing file /opt/airflow/dags/youtube_pipeline.py for tasks to queue
[2026-07-25T09:36:57.928+0000] {logging_mixin.py:188} INFO - [2026-07-25T09:36:57.928+0000] {dagbag.py:545} INFO - Filling up the DagBag from /opt/airflow/dags/youtube_pipeline.py
[2026-07-25T09:36:57.951+0000] {processor.py:840} INFO - DAG(s) 'youtube_english_video_pipeline' retrieved from /opt/airflow/dags/youtube_pipeline.py
[2026-07-25T09:36:57.986+0000] {logging_mixin.py:188} INFO - [2026-07-25T09:36:57.985+0000] {dag.py:3089} INFO - Sync 1 DAGs
[2026-07-25T09:36:58.023+0000] {processor.py:183} INFO - Processing /opt/airflow/dags/youtube_pipeline.py took 0.103 seconds
[2026-07-25T09:37:28.371+0000] {processor.py:161} INFO - Started process (PID=50999) to work on /opt/airflow/dags/youtube_pipeline.py
[2026-07-25T09:37:28.373+0000] {processor.py:830} INFO - Processing file /opt/airflow/dags/youtube_pipeline.py for tasks to queue
[2026-07-25T09:37:28.374+0000] {logging_mixin.py:188} INFO - [2026-07-25T09:37:28.374+0000] {dagbag.py:545} INFO - Filling up the DagBag from /opt/airflow/dags/youtube_pipeline.py
[2026-07-25T09:37:28.420+0000] {processor.py:840} INFO - DAG(s) 'youtube_english_video_pipeline' retrieved from /opt/airflow/dags/youtube_pipeline.py
[2026-07-25T09:37:28.451+0000] {logging_mixin.py:188} INFO - [2026-07-25T09:37:28.451+0000] {dag.py:3089} INFO - Sync 1 DAGs
[2026-07-25T09:37:28.487+0000] {processor.py:183} INFO - Processing /opt/airflow/dags/youtube_pipeline.py took 0.123 seconds
[2026-07-25T09:37:58.646+0000] {processor.py:161} INFO - Started process (PID=51004) to work on /opt/airflow/dags/youtube_pipeline.py
[2026-07-25T09:37:58.648+0000] {processor.py:830} INFO - Processing file /opt/airflow/dags/youtube_pipeline.py for tasks to queue
[2026-07-25T09:37:58.651+0000] {logging_mixin.py:188} INFO - [2026-07-25T09:37:58.651+0000] {dagbag.py:545} INFO - Filling up the DagBag from /opt/airflow/dags/youtube_pipeline.py
[2026-07-25T09:37:58.688+0000] {processor.py:840} INFO - DAG(s) 'youtube_english_video_pipeline' retrieved from /opt/airflow/dags/youtube_pipeline.py
[2026-07-25T09:37:58.720+0000] {logging_mixin.py:188} INFO - [2026-07-25T09:37:58.720+0000] {dag.py:3089} INFO - Sync 1 DAGs
[2026-07-25T09:37:58.749+0000] {processor.py:183} INFO - Processing /opt/airflow/dags/youtube_pipeline.py took 0.111 seconds
[2026-07-25T09:37:59.656+0000] {processor.py:161} INFO - Started process (PID=51009) to work on /opt/airflow/dags/youtube_pipeline.py
[2026-07-25T09:37:59.657+0000] {processor.py:830} INFO - Processing file /opt/airflow/dags/youtube_pipeline.py for tasks to queue
[2026-07-25T09:37:59.659+0000] {logging_mixin.py:188} INFO - [2026-07-25T09:37:59.659+0000] {dagbag.py:545} INFO - Filling up the DagBag from /opt/airflow/dags/youtube_pipeline.py
[2026-07-25T09:37:59.687+0000] {processor.py:840} INFO - DAG(s) 'youtube_english_video_pipeline' retrieved from /opt/airflow/dags/youtube_pipeline.py
[2026-07-25T09:37:59.720+0000] {logging_mixin.py:188} INFO - [2026-07-25T09:37:59.720+0000] {dag.py:3089} INFO - Sync 1 DAGs
[2026-07-25T09:37:59.751+0000] {processor.py:183} INFO - Processing /opt/airflow/dags/youtube_pipeline.py took 0.100 seconds
[2026-07-25T09:38:13.777+0000] {processor.py:161} INFO - Started process (PID=51014) to work on /opt/airflow/dags/youtube_pipeline.py
[2026-07-25T09:38:13.778+0000] {processor.py:830} INFO - Processing file /opt/airflow/dags/youtube_pipeline.py for tasks to queue
[2026-07-25T09:38:13.780+0000] {logging_mixin.py:188} INFO - [2026-07-25T09:38:13.780+0000] {dagbag.py:545} INFO - Filling up the DagBag from /opt/airflow/dags/youtube_pipeline.py
[2026-07-25T09:38:13.829+0000] {processor.py:840} INFO - DAG(s) 'youtube_english_video_pipeline' retrieved from /opt/airflow/dags/youtube_pipeline.py
[2026-07-25T09:38:13.861+0000] {logging_mixin.py:188} INFO - [2026-07-25T09:38:13.861+0000] {dag.py:3089} INFO - Sync 1 DAGs
[2026-07-25T09:38:13.904+0000] {processor.py:183} INFO - Processing /opt/airflow/dags/youtube_pipeline.py took 0.132 seconds
[2026-07-25T09:38:26.970+0000] {processor.py:161} INFO - Started process (PID=51019) to work on /opt/airflow/dags/youtube_pipeline.py
[2026-07-25T09:38:26.971+0000] {processor.py:830} INFO - Processing file /opt/airflow/dags/youtube_pipeline.py for tasks to queue
[2026-07-25T09:38:26.972+0000] {logging_mixin.py:188} INFO - [2026-07-25T09:38:26.972+0000] {dagbag.py:545} INFO - Filling up the DagBag from /opt/airflow/dags/youtube_pipeline.py
[2026-07-25T09:38:27.000+0000] {processor.py:840} INFO - DAG(s) 'youtube_english_video_pipeline' retrieved from /opt/airflow/dags/youtube_pipeline.py
[2026-07-25T09:38:27.029+0000] {logging_mixin.py:188} INFO - [2026-07-25T09:38:27.029+0000] {dag.py:3089} INFO - Sync 1 DAGs
[2026-07-25T09:38:27.060+0000] {processor.py:183} INFO - Processing /opt/airflow/dags/youtube_pipeline.py took 0.096 seconds
[2026-07-25T09:38:57.243+0000] {processor.py:161} INFO - Started process (PID=51024) to work on /opt/airflow/dags/youtube_pipeline.py
[2026-07-25T09:38:57.244+0000] {processor.py:830} INFO - Processing file /opt/airflow/dags/youtube_pipeline.py for tasks to queue
[2026-07-25T09:38:57.246+0000] {logging_mixin.py:188} INFO - [2026-07-25T09:38:57.245+0000] {dagbag.py:545} INFO - Filling up the DagBag from /opt/airflow/dags/youtube_pipeline.py
[2026-07-25T09:38:57.266+0000] {processor.py:840} INFO - DAG(s) 'youtube_english_video_pipeline' retrieved from /opt/airflow/dags/youtube_pipeline.py
[2026-07-25T09:38:57.295+0000] {logging_mixin.py:188} INFO - [2026-07-25T09:38:57.295+0000] {dag.py:3089} INFO - Sync 1 DAGs
[2026-07-25T09:38:57.325+0000] {processor.py:183} INFO - Processing /opt/airflow/dags/youtube_pipeline.py took 0.086 seconds
[2026-07-25T09:39:27.559+0000] {processor.py:161} INFO - Started process (PID=51029) to work on /opt/airflow/dags/youtube_pipeline.py
[2026-07-25T09:39:27.561+0000] {processor.py:830} INFO - Processing file /opt/airflow/dags/youtube_pipeline.py for tasks to queue
[2026-07-25T09:39:27.562+0000] {logging_mixin.py:188} INFO - [2026-07-25T09:39:27.562+0000] {dagbag.py:545} INFO - Filling up the DagBag from /opt/airflow/dags/youtube_pipeline.py
[2026-07-25T09:39:27.582+0000] {processor.py:840} INFO - DAG(s) 'youtube_english_video_pipeline' retrieved from /opt/airflow/dags/youtube_pipeline.py
[2026-07-25T09:39:27.614+0000] {logging_mixin.py:188} INFO - [2026-07-25T09:39:27.614+0000] {dag.py:3089} INFO - Sync 1 DAGs
[2026-07-25T09:39:27.652+0000] {processor.py:183} INFO - Processing /opt/airflow/dags/youtube_pipeline.py took 0.098 seconds
[2026-07-25T09:39:57.890+0000] {processor.py:161} INFO - Started process (PID=51034) to work on /opt/airflow/dags/youtube_pipeline.py
[2026-07-25T09:39:57.891+0000] {processor.py:830} INFO - Processing file /opt/airflow/dags/youtube_pipeline.py for tasks to queue
[2026-07-25T09:39:57.892+0000] {logging_mixin.py:188} INFO - [2026-07-25T09:39:57.892+0000] {dagbag.py:545} INFO - Filling up the DagBag from /opt/airflow/dags/youtube_pipeline.py
[2026-07-25T09:39:57.911+0000] {processor.py:840} INFO - DAG(s) 'youtube_english_video_pipeline' retrieved from /opt/airflow/dags/youtube_pipeline.py
[2026-07-25T09:39:57.942+0000] {logging_mixin.py:188} INFO - [2026-07-25T09:39:57.942+0000] {dag.py:3089} INFO - Sync 1 DAGs
[2026-07-25T09:39:57.969+0000] {processor.py:183} INFO - Processing /opt/airflow/dags/youtube_pipeline.py took 0.085 seconds
[2026-07-25T09:40:28.285+0000] {processor.py:161} INFO - Started process (PID=51039) to work on /opt/airflow/dags/youtube_pipeline.py
[2026-07-25T09:40:28.286+0000] {processor.py:830} INFO - Processing file /opt/airflow/dags/youtube_pipeline.py for tasks to queue
[2026-07-25T09:40:28.288+0000] {logging_mixin.py:188} INFO - [2026-07-25T09:40:28.287+0000] {dagbag.py:545} INFO - Filling up the DagBag from /opt/airflow/dags/youtube_pipeline.py
[2026-07-25T09:40:28.307+0000] {processor.py:840} INFO - DAG(s) 'youtube_english_video_pipeline' retrieved from /opt/airflow/dags/youtube_pipeline.py
[2026-07-25T09:40:28.334+0000] {logging_mixin.py:188} INFO - [2026-07-25T09:40:28.334+0000] {dag.py:3089} INFO - Sync 1 DAGs
[2026-07-25T09:40:28.360+0000] {processor.py:183} INFO - Processing /opt/airflow/dags/youtube_pipeline.py took 0.079 seconds
[2026-07-25T09:40:58.560+0000] {processor.py:161} INFO - Started process (PID=51044) to work on /opt/airflow/dags/youtube_pipeline.py
[2026-07-25T09:40:58.562+0000] {processor.py:830} INFO - Processing file /opt/airflow/dags/youtube_pipeline.py for tasks to queue
[2026-07-25T09:40:58.563+0000] {logging_mixin.py:188} INFO - [2026-07-25T09:40:58.563+0000] {dagbag.py:545} INFO - Filling up the DagBag from /opt/airflow/dags/youtube_pipeline.py
[2026-07-25T09:40:58.584+0000] {processor.py:840} INFO - DAG(s) 'youtube_english_video_pipeline' retrieved from /opt/airflow/dags/youtube_pipeline.py
[2026-07-25T09:40:58.613+0000] {logging_mixin.py:188} INFO - [2026-07-25T09:40:58.613+0000] {dag.py:3089} INFO - Sync 1 DAGs
[2026-07-25T09:40:58.655+0000] {processor.py:183} INFO - Processing /opt/airflow/dags/youtube_pipeline.py took 0.100 seconds
[2026-07-25T09:41:28.846+0000] {processor.py:161} INFO - Started process (PID=51049) to work on /opt/airflow/dags/youtube_pipeline.py
[2026-07-25T09:41:28.847+0000] {processor.py:830} INFO - Processing file /opt/airflow/dags/youtube_pipeline.py for tasks to queue
[2026-07-25T09:41:28.848+0000] {logging_mixin.py:188} INFO - [2026-07-25T09:41:28.848+0000] {dagbag.py:545} INFO - Filling up the DagBag from /opt/airflow/dags/youtube_pipeline.py
[2026-07-25T09:41:28.870+0000] {processor.py:840} INFO - DAG(s) 'youtube_english_video_pipeline' retrieved from /opt/airflow/dags/youtube_pipeline.py
[2026-07-25T09:41:28.901+0000] {logging_mixin.py:188} INFO - [2026-07-25T09:41:28.901+0000] {dag.py:3089} INFO - Sync 1 DAGs
[2026-07-25T09:41:28.929+0000] {processor.py:183} INFO - Processing /opt/airflow/dags/youtube_pipeline.py took 0.088 seconds
[2026-07-25T09:41:59.128+0000] {processor.py:161} INFO - Started process (PID=51056) to work on /opt/airflow/dags/youtube_pipeline.py
[2026-07-25T09:41:59.130+0000] {processor.py:830} INFO - Processing file /opt/airflow/dags/youtube_pipeline.py for tasks to queue
[2026-07-25T09:41:59.133+0000] {logging_mixin.py:188} INFO - [2026-07-25T09:41:59.133+0000] {dagbag.py:545} INFO - Filling up the DagBag from /opt/airflow/dags/youtube_pipeline.py
[2026-07-25T09:41:59.166+0000] {processor.py:840} INFO - DAG(s) 'youtube_english_video_pipeline' retrieved from /opt/airflow/dags/youtube_pipeline.py
[2026-07-25T09:41:59.199+0000] {logging_mixin.py:188} INFO - [2026-07-25T09:41:59.199+0000] {dag.py:3089} INFO - Sync 1 DAGs
[2026-07-25T09:41:59.230+0000] {processor.py:183} INFO - Processing /opt/airflow/dags/youtube_pipeline.py took 0.108 seconds
[2026-07-25T09:42:29.400+0000] {processor.py:161} INFO - Started process (PID=51061) to work on /opt/airflow/dags/youtube_pipeline.py
[2026-07-25T09:42:29.401+0000] {processor.py:830} INFO - Processing file /opt/airflow/dags/youtube_pipeline.py for tasks to queue
[2026-07-25T09:42:29.402+0000] {logging_mixin.py:188} INFO - [2026-07-25T09:42:29.402+0000] {dagbag.py:545} INFO - Filling up the DagBag from /opt/airflow/dags/youtube_pipeline.py
[2026-07-25T09:42:29.421+0000] {processor.py:840} INFO - DAG(s) 'youtube_english_video_pipeline' retrieved from /opt/airflow/dags/youtube_pipeline.py
[2026-07-25T09:42:29.450+0000] {logging_mixin.py:188} INFO - [2026-07-25T09:42:29.450+0000] {dag.py:3089} INFO - Sync 1 DAGs
[2026-07-25T09:42:29.478+0000] {processor.py:183} INFO - Processing /opt/airflow/dags/youtube_pipeline.py took 0.083 seconds
[2026-07-25T09:42:59.697+0000] {processor.py:161} INFO - Started process (PID=51066) to work on /opt/airflow/dags/youtube_pipeline.py
[2026-07-25T09:42:59.698+0000] {processor.py:830} INFO - Processing file /opt/airflow/dags/youtube_pipeline.py for tasks to queue
[2026-07-25T09:42:59.700+0000] {logging_mixin.py:188} INFO - [2026-07-25T09:42:59.699+0000] {dagbag.py:545} INFO - Filling up the DagBag from /opt/airflow/dags/youtube_pipeline.py
[2026-07-25T09:42:59.726+0000] {processor.py:840} INFO - DAG(s) 'youtube_english_video_pipeline' retrieved from /opt/airflow/dags/youtube_pipeline.py
[2026-07-25T09:42:59.759+0000] {logging_mixin.py:188} INFO - [2026-07-25T09:42:59.758+0000] {dag.py:3089} INFO - Sync 1 DAGs
[2026-07-25T09:42:59.791+0000] {processor.py:183} INFO - Processing /opt/airflow/dags/youtube_pipeline.py took 0.100 seconds
[2026-07-25T09:43:29.999+0000] {processor.py:161} INFO - Started process (PID=51071) to work on /opt/airflow/dags/youtube_pipeline.py
[2026-07-25T09:43:30.000+0000] {processor.py:830} INFO - Processing file /opt/airflow/dags/youtube_pipeline.py for tasks to queue
[2026-07-25T09:43:30.001+0000] {logging_mixin.py:188} INFO - [2026-07-25T09:43:30.001+0000] {dagbag.py:545} INFO - Filling up the DagBag from /opt/airflow/dags/youtube_pipeline.py
[2026-07-25T09:43:30.021+0000] {processor.py:840} INFO - DAG(s) 'youtube_english_video_pipeline' retrieved from /opt/airflow/dags/youtube_pipeline.py
[2026-07-25T09:43:30.051+0000] {logging_mixin.py:188} INFO - [2026-07-25T09:43:30.051+0000] {dag.py:3089} INFO - Sync 1 DAGs
[2026-07-25T09:43:30.087+0000] {processor.py:183} INFO - Processing /opt/airflow/dags/youtube_pipeline.py took 0.092 seconds
[2026-07-25T09:44:00.272+0000] {processor.py:161} INFO - Started process (PID=51076) to work on /opt/airflow/dags/youtube_pipeline.py
[2026-07-25T09:44:00.275+0000] {processor.py:830} INFO - Processing file /opt/airflow/dags/youtube_pipeline.py for tasks to queue
[2026-07-25T09:44:00.277+0000] {logging_mixin.py:188} INFO - [2026-07-25T09:44:00.277+0000] {dagbag.py:545} INFO - Filling up the DagBag from /opt/airflow/dags/youtube_pipeline.py
[2026-07-25T09:44:00.301+0000] {processor.py:840} INFO - DAG(s) 'youtube_english_video_pipeline' retrieved from /opt/airflow/dags/youtube_pipeline.py
[2026-07-25T09:44:00.332+0000] {logging_mixin.py:188} INFO - [2026-07-25T09:44:00.332+0000] {dag.py:3089} INFO - Sync 1 DAGs
[2026-07-25T09:44:00.371+0000] {processor.py:183} INFO - Processing /opt/airflow/dags/youtube_pipeline.py took 0.104 seconds
[2026-07-25T09:44:30.564+0000] {processor.py:161} INFO - Started process (PID=51081) to work on /opt/airflow/dags/youtube_pipeline.py
[2026-07-25T09:44:30.565+0000] {processor.py:830} INFO - Processing file /opt/airflow/dags/youtube_pipeline.py for tasks to queue
[2026-07-25T09:44:30.567+0000] {logging_mixin.py:188} INFO - [2026-07-25T09:44:30.567+0000] {dagbag.py:545} INFO - Filling up the DagBag from /opt/airflow/dags/youtube_pipeline.py
[2026-07-25T09:44:30.585+0000] {processor.py:840} INFO - DAG(s) 'youtube_english_video_pipeline' retrieved from /opt/airflow/dags/youtube_pipeline.py
[2026-07-25T09:44:30.625+0000] {logging_mixin.py:188} INFO - [2026-07-25T09:44:30.625+0000] {dag.py:3089} INFO - Sync 1 DAGs
[2026-07-25T09:44:30.652+0000] {processor.py:183} INFO - Processing /opt/airflow/dags/youtube_pipeline.py took 0.093 seconds
[2026-07-25T09:45:00.837+0000] {processor.py:161} INFO - Started process (PID=51086) to work on /opt/airflow/dags/youtube_pipeline.py
[2026-07-25T09:45:00.838+0000] {processor.py:830} INFO - Processing file /opt/airflow/dags/youtube_pipeline.py for tasks to queue
[2026-07-25T09:45:00.840+0000] {logging_mixin.py:188} INFO - [2026-07-25T09:45:00.840+0000] {dagbag.py:545} INFO - Filling up the DagBag from /opt/airflow/dags/youtube_pipeline.py
[2026-07-25T09:45:00.873+0000] {processor.py:840} INFO - DAG(s) 'youtube_english_video_pipeline' retrieved from /opt/airflow/dags/youtube_pipeline.py
[2026-07-25T09:45:00.904+0000] {logging_mixin.py:188} INFO - [2026-07-25T09:45:00.904+0000] {dag.py:3089} INFO - Sync 1 DAGs
[2026-07-25T09:45:00.933+0000] {processor.py:183} INFO - Processing /opt/airflow/dags/youtube_pipeline.py took 0.103 seconds
[2026-07-25T09:45:31.172+0000] {processor.py:161} INFO - Started process (PID=51091) to work on /opt/airflow/dags/youtube_pipeline.py
[2026-07-25T09:45:31.173+0000] {processor.py:830} INFO - Processing file /opt/airflow/dags/youtube_pipeline.py for tasks to queue
[2026-07-25T09:45:31.175+0000] {logging_mixin.py:188} INFO - [2026-07-25T09:45:31.175+0000] {dagbag.py:545} INFO - Filling up the DagBag from /opt/airflow/dags/youtube_pipeline.py
[2026-07-25T09:45:31.195+0000] {processor.py:840} INFO - DAG(s) 'youtube_english_video_pipeline' retrieved from /opt/airflow/dags/youtube_pipeline.py
[2026-07-25T09:45:31.230+0000] {logging_mixin.py:188} INFO - [2026-07-25T09:45:31.229+0000] {dag.py:3089} INFO - Sync 1 DAGs
[2026-07-25T09:45:31.290+0000] {processor.py:183} INFO - Processing /opt/airflow/dags/youtube_pipeline.py took 0.123 seconds
[2026-07-25T09:46:01.447+0000] {processor.py:161} INFO - Started process (PID=51096) to work on /opt/airflow/dags/youtube_pipeline.py
[2026-07-25T09:46:01.448+0000] {processor.py:830} INFO - Processing file /opt/airflow/dags/youtube_pipeline.py for tasks to queue
[2026-07-25T09:46:01.450+0000] {logging_mixin.py:188} INFO - [2026-07-25T09:46:01.450+0000] {dagbag.py:545} INFO - Filling up the DagBag from /opt/airflow/dags/youtube_pipeline.py
[2026-07-25T09:46:01.486+0000] {processor.py:840} INFO - DAG(s) 'youtube_english_video_pipeline' retrieved from /opt/airflow/dags/youtube_pipeline.py
[2026-07-25T09:46:01.516+0000] {logging_mixin.py:188} INFO - [2026-07-25T09:46:01.516+0000] {dag.py:3089} INFO - Sync 1 DAGs
[2026-07-25T09:46:01.553+0000] {processor.py:183} INFO - Processing /opt/airflow/dags/youtube_pipeline.py took 0.112 seconds
[2026-07-25T09:46:31.948+0000] {processor.py:161} INFO - Started process (PID=51101) to work on /opt/airflow/dags/youtube_pipeline.py
[2026-07-25T09:46:31.953+0000] {processor.py:830} INFO - Processing file /opt/airflow/dags/youtube_pipeline.py for tasks to queue
[2026-07-25T09:46:31.957+0000] {logging_mixin.py:188} INFO - [2026-07-25T09:46:31.956+0000] {dagbag.py:545} INFO - Filling up the DagBag from /opt/airflow/dags/youtube_pipeline.py
[2026-07-25T09:46:32.149+0000] {processor.py:840} INFO - DAG(s) 'youtube_english_video_pipeline' retrieved from /opt/airflow/dags/youtube_pipeline.py
[2026-07-25T09:46:32.187+0000] {logging_mixin.py:188} INFO - [2026-07-25T09:46:32.186+0000] {dag.py:3089} INFO - Sync 1 DAGs
[2026-07-25T09:46:32.242+0000] {processor.py:183} INFO - Processing /opt/airflow/dags/youtube_pipeline.py took 0.308 seconds
[2026-07-25T09:47:02.508+0000] {processor.py:161} INFO - Started process (PID=51108) to work on /opt/airflow/dags/youtube_pipeline.py
[2026-07-25T09:47:02.509+0000] {processor.py:830} INFO - Processing file /opt/airflow/dags/youtube_pipeline.py for tasks to queue
[2026-07-25T09:47:02.510+0000] {logging_mixin.py:188} INFO - [2026-07-25T09:47:02.510+0000] {dagbag.py:545} INFO - Filling up the DagBag from /opt/airflow/dags/youtube_pipeline.py
[2026-07-25T09:47:02.530+0000] {processor.py:840} INFO - DAG(s) 'youtube_english_video_pipeline' retrieved from /opt/airflow/dags/youtube_pipeline.py
[2026-07-25T09:47:02.564+0000] {logging_mixin.py:188} INFO - [2026-07-25T09:47:02.564+0000] {dag.py:3089} INFO - Sync 1 DAGs
[2026-07-25T09:47:02.592+0000] {processor.py:183} INFO - Processing /opt/airflow/dags/youtube_pipeline.py took 0.089 seconds
[2026-07-25T09:47:32.749+0000] {processor.py:161} INFO - Started process (PID=51113) to work on /opt/airflow/dags/youtube_pipeline.py
[2026-07-25T09:47:32.750+0000] {processor.py:830} INFO - Processing file /opt/airflow/dags/youtube_pipeline.py for tasks to queue
[2026-07-25T09:47:32.752+0000] {logging_mixin.py:188} INFO - [2026-07-25T09:47:32.752+0000] {dagbag.py:545} INFO - Filling up the DagBag from /opt/airflow/dags/youtube_pipeline.py
[2026-07-25T09:47:32.771+0000] {processor.py:840} INFO - DAG(s) 'youtube_english_video_pipeline' retrieved from /opt/airflow/dags/youtube_pipeline.py
[2026-07-25T09:47:32.804+0000] {logging_mixin.py:188} INFO - [2026-07-25T09:47:32.803+0000] {dag.py:3089} INFO - Sync 1 DAGs
[2026-07-25T09:47:32.818+0000] {logging_mixin.py:188} INFO - [2026-07-25T09:47:32.818+0000] {dag.py:3947} INFO - Setting next_dagrun for youtube_english_video_pipeline to 2026-07-24 12:00:00+00:00, run_after=2026-07-25 12:00:00+00:00
[2026-07-25T09:47:32.834+0000] {processor.py:183} INFO - Processing /opt/airflow/dags/youtube_pipeline.py took 0.090 seconds
[2026-07-25T09:48:03.136+0000] {processor.py:161} INFO - Started process (PID=51118) to work on /opt/airflow/dags/youtube_pipeline.py
[2026-07-25T09:48:03.137+0000] {processor.py:830} INFO - Processing file /opt/airflow/dags/youtube_pipeline.py for tasks to queue
[2026-07-25T09:48:03.139+0000] {logging_mixin.py:188} INFO - [2026-07-25T09:48:03.138+0000] {dagbag.py:545} INFO - Filling up the DagBag from /opt/airflow/dags/youtube_pipeline.py
[2026-07-25T09:48:03.158+0000] {processor.py:840} INFO - DAG(s) 'youtube_english_video_pipeline' retrieved from /opt/airflow/dags/youtube_pipeline.py
[2026-07-25T09:48:03.186+0000] {logging_mixin.py:188} INFO - [2026-07-25T09:48:03.186+0000] {dag.py:3089} INFO - Sync 1 DAGs
[2026-07-25T09:48:03.200+0000] {logging_mixin.py:188} INFO - [2026-07-25T09:48:03.200+0000] {dag.py:3947} INFO - Setting next_dagrun for youtube_english_video_pipeline to 2026-07-24 12:00:00+00:00, run_after=2026-07-25 12:00:00+00:00
[2026-07-25T09:48:03.223+0000] {processor.py:183} INFO - Processing /opt/airflow/dags/youtube_pipeline.py took 0.092 seconds
[2026-07-25T09:48:33.392+0000] {processor.py:161} INFO - Started process (PID=51123) to work on /opt/airflow/dags/youtube_pipeline.py
[2026-07-25T09:48:33.393+0000] {processor.py:830} INFO - Processing file /opt/airflow/dags/youtube_pipeline.py for tasks to queue
[2026-07-25T09:48:33.394+0000] {logging_mixin.py:188} INFO - [2026-07-25T09:48:33.394+0000] {dagbag.py:545} INFO - Filling up the DagBag from /opt/airflow/dags/youtube_pipeline.py
[2026-07-25T09:48:33.418+0000] {processor.py:840} INFO - DAG(s) 'youtube_english_video_pipeline' retrieved from /opt/airflow/dags/youtube_pipeline.py
[2026-07-25T09:48:33.449+0000] {logging_mixin.py:188} INFO - [2026-07-25T09:48:33.449+0000] {dag.py:3089} INFO - Sync 1 DAGs
[2026-07-25T09:48:33.466+0000] {logging_mixin.py:188} INFO - [2026-07-25T09:48:33.465+0000] {dag.py:3947} INFO - Setting next_dagrun for youtube_english_video_pipeline to 2026-07-24 12:00:00+00:00, run_after=2026-07-25 12:00:00+00:00
[2026-07-25T09:48:33.482+0000] {processor.py:183} INFO - Processing /opt/airflow/dags/youtube_pipeline.py took 0.095 seconds
[2026-07-25T09:49:20.945+0000] {processor.py:161} INFO - Started process (PID=202) to work on /opt/airflow/dags/youtube_pipeline.py
[2026-07-25T09:49:20.948+0000] {processor.py:830} INFO - Processing file /opt/airflow/dags/youtube_pipeline.py for tasks to queue
[2026-07-25T09:49:20.950+0000] {logging_mixin.py:188} INFO - [2026-07-25T09:49:20.950+0000] {dagbag.py:545} INFO - Filling up the DagBag from /opt/airflow/dags/youtube_pipeline.py
[2026-07-25T09:49:20.993+0000] {processor.py:840} INFO - DAG(s) 'youtube_english_video_pipeline' retrieved from /opt/airflow/dags/youtube_pipeline.py
[2026-07-25T09:49:21.018+0000] {logging_mixin.py:188} INFO - [2026-07-25T09:49:21.017+0000] {dag.py:3089} INFO - Sync 1 DAGs
[2026-07-25T09:49:21.036+0000] {logging_mixin.py:188} INFO - [2026-07-25T09:49:21.036+0000] {dag.py:3947} INFO - Setting next_dagrun for youtube_english_video_pipeline to 2026-07-24 12:00:00+00:00, run_after=2026-07-25 12:00:00+00:00
[2026-07-25T09:49:21.053+0000] {processor.py:183} INFO - Processing /opt/airflow/dags/youtube_pipeline.py took 0.115 seconds
[2026-07-25T09:49:51.376+0000] {processor.py:161} INFO - Started process (PID=236) to work on /opt/airflow/dags/youtube_pipeline.py
[2026-07-25T09:49:51.381+0000] {processor.py:830} INFO - Processing file /opt/airflow/dags/youtube_pipeline.py for tasks to queue
[2026-07-25T09:49:51.394+0000] {logging_mixin.py:188} INFO - [2026-07-25T09:49:51.393+0000] {dagbag.py:545} INFO - Filling up the DagBag from /opt/airflow/dags/youtube_pipeline.py
[2026-07-25T09:49:51.489+0000] {processor.py:840} INFO - DAG(s) 'youtube_english_video_pipeline' retrieved from /opt/airflow/dags/youtube_pipeline.py
[2026-07-25T09:49:51.874+0000] {logging_mixin.py:188} INFO - [2026-07-25T09:49:51.873+0000] {dag.py:3089} INFO - Sync 1 DAGs
[2026-07-25T09:49:51.903+0000] {processor.py:183} INFO - Processing /opt/airflow/dags/youtube_pipeline.py took 0.542 seconds
[2026-07-25T09:50:22.186+0000] {processor.py:161} INFO - Started process (PID=251) to work on /opt/airflow/dags/youtube_pipeline.py
[2026-07-25T09:50:22.186+0000] {processor.py:830} INFO - Processing file /opt/airflow/dags/youtube_pipeline.py for tasks to queue
[2026-07-25T09:50:22.188+0000] {logging_mixin.py:188} INFO - [2026-07-25T09:50:22.188+0000] {dagbag.py:545} INFO - Filling up the DagBag from /opt/airflow/dags/youtube_pipeline.py
[2026-07-25T09:50:22.207+0000] {processor.py:840} INFO - DAG(s) 'youtube_english_video_pipeline' retrieved from /opt/airflow/dags/youtube_pipeline.py
[2026-07-25T09:50:22.236+0000] {logging_mixin.py:188} INFO - [2026-07-25T09:50:22.236+0000] {dag.py:3089} INFO - Sync 1 DAGs
[2026-07-25T09:50:22.362+0000] {processor.py:183} INFO - Processing /opt/airflow/dags/youtube_pipeline.py took 0.182 seconds
[2026-07-25T09:50:52.416+0000] {processor.py:161} INFO - Started process (PID=256) to work on /opt/airflow/dags/youtube_pipeline.py
[2026-07-25T09:50:52.417+0000] {processor.py:830} INFO - Processing file /opt/airflow/dags/youtube_pipeline.py for tasks to queue
[2026-07-25T09:50:52.419+0000] {logging_mixin.py:188} INFO - [2026-07-25T09:50:52.418+0000] {dagbag.py:545} INFO - Filling up the DagBag from /opt/airflow/dags/youtube_pipeline.py
[2026-07-25T09:50:52.439+0000] {processor.py:840} INFO - DAG(s) 'youtube_english_video_pipeline' retrieved from /opt/airflow/dags/youtube_pipeline.py
[2026-07-25T09:50:52.469+0000] {logging_mixin.py:188} INFO - [2026-07-25T09:50:52.469+0000] {dag.py:3089} INFO - Sync 1 DAGs
[2026-07-25T09:50:52.606+0000] {processor.py:183} INFO - Processing /opt/airflow/dags/youtube_pipeline.py took 0.195 seconds
[2026-07-25T09:51:22.858+0000] {processor.py:161} INFO - Started process (PID=261) to work on /opt/airflow/dags/youtube_pipeline.py
[2026-07-25T09:51:22.859+0000] {processor.py:830} INFO - Processing file /opt/airflow/dags/youtube_pipeline.py for tasks to queue
[2026-07-25T09:51:22.861+0000] {logging_mixin.py:188} INFO - [2026-07-25T09:51:22.861+0000] {dagbag.py:545} INFO - Filling up the DagBag from /opt/airflow/dags/youtube_pipeline.py
[2026-07-25T09:51:22.882+0000] {processor.py:840} INFO - DAG(s) 'youtube_english_video_pipeline' retrieved from /opt/airflow/dags/youtube_pipeline.py
[2026-07-25T09:51:23.015+0000] {logging_mixin.py:188} INFO - [2026-07-25T09:51:23.014+0000] {dag.py:3089} INFO - Sync 1 DAGs
[2026-07-25T09:51:23.048+0000] {processor.py:183} INFO - Processing /opt/airflow/dags/youtube_pipeline.py took 0.194 seconds
[2026-07-25T09:51:53.209+0000] {processor.py:161} INFO - Started process (PID=266) to work on /opt/airflow/dags/youtube_pipeline.py
[2026-07-25T09:51:53.210+0000] {processor.py:830} INFO - Processing file /opt/airflow/dags/youtube_pipeline.py for tasks to queue
[2026-07-25T09:51:53.211+0000] {logging_mixin.py:188} INFO - [2026-07-25T09:51:53.211+0000] {dagbag.py:545} INFO - Filling up the DagBag from /opt/airflow/dags/youtube_pipeline.py
[2026-07-25T09:51:53.232+0000] {processor.py:840} INFO - DAG(s) 'youtube_english_video_pipeline' retrieved from /opt/airflow/dags/youtube_pipeline.py
[2026-07-25T09:51:53.265+0000] {logging_mixin.py:188} INFO - [2026-07-25T09:51:53.265+0000] {dag.py:3089} INFO - Sync 1 DAGs
[2026-07-25T09:51:53.294+0000] {processor.py:183} INFO - Processing /opt/airflow/dags/youtube_pipeline.py took 0.091 seconds
[2026-07-25T09:52:23.551+0000] {processor.py:161} INFO - Started process (PID=271) to work on /opt/airflow/dags/youtube_pipeline.py
[2026-07-25T09:52:23.552+0000] {processor.py:830} INFO - Processing file /opt/airflow/dags/youtube_pipeline.py for tasks to queue
[2026-07-25T09:52:23.554+0000] {logging_mixin.py:188} INFO - [2026-07-25T09:52:23.553+0000] {dagbag.py:545} INFO - Filling up the DagBag from /opt/airflow/dags/youtube_pipeline.py
[2026-07-25T09:52:23.575+0000] {processor.py:840} INFO - DAG(s) 'youtube_english_video_pipeline' retrieved from /opt/airflow/dags/youtube_pipeline.py
[2026-07-25T09:52:23.609+0000] {logging_mixin.py:188} INFO - [2026-07-25T09:52:23.609+0000] {dag.py:3089} INFO - Sync 1 DAGs
[2026-07-25T09:52:23.639+0000] {processor.py:183} INFO - Processing /opt/airflow/dags/youtube_pipeline.py took 0.093 seconds
[2026-07-25T09:52:53.816+0000] {processor.py:161} INFO - Started process (PID=276) to work on /opt/airflow/dags/youtube_pipeline.py
[2026-07-25T09:52:53.818+0000] {processor.py:830} INFO - Processing file /opt/airflow/dags/youtube_pipeline.py for tasks to queue
[2026-07-25T09:52:53.819+0000] {logging_mixin.py:188} INFO - [2026-07-25T09:52:53.819+0000] {dagbag.py:545} INFO - Filling up the DagBag from /opt/airflow/dags/youtube_pipeline.py
[2026-07-25T09:52:53.838+0000] {processor.py:840} INFO - DAG(s) 'youtube_english_video_pipeline' retrieved from /opt/airflow/dags/youtube_pipeline.py
[2026-07-25T09:52:53.866+0000] {logging_mixin.py:188} INFO - [2026-07-25T09:52:53.866+0000] {dag.py:3089} INFO - Sync 1 DAGs
[2026-07-25T09:52:53.903+0000] {processor.py:183} INFO - Processing /opt/airflow/dags/youtube_pipeline.py took 0.092 seconds
[2026-07-25T09:53:24.134+0000] {processor.py:161} INFO - Started process (PID=281) to work on /opt/airflow/dags/youtube_pipeline.py
[2026-07-25T09:53:24.135+0000] {processor.py:830} INFO - Processing file /opt/airflow/dags/youtube_pipeline.py for tasks to queue
[2026-07-25T09:53:24.136+0000] {logging_mixin.py:188} INFO - [2026-07-25T09:53:24.136+0000] {dagbag.py:545} INFO - Filling up the DagBag from /opt/airflow/dags/youtube_pipeline.py
[2026-07-25T09:53:24.156+0000] {processor.py:840} INFO - DAG(s) 'youtube_english_video_pipeline' retrieved from /opt/airflow/dags/youtube_pipeline.py
[2026-07-25T09:53:24.188+0000] {logging_mixin.py:188} INFO - [2026-07-25T09:53:24.187+0000] {dag.py:3089} INFO - Sync 1 DAGs
[2026-07-25T09:53:24.214+0000] {processor.py:183} INFO - Processing /opt/airflow/dags/youtube_pipeline.py took 0.086 seconds
[2026-07-25T09:53:54.393+0000] {processor.py:161} INFO - Started process (PID=286) to work on /opt/airflow/dags/youtube_pipeline.py
[2026-07-25T09:53:54.394+0000] {processor.py:830} INFO - Processing file /opt/airflow/dags/youtube_pipeline.py for tasks to queue
[2026-07-25T09:53:54.395+0000] {logging_mixin.py:188} INFO - [2026-07-25T09:53:54.395+0000] {dagbag.py:545} INFO - Filling up the DagBag from /opt/airflow/dags/youtube_pipeline.py
[2026-07-25T09:53:54.416+0000] {processor.py:840} INFO - DAG(s) 'youtube_english_video_pipeline' retrieved from /opt/airflow/dags/youtube_pipeline.py
[2026-07-25T09:53:54.449+0000] {logging_mixin.py:188} INFO - [2026-07-25T09:53:54.449+0000] {dag.py:3089} INFO - Sync 1 DAGs
[2026-07-25T09:53:54.476+0000] {processor.py:183} INFO - Processing /opt/airflow/dags/youtube_pipeline.py took 0.089 seconds
[2026-07-25T09:54:24.883+0000] {processor.py:161} INFO - Started process (PID=291) to work on /opt/airflow/dags/youtube_pipeline.py
[2026-07-25T09:54:24.886+0000] {processor.py:830} INFO - Processing file /opt/airflow/dags/youtube_pipeline.py for tasks to queue
[2026-07-25T09:54:24.890+0000] {logging_mixin.py:188} INFO - [2026-07-25T09:54:24.889+0000] {dagbag.py:545} INFO - Filling up the DagBag from /opt/airflow/dags/youtube_pipeline.py
[2026-07-25T09:54:24.978+0000] {processor.py:840} INFO - DAG(s) 'youtube_english_video_pipeline' retrieved from /opt/airflow/dags/youtube_pipeline.py
[2026-07-25T09:54:25.019+0000] {logging_mixin.py:188} INFO - [2026-07-25T09:54:25.019+0000] {dag.py:3089} INFO - Sync 1 DAGs
[2026-07-25T09:54:25.059+0000] {processor.py:183} INFO - Processing /opt/airflow/dags/youtube_pipeline.py took 0.191 seconds
[2026-07-25T09:54:55.331+0000] {processor.py:161} INFO - Started process (PID=296) to work on /opt/airflow/dags/youtube_pipeline.py
[2026-07-25T09:54:55.333+0000] {processor.py:830} INFO - Processing file /opt/airflow/dags/youtube_pipeline.py for tasks to queue
[2026-07-25T09:54:55.335+0000] {logging_mixin.py:188} INFO - [2026-07-25T09:54:55.334+0000] {dagbag.py:545} INFO - Filling up the DagBag from /opt/airflow/dags/youtube_pipeline.py
[2026-07-25T09:54:55.398+0000] {processor.py:840} INFO - DAG(s) 'youtube_english_video_pipeline' retrieved from /opt/airflow/dags/youtube_pipeline.py
[2026-07-25T09:54:55.436+0000] {logging_mixin.py:188} INFO - [2026-07-25T09:54:55.436+0000] {dag.py:3089} INFO - Sync 1 DAGs
[2026-07-25T09:54:55.469+0000] {processor.py:183} INFO - Processing /opt/airflow/dags/youtube_pipeline.py took 0.149 seconds
[2026-07-25T09:55:25.610+0000] {processor.py:161} INFO - Started process (PID=335) to work on /opt/airflow/dags/youtube_pipeline.py
[2026-07-25T09:55:25.611+0000] {processor.py:830} INFO - Processing file /opt/airflow/dags/youtube_pipeline.py for tasks to queue
[2026-07-25T09:55:25.614+0000] {logging_mixin.py:188} INFO - [2026-07-25T09:55:25.612+0000] {dagbag.py:545} INFO - Filling up the DagBag from /opt/airflow/dags/youtube_pipeline.py
[2026-07-25T09:55:25.635+0000] {processor.py:840} INFO - DAG(s) 'youtube_english_video_pipeline' retrieved from /opt/airflow/dags/youtube_pipeline.py
[2026-07-25T09:55:25.670+0000] {logging_mixin.py:188} INFO - [2026-07-25T09:55:25.670+0000] {dag.py:3089} INFO - Sync 1 DAGs
[2026-07-25T09:55:25.701+0000] {processor.py:183} INFO - Processing /opt/airflow/dags/youtube_pipeline.py took 0.098 seconds
